account_id,account_number,ifsc,bank,branch_city,branch_state,holder_person_id,holder_org_id,holder_name,account_type,opened_date,status,is_mule_account,kyc_risk_rating
AC000001,950868744123,IFBX0599896,IDFC First Bank,New Delhi,Delhi,P000001,,Anwar Ahmed,CURRENT,2021-04-08,DORMANT,1,LOW
AC000002,60062551517975,BBXX0193784,Bandhan Bank,New Delhi,Delhi,P000001,,Anwar Ahmed,SAVINGS,2026-06-16,ACTIVE,1,HIGH
AC000003,58019762134616,ABXX0461526,Axis Bank,New Delhi,Delhi,P000001,,Anwar Ahmed,CURRENT,2023-04-06,ACTIVE,1,MEDIUM
AC000004,9902131166946021,UBOI0246764,Union Bank of India,New Delhi,Delhi,P000002,,Shabana Baig,SAVINGS,2020-09-22,ACTIVE,0,MEDIUM
AC000005,620749884959,IFBX0126092,IDFC First Bank,New Delhi,Delhi,P000002,,Shabana Baig,SAVINGS,2025-10-07,ACTIVE,0,MEDIUM
AC000006,2762236831275341,CBXX0839955,Canara Bank,Rajkot,Gujarat,P000003,,Dattatray Waghmare,CURRENT,2017-01-22,ACTIVE,0,MEDIUM
AC000007,77106294502,PNBX0694473,Punjab National Bank,Rajkot,Gujarat,P000003,,Dattatray Waghmare,CURRENT,2016-09-06,ACTIVE,1,LOW
AC000008,32318667906,PPBX0674772,Paytm Payments Bank,Rajkot,Gujarat,P000003,,Dattatray Waghmare,CURRENT,2019-05-25,ACTIVE,1,LOW
AC000009,1395945921185723,CBOI0501947,Central Bank of India,New Delhi,Delhi,P000004,,Nilesh Vaghela,SAVINGS,2022-10-26,ACTIVE,0,LOW
AC000010,5499779178220081,BBXX0001428,Bandhan Bank,New Delhi,Delhi,P000004,,Nilesh Vaghela,CURRENT,2017-06-26,ACTIVE,0,MEDIUM
AC000011,695255876735,PNBX0078107,Punjab National Bank,Mangaluru,Karnataka,P000005,,Aslam Ahmed,SAVINGS,2017-12-18,ACTIVE,0,MEDIUM
AC000012,71299699154,BOIX0827002,Bank of India,Mangaluru,Karnataka,P000006,,Zubair Sheikh,SAVINGS,2014-06-12,ACTIVE,1,MEDIUM
AC000013,746021368841,HBXX0577129,HDFC Bank,Mangaluru,Karnataka,P000006,,Zubair Sheikh,WALLET,2017-10-30,ACTIVE,1,LOW
AC000014,58010886797,SBOI0447619,State Bank of India,Bengaluru,Karnataka,P000007,,Bhaskar Kamble,SAVINGS,2020-08-30,ACTIVE,0,MEDIUM
AC000015,93442462712,IBXX0393306,IndusInd Bank,Mumbai,Maharashtra,P000008,,Tanveer Idrisi,SAVINGS,2013-10-19,ACTIVE,0,HIGH
AC000016,56838702785,KVBX0379821,Karur Vysya Bank,New Delhi,Delhi,P000009,,Sandip Rane,SAVINGS,2017-02-23,CLOSED,1,MEDIUM
AC000017,063908583068,IBXX0483681,IndusInd Bank,New Delhi,Delhi,P000009,,Sandip Rane,SAVINGS,2014-12-19,ACTIVE,1,MEDIUM
AC000018,647224558170,UBOI0833514,Union Bank of India,Mumbai,Maharashtra,P000010,,Amol Rane,OVERDRAFT,2021-11-26,ACTIVE,0,LOW
AC000019,900045398048,PPBX0867251,Paytm Payments Bank,Mumbai,Maharashtra,P000010,,Amol Rane,SAVINGS,2022-03-14,ACTIVE,0,LOW
AC000020,6746958819468774,IBXX0929449,ICICI Bank,New Delhi,Delhi,P000011,,Hitesh Zala,SAVINGS,2022-04-04,FROZEN,0,LOW
AC000021,506210840157,IBXX0997062,ICICI Bank,Mumbai,Maharashtra,P000012,,Vishal Shinde,CURRENT,2022-08-19,DORMANT,0,LOW
AC000022,686650836816,ASFB0821407,AU Small Finance Bank,Mumbai,Maharashtra,P000012,,Vishal Shinde,WALLET,2023-10-14,ACTIVE,0,LOW
AC000023,71719945740,IBXX0519950,ICICI Bank,Ahmedabad,Gujarat,P000013,,Mushtaq Baig,SAVINGS,2017-05-04,ACTIVE,0,MEDIUM
AC000024,3526359517635241,SBOI0302286,State Bank of India,Ahmedabad,Gujarat,P000013,,Mushtaq Baig,SAVINGS,2020-07-14,ACTIVE,0,LOW
AC000025,316495060541,IBXX0137134,IndusInd Bank,Pune,Maharashtra,P000014,,Jayesh Barot,CURRENT,2022-08-07,FROZEN,0,MEDIUM
AC000026,1627141342773235,CBXX0737421,Canara Bank,New Delhi,Delhi,P000015,,Swapnil Bhoir,CURRENT,2024-09-18,ACTIVE,0,LOW
AC000027,9374158719942505,APBX0925309,Airtel Payments Bank,New Delhi,Delhi,P000015,,Swapnil Bhoir,SAVINGS,2018-09-27,ACTIVE,0,MEDIUM
AC000028,39137085878379,YBXX0213168,Yes Bank,Mangaluru,Karnataka,P000016,,Hardik Barot,SAVINGS,2023-09-19,ACTIVE,0,LOW
AC000029,51931784498,SBOI0838037,State Bank of India,Mangaluru,Karnataka,P000016,,Hardik Barot,CURRENT,2026-06-10,CLOSED,0,LOW
AC000030,072162474246,SBOI0847325,State Bank of India,Ballari,Karnataka,P000017,,Swapnil Tandel,OVERDRAFT,2019-07-04,DORMANT,0,LOW
AC000031,560489924662,IBXX0576013,IndusInd Bank,Nagpur,Maharashtra,P000018,,Salim Saifi,SAVINGS,2025-01-30,ACTIVE,0,MEDIUM
AC000032,34251918716289,ASFB0747676,AU Small Finance Bank,Ahmedabad,Gujarat,P000019,,Bhaskar Bhosale,SAVINGS,2023-08-13,DORMANT,1,MEDIUM
AC000033,26425993176970,APBX0856759,Airtel Payments Bank,Ahmedabad,Gujarat,P000019,,Bhaskar Bhosale,SAVINGS,2014-11-26,ACTIVE,1,HIGH
AC000034,63695072592,IBXX0501691,IndusInd Bank,New Delhi,Delhi,P000020,,Nitin Bhoir,SAVINGS,2025-09-23,ACTIVE,0,MEDIUM
AC000035,4786910407629696,KVBX0524157,Karur Vysya Bank,Bengaluru,Karnataka,P000021,,Kishor Makwana,SAVINGS,2016-10-15,ACTIVE,0,LOW
AC000036,0276934779660548,HBXX0562575,HDFC Bank,Bengaluru,Karnataka,P000022,,Nasreen Sheikh,SAVINGS,2025-11-27,ACTIVE,0,LOW
AC000037,86175418277114,BBXX0881605,Bandhan Bank,Bengaluru,Karnataka,P000022,,Nasreen Sheikh,WALLET,2018-12-04,ACTIVE,0,LOW
AC000038,9880122562083610,IBXX0880257,IndusInd Bank,Porbandar,Gujarat,P000023,,Hardik Barot,CURRENT,2023-07-05,ACTIVE,0,LOW
AC000039,553205285155,ABXX0013524,Axis Bank,New Delhi,Delhi,P000024,,Bharat Gohil,SAVINGS,2024-04-26,ACTIVE,1,LOW
AC000040,05139184180514,CBOI0120074,Central Bank of India,New Delhi,Delhi,P000024,,Bharat Gohil,CURRENT,2023-09-14,ACTIVE,0,LOW
AC000041,327692689947,IFBX0387930,IDFC First Bank,New Delhi,Delhi,P000024,,Bharat Gohil,SAVINGS,2014-08-04,ACTIVE,1,LOW
AC000042,6881279042528465,FBXX0806817,Federal Bank,Ballari,Karnataka,P000025,,Ganesh Chavan,SAVINGS,2025-04-14,ACTIVE,1,LOW
AC000043,0415578137314217,YBXX0562479,Yes Bank,Thane,Maharashtra,P000026,,Hitesh Trivedi,SAVINGS,2018-06-25,CLOSED,1,LOW
AC000044,059766208407,CBXX0846401,Canara Bank,Thane,Maharashtra,P000026,,Hitesh Trivedi,SAVINGS,2015-07-27,ACTIVE,1,LOW
AC000045,8565255424586672,BBXX0929907,Bandhan Bank,Thane,Maharashtra,P000026,,Hitesh Trivedi,SAVINGS,2016-03-09,CLOSED,1,LOW
AC000046,30017846274205,ASFB0225898,AU Small Finance Bank,Kutch,Gujarat,P000027,,Vishal Gaikwad,WALLET,2020-04-26,ACTIVE,0,HIGH
AC000047,97024891055799,IBXX0915843,ICICI Bank,New Delhi,Delhi,P000028,,Alpesh Thakor,SAVINGS,2022-07-29,CLOSED,0,HIGH
AC000048,434407080631,IFBX0395943,IDFC First Bank,New Delhi,Delhi,P000028,,Alpesh Thakor,SAVINGS,2015-09-12,ACTIVE,0,MEDIUM
AC000049,73128211126,PPBX0421815,Paytm Payments Bank,New Delhi,Delhi,P000028,,Alpesh Thakor,SAVINGS,2019-02-12,FROZEN,0,HIGH
AC000050,7070507095062632,CBOI0762432,Central Bank of India,New Delhi,Delhi,P000028,,Alpesh Thakor,SAVINGS,2026-03-01,ACTIVE,0,LOW
AC000051,0789379877523999,BOIX0636918,Bank of India,New Delhi,Delhi,P000028,,Alpesh Thakor,SAVINGS,2024-11-08,ACTIVE,0,LOW
AC000052,57368507051,IBXX0825110,ICICI Bank,Ahmedabad,Gujarat,P000029,,Ashwin Zala,WALLET,2024-02-18,ACTIVE,0,MEDIUM
AC000053,91445661966760,KVBX0150434,Karur Vysya Bank,Ahmedabad,Gujarat,P000029,,Ashwin Zala,WALLET,2016-01-01,FROZEN,0,LOW
AC000054,76475665732977,ABXX0410506,Axis Bank,Ahmedabad,Gujarat,P000029,,Ashwin Zala,SAVINGS,2021-11-13,ACTIVE,0,MEDIUM
AC000055,62147061653730,IBXX0534289,ICICI Bank,Ahmedabad,Gujarat,P000029,,Ashwin Zala,SAVINGS,2018-06-26,ACTIVE,0,MEDIUM
AC000056,096150710661,PPBX0690367,Paytm Payments Bank,Ahmedabad,Gujarat,P000029,,Ashwin Zala,SAVINGS,2022-06-12,ACTIVE,0,LOW
AC000057,2942067080585824,BBXX0049779,Bandhan Bank,New Delhi,Delhi,P000030,,Rahul Jadhav,WALLET,2015-03-24,ACTIVE,0,LOW
AC000058,55822623167,CBXX0501153,Canara Bank,Ballari,Karnataka,P000031,,Vipul Desai,CURRENT,2021-08-10,ACTIVE,0,LOW
AC000059,785710363056,CBOI0956250,Central Bank of India,Surat,Gujarat,P000032,,Rasik Joshi,CURRENT,2021-07-18,ACTIVE,0,LOW
AC000060,88860811071,IBXX0492360,ICICI Bank,Surat,Gujarat,P000032,,Rasik Joshi,SAVINGS,2017-11-17,CLOSED,0,MEDIUM
AC000061,16527261891095,YBXX0310017,Yes Bank,Bengaluru,Karnataka,P000033,,Arif Chaudhary,SAVINGS,2016-10-24,FROZEN,1,MEDIUM
AC000062,380137020981,BOBX0940146,Bank of Baroda,Bengaluru,Karnataka,P000033,,Arif Chaudhary,SAVINGS,2018-02-17,ACTIVE,1,MEDIUM
AC000063,2045098063533350,BBXX0162625,Bandhan Bank,Bengaluru,Karnataka,P000033,,Arif Chaudhary,WALLET,2013-11-16,ACTIVE,1,HIGH
AC000064,1036534764144271,SBOI0974531,State Bank of India,Thane,Maharashtra,P000034,,Mohammed Idrisi,OVERDRAFT,2016-04-05,ACTIVE,0,LOW
AC000065,3083038840167769,YBXX0219105,Yes Bank,Surat,Gujarat,P000035,,Sachin Bhosale,SAVINGS,2017-06-10,ACTIVE,0,LOW
AC000066,4454069143876738,KVBX0431556,Karur Vysya Bank,Surat,Gujarat,P000035,,Sachin Bhosale,SAVINGS,2013-11-09,ACTIVE,0,MEDIUM
AC000067,38301485781656,UBOI0088041,Union Bank of India,Bengaluru,Karnataka,P000036,,Shahnaz Alam,SAVINGS,2023-09-10,ACTIVE,1,MEDIUM
AC000068,882617346087,IBXX0363149,ICICI Bank,Bengaluru,Karnataka,P000036,,Shahnaz Alam,SAVINGS,2019-05-20,ACTIVE,1,LOW
AC000069,793985930822,ABXX0781469,Axis Bank,New Delhi,Delhi,P000037,,Ganesh Dalvi,SAVINGS,2024-12-25,ACTIVE,0,LOW
AC000070,744892396042,KMBX0445025,Kotak Mahindra Bank,New Delhi,Delhi,P000038,,Tushar Zala,CURRENT,2020-09-05,ACTIVE,1,MEDIUM
AC000071,98816103763294,IBXX0038043,ICICI Bank,New Delhi,Delhi,P000038,,Tushar Zala,SAVINGS,2015-10-11,ACTIVE,1,LOW
AC000072,51086199707839,APBX0313294,Airtel Payments Bank,New Delhi,Delhi,P000038,,Tushar Zala,SAVINGS,2025-05-20,ACTIVE,1,MEDIUM
AC000073,224967371967,APBX0557912,Airtel Payments Bank,Rajkot,Gujarat,P000039,,Sagar Rane,SAVINGS,2021-03-05,ACTIVE,1,LOW
AC000074,43882697694136,SBOI0674886,State Bank of India,Rajkot,Gujarat,P000039,,Sagar Rane,CURRENT,2016-09-25,ACTIVE,1,MEDIUM
AC000075,08587770750,UBOI0139939,Union Bank of India,Mumbai,Maharashtra,P000040,,Shahnawaz Pathan,CURRENT,2020-02-13,CLOSED,0,LOW
AC000076,63177186266786,KVBX0163386,Karur Vysya Bank,Mumbai,Maharashtra,P000040,,Shahnawaz Pathan,SAVINGS,2023-10-18,ACTIVE,0,LOW
AC000077,2498640946654977,CBXX0053644,Canara Bank,Mumbai,Maharashtra,P000040,,Shahnawaz Pathan,WALLET,2016-04-07,FROZEN,0,MEDIUM
AC000078,57584276861,IBXX0277933,ICICI Bank,Ballari,Karnataka,P000041,,Pandurang Bhoir,SAVINGS,2019-10-24,FROZEN,0,LOW
AC000079,85058240554,PNBX0651206,Punjab National Bank,New Delhi,Delhi,P000042,,Trupti Rabari,SAVINGS,2023-06-18,ACTIVE,0,MEDIUM
AC000080,271887587509,PPBX0802075,Paytm Payments Bank,Mumbai,Maharashtra,P000043,,Bharat Dave,OVERDRAFT,2023-07-25,ACTIVE,0,LOW
AC000081,5547539641638251,SBOI0172303,State Bank of India,Vadodara,Gujarat,P000044,,Hitesh Solanki,CURRENT,2013-08-07,ACTIVE,0,LOW
AC000082,14095071519,UBOI0963230,Union Bank of India,Vadodara,Gujarat,P000045,,Dharmesh Zala,CURRENT,2023-11-06,ACTIVE,0,LOW
AC000083,59533841629,YBXX0062881,Yes Bank,Vadodara,Gujarat,P000045,,Dharmesh Zala,SAVINGS,2026-04-30,ACTIVE,0,LOW
AC000084,76546141191,CBXX0014739,Canara Bank,Surat,Gujarat,P000046,,Sandip Kamble,CURRENT,2021-04-01,ACTIVE,0,LOW
AC000085,584480127712,ABXX0771568,Axis Bank,Surat,Gujarat,P000046,,Sandip Kamble,WALLET,2026-01-05,ACTIVE,0,HIGH
AC000086,72834638916190,UBOI0558753,Union Bank of India,Mumbai,Maharashtra,P000047,,Swapnil Pawar,SAVINGS,2018-06-14,ACTIVE,1,MEDIUM
AC000087,94167952027,BOBX0989145,Bank of Baroda,Mumbai,Maharashtra,P000047,,Swapnil Pawar,CURRENT,2019-03-04,DORMANT,1,LOW
AC000088,845848749400,BOBX0926288,Bank of Baroda,Mumbai,Maharashtra,P000047,,Swapnil Pawar,WALLET,2025-09-08,ACTIVE,1,MEDIUM
AC000089,30002554645,BBXX0334798,Bandhan Bank,New Delhi,Delhi,P000048,,Tanaji Tandel,SAVINGS,2020-01-09,ACTIVE,0,MEDIUM
AC000090,41450563370,CBOI0695118,Central Bank of India,New Delhi,Delhi,P000048,,Tanaji Tandel,SAVINGS,2019-06-29,ACTIVE,0,LOW
AC000091,12345923258024,HBXX0557116,HDFC Bank,New Delhi,Delhi,P000049,,Bhavesh Thakor,WALLET,2024-09-27,FROZEN,1,LOW
AC000092,05665589906586,SBOI0972232,State Bank of India,Bengaluru,Karnataka,P000050,,Pandurang Deshmukh,SAVINGS,2015-05-17,ACTIVE,0,LOW
AC000093,459897773824,CBXX0382146,Canara Bank,New Delhi,Delhi,P000051,,Bhaskar Gaikwad,SAVINGS,2022-09-14,ACTIVE,0,LOW
AC000094,38522359062,ABXX0709401,Axis Bank,New Delhi,Delhi,P000051,,Bhaskar Gaikwad,WALLET,2024-12-17,ACTIVE,0,LOW
AC000095,456708939350,YBXX0462933,Yes Bank,New Delhi,Delhi,P000051,,Bhaskar Gaikwad,CURRENT,2016-09-02,ACTIVE,0,LOW
AC000096,387895919053,CBXX0094587,Canara Bank,New Delhi,Delhi,P000051,,Bhaskar Gaikwad,SAVINGS,2020-09-28,ACTIVE,0,MEDIUM
AC000097,230070861869,ABXX0484674,Axis Bank,New Delhi,Delhi,P000051,,Bhaskar Gaikwad,SAVINGS,2020-10-26,ACTIVE,0,LOW
AC000098,44910072314,IBXX0920499,IndusInd Bank,New Delhi,Delhi,P000052,,Vishal Jadhav,SAVINGS,2026-03-23,ACTIVE,0,LOW
AC000099,07043105503,PNBX0158878,Punjab National Bank,New Delhi,Delhi,P000052,,Vishal Jadhav,SAVINGS,2019-01-06,ACTIVE,0,LOW
AC000100,41483515609,FBXX0514277,Federal Bank,New Delhi,Delhi,P000052,,Vishal Jadhav,SAVINGS,2023-01-19,ACTIVE,0,LOW
AC000101,51116271435,UBOI0934106,Union Bank of India,New Delhi,Delhi,P000052,,Vishal Jadhav,SAVINGS,2025-03-07,DORMANT,0,HIGH
AC000102,0863339950666760,BOIX0550800,Bank of India,Porbandar,Gujarat,P000053,,Mangesh Shinde,SAVINGS,2021-11-04,DORMANT,0,MEDIUM
AC000103,9250980556441994,PNBX0124361,Punjab National Bank,Porbandar,Gujarat,P000053,,Mangesh Shinde,SAVINGS,2025-05-16,ACTIVE,0,MEDIUM
AC000104,674867567535,PNBX0153474,Punjab National Bank,Mumbai,Maharashtra,P000054,,Dharmesh Shah,SAVINGS,2017-07-05,DORMANT,0,LOW
AC000105,1512167608960106,YBXX0658978,Yes Bank,Rajkot,Gujarat,P000055,,Ibrahim Mirza,CURRENT,2016-08-05,ACTIVE,0,LOW
AC000106,938540445039,IFBX0863834,IDFC First Bank,Rajkot,Gujarat,P000055,,Ibrahim Mirza,SAVINGS,2022-07-12,DORMANT,0,LOW
AC000107,436485178275,BOBX0773061,Bank of Baroda,Nagpur,Maharashtra,P000056,,Swapnil Salunkhe,SAVINGS,2019-03-31,DORMANT,0,LOW
AC000108,4000925683596278,BOIX0387776,Bank of India,Nagpur,Maharashtra,P000056,,Swapnil Salunkhe,SAVINGS,2018-10-16,ACTIVE,0,LOW
AC000109,37402826565,BOIX0293675,Bank of India,Nagpur,Maharashtra,P000056,,Swapnil Salunkhe,SAVINGS,2015-10-18,ACTIVE,0,MEDIUM
AC000110,98939759553642,YBXX0209470,Yes Bank,Nagpur,Maharashtra,P000056,,Swapnil Salunkhe,SAVINGS,2018-11-14,DORMANT,0,LOW
AC000111,901876927043,BBXX0885287,Bandhan Bank,Nagpur,Maharashtra,P000056,,Swapnil Salunkhe,SAVINGS,2021-02-07,DORMANT,0,MEDIUM
AC000112,17190706776931,ABXX0316453,Axis Bank,Ballari,Karnataka,P000057,,Sagar Bhoir,SAVINGS,2014-07-23,ACTIVE,0,HIGH
AC000113,68013143360574,SBOI0321115,State Bank of India,Mangaluru,Karnataka,P000058,,Alpesh Shah,SAVINGS,2020-05-26,ACTIVE,0,MEDIUM
AC000114,69324057411,IOBX0935391,Indian Overseas Bank,Kalaburagi,Karnataka,P000059,,Bharat Bhatt,CURRENT,2020-06-26,ACTIVE,0,MEDIUM
AC000115,7709521858680439,ASFB0429008,AU Small Finance Bank,Kalaburagi,Karnataka,P000059,,Bharat Bhatt,CURRENT,2014-09-21,ACTIVE,1,HIGH
AC000116,29870109321,FBXX0529417,Federal Bank,Porbandar,Gujarat,P000060,,Rasik Vaghela,CURRENT,2014-10-30,ACTIVE,0,LOW
AC000117,53890595094,SBOI0281683,State Bank of India,Ahmedabad,Gujarat,P000061,,Amol Tandel,SAVINGS,2023-12-27,ACTIVE,0,LOW
AC000118,2741059157981555,ABXX0184955,Axis Bank,Ahmedabad,Gujarat,P000061,,Amol Tandel,SAVINGS,2014-12-30,ACTIVE,0,LOW
AC000119,66974469707,UBOI0119895,Union Bank of India,Bengaluru,Karnataka,P000062,,Dattatray Tandel,OVERDRAFT,2017-10-31,FROZEN,0,LOW
AC000120,77496784527331,BOIX0881567,Bank of India,Porbandar,Gujarat,P000063,,Dattatray Tandel,SAVINGS,2022-12-14,ACTIVE,0,MEDIUM
AC000121,58844523649,BBXX0411002,Bandhan Bank,Mumbai,Maharashtra,P000064,,Rafiq Ahmed,SAVINGS,2025-10-26,ACTIVE,0,LOW
AC000122,56048511990656,UBOI0322679,Union Bank of India,New Delhi,Delhi,P000065,,Shahnawaz Mansuri,SAVINGS,2023-03-11,ACTIVE,1,MEDIUM
AC000123,94267327222155,YBXX0325016,Yes Bank,Bengaluru,Karnataka,P000066,,Ashfaq Mansuri,SAVINGS,2015-12-03,ACTIVE,0,MEDIUM
AC000124,35135634317191,UBOI0633547,Union Bank of India,Mumbai,Maharashtra,P000067,,Pandurang Mhatre,CURRENT,2016-11-05,ACTIVE,1,HIGH
AC000125,9729672041862931,IBXX0916787,IndusInd Bank,Vadodara,Gujarat,P000068,,Reshma Saifi,SAVINGS,2013-01-30,ACTIVE,0,MEDIUM
AC000126,92553175504,KMBX0616143,Kotak Mahindra Bank,Vadodara,Gujarat,P000068,,Reshma Saifi,SAVINGS,2024-02-04,ACTIVE,0,HIGH
AC000127,855417939431,APBX0491421,Airtel Payments Bank,Mumbai,Maharashtra,P000069,,Sarfaraz Qureshi,SAVINGS,2025-12-10,ACTIVE,0,HIGH
AC000128,56844263333884,IFBX0651903,IDFC First Bank,Vadodara,Gujarat,P000070,,Ashwin Trivedi,CURRENT,2023-11-03,ACTIVE,0,MEDIUM
AC000129,2402384920317591,ABXX0450909,Axis Bank,Mumbai,Maharashtra,P000071,,Chirag Desai,CURRENT,2024-10-23,ACTIVE,1,MEDIUM
AC000130,953910673338,IFBX0276534,IDFC First Bank,Mumbai,Maharashtra,P000071,,Chirag Desai,SAVINGS,2023-10-28,ACTIVE,0,LOW
AC000131,29729575512,UBOI0637007,Union Bank of India,New Delhi,Delhi,P000072,,Jayesh Desai,CURRENT,2023-12-28,ACTIVE,1,HIGH
AC000132,6063828504162750,IOBX0209225,Indian Overseas Bank,Mumbai,Maharashtra,P000073,,Iqbal Mansuri,SAVINGS,2014-02-16,ACTIVE,0,MEDIUM
AC000133,46276351487497,UBOI0151295,Union Bank of India,Mumbai,Maharashtra,P000073,,Iqbal Mansuri,SAVINGS,2025-08-28,FROZEN,0,MEDIUM
AC000134,445942104208,IFBX0418286,IDFC First Bank,Mangaluru,Karnataka,P000074,,Ashwin Parmar,SAVINGS,2024-01-30,ACTIVE,0,HIGH
AC000135,05415190937577,IOBX0079606,Indian Overseas Bank,Mangaluru,Karnataka,P000074,,Ashwin Parmar,SAVINGS,2023-01-03,ACTIVE,0,MEDIUM
AC000136,42599002842,ASFB0241701,AU Small Finance Bank,Vadodara,Gujarat,P000075,,Nisha Zala,SAVINGS,2020-12-29,FROZEN,0,MEDIUM
AC000137,918489945494,ASFB0972547,AU Small Finance Bank,Mangaluru,Karnataka,P000076,,Divyesh Shah,CURRENT,2020-05-22,ACTIVE,0,MEDIUM
AC000138,21756394904651,IBXX0444465,IndusInd Bank,Mangaluru,Karnataka,P000076,,Divyesh Shah,SAVINGS,2024-01-19,ACTIVE,0,MEDIUM
AC000139,78342064339,APBX0553433,Airtel Payments Bank,Bengaluru,Karnataka,P000077,,Dharmesh Thakor,SAVINGS,2019-02-19,ACTIVE,0,MEDIUM
AC000140,40932424300,APBX0917316,Airtel Payments Bank,Bengaluru,Karnataka,P000077,,Dharmesh Thakor,SAVINGS,2023-01-18,ACTIVE,0,MEDIUM
AC000141,466762267617,IBXX0479045,IndusInd Bank,Kalaburagi,Karnataka,P000078,,Prashant Deshmukh,WALLET,2016-08-17,ACTIVE,0,LOW
AC000142,5705320936130144,BBXX0641972,Bandhan Bank,Mumbai,Maharashtra,P000079,,Rasik Trivedi,CURRENT,2017-05-06,FROZEN,0,MEDIUM
AC000143,5806932894011713,BOBX0037097,Bank of Baroda,Mumbai,Maharashtra,P000079,,Rasik Trivedi,SAVINGS,2014-05-11,ACTIVE,0,HIGH
AC000144,69349106769,PNBX0871014,Punjab National Bank,Rajkot,Gujarat,P000080,,Kalpesh Zala,SAVINGS,2015-10-22,ACTIVE,0,MEDIUM
AC000145,251964295861,FBXX0672117,Federal Bank,Rajkot,Gujarat,P000080,,Kalpesh Zala,SAVINGS,2018-03-21,FROZEN,0,MEDIUM
AC000146,50242182548057,KMBX0595024,Kotak Mahindra Bank,Rajkot,Gujarat,P000080,,Kalpesh Zala,SAVINGS,2019-11-01,ACTIVE,0,MEDIUM
AC000147,317548771320,FBXX0206139,Federal Bank,Rajkot,Gujarat,P000080,,Kalpesh Zala,CURRENT,2017-11-25,ACTIVE,0,LOW
AC000148,4482287807390049,CBOI0630966,Central Bank of India,Rajkot,Gujarat,P000080,,Kalpesh Zala,SAVINGS,2022-05-22,ACTIVE,0,HIGH
AC000149,064614383816,FBXX0742895,Federal Bank,New Delhi,Delhi,P000081,,Sandip Salunkhe,OVERDRAFT,2019-08-14,DORMANT,0,LOW
AC000150,75289724597989,IBXX0822455,IndusInd Bank,New Delhi,Delhi,P000081,,Sandip Salunkhe,CURRENT,2023-09-19,ACTIVE,0,MEDIUM
AC000151,68594416493311,PPBX0156854,Paytm Payments Bank,Bengaluru,Karnataka,P000082,,Swapnil Jadhav,WALLET,2015-12-15,ACTIVE,0,MEDIUM
AC000152,0363235185229165,IBXX0613073,ICICI Bank,Bengaluru,Karnataka,P000082,,Swapnil Jadhav,CURRENT,2015-04-21,ACTIVE,0,LOW
AC000153,44300745777414,PPBX0651831,Paytm Payments Bank,Bengaluru,Karnataka,P000082,,Swapnil Jadhav,SAVINGS,2019-08-07,ACTIVE,0,LOW
AC000154,22624915289328,CBOI0166517,Central Bank of India,Bengaluru,Karnataka,P000083,,Mitesh Joshi,WALLET,2022-09-28,ACTIVE,0,LOW
AC000155,3982125588774050,IOBX0315134,Indian Overseas Bank,Solapur,Maharashtra,P000084,,Rafiq Farooqui,CURRENT,2016-04-07,ACTIVE,0,LOW
AC000156,03265030524,ASFB0114207,AU Small Finance Bank,Mumbai,Maharashtra,P000085,,Ibrahim Ansari,WALLET,2024-11-07,ACTIVE,0,LOW
AC000157,95760396108492,UBOI0970453,Union Bank of India,Mumbai,Maharashtra,P000085,,Ibrahim Ansari,SAVINGS,2017-12-01,ACTIVE,0,LOW
AC000158,8498749320392268,APBX0687037,Airtel Payments Bank,Nashik,Maharashtra,P000086,,Chirag Dave,SAVINGS,2015-01-15,CLOSED,0,MEDIUM
AC000159,383387688386,UBOI0898258,Union Bank of India,Ahmedabad,Gujarat,P000087,,Ibrahim Siddiqui,SAVINGS,2018-02-03,ACTIVE,0,MEDIUM
AC000160,5223507993787352,FBXX0199806,Federal Bank,Ahmedabad,Gujarat,P000087,,Ibrahim Siddiqui,WALLET,2025-02-24,ACTIVE,0,HIGH
AC000161,76976938051,IBXX0453869,ICICI Bank,New Delhi,Delhi,P000088,,Sagar Salunkhe,CURRENT,2023-05-25,ACTIVE,0,LOW
AC000162,604858965498,CBXX0184409,Canara Bank,Bengaluru,Karnataka,P000089,,Tushar Parmar,OVERDRAFT,2015-06-21,ACTIVE,0,HIGH
AC000163,92705487487,FBXX0056623,Federal Bank,Bengaluru,Karnataka,P000089,,Tushar Parmar,SAVINGS,2020-12-29,FROZEN,0,MEDIUM
AC000164,91488151446619,PNBX0954171,Punjab National Bank,New Delhi,Delhi,P000090,,Mangesh Tandel,SAVINGS,2023-11-10,DORMANT,0,LOW
AC000165,6688545536377665,IFBX0995990,IDFC First Bank,New Delhi,Delhi,P000090,,Mangesh Tandel,SAVINGS,2022-05-19,ACTIVE,0,LOW
AC000166,14955838736807,IFBX0296618,IDFC First Bank,Kutch,Gujarat,P000091,,Shahnawaz Hussain,SAVINGS,2015-05-09,ACTIVE,0,HIGH
AC000167,4051431641199136,SBOI0564025,State Bank of India,Mumbai,Maharashtra,P000092,,Ibrahim Qureshi,WALLET,2025-09-02,DORMANT,1,LOW
AC000168,238435799389,PNBX0594589,Punjab National Bank,Mumbai,Maharashtra,P000092,,Ibrahim Qureshi,SAVINGS,2014-01-07,ACTIVE,1,MEDIUM
AC000169,7565512889563836,KMBX0766570,Kotak Mahindra Bank,Mumbai,Maharashtra,P000092,,Ibrahim Qureshi,SAVINGS,2023-12-23,ACTIVE,1,LOW
AC000170,602356409309,IOBX0998689,Indian Overseas Bank,Nuh,Haryana,P000093,,Wasim Baig,WALLET,2023-08-07,ACTIVE,0,LOW
AC000171,5431055771030275,IBXX0960889,IndusInd Bank,Ferozepur,Punjab,P000094,,Malkiat Grewal,CURRENT,2018-10-01,ACTIVE,0,MEDIUM
AC000172,0209790963515911,ABXX0753317,Axis Bank,Srinagar,Jammu and Kashmir,P000095,,Satnam Bains,SAVINGS,2025-02-11,ACTIVE,0,LOW
AC000173,521970640641,KVBX0231540,Karur Vysya Bank,Jalandhar,Punjab,P000096,,Navneet Bajwa,SAVINGS,2023-04-21,ACTIVE,1,LOW
AC000174,63270349141,CBXX0052696,Canara Bank,Jalandhar,Punjab,P000096,,Navneet Bajwa,SAVINGS,2013-04-05,DORMANT,1,HIGH
AC000175,99198720298113,BBXX0008433,Bandhan Bank,New Delhi,Delhi,P000097,,Manpreet Sekhon,SAVINGS,2024-11-29,CLOSED,0,HIGH
AC000176,79633050749,ASFB0504432,AU Small Finance Bank,New Delhi,Delhi,P000097,,Manpreet Sekhon,SAVINGS,2025-05-27,FROZEN,0,MEDIUM
AC000177,844161693624,ASFB0088516,AU Small Finance Bank,New Delhi,Delhi,P000097,,Manpreet Sekhon,SAVINGS,2025-08-06,ACTIVE,0,LOW
AC000178,93834770510,CBOI0473080,Central Bank of India,Nuh,Haryana,P000098,,Haroon Rahman,SAVINGS,2023-05-22,ACTIVE,0,HIGH
AC000179,2848181869692344,PPBX0405572,Paytm Payments Bank,Nuh,Haryana,P000099,,Shakeel Pathan,CURRENT,2013-10-07,ACTIVE,0,MEDIUM
AC000180,13398930904,IBXX0003765,ICICI Bank,Baramulla,Jammu and Kashmir,P000100,,Ranveer Choudhary,SAVINGS,2015-11-07,FROZEN,0,HIGH
AC000181,05650257870909,ASFB0590279,AU Small Finance Bank,Baramulla,Jammu and Kashmir,P000100,,Ranveer Choudhary,SAVINGS,2013-06-06,ACTIVE,0,LOW
AC000182,83864883626,APBX0961636,Airtel Payments Bank,Baramulla,Jammu and Kashmir,P000100,,Ranveer Choudhary,WALLET,2014-08-07,ACTIVE,0,LOW
AC000183,28057955000,BOBX0444156,Bank of Baroda,New Delhi,Delhi,P000101,,Ratan Saini,CURRENT,2014-05-06,FROZEN,0,LOW
AC000184,829879086865,IBXX0146601,IndusInd Bank,Baramulla,Jammu and Kashmir,P000102,,Abdul Shaikh,SAVINGS,2014-09-06,FROZEN,0,MEDIUM
AC000185,88998724446312,IBXX0842092,ICICI Bank,New Delhi,Delhi,P000103,,Hanuman Beniwal,SAVINGS,2022-08-15,ACTIVE,0,MEDIUM
AC000186,431212558898,YBXX0392307,Yes Bank,Faridabad,Haryana,P000104,,Devi Lal Vyas,SAVINGS,2022-06-26,ACTIVE,0,LOW
AC000187,69599019643,PPBX0356239,Paytm Payments Bank,Jaipur,Rajasthan,P000105,,Mohan Sisodia,SAVINGS,2019-12-21,ACTIVE,0,LOW
AC000188,24169456468667,IBXX0646914,ICICI Bank,Jodhpur,Rajasthan,P000106,,Amarjit Sidhu,SAVINGS,2023-06-17,ACTIVE,0,LOW
AC000189,17733701065,BBXX0360549,Bandhan Bank,Tarn Taran,Punjab,P000107,,Mohammed Shaikh,SAVINGS,2019-05-08,ACTIVE,0,MEDIUM
AC000190,921581927724,BOBX0437645,Bank of Baroda,New Delhi,Delhi,P000108,,Ranveer Kumawat,SAVINGS,2015-03-05,ACTIVE,0,HIGH
AC000191,72498596343,IOBX0650941,Indian Overseas Bank,Jodhpur,Rajasthan,P000109,,Firoz Chaudhary,SAVINGS,2021-12-23,ACTIVE,0,MEDIUM
AC000192,34145244864,FBXX0915350,Federal Bank,Srinagar,Jammu and Kashmir,P000110,,Iqbal Pathan,SAVINGS,2023-11-02,ACTIVE,0,LOW
AC000193,63929465132,IFBX0710049,IDFC First Bank,Srinagar,Jammu and Kashmir,P000110,,Iqbal Pathan,CURRENT,2014-10-10,ACTIVE,0,LOW
AC000194,0981920509163392,KMBX0362593,Kotak Mahindra Bank,Srinagar,Jammu and Kashmir,P000110,,Iqbal Pathan,SAVINGS,2018-05-10,ACTIVE,0,LOW
AC000195,40941477168,KVBX0289821,Karur Vysya Bank,Srinagar,Jammu and Kashmir,P000111,,Nirmal Bains,SAVINGS,2016-02-25,ACTIVE,0,LOW
AC000196,970386473223,IOBX0224263,Indian Overseas Bank,Srinagar,Jammu and Kashmir,P000111,,Nirmal Bains,SAVINGS,2016-09-07,DORMANT,1,MEDIUM
AC000197,14528784759044,BBXX0741764,Bandhan Bank,Srinagar,Jammu and Kashmir,P000111,,Nirmal Bains,SAVINGS,2024-07-25,ACTIVE,1,LOW
AC000198,80770037817,UBOI0150685,Union Bank of India,Ferozepur,Punjab,P000112,,Rafiq Ansari,SAVINGS,2017-01-25,ACTIVE,0,MEDIUM
AC000199,5951733666481431,APBX0374001,Airtel Payments Bank,Bikaner,Rajasthan,P000113,,Mushtaq Khan,SAVINGS,2016-05-22,ACTIVE,0,LOW
AC000200,9651059208653749,HBXX0455839,HDFC Bank,Barmer,Rajasthan,P000114,,Gayatri Jat,SAVINGS,2014-05-12,ACTIVE,0,HIGH
AC000201,6004259765712544,IBXX0584795,IndusInd Bank,New Delhi,Delhi,P000115,,Nirmal Singh,SAVINGS,2015-12-01,ACTIVE,0,LOW
AC000202,2655813261354270,SBOI0182332,State Bank of India,Gurugram,Haryana,P000116,,Kishan Godara,CURRENT,2014-12-23,DORMANT,0,LOW
AC000203,536711712034,BBXX0574175,Bandhan Bank,Amritsar,Punjab,P000117,,Nathu Choudhary,SAVINGS,2026-02-15,CLOSED,0,MEDIUM
AC000204,242237166433,ABXX0351999,Axis Bank,Amritsar,Punjab,P000117,,Nathu Choudhary,SAVINGS,2017-09-28,FROZEN,0,HIGH
AC000205,709930676420,BOBX0117310,Bank of Baroda,Amritsar,Punjab,P000117,,Nathu Choudhary,SAVINGS,2014-08-12,ACTIVE,0,LOW
AC000206,20495668651038,KMBX0953722,Kotak Mahindra Bank,Amritsar,Punjab,P000117,,Nathu Choudhary,SAVINGS,2021-11-15,ACTIVE,0,MEDIUM
AC000207,25324488807,ASFB0696577,AU Small Finance Bank,Amritsar,Punjab,P000117,,Nathu Choudhary,CURRENT,2017-03-03,ACTIVE,0,LOW
AC000208,75391919382,BBXX0891835,Bandhan Bank,Jodhpur,Rajasthan,P000118,,Bikramjit Sidhu,SAVINGS,2025-08-13,ACTIVE,0,MEDIUM
AC000209,89893092220,PNBX0241766,Punjab National Bank,New Delhi,Delhi,P000119,,Faizan Alam,OVERDRAFT,2021-02-05,ACTIVE,0,LOW
AC000210,6898010652854430,ASFB0523614,AU Small Finance Bank,Jodhpur,Rajasthan,P000120,,Harbhajan Sekhon,OVERDRAFT,2017-07-17,FROZEN,0,LOW
AC000211,742005029407,UBOI0993977,Union Bank of India,Jodhpur,Rajasthan,P000120,,Harbhajan Sekhon,CURRENT,2023-01-21,ACTIVE,0,LOW
AC000212,11201747481,ASFB0579619,AU Small Finance Bank,New Delhi,Delhi,P000121,,Ashfaq Saifi,OVERDRAFT,2014-08-03,ACTIVE,0,LOW
AC000213,47515379260608,IBXX0238200,IndusInd Bank,New Delhi,Delhi,P000122,,Karni Bishnoi,SAVINGS,2023-05-05,ACTIVE,0,MEDIUM
AC000214,8246553092222128,IOBX0816903,Indian Overseas Bank,New Delhi,Delhi,P000122,,Karni Bishnoi,CURRENT,2013-04-07,ACTIVE,0,MEDIUM
AC000215,4422597303748508,KMBX0374320,Kotak Mahindra Bank,Barmer,Rajasthan,P000123,,Bhoma Poonia,CURRENT,2024-08-23,DORMANT,0,HIGH
AC000216,27561737201701,PNBX0175556,Punjab National Bank,Bikaner,Rajasthan,P000124,,Rafiq Baig,SAVINGS,2025-12-15,DORMANT,1,LOW
AC000217,44998907167788,IFBX0030249,IDFC First Bank,Bikaner,Rajasthan,P000124,,Rafiq Baig,CURRENT,2015-08-01,ACTIVE,1,MEDIUM
AC000218,87155039303,SBOI0803543,State Bank of India,Bikaner,Rajasthan,P000124,,Rafiq Baig,SAVINGS,2013-04-16,DORMANT,1,LOW
AC000219,82637419870,BOIX0322508,Bank of India,Jalandhar,Punjab,P000125,,Sarfaraz Idrisi,SAVINGS,2025-03-12,ACTIVE,0,MEDIUM
AC000220,01075287997225,IFBX0750225,IDFC First Bank,Gurugram,Haryana,P000126,,Haroon Baig,SAVINGS,2026-02-15,DORMANT,0,MEDIUM
AC000221,44955030795825,ABXX0467723,Axis Bank,Gurugram,Haryana,P000126,,Haroon Baig,SAVINGS,2017-03-19,ACTIVE,0,LOW
AC000222,4770608558834856,CBOI0432754,Central Bank of India,New Delhi,Delhi,P000127,,Nadeem Mirza,SAVINGS,2020-04-25,DORMANT,0,MEDIUM
AC000223,34976217410375,CBXX0141648,Canara Bank,Bathinda,Punjab,P000128,,Jasbir Kang,CURRENT,2018-01-24,ACTIVE,0,LOW
AC000224,52102038870713,IFBX0604212,IDFC First Bank,New Delhi,Delhi,P000129,,Kulwant Aulakh,WALLET,2026-04-01,ACTIVE,0,HIGH
AC000225,9752100848654255,PNBX0686222,Punjab National Bank,New Delhi,Delhi,P000129,,Kulwant Aulakh,SAVINGS,2019-06-30,DORMANT,0,MEDIUM
AC000226,05673929369,KMBX0070648,Kotak Mahindra Bank,New Delhi,Delhi,P000129,,Kulwant Aulakh,CURRENT,2019-06-05,ACTIVE,0,LOW
AC000227,17520477004830,CBOI0762732,Central Bank of India,New Delhi,Delhi,P000129,,Kulwant Aulakh,SAVINGS,2017-04-15,ACTIVE,0,LOW
AC000228,49871420357,APBX0779312,Airtel Payments Bank,Nuh,Haryana,P000130,,Sohan Kumawat,SAVINGS,2021-01-15,ACTIVE,0,LOW
AC000229,88696115889,IFBX0017187,IDFC First Bank,Ferozepur,Punjab,P000131,,Imran Siddiqui,CURRENT,2015-03-31,ACTIVE,0,HIGH
AC000230,56242060511,BOBX0697690,Bank of Baroda,Ferozepur,Punjab,P000131,,Imran Siddiqui,SAVINGS,2017-03-31,ACTIVE,1,MEDIUM
AC000231,948072078458,BOBX0458402,Bank of Baroda,Ludhiana,Punjab,P000132,,Jarnail Sidhu,SAVINGS,2019-09-14,ACTIVE,0,LOW
AC000232,13445532967737,ASFB0594283,AU Small Finance Bank,Amritsar,Punjab,P000133,,Gurmeet Bajwa,SAVINGS,2023-10-31,ACTIVE,0,MEDIUM
AC000233,3342809115416824,BBXX0977054,Bandhan Bank,Amritsar,Punjab,P000133,,Gurmeet Bajwa,CURRENT,2015-07-07,ACTIVE,0,HIGH
AC000234,47868732071811,BBXX0694418,Bandhan Bank,New Delhi,Delhi,P000134,,Tanveer Sheikh,WALLET,2024-08-13,ACTIVE,0,MEDIUM
AC000235,31891004924601,UBOI0285499,Union Bank of India,Ludhiana,Punjab,P000135,,Karni Meena,CURRENT,2020-10-28,DORMANT,0,LOW
AC000236,08108667042957,ABXX0903540,Axis Bank,Ludhiana,Punjab,P000135,,Karni Meena,CURRENT,2022-01-19,ACTIVE,0,LOW
AC000237,87009646146994,KMBX0838560,Kotak Mahindra Bank,Bathinda,Punjab,P000136,,Amarjit Grewal,SAVINGS,2024-03-25,FROZEN,0,MEDIUM
AC000238,8953249753930361,IOBX0999326,Indian Overseas Bank,Bathinda,Punjab,P000136,,Amarjit Grewal,CURRENT,2022-05-08,ACTIVE,0,MEDIUM
AC000239,03383367361,IOBX0404761,Indian Overseas Bank,Sonipat,Haryana,P000137,,Paramjit Gill,SAVINGS,2018-02-07,DORMANT,0,HIGH
AC000240,59631062684,IBXX0418776,ICICI Bank,New Delhi,Delhi,P000138,,Rajwinder Sarao,CURRENT,2019-10-27,DORMANT,0,MEDIUM
AC000241,73087887526322,KMBX0844133,Kotak Mahindra Bank,Faridabad,Haryana,P000139,,Chhagan Saini,CURRENT,2015-11-23,ACTIVE,0,MEDIUM
AC000242,08317349963,BOBX0215533,Bank of Baroda,Srinagar,Jammu and Kashmir,P000140,,Bhanwari Jat,CURRENT,2022-07-09,FROZEN,0,HIGH
AC000243,28612240002593,YBXX0758183,Yes Bank,Srinagar,Jammu and Kashmir,P000140,,Bhanwari Jat,SAVINGS,2017-08-09,ACTIVE,0,LOW
AC000244,89757842351,IOBX0802642,Indian Overseas Bank,Srinagar,Jammu and Kashmir,P000140,,Bhanwari Jat,SAVINGS,2023-09-06,ACTIVE,0,LOW
AC000245,1463554284686387,BOIX0203238,Bank of India,Barmer,Rajasthan,P000141,,Paramjit Grewal,SAVINGS,2018-02-19,ACTIVE,0,LOW
AC000246,537121463070,UBOI0095830,Union Bank of India,Srinagar,Jammu and Kashmir,P000142,,Karamjit Bajwa,SAVINGS,2022-05-23,FROZEN,0,HIGH
AC000247,02655747449,BBXX0366735,Bandhan Bank,Srinagar,Jammu and Kashmir,P000142,,Karamjit Bajwa,WALLET,2017-12-09,ACTIVE,0,LOW
AC000248,045337697916,IBXX0276243,IndusInd Bank,Jalandhar,Punjab,P000143,,Nadeem Khan,SAVINGS,2019-01-09,ACTIVE,0,LOW
AC000249,6352736007550408,BOIX0413838,Bank of India,Baramulla,Jammu and Kashmir,P000144,,Yusuf Baig,SAVINGS,2023-03-26,ACTIVE,0,LOW
AC000250,98407054720926,ABXX0465296,Axis Bank,Tarn Taran,Punjab,P000145,,Nirmal Singh,SAVINGS,2023-01-14,ACTIVE,0,LOW
AC000251,5720314306143288,SBOI0589947,State Bank of India,Alwar,Rajasthan,P000146,,Paramjit Sarao,SAVINGS,2017-01-13,ACTIVE,0,MEDIUM
AC000252,89237104490,SBOI0711364,State Bank of India,Alwar,Rajasthan,P000146,,Paramjit Sarao,SAVINGS,2022-05-15,DORMANT,0,LOW
AC000253,80391277905387,BBXX0518953,Bandhan Bank,Alwar,Rajasthan,P000146,,Paramjit Sarao,CURRENT,2025-01-06,ACTIVE,0,LOW
AC000254,977338004143,ASFB0269441,AU Small Finance Bank,Alwar,Rajasthan,P000146,,Paramjit Sarao,CURRENT,2023-03-14,FROZEN,0,MEDIUM
AC000255,062873451295,BOIX0197285,Bank of India,Srinagar,Jammu and Kashmir,P000147,,Devi Lal Sisodia,SAVINGS,2016-10-04,ACTIVE,0,MEDIUM
AC000256,04162742212115,IBXX0444850,ICICI Bank,Ludhiana,Punjab,P000148,,Bhanwar Saini,SAVINGS,2021-02-02,ACTIVE,0,LOW
AC000257,745056958261,SBOI0691343,State Bank of India,Baramulla,Jammu and Kashmir,P000149,,Satnam Sandhu,CURRENT,2021-02-03,ACTIVE,0,MEDIUM
AC000258,28078647701696,SBOI0202336,State Bank of India,New Delhi,Delhi,P000150,,Sarfaraz Mansuri,SAVINGS,2020-08-12,CLOSED,0,LOW
AC000259,678456611556,PNBX0816096,Punjab National Bank,Amritsar,Punjab,P000151,,Baljinder Mann,SAVINGS,2018-04-17,ACTIVE,0,LOW
AC000260,96199751175,BOIX0634406,Bank of India,Alwar,Rajasthan,P000152,,Bhoma Poonia,SAVINGS,2021-01-24,ACTIVE,0,MEDIUM
AC000261,8721704668708179,CBXX0621167,Canara Bank,New Delhi,Delhi,P000153,,Shahnawaz Mansuri,SAVINGS,2019-06-21,ACTIVE,0,LOW
AC000262,28650384101,BOIX0959922,Bank of India,Srinagar,Jammu and Kashmir,P000154,,Nadeem Farooqui,SAVINGS,2017-03-28,ACTIVE,0,MEDIUM
AC000263,876809007796,CBXX0427709,Canara Bank,New Delhi,Delhi,P000155,,Ashfaq Shaikh,OVERDRAFT,2013-12-27,ACTIVE,0,LOW
AC000264,51964923066190,BOIX0174842,Bank of India,Ludhiana,Punjab,P000156,,Paramjit Gill,WALLET,2014-02-17,ACTIVE,0,HIGH
AC000265,020056572386,BOIX0160186,Bank of India,Gurugram,Haryana,P000157,,Devi Lal Godara,SAVINGS,2016-12-29,ACTIVE,1,HIGH
AC000266,80518404773503,FBXX0188497,Federal Bank,Gurugram,Haryana,P000157,,Devi Lal Godara,CURRENT,2019-02-22,ACTIVE,1,LOW
AC000267,366023521792,ABXX0118289,Axis Bank,Gurugram,Haryana,P000157,,Devi Lal Godara,SAVINGS,2024-11-17,ACTIVE,1,MEDIUM
AC000268,37375143535546,PNBX0222847,Punjab National Bank,New Delhi,Delhi,P000158,,Sarfaraz Siddiqui,CURRENT,2024-02-22,ACTIVE,0,LOW
AC000269,50762942012,SBOI0172209,State Bank of India,Baramulla,Jammu and Kashmir,P000159,,Lakhwinder Brar,SAVINGS,2019-08-30,ACTIVE,0,LOW
AC000270,98577873413,CBOI0723073,Central Bank of India,Baramulla,Jammu and Kashmir,P000159,,Lakhwinder Brar,SAVINGS,2016-02-26,ACTIVE,0,LOW
AC000271,14295033693,IFBX0683402,IDFC First Bank,Jodhpur,Rajasthan,P000160,,Rachhpal Singh,OVERDRAFT,2018-12-11,ACTIVE,0,LOW
AC000272,39346989847384,HBXX0395372,HDFC Bank,Hisar,Haryana,P000161,,Mohan Sisodia,WALLET,2019-02-12,ACTIVE,0,LOW
AC000273,6259578744112848,IBXX0421727,ICICI Bank,Barmer,Rajasthan,P000162,,Amarjit Dhillon,SAVINGS,2023-02-24,DORMANT,1,MEDIUM
AC000274,22549457031768,IFBX0101324,IDFC First Bank,Srinagar,Jammu and Kashmir,P000163,,Shahnaz Siddiqui,SAVINGS,2015-05-05,DORMANT,0,LOW
AC000275,15068985118811,PNBX0678734,Punjab National Bank,New Delhi,Delhi,P000164,,Gurmeet Aulakh,SAVINGS,2014-07-21,ACTIVE,0,MEDIUM
AC000276,7549059730375374,KVBX0508830,Karur Vysya Bank,Faridabad,Haryana,P000165,,Nadeem Chaudhary,CURRENT,2016-02-13,ACTIVE,0,LOW
AC000277,42709831818034,PNBX0307148,Punjab National Bank,Ludhiana,Punjab,P000166,,Faizan Hussain,CURRENT,2013-11-14,ACTIVE,0,HIGH
AC000278,759868581974,YBXX0884674,Yes Bank,Ludhiana,Punjab,P000166,,Faizan Hussain,SAVINGS,2019-12-18,ACTIVE,1,LOW
AC000279,10924432954056,SBOI0864296,State Bank of India,Alwar,Rajasthan,P000167,,Sukhwinder Dhillon,CURRENT,2016-07-31,ACTIVE,1,LOW
AC000280,63357599794,PNBX0975675,Punjab National Bank,New Delhi,Delhi,P000168,,Sukhdev Bhullar,SAVINGS,2015-02-03,ACTIVE,0,LOW
AC000281,91348169403242,BBXX0216453,Bandhan Bank,New Delhi,Delhi,P000168,,Sukhdev Bhullar,CURRENT,2021-12-21,DORMANT,0,LOW
AC000282,03545136402942,BOIX0208595,Bank of India,Ludhiana,Punjab,P000169,,Rukhsana Ahmed,SAVINGS,2021-02-06,ACTIVE,0,MEDIUM
AC000283,593939427282,BOBX0881565,Bank of Baroda,Faridabad,Haryana,P000170,,Gopal Poonia,CURRENT,2017-02-22,FROZEN,0,LOW
AC000284,4548277195911994,CBOI0136447,Central Bank of India,Ludhiana,Punjab,P000171,,Mohammed Shaikh,SAVINGS,2015-08-18,ACTIVE,1,LOW
AC000285,47082319617,CBOI0258828,Central Bank of India,Ludhiana,Punjab,P000171,,Mohammed Shaikh,SAVINGS,2019-06-06,ACTIVE,1,MEDIUM
AC000286,3295166215674863,IFBX0747030,IDFC First Bank,Bikaner,Rajasthan,P000172,,Kanta Choudhary,SAVINGS,2021-01-21,ACTIVE,0,HIGH
AC000287,26871758405,CBOI0318865,Central Bank of India,Bikaner,Rajasthan,P000172,,Kanta Choudhary,SAVINGS,2022-08-29,ACTIVE,0,MEDIUM
AC000288,52234508960,BOBX0713766,Bank of Baroda,Jaipur,Rajasthan,P000173,,Ibrahim Ahmed,CURRENT,2022-10-19,ACTIVE,1,HIGH
AC000289,11094526582165,BOBX0514620,Bank of Baroda,Baramulla,Jammu and Kashmir,P000174,,Ranveer Gurjar,CURRENT,2014-07-07,ACTIVE,0,HIGH
AC000290,07467239798,BOBX0811882,Bank of Baroda,Sonipat,Haryana,P000175,,Rajesh Prajapati,SAVINGS,2019-09-14,DORMANT,0,MEDIUM
AC000291,304421795348,IBXX0564504,ICICI Bank,Faridabad,Haryana,P000176,,Sanjib Gayen,SAVINGS,2014-08-26,ACTIVE,1,LOW
AC000292,65167921271952,YBXX0617186,Yes Bank,Nuh,Haryana,P000177,,Palash Sardar,SAVINGS,2019-02-25,ACTIVE,0,LOW
AC000293,16485471332,UBOI0581963,Union Bank of India,Nuh,Haryana,P000177,,Palash Sardar,SAVINGS,2023-09-19,DORMANT,0,LOW
AC000294,1251426189124152,KVBX0121933,Karur Vysya Bank,Ranchi,Jharkhand,P000178,,Udaiveer Saini,SAVINGS,2019-10-27,ACTIVE,0,LOW
AC000295,586283588058,CBOI0877968,Central Bank of India,Kolkata,West Bengal,P000179,,Nepal Mistry,SAVINGS,2015-09-22,ACTIVE,1,LOW
AC000296,23598648409270,PNBX0290754,Punjab National Bank,Kolkata,West Bengal,P000179,,Nepal Mistry,WALLET,2017-01-27,FROZEN,1,HIGH
AC000297,47689836391,PPBX0596586,Paytm Payments Bank,Kolkata,West Bengal,P000179,,Nepal Mistry,SAVINGS,2018-12-26,ACTIVE,1,HIGH
AC000298,01333431727496,KVBX0318853,Karur Vysya Bank,Muzaffarpur,Bihar,P000180,,Sukumar Biswas,CURRENT,2014-04-11,ACTIVE,0,LOW
AC000299,26323107857788,HBXX0462054,HDFC Bank,Muzaffarpur,Bihar,P000180,,Sukumar Biswas,SAVINGS,2014-03-01,FROZEN,0,LOW
AC000300,810136240831,ASFB0952646,AU Small Finance Bank,Mangaluru,Karnataka,P000181,,Satish Rajput,SAVINGS,2024-07-18,DORMANT,0,HIGH
AC000301,250546788488,FBXX0059547,Federal Bank,Mangaluru,Karnataka,P000181,,Satish Rajput,SAVINGS,2017-05-29,ACTIVE,0,LOW
AC000302,714243880137,ASFB0249288,AU Small Finance Bank,Mangaluru,Karnataka,P000181,,Satish Rajput,OVERDRAFT,2016-06-02,FROZEN,0,MEDIUM
AC000303,15431670141,SBOI0048820,State Bank of India,Dhanbad,Jharkhand,P000182,,Iqbal Pathan,SAVINGS,2015-06-15,ACTIVE,0,LOW
AC000304,345338430926,CBOI0978833,Central Bank of India,Nuh,Haryana,P000183,,Ranjan Mondal,SAVINGS,2015-03-18,CLOSED,0,LOW
AC000305,056459803440,PNBX0585659,Punjab National Bank,Nuh,Haryana,P000183,,Ranjan Mondal,CURRENT,2024-05-12,ACTIVE,0,MEDIUM
AC000306,94786416388,APBX0281059,Airtel Payments Bank,New Delhi,Delhi,P000184,,Ramesh Srivastava,CURRENT,2020-04-07,ACTIVE,0,LOW
AC000307,77417333601078,ABXX0676053,Axis Bank,New Delhi,Delhi,P000185,,Ashok Bhadauria,SAVINGS,2024-11-20,CLOSED,0,LOW
AC000308,6571640226123494,FBXX0572449,Federal Bank,Hisar,Haryana,P000186,,Netrapal Rathore,WALLET,2014-10-04,ACTIVE,0,LOW
AC000309,48088057498,CBXX0758402,Canara Bank,New Delhi,Delhi,P000187,,Naresh Jaiswal,SAVINGS,2025-12-07,ACTIVE,1,MEDIUM
AC000310,793544458905,BOBX0730199,Bank of Baroda,New Delhi,Delhi,P000187,,Naresh Jaiswal,SAVINGS,2017-11-27,ACTIVE,1,MEDIUM
AC000311,3081690350342062,ABXX0895804,Axis Bank,New Delhi,Delhi,P000188,,Sujoy Sarkar,SAVINGS,2022-08-28,DORMANT,0,MEDIUM
AC000312,921143678587,HBXX0334667,HDFC Bank,New Delhi,Delhi,P000188,,Sujoy Sarkar,SAVINGS,2014-10-17,ACTIVE,0,MEDIUM
AC000313,33805363471678,UBOI0047805,Union Bank of India,Varanasi,Uttar Pradesh,P000189,,Pradip Roy,CURRENT,2022-04-18,FROZEN,1,LOW
AC000314,491480874592,IFBX0189310,IDFC First Bank,Varanasi,Uttar Pradesh,P000189,,Pradip Roy,SAVINGS,2016-01-06,DORMANT,1,LOW
AC000315,1841657141787410,CBOI0566326,Central Bank of India,Varanasi,Uttar Pradesh,P000189,,Pradip Roy,OVERDRAFT,2022-01-15,DORMANT,1,LOW
AC000316,588974354085,FBXX0842049,Federal Bank,Gaya,Bihar,P000190,,Iqbal Khan,CURRENT,2014-02-03,ACTIVE,0,HIGH
AC000317,5675386688145392,ABXX0413373,Axis Bank,Gaya,Bihar,P000190,,Iqbal Khan,SAVINGS,2024-05-15,ACTIVE,0,LOW
AC000318,44890208427359,IBXX0919215,IndusInd Bank,Gaya,Bihar,P000190,,Iqbal Khan,SAVINGS,2014-03-28,ACTIVE,0,LOW
AC000319,81589186239378,BOIX0408719,Bank of India,Begusarai,Bihar,P000191,,Firoz Sheikh,SAVINGS,2025-04-30,ACTIVE,1,HIGH
AC000320,71940656859003,ABXX0708614,Axis Bank,Begusarai,Bihar,P000191,,Firoz Sheikh,SAVINGS,2015-06-15,ACTIVE,1,LOW
AC000321,8376231470126056,IBXX0292669,ICICI Bank,Begusarai,Bihar,P000191,,Firoz Sheikh,SAVINGS,2023-05-22,ACTIVE,1,LOW
AC000322,33917232882,HBXX0392754,HDFC Bank,Jamtara,Jharkhand,P000192,,Faizan Malik,SAVINGS,2024-10-01,ACTIVE,0,MEDIUM
AC000323,05475532413690,PNBX0702499,Punjab National Bank,Jamtara,Jharkhand,P000192,,Faizan Malik,WALLET,2021-06-05,ACTIVE,0,LOW
AC000324,44794050515,ASFB0949060,AU Small Finance Bank,Dhanbad,Jharkhand,P000193,,Nirmal Barman,SAVINGS,2018-07-16,ACTIVE,0,MEDIUM
AC000325,23073888012,BOBX0212436,Bank of Baroda,Siwan,Bihar,P000194,,Bandana Das,SAVINGS,2015-01-23,ACTIVE,0,MEDIUM
AC000326,52050099119715,PNBX0808511,Punjab National Bank,Siwan,Bihar,P000194,,Bandana Das,WALLET,2014-10-23,ACTIVE,0,HIGH
AC000327,12250112875082,YBXX0670390,Yes Bank,Siwan,Bihar,P000194,,Bandana Das,SAVINGS,2013-08-05,ACTIVE,0,LOW
AC000328,30735386828,BBXX0159780,Bandhan Bank,Nadia,West Bengal,P000195,,Anil Thakur,SAVINGS,2015-05-24,ACTIVE,1,HIGH
AC000329,08534755074,IOBX0814443,Indian Overseas Bank,Nadia,West Bengal,P000195,,Anil Thakur,CURRENT,2021-09-08,ACTIVE,0,LOW
AC000330,951981383349,APBX0415529,Airtel Payments Bank,Nadia,West Bengal,P000195,,Anil Thakur,CURRENT,2016-11-04,DORMANT,1,LOW
AC000331,826820120215,SBOI0262076,State Bank of India,Siwan,Bihar,P000196,,Sujoy Chakraborty,CURRENT,2013-04-24,ACTIVE,1,MEDIUM
AC000332,9725006973658794,BOIX0923151,Bank of India,Siwan,Bihar,P000196,,Sujoy Chakraborty,SAVINGS,2020-02-04,DORMANT,1,HIGH
AC000333,571909366176,IOBX0588188,Indian Overseas Bank,Siwan,Bihar,P000196,,Sujoy Chakraborty,OVERDRAFT,2014-10-31,FROZEN,1,MEDIUM
AC000334,26992897224,UBOI0976193,Union Bank of India,New Delhi,Delhi,P000197,,Gopal Roy,SAVINGS,2023-01-19,ACTIVE,0,LOW
AC000335,54968472760412,IBXX0817717,IndusInd Bank,Kanpur,Uttar Pradesh,P000198,,Pradip Barman,SAVINGS,2020-07-06,CLOSED,0,MEDIUM
AC000336,3707218508226163,UBOI0405464,Union Bank of India,Bengaluru,Karnataka,P000199,,Imran Hussain,SAVINGS,2024-07-15,CLOSED,0,HIGH
AC000337,93974980092,CBOI0936778,Central Bank of India,Noida,Uttar Pradesh,P000200,,Kavita Dubey,SAVINGS,2024-06-21,ACTIVE,0,HIGH
AC000338,4465923965978269,HBXX0008004,HDFC Bank,New Delhi,Delhi,P000201,,Balbir Singh,SAVINGS,2014-09-24,ACTIVE,0,LOW
AC000339,39134973105388,PNBX0893129,Punjab National Bank,New Delhi,Delhi,P000201,,Balbir Singh,CURRENT,2013-05-12,ACTIVE,0,HIGH
AC000340,56657760612,KMBX0517434,Kotak Mahindra Bank,Prayagraj,Uttar Pradesh,P000202,,Sujoy Das,SAVINGS,2019-03-27,ACTIVE,0,LOW
AC000341,26547370421,PNBX0415238,Punjab National Bank,Begusarai,Bihar,P000203,,Palash Gayen,SAVINGS,2022-07-14,DORMANT,1,MEDIUM
AC000342,45069357633812,BOIX0354336,Bank of India,Begusarai,Bihar,P000203,,Palash Gayen,SAVINGS,2014-05-29,ACTIVE,1,LOW
AC000343,70737366803,BOIX0169760,Bank of India,Begusarai,Bihar,P000203,,Palash Gayen,SAVINGS,2022-05-02,ACTIVE,1,LOW
AC000344,46358002729171,BOBX0411212,Bank of Baroda,New Delhi,Delhi,P000204,,Jagdish Rajput,SAVINGS,2019-03-22,CLOSED,0,LOW
AC000345,626313494607,CBOI0818295,Central Bank of India,New Delhi,Delhi,P000204,,Jagdish Rajput,WALLET,2024-05-12,DORMANT,0,LOW
AC000346,229311423115,ASFB0479704,AU Small Finance Bank,New Delhi,Delhi,P000204,,Jagdish Rajput,OVERDRAFT,2018-05-15,ACTIVE,0,MEDIUM
AC000347,6557195572903413,PNBX0865176,Punjab National Bank,Siwan,Bihar,P000205,,Anup Adhikari,WALLET,2023-09-24,CLOSED,0,HIGH
AC000348,4275714891255291,FBXX0653979,Federal Bank,Begusarai,Bihar,P000206,,Mahesh Shukla,SAVINGS,2025-08-08,ACTIVE,0,LOW
AC000349,3111354925867456,BBXX0443132,Bandhan Bank,Varanasi,Uttar Pradesh,P000207,,Mahesh Sharma,OVERDRAFT,2017-05-08,ACTIVE,1,MEDIUM
AC000350,329046084674,BBXX0072480,Bandhan Bank,Varanasi,Uttar Pradesh,P000207,,Mahesh Sharma,CURRENT,2014-10-26,ACTIVE,1,LOW
AC000351,151970962731,IBXX0673499,ICICI Bank,Purnia,Bihar,P000208,,Mushtaq Rahman,SAVINGS,2023-03-19,FROZEN,0,LOW
AC000352,0990148068106595,HBXX0036326,HDFC Bank,Patna,Bihar,P000209,,Nadeem Rahman,SAVINGS,2017-08-11,ACTIVE,0,LOW
AC000353,602784624068,YBXX0375945,Yes Bank,Patna,Bihar,P000209,,Nadeem Rahman,SAVINGS,2019-08-31,DORMANT,0,LOW
AC000354,86283557142,PNBX0709319,Punjab National Bank,Ghaziabad,Uttar Pradesh,P000210,,Haroon Idrisi,SAVINGS,2018-10-08,ACTIVE,0,MEDIUM
AC000355,35324126662068,IBXX0566090,ICICI Bank,Ghaziabad,Uttar Pradesh,P000210,,Haroon Idrisi,CURRENT,2020-08-06,ACTIVE,0,LOW
AC000356,996722485515,BOBX0703434,Bank of Baroda,Bengaluru,Karnataka,P000211,,Imran Baig,CURRENT,2013-03-30,ACTIVE,0,MEDIUM
AC000357,70583349437475,BOBX0063685,Bank of Baroda,Bengaluru,Karnataka,P000211,,Imran Baig,SAVINGS,2014-03-12,ACTIVE,0,HIGH
AC000358,693411525641,ABXX0650643,Axis Bank,Bengaluru,Karnataka,P000211,,Imran Baig,CURRENT,2024-06-13,FROZEN,0,LOW
AC000359,92074411486,ASFB0297832,AU Small Finance Bank,Dhanbad,Jharkhand,P000212,,Mousumi Sen,CURRENT,2016-03-12,DORMANT,0,LOW
AC000360,49958539111308,UBOI0321216,Union Bank of India,Gurugram,Haryana,P000213,,Ajay Tiwari,SAVINGS,2019-01-29,DORMANT,1,MEDIUM
AC000361,65012357822394,CBXX0970834,Canara Bank,North 24 Parganas,West Bengal,P000214,,Subhas Dutta,SAVINGS,2022-03-29,ACTIVE,1,LOW
AC000362,7436048988336281,IBXX0750609,ICICI Bank,Hisar,Haryana,P000215,,Udaiveer Yadav,SAVINGS,2024-07-13,CLOSED,1,HIGH
AC000363,9513191429673074,BOBX0686386,Bank of Baroda,Hisar,Haryana,P000215,,Udaiveer Yadav,SAVINGS,2025-01-21,FROZEN,1,LOW
AC000364,7949176558988239,KVBX0162704,Karur Vysya Bank,Hisar,Haryana,P000215,,Udaiveer Yadav,CURRENT,2025-05-17,ACTIVE,1,MEDIUM
AC000365,263030783716,PPBX0429461,Paytm Payments Bank,Purnia,Bihar,P000216,,Firoz Ahmed,SAVINGS,2013-11-02,DORMANT,0,MEDIUM
AC000366,177816214276,KMBX0565707,Kotak Mahindra Bank,Faridabad,Haryana,P000217,,Vinod Sharma,SAVINGS,2016-02-27,ACTIVE,1,LOW
AC000367,142106114106,HBXX0455820,HDFC Bank,Faridabad,Haryana,P000217,,Vinod Sharma,SAVINGS,2022-03-28,ACTIVE,1,MEDIUM
AC000368,69631815899609,KMBX0932634,Kotak Mahindra Bank,New Delhi,Delhi,P000218,,Haroon Baig,SAVINGS,2018-05-11,ACTIVE,0,LOW
AC000369,01521738101897,SBOI0332471,State Bank of India,New Delhi,Delhi,P000218,,Haroon Baig,SAVINGS,2019-06-01,ACTIVE,0,MEDIUM
AC000370,2707593359242384,CBXX0482328,Canara Bank,Siwan,Bihar,P000219,,Jagdish Tomar,SAVINGS,2026-06-06,ACTIVE,0,LOW
AC000371,92944763377,CBOI0993804,Central Bank of India,Nadia,West Bengal,P000220,,Yogendra Gupta,CURRENT,2014-01-29,FROZEN,1,LOW
AC000372,78027152273,UBOI0722638,Union Bank of India,Kolkata,West Bengal,P000221,,Triloki Solanki,WALLET,2018-02-14,ACTIVE,1,HIGH
AC000373,581781052450,HBXX0357835,HDFC Bank,Kolkata,West Bengal,P000221,,Triloki Solanki,SAVINGS,2021-08-08,ACTIVE,1,LOW
AC000374,8620892799793483,CBXX0294807,Canara Bank,Azamgarh,Uttar Pradesh,P000222,,Prakash Srivastava,SAVINGS,2021-02-14,ACTIVE,0,MEDIUM
AC000375,77547503168,HBXX0157366,HDFC Bank,Azamgarh,Uttar Pradesh,P000222,,Prakash Srivastava,SAVINGS,2023-02-08,ACTIVE,0,HIGH
AC000376,212370322888,IBXX0970260,ICICI Bank,Mangaluru,Karnataka,P000223,,Har Prasad Yadav,SAVINGS,2013-02-17,ACTIVE,0,LOW
AC000377,06977753238,HBXX0637736,HDFC Bank,Mangaluru,Karnataka,P000223,,Har Prasad Yadav,CURRENT,2013-10-03,ACTIVE,0,LOW
AC000378,804369174238,YBXX0086919,Yes Bank,Mangaluru,Karnataka,P000223,,Har Prasad Yadav,WALLET,2023-08-23,ACTIVE,0,MEDIUM
AC000379,72669318585,YBXX0218625,Yes Bank,Sonipat,Haryana,P000224,,Sunil Bhardwaj,SAVINGS,2023-01-17,ACTIVE,0,LOW
AC000380,786120459776,ASFB0740495,AU Small Finance Bank,Muzaffarnagar,Uttar Pradesh,P000225,,Arindam Gayen,OVERDRAFT,2021-09-14,ACTIVE,0,MEDIUM
AC000381,91155652927,PPBX0813624,Paytm Payments Bank,Muzaffarnagar,Uttar Pradesh,P000225,,Arindam Gayen,CURRENT,2026-06-29,ACTIVE,0,MEDIUM
AC000382,52124076678,IBXX0619866,IndusInd Bank,Patna,Bihar,P000226,,Debashish Roy,SAVINGS,2013-04-16,ACTIVE,1,MEDIUM
AC000383,4760310777353396,KVBX0414412,Karur Vysya Bank,Patna,Bihar,P000226,,Debashish Roy,SAVINGS,2018-03-01,FROZEN,1,LOW
AC000384,099352512098,ASFB0755467,AU Small Finance Bank,Patna,Bihar,P000226,,Debashish Roy,OVERDRAFT,2025-02-03,ACTIVE,1,LOW
AC000385,205835957880,IBXX0835262,IndusInd Bank,Varanasi,Uttar Pradesh,P000227,,Pradip Biswas,CURRENT,2015-11-06,ACTIVE,0,HIGH
AC000386,6390742663389122,IBXX0800237,ICICI Bank,New Delhi,Delhi,P000228,,Rupa Roy,SAVINGS,2018-11-08,FROZEN,0,MEDIUM
AC000387,59030067991346,APBX0806065,Airtel Payments Bank,Hisar,Haryana,P000229,,Abdul Sheikh,SAVINGS,2018-01-19,ACTIVE,0,MEDIUM
AC000388,7234068877275386,BOIX0689707,Bank of India,Hisar,Haryana,P000229,,Abdul Sheikh,SAVINGS,2020-01-19,ACTIVE,0,MEDIUM
AC000389,2635288280823143,IOBX0025200,Indian Overseas Bank,Gaya,Bihar,P000230,,Tapan Sarkar,CURRENT,2019-11-13,FROZEN,0,MEDIUM
AC000390,87825346709,CBOI0978506,Central Bank of India,Gaya,Bihar,P000230,,Tapan Sarkar,SAVINGS,2013-10-02,ACTIVE,1,LOW
AC000391,7418412640535293,BBXX0227697,Bandhan Bank,Siliguri,West Bengal,P000231,,Swapan Bose,SAVINGS,2014-11-01,ACTIVE,0,LOW
AC000392,4532616917499394,KVBX0522791,Karur Vysya Bank,Siliguri,West Bengal,P000231,,Swapan Bose,SAVINGS,2017-02-14,ACTIVE,0,LOW
AC000393,8873029620563364,KMBX0097628,Kotak Mahindra Bank,Siliguri,West Bengal,P000231,,Swapan Bose,OVERDRAFT,2024-02-04,ACTIVE,0,HIGH
AC000394,180961249201,BOBX0843597,Bank of Baroda,Bengaluru,Karnataka,P000232,,Netrapal Singh,CURRENT,2020-05-05,ACTIVE,0,MEDIUM
AC000395,6520562247180388,KMBX0143710,Kotak Mahindra Bank,Jamtara,Jharkhand,P000233,,Naseer Saifi,OVERDRAFT,2014-04-09,ACTIVE,0,LOW
AC000396,083360146715,YBXX0118888,Yes Bank,New Delhi,Delhi,P000234,,Faizan Shaikh,OVERDRAFT,2013-02-03,ACTIVE,0,LOW
AC000397,691099787219,UBOI0163091,Union Bank of India,Nuh,Haryana,P000235,,Dinesh Baghel,SAVINGS,2018-04-27,ACTIVE,1,MEDIUM
AC000398,570093587170,SBOI0200555,State Bank of India,Nuh,Haryana,P000235,,Dinesh Baghel,SAVINGS,2019-02-15,DORMANT,1,MEDIUM
AC000399,36375060503,PNBX0351163,Punjab National Bank,Mangaluru,Karnataka,P000236,,Shyamlal Rajput,CURRENT,2017-07-16,ACTIVE,0,MEDIUM
AC000400,625303426027,IOBX0322699,Indian Overseas Bank,Mangaluru,Karnataka,P000236,,Shyamlal Rajput,SAVINGS,2019-07-11,DORMANT,0,LOW
AC000401,00975110293940,CBOI0996567,Central Bank of India,Mangaluru,Karnataka,P000236,,Shyamlal Rajput,CURRENT,2023-06-24,ACTIVE,1,HIGH
AC000402,186062314387,SBOI0443730,State Bank of India,Ballari,Karnataka,P000237,,Tapan Sardar,SAVINGS,2016-12-07,CLOSED,1,MEDIUM
AC000403,187039508888,IOBX0423594,Indian Overseas Bank,Siwan,Bihar,P000238,,Girdhari Baghel,SAVINGS,2023-10-09,ACTIVE,0,LOW
AC000404,9980088148489465,CBXX0411242,Canara Bank,Mangaluru,Karnataka,P000239,,Kuldeep Rathore,WALLET,2016-04-28,ACTIVE,1,HIGH
AC000405,92834942835270,CBXX0607714,Canara Bank,Prayagraj,Uttar Pradesh,P000240,,Javed Ansari,SAVINGS,2018-09-15,ACTIVE,1,LOW
AC000406,5045696062853674,IOBX0928187,Indian Overseas Bank,Dhanbad,Jharkhand,P000241,,Shakeel Zaidi,WALLET,2025-04-01,FROZEN,0,LOW
AC000407,057761406926,KMBX0005428,Kotak Mahindra Bank,Ghaziabad,Uttar Pradesh,P000242,,Pradeep Maurya,SAVINGS,2019-05-30,ACTIVE,0,LOW
AC000408,18872069657,APBX0767788,Airtel Payments Bank,Nuh,Haryana,P000243,,Reshma Hussain,SAVINGS,2016-01-13,ACTIVE,0,LOW
AC000409,84324457434,YBXX0259512,Yes Bank,Varanasi,Uttar Pradesh,P000244,,Altaf Baig,WALLET,2025-08-20,ACTIVE,0,MEDIUM
AC000410,821062868521,YBXX0007359,Yes Bank,Varanasi,Uttar Pradesh,P000244,,Altaf Baig,SAVINGS,2016-04-07,ACTIVE,0,MEDIUM
AC000411,41482243025958,PPBX0885573,Paytm Payments Bank,Varanasi,Uttar Pradesh,P000244,,Altaf Baig,SAVINGS,2020-12-21,ACTIVE,0,LOW
AC000412,98221898701624,HBXX0445169,HDFC Bank,Nadia,West Bengal,P000245,,Kartik Adhikari,WALLET,2016-08-26,ACTIVE,0,LOW
AC000413,97853150274393,UBOI0919165,Union Bank of India,Nadia,West Bengal,P000245,,Kartik Adhikari,SAVINGS,2018-12-10,ACTIVE,0,HIGH
AC000414,27958607250933,SBOI0302068,State Bank of India,Nadia,West Bengal,P000245,,Kartik Adhikari,SAVINGS,2022-04-10,ACTIVE,0,LOW
AC000415,42580742212,BOIX0037360,Bank of India,North 24 Parganas,West Bengal,P000246,,Sunil Sharma,SAVINGS,2021-03-16,ACTIVE,0,LOW
AC000416,26340547551569,CBXX0832299,Canara Bank,Ghaziabad,Uttar Pradesh,P000247,,Deepak Nagar,SAVINGS,2024-10-26,FROZEN,0,HIGH
AC000417,91770198277,ABXX0179567,Axis Bank,Ghaziabad,Uttar Pradesh,P000247,,Deepak Nagar,SAVINGS,2024-06-10,DORMANT,0,MEDIUM
AC000418,43627481873178,IOBX0529764,Indian Overseas Bank,Dhanbad,Jharkhand,P000248,,Afsana Ansari,SAVINGS,2015-03-03,DORMANT,0,LOW
AC000419,617586927429,BBXX0003916,Bandhan Bank,Dhanbad,Jharkhand,P000248,,Afsana Ansari,SAVINGS,2025-05-29,ACTIVE,0,LOW
AC000420,04787374805217,HBXX0020739,HDFC Bank,Dhanbad,Jharkhand,P000248,,Afsana Ansari,CURRENT,2015-05-08,FROZEN,0,LOW
AC000421,1821140848742615,ABXX0471216,Axis Bank,Faridabad,Haryana,P000249,,Firoz Sheikh,WALLET,2023-10-02,ACTIVE,1,LOW
AC000422,61193689529,CBXX0748023,Canara Bank,Faridabad,Haryana,P000249,,Firoz Sheikh,SAVINGS,2018-06-25,FROZEN,0,LOW
AC000423,3338179842769017,IFBX0706905,IDFC First Bank,Munger,Bihar,P000250,,Palash Ghosh,WALLET,2026-01-02,DORMANT,0,LOW
AC000424,5143646296905452,HBXX0190926,HDFC Bank,Munger,Bihar,P000250,,Palash Ghosh,SAVINGS,2018-05-16,ACTIVE,0,LOW
AC000425,3981808554206099,CBXX0396007,Canara Bank,Mangaluru,Karnataka,P000251,,Javed Chaudhary,SAVINGS,2017-02-06,FROZEN,1,MEDIUM
AC000426,7238207511348657,CBXX0968103,Canara Bank,Mangaluru,Karnataka,P000251,,Javed Chaudhary,SAVINGS,2020-09-01,ACTIVE,1,LOW
AC000427,524937104176,CBXX0285103,Canara Bank,Ranchi,Jharkhand,P000252,,Anil Yadav,CURRENT,2019-07-22,DORMANT,0,HIGH
AC000428,883492844550,IBXX0742982,ICICI Bank,Jamtara,Jharkhand,P000253,,Ibrahim Shaikh,OVERDRAFT,2018-04-10,ACTIVE,0,MEDIUM
AC000429,01056897790,ASFB0364964,AU Small Finance Bank,Jamtara,Jharkhand,P000253,,Ibrahim Shaikh,SAVINGS,2019-03-20,CLOSED,0,LOW
AC000430,869797934859,HBXX0635722,HDFC Bank,Jamtara,Jharkhand,P000253,,Ibrahim Shaikh,CURRENT,2022-02-08,ACTIVE,0,MEDIUM
AC000431,57948157581,YBXX0001544,Yes Bank,Jamtara,Jharkhand,P000253,,Ibrahim Shaikh,SAVINGS,2015-11-30,ACTIVE,0,LOW
AC000432,80020328707896,IFBX0178322,IDFC First Bank,Jamtara,Jharkhand,P000253,,Ibrahim Shaikh,SAVINGS,2024-01-26,ACTIVE,0,MEDIUM
AC000433,86459821941,BOBX0517638,Bank of Baroda,Kalaburagi,Karnataka,P000254,,Wasim Sheikh,SAVINGS,2021-06-16,ACTIVE,0,MEDIUM
AC000434,729721369086,BBXX0602296,Bandhan Bank,Gurugram,Haryana,P000255,,Lekhraj Dixit,SAVINGS,2026-05-25,ACTIVE,0,HIGH
AC000435,40341760971,HBXX0377793,HDFC Bank,Gurugram,Haryana,P000255,,Lekhraj Dixit,SAVINGS,2017-02-14,ACTIVE,0,LOW
AC000436,33243350698443,KMBX0389025,Kotak Mahindra Bank,Siliguri,West Bengal,P000256,,Mahesh Verma,OVERDRAFT,2014-01-26,ACTIVE,0,LOW
AC000437,6448567868926855,ABXX0127011,Axis Bank,Siliguri,West Bengal,P000256,,Mahesh Verma,SAVINGS,2023-09-09,ACTIVE,0,LOW
AC000438,918793759372,IBXX0751315,ICICI Bank,Prayagraj,Uttar Pradesh,P000257,,Sarfaraz Zaidi,SAVINGS,2018-03-02,ACTIVE,0,HIGH
AC000439,488782028253,KMBX0655220,Kotak Mahindra Bank,Dhanbad,Jharkhand,P000258,,Subhas Roy,SAVINGS,2016-01-02,FROZEN,0,LOW
AC000440,515716195467,CBOI0239044,Central Bank of India,Dhanbad,Jharkhand,P000258,,Subhas Roy,SAVINGS,2014-06-20,ACTIVE,0,LOW
AC000441,514635476584,BOBX0885476,Bank of Baroda,Dhanbad,Jharkhand,P000258,,Subhas Roy,SAVINGS,2014-10-23,ACTIVE,0,MEDIUM
AC000442,0383478626461615,IBXX0018605,ICICI Bank,Nuh,Haryana,P000259,,Rizwan Baig,SAVINGS,2015-09-18,ACTIVE,0,LOW
AC000443,1140767034700826,APBX0374646,Airtel Payments Bank,Nuh,Haryana,P000259,,Rizwan Baig,SAVINGS,2013-05-14,ACTIVE,0,LOW
AC000444,2198938359301684,PPBX0970719,Paytm Payments Bank,Nuh,Haryana,P000259,,Rizwan Baig,SAVINGS,2023-02-11,ACTIVE,0,LOW
AC000445,3968248172971311,APBX0582508,Airtel Payments Bank,Gorakhpur,Uttar Pradesh,P000260,,Gautam Adhikari,SAVINGS,2016-05-02,ACTIVE,0,MEDIUM
AC000446,07904755230335,CBXX0012329,Canara Bank,Kolkata,West Bengal,P000261,,Sunil Shukla,SAVINGS,2023-07-22,ACTIVE,0,LOW
AC000447,0152950635416785,FBXX0304456,Federal Bank,Ballari,Karnataka,P000262,,Ibrahim Ansari,SAVINGS,2020-05-19,DORMANT,0,HIGH
AC000448,6813891020874028,KVBX0993650,Karur Vysya Bank,Siliguri,West Bengal,P000263,,Palash Sen,SAVINGS,2021-11-24,ACTIVE,0,HIGH
AC000449,78825842208652,UBOI0077486,Union Bank of India,Siliguri,West Bengal,P000263,,Palash Sen,SAVINGS,2014-07-07,ACTIVE,0,LOW
AC000450,7175240975861393,FBXX0474950,Federal Bank,Bengaluru,Karnataka,P000264,,Girdhari Prajapati,WALLET,2023-07-13,ACTIVE,1,HIGH
AC000451,0307984363486156,IOBX0588793,Indian Overseas Bank,Bengaluru,Karnataka,P000264,,Girdhari Prajapati,SAVINGS,2021-02-06,ACTIVE,1,MEDIUM
AC000452,13707870330141,IOBX0182606,Indian Overseas Bank,Bengaluru,Karnataka,P000264,,Girdhari Prajapati,CURRENT,2021-11-24,FROZEN,1,MEDIUM
AC000453,71693617568268,YBXX0141550,Yes Bank,New Delhi,Delhi,P000265,,Mushtaq Siddiqui,OVERDRAFT,2025-09-19,ACTIVE,0,LOW
AC000454,0895743826782827,KMBX0598768,Kotak Mahindra Bank,Varanasi,Uttar Pradesh,P000266,,Nepal Adhikari,OVERDRAFT,2013-10-01,ACTIVE,0,MEDIUM
AC000455,146929933863,BOBX0458723,Bank of Baroda,Varanasi,Uttar Pradesh,P000266,,Nepal Adhikari,SAVINGS,2014-02-02,ACTIVE,0,LOW
AC000456,34205024090508,CBOI0345037,Central Bank of India,Gorakhpur,Uttar Pradesh,P000267,,Sanjib Dutta,CURRENT,2024-01-17,ACTIVE,0,MEDIUM
AC000457,112625748946,SBOI0674655,State Bank of India,Ballari,Karnataka,P000268,,Deepak Sengar,SAVINGS,2020-11-10,ACTIVE,0,MEDIUM
AC000458,548250851154,ASFB0947504,AU Small Finance Bank,Ballari,Karnataka,P000268,,Deepak Sengar,SAVINGS,2019-01-21,DORMANT,0,LOW
AC000459,385515109346,CBOI0673088,Central Bank of India,New Delhi,Delhi,P000269,,Sajid Farooqui,WALLET,2022-01-18,ACTIVE,0,MEDIUM
AC000460,31138750931061,HBXX0735599,HDFC Bank,Giridih,Jharkhand,P000270,,Bhupendra Awasthi,SAVINGS,2023-04-18,DORMANT,1,LOW
AC000461,16259534547,ABXX0972808,Axis Bank,Giridih,Jharkhand,P000270,,Bhupendra Awasthi,CURRENT,2015-08-15,FROZEN,0,LOW
AC000462,1689837501481027,IBXX0036465,ICICI Bank,Giridih,Jharkhand,P000270,,Bhupendra Awasthi,WALLET,2020-04-07,ACTIVE,0,LOW
AC000463,3175363978690361,BOIX0843968,Bank of India,Nuh,Haryana,P000271,,Ranjan Gayen,SAVINGS,2014-10-06,FROZEN,0,MEDIUM
AC000464,2206867364389415,BOBX0235982,Bank of Baroda,Noida,Uttar Pradesh,P000272,,Abdul Saifi,WALLET,2023-06-23,CLOSED,0,LOW
AC000465,4207842717137564,BBXX0867143,Bandhan Bank,Bengaluru,Karnataka,P000273,,Sukumar Chakraborty,SAVINGS,2024-01-03,DORMANT,1,MEDIUM
AC000466,88700251882,UBOI0816025,Union Bank of India,Bengaluru,Karnataka,P000273,,Sukumar Chakraborty,OVERDRAFT,2021-06-27,ACTIVE,1,LOW
AC000467,692782972539,YBXX0837453,Yes Bank,Muzaffarpur,Bihar,P000274,,Anwar Sheikh,SAVINGS,2014-02-14,ACTIVE,1,MEDIUM
AC000468,64320659312483,BBXX0827906,Bandhan Bank,Muzaffarpur,Bihar,P000274,,Anwar Sheikh,CURRENT,2025-03-28,ACTIVE,1,MEDIUM
AC000469,654016242955,HBXX0538709,HDFC Bank,Dhanbad,Jharkhand,P000275,,Arif Shaikh,SAVINGS,2019-08-02,ACTIVE,1,LOW
AC000470,58328371587,IBXX0544963,IndusInd Bank,Dhanbad,Jharkhand,P000275,,Arif Shaikh,SAVINGS,2016-08-20,DORMANT,1,HIGH
AC000471,55463218270,IFBX0062686,IDFC First Bank,Siwan,Bihar,P000276,,Sunil Rajput,SAVINGS,2019-12-05,ACTIVE,0,HIGH
AC000472,7989896286743339,IBXX0898525,IndusInd Bank,Siwan,Bihar,P000276,,Sunil Rajput,CURRENT,2019-09-27,ACTIVE,0,LOW
AC000473,58031539531313,ASFB0521485,AU Small Finance Bank,Siwan,Bihar,P000276,,Sunil Rajput,CURRENT,2022-01-03,CLOSED,1,LOW
AC000474,191706221789,KMBX0426032,Kotak Mahindra Bank,Kanpur,Uttar Pradesh,P000277,,Rupa Naskar,SAVINGS,2019-01-09,FROZEN,0,HIGH
AC000475,54259428398,ASFB0112105,AU Small Finance Bank,Kanpur,Uttar Pradesh,P000277,,Rupa Naskar,SAVINGS,2013-07-22,DORMANT,0,HIGH
AC000476,62944205203,BBXX0065712,Bandhan Bank,Kolkata,West Bengal,P000278,,Ramesh Shukla,SAVINGS,2025-10-02,ACTIVE,0,LOW
AC000477,31974063959070,IFBX0097407,IDFC First Bank,Gaya,Bihar,P000279,,Bhupendra Awasthi,OVERDRAFT,2018-02-20,ACTIVE,0,HIGH
AC000478,90933186839,CBXX0859146,Canara Bank,Gaya,Bihar,P000279,,Bhupendra Awasthi,SAVINGS,2020-05-25,DORMANT,0,LOW
AC000479,09180732189,BBXX0514197,Bandhan Bank,Gaya,Bihar,P000279,,Bhupendra Awasthi,CURRENT,2018-04-06,ACTIVE,0,HIGH
AC000480,8207279999499401,IBXX0898926,ICICI Bank,New Delhi,Delhi,P000280,,Ashim Sardar,SAVINGS,2014-03-14,DORMANT,1,MEDIUM
AC000481,08656002295703,ASFB0493553,AU Small Finance Bank,New Delhi,Delhi,P000280,,Ashim Sardar,SAVINGS,2018-03-12,ACTIVE,1,LOW
AC000482,63888328997,IBXX0105754,IndusInd Bank,Ranchi,Jharkhand,P000281,,Subhas Adhikari,CURRENT,2021-01-12,ACTIVE,0,LOW
AC000483,2619584361273585,ABXX0824348,Axis Bank,Giridih,Jharkhand,P000282,,Farida Rahman,OVERDRAFT,2020-06-26,ACTIVE,1,HIGH
AC000484,362391613502,SBOI0485525,State Bank of India,Giridih,Jharkhand,P000282,,Farida Rahman,WALLET,2024-07-02,ACTIVE,1,LOW
AC000485,10447614943,ASFB0405013,AU Small Finance Bank,Ballari,Karnataka,P000283,,Shakeel Sheikh,CURRENT,2025-10-07,FROZEN,0,LOW
AC000486,75452355897295,CBOI0505524,Central Bank of India,Ballari,Karnataka,P000283,,Shakeel Sheikh,SAVINGS,2015-05-03,ACTIVE,0,LOW
AC000487,293466297254,BOBX0835459,Bank of Baroda,Ballari,Karnataka,P000283,,Shakeel Sheikh,SAVINGS,2020-05-07,ACTIVE,0,LOW
AC000488,69215390050,KVBX0674817,Karur Vysya Bank,Murshidabad,West Bengal,P000284,,Deepak Baghel,SAVINGS,2021-01-31,FROZEN,0,MEDIUM
AC000489,16863185525676,PNBX0787905,Punjab National Bank,New Delhi,Delhi,P000285,,Vijay Dixit,OVERDRAFT,2020-10-17,ACTIVE,0,HIGH
AC000490,9115340524269969,BOBX0697686,Bank of Baroda,New Delhi,Delhi,P000285,,Vijay Dixit,SAVINGS,2022-07-27,ACTIVE,0,LOW
AC000491,60413796404,KVBX0970383,Karur Vysya Bank,New Delhi,Delhi,P000285,,Vijay Dixit,SAVINGS,2025-07-31,ACTIVE,0,LOW
AC000492,48825267913,APBX0885158,Airtel Payments Bank,New Delhi,Delhi,P000286,,Gautam Mondal,SAVINGS,2021-09-28,ACTIVE,1,LOW
AC000493,991780766154,IBXX0580618,IndusInd Bank,New Delhi,Delhi,P000286,,Gautam Mondal,SAVINGS,2024-08-13,ACTIVE,1,LOW
AC000494,16357691364,CBXX0725985,Canara Bank,New Delhi,Delhi,P000286,,Gautam Mondal,SAVINGS,2022-05-06,ACTIVE,1,MEDIUM
AC000495,97613552202279,CBXX0617700,Canara Bank,Patna,Bihar,P000287,,Mahesh Maurya,SAVINGS,2014-04-25,ACTIVE,0,LOW
AC000496,938074385729,PNBX0032165,Punjab National Bank,Deoghar,Jharkhand,P000288,,Gautam Ghosh,OVERDRAFT,2024-07-05,ACTIVE,0,MEDIUM
AC000497,3376107277876597,IFBX0324605,IDFC First Bank,Deoghar,Jharkhand,P000288,,Gautam Ghosh,CURRENT,2022-08-25,FROZEN,0,MEDIUM
AC000498,19250583682,IFBX0517024,IDFC First Bank,Deoghar,Jharkhand,P000288,,Gautam Ghosh,OVERDRAFT,2013-06-18,DORMANT,0,HIGH
AC000499,674693443222,PPBX0837213,Paytm Payments Bank,Deoghar,Jharkhand,P000288,,Gautam Ghosh,SAVINGS,2021-05-17,ACTIVE,0,LOW
AC000500,1273485794941844,YBXX0265495,Yes Bank,Siliguri,West Bengal,P000289,,Netrapal Dixit,SAVINGS,2014-11-09,DORMANT,1,LOW
AC000501,4491502229518589,IFBX0768116,IDFC First Bank,Siliguri,West Bengal,P000289,,Netrapal Dixit,CURRENT,2019-03-03,ACTIVE,1,MEDIUM
AC000502,6991574800486908,CBOI0026782,Central Bank of India,Siliguri,West Bengal,P000289,,Netrapal Dixit,SAVINGS,2015-08-10,ACTIVE,1,MEDIUM
AC000503,06208020110,IBXX0412588,IndusInd Bank,Malappuram,Kerala,P000290,,Alpesh Shah,OVERDRAFT,2013-08-22,ACTIVE,0,LOW
AC000504,5484524054168331,ABXX0421472,Axis Bank,Siliguri,West Bengal,P000291,,Manoj Menon,CURRENT,2022-08-18,FROZEN,0,LOW
AC000505,2742933175613631,KMBX0159695,Kotak Mahindra Bank,Hyderabad,Telangana,P000292,,Wasim Mansuri,CURRENT,2015-02-03,DORMANT,0,HIGH
AC000506,57634162531640,BOBX0237393,Bank of Baroda,Hyderabad,Telangana,P000292,,Wasim Mansuri,WALLET,2023-05-10,ACTIVE,0,LOW
AC000507,0377905425317027,KVBX0772178,Karur Vysya Bank,Hyderabad,Telangana,P000292,,Wasim Mansuri,SAVINGS,2019-05-02,DORMANT,1,LOW
AC000508,1269072807934469,UBOI0690910,Union Bank of India,Hyderabad,Telangana,P000293,,Har Prasad Sharma,SAVINGS,2024-02-19,ACTIVE,0,MEDIUM
AC000509,1894658547398930,KMBX0161279,Kotak Mahindra Bank,Nagpur,Maharashtra,P000294,,Sarfaraz Pathan,SAVINGS,2024-08-24,ACTIVE,0,LOW
AC000510,67431218272,HBXX0596734,HDFC Bank,Kutch,Gujarat,P000295,,Imran Saifi,CURRENT,2023-12-30,ACTIVE,0,LOW
AC000511,64756091575,HBXX0415796,HDFC Bank,Kutch,Gujarat,P000295,,Imran Saifi,SAVINGS,2023-10-26,ACTIVE,0,LOW
AC000512,09191706693548,YBXX0910211,Yes Bank,Warangal,Telangana,P000296,,Salim Baig,SAVINGS,2016-09-06,ACTIVE,0,MEDIUM
AC000513,28674160731,PPBX0985047,Paytm Payments Bank,New Delhi,Delhi,P000297,,Divyesh Patel,SAVINGS,2024-02-29,ACTIVE,1,LOW
AC000514,408287274064,BBXX0708870,Bandhan Bank,New Delhi,Delhi,P000297,,Divyesh Patel,SAVINGS,2022-07-04,ACTIVE,0,LOW
AC000515,27587943205,FBXX0000943,Federal Bank,New Delhi,Delhi,P000297,,Divyesh Patel,SAVINGS,2013-08-06,ACTIVE,1,MEDIUM
AC000516,517171188221,SBOI0317236,State Bank of India,New Delhi,Delhi,P000298,,Baiju Marar,CURRENT,2022-05-31,ACTIVE,0,HIGH
AC000517,19594087495,PPBX0033467,Paytm Payments Bank,New Delhi,Delhi,P000298,,Baiju Marar,SAVINGS,2025-04-14,ACTIVE,0,LOW
AC000518,506983214456,IBXX0863146,ICICI Bank,Warangal,Telangana,P000299,,Vinayakan Joseph,WALLET,2026-06-10,DORMANT,0,HIGH
AC000519,36071498703,KVBX0784457,Karur Vysya Bank,Kolkata,West Bengal,P000300,,Haroon Idrisi,CURRENT,2024-03-26,DORMANT,0,HIGH
AC000520,41319299322,KVBX0394780,Karur Vysya Bank,Kolkata,West Bengal,P000300,,Haroon Idrisi,CURRENT,2022-10-21,ACTIVE,0,LOW
AC000521,59794223413242,BOBX0628989,Bank of Baroda,Malappuram,Kerala,P000301,,Jayan Joseph,CURRENT,2014-11-13,ACTIVE,0,LOW
AC000522,56059233892516,FBXX0913068,Federal Bank,Chennai,Tamil Nadu,P000302,,Biju Thomas,WALLET,2020-02-28,ACTIVE,1,MEDIUM
AC000523,073359985751,YBXX0225376,Yes Bank,Murshidabad,West Bengal,P000303,,Balbir Yadav,CURRENT,2013-05-25,DORMANT,1,LOW
AC000524,04207101563,IBXX0391807,ICICI Bank,Murshidabad,West Bengal,P000303,,Balbir Yadav,SAVINGS,2025-05-28,ACTIVE,1,HIGH
AC000525,04516559151,CBOI0782733,Central Bank of India,Porbandar,Gujarat,P000304,,Afsana Malik,CURRENT,2017-07-25,DORMANT,0,HIGH
AC000526,172199898237,PNBX0224282,Punjab National Bank,Porbandar,Gujarat,P000304,,Afsana Malik,SAVINGS,2017-04-11,ACTIVE,0,MEDIUM
AC000527,230253007232,IBXX0484444,ICICI Bank,Porbandar,Gujarat,P000304,,Afsana Malik,SAVINGS,2014-05-08,ACTIVE,0,LOW
AC000528,0554800572529449,KVBX0309982,Karur Vysya Bank,Porbandar,Gujarat,P000304,,Afsana Malik,CURRENT,2019-05-21,ACTIVE,0,HIGH
AC000529,823320186162,IBXX0645609,ICICI Bank,Porbandar,Gujarat,P000304,,Afsana Malik,SAVINGS,2015-01-16,ACTIVE,0,LOW
AC000530,98644713341,IFBX0812916,IDFC First Bank,Ahmedabad,Gujarat,P000305,,Manoj Chauhan,CURRENT,2016-01-13,DORMANT,0,HIGH
AC000531,9549001038012192,CBOI0446330,Central Bank of India,Thrissur,Kerala,P000306,,Nadeem Idrisi,SAVINGS,2014-11-23,ACTIVE,0,HIGH
AC000532,08433724174909,SBOI0782769,State Bank of India,Coimbatore,Tamil Nadu,P000307,,Ibrahim Idrisi,SAVINGS,2019-02-22,DORMANT,1,MEDIUM
AC000533,4375177784251081,HBXX0658878,HDFC Bank,Coimbatore,Tamil Nadu,P000307,,Ibrahim Idrisi,SAVINGS,2022-06-15,ACTIVE,1,LOW
AC000534,77200231939,FBXX0020014,Federal Bank,Siliguri,West Bengal,P000308,,Netrapal Singh,SAVINGS,2023-04-16,ACTIVE,0,MEDIUM
AC000535,98604366899,HBXX0570411,HDFC Bank,Coimbatore,Tamil Nadu,P000309,,Jignesh Thakor,SAVINGS,2015-07-06,ACTIVE,0,LOW
AC000536,20111628205,IBXX0564199,IndusInd Bank,Navi Mumbai,Maharashtra,P000310,,Anwar Alam,CURRENT,2023-07-18,ACTIVE,1,MEDIUM
AC000537,0492210561219997,ASFB0525470,AU Small Finance Bank,Navi Mumbai,Maharashtra,P000310,,Anwar Alam,SAVINGS,2023-04-16,ACTIVE,1,LOW
AC000538,12120865509907,ASFB0019430,AU Small Finance Bank,Navi Mumbai,Maharashtra,P000310,,Anwar Alam,SAVINGS,2019-07-27,DORMANT,1,LOW
AC000539,8273470724625999,IBXX0798968,IndusInd Bank,Kutch,Gujarat,P000311,,Naresh Nagar,CURRENT,2025-11-05,ACTIVE,0,LOW
AC000540,2907095014275526,BBXX0354057,Bandhan Bank,Vadodara,Gujarat,P000312,,Anoop Kurup,CURRENT,2013-04-30,ACTIVE,0,MEDIUM
AC000541,93845715966991,UBOI0498250,Union Bank of India,Vadodara,Gujarat,P000312,,Anoop Kurup,SAVINGS,2022-04-15,ACTIVE,0,LOW
AC000542,1471185630690661,BOIX0312129,Bank of India,Vadodara,Gujarat,P000312,,Anoop Kurup,SAVINGS,2014-10-19,ACTIVE,0,HIGH
AC000543,30827363656,APBX0756965,Airtel Payments Bank,New Delhi,Delhi,P000313,,Sanjay Rathore,CURRENT,2015-11-29,ACTIVE,0,MEDIUM
AC000544,5044656701629988,YBXX0584916,Yes Bank,New Delhi,Delhi,P000313,,Sanjay Rathore,WALLET,2025-07-01,ACTIVE,0,HIGH
AC000545,488530346867,FBXX0304000,Federal Bank,Ahmedabad,Gujarat,P000314,,Praveen Kurup,CURRENT,2022-04-02,ACTIVE,0,LOW
AC000546,2926876128844142,PPBX0533602,Paytm Payments Bank,Ahmedabad,Gujarat,P000314,,Praveen Kurup,OVERDRAFT,2022-11-10,DORMANT,0,MEDIUM
AC000547,78735944634285,IOBX0357462,Indian Overseas Bank,Ahmedabad,Gujarat,P000314,,Praveen Kurup,WALLET,2024-07-19,CLOSED,0,HIGH
AC000548,96552898001769,YBXX0666715,Yes Bank,Ahmedabad,Gujarat,P000314,,Praveen Kurup,SAVINGS,2016-07-11,ACTIVE,0,HIGH
AC000549,15679780868476,IOBX0259967,Indian Overseas Bank,Hyderabad,Telangana,P000315,,Paresh Vaghela,SAVINGS,2023-01-29,FROZEN,1,LOW
AC000550,77102037864,BBXX0118947,Bandhan Bank,Hyderabad,Telangana,P000315,,Paresh Vaghela,SAVINGS,2014-09-15,ACTIVE,1,MEDIUM
AC000551,8638246987168551,CBXX0312773,Canara Bank,Hyderabad,Telangana,P000315,,Paresh Vaghela,SAVINGS,2024-11-20,FROZEN,1,LOW
AC000552,1634578483997413,KVBX0531234,Karur Vysya Bank,North 24 Parganas,West Bengal,P000316,,Jitendra Solanki,SAVINGS,2015-12-27,ACTIVE,0,HIGH
AC000553,568096348936,BOBX0594557,Bank of Baroda,New Delhi,Delhi,P000317,,Nishad Panicker,SAVINGS,2018-03-04,DORMANT,0,MEDIUM
AC000554,39874573641492,KVBX0864018,Karur Vysya Bank,New Delhi,Delhi,P000317,,Nishad Panicker,OVERDRAFT,2016-10-17,ACTIVE,0,LOW
AC000555,21079636690,ABXX0205109,Axis Bank,New Delhi,Delhi,P000317,,Nishad Panicker,CURRENT,2026-02-26,ACTIVE,0,MEDIUM
AC000556,7642495476719224,SBOI0782213,State Bank of India,Nagpur,Maharashtra,P000318,,Sarfaraz Shaikh,CURRENT,2015-08-21,ACTIVE,0,MEDIUM
AC000557,59683282331,KMBX0777364,Kotak Mahindra Bank,Thrissur,Kerala,P000319,,Sarfaraz Baig,CURRENT,2015-11-16,ACTIVE,1,HIGH
AC000558,8175579587806686,UBOI0609685,Union Bank of India,Thrissur,Kerala,P000319,,Sarfaraz Baig,OVERDRAFT,2017-10-15,ACTIVE,1,LOW
AC000559,9229398908553277,PPBX0770550,Paytm Payments Bank,Nadia,West Bengal,P000320,,Anoop Mathew,OVERDRAFT,2026-01-22,DORMANT,0,HIGH
AC000560,2476659053497574,BOBX0451015,Bank of Baroda,Nadia,West Bengal,P000320,,Anoop Mathew,SAVINGS,2025-01-29,ACTIVE,0,LOW
AC000561,217914018643,KMBX0571617,Kotak Mahindra Bank,Nadia,West Bengal,P000320,,Anoop Mathew,SAVINGS,2020-07-27,ACTIVE,0,HIGH
AC000562,49459867392112,CBOI0196187,Central Bank of India,Hyderabad,Telangana,P000321,,Vipul Chauhan,SAVINGS,2016-09-06,DORMANT,0,MEDIUM
AC000563,718229094467,PNBX0507504,Punjab National Bank,Hyderabad,Telangana,P000321,,Vipul Chauhan,SAVINGS,2014-09-11,ACTIVE,0,LOW
AC000564,11673964506761,IBXX0461177,ICICI Bank,Hyderabad,Telangana,P000321,,Vipul Chauhan,SAVINGS,2018-09-25,ACTIVE,0,LOW
AC000565,973952736741,CBXX0304504,Canara Bank,Hyderabad,Telangana,P000321,,Vipul Chauhan,SAVINGS,2014-11-19,FROZEN,0,LOW
AC000566,3900713659106183,KMBX0554969,Kotak Mahindra Bank,Hyderabad,Telangana,P000321,,Vipul Chauhan,CURRENT,2017-05-02,ACTIVE,0,HIGH
AC000567,779945054952,FBXX0224986,Federal Bank,Hyderabad,Telangana,P000322,,Mushtaq Idrisi,WALLET,2013-03-06,DORMANT,0,MEDIUM
AC000568,92775130937329,ABXX0729140,Axis Bank,Hyderabad,Telangana,P000322,,Mushtaq Idrisi,CURRENT,2016-03-30,ACTIVE,0,LOW
AC000569,63550666540791,CBOI0370571,Central Bank of India,Hyderabad,Telangana,P000322,,Mushtaq Idrisi,SAVINGS,2013-10-11,CLOSED,0,LOW
AC000570,31726821556719,IBXX0201248,IndusInd Bank,Nagpur,Maharashtra,P000323,,Wasim Sheikh,CURRENT,2019-11-26,DORMANT,0,LOW
AC000571,64880012539053,CBOI0215963,Central Bank of India,Aurangabad,Maharashtra,P000324,,Nilesh Parmar,CURRENT,2022-04-09,ACTIVE,1,LOW
AC000572,221974028231,KMBX0643035,Kotak Mahindra Bank,Warangal,Telangana,P000325,,Chirag Dave,WALLET,2020-07-15,ACTIVE,0,LOW
AC000573,92493473725773,CBOI0063855,Central Bank of India,Vadodara,Gujarat,P000326,,Jignesh Patel,CURRENT,2017-07-05,ACTIVE,0,MEDIUM
AC000574,425879772625,PNBX0762297,Punjab National Bank,Vadodara,Gujarat,P000326,,Jignesh Patel,SAVINGS,2025-03-07,DORMANT,0,MEDIUM
AC000575,55372420092996,BOBX0952807,Bank of Baroda,Vadodara,Gujarat,P000326,,Jignesh Patel,WALLET,2025-05-30,ACTIVE,0,MEDIUM
AC000576,58582279356,KVBX0255916,Karur Vysya Bank,Vadodara,Gujarat,P000326,,Jignesh Patel,SAVINGS,2014-08-14,ACTIVE,0,LOW
AC000577,8775411847629749,ASFB0497916,AU Small Finance Bank,Malappuram,Kerala,P000327,,Javed Chaudhary,CURRENT,2023-12-07,ACTIVE,0,LOW
AC000578,24624702177025,CBOI0383697,Central Bank of India,Nizamabad,Telangana,P000328,,Prakash Awasthi,CURRENT,2015-01-29,ACTIVE,0,HIGH
AC000579,6117495387679897,CBOI0644331,Central Bank of India,Kozhikode,Kerala,P000329,,Rambabu Yadav,CURRENT,2018-04-07,ACTIVE,0,LOW
AC000580,3222170507578047,IBXX0994126,IndusInd Bank,New Delhi,Delhi,P000330,,Wasim Rahman,SAVINGS,2018-02-24,ACTIVE,0,MEDIUM
AC000581,268667901686,ASFB0181476,AU Small Finance Bank,New Delhi,Delhi,P000330,,Wasim Rahman,CURRENT,2023-03-19,ACTIVE,0,LOW
AC000582,663275934875,KVBX0535597,Karur Vysya Bank,Hyderabad,Telangana,P000331,,Shakeel Ansari,SAVINGS,2024-05-31,ACTIVE,0,MEDIUM
AC000583,386642974224,ASFB0417539,AU Small Finance Bank,Hyderabad,Telangana,P000331,,Shakeel Ansari,CURRENT,2026-03-10,CLOSED,0,HIGH
AC000584,102735810790,KVBX0247567,Karur Vysya Bank,Hyderabad,Telangana,P000331,,Shakeel Ansari,CURRENT,2021-03-11,ACTIVE,0,LOW
AC000585,9772887360511035,BOBX0358399,Bank of Baroda,New Delhi,Delhi,P000332,,Shibu Thomas,SAVINGS,2024-03-08,ACTIVE,0,LOW
AC000586,80098633166,SBOI0593735,State Bank of India,New Delhi,Delhi,P000332,,Shibu Thomas,SAVINGS,2025-10-14,ACTIVE,0,LOW
AC000587,87301924418923,PNBX0482224,Punjab National Bank,New Delhi,Delhi,P000332,,Shibu Thomas,SAVINGS,2013-04-28,ACTIVE,0,HIGH
AC000588,854895987119,HBXX0690213,HDFC Bank,New Delhi,Delhi,P000332,,Shibu Thomas,SAVINGS,2020-03-22,ACTIVE,0,MEDIUM
AC000589,949752712904,BOBX0240827,Bank of Baroda,New Delhi,Delhi,P000332,,Shibu Thomas,SAVINGS,2015-05-21,ACTIVE,0,MEDIUM
AC000590,6345962635352277,PPBX0480766,Paytm Payments Bank,Kozhikode,Kerala,P000333,,Ketan Dave,SAVINGS,2022-06-14,FROZEN,0,HIGH
AC000591,59254495176424,ASFB0932738,AU Small Finance Bank,Kozhikode,Kerala,P000333,,Ketan Dave,SAVINGS,2022-03-17,DORMANT,0,MEDIUM
AC000592,980998895377,IOBX0476930,Indian Overseas Bank,Kozhikode,Kerala,P000334,,Sreenivasan Jacob,SAVINGS,2016-08-05,CLOSED,0,MEDIUM
AC000593,784986005425,BOBX0188689,Bank of Baroda,Kozhikode,Kerala,P000334,,Sreenivasan Jacob,SAVINGS,2013-11-24,ACTIVE,0,LOW
AC000594,39950918149835,BOIX0026528,Bank of India,Kozhikode,Kerala,P000334,,Sreenivasan Jacob,OVERDRAFT,2023-08-19,ACTIVE,0,HIGH
AC000595,319512154878,CBOI0970874,Central Bank of India,Hyderabad,Telangana,P000335,,Wasim Baig,CURRENT,2021-05-23,ACTIVE,0,HIGH
AC000596,43563108232,PNBX0111508,Punjab National Bank,Hyderabad,Telangana,P000335,,Wasim Baig,WALLET,2013-04-13,FROZEN,0,HIGH
AC000597,14163555788,IBXX0414574,IndusInd Bank,Hyderabad,Telangana,P000335,,Wasim Baig,SAVINGS,2024-07-10,ACTIVE,0,MEDIUM
AC000598,2623924151340174,UBOI0971364,Union Bank of India,Chennai,Tamil Nadu,P000336,,Munna Baghel,SAVINGS,2013-03-04,ACTIVE,0,MEDIUM
AC000599,8056106217562692,CBXX0338331,Canara Bank,New Delhi,Delhi,P000337,,Kalpesh Vaghela,SAVINGS,2024-06-18,DORMANT,0,MEDIUM
AC000600,8296898192810871,APBX0768215,Airtel Payments Bank,Mumbai,Maharashtra,P000338,,Bharat Rabari,SAVINGS,2023-12-26,DORMANT,0,MEDIUM
AC000601,634714113631,BBXX0776260,Bandhan Bank,Mumbai,Maharashtra,P000338,,Bharat Rabari,SAVINGS,2025-06-01,ACTIVE,0,LOW
AC000602,076694217000,IFBX0188947,IDFC First Bank,Thrissur,Kerala,P000339,,Nishad Jacob,CURRENT,2020-11-30,FROZEN,1,LOW
AC000603,81636020962,IOBX0868604,Indian Overseas Bank,Thrissur,Kerala,P000339,,Nishad Jacob,CURRENT,2021-12-20,ACTIVE,1,MEDIUM
AC000604,0618516886204378,APBX0815814,Airtel Payments Bank,Thrissur,Kerala,P000339,,Nishad Jacob,SAVINGS,2026-04-01,ACTIVE,1,MEDIUM
AC000605,12834492073,KMBX0108370,Kotak Mahindra Bank,Hyderabad,Telangana,P000340,,Girdhari Tiwari,WALLET,2014-08-27,ACTIVE,0,HIGH
AC000606,98802535234,IBXX0847124,ICICI Bank,Mumbai,Maharashtra,P000341,,Vipin Panicker,SAVINGS,2024-11-29,CLOSED,0,LOW
AC000607,65505284304434,BOIX0246452,Bank of India,Mumbai,Maharashtra,P000341,,Vipin Panicker,SAVINGS,2017-01-12,ACTIVE,0,LOW
AC000608,29867554228392,PNBX0472081,Punjab National Bank,Surat,Gujarat,P000342,,Rasik Mehta,SAVINGS,2023-09-27,ACTIVE,0,LOW
AC000609,31186090916,IOBX0666508,Indian Overseas Bank,Hyderabad,Telangana,P000343,,Hardik Zala,SAVINGS,2024-04-22,DORMANT,0,LOW
AC000610,09042985658,YBXX0513797,Yes Bank,Hyderabad,Telangana,P000343,,Hardik Zala,CURRENT,2020-08-15,ACTIVE,0,HIGH
AC000611,885656654862,CBOI0026369,Central Bank of India,Trichy,Tamil Nadu,P000344,,Jignesh Dave,SAVINGS,2017-01-12,ACTIVE,0,LOW
AC000612,75043315999,ASFB0887046,AU Small Finance Bank,New Delhi,Delhi,P000345,,Praveen Jacob,SAVINGS,2025-01-18,ACTIVE,0,LOW
AC000613,011606416681,UBOI0357631,Union Bank of India,New Delhi,Delhi,P000345,,Praveen Jacob,WALLET,2017-11-07,ACTIVE,0,LOW
AC000614,8592868671491696,PPBX0801598,Paytm Payments Bank,Mumbai,Maharashtra,P000346,,Rajeevan Marar,SAVINGS,2015-08-05,ACTIVE,0,HIGH
AC000615,911584301313,BBXX0487422,Bandhan Bank,Siliguri,West Bengal,P000347,,Satish Kushwaha,WALLET,2024-07-07,ACTIVE,0,MEDIUM
AC000616,457307110252,ABXX0965738,Axis Bank,Rajkot,Gujarat,P000348,,Firoz Mirza,SAVINGS,2023-01-17,CLOSED,0,MEDIUM
AC000617,274217827710,HBXX0501832,HDFC Bank,Chennai,Tamil Nadu,P000349,,Rinku Parmar,SAVINGS,2022-09-12,ACTIVE,0,LOW
AC000618,393346226424,CBXX0001742,Canara Bank,Chennai,Tamil Nadu,P000349,,Rinku Parmar,SAVINGS,2025-04-25,ACTIVE,0,MEDIUM
AC000619,84716756948564,FBXX0830988,Federal Bank,Aurangabad,Maharashtra,P000350,,Vipul Chauhan,SAVINGS,2023-05-09,ACTIVE,0,LOW
AC000620,03356264085955,YBXX0149572,Yes Bank,Aurangabad,Maharashtra,P000350,,Vipul Chauhan,WALLET,2014-03-30,ACTIVE,0,MEDIUM
AC000621,0526716977819767,BBXX0314812,Bandhan Bank,Aurangabad,Maharashtra,P000350,,Vipul Chauhan,SAVINGS,2013-11-06,ACTIVE,0,HIGH
AC000622,32159668292730,BOIX0739370,Bank of India,Siliguri,West Bengal,P000351,,Shakeel Mirza,WALLET,2018-10-02,ACTIVE,0,MEDIUM
AC000623,99009749937579,FBXX0270855,Federal Bank,Siliguri,West Bengal,P000351,,Shakeel Mirza,SAVINGS,2023-11-23,ACTIVE,0,LOW
AC000624,448466117716,IFBX0230248,IDFC First Bank,Siliguri,West Bengal,P000351,,Shakeel Mirza,WALLET,2014-05-04,DORMANT,0,MEDIUM
AC000625,027257522625,CBOI0548315,Central Bank of India,Siliguri,West Bengal,P000351,,Shakeel Mirza,OVERDRAFT,2015-02-26,CLOSED,0,MEDIUM
AC000626,884529693389,IBXX0472697,IndusInd Bank,Nadia,West Bengal,P000352,,Ramesh Tiwari,SAVINGS,2021-10-27,CLOSED,0,MEDIUM
AC000627,338169750783,KVBX0886558,Karur Vysya Bank,Nadia,West Bengal,P000352,,Ramesh Tiwari,SAVINGS,2013-04-23,FROZEN,0,MEDIUM
AC000628,3863186345554706,BBXX0078054,Bandhan Bank,Solapur,Maharashtra,P000353,,Ratheesh Menon,SAVINGS,2019-06-15,ACTIVE,0,LOW
AC000629,11762158873,CBOI0145033,Central Bank of India,Solapur,Maharashtra,P000353,,Ratheesh Menon,SAVINGS,2026-05-24,ACTIVE,0,HIGH
AC000630,85257249259876,FBXX0400696,Federal Bank,New Delhi,Delhi,P000354,,Shailendra Baghel,SAVINGS,2026-04-07,ACTIVE,0,LOW
AC000631,26066543113096,IBXX0377401,IndusInd Bank,Chennai,Tamil Nadu,P000355,,Randhir Sharma,SAVINGS,2013-09-29,ACTIVE,0,HIGH
AC000632,5778977612765149,CBXX0241009,Canara Bank,Murshidabad,West Bengal,P000356,,Sudha Kushwaha,SAVINGS,2017-11-16,ACTIVE,0,MEDIUM
AC000633,662066610201,BOBX0174518,Bank of Baroda,Murshidabad,West Bengal,P000356,,Sudha Kushwaha,CURRENT,2024-07-21,CLOSED,0,MEDIUM
AC000634,5054767445313867,KVBX0823627,Karur Vysya Bank,Chennai,Tamil Nadu,P000357,,Om Prakash Rajput,WALLET,2025-05-10,ACTIVE,0,LOW
AC000635,05171757322836,IBXX0138142,ICICI Bank,Chennai,Tamil Nadu,P000357,,Om Prakash Rajput,SAVINGS,2017-08-14,FROZEN,0,LOW
AC000636,896355231335,ASFB0862685,AU Small Finance Bank,Purnia,Bihar,P000358,,Prakash Rai,SAVINGS,2017-10-13,FROZEN,0,LOW
AC000637,0101632900042199,SBOI0893960,State Bank of India,Purnia,Bihar,P000358,,Prakash Rai,SAVINGS,2019-05-18,ACTIVE,0,LOW
AC000638,26245852243,ABXX0167208,Axis Bank,Jaunpur,Uttar Pradesh,P000359,,Shivanna Kamath,SAVINGS,2024-08-31,ACTIVE,0,HIGH
AC000639,86226591940,IBXX0669425,IndusInd Bank,Jaunpur,Uttar Pradesh,P000359,,Shivanna Kamath,OVERDRAFT,2022-09-14,DORMANT,0,LOW
AC000640,87328565809,ABXX0053805,Axis Bank,Meerut,Uttar Pradesh,P000360,,Jagdish Singh,CURRENT,2014-05-19,ACTIVE,0,LOW
AC000641,3875027873621848,KMBX0177455,Kotak Mahindra Bank,Jabalpur,Madhya Pradesh,P000361,,Ramesh Dixit,CURRENT,2017-06-25,ACTIVE,0,MEDIUM
AC000642,00782693132419,APBX0100225,Airtel Payments Bank,Indore,Madhya Pradesh,P000362,,Suresh Jaiswal,SAVINGS,2018-04-06,ACTIVE,0,LOW
AC000643,21055891198310,KMBX0305270,Kotak Mahindra Bank,Indore,Madhya Pradesh,P000362,,Suresh Jaiswal,SAVINGS,2020-08-12,ACTIVE,0,LOW
AC000644,51271981098,ABXX0446524,Axis Bank,Indore,Madhya Pradesh,P000363,,Perumal Kurup,CURRENT,2014-11-15,ACTIVE,0,LOW
AC000645,6197301411109498,CBXX0990567,Canara Bank,Khargone,Madhya Pradesh,P000364,,Jitendra Prajapati,SAVINGS,2022-06-13,FROZEN,0,MEDIUM
AC000646,79618404211,YBXX0633401,Yes Bank,Khargone,Madhya Pradesh,P000364,,Jitendra Prajapati,SAVINGS,2024-05-20,ACTIVE,0,HIGH
AC000647,016945296724,UBOI0347014,Union Bank of India,Barmer,Rajasthan,P000365,,Velu Nadar,SAVINGS,2021-08-19,ACTIVE,0,LOW
AC000648,62365956799,IBXX0714685,IndusInd Bank,Mangaluru,Karnataka,P000366,,Har Prasad Yadav,SAVINGS,2023-02-09,FROZEN,0,HIGH
AC000649,508336780922,YBXX0735587,Yes Bank,Mangaluru,Karnataka,P000366,,Har Prasad Yadav,SAVINGS,2016-09-28,ACTIVE,0,HIGH
AC000650,5744582574237720,CBXX0439345,Canara Bank,Patna,Bihar,P000367,,Ilango Annadurai,SAVINGS,2018-03-09,ACTIVE,0,MEDIUM
AC000651,8713950385433665,HBXX0819320,HDFC Bank,Patna,Bihar,P000367,,Ilango Annadurai,SAVINGS,2026-01-13,ACTIVE,0,HIGH
AC000652,94930553400,YBXX0946748,Yes Bank,Trichy,Tamil Nadu,P000368,,Dinesh Rathore,SAVINGS,2019-04-28,ACTIVE,0,LOW
AC000653,395157460678,YBXX0083124,Yes Bank,Trichy,Tamil Nadu,P000368,,Dinesh Rathore,SAVINGS,2023-04-26,FROZEN,0,LOW
AC000654,299552157231,SBOI0488975,State Bank of India,Trichy,Tamil Nadu,P000368,,Dinesh Rathore,SAVINGS,2023-12-28,DORMANT,0,MEDIUM
AC000655,888756999085,CBOI0692028,Central Bank of India,Trichy,Tamil Nadu,P000368,,Dinesh Rathore,WALLET,2018-12-01,FROZEN,0,LOW
AC000656,5667315841714796,CBOI0851990,Central Bank of India,Trichy,Tamil Nadu,P000368,,Dinesh Rathore,SAVINGS,2023-03-06,ACTIVE,0,LOW
AC000657,78049903326,SBOI0312517,State Bank of India,Tirunelveli,Tamil Nadu,P000369,,Ravichandran Nadar,SAVINGS,2013-09-01,ACTIVE,0,LOW
AC000658,4964948970964965,IBXX0459000,IndusInd Bank,Munger,Bihar,P000370,,Yallappa Angadi,CURRENT,2015-03-08,DORMANT,0,LOW
AC000659,7287841856788632,HBXX0162392,HDFC Bank,Bengaluru,Karnataka,P000371,,Manoj Yadav,SAVINGS,2015-08-22,ACTIVE,1,LOW
AC000660,77442149504,ABXX0794764,Axis Bank,Bengaluru,Karnataka,P000371,,Manoj Yadav,SAVINGS,2018-09-26,ACTIVE,1,MEDIUM
AC000661,225885238416,FBXX0497984,Federal Bank,Chennai,Tamil Nadu,P000372,,Rajendran Pillai,SAVINGS,2019-08-23,ACTIVE,0,LOW
AC000662,30103561494,PNBX0923611,Punjab National Bank,Chennai,Tamil Nadu,P000372,,Rajendran Pillai,OVERDRAFT,2023-12-03,ACTIVE,0,LOW
AC000663,33411702729,KMBX0355973,Kotak Mahindra Bank,Chennai,Tamil Nadu,P000372,,Rajendran Pillai,SAVINGS,2023-02-14,ACTIVE,0,MEDIUM
AC000664,382205025802,IBXX0894683,ICICI Bank,Purnia,Bihar,P000373,,Saravanan Mudaliar,OVERDRAFT,2018-04-03,FROZEN,0,LOW
AC000665,6819864864665935,BOIX0238571,Bank of India,Purnia,Bihar,P000373,,Saravanan Mudaliar,OVERDRAFT,2025-01-11,ACTIVE,1,LOW
AC000666,6810630072182653,IBXX0538218,ICICI Bank,Mangaluru,Karnataka,P000374,,Murugan Annadurai,SAVINGS,2025-07-12,ACTIVE,0,HIGH
AC000667,32147493549410,FBXX0975877,Federal Bank,Mangaluru,Karnataka,P000374,,Murugan Annadurai,CURRENT,2019-07-02,FROZEN,0,MEDIUM
AC000668,32371535795,APBX0394559,Airtel Payments Bank,Mangaluru,Karnataka,P000375,,Satish Kushwaha,CURRENT,2013-06-14,ACTIVE,0,LOW
AC000669,653193366520,YBXX0354612,Yes Bank,Mangaluru,Karnataka,P000375,,Satish Kushwaha,SAVINGS,2015-05-24,ACTIVE,1,LOW
AC000670,5032077261568493,HBXX0314768,HDFC Bank,Jabalpur,Madhya Pradesh,P000376,,Hanumanthappa Acharya,CURRENT,2014-08-11,FROZEN,0,LOW
AC000671,3018844502528431,IOBX0295431,Indian Overseas Bank,Jabalpur,Madhya Pradesh,P000376,,Hanumanthappa Acharya,SAVINGS,2025-04-04,DORMANT,0,LOW
AC000672,3585932109855657,CBOI0680178,Central Bank of India,Chennai,Tamil Nadu,P000377,,Veeresh Acharya,SAVINGS,2025-05-28,FROZEN,0,MEDIUM
AC000673,9045132931137183,BBXX0483086,Bandhan Bank,Noida,Uttar Pradesh,P000378,,Malathi Raja,CURRENT,2018-01-11,ACTIVE,0,HIGH
AC000674,594877612685,PPBX0314000,Paytm Payments Bank,Tirunelveli,Tamil Nadu,P000379,,Saravanan Naicker,SAVINGS,2026-01-20,FROZEN,0,MEDIUM
AC000675,71417471574,YBXX0996472,Yes Bank,Bhind,Madhya Pradesh,P000380,,Rajendran Gounder,OVERDRAFT,2019-09-13,CLOSED,1,LOW
AC000676,47027940498,BBXX0611172,Bandhan Bank,Bhind,Madhya Pradesh,P000380,,Rajendran Gounder,SAVINGS,2014-12-07,ACTIVE,1,MEDIUM
AC000677,5398954769094158,ASFB0631959,AU Small Finance Bank,Bhind,Madhya Pradesh,P000381,,Perumal Subramanian,SAVINGS,2021-06-15,ACTIVE,0,MEDIUM
AC000678,72352488071963,CBOI0142918,Central Bank of India,Siwan,Bihar,P000382,,Mallikarjun Rai,SAVINGS,2025-12-07,ACTIVE,1,LOW
AC000679,59732483191,HBXX0594296,HDFC Bank,Siwan,Bihar,P000382,,Mallikarjun Rai,SAVINGS,2016-06-04,ACTIVE,1,LOW
AC000680,607187097528,IBXX0513290,ICICI Bank,Siwan,Bihar,P000382,,Mallikarjun Rai,SAVINGS,2026-04-02,ACTIVE,1,MEDIUM
AC000681,616456939821,APBX0611995,Airtel Payments Bank,Bharatpur,Rajasthan,P000383,,Balbir Yadav,SAVINGS,2015-06-04,ACTIVE,0,HIGH
AC000682,50526866765,BBXX0640600,Bandhan Bank,Patna,Bihar,P000384,,Deepak Gupta,WALLET,2024-04-27,DORMANT,0,LOW
AC000683,06392494840,UBOI0313383,Union Bank of India,Patna,Bihar,P000384,,Deepak Gupta,SAVINGS,2023-07-26,FROZEN,0,LOW
AC000684,8766342833238356,SBOI0273711,State Bank of India,Chennai,Tamil Nadu,P000385,,Ilango Palanivel,SAVINGS,2020-07-01,FROZEN,1,MEDIUM
AC000685,96823011348,SBOI0265512,State Bank of India,Chennai,Tamil Nadu,P000385,,Ilango Palanivel,SAVINGS,2022-01-27,DORMANT,1,HIGH
AC000686,7787313503574339,CBXX0503978,Canara Bank,Jabalpur,Madhya Pradesh,P000386,,Thangaraj Naicker,CURRENT,2025-04-23,DORMANT,0,LOW
AC000687,98888663183,KMBX0674633,Kotak Mahindra Bank,Jabalpur,Madhya Pradesh,P000386,,Thangaraj Naicker,CURRENT,2013-09-07,ACTIVE,0,LOW
AC000688,89029018181,SBOI0407294,State Bank of India,Lucknow,Uttar Pradesh,P000387,,Selvam Naicker,SAVINGS,2019-08-30,ACTIVE,0,HIGH
AC000689,70573773398,BOBX0714096,Bank of Baroda,Lucknow,Uttar Pradesh,P000387,,Selvam Naicker,SAVINGS,2024-10-30,ACTIVE,0,LOW
AC000690,544081372776,ABXX0311513,Axis Bank,Lucknow,Uttar Pradesh,P000387,,Selvam Naicker,SAVINGS,2017-01-01,ACTIVE,0,LOW
AC000691,16076265064,IOBX0036840,Indian Overseas Bank,Jodhpur,Rajasthan,P000388,,Manjunath Hegde,CURRENT,2015-03-03,FROZEN,0,LOW
AC000692,312107264272,ABXX0516096,Axis Bank,Jodhpur,Rajasthan,P000388,,Manjunath Hegde,SAVINGS,2021-01-22,ACTIVE,0,LOW
AC000693,1082883469090695,IFBX0545633,IDFC First Bank,Kalaburagi,Karnataka,P000389,,Shivanna Angadi,SAVINGS,2022-01-21,ACTIVE,0,LOW
AC000694,148904495266,UBOI0645702,Union Bank of India,Alwar,Rajasthan,P000390,,Chitra Mudaliar,OVERDRAFT,2025-04-16,FROZEN,0,HIGH
AC000695,314074900683,YBXX0262021,Yes Bank,Bengaluru,Karnataka,P000391,,Mallikarjun Desai,CURRENT,2014-04-22,ACTIVE,0,LOW
AC000696,420757766130,BBXX0306019,Bandhan Bank,Lucknow,Uttar Pradesh,P000392,,Palanisamy Raja,SAVINGS,2017-06-14,ACTIVE,1,LOW
AC000697,3381435973351155,CBOI0241577,Central Bank of India,Ghaziabad,Uttar Pradesh,P000393,,Anbu Muthusamy,SAVINGS,2013-09-04,ACTIVE,0,MEDIUM
AC000698,68472896308121,YBXX0967397,Yes Bank,Kalaburagi,Karnataka,P000394,,Pramod Shukla,SAVINGS,2022-11-22,FROZEN,0,MEDIUM
AC000699,260421725401,YBXX0486127,Yes Bank,Chennai,Tamil Nadu,P000395,,Kannan Annadurai,SAVINGS,2022-10-14,ACTIVE,0,MEDIUM
AC000700,2617713538990969,APBX0594696,Airtel Payments Bank,Chennai,Tamil Nadu,P000395,,Kannan Annadurai,SAVINGS,2013-08-20,ACTIVE,0,LOW
AC000701,415688072856,ASFB0007388,AU Small Finance Bank,Bengaluru,Karnataka,P000396,,Netrapal Nishad,SAVINGS,2018-07-17,ACTIVE,0,MEDIUM
AC000702,23489323645,HBXX0118659,HDFC Bank,Bharatpur,Rajasthan,P000397,,Selvam Gounder,SAVINGS,2014-11-12,ACTIVE,0,MEDIUM
AC000703,79466130303,FBXX0562213,Federal Bank,Bharatpur,Rajasthan,P000397,,Selvam Gounder,OVERDRAFT,2013-03-08,ACTIVE,0,LOW
AC000704,0614245864145823,FBXX0138428,Federal Bank,Purnia,Bihar,P000398,,Girish Hiremath,WALLET,2015-04-14,FROZEN,0,LOW
AC000705,43895005413,IOBX0165871,Indian Overseas Bank,Chennai,Tamil Nadu,P000399,,Netrapal Bhardwaj,SAVINGS,2018-04-09,ACTIVE,1,LOW
AC000706,209046612963,IBXX0115697,ICICI Bank,Chennai,Tamil Nadu,P000399,,Netrapal Bhardwaj,SAVINGS,2017-08-26,ACTIVE,1,LOW
AC000707,145674750261,BOBX0586186,Bank of Baroda,Chennai,Tamil Nadu,P000399,,Netrapal Bhardwaj,SAVINGS,2022-05-23,DORMANT,1,LOW
AC000708,1362639838424812,PPBX0008954,Paytm Payments Bank,Chennai,Tamil Nadu,P000400,,Mallikarjun Hiremath,WALLET,2016-11-07,ACTIVE,0,HIGH
AC000709,14065340292667,HBXX0316785,HDFC Bank,Mangaluru,Karnataka,P000401,,Rajendran Subramanian,SAVINGS,2024-05-13,ACTIVE,0,HIGH
AC000710,5423972801870528,KMBX0453115,Kotak Mahindra Bank,Mangaluru,Karnataka,P000401,,Rajendran Subramanian,CURRENT,2019-06-22,ACTIVE,0,LOW
AC000711,39829810860,BOBX0441593,Bank of Baroda,Mangaluru,Karnataka,P000401,,Rajendran Subramanian,WALLET,2018-12-16,ACTIVE,0,HIGH
AC000712,05073535324,CBOI0449295,Central Bank of India,Alwar,Rajasthan,P000402,,Sanjay Dubey,CURRENT,2025-07-12,DORMANT,0,MEDIUM
AC000713,76938950200529,KVBX0564262,Karur Vysya Bank,Kalaburagi,Karnataka,P000403,,Saravanan Mudaliar,SAVINGS,2020-06-04,ACTIVE,0,MEDIUM
AC000714,1540012880143418,HBXX0245388,HDFC Bank,Kalaburagi,Karnataka,P000403,,Saravanan Mudaliar,SAVINGS,2017-04-14,ACTIVE,0,LOW
AC000715,18097013150806,CBOI0272974,Central Bank of India,Purnia,Bihar,P000404,,Elango Annadurai,SAVINGS,2021-04-25,ACTIVE,0,MEDIUM
AC000716,23223097012682,IBXX0133423,ICICI Bank,Purnia,Bihar,P000404,,Elango Annadurai,SAVINGS,2017-03-29,DORMANT,0,LOW
AC000717,75359482716,ABXX0821338,Axis Bank,Muzaffarpur,Bihar,P000405,,Om Prakash Chauhan,SAVINGS,2023-01-23,CLOSED,0,LOW
AC000718,58623913967743,KMBX0414671,Kotak Mahindra Bank,Trichy,Tamil Nadu,P000406,,Triloki Dubey,SAVINGS,2015-07-13,ACTIVE,0,HIGH
AC000719,271152357814,ABXX0818020,Axis Bank,Jaipur,Rajasthan,P000407,,Ajay Prajapati,SAVINGS,2025-10-23,DORMANT,0,MEDIUM
AC000720,50683587766,BBXX0316198,Bandhan Bank,Bengaluru,Karnataka,P000408,,Manjunath Gowda,CURRENT,2025-11-18,DORMANT,0,MEDIUM
AC000721,0415106125206057,IFBX0993412,IDFC First Bank,Bengaluru,Karnataka,P000408,,Manjunath Gowda,SAVINGS,2018-08-26,FROZEN,0,LOW
AC000722,3557754372954125,CBOI0211169,Central Bank of India,Varanasi,Uttar Pradesh,P000409,,Sanjay Nagar,CURRENT,2018-08-06,ACTIVE,0,LOW
AC000723,80043865268,BBXX0418605,Bandhan Bank,Varanasi,Uttar Pradesh,P000409,,Sanjay Nagar,SAVINGS,2022-01-22,ACTIVE,0,HIGH
AC000724,6269795536064962,ASFB0197658,AU Small Finance Bank,Gwalior,Madhya Pradesh,P000410,,Arun Maurya,SAVINGS,2021-03-23,ACTIVE,0,MEDIUM
AC000725,13398977270,HBXX0941684,HDFC Bank,Gwalior,Madhya Pradesh,P000410,,Arun Maurya,SAVINGS,2016-11-07,ACTIVE,0,LOW
AC000726,9264207121138712,YBXX0708397,Yes Bank,Khargone,Madhya Pradesh,P000411,,Kumaraswamy Kulkarni,WALLET,2014-05-29,ACTIVE,0,MEDIUM
AC000727,2514658926963177,KVBX0718130,Karur Vysya Bank,Bharatpur,Rajasthan,P000412,,Lokesh Chikkanna,CURRENT,2014-10-12,ACTIVE,1,LOW
AC000728,196600587499,FBXX0453110,Federal Bank,Bharatpur,Rajasthan,P000412,,Lokesh Chikkanna,WALLET,2024-06-01,DORMANT,1,MEDIUM
AC000729,07419838773187,SBOI0987811,State Bank of India,Bharatpur,Rajasthan,P000412,,Lokesh Chikkanna,SAVINGS,2017-09-14,ACTIVE,1,MEDIUM
AC000730,30171106583852,IFBX0772828,IDFC First Bank,Kalaburagi,Karnataka,P000413,,Selvam Kurup,SAVINGS,2017-06-05,FROZEN,0,LOW
AC000731,938231410468,APBX0715612,Airtel Payments Bank,Munger,Bihar,P000414,,Thangaraj Rajendran,SAVINGS,2015-04-29,DORMANT,1,LOW
AC000732,5046765505605723,KVBX0647483,Karur Vysya Bank,Munger,Bihar,P000414,,Thangaraj Rajendran,SAVINGS,2014-09-27,ACTIVE,1,LOW
AC000733,2351182224884581,FBXX0952771,Federal Bank,Munger,Bihar,P000414,,Thangaraj Rajendran,CURRENT,2023-11-11,DORMANT,1,LOW
AC000734,051220638707,IBXX0815921,IndusInd Bank,Kalaburagi,Karnataka,P000415,,Vinod Thakur,SAVINGS,2020-10-01,ACTIVE,0,HIGH
AC000735,8570847079770042,APBX0527695,Airtel Payments Bank,Mangaluru,Karnataka,P000416,,Manikandan Annadurai,SAVINGS,2017-12-30,DORMANT,1,LOW
AC000736,30320814018418,IBXX0642235,IndusInd Bank,Mangaluru,Karnataka,P000416,,Manikandan Annadurai,SAVINGS,2015-11-03,ACTIVE,1,LOW
AC000737,489754829487,CBXX0126342,Canara Bank,Mangaluru,Karnataka,P000416,,Manikandan Annadurai,CURRENT,2025-09-16,DORMANT,1,LOW
AC000738,25658928488159,PNBX0061929,Punjab National Bank,Mumbai,Maharashtra,P000417,,Yogendra Tomar,CURRENT,2023-11-24,FROZEN,0,LOW
AC000739,76417314108878,KMBX0346188,Kotak Mahindra Bank,Mumbai,Maharashtra,P000417,,Yogendra Tomar,SAVINGS,2016-10-07,ACTIVE,0,LOW
AC000740,1793285864271570,UBOI0163943,Union Bank of India,Siwan,Bihar,P000418,,Gopal Naskar,CURRENT,2016-10-30,ACTIVE,0,LOW
AC000741,0150043852869141,BBXX0327043,Bandhan Bank,Kalaburagi,Karnataka,P000419,,Palash Mistry,CURRENT,2018-10-31,ACTIVE,0,LOW
AC000742,231109387881,IOBX0295656,Indian Overseas Bank,Kalaburagi,Karnataka,P000419,,Palash Mistry,SAVINGS,2017-04-12,ACTIVE,0,LOW
AC000743,689297569886,CBXX0471494,Canara Bank,Kalaburagi,Karnataka,P000419,,Palash Mistry,SAVINGS,2014-09-01,ACTIVE,0,LOW
AC000744,732820155067,IBXX0520186,IndusInd Bank,Bengaluru,Karnataka,P000420,,Shahnawaz Hussain,SAVINGS,2021-08-06,ACTIVE,0,LOW
AC000745,9065227204381412,IBXX0145566,IndusInd Bank,Bengaluru,Karnataka,P000420,,Shahnawaz Hussain,SAVINGS,2022-01-28,FROZEN,1,LOW
AC000746,50804589542,KVBX0852315,Karur Vysya Bank,Bengaluru,Karnataka,P000420,,Shahnawaz Hussain,SAVINGS,2016-06-05,ACTIVE,1,LOW
AC000747,02749406067837,IBXX0039396,ICICI Bank,Mumbai,Maharashtra,P000421,,Yusuf Hussain,CURRENT,2024-07-03,ACTIVE,0,LOW
AC000748,4702601680474369,IBXX0468054,ICICI Bank,Gurugram,Haryana,P000422,,Debashish Biswas,CURRENT,2018-04-09,ACTIVE,1,LOW
AC000749,863772539291,KMBX0469685,Kotak Mahindra Bank,Gurugram,Haryana,P000422,,Debashish Biswas,SAVINGS,2014-12-28,DORMANT,1,MEDIUM
AC000750,9438374025528400,UBOI0353244,Union Bank of India,Gurugram,Haryana,P000422,,Debashish Biswas,SAVINGS,2026-04-12,ACTIVE,1,MEDIUM
AC000751,95577447696,FBXX0190169,Federal Bank,Mangaluru,Karnataka,P000423,,Sikha Halder,SAVINGS,2024-12-09,ACTIVE,0,MEDIUM
AC000752,450049687089,IOBX0361622,Indian Overseas Bank,Mangaluru,Karnataka,P000423,,Sikha Halder,SAVINGS,2018-06-18,DORMANT,0,LOW
AC000753,06438428239,FBXX0639163,Federal Bank,Bengaluru,Karnataka,P000424,,Shanti Dubey,OVERDRAFT,2024-03-25,ACTIVE,0,MEDIUM
AC000754,27683735486691,CBOI0425542,Central Bank of India,Bengaluru,Karnataka,P000424,,Shanti Dubey,SAVINGS,2024-08-08,FROZEN,0,LOW
AC000755,4653019384404775,ABXX0152566,Axis Bank,Kalaburagi,Karnataka,P000425,,Nirmal Chakraborty,SAVINGS,2021-02-14,ACTIVE,0,HIGH
AC000756,67380476778,IFBX0390183,IDFC First Bank,Kalaburagi,Karnataka,P000425,,Nirmal Chakraborty,CURRENT,2017-12-30,ACTIVE,0,MEDIUM
AC000757,10349022559,PNBX0061887,Punjab National Bank,Kalaburagi,Karnataka,P000425,,Nirmal Chakraborty,CURRENT,2018-03-02,ACTIVE,0,MEDIUM
AC000758,15513341231,HBXX0503377,HDFC Bank,Munger,Bihar,P000426,,Ibrahim Mirza,SAVINGS,2025-03-23,ACTIVE,0,MEDIUM
AC000759,802132640116,HBXX0628927,HDFC Bank,Guwahati,Assam,P000427,,Naseer Baig,SAVINGS,2017-03-29,ACTIVE,0,MEDIUM
AC000760,50786130858500,IOBX0176920,Indian Overseas Bank,Guwahati,Assam,P000427,,Naseer Baig,CURRENT,2015-03-02,ACTIVE,0,MEDIUM
AC000761,34959795823247,PPBX0114627,Paytm Payments Bank,Kolkata,West Bengal,P000428,,Sajid Farooqui,SAVINGS,2021-09-01,FROZEN,0,LOW
AC000762,83553810666128,PNBX0164132,Punjab National Bank,Kolkata,West Bengal,P000428,,Sajid Farooqui,OVERDRAFT,2023-05-06,DORMANT,0,MEDIUM
AC000763,6187057081091343,ABXX0429664,Axis Bank,Guwahati,Assam,P000429,,Tapan Biswas,SAVINGS,2016-01-24,ACTIVE,0,MEDIUM
AC000764,13591613657,IOBX0059482,Indian Overseas Bank,New Delhi,Delhi,P000430,,Kartik Halder,CURRENT,2017-01-27,ACTIVE,0,MEDIUM
AC000765,01693933615907,KMBX0266716,Kotak Mahindra Bank,New Delhi,Delhi,P000430,,Kartik Halder,SAVINGS,2023-03-31,FROZEN,0,LOW
AC000766,1645441125173841,APBX0750227,Airtel Payments Bank,Gaya,Bihar,P000431,,Bikash Roy,WALLET,2013-10-11,ACTIVE,0,LOW
AC000767,6439132614550925,APBX0408345,Airtel Payments Bank,Munger,Bihar,P000432,,Mohammed Pathan,SAVINGS,2023-08-20,ACTIVE,0,MEDIUM
AC000768,95263627422,YBXX0585396,Yes Bank,Munger,Bihar,P000432,,Mohammed Pathan,SAVINGS,2025-03-15,ACTIVE,0,LOW
AC000769,557087476528,ASFB0683843,AU Small Finance Bank,Munger,Bihar,P000432,,Mohammed Pathan,SAVINGS,2026-01-06,ACTIVE,0,MEDIUM
AC000770,438335068974,FBXX0446871,Federal Bank,Munger,Bihar,P000432,,Mohammed Pathan,SAVINGS,2015-02-09,ACTIVE,0,MEDIUM
AC000771,1477809602015812,KVBX0870479,Karur Vysya Bank,Nuh,Haryana,P000433,,Subhas Naskar,CURRENT,2018-12-19,ACTIVE,1,LOW
AC000772,38311410095782,CBOI0941997,Central Bank of India,Mumbai,Maharashtra,P000434,,Ibrahim Khan,SAVINGS,2014-07-31,ACTIVE,0,HIGH
AC000773,546330727312,BOIX0569661,Bank of India,Karimganj,Assam,P000435,,Naseer Zaidi,CURRENT,2015-02-04,DORMANT,0,HIGH
AC000774,13469841985,BOBX0538931,Bank of Baroda,Mumbai,Maharashtra,P000436,,Shahnawaz Mirza,WALLET,2022-06-14,FROZEN,0,LOW
AC000775,89000913253,KMBX0112904,Kotak Mahindra Bank,Hisar,Haryana,P000437,,Farida Khan,SAVINGS,2013-05-13,ACTIVE,0,HIGH
AC000776,85132505303,KVBX0465855,Karur Vysya Bank,Hisar,Haryana,P000437,,Farida Khan,SAVINGS,2013-05-12,ACTIVE,0,HIGH
AC000777,92707868910,HBXX0087292,HDFC Bank,Hisar,Haryana,P000438,,Kartik Bose,SAVINGS,2021-09-09,ACTIVE,0,MEDIUM
AC000778,7739232511268331,PNBX0743017,Punjab National Bank,Hisar,Haryana,P000438,,Kartik Bose,SAVINGS,2021-07-31,DORMANT,0,MEDIUM
AC000779,778401688972,UBOI0748561,Union Bank of India,Mumbai,Maharashtra,P000439,,Gopal Biswas,SAVINGS,2025-03-18,ACTIVE,0,LOW
AC000780,74853182467017,IOBX0881354,Indian Overseas Bank,New Delhi,Delhi,P000440,,Swapan Gayen,SAVINGS,2014-12-17,ACTIVE,0,HIGH
AC000781,50795675769,BOBX0120135,Bank of Baroda,New Delhi,Delhi,P000440,,Swapan Gayen,SAVINGS,2016-01-17,ACTIVE,0,LOW
AC000782,82188097901437,IFBX0357400,IDFC First Bank,Hisar,Haryana,P000441,,Tanveer Rahman,OVERDRAFT,2013-12-15,ACTIVE,0,LOW
AC000783,01929880928,FBXX0820055,Federal Bank,Hisar,Haryana,P000441,,Tanveer Rahman,SAVINGS,2018-02-20,ACTIVE,0,LOW
AC000784,31222881982642,IOBX0582624,Indian Overseas Bank,Solapur,Maharashtra,P000442,,Swapan Gayen,SAVINGS,2013-06-29,FROZEN,0,LOW
AC000785,7156510018035672,APBX0152409,Airtel Payments Bank,Solapur,Maharashtra,P000442,,Swapan Gayen,OVERDRAFT,2024-07-04,ACTIVE,0,LOW
AC000786,9104285579873216,BBXX0282308,Bandhan Bank,Sonipat,Haryana,P000443,,Salim Zaidi,SAVINGS,2017-08-18,ACTIVE,1,MEDIUM
AC000787,65225662952305,IBXX0305132,ICICI Bank,Purnia,Bihar,P000444,,Haroon Ansari,SAVINGS,2019-11-08,ACTIVE,0,MEDIUM
AC000788,230886158925,YBXX0071333,Yes Bank,Purnia,Bihar,P000444,,Haroon Ansari,SAVINGS,2019-11-04,FROZEN,0,MEDIUM
AC000789,67873841107,UBOI0342946,Union Bank of India,New Delhi,Delhi,P000445,,Kartik Das,CURRENT,2021-06-08,FROZEN,0,MEDIUM
AC000790,19050783126,BOIX0922396,Bank of India,New Delhi,Delhi,P000446,,Udaiveer Gupta,SAVINGS,2021-03-04,DORMANT,0,MEDIUM
AC000791,78680888823,ASFB0900522,AU Small Finance Bank,New Delhi,Delhi,P000446,,Udaiveer Gupta,SAVINGS,2017-10-11,ACTIVE,0,HIGH
AC000792,2913103163098408,APBX0630936,Airtel Payments Bank,Bengaluru,Karnataka,P000447,,Javed Malik,CURRENT,2017-03-06,ACTIVE,0,MEDIUM
AC000793,440788586189,IOBX0319293,Indian Overseas Bank,Bengaluru,Karnataka,P000447,,Javed Malik,SAVINGS,2020-09-15,DORMANT,0,MEDIUM
AC000794,448737227701,IFBX0559005,IDFC First Bank,New Delhi,Delhi,P000448,,Gautam Majumdar,SAVINGS,2013-12-06,ACTIVE,0,MEDIUM
AC000795,133103373361,CBXX0913431,Canara Bank,Kalaburagi,Karnataka,P000449,,Sanjib Bhattacharya,SAVINGS,2016-12-17,ACTIVE,0,HIGH
AC000796,255011852877,BOIX0638253,Bank of India,Kalaburagi,Karnataka,P000449,,Sanjib Bhattacharya,CURRENT,2017-12-12,FROZEN,0,LOW
AC000797,47267890442,BBXX0209768,Bandhan Bank,New Delhi,Delhi,P000450,,Neelam Singh,SAVINGS,2023-11-27,ACTIVE,0,LOW
AC000798,295728655902,ABXX0767168,Axis Bank,Muzaffarpur,Bihar,P000451,,Munna Chauhan,SAVINGS,2024-02-10,ACTIVE,0,LOW
AC000799,707343327222,IFBX0039087,IDFC First Bank,Gurugram,Haryana,P000452,,Mushtaq Baig,SAVINGS,2024-06-07,CLOSED,1,LOW
AC000800,79228035145,YBXX0862475,Yes Bank,Gurugram,Haryana,P000452,,Mushtaq Baig,CURRENT,2019-05-28,ACTIVE,1,MEDIUM
AC000801,74827681014,APBX0982022,Airtel Payments Bank,Hisar,Haryana,P000453,,Hariom Shukla,SAVINGS,2021-07-17,ACTIVE,0,MEDIUM
AC000802,46761647295,FBXX0393842,Federal Bank,New Delhi,Delhi,P000454,,Gautam Halder,SAVINGS,2021-04-02,DORMANT,0,LOW
AC000803,3724380580376650,IFBX0783434,IDFC First Bank,Ballari,Karnataka,P000455,,Kartik Majumdar,SAVINGS,2022-01-08,ACTIVE,0,LOW
AC000804,712584543137,KMBX0420282,Kotak Mahindra Bank,Ballari,Karnataka,P000455,,Kartik Majumdar,SAVINGS,2024-11-10,DORMANT,0,HIGH
AC000805,1490485845211294,BOIX0435400,Bank of India,Gurugram,Haryana,P000456,,Manju Prajapati,SAVINGS,2024-02-28,ACTIVE,1,MEDIUM
AC000806,96076045650,BOIX0163857,Bank of India,Gurugram,Haryana,P000456,,Manju Prajapati,SAVINGS,2019-04-26,ACTIVE,0,LOW
AC000807,45082378385,IOBX0263532,Indian Overseas Bank,Gurugram,Haryana,P000456,,Manju Prajapati,SAVINGS,2019-09-24,FROZEN,1,HIGH
AC000808,3812886149809248,YBXX0985457,Yes Bank,Munger,Bihar,P000457,,Naseer Malik,CURRENT,2015-01-17,FROZEN,0,MEDIUM
AC000809,7160890647242213,APBX0155090,Airtel Payments Bank,Mumbai,Maharashtra,P000458,,Zubair Ahmed,SAVINGS,2020-02-12,FROZEN,1,LOW
AC000810,8426040899753365,IFBX0989643,IDFC First Bank,Mumbai,Maharashtra,P000458,,Zubair Ahmed,SAVINGS,2013-02-27,FROZEN,1,LOW
AC000811,635470408063,ASFB0928238,AU Small Finance Bank,Mumbai,Maharashtra,P000458,,Zubair Ahmed,SAVINGS,2014-03-21,DORMANT,1,LOW
AC000812,43766277286409,IBXX0322349,ICICI Bank,New Delhi,Delhi,P000459,,Gopal Pal,CURRENT,2025-10-04,DORMANT,0,MEDIUM
AC000813,656231939920,UBOI0150412,Union Bank of India,Munger,Bihar,P000460,,Anil Pandey,CURRENT,2018-01-27,ACTIVE,0,LOW
AC000814,149512942266,IOBX0919862,Indian Overseas Bank,Munger,Bihar,P000460,,Anil Pandey,OVERDRAFT,2019-06-09,ACTIVE,0,LOW
AC000815,5509348827184670,APBX0727297,Airtel Payments Bank,Munger,Bihar,P000460,,Anil Pandey,SAVINGS,2016-02-18,ACTIVE,0,HIGH
AC000816,60655898840,ABXX0694221,Axis Bank,Munger,Bihar,P000460,,Anil Pandey,SAVINGS,2014-08-10,ACTIVE,0,LOW
AC000817,246271811007,CBXX0179170,Canara Bank,Hisar,Haryana,P000461,,Palash Sarkar,WALLET,2018-03-12,ACTIVE,1,MEDIUM
AC000818,28897779767,PPBX0505675,Paytm Payments Bank,Hisar,Haryana,P000461,,Palash Sarkar,CURRENT,2018-03-23,ACTIVE,1,LOW
AC000819,1240568760947423,IBXX0065463,IndusInd Bank,Guwahati,Assam,P000462,,Kuldeep Pandey,OVERDRAFT,2022-05-11,ACTIVE,0,LOW
AC000820,552142785125,APBX0900710,Airtel Payments Bank,Guwahati,Assam,P000462,,Kuldeep Pandey,SAVINGS,2023-09-23,ACTIVE,0,MEDIUM
AC000821,706243365333,CBXX0902965,Canara Bank,Kolkata,West Bengal,P000463,,Ashim Pal,CURRENT,2019-07-01,ACTIVE,0,LOW
AC000822,2169585563903348,HBXX0264524,HDFC Bank,Kolkata,West Bengal,P000463,,Ashim Pal,OVERDRAFT,2018-02-19,FROZEN,0,LOW
AC000823,143086693417,YBXX0427979,Yes Bank,Guwahati,Assam,P000464,,Vinod Rajput,CURRENT,2025-11-21,ACTIVE,0,LOW
AC000824,8629158147457374,IOBX0427513,Indian Overseas Bank,Guwahati,Assam,P000464,,Vinod Rajput,SAVINGS,2022-05-02,FROZEN,0,LOW
AC000825,49746349753,PNBX0537495,Punjab National Bank,New Delhi,Delhi,P000465,,Sanjib Das,OVERDRAFT,2019-01-30,ACTIVE,0,LOW
AC000826,5847019788110909,IFBX0043370,IDFC First Bank,Guwahati,Assam,P000466,,Har Prasad Pandey,OVERDRAFT,2018-10-31,DORMANT,0,MEDIUM
AC000827,174779336761,KVBX0179616,Karur Vysya Bank,Guwahati,Assam,P000466,,Har Prasad Pandey,CURRENT,2025-03-26,ACTIVE,0,LOW
AC000828,1820178837587545,HBXX0961902,HDFC Bank,Guwahati,Assam,P000466,,Har Prasad Pandey,SAVINGS,2021-01-31,DORMANT,0,LOW
AC000829,18851363621379,FBXX0693117,Federal Bank,Guwahati,Assam,P000466,,Har Prasad Pandey,SAVINGS,2023-08-30,ACTIVE,0,LOW
AC000830,483795233699,PPBX0717450,Paytm Payments Bank,New Delhi,Delhi,P000467,,Firoz Rahman,OVERDRAFT,2017-09-06,CLOSED,0,HIGH
AC000831,669164622056,BOIX0159980,Bank of India,New Delhi,Delhi,P000467,,Firoz Rahman,CURRENT,2014-12-02,ACTIVE,0,LOW
AC000832,5365205390504580,UBOI0470928,Union Bank of India,New Delhi,Delhi,P000468,,Gopal Naskar,SAVINGS,2021-02-02,ACTIVE,0,LOW
AC000833,08493646696017,BOIX0409666,Bank of India,Guwahati,Assam,P000469,,Mohammed Baig,SAVINGS,2018-08-21,ACTIVE,0,HIGH
AC000834,50353943384,SBOI0194956,State Bank of India,Gurugram,Haryana,P000470,,Girdhari Shukla,SAVINGS,2021-05-25,ACTIVE,0,MEDIUM
AC000835,36064380932743,CBOI0508340,Central Bank of India,New Delhi,Delhi,P000471,,Swapan Dutta,WALLET,2019-06-19,DORMANT,0,LOW
AC000836,695841635967,APBX0956151,Airtel Payments Bank,Siliguri,West Bengal,P000472,,Manoj Kashyap,SAVINGS,2026-02-19,ACTIVE,0,LOW
AC000837,01164581797822,APBX0941406,Airtel Payments Bank,Mumbai,Maharashtra,P000473,,Arun Kashyap,SAVINGS,2022-07-13,ACTIVE,1,MEDIUM
AC000838,27000867643694,IOBX0882595,Indian Overseas Bank,Mumbai,Maharashtra,P000474,,Prakash Singh,SAVINGS,2016-12-23,ACTIVE,0,MEDIUM
AC000839,70339004645678,SBOI0975464,State Bank of India,Giridih,Jharkhand,P000475,,Tanveer Pathan,SAVINGS,2020-01-14,DORMANT,0,LOW
AC000840,66729155487289,IOBX0246737,Indian Overseas Bank,Gwalior,Madhya Pradesh,P000476,,Imran Rahman,SAVINGS,2022-08-21,FROZEN,1,LOW
AC000841,462165700831,IOBX0183272,Indian Overseas Bank,Gwalior,Madhya Pradesh,P000476,,Imran Rahman,SAVINGS,2019-03-11,DORMANT,1,MEDIUM
AC000842,9193649133640220,SBOI0825791,State Bank of India,Gwalior,Madhya Pradesh,P000477,,Tanveer Farooqui,SAVINGS,2024-04-22,ACTIVE,0,LOW
AC000843,5362487848561287,UBOI0499176,Union Bank of India,Gwalior,Madhya Pradesh,P000477,,Tanveer Farooqui,OVERDRAFT,2015-01-20,ACTIVE,0,LOW
AC000844,16251041227741,BOBX0440221,Bank of Baroda,Purnia,Bihar,P000478,,Triloki Tiwari,CURRENT,2025-05-20,ACTIVE,0,HIGH
AC000845,152000919656,HBXX0854683,HDFC Bank,Purnia,Bihar,P000478,,Triloki Tiwari,SAVINGS,2015-09-24,DORMANT,0,MEDIUM
AC000846,506609646782,ASFB0680379,AU Small Finance Bank,Mumbai,Maharashtra,P000479,,Balbir Baghel,SAVINGS,2013-06-24,FROZEN,0,LOW
AC000847,66598184707,HBXX0108555,HDFC Bank,Lucknow,Uttar Pradesh,P000480,,Tanveer Farooqui,CURRENT,2018-08-31,ACTIVE,0,MEDIUM
AC000848,86791839634162,KVBX0762267,Karur Vysya Bank,Lucknow,Uttar Pradesh,P000480,,Tanveer Farooqui,CURRENT,2019-03-08,ACTIVE,0,MEDIUM
AC000849,10132155732790,CBOI0707145,Central Bank of India,Khargone,Madhya Pradesh,P000481,,Sajid Mansuri,CURRENT,2022-07-22,DORMANT,0,MEDIUM
AC000850,1984951341306336,HBXX0883939,HDFC Bank,Siwan,Bihar,P000482,,Naresh Mishra,CURRENT,2017-04-12,ACTIVE,0,MEDIUM
AC000851,3071574269693445,IBXX0361051,ICICI Bank,Kolkata,West Bengal,P000483,,Ibrahim Pathan,SAVINGS,2023-07-04,ACTIVE,0,LOW
AC000852,500004636714,IOBX0578963,Indian Overseas Bank,Jamtara,Jharkhand,P000484,,Tanveer Shaikh,SAVINGS,2024-09-07,ACTIVE,0,LOW
AC000853,7580552041979757,KVBX0601108,Karur Vysya Bank,Khargone,Madhya Pradesh,P000485,,Pramod Kushwaha,SAVINGS,2019-07-08,DORMANT,0,LOW
AC000854,02161437091256,IBXX0952596,IndusInd Bank,Khargone,Madhya Pradesh,P000485,,Pramod Kushwaha,SAVINGS,2021-09-14,ACTIVE,0,LOW
AC000855,48315781526,BBXX0064490,Bandhan Bank,Khargone,Madhya Pradesh,P000485,,Pramod Kushwaha,SAVINGS,2024-02-15,FROZEN,0,MEDIUM
AC000856,46795961477814,PNBX0690233,Punjab National Bank,Khargone,Madhya Pradesh,P000485,,Pramod Kushwaha,SAVINGS,2023-02-25,DORMANT,0,LOW
AC000857,72516844731468,KMBX0257065,Kotak Mahindra Bank,Muzaffarpur,Bihar,P000486,,Tanveer Khan,SAVINGS,2016-11-11,ACTIVE,1,LOW
AC000858,87734220377,IBXX0032951,ICICI Bank,Patna,Bihar,P000487,,Ashfaq Zaidi,SAVINGS,2020-02-11,ACTIVE,0,LOW
AC000859,68318971251656,IBXX0534440,ICICI Bank,Jabalpur,Madhya Pradesh,P000488,,Aslam Ahmed,SAVINGS,2017-05-29,FROZEN,1,LOW
AC000860,0893007142447617,HBXX0704586,HDFC Bank,Jabalpur,Madhya Pradesh,P000488,,Aslam Ahmed,SAVINGS,2018-03-11,ACTIVE,1,LOW
AC000861,93048213347,PPBX0084748,Paytm Payments Bank,Jabalpur,Madhya Pradesh,P000488,,Aslam Ahmed,CURRENT,2018-09-25,CLOSED,1,MEDIUM
AC000862,8409380126601834,IFBX0409325,IDFC First Bank,Mumbai,Maharashtra,P000489,,Jitendra Mishra,SAVINGS,2021-11-11,ACTIVE,1,MEDIUM
AC000863,24310701412780,IBXX0972810,ICICI Bank,Mumbai,Maharashtra,P000489,,Jitendra Mishra,SAVINGS,2014-05-08,FROZEN,1,HIGH
AC000864,27241987562,BOIX0256734,Bank of India,Aurangabad,Maharashtra,P000490,,Ashok Verma,SAVINGS,2016-09-16,ACTIVE,0,HIGH
AC000865,79575811863,HBXX0690766,HDFC Bank,Muzaffarnagar,Uttar Pradesh,P000491,,Anil Srivastava,CURRENT,2024-07-01,ACTIVE,0,MEDIUM
AC000866,7550718102550843,YBXX0234497,Yes Bank,Varanasi,Uttar Pradesh,P000492,,Sunil Nagar,CURRENT,2023-04-24,ACTIVE,0,LOW
AC000867,70916170846,IFBX0094567,IDFC First Bank,Varanasi,Uttar Pradesh,P000492,,Sunil Nagar,SAVINGS,2020-05-14,ACTIVE,0,MEDIUM
AC000868,7207832483561161,FBXX0733871,Federal Bank,Deoghar,Jharkhand,P000493,,Yusuf Saifi,SAVINGS,2024-10-24,ACTIVE,0,MEDIUM
AC000869,20896719191,HBXX0609126,HDFC Bank,Ranchi,Jharkhand,P000494,,Yogendra Pandey,SAVINGS,2019-05-29,ACTIVE,0,MEDIUM
AC000870,32270865827133,UBOI0676951,Union Bank of India,Ranchi,Jharkhand,P000494,,Yogendra Pandey,SAVINGS,2026-02-14,ACTIVE,0,LOW
AC000871,10141520388,SBOI0292657,State Bank of India,Siwan,Bihar,P000495,,Firoz Mansuri,CURRENT,2018-07-19,DORMANT,0,HIGH
AC000872,04887469610599,BOBX0123767,Bank of Baroda,Siwan,Bihar,P000495,,Firoz Mansuri,SAVINGS,2017-11-14,ACTIVE,0,LOW
AC000873,903188135581,IBXX0039098,ICICI Bank,Indore,Madhya Pradesh,P000496,,Har Prasad Rajput,SAVINGS,2025-10-21,ACTIVE,0,LOW
AC000874,5484119947563387,PNBX0933235,Punjab National Bank,Muzaffarpur,Bihar,P000497,,Prakash Thakur,SAVINGS,2014-08-19,ACTIVE,0,LOW
AC000875,2645629212210694,PNBX0379627,Punjab National Bank,Muzaffarpur,Bihar,P000497,,Prakash Thakur,SAVINGS,2023-04-10,ACTIVE,0,HIGH
AC000876,3586582363062777,BOIX0892838,Bank of India,Muzaffarpur,Bihar,P000497,,Prakash Thakur,SAVINGS,2024-08-28,ACTIVE,0,MEDIUM
AC000877,16569502267,YBXX0969917,Yes Bank,Muzaffarpur,Bihar,P000497,,Prakash Thakur,SAVINGS,2021-10-07,FROZEN,0,MEDIUM
AC000878,454846630848,KVBX0301321,Karur Vysya Bank,Gwalior,Madhya Pradesh,P000498,,Chandrabhan Srivastava,SAVINGS,2016-01-21,ACTIVE,0,LOW
AC000879,05254326350926,KMBX0369036,Kotak Mahindra Bank,Mumbai,Maharashtra,P000499,,Chandrabhan Pandey,SAVINGS,2013-03-11,ACTIVE,0,LOW
AC000880,020559421410,PNBX0679433,Punjab National Bank,Muzaffarpur,Bihar,P000500,,Wasim Rahman,SAVINGS,2020-01-03,CLOSED,0,LOW
AC000881,157723852132,CBOI0910669,Central Bank of India,Jaunpur,Uttar Pradesh,P000501,,Rafiq Siddiqui,SAVINGS,2026-03-04,CLOSED,1,LOW
AC000882,3059621047716726,UBOI0332482,Union Bank of India,Jaunpur,Uttar Pradesh,P000501,,Rafiq Siddiqui,SAVINGS,2023-03-20,ACTIVE,1,LOW
AC000883,0155501553853193,BBXX0486476,Bandhan Bank,Jaunpur,Uttar Pradesh,P000501,,Rafiq Siddiqui,CURRENT,2025-03-13,ACTIVE,1,LOW
AC000884,7659296671496397,APBX0684574,Airtel Payments Bank,Begusarai,Bihar,P000502,,Ramesh Nagar,CURRENT,2019-04-11,ACTIVE,0,LOW
AC000885,1886689265895172,SBOI0520236,State Bank of India,Azamgarh,Uttar Pradesh,P000503,,Kavita Nishad,SAVINGS,2019-10-26,ACTIVE,0,MEDIUM
AC000886,4546609648474515,PPBX0660097,Paytm Payments Bank,Indore,Madhya Pradesh,P000504,,Jitendra Solanki,WALLET,2023-01-14,FROZEN,0,HIGH
AC000887,893505786481,YBXX0073786,Yes Bank,Indore,Madhya Pradesh,P000504,,Jitendra Solanki,WALLET,2017-06-10,ACTIVE,0,LOW
AC000888,449839229374,YBXX0664875,Yes Bank,Nagpur,Maharashtra,P000505,,Nazia Khan,CURRENT,2026-01-22,FROZEN,1,LOW
AC000889,05759955965131,ABXX0280151,Axis Bank,Nagpur,Maharashtra,P000505,,Nazia Khan,SAVINGS,2021-04-18,ACTIVE,1,LOW
AC000890,7574192465941518,CBXX0122229,Canara Bank,Nagpur,Maharashtra,P000505,,Nazia Khan,SAVINGS,2021-11-29,ACTIVE,1,LOW
AC000891,94110145061,CBOI0615072,Central Bank of India,Ranchi,Jharkhand,P000506,,Urmila Prajapati,WALLET,2024-07-03,ACTIVE,0,HIGH
AC000892,44948220277,FBXX0544109,Federal Bank,Ranchi,Jharkhand,P000506,,Urmila Prajapati,SAVINGS,2014-06-17,DORMANT,0,LOW
AC000893,79154606015,KVBX0482722,Karur Vysya Bank,Deoghar,Jharkhand,P000507,,Suresh Nishad,SAVINGS,2016-04-15,ACTIVE,0,MEDIUM
AC000894,08646752807,CBOI0542014,Central Bank of India,Deoghar,Jharkhand,P000507,,Suresh Nishad,SAVINGS,2023-12-12,ACTIVE,0,LOW
AC000895,33982104192245,ABXX0064423,Axis Bank,Indore,Madhya Pradesh,P000508,,Rizwan Ahmed,CURRENT,2019-09-12,ACTIVE,0,LOW
AC000896,88448947319788,CBXX0785339,Canara Bank,Jaunpur,Uttar Pradesh,P000509,,Shakeel Mirza,SAVINGS,2019-06-05,FROZEN,0,LOW
AC000897,93052734791,IBXX0890224,ICICI Bank,Siliguri,West Bengal,P000510,,Nazia Saifi,CURRENT,2019-08-31,FROZEN,0,MEDIUM
AC000898,79342051778526,IBXX0373023,ICICI Bank,Kolkata,West Bengal,P000511,,Rafiq Zaidi,SAVINGS,2024-09-06,DORMANT,0,LOW
AC000899,70298415091261,BOIX0133739,Bank of India,Kolkata,West Bengal,P000511,,Rafiq Zaidi,SAVINGS,2016-01-30,ACTIVE,0,LOW
AC000900,85021770305,APBX0445940,Airtel Payments Bank,Thane,Maharashtra,P000512,,Firoz Saifi,SAVINGS,2022-03-09,DORMANT,0,LOW
AC000901,498273492944,FBXX0643994,Federal Bank,Begusarai,Bihar,P000513,,Devendra Bhardwaj,SAVINGS,2024-04-25,ACTIVE,0,MEDIUM
AC000902,81090565463641,BOIX0996645,Bank of India,Begusarai,Bihar,P000513,,Devendra Bhardwaj,SAVINGS,2024-11-07,ACTIVE,0,LOW
AC000903,55468159576962,IBXX0586663,IndusInd Bank,Dhanbad,Jharkhand,P000514,,Rafiq Sheikh,CURRENT,2026-04-15,ACTIVE,0,MEDIUM
AC000904,77580218834,PNBX0290380,Punjab National Bank,Indore,Madhya Pradesh,P000515,,Mahesh Chauhan,SAVINGS,2013-07-10,FROZEN,1,LOW
AC000905,17693110310,BOBX0026799,Bank of Baroda,Indore,Madhya Pradesh,P000515,,Mahesh Chauhan,SAVINGS,2017-08-01,ACTIVE,1,LOW
AC000906,6138690601742906,KVBX0298145,Karur Vysya Bank,Indore,Madhya Pradesh,P000515,,Mahesh Chauhan,SAVINGS,2022-10-21,ACTIVE,1,LOW
AC000907,15322760348,IOBX0478800,Indian Overseas Bank,Deoghar,Jharkhand,P000516,,Altaf Pathan,SAVINGS,2021-05-23,ACTIVE,0,MEDIUM
AC000908,6149981291799989,SBOI0088390,State Bank of India,Nadia,West Bengal,P000517,,Hariom Sengar,WALLET,2016-09-18,ACTIVE,1,MEDIUM
AC000909,2198716102014505,PPBX0149922,Paytm Payments Bank,Nadia,West Bengal,P000517,,Hariom Sengar,CURRENT,2022-10-29,ACTIVE,1,MEDIUM
AC000910,842508763971,FBXX0910338,Federal Bank,Gwalior,Madhya Pradesh,P000518,,Rukhsana Rahman,SAVINGS,2016-10-04,ACTIVE,0,LOW
AC000911,1024519917393169,APBX0746279,Airtel Payments Bank,Gwalior,Madhya Pradesh,P000518,,Rukhsana Rahman,SAVINGS,2024-07-03,ACTIVE,0,LOW
AC000912,540577790554,IOBX0960155,Indian Overseas Bank,Azamgarh,Uttar Pradesh,P000519,,Pramod Jaiswal,SAVINGS,2013-12-08,ACTIVE,0,MEDIUM
AC000913,4333565594884755,ABXX0541326,Axis Bank,Azamgarh,Uttar Pradesh,P000519,,Pramod Jaiswal,CURRENT,2024-03-07,FROZEN,0,MEDIUM
AC000914,383379084609,IBXX0367584,IndusInd Bank,New Delhi,Delhi,P000520,,Simranjit Bains,WALLET,2016-03-21,FROZEN,0,MEDIUM
AC000915,50842145100,CBXX0973520,Canara Bank,New Delhi,Delhi,P000521,,Vijay Bhadauria,SAVINGS,2019-09-02,ACTIVE,0,HIGH
AC000916,0007901319850452,UBOI0056187,Union Bank of India,New Delhi,Delhi,P000521,,Vijay Bhadauria,CURRENT,2025-08-03,ACTIVE,0,HIGH
AC000917,2246019308447094,IOBX0522536,Indian Overseas Bank,Gaya,Bihar,P000522,,Wasim Malik,CURRENT,2016-09-07,ACTIVE,0,MEDIUM
AC000918,838883015433,BOIX0470524,Bank of India,Gaya,Bihar,P000522,,Wasim Malik,SAVINGS,2022-04-11,ACTIVE,0,MEDIUM
AC000919,34464791142,ASFB0464740,AU Small Finance Bank,Azamgarh,Uttar Pradesh,P000523,,Triloki Shukla,SAVINGS,2017-06-29,FROZEN,0,LOW
AC000920,83037597553412,ASFB0132914,AU Small Finance Bank,Faridabad,Haryana,P000524,,Aslam Saifi,OVERDRAFT,2023-08-09,ACTIVE,0,LOW
AC000921,67156586534693,ABXX0289828,Axis Bank,Faridabad,Haryana,P000524,,Aslam Saifi,SAVINGS,2026-04-14,ACTIVE,0,LOW
AC000922,84754017263,BBXX0702731,Bandhan Bank,Faridabad,Haryana,P000524,,Aslam Saifi,CURRENT,2020-02-18,DORMANT,0,LOW
AC000923,32439363647,UBOI0692706,Union Bank of India,Nuh,Haryana,P000525,,Naseer Ahmed,SAVINGS,2015-12-31,ACTIVE,0,LOW
AC000924,1769703394454023,IFBX0723972,IDFC First Bank,Nuh,Haryana,P000525,,Naseer Ahmed,OVERDRAFT,2021-09-14,ACTIVE,1,LOW
AC000925,897826381522,IOBX0882049,Indian Overseas Bank,Nuh,Haryana,P000525,,Naseer Ahmed,SAVINGS,2013-05-24,ACTIVE,0,MEDIUM
AC000926,2065098712884964,ABXX0054315,Axis Bank,Gurugram,Haryana,P000526,,Vinod Singh,CURRENT,2015-04-17,ACTIVE,1,MEDIUM
AC000927,7316306274329220,FBXX0145364,Federal Bank,Gurugram,Haryana,P000526,,Vinod Singh,SAVINGS,2019-09-12,ACTIVE,1,LOW
AC000928,92329750291069,IFBX0743649,IDFC First Bank,Gurugram,Haryana,P000527,,Harbhajan Sarao,SAVINGS,2013-12-20,ACTIVE,0,HIGH
AC000929,31510300767,FBXX0200073,Federal Bank,Jodhpur,Rajasthan,P000528,,Satnam Sidhu,SAVINGS,2023-03-29,ACTIVE,0,MEDIUM
AC000930,76838412361,KVBX0113697,Karur Vysya Bank,Bikaner,Rajasthan,P000529,,Pramod Baghel,SAVINGS,2014-07-26,ACTIVE,0,HIGH
AC000931,15525649876,BBXX0748854,Bandhan Bank,Bikaner,Rajasthan,P000529,,Pramod Baghel,SAVINGS,2014-09-21,FROZEN,0,LOW
AC000932,88017647179,KMBX0440591,Kotak Mahindra Bank,Jalandhar,Punjab,P000530,,Ranjit Bajwa,SAVINGS,2014-09-19,FROZEN,0,MEDIUM
AC000933,555223274253,APBX0242232,Airtel Payments Bank,Jalandhar,Punjab,P000530,,Ranjit Bajwa,SAVINGS,2024-08-02,ACTIVE,0,LOW
AC000934,71613249069,YBXX0070024,Yes Bank,Muzaffarnagar,Uttar Pradesh,P000531,,Ashfaq Rahman,CURRENT,2015-10-05,ACTIVE,0,LOW
AC000935,52452414117705,SBOI0913618,State Bank of India,Ghaziabad,Uttar Pradesh,P000532,,Shakeel Rahman,SAVINGS,2021-09-08,ACTIVE,0,LOW
AC000936,70346282446683,IFBX0121136,IDFC First Bank,Faridabad,Haryana,P000533,,Jaswant Brar,SAVINGS,2017-11-20,ACTIVE,1,LOW
AC000937,91053421329972,IBXX0679346,ICICI Bank,Faridabad,Haryana,P000533,,Jaswant Brar,SAVINGS,2024-03-17,ACTIVE,0,HIGH
AC000938,38853208884,ABXX0579470,Axis Bank,Ferozepur,Punjab,P000534,,Pushpa Awasthi,SAVINGS,2015-01-02,ACTIVE,0,LOW
AC000939,7224383988924091,IFBX0116091,IDFC First Bank,Meerut,Uttar Pradesh,P000535,,Om Prakash Bhardwaj,OVERDRAFT,2017-05-26,ACTIVE,0,MEDIUM
AC000940,375277975887,YBXX0064491,Yes Bank,Faridabad,Haryana,P000536,,Javed Shaikh,CURRENT,2022-07-31,ACTIVE,0,LOW
AC000941,7243354484423902,IBXX0879852,IndusInd Bank,Gurugram,Haryana,P000537,,Harbhajan Bhullar,SAVINGS,2019-07-05,ACTIVE,0,HIGH
AC000942,942989713403,UBOI0359782,Union Bank of India,Gurugram,Haryana,P000537,,Harbhajan Bhullar,CURRENT,2022-10-14,DORMANT,0,HIGH
AC000943,15353384474138,BOBX0417741,Bank of Baroda,Barmer,Rajasthan,P000538,,Balwinder Gill,SAVINGS,2022-04-25,ACTIVE,0,LOW
AC000944,824877532090,CBOI0071978,Central Bank of India,Barmer,Rajasthan,P000538,,Balwinder Gill,SAVINGS,2023-04-29,ACTIVE,0,LOW
AC000945,556356558243,IBXX0052096,IndusInd Bank,Amritsar,Punjab,P000539,,Sandeep Awasthi,CURRENT,2019-08-09,ACTIVE,0,HIGH
AC000946,83702952122159,BOBX0214655,Bank of Baroda,Jaipur,Rajasthan,P000540,,Tarsem Gill,SAVINGS,2013-09-11,ACTIVE,0,LOW
AC000947,83021087870448,KVBX0559663,Karur Vysya Bank,New Delhi,Delhi,P000541,,Javed Alam,SAVINGS,2019-08-17,ACTIVE,1,LOW
AC000948,594109083777,IBXX0557993,IndusInd Bank,New Delhi,Delhi,P000542,,Paramjit Sarao,CURRENT,2017-12-20,FROZEN,0,LOW
AC000949,9368728788746430,APBX0718940,Airtel Payments Bank,Purnia,Bihar,P000543,,Shahnawaz Mansuri,SAVINGS,2021-10-03,DORMANT,0,LOW
AC000950,1513359467562552,BOIX0875287,Bank of India,Purnia,Bihar,P000543,,Shahnawaz Mansuri,SAVINGS,2023-05-27,ACTIVE,0,LOW
AC000951,34713791511246,IBXX0353147,ICICI Bank,Purnia,Bihar,P000543,,Shahnawaz Mansuri,SAVINGS,2021-07-15,ACTIVE,0,LOW
AC000952,178001338159,IBXX0106684,IndusInd Bank,Purnia,Bihar,P000543,,Shahnawaz Mansuri,SAVINGS,2025-09-23,FROZEN,0,MEDIUM
AC000953,2029275960245038,HBXX0952078,HDFC Bank,Purnia,Bihar,P000543,,Shahnawaz Mansuri,OVERDRAFT,2023-01-10,ACTIVE,0,MEDIUM
AC000954,3911214477520474,BBXX0703242,Bandhan Bank,New Delhi,Delhi,P000544,,Iqbal Malik,SAVINGS,2025-04-08,ACTIVE,0,LOW
AC000955,09709083627543,IFBX0453972,IDFC First Bank,Nuh,Haryana,P000545,,Abdul Alam,SAVINGS,2016-09-06,ACTIVE,0,MEDIUM
AC000956,80211813548,KVBX0236301,Karur Vysya Bank,New Delhi,Delhi,P000546,,Om Prakash Rathore,CURRENT,2016-08-26,ACTIVE,1,LOW
AC000957,27756375406824,IFBX0634545,IDFC First Bank,New Delhi,Delhi,P000546,,Om Prakash Rathore,SAVINGS,2024-07-05,FROZEN,0,LOW
AC000958,25312401117148,IBXX0729276,ICICI Bank,New Delhi,Delhi,P000547,,Jarnail Sarao,SAVINGS,2022-02-06,ACTIVE,0,LOW
AC000959,4223129993675697,BOIX0316379,Bank of India,New Delhi,Delhi,P000547,,Jarnail Sarao,SAVINGS,2020-03-17,ACTIVE,0,HIGH
AC000960,86243138721,FBXX0677150,Federal Bank,Alwar,Rajasthan,P000548,,Anil Prajapati,CURRENT,2025-03-15,FROZEN,0,LOW
AC000961,49224299811,CBOI0944128,Central Bank of India,Begusarai,Bihar,P000549,,Tanveer Rahman,CURRENT,2014-07-25,ACTIVE,0,LOW
AC000962,517444636892,IBXX0445267,ICICI Bank,Begusarai,Bihar,P000549,,Tanveer Rahman,SAVINGS,2013-06-04,ACTIVE,0,MEDIUM
AC000963,3435180448741865,CBOI0208358,Central Bank of India,Faridabad,Haryana,P000550,,Anwar Qureshi,CURRENT,2015-10-06,ACTIVE,0,HIGH
AC000964,84840560686,IBXX0423489,ICICI Bank,Faridabad,Haryana,P000550,,Anwar Qureshi,CURRENT,2017-04-02,ACTIVE,0,MEDIUM
AC000965,888704061029,CBOI0821777,Central Bank of India,Ferozepur,Punjab,P000551,,Abdul Idrisi,CURRENT,2021-12-19,ACTIVE,0,LOW
AC000966,427502498702,BOIX0085827,Bank of India,Faridabad,Haryana,P000552,,Manju Yadav,SAVINGS,2020-05-05,ACTIVE,0,LOW
AC000967,92788191155192,IBXX0509917,ICICI Bank,Hisar,Haryana,P000553,,Vijay Rajput,SAVINGS,2018-04-01,ACTIVE,0,MEDIUM
AC000968,727044721014,UBOI0938008,Union Bank of India,Muzaffarnagar,Uttar Pradesh,P000554,,Davinder Bhullar,SAVINGS,2025-02-28,FROZEN,0,MEDIUM
AC000969,5708841361059028,BBXX0024019,Bandhan Bank,Muzaffarnagar,Uttar Pradesh,P000554,,Davinder Bhullar,SAVINGS,2022-04-27,ACTIVE,0,MEDIUM
AC000970,5063789525276972,APBX0106543,Airtel Payments Bank,Muzaffarnagar,Uttar Pradesh,P000554,,Davinder Bhullar,SAVINGS,2019-04-24,DORMANT,0,LOW
AC000971,10329342335519,CBXX0768735,Canara Bank,Muzaffarnagar,Uttar Pradesh,P000554,,Davinder Bhullar,CURRENT,2019-03-26,ACTIVE,0,LOW
AC000972,32143555198,CBOI0221672,Central Bank of India,Jaunpur,Uttar Pradesh,P000555,,Dinesh Gupta,SAVINGS,2023-11-25,ACTIVE,0,MEDIUM
AC000973,85744304915,IBXX0608725,ICICI Bank,Gaya,Bihar,P000556,,Zubair Saifi,SAVINGS,2025-03-08,ACTIVE,0,HIGH
AC000974,45242784819,KMBX0285545,Kotak Mahindra Bank,Gaya,Bihar,P000556,,Zubair Saifi,SAVINGS,2018-09-28,ACTIVE,0,MEDIUM
AC000975,779954202594,APBX0955723,Airtel Payments Bank,Gaya,Bihar,P000556,,Zubair Saifi,SAVINGS,2025-12-15,ACTIVE,0,HIGH
AC000976,242494209625,PPBX0773524,Paytm Payments Bank,Gaya,Bihar,P000556,,Zubair Saifi,OVERDRAFT,2026-01-13,ACTIVE,0,MEDIUM
AC000977,956196775594,IBXX0958339,IndusInd Bank,Amritsar,Punjab,P000557,,Haroon Pathan,SAVINGS,2023-05-05,FROZEN,0,LOW
AC000978,35702267824434,UBOI0706747,Union Bank of India,Amritsar,Punjab,P000557,,Haroon Pathan,WALLET,2015-03-17,DORMANT,0,MEDIUM
AC000979,77850774215,FBXX0673985,Federal Bank,Amritsar,Punjab,P000557,,Haroon Pathan,SAVINGS,2025-06-06,DORMANT,0,LOW
AC000980,3044838470115489,BOIX0088155,Bank of India,Siwan,Bihar,P000558,,Mahesh Kushwaha,SAVINGS,2021-07-30,ACTIVE,0,LOW
AC000981,46586409405,CBXX0222462,Canara Bank,Siwan,Bihar,P000558,,Mahesh Kushwaha,SAVINGS,2019-12-03,CLOSED,0,MEDIUM
AC000982,34908601374287,YBXX0011899,Yes Bank,Siwan,Bihar,P000558,,Mahesh Kushwaha,CURRENT,2017-01-06,ACTIVE,0,MEDIUM
AC000983,069275348134,APBX0048545,Airtel Payments Bank,Bikaner,Rajasthan,P000559,,Tarsem Singh,SAVINGS,2021-08-28,ACTIVE,0,MEDIUM
AC000984,788128169045,ASFB0459208,AU Small Finance Bank,Muzaffarpur,Bihar,P000560,,Devendra Bhardwaj,SAVINGS,2021-11-30,ACTIVE,0,LOW
AC000985,98410768608968,KVBX0066663,Karur Vysya Bank,Muzaffarpur,Bihar,P000560,,Devendra Bhardwaj,OVERDRAFT,2019-09-24,ACTIVE,0,LOW
AC000986,65275383635,ASFB0599806,AU Small Finance Bank,Muzaffarpur,Bihar,P000560,,Devendra Bhardwaj,CURRENT,2021-01-14,FROZEN,0,MEDIUM
AC000987,30836392464933,CBXX0993492,Canara Bank,New Delhi,Delhi,P000561,,Nirmal Gill,CURRENT,2024-11-27,FROZEN,0,MEDIUM
AC000988,08480198589449,UBOI0093596,Union Bank of India,Tarn Taran,Punjab,P000562,,Yusuf Pathan,SAVINGS,2023-07-17,ACTIVE,0,LOW
AC000989,637352734334,FBXX0725560,Federal Bank,Tarn Taran,Punjab,P000562,,Yusuf Pathan,CURRENT,2023-08-26,ACTIVE,0,MEDIUM
AC000990,68028534717444,IBXX0491285,ICICI Bank,Tarn Taran,Punjab,P000562,,Yusuf Pathan,SAVINGS,2013-02-15,FROZEN,0,HIGH
AC000991,47178615634,FBXX0425406,Federal Bank,Tarn Taran,Punjab,P000562,,Yusuf Pathan,SAVINGS,2015-01-29,ACTIVE,0,MEDIUM
AC000992,171721930590,IOBX0675925,Indian Overseas Bank,Tarn Taran,Punjab,P000562,,Yusuf Pathan,CURRENT,2016-05-10,DORMANT,0,MEDIUM
AC000993,6128635161405568,IFBX0429628,IDFC First Bank,Begusarai,Bihar,P000563,,Malkiat Bains,OVERDRAFT,2014-12-09,ACTIVE,0,LOW
AC000994,30918451430,PNBX0912869,Punjab National Bank,Prayagraj,Uttar Pradesh,P000564,,Wasim Khan,SAVINGS,2017-12-11,ACTIVE,0,MEDIUM
AC000995,90550424617882,HBXX0696026,HDFC Bank,Prayagraj,Uttar Pradesh,P000564,,Wasim Khan,SAVINGS,2018-10-16,ACTIVE,0,LOW
AC000996,747843272670,BBXX0159890,Bandhan Bank,Prayagraj,Uttar Pradesh,P000564,,Wasim Khan,SAVINGS,2023-06-14,ACTIVE,0,LOW
AC000997,591596308957,FBXX0871350,Federal Bank,Prayagraj,Uttar Pradesh,P000564,,Wasim Khan,SAVINGS,2020-07-26,DORMANT,0,LOW
AC000998,105666242274,CBOI0176208,Central Bank of India,Varanasi,Uttar Pradesh,P000565,,Devendra Tiwari,SAVINGS,2019-01-19,CLOSED,0,HIGH
AC000999,62552801822,ABXX0710905,Axis Bank,New Delhi,Delhi,P000566,,Ajay Dubey,CURRENT,2015-05-24,ACTIVE,0,LOW
AC001000,798374279153,ASFB0353033,AU Small Finance Bank,New Delhi,Delhi,P000566,,Ajay Dubey,SAVINGS,2015-10-23,ACTIVE,0,MEDIUM
AC001001,611238476999,ABXX0013747,Axis Bank,New Delhi,Delhi,P000567,,Triloki Yadav,SAVINGS,2017-01-27,ACTIVE,0,LOW
AC001002,90014243163,BOIX0408919,Bank of India,Siwan,Bihar,P000568,,Lakhwinder Singh,CURRENT,2026-01-04,ACTIVE,0,MEDIUM
AC001003,48320296978,BOBX0426090,Bank of Baroda,Gaya,Bihar,P000569,,Rizwan Qureshi,SAVINGS,2021-02-03,ACTIVE,0,HIGH
AC001004,7501649369392685,UBOI0234300,Union Bank of India,Gaya,Bihar,P000569,,Rizwan Qureshi,SAVINGS,2017-06-22,ACTIVE,0,HIGH
AC001005,72716835029,UBOI0971671,Union Bank of India,Gaya,Bihar,P000569,,Rizwan Qureshi,CURRENT,2014-10-15,ACTIVE,0,HIGH
AC001006,05617056406828,PPBX0670062,Paytm Payments Bank,Gaya,Bihar,P000569,,Rizwan Qureshi,SAVINGS,2020-05-22,ACTIVE,0,LOW
AC001007,096467887422,IFBX0424253,IDFC First Bank,Gaya,Bihar,P000569,,Rizwan Qureshi,SAVINGS,2021-09-28,ACTIVE,0,MEDIUM
AC001008,31632540436511,BOIX0238701,Bank of India,Kolkata,West Bengal,P000570,,Dinesh Dubey,SAVINGS,2020-07-12,ACTIVE,0,LOW
AC001009,43853041887117,FBXX0023392,Federal Bank,New Delhi,Delhi,P000571,,Salim Ahmed,SAVINGS,2016-03-11,ACTIVE,0,LOW
AC001010,27228809680759,PNBX0383926,Punjab National Bank,New Delhi,Delhi,P000571,,Salim Ahmed,SAVINGS,2018-08-12,CLOSED,0,LOW
AC001011,78493094216593,SBOI0153990,State Bank of India,North 24 Parganas,West Bengal,P000572,,Mohammed Sheikh,SAVINGS,2016-04-27,DORMANT,0,MEDIUM
AC001012,258566460328,SBOI0770564,State Bank of India,Patna,Bihar,P000573,,Sandeep Dixit,CURRENT,2014-04-04,ACTIVE,0,MEDIUM
AC001013,49912610254885,SBOI0752271,State Bank of India,New Delhi,Delhi,P000574,,Ashim Mondal,SAVINGS,2018-03-22,FROZEN,0,MEDIUM
AC001014,489440535360,IBXX0485567,ICICI Bank,Muzaffarpur,Bihar,P000575,,Vinod Nagar,OVERDRAFT,2025-08-24,ACTIVE,0,LOW
AC001015,3063153921019973,YBXX0791574,Yes Bank,Karimganj,Assam,P000576,,Anup Chakraborty,CURRENT,2017-04-23,DORMANT,0,HIGH
AC001016,632805257223,IBXX0851328,ICICI Bank,Karimganj,Assam,P000576,,Anup Chakraborty,CURRENT,2020-04-13,ACTIVE,0,MEDIUM
AC001017,1056628307338475,IFBX0840618,IDFC First Bank,Dhubri,Assam,P000577,,Nirmal Naskar,SAVINGS,2024-05-19,ACTIVE,0,HIGH
AC001018,29903723210311,PPBX0399552,Paytm Payments Bank,Kolkata,West Bengal,P000578,,Nepal Gayen,CURRENT,2025-06-02,DORMANT,0,LOW
AC001019,22751345340,IFBX0482261,IDFC First Bank,Begusarai,Bihar,P000579,,Shanti Kushwaha,CURRENT,2023-03-06,ACTIVE,0,LOW
AC001020,394619128989,HBXX0196481,HDFC Bank,Muzaffarpur,Bihar,P000580,,Nepal Mondal,SAVINGS,2015-06-21,ACTIVE,0,MEDIUM
AC001021,21519962446262,ABXX0774843,Axis Bank,Gorakhpur,Uttar Pradesh,P000581,,Shahnawaz Ansari,OVERDRAFT,2014-10-22,ACTIVE,0,HIGH
AC001022,11904828570442,IBXX0170851,IndusInd Bank,Varanasi,Uttar Pradesh,P000582,,Arindam Bhattacharya,SAVINGS,2021-05-23,ACTIVE,0,LOW
AC001023,1772620741230424,FBXX0977914,Federal Bank,Patna,Bihar,P000583,,Arindam Biswas,CURRENT,2019-06-09,ACTIVE,0,MEDIUM
AC001024,38267153552,IBXX0139625,ICICI Bank,Murshidabad,West Bengal,P000584,,Pradip Sen,SAVINGS,2014-11-14,ACTIVE,1,MEDIUM
AC001025,428826928305,IBXX0371293,IndusInd Bank,Murshidabad,West Bengal,P000584,,Pradip Sen,CURRENT,2018-09-28,ACTIVE,1,LOW
AC001026,391908179503,IBXX0160488,IndusInd Bank,Murshidabad,West Bengal,P000584,,Pradip Sen,WALLET,2014-05-17,ACTIVE,1,MEDIUM
AC001027,01202858747,ASFB0033500,AU Small Finance Bank,Murshidabad,West Bengal,P000585,,Iqbal Hussain,SAVINGS,2015-09-30,DORMANT,0,LOW
AC001028,7627554585924768,KVBX0428802,Karur Vysya Bank,Noida,Uttar Pradesh,P000586,,Nirmal Mistry,CURRENT,2022-12-29,ACTIVE,0,MEDIUM
AC001029,36229495914,IFBX0143633,IDFC First Bank,Noida,Uttar Pradesh,P000586,,Nirmal Mistry,CURRENT,2023-11-08,ACTIVE,0,MEDIUM
AC001030,313568087305,IBXX0382903,IndusInd Bank,Munger,Bihar,P000587,,Shabana Ahmed,WALLET,2014-06-28,ACTIVE,0,MEDIUM
AC001031,91763555894,BOBX0796741,Bank of Baroda,New Delhi,Delhi,P000588,,Tapan Roy,SAVINGS,2019-12-14,CLOSED,0,LOW
AC001032,7029891850336479,IBXX0071715,ICICI Bank,New Delhi,Delhi,P000588,,Tapan Roy,SAVINGS,2022-11-05,ACTIVE,0,MEDIUM
AC001033,94156738442773,UBOI0325320,Union Bank of India,Munger,Bihar,P000589,,Ramesh Awasthi,SAVINGS,2019-02-10,ACTIVE,0,MEDIUM
AC001034,05918680596,CBXX0969621,Canara Bank,Dhubri,Assam,P000590,,Shailendra Kashyap,SAVINGS,2022-05-11,FROZEN,0,MEDIUM
AC001035,4355476401163082,YBXX0345134,Yes Bank,Dhubri,Assam,P000590,,Shailendra Kashyap,CURRENT,2015-03-30,ACTIVE,0,HIGH
AC001036,47561953172361,BBXX0465389,Bandhan Bank,Karimganj,Assam,P000591,,Anup Roy,SAVINGS,2023-03-12,ACTIVE,0,HIGH
AC001037,681404819638,APBX0830038,Airtel Payments Bank,Karimganj,Assam,P000591,,Anup Roy,OVERDRAFT,2016-11-21,ACTIVE,0,LOW
AC001038,3486780327674447,BOIX0527113,Bank of India,Karimganj,Assam,P000591,,Anup Roy,SAVINGS,2021-02-23,CLOSED,0,MEDIUM
AC001039,911589087411,PPBX0613456,Paytm Payments Bank,Karimganj,Assam,P000591,,Anup Roy,OVERDRAFT,2020-05-18,ACTIVE,0,LOW
AC001040,0221240564643338,KVBX0499553,Karur Vysya Bank,Karimganj,Assam,P000591,,Anup Roy,SAVINGS,2015-03-20,ACTIVE,0,LOW
AC001041,42916732444,IBXX0285095,IndusInd Bank,Siliguri,West Bengal,P000592,,Sudha Singh,CURRENT,2018-04-30,ACTIVE,0,LOW
AC001042,7902035637905296,PPBX0877017,Paytm Payments Bank,Lucknow,Uttar Pradesh,P000593,,Ashim Pal,CURRENT,2022-04-03,ACTIVE,0,LOW
AC001043,25590248302333,ASFB0536828,AU Small Finance Bank,Karimganj,Assam,P000594,,Sanjib Majumdar,CURRENT,2021-03-30,ACTIVE,0,LOW
AC001044,56380416410148,ASFB0444993,AU Small Finance Bank,New Delhi,Delhi,P000595,,Faizan Pathan,SAVINGS,2024-01-26,ACTIVE,0,MEDIUM
AC001045,191465667471,IOBX0796070,Indian Overseas Bank,New Delhi,Delhi,P000595,,Faizan Pathan,SAVINGS,2018-08-21,FROZEN,0,LOW
AC001046,31825511034,IFBX0998519,IDFC First Bank,Karimganj,Assam,P000596,,Afsana Ahmed,SAVINGS,2021-07-10,ACTIVE,0,MEDIUM
AC001047,90541089283263,UBOI0280858,Union Bank of India,Muzaffarnagar,Uttar Pradesh,P000597,,Anup Roy,SAVINGS,2026-05-23,ACTIVE,1,MEDIUM
AC001048,696890043374,KVBX0973781,Karur Vysya Bank,New Delhi,Delhi,P000598,,Tanveer Siddiqui,SAVINGS,2020-12-28,ACTIVE,0,HIGH
AC001049,57444313800,IBXX0513448,ICICI Bank,Malda,West Bengal,P000599,,Satish Awasthi,CURRENT,2025-07-05,ACTIVE,0,LOW
AC001050,782378016181,IOBX0621115,Indian Overseas Bank,New Delhi,Delhi,P000600,,Shabana Qureshi,CURRENT,2020-05-01,ACTIVE,1,LOW
AC001051,14636511916,CBXX0671403,Canara Bank,New Delhi,Delhi,P000600,,Shabana Qureshi,CURRENT,2013-12-20,ACTIVE,1,HIGH
AC001052,668103149496,ABXX0865670,Axis Bank,New Delhi,Delhi,P000600,,Shabana Qureshi,SAVINGS,2019-06-04,DORMANT,0,LOW
AC001053,72889587047,KVBX0471248,Karur Vysya Bank,Purnia,Bihar,P000601,,Sarfaraz Chaudhary,CURRENT,2023-07-31,ACTIVE,0,HIGH
AC001054,38304566533,KMBX0119129,Kotak Mahindra Bank,Siwan,Bihar,P000602,,Kuldeep Sengar,SAVINGS,2023-04-04,ACTIVE,0,LOW
AC001055,338168083557,ABXX0903107,Axis Bank,Jaunpur,Uttar Pradesh,P000603,,Firoz Rahman,SAVINGS,2020-02-18,DORMANT,0,LOW
AC001056,1570911319983082,IOBX0772233,Indian Overseas Bank,New Delhi,Delhi,P000604,,Faizan Malik,CURRENT,2020-06-09,DORMANT,0,HIGH
AC001057,62752042584,IFBX0521497,IDFC First Bank,Murshidabad,West Bengal,P000605,,Pradip Chakraborty,SAVINGS,2024-11-06,ACTIVE,0,HIGH
AC001058,1997013541627311,FBXX0488034,Federal Bank,Murshidabad,West Bengal,P000605,,Pradip Chakraborty,OVERDRAFT,2017-08-06,ACTIVE,0,LOW
AC001059,15156819142438,CBOI0448588,Central Bank of India,New Delhi,Delhi,P000606,,Tanveer Rahman,SAVINGS,2017-01-09,ACTIVE,0,LOW
AC001060,2833578424871516,BOBX0171483,Bank of Baroda,New Delhi,Delhi,P000607,,Udaiveer Prajapati,SAVINGS,2017-01-14,ACTIVE,0,LOW
AC001061,9903177919941395,ABXX0608675,Axis Bank,Lucknow,Uttar Pradesh,P000608,,Shailendra Sengar,SAVINGS,2015-12-17,ACTIVE,0,LOW
AC001062,1707917347623959,CBOI0493894,Central Bank of India,Lucknow,Uttar Pradesh,P000608,,Shailendra Sengar,SAVINGS,2023-06-04,ACTIVE,0,HIGH
AC001063,70046243929787,KMBX0793912,Kotak Mahindra Bank,Karimganj,Assam,P000609,,Pradeep Shukla,SAVINGS,2015-11-21,ACTIVE,0,MEDIUM
AC001064,3450384257965260,BBXX0781328,Bandhan Bank,New Delhi,Delhi,P000610,,Nirmal Bose,SAVINGS,2020-03-25,CLOSED,0,MEDIUM
AC001065,46604509646,KVBX0636865,Karur Vysya Bank,New Delhi,Delhi,P000610,,Nirmal Bose,OVERDRAFT,2022-05-14,ACTIVE,0,HIGH
AC001066,808114251532,CBXX0442472,Canara Bank,Nizamabad,Telangana,P000611,,Rambabu Kumar,SAVINGS,2020-03-02,ACTIVE,0,MEDIUM
AC001067,0108404820930435,IBXX0213565,ICICI Bank,Nizamabad,Telangana,P000611,,Rambabu Kumar,SAVINGS,2022-07-29,DORMANT,0,LOW
AC001068,56440219467,IBXX0698611,ICICI Bank,Visakhapatnam,Andhra Pradesh,P000612,,Sudhakar Prasad,CURRENT,2015-07-01,ACTIVE,0,LOW
AC001069,72391468015,IFBX0749417,IDFC First Bank,Coimbatore,Tamil Nadu,P000613,,Sasmita Behera,WALLET,2022-07-23,ACTIVE,0,LOW
AC001070,07761544933039,BOBX0232175,Bank of Baroda,Coimbatore,Tamil Nadu,P000613,,Sasmita Behera,CURRENT,2022-05-10,FROZEN,0,LOW
AC001071,83917932776,BOIX0282549,Bank of India,Malkangiri,Odisha,P000614,,Rajendran Muthusamy,SAVINGS,2021-05-18,ACTIVE,0,MEDIUM
AC001072,1540572374853120,CBOI0803348,Central Bank of India,Bengaluru,Karnataka,P000615,,Mallesh Yadav,CURRENT,2023-07-03,ACTIVE,0,MEDIUM
AC001073,177137949810,CBXX0634223,Canara Bank,Bengaluru,Karnataka,P000615,,Mallesh Yadav,SAVINGS,2024-10-20,ACTIVE,0,LOW
AC001074,404583446112,KVBX0789567,Karur Vysya Bank,Bijapur,Chhattisgarh,P000616,,Sudarshan Mallick,SAVINGS,2021-10-20,ACTIVE,1,HIGH
AC001075,09992748710,IBXX0485606,ICICI Bank,Trichy,Tamil Nadu,P000617,,Chandra Shekar Setty,OVERDRAFT,2018-10-03,DORMANT,1,MEDIUM
AC001076,4821883043178620,ASFB0661268,AU Small Finance Bank,Nagpur,Maharashtra,P000618,,Basanta Behera,OVERDRAFT,2024-02-21,FROZEN,0,MEDIUM
AC001077,3179334950375476,BOBX0859014,Bank of Baroda,Nagpur,Maharashtra,P000618,,Basanta Behera,CURRENT,2017-06-13,ACTIVE,0,HIGH
AC001078,611479945955,UBOI0940841,Union Bank of India,Guntur,Andhra Pradesh,P000619,,Prasanna Mallick,SAVINGS,2014-03-09,ACTIVE,0,LOW
AC001079,868345482721,CBOI0252770,Central Bank of India,Cuttack,Odisha,P000620,,Saravanan Rajendran,SAVINGS,2020-09-23,FROZEN,0,MEDIUM
AC001080,253530354579,PNBX0494242,Punjab National Bank,Cuttack,Odisha,P000620,,Saravanan Rajendran,SAVINGS,2014-11-21,ACTIVE,0,LOW
AC001081,497430770871,APBX0559943,Airtel Payments Bank,Ballari,Karnataka,P000621,,Revathi Mudaliar,WALLET,2014-03-26,ACTIVE,0,LOW
AC001082,94982373427,IBXX0762707,ICICI Bank,Visakhapatnam,Andhra Pradesh,P000622,,Trilochan Mohanty,SAVINGS,2020-03-17,ACTIVE,0,LOW
AC001083,1487034884224140,FBXX0313453,Federal Bank,Visakhapatnam,Andhra Pradesh,P000622,,Trilochan Mohanty,CURRENT,2024-08-20,ACTIVE,0,MEDIUM
AC001084,3160740809369587,UBOI0056456,Union Bank of India,Trichy,Tamil Nadu,P000623,,Saravanan Pillai,SAVINGS,2018-10-30,ACTIVE,0,MEDIUM
AC001085,5403743825995197,KMBX0227432,Kotak Mahindra Bank,Ballari,Karnataka,P000624,,Balaraju Nallamothu,CURRENT,2025-04-27,FROZEN,0,MEDIUM
AC001086,9782297120302334,YBXX0807775,Yes Bank,Ganjam,Odisha,P000625,,Perumal Sundaram,SAVINGS,2014-03-07,ACTIVE,0,MEDIUM
AC001087,77866769329540,BOBX0682830,Bank of Baroda,Ganjam,Odisha,P000625,,Perumal Sundaram,CURRENT,2016-03-22,CLOSED,0,LOW
AC001088,83802784921430,BOBX0669493,Bank of Baroda,Ganjam,Odisha,P000625,,Perumal Sundaram,SAVINGS,2023-11-23,ACTIVE,0,HIGH
AC001089,29566283740,YBXX0064178,Yes Bank,Ganjam,Odisha,P000625,,Perumal Sundaram,SAVINGS,2020-12-04,DORMANT,0,LOW
AC001090,0951973822598436,CBOI0328699,Central Bank of India,Chennai,Tamil Nadu,P000626,,Murugan Muthusamy,WALLET,2024-01-24,FROZEN,0,LOW
AC001091,53812058080640,CBOI0020960,Central Bank of India,Chennai,Tamil Nadu,P000627,,Amutha Rajendran,SAVINGS,2025-04-21,ACTIVE,0,MEDIUM
AC001092,386625452299,CBOI0701285,Central Bank of India,Guntur,Andhra Pradesh,P000628,,Vetrivel Gounder,WALLET,2022-05-26,FROZEN,0,MEDIUM
AC001093,28622035040049,KVBX0222671,Karur Vysya Bank,Mumbai,Maharashtra,P000629,,Ramulu Reddy,SAVINGS,2024-04-20,DORMANT,1,LOW
AC001094,5188237937939751,APBX0078380,Airtel Payments Bank,Mumbai,Maharashtra,P000629,,Ramulu Reddy,SAVINGS,2015-01-22,DORMANT,1,MEDIUM
AC001095,56627714875,CBXX0439981,Canara Bank,Cuttack,Odisha,P000630,,Bibhuti Mohanty,SAVINGS,2016-07-29,FROZEN,0,LOW
AC001096,270043770474,IFBX0376268,IDFC First Bank,Bijapur,Chhattisgarh,P000631,,Narsimha Prasad,SAVINGS,2014-01-28,ACTIVE,0,LOW
AC001097,26903000849445,BOBX0224143,Bank of Baroda,Bijapur,Chhattisgarh,P000631,,Narsimha Prasad,SAVINGS,2020-03-09,ACTIVE,0,MEDIUM
AC001098,8845921233941884,YBXX0643110,Yes Bank,Bijapur,Chhattisgarh,P000631,,Narsimha Prasad,SAVINGS,2020-05-27,DORMANT,0,HIGH
AC001099,42374322330,CBOI0872472,Central Bank of India,Bijapur,Chhattisgarh,P000631,,Narsimha Prasad,OVERDRAFT,2018-06-12,ACTIVE,0,LOW
AC001100,50949935727763,IBXX0471696,IndusInd Bank,Bijapur,Chhattisgarh,P000632,,Sekar Subramanian,CURRENT,2020-04-24,FROZEN,0,MEDIUM
AC001101,30962097227084,ASFB0205260,AU Small Finance Bank,Ganjam,Odisha,P000633,,Arivazhagan Mudaliar,SAVINGS,2020-12-20,ACTIVE,0,MEDIUM
AC001102,656112740615,IOBX0947185,Indian Overseas Bank,Hyderabad,Telangana,P000634,,Srinivas Bandari,SAVINGS,2021-07-04,ACTIVE,1,MEDIUM
AC001103,7411437481533755,IFBX0042379,IDFC First Bank,Hyderabad,Telangana,P000634,,Srinivas Bandari,CURRENT,2017-05-23,ACTIVE,1,MEDIUM
AC001104,416335018836,IBXX0050535,ICICI Bank,Cuttack,Odisha,P000635,,Manikandan Annadurai,SAVINGS,2020-07-26,ACTIVE,0,MEDIUM
AC001105,75848761129794,FBXX0325588,Federal Bank,Cuttack,Odisha,P000635,,Manikandan Annadurai,SAVINGS,2024-05-13,ACTIVE,1,MEDIUM
AC001106,448387176027,BBXX0993516,Bandhan Bank,Cuttack,Odisha,P000635,,Manikandan Annadurai,SAVINGS,2014-05-09,DORMANT,1,LOW
AC001107,290608091964,UBOI0954638,Union Bank of India,Coimbatore,Tamil Nadu,P000636,,Lakshmi Sharma,SAVINGS,2019-01-11,ACTIVE,0,MEDIUM
AC001108,08207440776,CBXX0217651,Canara Bank,Bengaluru,Karnataka,P000637,,Chitra Naicker,SAVINGS,2015-03-04,ACTIVE,1,MEDIUM
AC001109,472090028224,CBXX0051649,Canara Bank,Coimbatore,Tamil Nadu,P000638,,Mallesh Choudary,SAVINGS,2021-01-21,FROZEN,1,LOW
AC001110,254079557175,IBXX0687877,IndusInd Bank,Coimbatore,Tamil Nadu,P000638,,Mallesh Choudary,SAVINGS,2016-12-13,ACTIVE,1,MEDIUM
AC001111,421229750599,HBXX0131539,HDFC Bank,Coimbatore,Tamil Nadu,P000638,,Mallesh Choudary,SAVINGS,2015-09-14,ACTIVE,1,MEDIUM
AC001112,4331303691891595,UBOI0812978,Union Bank of India,Trichy,Tamil Nadu,P000639,,Sasmita Behera,SAVINGS,2023-01-03,ACTIVE,1,LOW
AC001113,607505801528,IFBX0331160,IDFC First Bank,Trichy,Tamil Nadu,P000639,,Sasmita Behera,SAVINGS,2025-12-23,ACTIVE,1,LOW
AC001114,00074654683,IBXX0275009,ICICI Bank,Trichy,Tamil Nadu,P000639,,Sasmita Behera,SAVINGS,2024-12-21,FROZEN,1,LOW
AC001115,2996723741062769,ABXX0046009,Axis Bank,Visakhapatnam,Andhra Pradesh,P000640,,Perumal Palanivel,SAVINGS,2019-02-07,ACTIVE,1,MEDIUM
AC001116,11492476930,IBXX0979007,IndusInd Bank,Mangaluru,Karnataka,P000641,,Palanisamy Palanivel,SAVINGS,2021-06-05,ACTIVE,0,LOW
AC001117,21894384970,UBOI0246013,Union Bank of India,Pune,Maharashtra,P000642,,Bhagaban Panda,SAVINGS,2014-04-05,ACTIVE,1,MEDIUM
AC001118,71694528821085,YBXX0393166,Yes Bank,Vijayawada,Andhra Pradesh,P000643,,Niranjan Panda,OVERDRAFT,2020-06-20,DORMANT,0,LOW
AC001119,698988352927,YBXX0313359,Yes Bank,Chennai,Tamil Nadu,P000644,,Nagaraju Rao,SAVINGS,2013-08-24,ACTIVE,0,MEDIUM
AC001120,81019147796289,CBXX0380430,Canara Bank,Chennai,Tamil Nadu,P000644,,Nagaraju Rao,SAVINGS,2020-01-29,CLOSED,0,HIGH
AC001121,79356848134,IFBX0597265,IDFC First Bank,Coimbatore,Tamil Nadu,P000645,,Prasanna Mohanty,CURRENT,2023-07-14,ACTIVE,0,MEDIUM
AC001122,9401846883536488,PNBX0876320,Punjab National Bank,Bijapur,Chhattisgarh,P000646,,Jagabandhu Sahoo,SAVINGS,2013-08-25,ACTIVE,0,LOW
AC001123,7913099564975671,YBXX0175152,Yes Bank,Bijapur,Chhattisgarh,P000646,,Jagabandhu Sahoo,WALLET,2025-10-19,DORMANT,0,LOW
AC001124,81756091894766,ABXX0312850,Axis Bank,Bijapur,Chhattisgarh,P000646,,Jagabandhu Sahoo,CURRENT,2013-02-14,FROZEN,0,HIGH
AC001125,296825326654,KMBX0904844,Kotak Mahindra Bank,Bijapur,Chhattisgarh,P000646,,Jagabandhu Sahoo,SAVINGS,2017-08-18,ACTIVE,0,MEDIUM
AC001126,40713209411762,CBXX0320908,Canara Bank,Bijapur,Chhattisgarh,P000646,,Jagabandhu Sahoo,CURRENT,2019-11-13,ACTIVE,0,LOW
AC001127,59267729126,KMBX0362352,Kotak Mahindra Bank,Mumbai,Maharashtra,P000647,,Trilochan Rout,SAVINGS,2015-05-10,ACTIVE,0,MEDIUM
AC001128,003682887951,ABXX0343650,Axis Bank,Mumbai,Maharashtra,P000648,,Saravanan Mudaliar,SAVINGS,2014-07-29,ACTIVE,0,LOW
AC001129,4449958340597790,FBXX0209233,Federal Bank,Cuttack,Odisha,P000649,,Srinivas Choudary,SAVINGS,2020-11-26,ACTIVE,0,MEDIUM
AC001130,69570111165,KMBX0407456,Kotak Mahindra Bank,Cuttack,Odisha,P000649,,Srinivas Choudary,SAVINGS,2015-12-02,DORMANT,0,MEDIUM
AC001131,83526902355545,CBOI0126030,Central Bank of India,Raipur,Chhattisgarh,P000650,,Kumaresan Muthusamy,SAVINGS,2018-12-07,ACTIVE,0,HIGH
AC001132,84344294215,YBXX0333853,Yes Bank,Raipur,Chhattisgarh,P000650,,Kumaresan Muthusamy,SAVINGS,2026-05-15,ACTIVE,0,MEDIUM
AC001133,85877436001,CBOI0138954,Central Bank of India,Raipur,Chhattisgarh,P000650,,Kumaresan Muthusamy,CURRENT,2022-09-11,ACTIVE,0,HIGH
AC001134,77851311398404,UBOI0119771,Union Bank of India,Kalaburagi,Karnataka,P000651,,Yellaiah Kondapalli,SAVINGS,2015-02-19,FROZEN,1,LOW
AC001135,405506016561,IBXX0270584,IndusInd Bank,Kalaburagi,Karnataka,P000651,,Yellaiah Kondapalli,SAVINGS,2016-05-31,ACTIVE,1,MEDIUM
AC001136,993245698405,IBXX0046944,IndusInd Bank,Kalaburagi,Karnataka,P000651,,Yellaiah Kondapalli,CURRENT,2025-08-03,ACTIVE,1,MEDIUM
AC001137,43363234581170,SBOI0813281,State Bank of India,Chennai,Tamil Nadu,P000652,,Basanta Sahoo,SAVINGS,2025-11-02,FROZEN,0,MEDIUM
AC001138,00424812007865,BBXX0503445,Bandhan Bank,Guntur,Andhra Pradesh,P000653,,Sudarshan Behera,SAVINGS,2025-09-06,DORMANT,0,LOW
AC001139,72771724281,PPBX0925794,Paytm Payments Bank,Bhubaneswar,Odisha,P000654,,Manikandan Rajendran,CURRENT,2021-07-10,ACTIVE,0,LOW
AC001140,734132785217,ASFB0009638,AU Small Finance Bank,Bhubaneswar,Odisha,P000654,,Manikandan Rajendran,SAVINGS,2015-03-16,ACTIVE,1,LOW
AC001141,73455285336934,PPBX0184706,Paytm Payments Bank,Hyderabad,Telangana,P000655,,Karthik Thevar,SAVINGS,2021-07-22,ACTIVE,0,MEDIUM
AC001142,3804070793695242,IOBX0411316,Indian Overseas Bank,Hyderabad,Telangana,P000655,,Karthik Thevar,CURRENT,2020-10-30,ACTIVE,0,LOW
AC001143,506765503346,ABXX0948183,Axis Bank,Hyderabad,Telangana,P000655,,Karthik Thevar,CURRENT,2025-05-07,FROZEN,0,MEDIUM
AC001144,59260511373177,SBOI0015772,State Bank of India,Mumbai,Maharashtra,P000656,,Niranjan Dash,CURRENT,2015-02-08,ACTIVE,0,MEDIUM
AC001145,92089861595171,BOIX0771816,Bank of India,Mumbai,Maharashtra,P000656,,Niranjan Dash,SAVINGS,2016-05-31,ACTIVE,0,MEDIUM
AC001146,5762243147667096,ASFB0597583,AU Small Finance Bank,Pune,Maharashtra,P000657,,Bhagaban Mohanty,WALLET,2026-03-15,ACTIVE,0,LOW
AC001147,384377494906,UBOI0849210,Union Bank of India,Raipur,Chhattisgarh,P000658,,Karthik Annadurai,SAVINGS,2015-07-29,ACTIVE,0,LOW
AC001148,16243760502,APBX0446933,Airtel Payments Bank,Raipur,Chhattisgarh,P000659,,Jagabandhu Munda,SAVINGS,2022-04-07,ACTIVE,0,MEDIUM
AC001149,5436040637254112,APBX0553612,Airtel Payments Bank,Raipur,Chhattisgarh,P000659,,Jagabandhu Munda,SAVINGS,2019-01-20,ACTIVE,0,LOW
AC001150,32854139841,IFBX0606201,IDFC First Bank,Alluri Sitharama Raju,Andhra Pradesh,P000660,,Srinivas Kondapalli,SAVINGS,2020-03-08,ACTIVE,0,HIGH
AC001151,61258566146994,CBOI0442359,Central Bank of India,Nashik,Maharashtra,P000661,,Rajendran Thevar,CURRENT,2013-03-02,FROZEN,0,LOW
AC001152,5408515556520084,BBXX0688886,Bandhan Bank,Nashik,Maharashtra,P000661,,Rajendran Thevar,WALLET,2023-03-07,ACTIVE,0,MEDIUM
AC001153,82383408876,IOBX0124433,Indian Overseas Bank,Nashik,Maharashtra,P000661,,Rajendran Thevar,SAVINGS,2014-01-22,ACTIVE,0,HIGH
AC001154,75097743264,CBOI0799437,Central Bank of India,Kalaburagi,Karnataka,P000662,,Akshaya Jena,SAVINGS,2021-09-28,ACTIVE,0,MEDIUM
AC001155,4077463471666250,BOBX0786228,Bank of Baroda,Vijayawada,Andhra Pradesh,P000663,,Sabita Sahoo,CURRENT,2023-10-23,ACTIVE,0,LOW
AC001156,21761658895,FBXX0420116,Federal Bank,Vijayawada,Andhra Pradesh,P000663,,Sabita Sahoo,OVERDRAFT,2017-08-16,ACTIVE,0,MEDIUM
AC001157,30960732859176,SBOI0532939,State Bank of India,Hyderabad,Telangana,P000664,,Mallesh Naidu,SAVINGS,2019-04-04,ACTIVE,1,HIGH
AC001158,07755028219105,ASFB0132794,AU Small Finance Bank,Mumbai,Maharashtra,P000665,,Pramila Dash,CURRENT,2023-08-26,ACTIVE,0,MEDIUM
AC001159,98228359499729,KVBX0490408,Karur Vysya Bank,Malkangiri,Odisha,P000666,,Hariom Bhardwaj,SAVINGS,2018-02-16,ACTIVE,0,MEDIUM
AC001160,929212533117,IFBX0965456,IDFC First Bank,Dhanbad,Jharkhand,P000667,,Pramod Singh,CURRENT,2016-11-09,ACTIVE,1,MEDIUM
AC001161,172567503436,IFBX0285707,IDFC First Bank,Guwahati,Assam,P000668,,Sarat Rout,SAVINGS,2024-01-22,ACTIVE,1,LOW
AC001162,61130259155420,CBXX0121695,Canara Bank,Guwahati,Assam,P000668,,Sarat Rout,WALLET,2025-01-04,ACTIVE,1,HIGH
AC001163,91162046349750,KMBX0071125,Kotak Mahindra Bank,Dhanbad,Jharkhand,P000669,,Tapan Naskar,SAVINGS,2013-05-16,CLOSED,1,LOW
AC001164,64005070202252,IBXX0433827,ICICI Bank,Dhanbad,Jharkhand,P000669,,Tapan Naskar,SAVINGS,2014-05-09,ACTIVE,1,LOW
AC001165,4614755845983978,BOBX0290864,Bank of Baroda,Deoghar,Jharkhand,P000670,,Bhagaban Sahoo,SAVINGS,2020-03-25,ACTIVE,0,LOW
AC001166,00175216050,FBXX0551600,Federal Bank,Muzaffarpur,Bihar,P000671,,Basanta Jena,CURRENT,2024-10-12,DORMANT,0,LOW
AC001167,2890067215662871,IBXX0702993,ICICI Bank,Muzaffarpur,Bihar,P000671,,Basanta Jena,CURRENT,2024-11-10,ACTIVE,0,MEDIUM
AC001168,31496455397384,PNBX0605971,Punjab National Bank,Giridih,Jharkhand,P000672,,Sasmita Mallick,WALLET,2018-03-14,ACTIVE,0,LOW
AC001169,6777920175038528,HBXX0931650,HDFC Bank,Deoghar,Jharkhand,P000673,,Vijay Dubey,SAVINGS,2017-09-29,ACTIVE,0,LOW
AC001170,51037938492,HBXX0137332,HDFC Bank,Guwahati,Assam,P000674,,Basanta Pradhan,SAVINGS,2018-01-27,ACTIVE,0,LOW
AC001171,37249285111710,ABXX0912361,Axis Bank,Kolkata,West Bengal,P000675,,Naresh Shukla,SAVINGS,2019-07-15,ACTIVE,1,LOW
AC001172,66311608970957,ASFB0192957,AU Small Finance Bank,Guwahati,Assam,P000676,,Kartik Sardar,WALLET,2016-01-01,FROZEN,1,MEDIUM
AC001173,46424060058,PNBX0010001,Punjab National Bank,Guwahati,Assam,P000676,,Kartik Sardar,SAVINGS,2024-09-12,ACTIVE,1,HIGH
AC001174,778051725605,APBX0195761,Airtel Payments Bank,Cuttack,Odisha,P000677,,Bhagaban Dash,CURRENT,2023-10-19,ACTIVE,0,MEDIUM
AC001175,2917035398151689,IBXX0976682,ICICI Bank,Cuttack,Odisha,P000677,,Bhagaban Dash,SAVINGS,2021-04-19,ACTIVE,0,HIGH
AC001176,757162846891,UBOI0555822,Union Bank of India,Ganjam,Odisha,P000678,,Bibhuti Munda,SAVINGS,2020-10-22,ACTIVE,0,HIGH
AC001177,7017693915048985,YBXX0923949,Yes Bank,Ganjam,Odisha,P000678,,Bibhuti Munda,SAVINGS,2021-04-07,FROZEN,0,HIGH
AC001178,02330908576039,IBXX0688419,IndusInd Bank,Jamtara,Jharkhand,P000679,,Bandana Sardar,SAVINGS,2019-07-28,ACTIVE,0,LOW
AC001179,7320581570850371,FBXX0632449,Federal Bank,Jamtara,Jharkhand,P000679,,Bandana Sardar,SAVINGS,2024-01-17,FROZEN,0,LOW
AC001180,69203088249048,YBXX0725878,Yes Bank,Guwahati,Assam,P000680,,Prakash Dubey,SAVINGS,2013-03-17,CLOSED,1,MEDIUM
AC001181,642686042398,ASFB0991434,AU Small Finance Bank,Jamtara,Jharkhand,P000681,,Ashim Biswas,SAVINGS,2014-09-29,ACTIVE,0,LOW
AC001182,4924659645600155,ASFB0815560,AU Small Finance Bank,Gaya,Bihar,P000682,,Rupa Das,SAVINGS,2024-01-21,ACTIVE,0,LOW
AC001183,77013910134,PPBX0248460,Paytm Payments Bank,Bhubaneswar,Odisha,P000683,,Sanjib Mistry,SAVINGS,2018-05-15,ACTIVE,0,MEDIUM
AC001184,368690055553,IBXX0794896,ICICI Bank,Bhubaneswar,Odisha,P000683,,Sanjib Mistry,SAVINGS,2018-10-17,ACTIVE,0,LOW
AC001185,68081465810,FBXX0167822,Federal Bank,Bhubaneswar,Odisha,P000683,,Sanjib Mistry,SAVINGS,2024-12-10,ACTIVE,0,LOW
AC001186,665122506684,CBXX0457344,Canara Bank,Bhubaneswar,Odisha,P000683,,Sanjib Mistry,CURRENT,2022-10-27,DORMANT,0,HIGH
AC001187,7170183666609683,ABXX0901470,Axis Bank,Bhubaneswar,Odisha,P000683,,Sanjib Mistry,SAVINGS,2015-03-07,ACTIVE,0,LOW
AC001188,48662717786,KVBX0038176,Karur Vysya Bank,Karimganj,Assam,P000684,,Sunil Verma,SAVINGS,2020-07-23,ACTIVE,0,LOW
AC001189,02510563254,KMBX0293259,Kotak Mahindra Bank,Murshidabad,West Bengal,P000685,,Balbir Mishra,SAVINGS,2025-12-16,FROZEN,0,LOW
AC001190,36393658980437,IBXX0367918,ICICI Bank,Ganjam,Odisha,P000686,,Arindam Halder,OVERDRAFT,2022-08-07,ACTIVE,0,HIGH
AC001191,84884779629690,PNBX0685878,Punjab National Bank,Ganjam,Odisha,P000686,,Arindam Halder,CURRENT,2013-09-20,FROZEN,0,MEDIUM
AC001192,3047647458033557,FBXX0373274,Federal Bank,Karimganj,Assam,P000687,,Dinesh Prajapati,WALLET,2025-06-13,ACTIVE,1,MEDIUM
AC001193,84436008237333,IBXX0100257,IndusInd Bank,Bhubaneswar,Odisha,P000688,,Pradip Ghosh,CURRENT,2013-10-13,DORMANT,0,LOW
AC001194,78078309626397,BOIX0841660,Bank of India,Begusarai,Bihar,P000689,,Jagdish Verma,CURRENT,2025-08-08,ACTIVE,0,MEDIUM
AC001195,11981625034839,IOBX0149143,Indian Overseas Bank,Begusarai,Bihar,P000689,,Jagdish Verma,CURRENT,2024-07-06,FROZEN,0,LOW
AC001196,7804041022961939,SBOI0731447,State Bank of India,Begusarai,Bihar,P000689,,Jagdish Verma,CURRENT,2025-08-18,ACTIVE,0,MEDIUM
AC001197,985108076536,BBXX0448163,Bandhan Bank,Begusarai,Bihar,P000689,,Jagdish Verma,SAVINGS,2020-03-10,ACTIVE,0,MEDIUM
AC001198,51211479972337,CBXX0575422,Canara Bank,Begusarai,Bihar,P000689,,Jagdish Verma,SAVINGS,2015-02-13,ACTIVE,0,LOW
AC001199,083164094087,HBXX0481491,HDFC Bank,North 24 Parganas,West Bengal,P000690,,Bimal Majumdar,CURRENT,2016-01-25,ACTIVE,1,MEDIUM
AC001200,51143794573,PPBX0320113,Paytm Payments Bank,North 24 Parganas,West Bengal,P000690,,Bimal Majumdar,SAVINGS,2019-09-07,ACTIVE,0,LOW
AC001201,2335987643070611,BOBX0702731,Bank of Baroda,North 24 Parganas,West Bengal,P000690,,Bimal Majumdar,CURRENT,2022-01-23,ACTIVE,1,LOW
AC001202,5085058449585489,PNBX0681178,Punjab National Bank,Murshidabad,West Bengal,P000691,,Arun Gupta,CURRENT,2018-06-20,ACTIVE,0,LOW
AC001203,6663010683821254,BOBX0569388,Bank of Baroda,Murshidabad,West Bengal,P000691,,Arun Gupta,SAVINGS,2022-02-13,ACTIVE,0,LOW
AC001204,554923013555,PNBX0597578,Punjab National Bank,Murshidabad,West Bengal,P000691,,Arun Gupta,SAVINGS,2015-04-10,ACTIVE,0,HIGH
AC001205,9497066215692215,KMBX0457848,Kotak Mahindra Bank,Murshidabad,West Bengal,P000691,,Arun Gupta,OVERDRAFT,2023-04-10,DORMANT,0,LOW
AC001206,901685299194,IFBX0227878,IDFC First Bank,Murshidabad,West Bengal,P000691,,Arun Gupta,SAVINGS,2019-08-05,ACTIVE,0,LOW
AC001207,607926206771,ASFB0020119,AU Small Finance Bank,Karimganj,Assam,P000692,,Bimal Halder,SAVINGS,2014-06-08,CLOSED,1,MEDIUM
AC001208,9298517526387607,BOBX0370685,Bank of Baroda,Karimganj,Assam,P000692,,Bimal Halder,SAVINGS,2022-02-17,DORMANT,1,LOW
AC001209,13830322467,UBOI0788151,Union Bank of India,Malkangiri,Odisha,P000693,,Arun Chauhan,SAVINGS,2013-10-26,FROZEN,0,HIGH
AC001210,887347106459,PPBX0340009,Paytm Payments Bank,Gaya,Bihar,P000694,,Gautam Sen,SAVINGS,2014-10-29,FROZEN,0,HIGH
AC001211,342283018495,BBXX0077860,Bandhan Bank,Gaya,Bihar,P000694,,Gautam Sen,SAVINGS,2020-08-23,FROZEN,0,HIGH
AC001212,2695154581373448,IBXX0563856,IndusInd Bank,Ranchi,Jharkhand,P000695,,Basanta Mallick,SAVINGS,2018-10-16,ACTIVE,0,HIGH
AC001213,807155836778,SBOI0443159,State Bank of India,Ranchi,Jharkhand,P000695,,Basanta Mallick,SAVINGS,2020-09-01,ACTIVE,0,MEDIUM
AC001214,10362103650,YBXX0705835,Yes Bank,Ranchi,Jharkhand,P000695,,Basanta Mallick,CURRENT,2023-06-29,CLOSED,0,LOW
AC001215,943283950635,APBX0026457,Airtel Payments Bank,Purnia,Bihar,P000696,,Jagabandhu Sahoo,WALLET,2024-06-13,ACTIVE,0,HIGH
AC001216,20838525553449,CBXX0028409,Canara Bank,Purnia,Bihar,P000696,,Jagabandhu Sahoo,CURRENT,2016-12-27,ACTIVE,0,LOW
AC001217,57000520577284,BBXX0777367,Bandhan Bank,Bhubaneswar,Odisha,P000697,,Kartik Dutta,SAVINGS,2019-11-13,ACTIVE,0,MEDIUM
AC001218,41878409022,KVBX0895141,Karur Vysya Bank,Karimganj,Assam,P000698,,Sunil Pandey,SAVINGS,2021-12-20,DORMANT,0,MEDIUM
AC001219,3745379327196726,APBX0297775,Airtel Payments Bank,Gaya,Bihar,P000699,,Prasanna Jena,CURRENT,2024-03-06,FROZEN,0,LOW
AC001220,18119678272,IBXX0388291,ICICI Bank,Ganjam,Odisha,P000700,,Mahesh Yadav,CURRENT,2013-07-24,CLOSED,1,HIGH
AC001221,68520056453,PPBX0628122,Paytm Payments Bank,Ganjam,Odisha,P000700,,Mahesh Yadav,SAVINGS,2022-03-08,ACTIVE,1,LOW
AC001222,91718270212,PPBX0584001,Paytm Payments Bank,Dhanbad,Jharkhand,P000701,,Pradip Naskar,SAVINGS,2014-01-06,ACTIVE,1,LOW
AC001223,50038278742,CBOI0607754,Central Bank of India,Dhanbad,Jharkhand,P000701,,Pradip Naskar,SAVINGS,2026-04-19,ACTIVE,1,HIGH
AC001224,10277699280790,IBXX0712021,IndusInd Bank,Giridih,Jharkhand,P000702,,Basanta Jena,WALLET,2023-06-13,DORMANT,1,MEDIUM
AC001225,666179279760,PNBX0817121,Punjab National Bank,Giridih,Jharkhand,P000702,,Basanta Jena,CURRENT,2019-07-15,ACTIVE,1,LOW
AC001226,54367316142417,UBOI0001373,Union Bank of India,Ganjam,Odisha,P000703,,Mahesh Saini,SAVINGS,2014-06-02,DORMANT,0,LOW
AC001227,50822778720,CBXX0501114,Canara Bank,Bhubaneswar,Odisha,P000704,,Udaiveer Srivastava,SAVINGS,2018-07-11,ACTIVE,0,LOW
AC001228,17623408263,YBXX0886452,Yes Bank,Nadia,West Bengal,P000705,,Arindam Mondal,SAVINGS,2016-11-17,DORMANT,0,LOW
AC001229,903695220576,UBOI0732753,Union Bank of India,Bhubaneswar,Odisha,P000706,,Balbir Baghel,CURRENT,2020-05-06,ACTIVE,0,LOW
AC001230,82134012077,ASFB0683498,AU Small Finance Bank,Bhubaneswar,Odisha,P000706,,Balbir Baghel,WALLET,2013-02-08,ACTIVE,0,HIGH
AC001231,95762321094,YBXX0712822,Yes Bank,Dhanbad,Jharkhand,P000707,,Akshaya Sahoo,WALLET,2015-08-15,ACTIVE,0,LOW
AC001232,30984778380,YBXX0188848,Yes Bank,North 24 Parganas,West Bengal,P000708,,Rabindra Nayak,SAVINGS,2018-05-26,ACTIVE,0,MEDIUM
AC001233,7042768839290280,ABXX0308800,Axis Bank,North 24 Parganas,West Bengal,P000709,,Akshaya Sahoo,SAVINGS,2014-05-13,ACTIVE,0,MEDIUM
AC001234,34118982734157,APBX0006190,Airtel Payments Bank,North 24 Parganas,West Bengal,P000709,,Akshaya Sahoo,SAVINGS,2017-01-25,ACTIVE,0,LOW
AC001235,5979530333714715,ABXX0496213,Axis Bank,Nadia,West Bengal,P000710,,Sujoy Bhattacharya,WALLET,2019-11-17,DORMANT,0,LOW
AC001236,22393520726234,BOIX0112394,Bank of India,Jamtara,Jharkhand,P000711,,Vijay Singh,SAVINGS,2018-04-19,ACTIVE,0,MEDIUM
AC001237,3872237402804824,CBXX0200156,Canara Bank,Purnia,Bihar,P000712,,Basanta Panda,SAVINGS,2013-09-09,ACTIVE,0,MEDIUM
AC001238,195954547081,KVBX0606287,Karur Vysya Bank,Purnia,Bihar,P000712,,Basanta Panda,SAVINGS,2020-02-26,ACTIVE,0,HIGH
AC001239,92698300564,BOIX0023928,Bank of India,Jodhpur,Rajasthan,P000713,,Aarti More,OVERDRAFT,2021-11-14,ACTIVE,0,MEDIUM
AC001240,83247539738720,APBX0903740,Airtel Payments Bank,Bengaluru,Karnataka,P000714,,Divyesh Vaghela,CURRENT,2019-12-06,FROZEN,1,LOW
AC001241,4146524868469138,UBOI0047538,Union Bank of India,Bengaluru,Karnataka,P000714,,Divyesh Vaghela,SAVINGS,2022-09-27,ACTIVE,1,MEDIUM
AC001242,80888515493,HBXX0769025,HDFC Bank,Bengaluru,Karnataka,P000715,,Imran Farooqui,SAVINGS,2021-04-26,FROZEN,0,MEDIUM
AC001243,9738569225877685,ASFB0860149,AU Small Finance Bank,Bengaluru,Karnataka,P000715,,Imran Farooqui,CURRENT,2014-09-23,ACTIVE,0,HIGH
AC001244,4774245069717191,UBOI0237318,Union Bank of India,New Delhi,Delhi,P000716,,Vaishnavi Kadam,SAVINGS,2019-12-30,CLOSED,0,LOW
AC001245,08116275972808,BBXX0140334,Bandhan Bank,Jaipur,Rajasthan,P000717,,Hitesh Zala,SAVINGS,2019-10-02,ACTIVE,0,LOW
AC001246,0839469449949717,BBXX0710420,Bandhan Bank,Mumbai,Maharashtra,P000718,,Haroon Pathan,CURRENT,2018-07-02,ACTIVE,0,MEDIUM
AC001247,1357160629008851,CBXX0974635,Canara Bank,Mumbai,Maharashtra,P000718,,Haroon Pathan,SAVINGS,2019-11-29,ACTIVE,0,LOW
AC001248,21195637626508,KMBX0616102,Kotak Mahindra Bank,Bharatpur,Rajasthan,P000719,,Yusuf Khan,SAVINGS,2018-03-21,ACTIVE,1,MEDIUM
AC001249,52265397462,BOBX0499952,Bank of Baroda,Bharatpur,Rajasthan,P000719,,Yusuf Khan,SAVINGS,2025-11-16,ACTIVE,1,LOW
AC001250,78148936361722,BOIX0773228,Bank of India,Bharatpur,Rajasthan,P000719,,Yusuf Khan,SAVINGS,2015-06-19,ACTIVE,1,LOW
AC001251,04650220876431,ABXX0306107,Axis Bank,Surat,Gujarat,P000720,,Manisha Patil,SAVINGS,2020-11-11,DORMANT,0,MEDIUM
AC001252,98553122766447,PNBX0728941,Punjab National Bank,Hyderabad,Telangana,P000721,,Munna Kushwaha,SAVINGS,2019-10-13,ACTIVE,0,LOW
AC001253,57809502685,APBX0973697,Airtel Payments Bank,Hyderabad,Telangana,P000721,,Munna Kushwaha,CURRENT,2015-09-07,ACTIVE,0,LOW
AC001254,61368477155390,BOIX0490223,Bank of India,Mangaluru,Karnataka,P000722,,Ashwin Shah,CURRENT,2018-12-15,ACTIVE,0,MEDIUM
AC001255,77374214730346,ABXX0319271,Axis Bank,Mangaluru,Karnataka,P000722,,Ashwin Shah,SAVINGS,2015-09-12,FROZEN,0,LOW
AC001256,69340127799853,PPBX0750301,Paytm Payments Bank,Barmer,Rajasthan,P000723,,Ketan Prajapati,SAVINGS,2021-04-02,FROZEN,0,LOW
AC001257,0076357028617931,PPBX0698867,Paytm Payments Bank,Barmer,Rajasthan,P000723,,Ketan Prajapati,WALLET,2017-06-28,ACTIVE,0,LOW
AC001258,11577766060,ASFB0614573,AU Small Finance Bank,Barmer,Rajasthan,P000723,,Ketan Prajapati,CURRENT,2013-05-22,ACTIVE,0,MEDIUM
AC001259,8639409186427537,IOBX0617508,Indian Overseas Bank,Hyderabad,Telangana,P000724,,Pandurang Naik,CURRENT,2019-08-26,DORMANT,0,LOW
AC001260,431558677524,BOBX0998103,Bank of Baroda,Hyderabad,Telangana,P000724,,Pandurang Naik,WALLET,2019-03-26,ACTIVE,0,MEDIUM
AC001261,509725672682,PPBX0607169,Paytm Payments Bank,Hyderabad,Telangana,P000724,,Pandurang Naik,SAVINGS,2021-08-21,ACTIVE,0,LOW
AC001262,9267187204659496,KVBX0903964,Karur Vysya Bank,New Delhi,Delhi,P000725,,Altaf Khan,SAVINGS,2016-01-26,FROZEN,0,MEDIUM
AC001263,614817926590,PNBX0438242,Punjab National Bank,Mumbai,Maharashtra,P000726,,Rahul Rane,SAVINGS,2017-05-18,ACTIVE,0,MEDIUM
AC001264,238288927010,HBXX0125537,HDFC Bank,Kutch,Gujarat,P000727,,Vishal More,CURRENT,2020-09-03,CLOSED,1,MEDIUM
AC001265,00240071690,YBXX0328902,Yes Bank,Kutch,Gujarat,P000727,,Vishal More,CURRENT,2023-07-22,DORMANT,1,HIGH
AC001266,741695852460,KVBX0448085,Karur Vysya Bank,Kutch,Gujarat,P000727,,Vishal More,SAVINGS,2014-04-06,ACTIVE,1,LOW
AC001267,6049334258591193,UBOI0509842,Union Bank of India,Vadodara,Gujarat,P000728,,Netrapal Saini,SAVINGS,2022-07-18,ACTIVE,0,MEDIUM
AC001268,32765496327935,FBXX0108063,Federal Bank,New Delhi,Delhi,P000729,,Vinod Bhadauria,CURRENT,2015-03-28,ACTIVE,0,LOW
AC001269,03636188207,IOBX0305397,Indian Overseas Bank,New Delhi,Delhi,P000729,,Vinod Bhadauria,WALLET,2021-01-06,FROZEN,0,LOW
AC001270,91107200371753,BOIX0797589,Bank of India,Barmer,Rajasthan,P000730,,Arif Mansuri,SAVINGS,2021-02-08,ACTIVE,0,HIGH
AC001271,846249921779,BOBX0129852,Bank of Baroda,Barmer,Rajasthan,P000730,,Arif Mansuri,SAVINGS,2013-08-03,ACTIVE,0,LOW
AC001272,645776787414,KMBX0307973,Kotak Mahindra Bank,Barmer,Rajasthan,P000730,,Arif Mansuri,CURRENT,2021-06-01,ACTIVE,0,HIGH
AC001273,6711154947028155,APBX0928369,Airtel Payments Bank,Barmer,Rajasthan,P000730,,Arif Mansuri,CURRENT,2015-10-15,DORMANT,0,MEDIUM
AC001274,08044316223,IOBX0567802,Indian Overseas Bank,Barmer,Rajasthan,P000730,,Arif Mansuri,SAVINGS,2020-08-17,ACTIVE,0,LOW
AC001275,29160622400,SBOI0731939,State Bank of India,New Delhi,Delhi,P000731,,Aarti Shinde,SAVINGS,2014-07-23,CLOSED,0,MEDIUM
AC001276,9510058424051525,HBXX0665408,HDFC Bank,Surat,Gujarat,P000732,,Bhaskar Shinde,WALLET,2016-04-27,DORMANT,0,LOW
AC001277,90902254466,BOBX0866932,Bank of Baroda,Pune,Maharashtra,P000733,,Kalpesh Solanki,SAVINGS,2024-05-15,ACTIVE,1,LOW
AC001278,25993069082345,FBXX0321917,Federal Bank,Pune,Maharashtra,P000733,,Kalpesh Solanki,SAVINGS,2018-10-20,ACTIVE,1,MEDIUM
AC001279,0072391194949267,UBOI0397300,Union Bank of India,Ballari,Karnataka,P000734,,Bhaskar Kadam,CURRENT,2014-05-23,ACTIVE,1,HIGH
AC001280,50548105482,CBXX0469741,Canara Bank,Mumbai,Maharashtra,P000735,,Vipul Parmar,SAVINGS,2020-08-12,CLOSED,0,MEDIUM
AC001281,76103293534,PNBX0725427,Punjab National Bank,Mumbai,Maharashtra,P000735,,Vipul Parmar,SAVINGS,2021-08-18,ACTIVE,0,LOW
AC001282,72487777437239,FBXX0372877,Federal Bank,Mumbai,Maharashtra,P000735,,Vipul Parmar,CURRENT,2025-05-23,ACTIVE,0,MEDIUM
AC001283,2763173704578835,CBOI0405879,Central Bank of India,Nizamabad,Telangana,P000736,,Sunil Yadav,CURRENT,2018-09-28,ACTIVE,0,LOW
AC001284,5510709109385321,SBOI0407764,State Bank of India,Nizamabad,Telangana,P000736,,Sunil Yadav,CURRENT,2019-01-20,DORMANT,0,LOW
AC001285,3067798321874996,IBXX0071683,ICICI Bank,Warangal,Telangana,P000737,,Sachin Patil,CURRENT,2020-04-14,ACTIVE,0,LOW
AC001286,92486349532430,KVBX0588749,Karur Vysya Bank,Warangal,Telangana,P000737,,Sachin Patil,OVERDRAFT,2017-10-22,ACTIVE,0,HIGH
AC001287,4482486707960222,IOBX0701984,Indian Overseas Bank,Warangal,Telangana,P000737,,Sachin Patil,WALLET,2018-03-21,ACTIVE,0,MEDIUM
AC001288,36345602732,BOIX0388515,Bank of India,Warangal,Telangana,P000737,,Sachin Patil,SAVINGS,2020-01-04,DORMANT,0,MEDIUM
AC001289,92951154439448,HBXX0753506,HDFC Bank,Ballari,Karnataka,P000738,,Dharmesh Joshi,SAVINGS,2016-03-18,FROZEN,0,MEDIUM
AC001290,17560455398621,IFBX0433461,IDFC First Bank,Ballari,Karnataka,P000738,,Dharmesh Joshi,SAVINGS,2026-01-21,ACTIVE,0,LOW
AC001291,29515019994846,IOBX0524281,Indian Overseas Bank,Ballari,Karnataka,P000738,,Dharmesh Joshi,SAVINGS,2019-04-10,ACTIVE,0,LOW
AC001292,293704213917,CBXX0231939,Canara Bank,Ballari,Karnataka,P000738,,Dharmesh Joshi,SAVINGS,2022-12-15,ACTIVE,0,LOW
AC001293,33437098263,ABXX0924952,Axis Bank,Ballari,Karnataka,P000738,,Dharmesh Joshi,SAVINGS,2015-03-21,ACTIVE,0,LOW
AC001294,82018136210,YBXX0079948,Yes Bank,Jaipur,Rajasthan,P000739,,Har Prasad Gupta,OVERDRAFT,2020-12-29,DORMANT,0,LOW
AC001295,91952571544008,KVBX0291557,Karur Vysya Bank,Kutch,Gujarat,P000740,,Faizan Baig,WALLET,2019-06-03,DORMANT,0,LOW
AC001296,256579628454,KVBX0465954,Karur Vysya Bank,New Delhi,Delhi,P000741,,Trupti Parmar,CURRENT,2025-08-17,ACTIVE,0,MEDIUM
AC001297,614044850215,YBXX0450308,Yes Bank,New Delhi,Delhi,P000741,,Trupti Parmar,SAVINGS,2013-05-29,DORMANT,0,MEDIUM
AC001298,1051086033157482,CBXX0801055,Canara Bank,New Delhi,Delhi,P000741,,Trupti Parmar,SAVINGS,2018-04-08,ACTIVE,0,MEDIUM
AC001299,4265608009193725,HBXX0648136,HDFC Bank,New Delhi,Delhi,P000741,,Trupti Parmar,SAVINGS,2023-04-21,DORMANT,0,LOW
AC001300,0410127777296371,ABXX0629969,Axis Bank,New Delhi,Delhi,P000741,,Trupti Parmar,SAVINGS,2021-06-20,ACTIVE,0,LOW
AC001301,72219681018,IBXX0893668,IndusInd Bank,Ahmedabad,Gujarat,P000742,,Smita Sawant,SAVINGS,2021-05-22,ACTIVE,0,LOW
AC001302,86614006796158,ABXX0832439,Axis Bank,Kalaburagi,Karnataka,P000743,,Har Prasad Sharma,SAVINGS,2023-02-18,ACTIVE,0,MEDIUM
AC001303,08539761358782,ASFB0542342,AU Small Finance Bank,Alwar,Rajasthan,P000744,,Hardik Thakor,CURRENT,2020-01-01,ACTIVE,0,HIGH
AC001304,76799878559,KVBX0332926,Karur Vysya Bank,Jodhpur,Rajasthan,P000745,,Paresh Rabari,CURRENT,2022-11-06,ACTIVE,0,MEDIUM
AC001305,64613447715,HBXX0064074,HDFC Bank,Surat,Gujarat,P000746,,Swapnil Kadam,CURRENT,2016-09-27,ACTIVE,0,LOW
AC001306,80604935234477,ABXX0840317,Axis Bank,New Delhi,Delhi,P000747,,Jitendra Bhardwaj,WALLET,2017-05-10,DORMANT,0,MEDIUM
AC001307,189840504345,APBX0075590,Airtel Payments Bank,New Delhi,Delhi,P000747,,Jitendra Bhardwaj,SAVINGS,2017-06-24,ACTIVE,0,MEDIUM
AC001308,38161277921577,SBOI0598108,State Bank of India,New Delhi,Delhi,P000748,,Divyesh Desai,SAVINGS,2018-01-09,ACTIVE,0,MEDIUM
AC001309,85289637464,CBOI0169162,Central Bank of India,New Delhi,Delhi,P000748,,Divyesh Desai,SAVINGS,2026-01-30,ACTIVE,0,MEDIUM
AC001310,8371983755206843,UBOI0651691,Union Bank of India,New Delhi,Delhi,P000748,,Divyesh Desai,CURRENT,2021-12-14,ACTIVE,0,LOW
AC001311,239735187111,IBXX0665687,ICICI Bank,New Delhi,Delhi,P000748,,Divyesh Desai,SAVINGS,2021-06-07,ACTIVE,0,LOW
AC001312,82057600795,CBOI0008426,Central Bank of India,New Delhi,Delhi,P000748,,Divyesh Desai,CURRENT,2013-08-21,ACTIVE,0,LOW
AC001313,36819038115,CBOI0194333,Central Bank of India,Surat,Gujarat,P000749,,Shyamlal Bhardwaj,CURRENT,2025-11-17,DORMANT,0,MEDIUM
AC001314,476709001917,BOIX0984129,Bank of India,New Delhi,Delhi,P000750,,Nadeem Khan,CURRENT,2025-09-27,ACTIVE,0,LOW
AC001315,7082423638293479,IFBX0718986,IDFC First Bank,New Delhi,Delhi,P000750,,Nadeem Khan,CURRENT,2023-04-03,DORMANT,0,LOW
AC001316,3445503424898294,FBXX0113228,Federal Bank,Vadodara,Gujarat,P000751,,Devendra Maurya,CURRENT,2013-03-31,FROZEN,0,LOW
AC001317,66010953172853,APBX0988905,Airtel Payments Bank,Ballari,Karnataka,P000752,,Mitesh Shah,CURRENT,2017-11-27,ACTIVE,0,LOW
AC001318,30719783705,YBXX0196422,Yes Bank,Warangal,Telangana,P000753,,Chandrabhan Shukla,SAVINGS,2024-04-22,ACTIVE,0,LOW
AC001319,59157974807,KVBX0261177,Karur Vysya Bank,Bengaluru,Karnataka,P000754,,Dharmesh Makwana,OVERDRAFT,2020-02-11,ACTIVE,0,LOW
AC001320,07477487842,CBXX0130971,Canara Bank,Mangaluru,Karnataka,P000755,,Nilesh Bhoir,CURRENT,2017-03-24,ACTIVE,1,LOW
AC001321,62334418255,BBXX0346331,Bandhan Bank,Mangaluru,Karnataka,P000755,,Nilesh Bhoir,SAVINGS,2018-01-22,ACTIVE,1,HIGH
AC001322,8477259089020170,UBOI0808933,Union Bank of India,Mangaluru,Karnataka,P000755,,Nilesh Bhoir,CURRENT,2018-06-03,DORMANT,0,LOW
AC001323,18098645904111,KVBX0431998,Karur Vysya Bank,Vadodara,Gujarat,P000756,,Shakeel Malik,SAVINGS,2016-01-14,ACTIVE,0,MEDIUM
AC001324,83584128409819,CBXX0444472,Canara Bank,New Delhi,Delhi,P000757,,Ashfaq Rahman,SAVINGS,2025-08-31,ACTIVE,0,HIGH
AC001325,15463803733288,IFBX0003327,IDFC First Bank,Navi Mumbai,Maharashtra,P000758,,Ibrahim Shaikh,CURRENT,2018-01-19,ACTIVE,0,LOW
AC001326,09317852789,YBXX0204905,Yes Bank,Kalaburagi,Karnataka,P000759,,Devendra Chauhan,SAVINGS,2014-10-18,DORMANT,1,LOW
AC001327,29320517629,IBXX0278304,IndusInd Bank,Kalaburagi,Karnataka,P000759,,Devendra Chauhan,SAVINGS,2024-11-27,ACTIVE,0,LOW
AC001328,78388687388888,BOIX0326477,Bank of India,Jodhpur,Rajasthan,P000760,,Ashfaq Shaikh,SAVINGS,2018-11-24,ACTIVE,0,HIGH
AC001329,949283037495,UBOI0660856,Union Bank of India,Jodhpur,Rajasthan,P000760,,Ashfaq Shaikh,SAVINGS,2026-06-20,ACTIVE,0,LOW
AC001330,342010136890,KMBX0471447,Kotak Mahindra Bank,Nizamabad,Telangana,P000761,,Mahesh Pandey,SAVINGS,2015-01-16,ACTIVE,0,HIGH
AC001331,56298763626631,IBXX0586445,IndusInd Bank,Kalaburagi,Karnataka,P000762,,Nilesh Shinde,CURRENT,2022-12-05,ACTIVE,0,LOW
AC001332,0039785511695122,FBXX0861112,Federal Bank,Jodhpur,Rajasthan,P000763,,Randhir Tiwari,CURRENT,2021-10-05,ACTIVE,1,LOW
AC001333,3151405549928759,BBXX0337200,Bandhan Bank,Ranchi,Jharkhand,P000764,,Om Prakash Maurya,SAVINGS,2025-06-11,DORMANT,0,LOW
AC001334,24456586804,BOIX0533612,Bank of India,Jamtara,Jharkhand,P000765,,Salim Shaikh,SAVINGS,2021-05-12,ACTIVE,0,LOW
AC001335,14312136297915,UBOI0785028,Union Bank of India,Jamtara,Jharkhand,P000765,,Salim Shaikh,SAVINGS,2020-07-21,ACTIVE,0,MEDIUM
AC001336,42776630454,CBXX0615506,Canara Bank,Jamtara,Jharkhand,P000765,,Salim Shaikh,CURRENT,2023-10-20,ACTIVE,0,MEDIUM
AC001337,85951122648,CBOI0018226,Central Bank of India,Lucknow,Uttar Pradesh,P000766,,Balbir Shukla,SAVINGS,2025-06-18,DORMANT,0,LOW
AC001338,133943775094,IBXX0294294,IndusInd Bank,Begusarai,Bihar,P000767,,Balbir Dixit,WALLET,2020-03-26,ACTIVE,0,HIGH
AC001339,53049015359,ABXX0447225,Axis Bank,Begusarai,Bihar,P000767,,Balbir Dixit,SAVINGS,2015-04-08,ACTIVE,0,MEDIUM
AC001340,9686695270405239,FBXX0326536,Federal Bank,Deoghar,Jharkhand,P000768,,Prakash Gupta,WALLET,2017-05-19,ACTIVE,0,LOW
AC001341,583101701423,PPBX0431837,Paytm Payments Bank,New Delhi,Delhi,P000769,,Shakeel Siddiqui,SAVINGS,2024-05-15,FROZEN,0,LOW
AC001342,85604544778,HBXX0237411,HDFC Bank,New Delhi,Delhi,P000770,,Pradeep Bhardwaj,SAVINGS,2018-05-29,ACTIVE,0,MEDIUM
AC001343,7699897083696042,IBXX0644608,ICICI Bank,Siwan,Bihar,P000771,,Chandrabhan Bhardwaj,CURRENT,2020-11-15,ACTIVE,0,HIGH
AC001344,01290791394,BOBX0500763,Bank of Baroda,Jamtara,Jharkhand,P000772,,Abdul Chaudhary,SAVINGS,2020-05-17,FROZEN,0,HIGH
AC001345,461734909409,IBXX0541702,ICICI Bank,Jamtara,Jharkhand,P000772,,Abdul Chaudhary,SAVINGS,2024-12-19,DORMANT,0,MEDIUM
AC001346,2512124787657417,UBOI0815188,Union Bank of India,Dhanbad,Jharkhand,P000773,,Shakuntala Nishad,WALLET,2022-08-16,ACTIVE,0,HIGH
AC001347,89759864761,FBXX0208778,Federal Bank,Dhanbad,Jharkhand,P000773,,Shakuntala Nishad,WALLET,2022-06-04,ACTIVE,0,LOW
AC001348,0743876810825801,SBOI0745819,State Bank of India,Dhanbad,Jharkhand,P000773,,Shakuntala Nishad,CURRENT,2025-11-15,ACTIVE,0,LOW
AC001349,96726212881598,ABXX0811965,Axis Bank,Dhanbad,Jharkhand,P000773,,Shakuntala Nishad,SAVINGS,2023-03-31,ACTIVE,0,LOW
AC001350,882096402216,APBX0372107,Airtel Payments Bank,Nadia,West Bengal,P000774,,Naseer Farooqui,SAVINGS,2021-04-13,FROZEN,0,HIGH
AC001351,7014703970693051,PNBX0343078,Punjab National Bank,Nadia,West Bengal,P000774,,Naseer Farooqui,CURRENT,2022-10-14,DORMANT,0,HIGH
AC001352,4239876448522461,BBXX0078424,Bandhan Bank,Patna,Bihar,P000775,,Shakeel Idrisi,SAVINGS,2021-11-03,ACTIVE,0,LOW
AC001353,52442509100959,CBXX0673113,Canara Bank,Gorakhpur,Uttar Pradesh,P000776,,Ibrahim Alam,SAVINGS,2023-02-07,ACTIVE,0,HIGH
AC001354,6001482686454060,APBX0736095,Airtel Payments Bank,Gorakhpur,Uttar Pradesh,P000776,,Ibrahim Alam,SAVINGS,2021-05-22,ACTIVE,0,LOW
AC001355,47893801554,APBX0422819,Airtel Payments Bank,Gorakhpur,Uttar Pradesh,P000776,,Ibrahim Alam,OVERDRAFT,2017-07-17,DORMANT,0,MEDIUM
AC001356,38991802016229,ASFB0189389,AU Small Finance Bank,Gorakhpur,Uttar Pradesh,P000776,,Ibrahim Alam,SAVINGS,2019-02-28,FROZEN,0,LOW
AC001357,5328653931241148,SBOI0889988,State Bank of India,Gorakhpur,Uttar Pradesh,P000776,,Ibrahim Alam,SAVINGS,2017-06-13,ACTIVE,0,HIGH
AC001358,2662456780221169,SBOI0166941,State Bank of India,Murshidabad,West Bengal,P000777,,Hariom Chauhan,SAVINGS,2025-03-23,ACTIVE,0,MEDIUM
AC001359,738322020037,CBOI0874138,Central Bank of India,Murshidabad,West Bengal,P000777,,Hariom Chauhan,CURRENT,2018-09-14,ACTIVE,0,MEDIUM
AC001360,19222157482862,BBXX0899358,Bandhan Bank,New Delhi,Delhi,P000778,,Shakeel Malik,SAVINGS,2024-09-06,ACTIVE,0,LOW
AC001361,348517118743,CBOI0644208,Central Bank of India,New Delhi,Delhi,P000778,,Shakeel Malik,SAVINGS,2023-04-29,FROZEN,0,LOW
AC001362,70801059625900,BOBX0647150,Bank of Baroda,New Delhi,Delhi,P000778,,Shakeel Malik,SAVINGS,2022-02-26,FROZEN,0,LOW
AC001363,542177165587,PNBX0604862,Punjab National Bank,New Delhi,Delhi,P000778,,Shakeel Malik,SAVINGS,2023-01-05,ACTIVE,0,LOW
AC001364,770455096423,FBXX0268534,Federal Bank,Gorakhpur,Uttar Pradesh,P000779,,Shakeel Ansari,SAVINGS,2014-03-30,ACTIVE,0,LOW
AC001365,415248160418,IFBX0848382,IDFC First Bank,Gorakhpur,Uttar Pradesh,P000779,,Shakeel Ansari,SAVINGS,2024-10-29,ACTIVE,0,LOW
AC001366,31267612975,YBXX0436203,Yes Bank,Ghaziabad,Uttar Pradesh,P000780,,Pradeep Prajapati,OVERDRAFT,2015-10-19,ACTIVE,0,LOW
AC001367,95787346555,ABXX0434151,Axis Bank,Dhanbad,Jharkhand,P000781,,Prakash Maurya,SAVINGS,2017-01-31,ACTIVE,0,HIGH
AC001368,70942991694,FBXX0499516,Federal Bank,Kanpur,Uttar Pradesh,P000782,,Sarfaraz Siddiqui,SAVINGS,2014-05-21,ACTIVE,0,HIGH
AC001369,40619178837497,IFBX0550646,IDFC First Bank,Kanpur,Uttar Pradesh,P000782,,Sarfaraz Siddiqui,SAVINGS,2023-10-12,FROZEN,0,MEDIUM
AC001370,7120615400575283,BBXX0198784,Bandhan Bank,Dhanbad,Jharkhand,P000783,,Firoz Siddiqui,CURRENT,2021-04-30,ACTIVE,0,HIGH
AC001371,35974493713,CBXX0177271,Canara Bank,Dhanbad,Jharkhand,P000783,,Firoz Siddiqui,SAVINGS,2017-09-25,ACTIVE,0,LOW
AC001372,7819371580940572,BOBX0188260,Bank of Baroda,Dhanbad,Jharkhand,P000783,,Firoz Siddiqui,SAVINGS,2013-12-19,ACTIVE,0,LOW
AC001373,53495913669531,KMBX0900567,Kotak Mahindra Bank,Dhanbad,Jharkhand,P000783,,Firoz Siddiqui,SAVINGS,2025-01-09,ACTIVE,0,LOW
AC001374,2766001788976651,CBXX0240934,Canara Bank,Patna,Bihar,P000784,,Ashfaq Sheikh,WALLET,2013-07-02,ACTIVE,0,MEDIUM
AC001375,14519294962,KMBX0137836,Kotak Mahindra Bank,Bareilly,Uttar Pradesh,P000785,,Girdhari Saini,SAVINGS,2023-02-26,ACTIVE,0,LOW
AC001376,58339576937495,IBXX0960399,ICICI Bank,Bareilly,Uttar Pradesh,P000786,,Shailendra Sharma,OVERDRAFT,2024-06-17,ACTIVE,0,MEDIUM
AC001377,784276290823,BOIX0723599,Bank of India,Prayagraj,Uttar Pradesh,P000787,,Shabana Mirza,SAVINGS,2013-11-17,ACTIVE,0,LOW
AC001378,117470026552,BBXX0309014,Bandhan Bank,Begusarai,Bihar,P000788,,Rafiq Malik,WALLET,2016-01-16,ACTIVE,0,LOW
AC001379,55716007147,ASFB0956470,AU Small Finance Bank,Begusarai,Bihar,P000788,,Rafiq Malik,SAVINGS,2024-11-23,ACTIVE,0,HIGH
AC001380,8175504612310319,UBOI0000648,Union Bank of India,New Delhi,Delhi,P000789,,Wasim Qureshi,OVERDRAFT,2019-01-03,ACTIVE,0,LOW
AC001381,10435881844,BOIX0933301,Bank of India,New Delhi,Delhi,P000789,,Wasim Qureshi,SAVINGS,2024-12-11,FROZEN,0,LOW
AC001382,662573364582,IBXX0187865,ICICI Bank,New Delhi,Delhi,P000789,,Wasim Qureshi,CURRENT,2021-06-09,ACTIVE,0,LOW
AC001383,974539616113,PPBX0641008,Paytm Payments Bank,Begusarai,Bihar,P000790,,Deepak Bhardwaj,CURRENT,2023-05-19,ACTIVE,0,MEDIUM
AC001384,2479089111622381,PPBX0511130,Paytm Payments Bank,Begusarai,Bihar,P000790,,Deepak Bhardwaj,CURRENT,2025-12-03,ACTIVE,0,LOW
AC001385,143674865874,UBOI0857462,Union Bank of India,Gorakhpur,Uttar Pradesh,P000791,,Sarfaraz Saifi,CURRENT,2025-02-02,FROZEN,0,LOW
AC001386,6109048978830347,ASFB0830911,AU Small Finance Bank,Gorakhpur,Uttar Pradesh,P000791,,Sarfaraz Saifi,OVERDRAFT,2025-12-14,ACTIVE,0,MEDIUM
AC001387,36853791904,IOBX0658434,Indian Overseas Bank,Deoghar,Jharkhand,P000792,,Nazia Khan,CURRENT,2018-06-15,DORMANT,0,MEDIUM
AC001388,44777080334,UBOI0594198,Union Bank of India,Jamtara,Jharkhand,P000793,,Jitendra Baghel,SAVINGS,2015-08-08,ACTIVE,0,HIGH
AC001389,0193227093342060,IBXX0120902,IndusInd Bank,Ranchi,Jharkhand,P000794,,Wasim Hussain,SAVINGS,2024-08-13,FROZEN,0,MEDIUM
AC001390,939780230039,IBXX0951407,ICICI Bank,Muzaffarpur,Bihar,P000795,,Zubair Chaudhary,SAVINGS,2017-04-11,DORMANT,0,MEDIUM
AC001391,5520660985580128,BBXX0921395,Bandhan Bank,Gaya,Bihar,P000796,,Abdul Malik,SAVINGS,2026-03-28,ACTIVE,0,HIGH
AC001392,54120653288,BOBX0469899,Bank of Baroda,Nadia,West Bengal,P000797,,Imran Ahmed,SAVINGS,2014-12-15,ACTIVE,0,LOW
AC001393,054795379653,IOBX0914495,Indian Overseas Bank,Nadia,West Bengal,P000797,,Imran Ahmed,CURRENT,2024-05-12,ACTIVE,0,MEDIUM
AC001394,60582021995127,PPBX0923750,Paytm Payments Bank,Purnia,Bihar,P000798,,Firoz Mansuri,OVERDRAFT,2018-12-16,ACTIVE,1,LOW
AC001395,27645071414932,BOBX0587266,Bank of Baroda,Purnia,Bihar,P000798,,Firoz Mansuri,OVERDRAFT,2019-03-06,ACTIVE,1,LOW
AC001396,01057732764,BBXX0256624,Bandhan Bank,Begusarai,Bihar,P000799,,Shakeel Pathan,CURRENT,2016-07-29,ACTIVE,0,LOW
AC001397,97897963819,FBXX0486065,Federal Bank,Begusarai,Bihar,P000799,,Shakeel Pathan,SAVINGS,2017-02-17,ACTIVE,0,HIGH
AC001398,20085912093951,YBXX0592745,Yes Bank,Begusarai,Bihar,P000799,,Shakeel Pathan,SAVINGS,2020-06-27,ACTIVE,0,MEDIUM
AC001399,94404919049,KMBX0168780,Kotak Mahindra Bank,North 24 Parganas,West Bengal,P000800,,Haroon Mansuri,SAVINGS,2017-02-04,ACTIVE,0,LOW
AC001400,43604551045,ASFB0999987,AU Small Finance Bank,North 24 Parganas,West Bengal,P000800,,Haroon Mansuri,SAVINGS,2017-01-17,ACTIVE,0,LOW
AC001401,040529826167,UBOI0590328,Union Bank of India,Gurugram,Haryana,P000801,,Nathu Ranawat,CURRENT,2017-03-29,DORMANT,0,MEDIUM
AC001402,197172128319,CBXX0063799,Canara Bank,Gwalior,Madhya Pradesh,P000802,,Kishan Jat,SAVINGS,2016-09-29,ACTIVE,0,LOW
AC001403,40410944246223,BOIX0695948,Bank of India,Bhopal,Madhya Pradesh,P000803,,Malkiat Virk,SAVINGS,2013-04-17,ACTIVE,0,HIGH
AC001404,60406968500,IBXX0260663,ICICI Bank,Bhopal,Madhya Pradesh,P000803,,Malkiat Virk,CURRENT,2017-10-04,ACTIVE,0,LOW
AC001405,666616119342,ASFB0756990,AU Small Finance Bank,Ghaziabad,Uttar Pradesh,P000804,,Yogendra Srivastava,SAVINGS,2015-08-08,DORMANT,0,LOW
AC001406,77205778030503,ABXX0259345,Axis Bank,Ghaziabad,Uttar Pradesh,P000804,,Yogendra Srivastava,CURRENT,2019-06-07,ACTIVE,0,LOW
AC001407,623219538089,APBX0204338,Airtel Payments Bank,Ghaziabad,Uttar Pradesh,P000805,,Ranveer Beniwal,CURRENT,2023-01-20,CLOSED,0,LOW
AC001408,13964397717003,ASFB0119404,AU Small Finance Bank,Ghaziabad,Uttar Pradesh,P000805,,Ranveer Beniwal,SAVINGS,2025-01-25,ACTIVE,0,LOW
AC001409,5968490100558238,SBOI0516385,State Bank of India,Gurugram,Haryana,P000806,,Hanuman Shekhawat,SAVINGS,2013-12-26,ACTIVE,0,MEDIUM
AC001410,56619500811,CBXX0542853,Canara Bank,Gurugram,Haryana,P000806,,Hanuman Shekhawat,WALLET,2023-10-27,ACTIVE,0,MEDIUM
AC001411,96761899301636,BBXX0786527,Bandhan Bank,Hisar,Haryana,P000807,,Bikramjit Brar,CURRENT,2017-05-20,ACTIVE,0,LOW
AC001412,18386664598,CBOI0118676,Central Bank of India,Pune,Maharashtra,P000808,,Sunil Sengar,SAVINGS,2020-09-07,ACTIVE,0,LOW
AC001413,08090370115049,IFBX0125425,IDFC First Bank,Pune,Maharashtra,P000808,,Sunil Sengar,CURRENT,2022-11-25,FROZEN,0,LOW
AC001414,3696022459110258,KVBX0615015,Karur Vysya Bank,New Delhi,Delhi,P000809,,Sandeep Maurya,WALLET,2022-01-02,ACTIVE,0,LOW
AC001415,0386922218307168,HBXX0571009,HDFC Bank,Bathinda,Punjab,P000810,,Kishan Choudhary,SAVINGS,2026-04-15,FROZEN,0,LOW
AC001416,14831717602,YBXX0487632,Yes Bank,Bathinda,Punjab,P000810,,Kishan Choudhary,SAVINGS,2025-06-13,ACTIVE,0,LOW
AC001417,791681423516,FBXX0193542,Federal Bank,Pune,Maharashtra,P000811,,Sohan Purohit,SAVINGS,2022-04-05,ACTIVE,0,LOW
AC001418,79863767208,SBOI0302443,State Bank of India,Pune,Maharashtra,P000811,,Sohan Purohit,SAVINGS,2024-04-12,ACTIVE,0,MEDIUM
AC001419,037174551249,IBXX0635571,IndusInd Bank,Barmer,Rajasthan,P000812,,Udaiveer Baghel,SAVINGS,2024-07-11,ACTIVE,0,MEDIUM
AC001420,32508968001,IBXX0995852,ICICI Bank,Barmer,Rajasthan,P000812,,Udaiveer Baghel,SAVINGS,2015-10-22,ACTIVE,0,HIGH
AC001421,145158983061,IBXX0958885,IndusInd Bank,Meerut,Uttar Pradesh,P000813,,Mukesh Baghel,SAVINGS,2020-08-27,DORMANT,0,HIGH
AC001422,323727328812,KVBX0615121,Karur Vysya Bank,Meerut,Uttar Pradesh,P000813,,Mukesh Baghel,SAVINGS,2019-02-12,ACTIVE,0,MEDIUM
AC001423,198837756935,PPBX0016771,Paytm Payments Bank,Meerut,Uttar Pradesh,P000813,,Mukesh Baghel,SAVINGS,2022-12-22,ACTIVE,0,LOW
AC001424,77475823051505,KVBX0716194,Karur Vysya Bank,Meerut,Uttar Pradesh,P000813,,Mukesh Baghel,SAVINGS,2025-10-17,ACTIVE,0,LOW
AC001425,7614896908152332,BOBX0895644,Bank of Baroda,Barmer,Rajasthan,P000814,,Balbir Thakur,CURRENT,2015-07-23,FROZEN,0,HIGH
AC001426,641597006938,BBXX0795713,Bandhan Bank,Barmer,Rajasthan,P000814,,Balbir Thakur,CURRENT,2020-12-25,ACTIVE,0,LOW
AC001427,812968575988,UBOI0675570,Union Bank of India,Faridabad,Haryana,P000815,,Kuldeep Srivastava,SAVINGS,2022-05-20,DORMANT,0,MEDIUM
AC001428,30608529239985,ASFB0291166,AU Small Finance Bank,Hisar,Haryana,P000816,,Tarsem Virk,SAVINGS,2025-12-03,ACTIVE,1,HIGH
AC001429,12968083424410,HBXX0115448,HDFC Bank,Hisar,Haryana,P000816,,Tarsem Virk,SAVINGS,2025-11-23,FROZEN,1,LOW
AC001430,808957567022,PPBX0703945,Paytm Payments Bank,Tarn Taran,Punjab,P000817,,Rachhpal Sandhu,SAVINGS,2013-10-15,ACTIVE,0,LOW
AC001431,80297857421,BOBX0592017,Bank of Baroda,New Delhi,Delhi,P000818,,Gopal Saini,SAVINGS,2020-01-27,ACTIVE,0,MEDIUM
AC001432,07165010586705,BBXX0809418,Bandhan Bank,New Delhi,Delhi,P000818,,Gopal Saini,SAVINGS,2019-08-15,ACTIVE,0,LOW
AC001433,72163520684,KVBX0877863,Karur Vysya Bank,Jaipur,Rajasthan,P000819,,Bhanwar Meena,OVERDRAFT,2014-05-15,ACTIVE,0,LOW
AC001434,27532339854,IOBX0376011,Indian Overseas Bank,Jaipur,Rajasthan,P000819,,Bhanwar Meena,SAVINGS,2018-10-12,ACTIVE,0,MEDIUM
AC001435,1505292850547260,FBXX0971087,Federal Bank,Mumbai,Maharashtra,P000820,,Kulwant Toor,SAVINGS,2020-01-28,ACTIVE,0,HIGH
AC001436,615811232236,KVBX0445497,Karur Vysya Bank,Mumbai,Maharashtra,P000820,,Kulwant Toor,SAVINGS,2014-04-23,ACTIVE,0,HIGH
AC001437,39524921495148,HBXX0275064,HDFC Bank,Mumbai,Maharashtra,P000820,,Kulwant Toor,OVERDRAFT,2016-06-23,ACTIVE,0,LOW
AC001438,049672989422,CBOI0002255,Central Bank of India,Mumbai,Maharashtra,P000820,,Kulwant Toor,WALLET,2025-04-18,FROZEN,0,LOW
AC001439,08054277045,BBXX0967516,Bandhan Bank,Bikaner,Rajasthan,P000821,,Girdhari Rathore,SAVINGS,2019-04-11,CLOSED,0,MEDIUM
AC001440,01497489169,PNBX0760535,Punjab National Bank,Alwar,Rajasthan,P000822,,Harjinder Sarao,SAVINGS,2023-04-11,FROZEN,0,HIGH
AC001441,42923514434,KVBX0382707,Karur Vysya Bank,Mumbai,Maharashtra,P000823,,Harpreet Brar,SAVINGS,2025-02-28,ACTIVE,0,LOW
AC001442,952806438856,ASFB0459467,AU Small Finance Bank,Faridabad,Haryana,P000824,,Gopal Beniwal,SAVINGS,2021-06-24,FROZEN,0,LOW
AC001443,83490066696,BOIX0626720,Bank of India,Mumbai,Maharashtra,P000825,,Jitendra Rajput,SAVINGS,2013-11-09,DORMANT,0,LOW
AC001444,711284675185,IOBX0256712,Indian Overseas Bank,Tarn Taran,Punjab,P000826,,Jarnail Singh,SAVINGS,2024-05-25,ACTIVE,0,LOW
AC001445,1449296521554619,ASFB0379311,AU Small Finance Bank,Bikaner,Rajasthan,P000827,,Prakash Shukla,OVERDRAFT,2021-05-28,ACTIVE,0,LOW
AC001446,6222929715029326,BBXX0573746,Bandhan Bank,Alwar,Rajasthan,P000828,,Harjinder Kang,SAVINGS,2023-01-09,ACTIVE,0,LOW
AC001447,40174598240124,FBXX0389602,Federal Bank,Alwar,Rajasthan,P000828,,Harjinder Kang,SAVINGS,2021-08-20,ACTIVE,0,MEDIUM
AC001448,12528620212290,PPBX0708561,Paytm Payments Bank,Mumbai,Maharashtra,P000829,,Devendra Srivastava,SAVINGS,2017-12-20,ACTIVE,0,LOW
AC001449,70164407252882,HBXX0860253,HDFC Bank,Mumbai,Maharashtra,P000829,,Devendra Srivastava,OVERDRAFT,2022-12-26,DORMANT,0,MEDIUM
AC001450,46030839478,YBXX0927377,Yes Bank,Mumbai,Maharashtra,P000829,,Devendra Srivastava,CURRENT,2023-11-03,ACTIVE,0,LOW
AC001451,32500969315,UBOI0972079,Union Bank of India,Faridabad,Haryana,P000830,,Harpreet Sandhu,CURRENT,2019-05-21,ACTIVE,0,LOW
AC001452,880764252209,UBOI0497533,Union Bank of India,Faridabad,Haryana,P000830,,Harpreet Sandhu,CURRENT,2016-10-24,ACTIVE,0,LOW
AC001453,5773706811573321,IFBX0169583,IDFC First Bank,Faridabad,Haryana,P000830,,Harpreet Sandhu,WALLET,2022-08-04,ACTIVE,0,HIGH
AC001454,17661913241,CBOI0504906,Central Bank of India,Nuh,Haryana,P000831,,Bheru Ranawat,WALLET,2022-02-18,DORMANT,0,HIGH
AC001455,6208000036399116,ASFB0568912,AU Small Finance Bank,Azamgarh,Uttar Pradesh,P000832,,Kuldeep Virk,SAVINGS,2020-07-25,FROZEN,0,HIGH
AC001456,39861641938,IBXX0295306,IndusInd Bank,New Delhi,Delhi,P000833,,Sukhdev Singh,SAVINGS,2015-07-27,ACTIVE,0,LOW
AC001457,3099242155548867,PPBX0989116,Paytm Payments Bank,Aurangabad,Maharashtra,P000834,,Jasbir Brar,SAVINGS,2016-06-02,DORMANT,0,LOW
AC001458,737382871029,BOIX0722913,Bank of India,Aurangabad,Maharashtra,P000834,,Jasbir Brar,SAVINGS,2020-12-19,FROZEN,0,LOW
AC001459,969212393035,ASFB0184391,AU Small Finance Bank,Aurangabad,Maharashtra,P000834,,Jasbir Brar,OVERDRAFT,2025-10-20,CLOSED,0,MEDIUM
AC001460,56599380954,BBXX0704396,Bandhan Bank,Tarn Taran,Punjab,P000835,,Bikramjit Sekhon,SAVINGS,2024-10-03,DORMANT,0,MEDIUM
AC001461,9322803051339153,APBX0175441,Airtel Payments Bank,Tarn Taran,Punjab,P000835,,Bikramjit Sekhon,SAVINGS,2026-05-09,ACTIVE,0,LOW
AC001462,3545440972804415,FBXX0371007,Federal Bank,New Delhi,Delhi,P000836,,Lakhwinder Bains,WALLET,2015-12-02,ACTIVE,0,LOW
AC001463,691829154697,BBXX0975826,Bandhan Bank,New Delhi,Delhi,P000837,,Ratan Kumawat,CURRENT,2016-09-07,ACTIVE,0,MEDIUM
AC001464,6928429549563500,PPBX0373485,Paytm Payments Bank,Ferozepur,Punjab,P000838,,Chandrabhan Bhadauria,SAVINGS,2015-06-28,ACTIVE,0,LOW
AC001465,36643680259,KVBX0323499,Karur Vysya Bank,Faridabad,Haryana,P000839,,Ratan Jat,SAVINGS,2017-08-20,CLOSED,0,LOW
AC001466,73842703339,IBXX0179865,IndusInd Bank,Alwar,Rajasthan,P000840,,Sukhwinder Kang,SAVINGS,2026-06-09,ACTIVE,0,LOW
AC001467,295187708153,IOBX0760482,Indian Overseas Bank,Alwar,Rajasthan,P000840,,Sukhwinder Kang,OVERDRAFT,2022-07-16,ACTIVE,0,LOW
AC001468,33316325040,ABXX0993067,Axis Bank,Alwar,Rajasthan,P000840,,Sukhwinder Kang,CURRENT,2024-04-22,ACTIVE,0,LOW
AC001469,231456397088,APBX0183216,Airtel Payments Bank,Alwar,Rajasthan,P000840,,Sukhwinder Kang,SAVINGS,2024-01-16,DORMANT,0,LOW
AC001470,41456917422055,IBXX0611379,ICICI Bank,New Delhi,Delhi,P000841,,Paramjit Virk,CURRENT,2016-10-27,DORMANT,0,LOW
AC001471,47218387395823,IBXX0495493,IndusInd Bank,Nuh,Haryana,P000842,,Madan Bishnoi,SAVINGS,2015-04-26,ACTIVE,0,LOW
AC001472,9241983835951940,BBXX0392303,Bandhan Bank,Gurugram,Haryana,P000843,,Ranveer Kumawat,SAVINGS,2021-05-19,ACTIVE,0,HIGH
AC001473,7272850006262701,KMBX0245857,Kotak Mahindra Bank,Gurugram,Haryana,P000843,,Ranveer Kumawat,CURRENT,2015-01-15,ACTIVE,0,MEDIUM
AC001474,4707135463122179,CBXX0883627,Canara Bank,Ludhiana,Punjab,P000844,,Gurpreet Toor,SAVINGS,2018-01-18,ACTIVE,0,MEDIUM
AC001475,04554844763509,UBOI0527551,Union Bank of India,Ludhiana,Punjab,P000844,,Gurpreet Toor,OVERDRAFT,2024-04-29,ACTIVE,0,MEDIUM
AC001476,692058991360,IFBX0388161,IDFC First Bank,Sonipat,Haryana,P000845,,Yogendra Saini,SAVINGS,2014-03-11,ACTIVE,0,LOW
AC001477,4684297600650578,UBOI0291319,Union Bank of India,Chennai,Tamil Nadu,P000846,,Mahesh Shukla,SAVINGS,2026-05-05,ACTIVE,1,MEDIUM
AC001478,80214827797,KMBX0573963,Kotak Mahindra Bank,Trichy,Tamil Nadu,P000847,,Yumnam Marak,CURRENT,2014-04-26,ACTIVE,0,LOW
AC001479,23619257501402,IFBX0150167,IDFC First Bank,Trichy,Tamil Nadu,P000847,,Yumnam Marak,SAVINGS,2020-10-22,ACTIVE,0,LOW
AC001480,1285911958469597,CBOI0994114,Central Bank of India,Kurnool,Andhra Pradesh,P000848,,Nagaraju Gupta,SAVINGS,2013-03-31,ACTIVE,0,MEDIUM
AC001481,61801356454629,UBOI0860442,Union Bank of India,Kurnool,Andhra Pradesh,P000848,,Nagaraju Gupta,OVERDRAFT,2013-07-09,ACTIVE,0,MEDIUM
AC001482,9367166581122932,HBXX0250191,HDFC Bank,Murshidabad,West Bengal,P000849,,Bikram Sangma,SAVINGS,2023-08-25,FROZEN,0,MEDIUM
AC001483,1292320263661785,PNBX0359305,Punjab National Bank,Murshidabad,West Bengal,P000849,,Bikram Sangma,SAVINGS,2020-07-31,ACTIVE,0,LOW
AC001484,58856493094,SBOI0288933,State Bank of India,Kolkata,West Bengal,P000850,,Nagaraju Nallamothu,SAVINGS,2022-07-30,ACTIVE,0,HIGH
AC001485,9751838098350774,KVBX0458183,Karur Vysya Bank,New Delhi,Delhi,P000851,,Ilango Subramanian,SAVINGS,2019-11-17,FROZEN,0,HIGH
AC001486,62784869773847,ABXX0789018,Axis Bank,Indore,Madhya Pradesh,P000852,,Mallesh Kumar,CURRENT,2019-05-16,DORMANT,0,LOW
AC001487,48268940487812,IBXX0762527,IndusInd Bank,Murshidabad,West Bengal,P000853,,Rajesh Jaiswal,SAVINGS,2018-11-05,ACTIVE,0,LOW
AC001488,49593284089939,KVBX0409117,Karur Vysya Bank,Indore,Madhya Pradesh,P000854,,Bikram Devi,SAVINGS,2018-03-15,ACTIVE,0,MEDIUM
AC001489,0969330162125393,IBXX0073452,IndusInd Bank,Indore,Madhya Pradesh,P000854,,Bikram Devi,SAVINGS,2021-03-12,ACTIVE,0,LOW
AC001490,595605635306,CBOI0004106,Central Bank of India,Indore,Madhya Pradesh,P000854,,Bikram Devi,SAVINGS,2013-10-12,ACTIVE,0,LOW
AC001491,02176518065,PPBX0949540,Paytm Payments Bank,Indore,Madhya Pradesh,P000854,,Bikram Devi,SAVINGS,2024-04-17,ACTIVE,0,MEDIUM
AC001492,0205497495476765,KVBX0805398,Karur Vysya Bank,Indore,Madhya Pradesh,P000854,,Bikram Devi,SAVINGS,2020-07-17,ACTIVE,0,HIGH
AC001493,90515072720,YBXX0074506,Yes Bank,Kurnool,Andhra Pradesh,P000855,,Alemba Momin,CURRENT,2013-03-11,ACTIVE,0,LOW
AC001494,98663844691401,IFBX0270228,IDFC First Bank,Kurnool,Andhra Pradesh,P000855,,Alemba Momin,CURRENT,2026-04-19,ACTIVE,1,HIGH
AC001495,290402224195,KVBX0866432,Karur Vysya Bank,Kurnool,Andhra Pradesh,P000855,,Alemba Momin,SAVINGS,2021-12-21,ACTIVE,1,LOW
AC001496,3065102376190891,KMBX0775868,Kotak Mahindra Bank,New Delhi,Delhi,P000856,,Bala Gounder,CURRENT,2013-11-10,ACTIVE,0,LOW
AC001497,01885427796,IOBX0971642,Indian Overseas Bank,New Delhi,Delhi,P000856,,Bala Gounder,SAVINGS,2014-12-14,ACTIVE,0,HIGH
AC001498,00268106344101,APBX0211257,Airtel Payments Bank,New Delhi,Delhi,P000856,,Bala Gounder,SAVINGS,2024-09-27,CLOSED,0,HIGH
AC001499,1289349261013815,IBXX0481350,ICICI Bank,New Delhi,Delhi,P000856,,Bala Gounder,OVERDRAFT,2021-01-29,ACTIVE,0,LOW
AC001500,490081689021,IFBX0720277,IDFC First Bank,New Delhi,Delhi,P000856,,Bala Gounder,SAVINGS,2015-09-27,DORMANT,0,MEDIUM
AC001501,43484512947698,ABXX0712594,Axis Bank,Chennai,Tamil Nadu,P000857,,Narsimha Vemula,SAVINGS,2024-11-16,ACTIVE,0,LOW
AC001502,86105033925,IFBX0318601,IDFC First Bank,New Delhi,Delhi,P000858,,Randhir Nishad,OVERDRAFT,2017-09-21,ACTIVE,0,LOW
AC001503,22478780902,IBXX0741356,IndusInd Bank,New Delhi,Delhi,P000858,,Randhir Nishad,SAVINGS,2025-07-02,ACTIVE,0,MEDIUM
AC001504,39328086726,KMBX0525323,Kotak Mahindra Bank,Indore,Madhya Pradesh,P000859,,Thangaraj Naicker,SAVINGS,2016-05-08,CLOSED,0,MEDIUM
AC001505,0772233097886278,CBOI0184331,Central Bank of India,Indore,Madhya Pradesh,P000859,,Thangaraj Naicker,SAVINGS,2016-10-24,ACTIVE,0,LOW
AC001506,55614164574,FBXX0257172,Federal Bank,Visakhapatnam,Andhra Pradesh,P000860,,Chandra Shekar Choudary,CURRENT,2024-02-25,ACTIVE,0,LOW
AC001507,1390764330713815,CBOI0672356,Central Bank of India,Visakhapatnam,Andhra Pradesh,P000860,,Chandra Shekar Choudary,SAVINGS,2022-05-28,ACTIVE,0,LOW
AC001508,0672170763731766,PPBX0655208,Paytm Payments Bank,Visakhapatnam,Andhra Pradesh,P000860,,Chandra Shekar Choudary,SAVINGS,2015-11-11,FROZEN,0,LOW
AC001509,58059926530536,UBOI0232199,Union Bank of India,Visakhapatnam,Andhra Pradesh,P000860,,Chandra Shekar Choudary,SAVINGS,2021-08-21,ACTIVE,0,LOW
AC001510,34694858071369,SBOI0153868,State Bank of India,Churachandpur,Manipur,P000861,,Balbir Yadav,SAVINGS,2025-07-05,ACTIVE,0,LOW
AC001511,3957781223125825,BOBX0568953,Bank of Baroda,Churachandpur,Manipur,P000861,,Balbir Yadav,SAVINGS,2015-05-07,ACTIVE,0,LOW
AC001512,67107113934517,IOBX0479398,Indian Overseas Bank,Dhubri,Assam,P000862,,Ngangbam Brahma,SAVINGS,2018-07-26,ACTIVE,0,HIGH
AC001513,37242479715,CBXX0593640,Canara Bank,New Delhi,Delhi,P000863,,Lalthanga Momin,SAVINGS,2023-02-24,FROZEN,0,LOW
AC001514,2442889467750409,UBOI0927945,Union Bank of India,Churachandpur,Manipur,P000864,,Rambabu Goud,SAVINGS,2019-02-01,DORMANT,0,HIGH
AC001515,92294699251085,IBXX0200993,IndusInd Bank,Murshidabad,West Bengal,P000865,,Padma Yadav,SAVINGS,2023-09-16,ACTIVE,0,MEDIUM
AC001516,913680987949,PPBX0268674,Paytm Payments Bank,Murshidabad,West Bengal,P000865,,Padma Yadav,CURRENT,2022-07-12,ACTIVE,0,LOW
AC001517,45198513827,BOBX0754252,Bank of Baroda,Murshidabad,West Bengal,P000865,,Padma Yadav,CURRENT,2023-02-26,ACTIVE,0,MEDIUM
AC001518,92877110955101,BOBX0453358,Bank of Baroda,Murshidabad,West Bengal,P000865,,Padma Yadav,SAVINGS,2025-05-06,ACTIVE,0,LOW
AC001519,434252138125,BBXX0818401,Bandhan Bank,Murshidabad,West Bengal,P000865,,Padma Yadav,OVERDRAFT,2014-08-03,ACTIVE,0,HIGH
AC001520,332390262981,CBXX0307321,Canara Bank,Guntur,Andhra Pradesh,P000866,,Chinnadurai Annadurai,CURRENT,2021-08-24,FROZEN,0,MEDIUM
AC001521,76523592394892,FBXX0030667,Federal Bank,Guntur,Andhra Pradesh,P000866,,Chinnadurai Annadurai,SAVINGS,2024-01-13,DORMANT,0,HIGH
AC001522,859662960013,KMBX0754830,Kotak Mahindra Bank,Guntur,Andhra Pradesh,P000866,,Chinnadurai Annadurai,SAVINGS,2021-04-11,ACTIVE,0,MEDIUM
AC001523,04303897643859,HBXX0373676,HDFC Bank,Chennai,Tamil Nadu,P000867,,Lekhraj Bhardwaj,WALLET,2023-04-17,ACTIVE,1,LOW
AC001524,12448248961,ABXX0703576,Axis Bank,Chennai,Tamil Nadu,P000867,,Lekhraj Bhardwaj,CURRENT,2021-11-14,ACTIVE,1,LOW
AC001525,5550139665100856,IBXX0960806,ICICI Bank,Chennai,Tamil Nadu,P000867,,Lekhraj Bhardwaj,SAVINGS,2014-04-11,ACTIVE,1,MEDIUM
AC001526,02549157723609,KVBX0950625,Karur Vysya Bank,North 24 Parganas,West Bengal,P000868,,Satish Maurya,WALLET,2020-07-14,ACTIVE,0,MEDIUM
AC001527,42634307237,IBXX0427424,IndusInd Bank,North 24 Parganas,West Bengal,P000868,,Satish Maurya,SAVINGS,2015-01-25,ACTIVE,0,LOW
AC001528,71953142455198,FBXX0312751,Federal Bank,North 24 Parganas,West Bengal,P000868,,Satish Maurya,CURRENT,2022-08-26,ACTIVE,0,MEDIUM
AC001529,35381854487134,YBXX0046833,Yes Bank,North 24 Parganas,West Bengal,P000868,,Satish Maurya,CURRENT,2024-08-25,ACTIVE,0,MEDIUM
AC001530,51428415775723,KVBX0237800,Karur Vysya Bank,North 24 Parganas,West Bengal,P000868,,Satish Maurya,SAVINGS,2021-12-28,DORMANT,0,HIGH
AC001531,818335674170,CBXX0290175,Canara Bank,Kurnool,Andhra Pradesh,P000869,,Selvam Subramanian,OVERDRAFT,2015-10-23,ACTIVE,1,MEDIUM
AC001532,52708007016,CBXX0347290,Canara Bank,Kurnool,Andhra Pradesh,P000869,,Selvam Subramanian,SAVINGS,2026-05-13,ACTIVE,1,HIGH
AC001533,964354273556,YBXX0765731,Yes Bank,Kurnool,Andhra Pradesh,P000869,,Selvam Subramanian,SAVINGS,2015-08-19,FROZEN,1,LOW
AC001534,30051039734,IFBX0090245,IDFC First Bank,Kolkata,West Bengal,P000870,,Mariappan Pandian,CURRENT,2023-03-17,ACTIVE,0,LOW
AC001535,88098046379,HBXX0995393,HDFC Bank,North 24 Parganas,West Bengal,P000871,,Temjen Momin,WALLET,2022-10-24,ACTIVE,1,LOW
AC001536,83436997801,YBXX0083447,Yes Bank,Madurai,Tamil Nadu,P000872,,Bikram Jamir,CURRENT,2016-09-30,DORMANT,0,LOW
AC001537,23820264430,KMBX0804773,Kotak Mahindra Bank,Chennai,Tamil Nadu,P000873,,Bikram Basumatary,CURRENT,2018-06-30,ACTIVE,0,HIGH
AC001538,646708641231,PNBX0865243,Punjab National Bank,Karimganj,Assam,P000874,,Ramulu Nallamothu,CURRENT,2018-04-13,DORMANT,0,MEDIUM
AC001539,8613125086438208,PPBX0526435,Paytm Payments Bank,New Delhi,Delhi,P000875,,Yumnam Rabha,SAVINGS,2022-08-08,ACTIVE,0,LOW
AC001540,4754283982310224,ASFB0258392,AU Small Finance Bank,Indore,Madhya Pradesh,P000876,,Krishnaiah Goud,SAVINGS,2013-10-30,DORMANT,0,MEDIUM
AC001541,09718461099,YBXX0412342,Yes Bank,Indore,Madhya Pradesh,P000876,,Krishnaiah Goud,CURRENT,2023-05-05,ACTIVE,0,LOW
AC001542,02580966844,PNBX0978879,Punjab National Bank,Nadia,West Bengal,P000877,,Palanisamy Annadurai,SAVINGS,2025-10-30,ACTIVE,0,MEDIUM
AC001543,58931726935201,BOBX0195530,Bank of Baroda,Nadia,West Bengal,P000877,,Palanisamy Annadurai,CURRENT,2019-05-18,ACTIVE,0,LOW
AC001544,6734207854812273,HBXX0894080,HDFC Bank,Kolkata,West Bengal,P000878,,Srinivas Bandari,CURRENT,2017-09-24,ACTIVE,0,MEDIUM
AC001545,373179764376,APBX0610346,Airtel Payments Bank,Guwahati,Assam,P000879,,Velu Annadurai,CURRENT,2017-01-10,ACTIVE,0,LOW
AC001546,49561403895151,PPBX0049034,Paytm Payments Bank,Kurnool,Andhra Pradesh,P000880,,Murugan Annadurai,SAVINGS,2024-07-30,ACTIVE,0,MEDIUM
AC001547,05417780430,PPBX0325235,Paytm Payments Bank,Coimbatore,Tamil Nadu,P000881,,Rajitha Naidu,CURRENT,2026-01-15,DORMANT,0,MEDIUM
AC001548,24067835847182,ABXX0272631,Axis Bank,Gwalior,Madhya Pradesh,P000882,,Lekhraj Baghel,SAVINGS,2019-05-28,ACTIVE,0,HIGH
AC001549,604500718592,CBXX0190621,Canara Bank,Sonipat,Haryana,P000883,,Ravi Poojary,CURRENT,2019-10-20,ACTIVE,0,MEDIUM
AC001550,30414950093,IBXX0176846,ICICI Bank,Churachandpur,Manipur,P000884,,Wasim Mansuri,SAVINGS,2022-06-15,ACTIVE,0,LOW
AC001551,479463190835,PNBX0174864,Punjab National Bank,Bijapur,Chhattisgarh,P000885,,Nepal Halder,SAVINGS,2015-04-22,ACTIVE,0,LOW
AC001552,0782401198888429,IBXX0560173,IndusInd Bank,Guwahati,Assam,P000886,,Rachhpal Grewal,SAVINGS,2021-02-12,ACTIVE,0,MEDIUM
AC001553,32104216340,KMBX0492630,Kotak Mahindra Bank,Guwahati,Assam,P000886,,Rachhpal Grewal,CURRENT,2013-05-29,ACTIVE,0,LOW
AC001554,816798463665,KMBX0225513,Kotak Mahindra Bank,Mumbai,Maharashtra,P000887,,Anoop Kartha,CURRENT,2021-04-03,ACTIVE,0,LOW
AC001555,9445587014816415,ASFB0647066,AU Small Finance Bank,Guntur,Andhra Pradesh,P000888,,Balwinder Dhaliwal,WALLET,2017-04-17,ACTIVE,0,MEDIUM
AC001556,98699333790,KMBX0567849,Kotak Mahindra Bank,Sonipat,Haryana,P000889,,Shubhangi Naik,CURRENT,2026-01-19,ACTIVE,0,LOW
AC001557,7546986823180142,IFBX0161026,IDFC First Bank,Visakhapatnam,Andhra Pradesh,P000890,,Vishal Bhosale,OVERDRAFT,2017-04-15,ACTIVE,0,MEDIUM
AC001558,6952181048728989,FBXX0937738,Federal Bank,South Goa,Goa,P000891,,Hariom Nishad,SAVINGS,2013-08-31,DORMANT,0,LOW
AC001559,545221112454,IBXX0382977,ICICI Bank,Vadodara,Gujarat,P000892,,Rakesh Solanki,SAVINGS,2013-05-26,ACTIVE,0,LOW
AC001560,1212325620986970,BOBX0087204,Bank of Baroda,Vadodara,Gujarat,P000892,,Rakesh Solanki,WALLET,2020-08-30,ACTIVE,0,LOW
AC001561,806929815185,HBXX0634554,HDFC Bank,Barmer,Rajasthan,P000893,,Imran Qureshi,WALLET,2016-04-26,ACTIVE,0,LOW
AC001562,914087079652,HBXX0061755,HDFC Bank,Barmer,Rajasthan,P000893,,Imran Qureshi,CURRENT,2025-10-27,ACTIVE,0,LOW
AC001563,606082250295,ABXX0065867,Axis Bank,Malappuram,Kerala,P000894,,Aslam Baig,SAVINGS,2014-05-03,ACTIVE,0,LOW
AC001564,68198936512,FBXX0968607,Federal Bank,Trichy,Tamil Nadu,P000895,,Palash Ghosh,SAVINGS,2019-12-08,FROZEN,0,MEDIUM
AC001565,37712022839,KVBX0165103,Karur Vysya Bank,Bijapur,Chhattisgarh,P000896,,Aslam Khan,SAVINGS,2017-02-12,ACTIVE,1,MEDIUM
AC001566,2305098723121554,IFBX0148644,IDFC First Bank,Dhanbad,Jharkhand,P000897,,Pramod Baghel,SAVINGS,2025-11-15,ACTIVE,0,HIGH
AC001567,316881008478,BOBX0796126,Bank of Baroda,North 24 Parganas,West Bengal,P000898,,Ashok Kashyap,SAVINGS,2015-07-20,ACTIVE,0,MEDIUM
AC001568,991689699921,ABXX0043823,Axis Bank,Bikaner,Rajasthan,P000899,,Pradeep Pandey,SAVINGS,2025-10-25,ACTIVE,0,MEDIUM
AC001569,41070458442,FBXX0185384,Federal Bank,Bikaner,Rajasthan,P000899,,Pradeep Pandey,CURRENT,2022-08-20,DORMANT,0,MEDIUM
AC001570,580754562502,IOBX0420926,Indian Overseas Bank,Thrissur,Kerala,P000900,,Sagar Bhosale,SAVINGS,2023-07-26,ACTIVE,0,MEDIUM
AC001571,530768631129,IFBX0538708,IDFC First Bank,Thrissur,Kerala,P000900,,Sagar Bhosale,CURRENT,2013-05-30,ACTIVE,0,HIGH
AC001572,541143607330,ASFB0056066,AU Small Finance Bank,Jabalpur,Madhya Pradesh,P000901,,Yogesh Rane,CURRENT,2021-03-30,ACTIVE,0,HIGH
AC001573,09632833514997,KMBX0464218,Kotak Mahindra Bank,Khargone,Madhya Pradesh,P000902,,Manjunath Desai,SAVINGS,2014-03-05,DORMANT,1,MEDIUM
AC001574,755343360032,KVBX0382234,Karur Vysya Bank,Khargone,Madhya Pradesh,P000902,,Manjunath Desai,CURRENT,2016-04-16,ACTIVE,1,HIGH
AC001575,38648004840281,SBOI0340182,State Bank of India,Bhubaneswar,Odisha,P000903,,Lekhraj Srivastava,OVERDRAFT,2024-11-26,ACTIVE,0,MEDIUM
AC001576,8471102595682644,BBXX0003311,Bandhan Bank,Bhubaneswar,Odisha,P000903,,Lekhraj Srivastava,WALLET,2026-03-10,ACTIVE,0,LOW
AC001577,84830040370996,KMBX0881851,Kotak Mahindra Bank,Dehradun,Uttarakhand,P000904,,Bhagaban Patra,SAVINGS,2025-06-30,DORMANT,0,LOW
AC001578,3765623304948004,BBXX0494443,Bandhan Bank,Gaya,Bihar,P000905,,Amarjit Kang,CURRENT,2014-03-04,ACTIVE,0,LOW
AC001579,8167549271781383,ABXX0465575,Axis Bank,Gaya,Bihar,P000905,,Amarjit Kang,SAVINGS,2025-09-22,ACTIVE,0,HIGH
AC001580,75489527467400,IBXX0424142,ICICI Bank,New Delhi,Delhi,P000906,,Palanisamy Gounder,SAVINGS,2017-02-21,ACTIVE,1,LOW
AC001581,56324085109,PNBX0047156,Punjab National Bank,New Delhi,Delhi,P000906,,Palanisamy Gounder,SAVINGS,2016-10-05,ACTIVE,0,MEDIUM
AC001582,615514225135,IOBX0284960,Indian Overseas Bank,Muzaffarpur,Bihar,P000907,,Ashim Gayen,SAVINGS,2023-10-03,ACTIVE,0,HIGH
AC001583,651422080739,CBOI0776847,Central Bank of India,Vadodara,Gujarat,P000908,,Harpreet Sidhu,SAVINGS,2017-06-26,ACTIVE,1,LOW
AC001584,9125684032192135,PPBX0921853,Paytm Payments Bank,Vadodara,Gujarat,P000908,,Harpreet Sidhu,OVERDRAFT,2014-02-25,ACTIVE,1,HIGH
AC001585,47374139208,IOBX0876268,Indian Overseas Bank,Ludhiana,Punjab,P000909,,Balwinder Sidhu,CURRENT,2014-07-06,ACTIVE,0,HIGH
AC001586,86313007633,CBOI0361187,Central Bank of India,Bijapur,Chhattisgarh,P000910,,Ranjan Sardar,SAVINGS,2014-12-24,ACTIVE,0,MEDIUM
AC001587,952721677260,FBXX0581446,Federal Bank,Malkangiri,Odisha,P000911,,Pradeep Maurya,SAVINGS,2017-01-02,ACTIVE,0,MEDIUM
AC001588,15187324382125,HBXX0001893,HDFC Bank,New Delhi,Delhi,P000912,,Ajay Jaiswal,WALLET,2015-10-06,FROZEN,0,MEDIUM
AC001589,7086736190090643,HBXX0874808,HDFC Bank,Malkangiri,Odisha,P000913,,Sandip Bhoir,CURRENT,2018-09-01,FROZEN,1,LOW
AC001590,4874494152148159,FBXX0047900,Federal Bank,Ranchi,Jharkhand,P000914,,Shivanna Angadi,WALLET,2021-04-22,DORMANT,0,HIGH
AC001591,3593867670968629,ABXX0987676,Axis Bank,Ranchi,Jharkhand,P000914,,Shivanna Angadi,SAVINGS,2013-01-30,ACTIVE,0,HIGH
AC001592,3399631577291393,ABXX0544819,Axis Bank,Mumbai,Maharashtra,P000915,,Ibrahim Qureshi,SAVINGS,2024-02-13,DORMANT,0,LOW
AC001593,0116395698829029,PPBX0777576,Paytm Payments Bank,Pune,Maharashtra,P000916,,Anil Gupta,SAVINGS,2016-03-01,ACTIVE,0,LOW
AC001594,0832704073081717,CBXX0832005,Canara Bank,Ludhiana,Punjab,P000917,,Gurpreet Mann,SAVINGS,2025-04-13,ACTIVE,0,LOW
AC001595,05001334755,CBXX0895809,Canara Bank,Haridwar,Uttarakhand,P000918,,Deepak Awasthi,CURRENT,2019-12-04,ACTIVE,0,LOW
AC001596,9219281341660534,IFBX0106192,IDFC First Bank,Haridwar,Uttarakhand,P000918,,Deepak Awasthi,SAVINGS,2014-10-30,FROZEN,0,HIGH
AC001597,159057470253,KMBX0143699,Kotak Mahindra Bank,Karimganj,Assam,P000919,,Sreenivasan Achari,WALLET,2015-09-18,ACTIVE,0,HIGH
AC001598,3536849357853682,UBOI0231295,Union Bank of India,Imphal,Manipur,P000920,,Aruna Yadav,SAVINGS,2013-09-02,ACTIVE,1,LOW
AC001599,6676296861692861,IFBX0458006,IDFC First Bank,Ranchi,Jharkhand,P000921,,Reshma Rahman,SAVINGS,2020-05-18,ACTIVE,0,HIGH
AC001600,82340403386,SBOI0136757,State Bank of India,Bhopal,Madhya Pradesh,P000922,,Jignesh Parmar,SAVINGS,2018-02-25,ACTIVE,0,HIGH
AC001601,17094764748628,UBOI0698799,Union Bank of India,Thane,Maharashtra,P000923,,Sarfaraz Farooqui,CURRENT,2016-01-19,FROZEN,0,MEDIUM
AC001602,21888480434,IBXX0702244,IndusInd Bank,Coimbatore,Tamil Nadu,P000924,,Aarti Waghmare,SAVINGS,2023-11-17,ACTIVE,0,HIGH
AC001603,974328409590,IFBX0596013,IDFC First Bank,Gurugram,Haryana,P000925,,Sachin Naik,SAVINGS,2015-05-16,ACTIVE,0,HIGH
AC001604,25788423808,BOIX0245727,Bank of India,Gurugram,Haryana,P000925,,Sachin Naik,SAVINGS,2025-05-10,DORMANT,0,MEDIUM
AC001605,384428761615,ASFB0019415,AU Small Finance Bank,Bareilly,Uttar Pradesh,P000926,,Mariappan Annadurai,CURRENT,2020-11-01,FROZEN,0,LOW
AC001606,66232057227226,PPBX0387626,Paytm Payments Bank,Mumbai,Maharashtra,P000927,,Mangesh Salunkhe,SAVINGS,2025-05-13,ACTIVE,0,LOW
AC001607,43148025125,APBX0755126,Airtel Payments Bank,North Goa,Goa,P000928,,Vijay Sengar,SAVINGS,2026-06-02,ACTIVE,0,MEDIUM
AC001608,99894122112,IBXX0592106,ICICI Bank,Deoghar,Jharkhand,P000929,,Nitin Patil,SAVINGS,2023-08-27,ACTIVE,0,HIGH
AC001609,51165694924,BOIX0398166,Bank of India,Chennai,Tamil Nadu,P000930,,Yallappa Acharya,CURRENT,2022-06-15,ACTIVE,0,MEDIUM
AC001610,50200852414,BBXX0920406,Bandhan Bank,Baramulla,Jammu and Kashmir,P000931,,Jagdish Sengar,SAVINGS,2020-10-04,ACTIVE,0,MEDIUM
AC001611,40188159421,BBXX0502487,Bandhan Bank,Baramulla,Jammu and Kashmir,P000931,,Jagdish Sengar,SAVINGS,2014-10-15,ACTIVE,0,MEDIUM
AC001612,50587123188152,FBXX0471562,Federal Bank,Solapur,Maharashtra,P000932,,Chandrabhan Baghel,SAVINGS,2018-11-12,ACTIVE,0,LOW
AC001613,88682723815375,BBXX0887131,Bandhan Bank,Thrissur,Kerala,P000933,,Sajid Zaidi,SAVINGS,2024-10-22,ACTIVE,0,MEDIUM
AC001614,85070987284889,ABXX0603588,Axis Bank,Ranchi,Jharkhand,P000934,,Bikash Mistry,SAVINGS,2024-08-25,ACTIVE,0,MEDIUM
AC001615,10008440591,IBXX0721860,ICICI Bank,Ranchi,Jharkhand,P000934,,Bikash Mistry,SAVINGS,2019-10-11,FROZEN,0,MEDIUM
AC001616,764026088692,KVBX0032196,Karur Vysya Bank,Warangal,Telangana,P000935,,Bhanwar Charan,WALLET,2020-03-10,FROZEN,0,LOW
AC001617,2954866329297915,IBXX0981240,ICICI Bank,Churachandpur,Manipur,P000936,,Rajesh Awasthi,SAVINGS,2013-09-21,ACTIVE,1,MEDIUM
AC001618,2902082841031637,FBXX0827891,Federal Bank,Malkangiri,Odisha,P000937,,Vipul Rabari,WALLET,2026-05-09,ACTIVE,0,MEDIUM
AC001619,0112473808388498,APBX0774544,Airtel Payments Bank,Bijapur,Chhattisgarh,P000938,,Shanti Tomar,OVERDRAFT,2021-11-06,ACTIVE,0,LOW
AC001620,96281597449,PNBX0973262,Punjab National Bank,Bijapur,Chhattisgarh,P000938,,Shanti Tomar,SAVINGS,2019-07-17,FROZEN,0,MEDIUM
AC001621,56194887598115,FBXX0916972,Federal Bank,Guwahati,Assam,P000939,,Chandru Shetty,CURRENT,2013-04-19,ACTIVE,0,LOW
AC001622,48512621489378,CBOI0099313,Central Bank of India,Cuttack,Odisha,P000940,,Mitesh Solanki,SAVINGS,2020-09-25,ACTIVE,0,MEDIUM
AC001623,35139082500,ABXX0711004,Axis Bank,Raipur,Chhattisgarh,P000941,,Bhagaban Mallick,SAVINGS,2022-12-14,ACTIVE,1,MEDIUM
AC001624,842215027560,IBXX0524440,ICICI Bank,Raipur,Chhattisgarh,P000941,,Bhagaban Mallick,SAVINGS,2015-08-11,ACTIVE,1,MEDIUM
AC001625,43462025980,ASFB0300996,AU Small Finance Bank,Raipur,Chhattisgarh,P000941,,Bhagaban Mallick,SAVINGS,2015-11-18,ACTIVE,1,LOW
AC001626,54348394753954,PPBX0889540,Paytm Payments Bank,Chennai,Tamil Nadu,P000942,,Rambabu Yadav,CURRENT,2018-05-20,DORMANT,0,MEDIUM
AC001627,7387901293439062,IBXX0684890,IndusInd Bank,Cuttack,Odisha,P000943,,Ashfaq Farooqui,CURRENT,2025-01-18,ACTIVE,0,HIGH
AC001628,1209967698474683,APBX0592777,Airtel Payments Bank,Cuttack,Odisha,P000943,,Ashfaq Farooqui,WALLET,2013-02-10,ACTIVE,0,LOW
AC001629,85706319924238,CBXX0515373,Canara Bank,Nadia,West Bengal,P000944,,Siddaraju Patil,SAVINGS,2020-05-31,ACTIVE,0,MEDIUM
AC001630,6500459342079681,ABXX0349584,Axis Bank,Malappuram,Kerala,P000945,,Bhaskar Dalvi,SAVINGS,2025-08-23,ACTIVE,0,MEDIUM
AC001631,37655854786322,BOBX0755863,Bank of Baroda,Malappuram,Kerala,P000945,,Bhaskar Dalvi,SAVINGS,2020-04-05,ACTIVE,0,MEDIUM
AC001632,4101950660605522,CBOI0124146,Central Bank of India,Meerut,Uttar Pradesh,P000946,,Rajni Awasthi,SAVINGS,2016-04-09,ACTIVE,0,LOW
AC001633,29356165834150,ASFB0089723,AU Small Finance Bank,Guntur,Andhra Pradesh,P000947,,Ratheesh Kurup,SAVINGS,2017-03-16,ACTIVE,0,LOW
AC001634,42194084747,IOBX0226166,Indian Overseas Bank,North Goa,Goa,P000948,,Xavier Almeida,WALLET,2014-09-28,DORMANT,0,LOW
AC001635,09956592852,IOBX0106569,Indian Overseas Bank,New Delhi,Delhi,P000949,,Sudha Singh,CURRENT,2013-05-16,FROZEN,0,LOW
AC001636,758383456330,IBXX0735160,IndusInd Bank,Kurnool,Andhra Pradesh,P000950,,Nirmal Sardar,OVERDRAFT,2023-10-27,ACTIVE,0,MEDIUM
AC001637,9017976957682253,APBX0747391,Airtel Payments Bank,Kurnool,Andhra Pradesh,P000950,,Nirmal Sardar,SAVINGS,2018-11-30,ACTIVE,0,HIGH
AC001638,11834986821069,YBXX0852787,Yes Bank,Imphal,Manipur,P000951,,Nathu Ranawat,SAVINGS,2014-05-21,ACTIVE,0,LOW
AC001639,423855977216,IOBX0402440,Indian Overseas Bank,Srinagar,Jammu and Kashmir,P000952,,Paresh Shah,SAVINGS,2019-07-18,ACTIVE,0,LOW
AC001640,8236339819805424,ABXX0888820,Axis Bank,Cuttack,Odisha,P000953,,Bibhuti Behera,OVERDRAFT,2013-09-02,ACTIVE,0,MEDIUM
AC001641,19228405357,ASFB0391685,AU Small Finance Bank,Baramulla,Jammu and Kashmir,P000954,,Rekha Sengar,SAVINGS,2023-01-10,ACTIVE,0,LOW
AC001642,06919890897,CBXX0637941,Canara Bank,Surat,Gujarat,P000955,,Balaraju Nallamothu,SAVINGS,2022-01-08,ACTIVE,0,MEDIUM
AC001643,51793853718875,BBXX0139255,Bandhan Bank,Chennai,Tamil Nadu,P000956,,Bhaskar Kadam,SAVINGS,2023-01-10,ACTIVE,0,LOW
AC001644,395059533932,FBXX0531453,Federal Bank,Indore,Madhya Pradesh,P000957,,Harjinder Sekhon,SAVINGS,2024-01-13,ACTIVE,0,MEDIUM
AC001645,271256725681,PPBX0853118,Paytm Payments Bank,Indore,Madhya Pradesh,P000957,,Harjinder Sekhon,SAVINGS,2013-03-13,ACTIVE,0,LOW
AC001646,91913031399225,IBXX0785944,ICICI Bank,Guwahati,Assam,P000958,,Bhupendra Srivastava,SAVINGS,2015-08-15,ACTIVE,0,MEDIUM
AC001647,9910902033970794,APBX0175869,Airtel Payments Bank,Ganjam,Odisha,P000959,,Mitesh Rabari,SAVINGS,2015-01-10,DORMANT,1,LOW
AC001648,958423142905,IBXX0649193,ICICI Bank,Ganjam,Odisha,P000959,,Mitesh Rabari,SAVINGS,2018-11-05,ACTIVE,1,MEDIUM
AC001649,17768675189236,BOIX0299229,Bank of India,Jabalpur,Madhya Pradesh,P000960,,Sushila Jat,CURRENT,2024-12-12,ACTIVE,1,LOW
AC001650,41925645514678,CBXX0575048,Canara Bank,Jabalpur,Madhya Pradesh,P000960,,Sushila Jat,CURRENT,2017-04-21,ACTIVE,1,LOW
AC001651,09302151596,ASFB0583530,AU Small Finance Bank,Jabalpur,Madhya Pradesh,P000960,,Sushila Jat,SAVINGS,2015-07-06,DORMANT,1,MEDIUM
AC001652,88453922989,KVBX0935214,Karur Vysya Bank,Amritsar,Punjab,P000961,,Rambabu Tomar,SAVINGS,2017-03-25,ACTIVE,0,LOW
AC001653,4991893071411852,SBOI0064458,State Bank of India,Trichy,Tamil Nadu,P000962,,Divyesh Bhatt,SAVINGS,2021-05-17,ACTIVE,0,LOW
AC001654,457983585271,PNBX0832785,Punjab National Bank,Ludhiana,Punjab,P000963,,Sandip Bhoir,SAVINGS,2015-05-04,ACTIVE,0,LOW
AC001655,61744386333714,KMBX0138536,Kotak Mahindra Bank,Surat,Gujarat,P000964,,Kiran Waghmare,OVERDRAFT,2024-05-02,ACTIVE,0,LOW
AC001656,36535654754,YBXX0334433,Yes Bank,Surat,Gujarat,P000964,,Kiran Waghmare,CURRENT,2020-11-15,DORMANT,0,MEDIUM
AC001657,91804501934150,BOBX0721909,Bank of Baroda,Bengaluru,Karnataka,P000965,,Nabam Konyak,CURRENT,2019-12-30,ACTIVE,0,HIGH
AC001658,621881029980,FBXX0058005,Federal Bank,Bhind,Madhya Pradesh,P000966,,Sarita Tiwari,SAVINGS,2014-08-23,ACTIVE,1,LOW
AC001659,974418081679,IBXX0687713,IndusInd Bank,Bhind,Madhya Pradesh,P000966,,Sarita Tiwari,SAVINGS,2022-01-01,ACTIVE,1,HIGH
AC001660,21291606326,PNBX0820170,Punjab National Bank,South Goa,Goa,P000967,,Jagmal Saini,SAVINGS,2013-12-12,ACTIVE,1,LOW
AC001661,151066843555,ABXX0259456,Axis Bank,South Goa,Goa,P000967,,Jagmal Saini,WALLET,2014-05-17,ACTIVE,0,MEDIUM
AC001662,38865224926,UBOI0904666,Union Bank of India,South Goa,Goa,P000967,,Jagmal Saini,CURRENT,2016-04-15,ACTIVE,1,HIGH
AC001663,00043974758961,BBXX0014121,Bandhan Bank,Malkangiri,Odisha,P000968,,Ganesh Pawar,SAVINGS,2025-01-22,DORMANT,0,HIGH
AC001664,942083506933,KVBX0408518,Karur Vysya Bank,Chennai,Tamil Nadu,P000969,,Aslam Ansari,SAVINGS,2022-08-01,ACTIVE,1,HIGH
AC001665,09550591597800,BOBX0491209,Bank of Baroda,Chennai,Tamil Nadu,P000969,,Aslam Ansari,CURRENT,2013-05-05,ACTIVE,1,HIGH
AC001666,20737128493,CBOI0717638,Central Bank of India,Vijayawada,Andhra Pradesh,P000970,,Ashfaq Saifi,SAVINGS,2013-04-28,FROZEN,0,LOW
AC001667,2278856467435480,YBXX0380416,Yes Bank,Nuh,Haryana,P000971,,Bimal Adhikari,CURRENT,2013-01-29,FROZEN,0,LOW
AC001668,29260271778424,IBXX0964034,IndusInd Bank,Nuh,Haryana,P000971,,Bimal Adhikari,SAVINGS,2023-08-19,ACTIVE,0,MEDIUM
AC001669,81905176948778,ABXX0889399,Axis Bank,Sonipat,Haryana,P000972,,Prakash Rai,SAVINGS,2019-04-28,ACTIVE,0,LOW
AC001670,8202715447506309,ASFB0926504,AU Small Finance Bank,Bijapur,Chhattisgarh,P000973,,Shabana Pathan,SAVINGS,2024-07-15,ACTIVE,0,LOW
AC001671,71107164292567,PPBX0684570,Paytm Payments Bank,Bijapur,Chhattisgarh,P000973,,Shabana Pathan,SAVINGS,2015-02-15,ACTIVE,0,LOW
AC001672,259772967428,CBOI0427711,Central Bank of India,Kolkata,West Bengal,P000974,,Netrapal Tiwari,SAVINGS,2017-12-04,ACTIVE,1,HIGH
AC001673,55282613083939,KVBX0897232,Karur Vysya Bank,Kolkata,West Bengal,P000974,,Netrapal Tiwari,SAVINGS,2018-08-23,ACTIVE,1,LOW
AC001674,958203886642,PPBX0760629,Paytm Payments Bank,Jaipur,Rajasthan,P000975,,Rajwinder Sidhu,SAVINGS,2026-04-19,ACTIVE,0,MEDIUM
AC001675,91624849904,YBXX0730107,Yes Bank,Jaipur,Rajasthan,P000975,,Rajwinder Sidhu,SAVINGS,2016-04-08,ACTIVE,0,MEDIUM
AC001676,15806740745,CBXX0852340,Canara Bank,Pune,Maharashtra,P000976,,Snehal Bhosale,SAVINGS,2017-09-07,ACTIVE,0,HIGH
AC001677,41472941035,KMBX0185554,Kotak Mahindra Bank,Gurugram,Haryana,P000977,,Rahul More,CURRENT,2017-08-10,ACTIVE,0,HIGH
AC001678,052515634501,KMBX0085201,Kotak Mahindra Bank,Mumbai,Maharashtra,P000978,,Kuldeep Thakur,SAVINGS,2017-10-19,ACTIVE,0,MEDIUM
AC001679,77840306343988,BOBX0477643,Bank of Baroda,Bengaluru,Karnataka,P000979,,Zubair Khan,WALLET,2024-09-22,ACTIVE,0,LOW
AC001680,6316494000083555,BOBX0237403,Bank of Baroda,Bengaluru,Karnataka,P000979,,Zubair Khan,CURRENT,2018-04-26,ACTIVE,0,MEDIUM
AC001681,49597961097011,IOBX0309163,Indian Overseas Bank,Tirunelveli,Tamil Nadu,P000980,,Manikandan Subramanian,SAVINGS,2014-01-29,ACTIVE,0,MEDIUM
AC001682,1587815539589632,IBXX0862798,IndusInd Bank,Ballari,Karnataka,P000981,,Ibrahim Shaikh,SAVINGS,2020-05-18,FROZEN,0,LOW
AC001683,518702804167,KMBX0456072,Kotak Mahindra Bank,Prayagraj,Uttar Pradesh,P000982,,Nirmal Sarkar,SAVINGS,2021-08-22,ACTIVE,0,LOW
AC001684,88626027090863,PPBX0227718,Paytm Payments Bank,Ferozepur,Punjab,P000983,,Rodney Fernandes,SAVINGS,2022-09-03,FROZEN,0,HIGH
AC001685,46807502593,PPBX0029412,Paytm Payments Bank,Raipur,Chhattisgarh,P000984,,Manju Awasthi,SAVINGS,2018-07-27,ACTIVE,0,MEDIUM
AC001686,49403538308,IBXX0238579,ICICI Bank,Churachandpur,Manipur,P000985,,Arindam Chakraborty,SAVINGS,2019-10-17,ACTIVE,0,LOW
AC001687,306958445694,YBXX0730162,Yes Bank,Churachandpur,Manipur,P000985,,Arindam Chakraborty,CURRENT,2026-03-27,DORMANT,0,LOW
AC001688,78289546548236,SBOI0929084,State Bank of India,Prayagraj,Uttar Pradesh,P000986,,Venkatesh Setty,SAVINGS,2013-12-20,ACTIVE,1,LOW
AC001689,289598378472,IFBX0998537,IDFC First Bank,Prayagraj,Uttar Pradesh,P000986,,Venkatesh Setty,SAVINGS,2020-06-13,ACTIVE,1,LOW
AC001690,6613467563510417,KMBX0120141,Kotak Mahindra Bank,Kannur,Kerala,P000987,,Karni Gurjar,CURRENT,2015-04-30,CLOSED,0,MEDIUM
AC001691,24158901911,KVBX0570361,Karur Vysya Bank,Chennai,Tamil Nadu,P000988,,Bikramjit Sandhu,SAVINGS,2014-10-22,ACTIVE,0,LOW
AC001692,04868858675390,BOBX0567550,Bank of Baroda,Munger,Bihar,P000989,,Basanta Patra,OVERDRAFT,2017-02-02,ACTIVE,0,MEDIUM
AC001693,84697525540023,SBOI0813628,State Bank of India,Dehradun,Uttarakhand,P000990,,Ravi Naik,SAVINGS,2026-05-24,ACTIVE,0,MEDIUM
AC001694,03637605683687,KVBX0576762,Karur Vysya Bank,Dehradun,Uttarakhand,P000990,,Ravi Naik,SAVINGS,2023-10-25,ACTIVE,0,MEDIUM
AC001695,68573757178240,YBXX0226140,Yes Bank,New Delhi,Delhi,P000991,,Nathu Beniwal,SAVINGS,2024-11-23,DORMANT,0,HIGH
AC001696,203435780090,PPBX0415424,Paytm Payments Bank,Dehradun,Uttarakhand,P000992,,Murugan Annadurai,SAVINGS,2013-08-05,ACTIVE,0,MEDIUM
AC001697,96738358778,BOBX0013852,Bank of Baroda,Dehradun,Uttarakhand,P000992,,Murugan Annadurai,WALLET,2017-06-23,ACTIVE,0,MEDIUM
AC001698,568255164816,IBXX0777260,ICICI Bank,Guwahati,Assam,P000993,,Gurpreet Dhillon,CURRENT,2019-09-05,ACTIVE,0,LOW
AC001699,635160910777,PPBX0266447,Paytm Payments Bank,Guwahati,Assam,P000993,,Gurpreet Dhillon,CURRENT,2026-03-16,CLOSED,0,MEDIUM
AC001700,28845673453,KMBX0404763,Kotak Mahindra Bank,Jodhpur,Rajasthan,P000994,,Jasbir Virk,OVERDRAFT,2019-08-15,ACTIVE,0,LOW
AC001701,633645196764,IFBX0990570,IDFC First Bank,Srinagar,Jammu and Kashmir,P000995,,Dinesh Yadav,SAVINGS,2019-11-10,ACTIVE,0,LOW
AC001702,998619610600,ASFB0909600,AU Small Finance Bank,Guwahati,Assam,P000996,,Udaiveer Thakur,SAVINGS,2018-06-01,ACTIVE,0,MEDIUM
AC001703,6783684052042452,BBXX0807147,Bandhan Bank,Guwahati,Assam,P000996,,Udaiveer Thakur,CURRENT,2023-06-21,ACTIVE,0,LOW
AC001704,1427322912621398,KMBX0852000,Kotak Mahindra Bank,Hyderabad,Telangana,P000997,,Pradip Majumdar,SAVINGS,2016-08-03,DORMANT,0,LOW
AC001705,49816194880126,CBOI0929362,Central Bank of India,Baramulla,Jammu and Kashmir,P000998,,Kalpesh Prajapati,SAVINGS,2023-05-22,DORMANT,0,MEDIUM
AC001706,19708126204527,CBOI0429968,Central Bank of India,Giridih,Jharkhand,P000999,,Satish Rathore,SAVINGS,2014-05-04,ACTIVE,0,MEDIUM
AC001707,4712007092142435,KMBX0000397,Kotak Mahindra Bank,Kanpur,Uttar Pradesh,P001000,,Bhagya Angadi,WALLET,2023-08-26,ACTIVE,0,LOW
AC001708,67345366249255,HBXX0691976,HDFC Bank,Kanpur,Uttar Pradesh,P001000,,Bhagya Angadi,CURRENT,2025-11-25,DORMANT,0,MEDIUM
AC001709,77451683517331,YBXX0170203,Yes Bank,Bijapur,Chhattisgarh,P001001,,Trilochan Swain,CURRENT,2014-04-05,ACTIVE,0,LOW
AC001710,489951508388,BOBX0882209,Bank of Baroda,Kozhikode,Kerala,P001002,,Suman Sisodia,SAVINGS,2013-09-16,ACTIVE,0,LOW
AC001711,19877552121,APBX0563399,Airtel Payments Bank,Faridabad,Haryana,P001003,,Rachna Baghel,SAVINGS,2026-05-08,DORMANT,0,MEDIUM
AC001712,52768892679,SBOI0081729,State Bank of India,Malkangiri,Odisha,P001004,,Manjunath Bhat,SAVINGS,2013-07-28,ACTIVE,0,LOW
AC001713,19646293882,ASFB0387028,AU Small Finance Bank,Mangaluru,Karnataka,P001005,,Aslam Mansuri,SAVINGS,2015-10-30,ACTIVE,0,LOW
AC001714,75216076084,YBXX0043878,Yes Bank,Dehradun,Uttarakhand,P001006,,Kavya Raju,SAVINGS,2024-06-04,ACTIVE,0,LOW
AC001715,49585961291218,CBXX0753413,Canara Bank,Chennai,Tamil Nadu,P001007,,Naseer Saifi,SAVINGS,2025-07-29,ACTIVE,0,MEDIUM
AC001716,9161056064201624,PPBX0411194,Paytm Payments Bank,Mangaluru,Karnataka,P001009,,Balbir Prajapati,SAVINGS,2014-10-30,ACTIVE,0,LOW
AC001717,7262863096619478,HBXX0414699,HDFC Bank,Madurai,Tamil Nadu,P001010,,Tarsem Sidhu,SAVINGS,2024-01-07,CLOSED,0,LOW
AC001718,58443850875509,SBOI0418150,State Bank of India,New Delhi,Delhi,P001011,,Pushpalatha Bellad,SAVINGS,2023-12-06,DORMANT,0,MEDIUM
AC001719,999366520499,BOIX0242338,Bank of India,Guwahati,Assam,P001012,,Harjinder Gill,WALLET,2020-03-14,CLOSED,0,MEDIUM
AC001720,40840923491437,BBXX0358486,Bandhan Bank,Ballari,Karnataka,P001013,,Sachin Bhosale,CURRENT,2025-01-27,FROZEN,0,HIGH
AC001721,75735266083,APBX0246728,Airtel Payments Bank,Ahmedabad,Gujarat,P001016,,Preeti Rathore,SAVINGS,2019-09-20,ACTIVE,0,MEDIUM
AC001722,09390406546,BOIX0313579,Bank of India,Hyderabad,Telangana,P001017,,Meena Awasthi,SAVINGS,2021-05-24,ACTIVE,0,MEDIUM
AC001723,5240920681748528,PPBX0401715,Paytm Payments Bank,Kannur,Kerala,P001018,,Kesar Bishnoi,SAVINGS,2022-05-25,ACTIVE,0,MEDIUM
AC001724,03813934054588,APBX0498026,Airtel Payments Bank,Jalandhar,Punjab,P001019,,Rubina Pathan,SAVINGS,2016-01-15,ACTIVE,0,LOW
AC001725,78761506475735,FBXX0727018,Federal Bank,Begusarai,Bihar,P001020,,Mallesh Yadav,SAVINGS,2018-01-04,ACTIVE,0,MEDIUM
AC001726,680367710000,PPBX0555495,Paytm Payments Bank,Baramulla,Jammu and Kashmir,P001021,,Priyanka Gaikwad,SAVINGS,2022-12-12,DORMANT,0,LOW
AC001727,42172330724,IFBX0733892,IDFC First Bank,South Goa,Goa,P001022,,Kuldeep Kashyap,SAVINGS,2022-10-04,ACTIVE,0,LOW
AC001728,762315465898,BBXX0477468,Bandhan Bank,New Delhi,Delhi,P001023,,Siddaraju Poojary,WALLET,2025-01-16,ACTIVE,0,MEDIUM
AC001729,8358220143824473,UBOI0056185,Union Bank of India,Dhanbad,Jharkhand,P001026,,Lissy Achari,SAVINGS,2018-08-21,ACTIVE,0,MEDIUM
AC001730,76631243328150,UBOI0634481,Union Bank of India,New Delhi,Delhi,P001027,,Murugan Rajendran,SAVINGS,2023-10-10,ACTIVE,0,MEDIUM
AC001731,09211563197218,BOIX0985553,Bank of India,Azamgarh,Uttar Pradesh,P001028,,Arun Baghel,CURRENT,2015-08-17,ACTIVE,0,LOW
AC001732,621291011069,UBOI0647745,Union Bank of India,Churachandpur,Manipur,P001030,,Aruna Mudiraj,SAVINGS,2018-02-25,ACTIVE,0,LOW
AC001733,24062413361434,APBX0141693,Airtel Payments Bank,Bareilly,Uttar Pradesh,P001031,,Mallesh Kumar,SAVINGS,2026-02-27,ACTIVE,0,LOW
AC001734,0807826962252221,CBOI0646059,Central Bank of India,Srinagar,Jammu and Kashmir,P001035,,Kartik Barman,CURRENT,2018-10-15,FROZEN,0,LOW
AC001735,54269932535238,CBXX0574635,Canara Bank,Nizamabad,Telangana,P001037,,Sindhu Namboothiri,SAVINGS,2017-11-16,ACTIVE,0,LOW
AC001736,3208899606857474,HBXX0656934,HDFC Bank,Srinagar,Jammu and Kashmir,P001040,,Girish Kamath,SAVINGS,2013-03-16,FROZEN,0,MEDIUM
AC001737,0157367847293168,BOIX0762797,Bank of India,Kannur,Kerala,P001042,,Yusuf Shaikh,CURRENT,2026-02-04,ACTIVE,0,HIGH
AC001738,577228801222,PNBX0171827,Punjab National Bank,Rajkot,Gujarat,P001043,,Mallesh Choudary,SAVINGS,2023-09-03,ACTIVE,0,MEDIUM
AC001739,758564149653,IOBX0464732,Indian Overseas Bank,Kochi,Kerala,P001044,,Faizan Ansari,OVERDRAFT,2015-08-22,ACTIVE,0,LOW
AC001740,99424039775,PPBX0254332,Paytm Payments Bank,North Goa,Goa,P001045,,Vidyawati Rathore,SAVINGS,2016-08-14,ACTIVE,0,LOW
AC001741,17313127106,APBX0172119,Airtel Payments Bank,South Goa,Goa,P001046,,Shakeel Ahmed,CURRENT,2013-10-21,ACTIVE,0,LOW
AC001742,989123796604,UBOI0748470,Union Bank of India,Gaya,Bihar,P001047,,Mariappan Kurup,WALLET,2023-08-17,ACTIVE,0,LOW
AC001743,82058349129,PPBX0599436,Paytm Payments Bank,South Goa,Goa,P001048,,Prabhakar Mudiraj,SAVINGS,2024-10-27,ACTIVE,0,LOW
AC001744,63275923468,IBXX0832694,IndusInd Bank,Haridwar,Uttarakhand,P001050,,Aparna Bose,CURRENT,2013-07-27,ACTIVE,0,LOW
AC001745,59985683345012,APBX0093190,Airtel Payments Bank,Raipur,Chhattisgarh,P001052,,Bheru Vyas,SAVINGS,2021-12-12,ACTIVE,0,HIGH
AC001746,5885733413963167,IBXX0373912,IndusInd Bank,Purnia,Bihar,P001053,,Jagmal Purohit,WALLET,2024-04-09,ACTIVE,0,MEDIUM
AC001747,671397028432,PNBX0211371,Punjab National Bank,Bengaluru,Karnataka,P001054,,Gopal Mistry,CURRENT,2025-02-12,ACTIVE,0,LOW
AC001748,32979770199,ASFB0425497,AU Small Finance Bank,Hisar,Haryana,P001055,,Mushtaq Idrisi,SAVINGS,2025-07-20,FROZEN,0,LOW
AC001749,5516653389344026,APBX0295743,Airtel Payments Bank,Nadia,West Bengal,P001056,,Sunil Jaiswal,SAVINGS,2017-03-14,ACTIVE,0,MEDIUM
AC001750,101583391034,KVBX0005560,Karur Vysya Bank,Kalaburagi,Karnataka,P001058,,Ravichandran Pillai,SAVINGS,2018-01-06,FROZEN,0,LOW
AC001751,8756028537669895,BOIX0915703,Bank of India,Murshidabad,West Bengal,P001059,,Salim Qureshi,SAVINGS,2023-02-11,ACTIVE,0,LOW
AC001752,44294649120,FBXX0567043,Federal Bank,Kalaburagi,Karnataka,P001060,,Arivazhagan Mudaliar,SAVINGS,2019-10-11,ACTIVE,0,LOW
AC001753,4392325356853513,IBXX0617803,ICICI Bank,Ganjam,Odisha,P001061,,Manisha More,SAVINGS,2025-12-22,ACTIVE,0,LOW
AC001754,76878769750309,PNBX0224939,Punjab National Bank,Raipur,Chhattisgarh,P001062,,Ranjit Kang,CURRENT,2017-09-30,ACTIVE,0,LOW
AC001755,26517160200,UBOI0775184,Union Bank of India,Guwahati,Assam,P001063,,Nadeem Shaikh,CURRENT,2021-12-24,ACTIVE,0,LOW
AC001756,754280416957,KMBX0055455,Kotak Mahindra Bank,Tirunelveli,Tamil Nadu,P001064,,Aarti More,SAVINGS,2021-08-24,ACTIVE,0,LOW
AC001757,2859521663599703,YBXX0587805,Yes Bank,Madurai,Tamil Nadu,P001065,,Karthik Raja,SAVINGS,2019-09-23,ACTIVE,0,MEDIUM
AC001758,471640599121,ABXX0806856,Axis Bank,Amritsar,Punjab,P001066,,Shibu Thomas,SAVINGS,2022-09-22,ACTIVE,0,HIGH
AC001759,9426160152950996,ASFB0122534,AU Small Finance Bank,Meerut,Uttar Pradesh,P001067,,Gopal Dutta,SAVINGS,2013-06-02,ACTIVE,0,HIGH
AC001760,2156176124472648,FBXX0813704,Federal Bank,Kalaburagi,Karnataka,P001068,,Kondaiah Bandari,SAVINGS,2019-10-05,DORMANT,0,LOW
AC001761,03544548202,CBXX0492722,Canara Bank,Kozhikode,Kerala,P001069,,Baljinder Mann,SAVINGS,2023-07-25,ACTIVE,0,LOW
AC001762,007076521272,BOBX0452995,Bank of Baroda,Ballari,Karnataka,P001070,,Nazia Ansari,OVERDRAFT,2024-03-15,FROZEN,0,LOW
AC001763,29423591725764,IBXX0466598,IndusInd Bank,Ganjam,Odisha,P001071,,Surinder Bajwa,SAVINGS,2013-02-09,ACTIVE,0,MEDIUM
AC001764,54047746862,BOBX0501011,Bank of Baroda,Imphal,Manipur,P001072,,Manjit Sekhon,CURRENT,2014-12-14,FROZEN,0,LOW
AC001765,837616052086,ASFB0732382,AU Small Finance Bank,Vijayawada,Andhra Pradesh,P001073,,Rajendran Thevar,SAVINGS,2024-12-22,DORMANT,0,MEDIUM
AC001766,3306934259849803,KMBX0502292,Kotak Mahindra Bank,Dehradun,Uttarakhand,P001075,,Alpesh Solanki,SAVINGS,2022-08-17,FROZEN,0,LOW
AC001767,97819611152599,UBOI0412392,Union Bank of India,Jaipur,Rajasthan,P001076,,Bikash Naskar,CURRENT,2021-08-02,FROZEN,0,LOW
AC001768,89724121379207,YBXX0169186,Yes Bank,North Goa,Goa,P001081,,Afsana Mansuri,OVERDRAFT,2014-01-21,ACTIVE,0,LOW
AC001769,402159041066,SBOI0717395,State Bank of India,New Delhi,Delhi,P001082,,Shakeel Shaikh,SAVINGS,2017-12-31,ACTIVE,0,LOW
AC001770,67218771445,IBXX0633746,IndusInd Bank,Malappuram,Kerala,P001084,,Davinder Kang,SAVINGS,2024-03-04,ACTIVE,0,HIGH
AC001771,14541877249,HBXX0080744,HDFC Bank,Kannur,Kerala,P001085,,Alpesh Chauhan,CURRENT,2021-09-27,ACTIVE,0,LOW
AC001772,40911574060972,IFBX0960077,IDFC First Bank,Mangaluru,Karnataka,P001086,,Rajni Jaiswal,SAVINGS,2022-01-10,ACTIVE,0,LOW
AC001773,7023512448512404,CBXX0961175,Canara Bank,Bengaluru,Karnataka,P001087,,Shahnawaz Mansuri,SAVINGS,2019-05-02,ACTIVE,0,LOW
AC001774,51041458821488,BOBX0745006,Bank of Baroda,Muzaffarpur,Bihar,P001088,,Prabhakar Mudiraj,SAVINGS,2022-10-31,ACTIVE,0,LOW
AC001775,74888284017,BOIX0854479,Bank of India,New Delhi,Delhi,P001090,,Rekha Awasthi,WALLET,2017-08-17,ACTIVE,0,LOW
AC001776,00427354024549,IBXX0054353,ICICI Bank,Gwalior,Madhya Pradesh,P001091,,Sandip Mhatre,SAVINGS,2021-11-13,DORMANT,0,LOW
AC001777,08792263097,YBXX0700329,Yes Bank,North Goa,Goa,P001093,,Farida Siddiqui,SAVINGS,2023-12-22,FROZEN,0,LOW
AC001778,9673631117120483,CBXX0261789,Canara Bank,Siliguri,West Bengal,P001094,,Shabana Ahmed,SAVINGS,2013-01-31,ACTIVE,0,LOW
AC001779,2308122545790351,FBXX0107022,Federal Bank,Raipur,Chhattisgarh,P001095,,Meena Nagar,SAVINGS,2021-04-08,ACTIVE,0,LOW
AC001780,26163848713,KVBX0432768,Karur Vysya Bank,New Delhi,Delhi,P001096,,Mushtaq Mirza,WALLET,2015-08-15,ACTIVE,0,LOW
AC001781,9048891835579202,IBXX0330719,ICICI Bank,New Delhi,Delhi,P001097,,Nasreen Shaikh,SAVINGS,2024-08-07,ACTIVE,0,MEDIUM
AC001782,481918332762,ASFB0117114,AU Small Finance Bank,Gwalior,Madhya Pradesh,P001098,,Kuldeep Cheema,SAVINGS,2016-03-31,ACTIVE,0,LOW
AC001783,83761278421,APBX0021547,Airtel Payments Bank,Hyderabad,Telangana,P001099,,Yusuf Khan,CURRENT,2021-01-22,DORMANT,0,HIGH
AC001784,564901186514,KMBX0308711,Kotak Mahindra Bank,Nuh,Haryana,P001100,,Revathi Muthusamy,SAVINGS,2025-04-09,ACTIVE,0,MEDIUM
AC001785,93971523753,UBOI0310562,Union Bank of India,Karimganj,Assam,P001101,,Shanti Shukla,SAVINGS,2018-04-01,ACTIVE,0,MEDIUM
AC001786,81753920602659,IOBX0647779,Indian Overseas Bank,Purnia,Bihar,P001102,,Kuldeep Nagar,SAVINGS,2022-10-21,CLOSED,0,LOW
AC001787,430236393581,FBXX0322999,Federal Bank,Navi Mumbai,Maharashtra,P001104,,Girdhari Sharma,SAVINGS,2023-04-01,ACTIVE,0,MEDIUM
AC001788,2656890995818792,UBOI0060575,Union Bank of India,Nuh,Haryana,P001105,,Gurpreet Dhaliwal,SAVINGS,2025-06-20,ACTIVE,0,LOW
AC001789,447053413418,YBXX0603045,Yes Bank,New Delhi,Delhi,P001107,,Lalrinpuii Ao,CURRENT,2026-04-10,ACTIVE,0,LOW
AC001790,967661598818,BBXX0557461,Bandhan Bank,Haridwar,Uttarakhand,P001108,,Nirmala Maurya,SAVINGS,2013-02-17,CLOSED,0,LOW
AC001791,56900397967801,KMBX0105299,Kotak Mahindra Bank,Raipur,Chhattisgarh,P001109,,Sasmita Sahoo,CURRENT,2024-11-26,ACTIVE,0,MEDIUM
AC001792,137943514101,IOBX0912142,Indian Overseas Bank,Cuttack,Odisha,P001110,,Kamla Chauhan,SAVINGS,2015-03-23,FROZEN,0,MEDIUM
AC001793,2178925591482485,CBXX0280105,Canara Bank,Sonipat,Haryana,P001112,,Anita Tiwari,SAVINGS,2026-03-25,DORMANT,0,MEDIUM
AC001794,3544023060877534,KMBX0461363,Kotak Mahindra Bank,Gorakhpur,Uttar Pradesh,P001113,,Bhanwar Jhala,CURRENT,2026-01-24,ACTIVE,0,LOW
AC001795,289760299223,BOBX0872434,Bank of Baroda,Ghaziabad,Uttar Pradesh,P001117,,Sabita Mohanty,CURRENT,2018-12-28,ACTIVE,0,LOW
AC001796,428113813184,ASFB0675390,AU Small Finance Bank,Chennai,Tamil Nadu,P001118,,Arif Malik,SAVINGS,2020-02-16,ACTIVE,0,LOW
AC001797,72750211054925,ABXX0677460,Axis Bank,Faridabad,Haryana,P001120,,Basanta Jena,CURRENT,2013-09-28,ACTIVE,0,MEDIUM
AC001798,8059451173726616,ASFB0804100,AU Small Finance Bank,New Delhi,Delhi,P001121,,Archana Bhardwaj,CURRENT,2014-04-29,DORMANT,0,LOW
AC001799,79045525889,ASFB0887273,AU Small Finance Bank,Ganjam,Odisha,P001122,,Nazia Ahmed,SAVINGS,2020-01-16,ACTIVE,0,LOW
AC001800,27540744899264,CBOI0853405,Central Bank of India,Prayagraj,Uttar Pradesh,P001123,,Randhir Yadav,WALLET,2023-10-14,ACTIVE,0,MEDIUM
AC001801,178828755396,IFBX0918759,IDFC First Bank,Kolkata,West Bengal,P001124,,Hardik Patel,SAVINGS,2018-09-19,ACTIVE,0,LOW
AC001802,38812587341071,PNBX0673119,Punjab National Bank,Gaya,Bihar,P001126,,Baljinder Brar,SAVINGS,2024-08-04,ACTIVE,0,MEDIUM
AC001803,24645220716358,IFBX0576874,IDFC First Bank,Dhubri,Assam,P001127,,Vaishali Trivedi,SAVINGS,2024-08-15,ACTIVE,0,HIGH
AC001804,393236890147,SBOI0061761,State Bank of India,North Goa,Goa,P001128,,Mousumi Adhikari,SAVINGS,2017-09-17,DORMANT,0,LOW
AC001805,37591993373,IBXX0434452,ICICI Bank,New Delhi,Delhi,P001130,,Seema Nishad,SAVINGS,2023-01-31,DORMANT,0,MEDIUM
AC001806,52129828336670,KVBX0764993,Karur Vysya Bank,Ghaziabad,Uttar Pradesh,P001131,,Harjinder Bajwa,CURRENT,2014-09-06,ACTIVE,0,HIGH
AC001807,8854601982000630,ABXX0785385,Axis Bank,Gaya,Bihar,P001132,,Pushpa Saini,SAVINGS,2020-08-09,ACTIVE,0,LOW
AC001808,88038796613291,IBXX0525742,ICICI Bank,Malda,West Bengal,P001135,,Sudhakar Yadav,SAVINGS,2026-05-23,ACTIVE,0,MEDIUM
AC001809,34972540449884,BOBX0117050,Bank of Baroda,Madurai,Tamil Nadu,P001136,,Shakeel Ansari,CURRENT,2020-10-17,ACTIVE,0,HIGH
AC001810,2771205271141008,CBXX0440490,Canara Bank,Ganjam,Odisha,P001137,,Poongodi Annadurai,CURRENT,2022-10-02,ACTIVE,0,LOW
AC001811,81033563788,ASFB0047982,AU Small Finance Bank,Malkangiri,Odisha,P001138,,Rajwinder Mann,CURRENT,2017-10-16,FROZEN,0,LOW
AC001812,00890488758,CBXX0176669,Canara Bank,Mangaluru,Karnataka,P001139,,Nagaraju Sharma,SAVINGS,2021-03-26,ACTIVE,0,MEDIUM
AC001813,869653327609,KVBX0950805,Karur Vysya Bank,Surat,Gujarat,P001142,,Suresh Bhardwaj,WALLET,2023-09-06,ACTIVE,0,LOW
AC001814,216683209079,CBXX0659937,Canara Bank,Hyderabad,Telangana,P001143,,Suresh Srivastava,SAVINGS,2019-07-06,ACTIVE,0,MEDIUM
AC001815,93452071461691,YBXX0546915,Yes Bank,Srinagar,Jammu and Kashmir,P001144,,Rekha Nagar,CURRENT,2018-11-04,ACTIVE,0,HIGH
AC001816,37965689517917,IBXX0621636,ICICI Bank,Nuh,Haryana,P001145,,Pushpalatha Kamath,SAVINGS,2019-04-23,ACTIVE,0,LOW
AC001817,50034684590,CBXX0661582,Canara Bank,Mumbai,Maharashtra,P001146,,Vidyawati Kushwaha,CURRENT,2018-11-21,ACTIVE,0,MEDIUM
AC001818,2201897916091404,PNBX0093825,Punjab National Bank,Muzaffarpur,Bihar,P001147,,Nirmal Sarkar,SAVINGS,2022-06-29,ACTIVE,0,MEDIUM
AC001819,9143954609658894,UBOI0080929,Union Bank of India,Cuttack,Odisha,P001148,,Kishan Jhala,CURRENT,2023-02-10,ACTIVE,0,LOW
AC001820,7935822181372463,ASFB0717082,AU Small Finance Bank,Indore,Madhya Pradesh,P001149,,Savita Awasthi,SAVINGS,2014-02-09,ACTIVE,0,HIGH
AC001821,404951748413,APBX0509082,Airtel Payments Bank,Nizamabad,Telangana,P001150,,Venkatesh Sharma,SAVINGS,2026-01-29,ACTIVE,0,MEDIUM
AC001822,93828585471,UBOI0710520,Union Bank of India,Raipur,Chhattisgarh,P001152,,Joseph Menezes,SAVINGS,2018-03-15,ACTIVE,0,LOW
AC001823,2499630189185524,CBOI0332257,Central Bank of India,Begusarai,Bihar,P001154,,Nagaraju Bandari,SAVINGS,2015-01-13,ACTIVE,0,LOW
AC001824,92999641340312,IOBX0563274,Indian Overseas Bank,Bikaner,Rajasthan,P001155,,Padma Kondapalli,WALLET,2015-01-26,CLOSED,0,LOW
AC001825,86458757887,BOIX0313130,Bank of India,Purnia,Bihar,P001156,,Vetrivel Naicker,SAVINGS,2017-08-19,ACTIVE,0,HIGH
AC001826,885754367775,FBXX0970895,Federal Bank,Ludhiana,Punjab,P001158,,Saroja Kumar,WALLET,2023-01-15,ACTIVE,0,LOW
AC001827,5925490723898035,ASFB0091982,AU Small Finance Bank,Deoghar,Jharkhand,P001159,,Rina Biswas,WALLET,2013-10-07,DORMANT,0,LOW
AC001828,9966751096215857,BBXX0022575,Bandhan Bank,Bijapur,Chhattisgarh,P001160,,Pramod Awasthi,SAVINGS,2018-08-02,ACTIVE,0,LOW
AC001829,7004703843581255,PNBX0811012,Punjab National Bank,New Delhi,Delhi,P001161,,Rina Pal,SAVINGS,2018-01-08,ACTIVE,0,LOW
AC001830,82390101823,YBXX0096260,Yes Bank,Srinagar,Jammu and Kashmir,P001163,,Hariom Chauhan,SAVINGS,2022-03-27,ACTIVE,0,LOW
AC001831,952846395530,IBXX0665952,ICICI Bank,Vijayawada,Andhra Pradesh,P001165,,Harbhajan Bains,SAVINGS,2021-10-14,ACTIVE,0,LOW
AC001832,611581649869,APBX0124977,Airtel Payments Bank,North Goa,Goa,P001167,,Palanisamy Nadar,SAVINGS,2016-06-27,CLOSED,0,HIGH
AC001833,80928636688881,IBXX0936150,ICICI Bank,Raipur,Chhattisgarh,P001169,,Seema Bhadauria,CURRENT,2013-05-13,ACTIVE,0,LOW
AC001834,92943622695884,BOBX0577240,Bank of Baroda,Bharatpur,Rajasthan,P001170,,Hansa Dave,SAVINGS,2017-03-12,ACTIVE,0,MEDIUM
AC001835,27961377868414,IBXX0830234,ICICI Bank,Haridwar,Uttarakhand,P001172,,Swapan Das,SAVINGS,2017-10-05,ACTIVE,0,LOW
AC001836,3508097151046203,IFBX0226865,IDFC First Bank,Porbandar,Gujarat,P001173,,Sarla Vyas,SAVINGS,2017-08-19,ACTIVE,0,MEDIUM
AC001837,664769185403,IOBX0189544,Indian Overseas Bank,Thrissur,Kerala,P001175,,Nagaratna Shetty,SAVINGS,2025-07-25,DORMANT,0,MEDIUM
AC001838,26400894662,ABXX0440670,Axis Bank,Tarn Taran,Punjab,P001179,,Chhagan Chouhan,SAVINGS,2017-10-10,ACTIVE,0,HIGH
AC001839,97522143550,PNBX0999404,Punjab National Bank,Churachandpur,Manipur,P001181,,Shahnaz Khan,SAVINGS,2017-04-28,ACTIVE,0,LOW
AC001840,26581409982175,CBOI0156351,Central Bank of India,Malkangiri,Odisha,P001182,,Jhunu Rout,SAVINGS,2022-04-13,DORMANT,0,HIGH
AC001841,45101593803,CBOI0443170,Central Bank of India,Chennai,Tamil Nadu,P001185,,Peter Lobo,CURRENT,2023-01-28,FROZEN,0,LOW
AC001842,488500311302,CBXX0791245,Canara Bank,Raipur,Chhattisgarh,P001187,,Bhagaban Pradhan,SAVINGS,2017-07-08,ACTIVE,0,MEDIUM
AC001843,09458630872233,PNBX0872768,Punjab National Bank,Navi Mumbai,Maharashtra,P001190,,Ramkali Bhadauria,SAVINGS,2019-10-16,ACTIVE,0,LOW
AC001844,08677566707393,YBXX0149241,Yes Bank,Mumbai,Maharashtra,P001191,,Imran Chaudhary,SAVINGS,2019-09-29,DORMANT,0,MEDIUM
AC001845,567134967552,ABXX0679295,Axis Bank,Surat,Gujarat,P001192,,Kavya Nallamothu,SAVINGS,2018-06-08,ACTIVE,0,MEDIUM
AC001846,87088635643,CBOI0614860,Central Bank of India,Visakhapatnam,Andhra Pradesh,P001194,,Arif Saifi,SAVINGS,2022-09-03,FROZEN,0,MEDIUM
AC001847,10526783454604,KMBX0165222,Kotak Mahindra Bank,Srinagar,Jammu and Kashmir,P001196,,Jagabandhu Dash,SAVINGS,2021-06-05,ACTIVE,0,MEDIUM
AC001848,786246349572,IBXX0940555,ICICI Bank,Malkangiri,Odisha,P001198,,Iqbal Hussain,SAVINGS,2018-08-11,ACTIVE,0,HIGH
AC001849,0271513667923263,ASFB0093166,AU Small Finance Bank,Bijapur,Chhattisgarh,P001199,,Sunil Chauhan,CURRENT,2016-11-24,ACTIVE,0,MEDIUM
AC001850,7053439744590725,KMBX0014926,Kotak Mahindra Bank,Bhubaneswar,Odisha,P001200,,Rajwinder Bains,SAVINGS,2024-01-29,ACTIVE,0,MEDIUM
AC001851,55561618364781,FBXX0226244,Federal Bank,Muzaffarpur,Bihar,P001201,,Kanta Rathore,SAVINGS,2024-06-15,ACTIVE,0,HIGH
AC001852,5456804239738159,BOIX0672046,Bank of India,Guwahati,Assam,P001203,,Nirmal Das,OVERDRAFT,2021-02-13,ACTIVE,0,MEDIUM
AC001853,068329680126,IBXX0587831,IndusInd Bank,Kutch,Gujarat,P001204,,Kumaraswamy Hegde,SAVINGS,2020-01-08,FROZEN,0,MEDIUM
AC001854,6154092656795128,IFBX0972229,IDFC First Bank,Hyderabad,Telangana,P001205,,Vijay Thakur,SAVINGS,2017-02-17,ACTIVE,0,MEDIUM
AC001855,52453724222811,BBXX0587123,Bandhan Bank,Guwahati,Assam,P001206,,Mukesh Thakur,CURRENT,2021-12-18,DORMANT,0,MEDIUM
AC001856,87635371036,KVBX0743810,Karur Vysya Bank,Karimganj,Assam,P001207,,Sunita Verma,CURRENT,2022-11-26,ACTIVE,0,HIGH
AC001857,0448859968189223,KMBX0934311,Kotak Mahindra Bank,Murshidabad,West Bengal,P001208,,Hanumanthappa Hegde,SAVINGS,2026-06-29,ACTIVE,0,LOW
AC001858,69928529448545,CBXX0001726,Canara Bank,Bengaluru,Karnataka,P001210,,Nilesh More,CURRENT,2021-02-16,ACTIVE,0,MEDIUM
AC001859,89975303692,HBXX0149854,HDFC Bank,Munger,Bihar,P001211,,Mangi Rathore,CURRENT,2022-02-25,ACTIVE,0,LOW
AC001860,821246522132,CBXX0041101,Canara Bank,Warangal,Telangana,P001212,,Malkiat Bajwa,WALLET,2019-05-19,ACTIVE,0,LOW
AC001861,40656302094290,BBXX0098790,Bandhan Bank,Mumbai,Maharashtra,P001213,,Sandeep Baghel,SAVINGS,2014-01-31,ACTIVE,0,HIGH
AC001862,311911761714,PNBX0873102,Punjab National Bank,Bathinda,Punjab,P001214,,Mangesh Salunkhe,SAVINGS,2025-12-22,ACTIVE,0,HIGH
AC001863,32220952090,IFBX0073561,IDFC First Bank,Dhubri,Assam,P001215,,Nirmala Jaiswal,SAVINGS,2024-11-23,ACTIVE,0,MEDIUM
AC001864,49260315666145,CBOI0274302,Central Bank of India,Jabalpur,Madhya Pradesh,P001216,,Gautam Gayen,WALLET,2017-08-20,DORMANT,0,HIGH
AC001865,4469154865744387,IOBX0538407,Indian Overseas Bank,Deoghar,Jharkhand,P001217,,Navneet Sandhu,SAVINGS,2025-05-27,ACTIVE,0,LOW
AC001866,93451484329266,UBOI0524677,Union Bank of India,Meerut,Uttar Pradesh,P001218,,Rajwinder Toor,SAVINGS,2014-08-02,ACTIVE,0,MEDIUM
AC001867,31198086146,KMBX0786135,Kotak Mahindra Bank,Varanasi,Uttar Pradesh,P001219,,Arun Rajput,OVERDRAFT,2025-11-10,ACTIVE,0,LOW
AC001868,33331584984663,BBXX0800583,Bandhan Bank,Aurangabad,Maharashtra,P001220,,Nagaratna Kamath,CURRENT,2018-01-02,ACTIVE,0,LOW
AC001869,607321565915,ABXX0039046,Axis Bank,Malappuram,Kerala,P001222,,Prasanna Behera,CURRENT,2013-10-19,ACTIVE,0,LOW
AC001870,971835030707,BOIX0205206,Bank of India,Churachandpur,Manipur,P001225,,Reshma Idrisi,SAVINGS,2019-12-08,FROZEN,0,HIGH
AC001871,1273971660994989,KMBX0068916,Kotak Mahindra Bank,Bengaluru,Karnataka,P001226,,Lalthanga Debbarma,SAVINGS,2018-09-15,ACTIVE,0,MEDIUM
AC001872,1243902083064051,APBX0136392,Airtel Payments Bank,New Delhi,Delhi,P001227,,Tapan Ghosh,SAVINGS,2026-06-15,ACTIVE,0,LOW
AC001873,8154703131666409,PPBX0952293,Paytm Payments Bank,Srinagar,Jammu and Kashmir,P001228,,Yasmin Pathan,SAVINGS,2014-07-28,ACTIVE,0,MEDIUM
AC001874,18487056659599,ABXX0597818,Axis Bank,Gwalior,Madhya Pradesh,P001229,,Poongodi Muthusamy,CURRENT,2015-03-11,ACTIVE,0,HIGH
AC001875,41748433740,BBXX0850603,Bandhan Bank,Imphal,Manipur,P001230,,Lakshmi Mudiraj,SAVINGS,2022-11-17,ACTIVE,0,LOW
AC001876,1829568096455766,HBXX0291416,HDFC Bank,Srinagar,Jammu and Kashmir,P001232,,Sunil Verma,SAVINGS,2014-04-18,CLOSED,0,MEDIUM
AC001877,692318195681,CBXX0721470,Canara Bank,Haridwar,Uttarakhand,P001234,,Kuldeep Awasthi,SAVINGS,2013-07-06,ACTIVE,0,HIGH
AC001878,267485773597,UBOI0695541,Union Bank of India,New Delhi,Delhi,P001235,,Deepa Jacob,WALLET,2017-09-28,ACTIVE,0,LOW
AC001879,941874045340,IBXX0913088,IndusInd Bank,Thrissur,Kerala,P001236,,Gopal Chakraborty,SAVINGS,2020-09-05,ACTIVE,0,LOW
AC001880,201800969663,BBXX0684850,Bandhan Bank,Vijayawada,Andhra Pradesh,P001239,,Yogendra Bhadauria,SAVINGS,2017-05-26,ACTIVE,0,LOW
AC001881,36804272412,YBXX0508427,Yes Bank,Haridwar,Uttarakhand,P001240,,Gurpreet Dhaliwal,WALLET,2022-10-31,CLOSED,0,HIGH
AC001882,76235938626,ABXX0273867,Axis Bank,Srinagar,Jammu and Kashmir,P001241,,Gautam Naskar,SAVINGS,2020-04-21,ACTIVE,0,LOW
AC001883,74093014981109,IBXX0128222,ICICI Bank,Baramulla,Jammu and Kashmir,P001242,,Bhaskar Shinde,SAVINGS,2016-05-07,ACTIVE,0,LOW
AC001884,66496344067573,BBXX0636678,Bandhan Bank,Baramulla,Jammu and Kashmir,P001243,,Rajni Pandey,SAVINGS,2015-11-23,FROZEN,0,MEDIUM
AC001885,1079162926910914,KMBX0338975,Kotak Mahindra Bank,Jaunpur,Uttar Pradesh,P001244,,Velu Pillai,SAVINGS,2022-02-27,FROZEN,0,MEDIUM
AC001886,4527559057500879,IBXX0427181,ICICI Bank,Kurnool,Andhra Pradesh,P001245,,Nirmal Sidhu,SAVINGS,2025-12-20,ACTIVE,0,MEDIUM
AC001887,16788528286865,IFBX0837983,IDFC First Bank,Vijayawada,Andhra Pradesh,P001246,,Sabitri Majumdar,SAVINGS,2014-05-01,FROZEN,0,MEDIUM
AC001888,4233931660861340,UBOI0687434,Union Bank of India,Trichy,Tamil Nadu,P001247,,Wasim Malik,CURRENT,2017-09-19,ACTIVE,0,LOW
AC001889,73061484059,PPBX0620008,Paytm Payments Bank,Raipur,Chhattisgarh,P001248,,Basanti Jena,SAVINGS,2020-02-12,ACTIVE,0,HIGH
AC001890,93815766389,CBXX0981725,Canara Bank,North Goa,Goa,P001249,,Ganesh Pawar,SAVINGS,2021-03-26,ACTIVE,0,LOW
AC001891,17894737467070,PPBX0439060,Paytm Payments Bank,Hyderabad,Telangana,P001250,,Yogendra Shukla,SAVINGS,2015-11-04,ACTIVE,0,MEDIUM
AC001892,368069157628,UBOI0049256,Union Bank of India,Kalaburagi,Karnataka,P001252,,Prakash Nagar,SAVINGS,2021-06-08,ACTIVE,0,LOW
AC001893,86441257530,BOBX0101015,Bank of Baroda,Visakhapatnam,Andhra Pradesh,P001254,,Lekhraj Kashyap,WALLET,2019-10-10,ACTIVE,0,LOW
AC001894,15266074944847,IOBX0285814,Indian Overseas Bank,Bharatpur,Rajasthan,P001255,,Arun Kushwaha,CURRENT,2025-01-02,ACTIVE,0,MEDIUM
AC001895,63815432077,BBXX0413298,Bandhan Bank,Khargone,Madhya Pradesh,P001257,,Vaishnavi Bhoir,CURRENT,2023-10-12,ACTIVE,0,MEDIUM
AC001896,8538801848234251,ABXX0702165,Axis Bank,Visakhapatnam,Andhra Pradesh,P001258,,Subhas Ghosh,OVERDRAFT,2015-09-16,ACTIVE,0,LOW
AC001897,08368265736759,UBOI0795395,Union Bank of India,Ganjam,Odisha,P001259,,Sajitha Pillai,OVERDRAFT,2021-07-13,DORMANT,0,LOW
AC001898,5852351044709892,KVBX0445121,Karur Vysya Bank,Tarn Taran,Punjab,P001260,,Madhuri Salunkhe,SAVINGS,2018-05-27,FROZEN,0,HIGH
AC001899,82434497136,BBXX0531498,Bandhan Bank,Alwar,Rajasthan,P001261,,Sabitri Adhikari,SAVINGS,2017-08-27,ACTIVE,0,MEDIUM
AC001900,40484821676,IFBX0397375,IDFC First Bank,Srinagar,Jammu and Kashmir,P001262,,Rajesh Thakur,SAVINGS,2016-04-20,ACTIVE,0,MEDIUM
AC001901,60009914338,BOBX0512429,Bank of Baroda,Bijapur,Chhattisgarh,P001263,,Priyanka Chavan,SAVINGS,2026-02-23,ACTIVE,0,LOW
AC001902,57736460028,UBOI0097533,Union Bank of India,Bhubaneswar,Odisha,P001264,,Karni Rathore,CURRENT,2016-03-26,ACTIVE,0,LOW
AC001903,15475265118745,FBXX0167025,Federal Bank,Kozhikode,Kerala,P001266,,Sekar Pandian,SAVINGS,2021-12-24,ACTIVE,0,LOW
AC001904,85638842807525,UBOI0456827,Union Bank of India,Bareilly,Uttar Pradesh,P001267,,Reshma Zaidi,OVERDRAFT,2018-12-11,ACTIVE,0,LOW
AC001905,5207062341430141,IBXX0574849,IndusInd Bank,South Goa,Goa,P001268,,Deepa Warrier,SAVINGS,2018-11-22,ACTIVE,0,MEDIUM
AC001906,83593058673,ASFB0718713,AU Small Finance Bank,Nuh,Haryana,P001272,,Girish Hiremath,CURRENT,2017-01-24,FROZEN,0,MEDIUM
AC001907,87980323522849,SBOI0011777,State Bank of India,Jamtara,Jharkhand,P001273,,Mallesh Naidu,SAVINGS,2015-12-09,ACTIVE,0,MEDIUM
AC001908,28326439512,BOIX0759025,Bank of India,Ganjam,Odisha,P001276,,Arif Pathan,WALLET,2018-04-25,ACTIVE,0,MEDIUM
AC001909,20244863353,CBXX0160943,Canara Bank,Baramulla,Jammu and Kashmir,P001277,,Bhavesh Shah,SAVINGS,2022-11-06,ACTIVE,0,LOW
AC001910,19837939254,CBXX0794768,Canara Bank,Bikaner,Rajasthan,P001278,,Imran Hussain,SAVINGS,2020-08-20,CLOSED,0,LOW
AC001911,2578684561868036,KMBX0001800,Kotak Mahindra Bank,Kochi,Kerala,P001279,,Netrapal Baghel,SAVINGS,2017-05-27,FROZEN,0,MEDIUM
AC001912,826707951197,IFBX0432131,IDFC First Bank,Porbandar,Gujarat,P001282,,Nazia Khan,SAVINGS,2019-09-18,ACTIVE,0,HIGH
AC001913,282719450209,KMBX0066285,Kotak Mahindra Bank,Mumbai,Maharashtra,P001283,,Swapnil Naik,WALLET,2016-05-15,ACTIVE,0,LOW
AC001914,2836611306961662,HBXX0332828,HDFC Bank,Kolkata,West Bengal,P001285,,Farida Qureshi,SAVINGS,2017-06-15,ACTIVE,0,LOW
AC001915,90212486146,ABXX0695292,Axis Bank,Karimganj,Assam,P001286,,Poonam Kushwaha,SAVINGS,2022-06-17,ACTIVE,0,MEDIUM
AC001916,531002166841,KMBX0232700,Kotak Mahindra Bank,Churachandpur,Manipur,P001287,,Tanveer Malik,CURRENT,2018-05-04,DORMANT,0,LOW
AC001917,45606045779,IBXX0909440,ICICI Bank,Dhubri,Assam,P001288,,Chhaya Bose,CURRENT,2017-08-14,ACTIVE,0,MEDIUM
AC001918,196227283333,IBXX0250791,IndusInd Bank,North Goa,Goa,P001290,,Baljit Toor,SAVINGS,2022-11-19,ACTIVE,0,LOW
AC001919,81113876077,YBXX0730275,Yes Bank,Malappuram,Kerala,P001291,,Hitesh Thakor,SAVINGS,2021-09-05,ACTIVE,0,LOW
AC001920,97626173361010,SBOI0561347,State Bank of India,Raipur,Chhattisgarh,P001293,,Shanti Gupta,SAVINGS,2020-06-12,DORMANT,0,MEDIUM
AC001921,689421236155,BBXX0390885,Bandhan Bank,Guntur,Andhra Pradesh,P001295,,Gautam Barman,SAVINGS,2017-02-17,FROZEN,0,MEDIUM
AC001922,927842766359,CBXX0480741,Canara Bank,Aurangabad,Maharashtra,P001296,,Elango Naicker,CURRENT,2019-06-15,ACTIVE,0,MEDIUM
AC001923,32645068798,ABXX0873342,Axis Bank,Bhubaneswar,Odisha,P001297,,Abdul Mansuri,SAVINGS,2015-11-17,CLOSED,0,MEDIUM
AC001924,17635235239237,PPBX0689720,Paytm Payments Bank,Hisar,Haryana,P001298,,Harpreet Toor,SAVINGS,2023-04-02,FROZEN,0,LOW
AC001925,448562295943,IOBX0036112,Indian Overseas Bank,Baramulla,Jammu and Kashmir,P001299,,Afsana Saifi,CURRENT,2021-10-24,DORMANT,0,LOW
AC001926,540550738494,IBXX0313565,ICICI Bank,New Delhi,Delhi,P001300,,Rajitha Goud,CURRENT,2020-01-08,ACTIVE,0,LOW
AC001927,02166364606,ASFB0333790,AU Small Finance Bank,Cuttack,Odisha,P001301,,Pandurang Kadam,CURRENT,2013-03-26,FROZEN,0,MEDIUM
AC001928,618557888753,CBXX0343847,Canara Bank,Jalandhar,Punjab,P001303,,Naresh Baghel,OVERDRAFT,2018-03-28,ACTIVE,0,LOW
AC001929,824611605958,FBXX0689175,Federal Bank,Amritsar,Punjab,P001305,,Anwar Chaudhary,CURRENT,2021-01-03,ACTIVE,0,HIGH
AC001930,80484593972,BBXX0977749,Bandhan Bank,Cuttack,Odisha,P001306,,Rajni Bhardwaj,SAVINGS,2017-08-14,ACTIVE,0,HIGH
AC001931,72505054974,BBXX0436870,Bandhan Bank,Tarn Taran,Punjab,P001307,,Biju Nair,SAVINGS,2024-06-13,ACTIVE,0,LOW
AC001932,98312004589,YBXX0709285,Yes Bank,Kurnool,Andhra Pradesh,P001308,,Chandrabhan Shukla,CURRENT,2021-01-12,ACTIVE,0,LOW
AC001933,2010478085644059,KMBX0222328,Kotak Mahindra Bank,Bijapur,Chhattisgarh,P001309,,Abdul Pathan,SAVINGS,2020-11-10,DORMANT,0,MEDIUM
AC001934,6645467169268494,PNBX0064227,Punjab National Bank,Cuttack,Odisha,P001310,,Bikramjit Sekhon,WALLET,2022-08-30,ACTIVE,0,MEDIUM
AC001935,8239910227928034,SBOI0940635,State Bank of India,Malkangiri,Odisha,P001312,,Sreenivasan Kurup,SAVINGS,2017-04-02,FROZEN,0,LOW
AC001936,0669239641234219,YBXX0789323,Yes Bank,Kozhikode,Kerala,P001315,,Laxmi Saini,WALLET,2015-12-12,ACTIVE,0,MEDIUM
AC001937,895857567944,PPBX0894373,Paytm Payments Bank,Nizamabad,Telangana,P001316,,Shanti Dixit,OVERDRAFT,2015-07-01,ACTIVE,0,LOW
AC001938,071048142245,IBXX0967623,ICICI Bank,Nadia,West Bengal,P001317,,Rafiq Khan,SAVINGS,2023-12-16,FROZEN,0,MEDIUM
AC001939,2401269266370822,BOIX0651575,Bank of India,Azamgarh,Uttar Pradesh,P001320,,Rafiq Pathan,CURRENT,2018-07-01,ACTIVE,0,LOW
AC001940,3394279513388443,IOBX0794661,Indian Overseas Bank,New Delhi,Delhi,P001321,,Moumita Das,SAVINGS,2025-06-01,ACTIVE,0,MEDIUM
AC001941,568551622937,BOBX0457967,Bank of Baroda,Alluri Sitharama Raju,Andhra Pradesh,P001325,,Nagaratna Kulkarni,WALLET,2020-06-02,ACTIVE,0,LOW
AC001942,28039474350338,YBXX0630296,Yes Bank,Alluri Sitharama Raju,Andhra Pradesh,P001327,,Hanuman Ranawat,SAVINGS,2014-06-17,ACTIVE,0,LOW
AC001943,12773959728,PNBX0200678,Punjab National Bank,Kannur,Kerala,P001328,,Sanoop Joseph,SAVINGS,2020-03-30,DORMANT,0,LOW
AC001944,482866304821,IBXX0051376,IndusInd Bank,Baramulla,Jammu and Kashmir,P001329,,Firoz Shaikh,CURRENT,2018-02-27,ACTIVE,0,MEDIUM
AC001945,33252988865271,SBOI0368431,State Bank of India,New Delhi,Delhi,P001330,,Kumaraswamy Shetty,SAVINGS,2020-08-23,ACTIVE,0,LOW
AC001946,458912796872,KMBX0830879,Kotak Mahindra Bank,Madurai,Tamil Nadu,P001331,,Sukumar Pal,SAVINGS,2014-04-28,ACTIVE,0,HIGH
AC001947,30156469793200,ASFB0851368,AU Small Finance Bank,Madurai,Tamil Nadu,P001333,,Aparna Sardar,SAVINGS,2020-05-13,ACTIVE,0,HIGH
AC001948,0570223243553142,IFBX0164831,IDFC First Bank,Thrissur,Kerala,P001334,,Ramesh Tomar,CURRENT,2015-07-05,ACTIVE,0,LOW
AC001949,48914846685,IBXX0981491,IndusInd Bank,Jamtara,Jharkhand,P001335,,Manoj Srivastava,CURRENT,2022-01-24,FROZEN,0,MEDIUM
AC001950,60839248496,HBXX0844817,HDFC Bank,Bhubaneswar,Odisha,P001336,,Swapnil Gaikwad,SAVINGS,2018-07-29,FROZEN,0,LOW
AC001951,2699108050844611,CBOI0742171,Central Bank of India,Gurugram,Haryana,P001338,,Meena Dubey,SAVINGS,2013-06-21,FROZEN,0,LOW
AC001952,71170602622858,PNBX0183844,Punjab National Bank,Guntur,Andhra Pradesh,P001339,,Aparna Biswas,CURRENT,2017-08-17,ACTIVE,0,LOW
AC001953,0180101918770897,IBXX0657133,IndusInd Bank,Porbandar,Gujarat,P001340,,Farida Mirza,SAVINGS,2021-08-21,DORMANT,0,MEDIUM
AC001954,4453764745820510,CBXX0144305,Canara Bank,Hisar,Haryana,P001341,,Tapasi Chakraborty,WALLET,2017-07-28,ACTIVE,0,MEDIUM
AC001955,38633033409,IFBX0518413,IDFC First Bank,Guntur,Andhra Pradesh,P001344,,Baljit Sidhu,SAVINGS,2018-10-23,DORMANT,0,LOW
AC001956,33750416608,PPBX0071812,Paytm Payments Bank,Srinagar,Jammu and Kashmir,P001345,,Bimal Halder,SAVINGS,2015-06-18,ACTIVE,0,MEDIUM
AC001957,02725614889,IOBX0596681,Indian Overseas Bank,Kalaburagi,Karnataka,P001347,,Sanoop Kartha,SAVINGS,2016-11-03,CLOSED,0,HIGH
AC001958,646227856634,APBX0161105,Airtel Payments Bank,Raipur,Chhattisgarh,P001349,,Jaswant Sarao,SAVINGS,2018-01-17,ACTIVE,0,HIGH
AC001959,63857470472,SBOI0214521,State Bank of India,Porbandar,Gujarat,P001350,,Arindam Adhikari,SAVINGS,2022-07-17,CLOSED,0,LOW
AC001960,9531851372835856,APBX0434319,Airtel Payments Bank,Baramulla,Jammu and Kashmir,P001352,,Srinivas Prasad,SAVINGS,2023-07-21,FROZEN,0,LOW
AC001961,876862426410,SBOI0945789,State Bank of India,Munger,Bihar,P001353,,Kuni Nayak,SAVINGS,2022-08-11,ACTIVE,0,MEDIUM
AC001962,08587852633558,PPBX0073275,Paytm Payments Bank,Churachandpur,Manipur,P001354,,Sachin Salunkhe,SAVINGS,2025-08-22,ACTIVE,0,HIGH
AC001963,05428832244,IBXX0996228,IndusInd Bank,Faridabad,Haryana,P001355,,Ajay Kashyap,SAVINGS,2015-12-04,ACTIVE,0,HIGH
AC001964,7030964759503952,BBXX0053472,Bandhan Bank,Patna,Bihar,P001357,,Devi Lal Ranawat,SAVINGS,2015-11-12,ACTIVE,0,LOW
AC001965,87145697898,IBXX0917408,ICICI Bank,Raipur,Chhattisgarh,P001359,,Sarita Gupta,SAVINGS,2017-02-06,ACTIVE,0,MEDIUM
AC001966,855870468519,YBXX0646383,Yes Bank,Lucknow,Uttar Pradesh,P001361,,Suman Bhati,SAVINGS,2023-03-14,DORMANT,0,MEDIUM
AC001967,459295419168,BOIX0463153,Bank of India,New Delhi,Delhi,P001362,,Tapasi Sen,CURRENT,2014-05-23,CLOSED,0,HIGH
AC001968,20514090504,YBXX0421888,Yes Bank,North 24 Parganas,West Bengal,P001364,,Hariom Gupta,SAVINGS,2025-03-25,ACTIVE,0,MEDIUM
AC001969,050289705806,KMBX0729853,Kotak Mahindra Bank,Indore,Madhya Pradesh,P001365,,Sujatha Setty,CURRENT,2016-05-28,ACTIVE,0,LOW
AC001970,4081051800433905,APBX0398363,Airtel Payments Bank,Rajkot,Gujarat,P001366,,Sasmita Barik,SAVINGS,2018-01-06,ACTIVE,0,LOW
AC001971,98485538616,PNBX0124553,Punjab National Bank,Jamtara,Jharkhand,P001367,,Temjen Basumatary,SAVINGS,2014-01-27,ACTIVE,0,LOW
AC001972,66408606331280,YBXX0989071,Yes Bank,New Delhi,Delhi,P001369,,Pushpalatha Angadi,CURRENT,2020-02-16,ACTIVE,0,LOW
AC001973,96838935660,IBXX0393941,IndusInd Bank,Nadia,West Bengal,P001370,,Chandrakala Bhat,WALLET,2017-08-30,ACTIVE,0,LOW
AC001974,62868670482,CBOI0962345,Central Bank of India,Raipur,Chhattisgarh,P001371,,Kavita Prajapati,SAVINGS,2018-09-13,ACTIVE,0,MEDIUM
AC001975,16463869353732,BOBX0437081,Bank of Baroda,Siliguri,West Bengal,P001373,,Alpesh Barot,WALLET,2013-02-25,ACTIVE,0,LOW
AC001976,9820885969781733,SBOI0669936,State Bank of India,South Goa,Goa,P001374,,Bhagwati Poonia,CURRENT,2018-05-16,ACTIVE,0,LOW
AC001977,1542766979380862,PPBX0260517,Paytm Payments Bank,Malda,West Bengal,P001375,,Yellaiah Yadav,WALLET,2020-04-29,ACTIVE,0,HIGH
AC001978,90626788948,IBXX0433165,IndusInd Bank,Vadodara,Gujarat,P001378,,Palanisamy Subramanian,SAVINGS,2018-07-21,ACTIVE,0,LOW
AC001979,60483341948,CBXX0418060,Canara Bank,Patna,Bihar,P001379,,Ajay Chauhan,SAVINGS,2026-01-22,ACTIVE,0,HIGH
AC001980,312105113502,BOBX0725510,Bank of Baroda,Nadia,West Bengal,P001381,,Ilango Pillai,SAVINGS,2015-04-13,ACTIVE,0,HIGH
AC001981,2315105078041584,BOBX0834918,Bank of Baroda,Raipur,Chhattisgarh,P001383,,Debashish Halder,SAVINGS,2014-07-20,ACTIVE,0,MEDIUM
AC001982,65135723842,ASFB0492139,AU Small Finance Bank,Ghaziabad,Uttar Pradesh,P001384,,Palash Bose,SAVINGS,2013-02-23,ACTIVE,0,LOW
AC001983,319079927442,PNBX0800888,Punjab National Bank,Ganjam,Odisha,P001385,,Rafiq Rahman,CURRENT,2019-06-15,ACTIVE,0,LOW
AC001984,822418423444,CBXX0675735,Canara Bank,Malkangiri,Odisha,P001386,,Tamilselvi Sundaram,CURRENT,2025-11-21,ACTIVE,0,MEDIUM
AC001985,9177677569133201,CBXX0613703,Canara Bank,Chennai,Tamil Nadu,P001387,,Arun Yadav,SAVINGS,2016-02-13,ACTIVE,0,LOW
AC001986,24653255778,IFBX0450670,IDFC First Bank,Sonipat,Haryana,P001388,,Haroon Rahman,CURRENT,2013-08-22,ACTIVE,0,LOW
AC001987,45684514544,BBXX0118716,Bandhan Bank,Bengaluru,Karnataka,P001389,,Kishan Shekhawat,CURRENT,2023-07-22,ACTIVE,0,MEDIUM
AC001988,61181652542692,CBXX0565008,Canara Bank,Kochi,Kerala,P001391,,Ramkali Prajapati,WALLET,2018-01-06,ACTIVE,0,LOW
AC001989,02274794391899,CBOI0467036,Central Bank of India,Kurnool,Andhra Pradesh,P001392,,Kamla Thakur,CURRENT,2015-06-02,ACTIVE,0,LOW
AC001990,50774202513,ASFB0026293,AU Small Finance Bank,Murshidabad,West Bengal,P001394,,Saravanan Gounder,SAVINGS,2016-02-12,ACTIVE,0,LOW
AC001991,862012046461,FBXX0288572,Federal Bank,Vijayawada,Andhra Pradesh,P001395,,Satish Pandey,SAVINGS,2013-03-13,ACTIVE,0,MEDIUM
AC001992,09767988436550,CBOI0996189,Central Bank of India,Srinagar,Jammu and Kashmir,P001399,,Rachhpal Mann,SAVINGS,2016-09-17,ACTIVE,0,LOW
AC001993,2536423018924485,PNBX0385536,Punjab National Bank,Thrissur,Kerala,P001400,,Sudha Bhadauria,SAVINGS,2019-09-13,ACTIVE,0,LOW
AC001994,86944474006756,ASFB0151350,AU Small Finance Bank,Chennai,Tamil Nadu,P001401,,Aparna Gayen,SAVINGS,2016-04-28,DORMANT,0,HIGH
AC001995,5890304964519864,CBXX0363778,Canara Bank,Jaipur,Rajasthan,P001402,,Falguni Bhatt,SAVINGS,2020-05-23,CLOSED,0,LOW
AC001996,77304206199,APBX0551971,Airtel Payments Bank,Amritsar,Punjab,P001403,,Ratheesh Varghese,SAVINGS,2025-05-26,DORMANT,0,MEDIUM
AC001997,792161362364,FBXX0532426,Federal Bank,Prayagraj,Uttar Pradesh,P001404,,Vijaya Setty,SAVINGS,2021-03-07,ACTIVE,0,LOW
AC001998,693589802966,UBOI0281681,Union Bank of India,Siwan,Bihar,P001405,,Nagesh Angadi,OVERDRAFT,2021-03-07,ACTIVE,0,LOW
AC001999,5880448332312137,ABXX0475031,Axis Bank,Guntur,Andhra Pradesh,P001406,,Mahesh Rathore,OVERDRAFT,2015-03-22,ACTIVE,0,LOW
AC002000,786418555212,KVBX0166986,Karur Vysya Bank,Baramulla,Jammu and Kashmir,P001407,,Bikash Majumdar,CURRENT,2021-05-27,ACTIVE,0,HIGH
AC002001,149769467082,YBXX0731387,Yes Bank,Haridwar,Uttarakhand,P001409,,Ashfaq Hussain,CURRENT,2018-09-28,ACTIVE,0,MEDIUM
AC002002,50044814164,BOBX0718248,Bank of Baroda,Bijapur,Chhattisgarh,P001410,,Sanjay Yadav,CURRENT,2014-03-23,ACTIVE,0,LOW
AC002003,910007408252,ASFB0862937,AU Small Finance Bank,Bijapur,Chhattisgarh,P001411,,Clara Almeida,SAVINGS,2025-03-27,ACTIVE,0,LOW
AC002004,71635609707,PNBX0804222,Punjab National Bank,Churachandpur,Manipur,P001412,,Savita Saini,SAVINGS,2013-10-24,ACTIVE,0,MEDIUM
AC002005,05635538286710,ASFB0456191,AU Small Finance Bank,Amritsar,Punjab,P001413,,Nilesh Deshmukh,OVERDRAFT,2013-01-31,ACTIVE,0,LOW
AC002006,427172350190,YBXX0603212,Yes Bank,Ganjam,Odisha,P001414,,Sujoy Bose,SAVINGS,2018-05-10,ACTIVE,0,LOW
AC002007,305014406009,IBXX0745878,ICICI Bank,Bhopal,Madhya Pradesh,P001415,,Poongodi Muthusamy,SAVINGS,2020-01-19,CLOSED,0,LOW
AC002008,08058581122858,BOBX0338739,Bank of Baroda,Churachandpur,Manipur,P001416,,Kannan Pillai,SAVINGS,2016-11-27,CLOSED,0,LOW
AC002009,637452071606,IOBX0814170,Indian Overseas Bank,North Goa,Goa,P001417,,Bhagaban Mohanty,SAVINGS,2023-11-18,FROZEN,0,LOW
AC002010,922224741858,IOBX0231241,Indian Overseas Bank,Malda,West Bengal,P001418,,Dinesh Srivastava,SAVINGS,2025-08-09,ACTIVE,0,LOW
AC002011,568893324943,CBXX0404382,Canara Bank,Nuh,Haryana,P001420,,Rupa Halder,WALLET,2024-03-17,ACTIVE,0,LOW
AC002012,83027877232644,BOBX0295399,Bank of Baroda,Kannur,Kerala,P001421,,Sukumar Pal,CURRENT,2023-12-27,FROZEN,0,LOW
AC002013,3893214947957441,IBXX0425220,ICICI Bank,Kalaburagi,Karnataka,P001422,,Sukhdev Kang,SAVINGS,2025-10-09,ACTIVE,0,LOW
AC002014,724555148033,CBXX0535040,Canara Bank,Bijapur,Chhattisgarh,P001423,,Vidyawati Verma,SAVINGS,2020-08-27,ACTIVE,0,LOW
AC002015,5105200229390560,BOIX0803912,Bank of India,Nizamabad,Telangana,P001424,,Nathu Ranawat,SAVINGS,2020-05-29,DORMANT,0,LOW
AC002016,44475395885967,SBOI0937825,State Bank of India,Malappuram,Kerala,P001425,,Shyamlal Saini,CURRENT,2023-12-24,DORMANT,0,HIGH
AC002017,31628816055,APBX0362821,Airtel Payments Bank,Vadodara,Gujarat,P001426,,Falguni Patel,WALLET,2022-12-25,ACTIVE,0,LOW
AC002018,50139431880,UBOI0684157,Union Bank of India,Kanpur,Uttar Pradesh,P001427,,Amol Dalvi,CURRENT,2014-04-15,ACTIVE,0,MEDIUM
AC002019,50193115852979,HBXX0514407,HDFC Bank,Pune,Maharashtra,P001428,,Sheryl Pereira,OVERDRAFT,2016-10-11,FROZEN,0,MEDIUM
AC002020,11315202330,PNBX0430727,Punjab National Bank,New Delhi,Delhi,P001430,,Rajendran Naicker,CURRENT,2025-07-22,ACTIVE,0,HIGH
AC002021,256620440482,PNBX0980798,Punjab National Bank,South Goa,Goa,P001433,,Reshma Idrisi,CURRENT,2014-10-24,DORMANT,0,LOW
AC002022,39064736065,IOBX0716456,Indian Overseas Bank,Chennai,Tamil Nadu,P001434,,Triloki Singh,SAVINGS,2015-07-05,DORMANT,0,LOW
AC002023,5458859207170471,KVBX0603931,Karur Vysya Bank,Baramulla,Jammu and Kashmir,P001436,,Alpesh Shah,SAVINGS,2019-07-05,ACTIVE,0,HIGH
AC002024,84872584532,ABXX0769451,Axis Bank,Cuttack,Odisha,P001437,,Prabhakar Naidu,CURRENT,2019-06-14,ACTIVE,0,MEDIUM
AC002025,9522063028010044,ASFB0064128,AU Small Finance Bank,Bijapur,Chhattisgarh,P001438,,Mallesh Rao,CURRENT,2025-01-02,DORMANT,0,MEDIUM
AC002026,809545845063,IOBX0120512,Indian Overseas Bank,Baramulla,Jammu and Kashmir,P001439,,Shabana Farooqui,SAVINGS,2013-04-19,DORMANT,0,HIGH
AC002027,21136957923422,BOIX0289822,Bank of India,Coimbatore,Tamil Nadu,P001441,,Javed Shaikh,SAVINGS,2020-10-10,ACTIVE,0,LOW
AC002028,605229035693,APBX0526271,Airtel Payments Bank,New Delhi,Delhi,P001442,,Bhavna Barot,CURRENT,2022-07-30,ACTIVE,0,LOW
AC002029,91960111012,KVBX0931222,Karur Vysya Bank,Bengaluru,Karnataka,P001443,,Srinivas Varma,SAVINGS,2023-06-29,DORMANT,0,MEDIUM
AC002030,95695876495943,PPBX0429270,Paytm Payments Bank,Deoghar,Jharkhand,P001445,,Jyoti Solanki,SAVINGS,2026-03-29,DORMANT,0,LOW
AC002031,5674384015233064,APBX0300648,Airtel Payments Bank,Patna,Bihar,P001446,,Jayan Achari,CURRENT,2019-05-25,ACTIVE,0,MEDIUM
AC002032,19007981028262,SBOI0304932,State Bank of India,Porbandar,Gujarat,P001447,,Tanaji Gaikwad,CURRENT,2020-08-15,ACTIVE,0,MEDIUM
AC002033,387325353363,YBXX0415050,Yes Bank,Ahmedabad,Gujarat,P001448,,Reshma Chaudhary,SAVINGS,2014-07-30,ACTIVE,0,LOW
AC002034,1677860575115139,CBOI0066237,Central Bank of India,Haridwar,Uttarakhand,P001449,,Swapan Bose,CURRENT,2016-04-15,ACTIVE,0,LOW
AC002035,03911873266531,BOIX0619350,Bank of India,Kolkata,West Bengal,P001450,,Chitra Chettiar,SAVINGS,2024-12-27,ACTIVE,0,LOW
AC002036,89322135590,BBXX0545598,Bandhan Bank,South Goa,Goa,P001451,,Sindhu Panicker,CURRENT,2019-03-23,ACTIVE,0,MEDIUM
AC002037,57018218968437,APBX0594226,Airtel Payments Bank,Kurnool,Andhra Pradesh,P001453,,Unnikrishnan Achari,CURRENT,2024-12-05,ACTIVE,0,LOW
AC002038,1479499209778815,KMBX0104452,Kotak Mahindra Bank,Jalandhar,Punjab,P001454,,Chitra Kurup,SAVINGS,2016-08-29,DORMANT,0,MEDIUM
AC002039,195549687712,HBXX0289325,HDFC Bank,Bengaluru,Karnataka,P001455,,Kesar Jhala,SAVINGS,2020-10-09,ACTIVE,0,MEDIUM
AC002040,3617418924260214,PPBX0871320,Paytm Payments Bank,Patna,Bihar,P001456,,Hanumanthappa Kamath,SAVINGS,2016-08-06,ACTIVE,0,MEDIUM
AC002041,09673208249319,BBXX0618135,Bandhan Bank,Jaipur,Rajasthan,P001457,,Nepal Biswas,SAVINGS,2021-03-24,ACTIVE,0,HIGH
AC002042,59507333562,ASFB0176826,AU Small Finance Bank,Mumbai,Maharashtra,P001459,,Sujatha Yadav,SAVINGS,2021-06-05,ACTIVE,0,LOW
AC002043,88012884590,ABXX0860430,Axis Bank,Ahmedabad,Gujarat,P001460,,Nilesh Jadhav,SAVINGS,2025-04-29,ACTIVE,0,MEDIUM
AC002044,59888456897,ASFB0206668,AU Small Finance Bank,Kochi,Kerala,P001462,,Shyamlal Awasthi,SAVINGS,2018-04-25,ACTIVE,0,MEDIUM
AC002045,27004285211,CBXX0680180,Canara Bank,North Goa,Goa,P001463,,Sudheer Menon,SAVINGS,2017-11-21,ACTIVE,0,MEDIUM
AC002046,4329660460138855,ABXX0939209,Axis Bank,Dehradun,Uttarakhand,P001464,,Sathish Sharma,WALLET,2021-02-01,ACTIVE,0,LOW
AC002047,30070359361,UBOI0856479,Union Bank of India,Murshidabad,West Bengal,P001465,,Afsana Mirza,CURRENT,2024-02-18,ACTIVE,0,LOW
AC002048,556252197616,ASFB0542034,AU Small Finance Bank,Bikaner,Rajasthan,P001466,,Afsana Shaikh,SAVINGS,2025-02-13,ACTIVE,0,LOW
AC002049,83185817780,APBX0285600,Airtel Payments Bank,Ballari,Karnataka,P001468,,Arun Prajapati,SAVINGS,2017-12-30,ACTIVE,0,MEDIUM
AC002050,380426410105,SBOI0939235,State Bank of India,New Delhi,Delhi,P001471,,Sudarshan Swain,SAVINGS,2023-05-20,ACTIVE,0,LOW
AC002051,36077275170058,IBXX0829167,ICICI Bank,Karimganj,Assam,P001472,,Karthik Mudaliar,SAVINGS,2021-02-23,ACTIVE,0,HIGH
AC002052,8742415093772920,IFBX0205708,IDFC First Bank,Cuttack,Odisha,P001474,,Joseph Almeida,SAVINGS,2021-04-04,ACTIVE,0,LOW
AC002053,06999247871,BBXX0559620,Bandhan Bank,Bijapur,Chhattisgarh,P001476,,Sandip Patil,CURRENT,2017-02-06,DORMANT,0,LOW
AC002054,514130525764,YBXX0431835,Yes Bank,Ahmedabad,Gujarat,P001477,,Chhaya Bhattacharya,CURRENT,2015-11-25,ACTIVE,0,LOW
AC002055,20929977550,ASFB0896552,AU Small Finance Bank,Jaipur,Rajasthan,P001479,,Jaswant Sandhu,SAVINGS,2014-03-17,ACTIVE,0,LOW
AC002056,902284921672,CBXX0781949,Canara Bank,Bathinda,Punjab,P001481,,Vaishnavi Gaikwad,SAVINGS,2021-12-08,ACTIVE,0,MEDIUM
AC002057,287938513910,UBOI0303583,Union Bank of India,Vijayawada,Andhra Pradesh,P001483,,Udaiveer Sengar,SAVINGS,2017-10-02,ACTIVE,0,MEDIUM
AC002058,891918589345,FBXX0351780,Federal Bank,Jamtara,Jharkhand,P001484,,Sukhdev Dhillon,SAVINGS,2020-08-26,ACTIVE,0,LOW
AC002059,62631982701,KVBX0571755,Karur Vysya Bank,Chennai,Tamil Nadu,P001485,,Farida Sheikh,WALLET,2017-09-16,ACTIVE,0,MEDIUM
AC002060,1762566616252027,CBOI0567995,Central Bank of India,Surat,Gujarat,P001486,,Netrapal Bhardwaj,CURRENT,2016-01-11,ACTIVE,0,LOW
AC002061,626918798640,IOBX0157830,Indian Overseas Bank,Kolkata,West Bengal,P001487,,Amol Mhatre,SAVINGS,2015-07-05,ACTIVE,0,MEDIUM
AC002062,8271724940824707,UBOI0099138,Union Bank of India,Nuh,Haryana,P001488,,Manpreet Bains,SAVINGS,2025-04-28,ACTIVE,0,LOW
AC002063,04934081139,BOBX0118196,Bank of Baroda,Aurangabad,Maharashtra,P001489,,Narsimha Prasad,SAVINGS,2014-07-30,ACTIVE,0,LOW
AC002064,862272676092,IBXX0477291,IndusInd Bank,Bijapur,Chhattisgarh,P001490,,Renuka Kulkarni,WALLET,2015-05-22,DORMANT,0,MEDIUM
AC002065,44870110553623,BOBX0686633,Bank of Baroda,Jaipur,Rajasthan,P001491,,Shabana Siddiqui,SAVINGS,2025-11-10,ACTIVE,0,MEDIUM
AC002066,09738171491495,CBOI0779646,Central Bank of India,Trichy,Tamil Nadu,P001492,,Basanti Dash,SAVINGS,2013-10-02,ACTIVE,0,LOW
AC002067,15293192146603,PPBX0153876,Paytm Payments Bank,Bijapur,Chhattisgarh,P001493,,Nitin Jadhav,CURRENT,2017-12-12,ACTIVE,0,LOW
AC002068,9567223909062373,SBOI0890154,State Bank of India,Dehradun,Uttarakhand,P001497,,Deepak Singh,SAVINGS,2019-04-20,DORMANT,0,MEDIUM
AC002069,63071692122,UBOI0688201,Union Bank of India,Raipur,Chhattisgarh,P001498,,Selvam Chettiar,SAVINGS,2024-10-29,FROZEN,0,LOW
AC002070,418650227290,FBXX0035432,Federal Bank,Hisar,Haryana,P001499,,Palash Adhikari,WALLET,2022-07-26,ACTIVE,0,LOW
AC002071,867364840700,IBXX0776029,IndusInd Bank,New Delhi,Delhi,P001500,,Salim Qureshi,SAVINGS,2024-06-30,ACTIVE,0,LOW
