incident_id,fir_no,case_id,crime_type,ipc_section,bns_section,severity,bailable,ps_id,ps_name,location_id,area,city,state,latitude,longitude,incident_datetime,reported_datetime,investigating_agency,syndicate_id,syndicate_code,status,loss_or_value_inr,n_accused,source_reliability
INC000001,150/2026,CASE000095,CHEATING_FRAUD,420,318(4),5,1,PS000040,Barauni Police Station,LOC000040,Barauni,Begusarai,Bihar,25.42198,86.12977,2026-05-13T02:02,2026-05-13T17:02,Railway Protection Force,ORG000008,SYN-VEH,UNDER_INVESTIGATION,828347,3,C
INC000002,347/2023,CASE000104,SMUGGLING_CUSTOMS,Customs Act 135,-,5,1,PS000093,Vyasarpadi Police Station,LOC000093,Vyasarpadi,Chennai,Tamil Nadu,13.12274,80.24524,2023-06-25T23:30,2023-06-28T13:30,Income Tax Investigation Wing,ORG000004,SYN-HAW,UNDER_INVESTIGATION,10877833,2,A
INC000003,398/2026,CASE000135,FICN_COUNTERFEIT,489B/489C,179,8,0,PS000040,Barauni Police Station,LOC000040,Barauni,Begusarai,Bihar,25.42198,86.12977,2026-02-28T09:05,2026-03-01T14:05,Narcotics Control Bureau,ORG000009,SYN-FIC,CHARGESHEETED,635121565,1,B
INC000004,531/2023,CASE000107,CHEATING_FRAUD,420,318(4),5,1,PS000019,Najafgarh Police Station,LOC000019,Najafgarh,New Delhi,Delhi,28.61304,77.01367,2023-02-26T05:00,2023-02-28T02:00,State Police - Crime Branch,ORG000006,SYN-TRF,CONVICTED,17231232,2,D
INC000005,729/2025,CASE000144,ORGANISED_CRIME,MCOCA 3(1),111,10,0,PS000001,Dongri Police Station,LOC000001,Dongri,Mumbai,Maharashtra,18.96279,72.8275,2025-04-07T10:20,2025-04-09T21:20,Economic Offences Wing,ORG000007,SYN-ARM,UNTRACED,0,5,A
INC000006,310/2022,CASE000035,FORGERY,465/468,336(3),4,1,PS000016,Seelampur Police Station,LOC000016,Seelampur,New Delhi,Delhi,28.67711,77.27533,2022-12-07T21:01,2022-12-08T11:01,Anti-Narcotics Cell,,UNAFFILIATED,UNDER_INVESTIGATION,0,3,A
INC000007,255/2025,CASE000144,ARMS_ACT,Arms Act 25/27,-,6,0,PS000035,Kadamkuan Police Station,LOC000035,Kadamkuan,Patna,Bihar,25.62537,85.1468,2025-06-25T04:35,2025-06-27T09:35,Economic Offences Wing,ORG000007,SYN-ARM,CONVICTED,0,3,B
INC000008,699/2023,CASE000113,CHEATING_FRAUD,420,318(4),5,1,PS000055,Khalra Police Station,LOC000055,Khalra,Tarn Taran,Punjab,31.44862,74.56847,2023-06-11T14:43,2023-06-11T22:43,State Police - Crime Branch,ORG000008,SYN-VEH,ACQUITTED,980217012,5,D
INC000009,066/2025,CASE000018,CHEATING_FRAUD,420,318(4),5,1,PS000102,Afzalpur Police Station,LOC000102,Afzalpur,Kalaburagi,Karnataka,17.20729,76.36952,2025-04-09T02:12,2025-04-10T21:12,Economic Offences Wing,,UNAFFILIATED,UNDER_INVESTIGATION,11455423,2,C
INC000010,142/2019,CASE000046,ATTEMPT_TO_MURDER,307,109,8,0,PS000096,Ukkadam Police Station,LOC000096,Ukkadam,Coimbatore,Tamil Nadu,10.99091,76.96669,2019-10-24T01:37,2019-10-25T10:37,Income Tax Investigation Wing,ORG000005,SYN-MIN,UNTRACED,0,4,B
INC000011,824/2025,CASE000043,ATTEMPT_TO_MURDER,307,109,8,0,PS000029,Rajghat Police Station,LOC000029,Rajghat,Gorakhpur,Uttar Pradesh,26.76019,83.36182,2025-04-09T14:26,2025-04-10T23:26,Enforcement Directorate,ORG000005,SYN-MIN,CONVICTED,0,4,B
INC000012,179/2025,CASE000086,KIDNAP_FOR_RANSOM,364A,140(2),9,0,PS000075,Gondal Police Station,LOC000075,Gondal,Rajkot,Gujarat,21.95838,70.80167,2025-09-26T21:53,2025-09-27T01:53,State Police - Crime Branch,,UNAFFILIATED,UNDER_INVESTIGATION,9152243,2,B
INC000013,129/2026,CASE000140,ARMS_ACT,Arms Act 25/27,-,6,0,PS000050,Jalangi Police Station,LOC000050,Jalangi,Murshidabad,West Bengal,24.11042,88.40108,2026-03-02T20:07,2026-03-04T13:07,Narcotics Control Bureau,ORG000013,SYN-KDN,ACQUITTED,0,2,B
INC000014,315/2025,CASE000099,CRIMINAL_CONSPIRACY,120B,61(2),5,0,PS000115,Sutarkandi Police Station,LOC000115,Sutarkandi,Karimganj,Assam,24.87968,92.34231,2025-09-05T18:20,2025-09-05T20:20,Cyber Crime Cell,ORG000009,SYN-FIC,CHARGESHEETED,0,3,C
INC000015,414/2024,CASE000153,DACOITY,395,310(2),8,0,PS000041,Khajanchi Hat Police Station,LOC000041,Khajanchi Hat,Purnia,Bihar,25.78858,87.47757,2024-10-02T21:10,2024-10-05T01:10,Railway Protection Force,,UNAFFILIATED,UNDER_INVESTIGATION,7267224,2,D
INC000016,893/2024,CASE000023,KIDNAP_FOR_RANSOM,364A,140(2),9,0,PS000046,Bengabad Police Station,LOC000046,Bengabad,Giridih,Jharkhand,24.1853,86.30745,2024-01-22T11:47,2024-01-22T19:47,State Police - Crime Branch,ORG000013,SYN-KDN,UNTRACED,34618600,3,D
INC000017,737/2025,CASE000017,ARMS_ACT,Arms Act 25/27,-,6,0,PS000011,Kamptee Police Station,LOC000011,Kamptee,Nagpur,Maharashtra,21.22695,79.19707,2025-11-25T03:41,2025-11-25T10:41,Directorate of Revenue Intelligence,ORG000010,SYN-GAN,CHARGESHEETED,0,3,D
INC000018,096/2023,CASE000107,FORGERY,465/468,336(3),4,1,PS000061,Sohna Police Station,LOC000061,Sohna,Gurugram,Haryana,28.25004,77.06581,2023-07-12T04:43,2023-07-14T08:43,State Police - Crime Branch,ORG000006,SYN-TRF,UNTRACED,0,4,A
INC000019,414/2024,CASE000067,SMUGGLING_CUSTOMS,Customs Act 135,-,5,1,PS000113,Paltan Bazaar Police Station,LOC000113,Paltan Bazaar,Guwahati,Assam,26.17357,91.75925,2024-01-11T23:30,2024-01-12T22:30,State Intelligence Department,ORG000009,SYN-FIC,CHARGESHEETED,1334702,3,B
INC000020,715/2020,CASE000155,NDPS_TRAFFICKING,NDPS 21(c)/29,-,9,0,PS000067,Chomu Police Station,LOC000067,Chomu,Jaipur,Rajasthan,27.16846,75.72915,2020-03-28T14:42,2020-03-30T09:42,Anti-Narcotics Cell,ORG000002,SYN-HER,UNTRACED,123967479,1,D
INC000021,670/2024,CASE000049,CHEATING_FRAUD,420,318(4),5,1,PS000076,Karelibaug Police Station,LOC000076,Karelibaug,Vadodara,Gujarat,22.32869,73.19409,2024-12-01T15:58,2024-12-03T12:58,Border Security Force - Intel,ORG000004,SYN-HAW,UNTRACED,22418260,2,C
INC000022,530/2026,CASE000071,CHEATING_FRAUD,420,318(4),5,1,PS000035,Kadamkuan Police Station,LOC000035,Kadamkuan,Patna,Bihar,25.62537,85.1468,2026-06-09T17:12,2026-06-11T02:12,State Police - Crime Branch,ORG000006,SYN-TRF,UNDER_INVESTIGATION,1156656,2,D
INC000023,748/2024,CASE000068,ILLEGAL_MINING,MMDR 21(1),-,4,1,PS000081,Mehgaon Police Station,LOC000081,Mehgaon,Bhind,Madhya Pradesh,26.49265,78.62698,2024-08-27T10:47,2024-08-27T16:47,Special Task Force (STF),ORG000005,SYN-MIN,CONVICTED,0,2,C
INC000024,680/2025,CASE000037,BETTING_GAMBLING,Gambling Act 3/4,-,2,1,PS000104,Mattancherry Police Station,LOC000104,Mattancherry,Kochi,Kerala,9.96365,76.25723,2025-04-03T09:07,2025-04-05T07:07,Special Task Force (STF),,UNAFFILIATED,UNDER_INVESTIGATION,30518604,3,C
INC000025,801/2024,CASE000060,FORGERY,465/468,336(3),4,1,PS000067,Chomu Police Station,LOC000067,Chomu,Jaipur,Rajasthan,27.16846,75.72915,2024-11-23T01:01,2024-11-24T08:01,Enforcement Directorate,ORG000008,SYN-VEH,UNDER_INVESTIGATION,0,4,B
INC000026,326/2025,CASE000077,MONEY_LAUNDERING,PMLA 3/4,-,7,0,PS000045,Hatia Police Station,LOC000045,Hatia,Ranchi,Jharkhand,23.30257,85.31951,2025-07-12T01:07,2025-07-13T14:07,Enforcement Directorate,ORG000011,SYN-PON,UNDER_INVESTIGATION,2731892041,2,C
INC000027,706/2024,CASE000121,SMUGGLING_CUSTOMS,Customs Act 135,-,5,1,PS000087,Bodhan Police Station,LOC000087,Bodhan,Nizamabad,Telangana,18.66779,77.89485,2024-08-22T11:18,2024-08-23T14:18,Income Tax Investigation Wing,ORG000004,SYN-HAW,ACQUITTED,1963018,3,D
INC000028,390/2022,CASE000151,ORGANISED_CRIME,MCOCA 3(1),111,10,0,PS000094,Kodungaiyur Police Station,LOC000094,Kodungaiyur,Chennai,Tamil Nadu,13.13103,80.23855,2022-04-11T16:45,2022-04-13T13:45,Income Tax Investigation Wing,,UNAFFILIATED,CONVICTED,0,3,D
INC000029,544/2025,CASE000058,NDPS_POSSESSION,NDPS 22(b),-,5,0,PS000090,Mangalagiri Police Station,LOC000090,Mangalagiri,Guntur,Andhra Pradesh,16.43011,80.55502,2025-05-31T15:53,2025-06-02T14:53,Narcotics Control Bureau,ORG000010,SYN-GAN,CHARGESHEETED,0,2,B
INC000030,790/2025,CASE000024,CRIMINAL_CONSPIRACY,120B,61(2),5,0,PS000015,Chandni Chowk Police Station,LOC000015,Chandni Chowk,New Delhi,Delhi,28.65923,77.23546,2025-08-17T02:40,2025-08-19T20:40,Railway Protection Force,ORG000001,SYN-EXT,UNTRACED,0,3,C
INC000031,418/2023,CASE000103,VEHICLE_THEFT,379/411,303(2),3,1,PS000022,Paharganj Police Station,LOC000022,Paharganj,New Delhi,Delhi,28.64769,77.22086,2023-04-09T05:51,2023-04-11T04:51,Special Task Force (STF),ORG000008,SYN-VEH,ACQUITTED,0,2,A
INC000032,743/2024,CASE000086,KIDNAP_FOR_RANSOM,364A,140(2),9,0,PS000021,Sangam Vihar Police Station,LOC000021,Sangam Vihar,New Delhi,Delhi,28.48827,77.23159,2024-09-29T03:03,2024-09-30T03:03,State Police - Crime Branch,,UNAFFILIATED,UNDER_INVESTIGATION,33415603,2,C
INC000033,086/2022,CASE000038,EXTORTION,384/387,308,6,0,PS000005,Andheri Police Station,LOC000005,Andheri,Mumbai,Maharashtra,19.11407,72.84691,2022-06-13T15:03,2022-06-15T22:03,Directorate of Revenue Intelligence,ORG000001,SYN-EXT,UNDER_INVESTIGATION,43338728,1,C
INC000034,693/2025,CASE000137,WILDLIFE_TRAFFICKING,WLPA 51,-,6,0,PS000051,Bongaon Police Station,LOC000051,Bongaon,North 24 Parganas,West Bengal,23.07416,88.81118,2025-12-19T13:24,2025-12-20T18:24,Anti-Terrorism Squad (ATS),ORG000015,SYN-WLD,CHARGESHEETED,185413702,1,B
INC000035,299/2023,CASE000066,LAND_GRABBING,441/447,329,4,1,PS000009,Yerwada Police Station,LOC000009,Yerwada,Pune,Maharashtra,18.54781,73.88111,2023-10-17T08:48,2023-10-19T19:48,Narcotics Control Bureau,ORG000001,SYN-EXT,CHARGESHEETED,0,3,A
INC000036,614/2023,CASE000008,CRIMINAL_CONSPIRACY,120B,61(2),5,0,PS000095,Melur Police Station,LOC000095,Melur,Madurai,Tamil Nadu,10.02224,78.3489,2023-01-19T07:36,2023-01-20T04:36,Directorate of Revenue Intelligence,ORG000010,SYN-GAN,UNTRACED,0,3,C
INC000037,460/2025,CASE000034,LAND_GRABBING,441/447,329,4,1,PS000020,Nangloi Police Station,LOC000020,Nangloi,New Delhi,Delhi,28.68418,77.06042,2025-12-05T01:18,2025-12-06T16:18,Enforcement Directorate,ORG000001,SYN-EXT,CHARGESHEETED,0,1,D
INC000038,805/2025,CASE000077,CHEATING_FRAUD,420,318(4),5,1,PS000048,Rajabazar Police Station,LOC000048,Rajabazar,Kolkata,West Bengal,22.57998,88.37543,2025-05-27T02:44,2025-05-28T17:44,Enforcement Directorate,ORG000011,SYN-PON,CHARGESHEETED,2752808671,2,B
INC000039,588/2025,CASE000070,CRIMINAL_CONSPIRACY,120B,61(2),5,0,PS000058,Nakodar Police Station,LOC000058,Nakodar,Jalandhar,Punjab,31.1138,75.47897,2025-05-01T22:17,2025-05-04T12:17,Special Task Force (STF),ORG000002,SYN-HER,CHARGESHEETED,0,2,B
INC000040,523/2026,CASE000129,ORGANISED_CRIME,MCOCA 3(1),111,10,0,PS000100,Yeshwanthpur Police Station,LOC000100,Yeshwanthpur,Bengaluru,Karnataka,13.02634,77.54707,2026-02-09T21:08,2026-02-10T14:08,Enforcement Directorate,,UNAFFILIATED,UNDER_INVESTIGATION,0,3,B
INC000041,235/2023,CASE000100,NDPS_POSSESSION,NDPS 22(b),-,5,0,PS000085,Chandrayangutta Police Station,LOC000085,Chandrayangutta,Hyderabad,Telangana,17.33336,78.49109,2023-10-04T02:58,2023-10-04T20:58,Special Task Force (STF),ORG000010,SYN-GAN,UNTRACED,0,1,A
INC000042,398/2021,CASE000025,CHEATING_FRAUD,420,318(4),5,1,PS000017,Jamia Nagar Police Station,LOC000017,Jamia Nagar,New Delhi,Delhi,28.55756,77.28271,2021-09-23T03:22,2021-09-24T19:22,Income Tax Investigation Wing,ORG000003,SYN-CYB,CONVICTED,8943728,2,A
INC000043,848/2025,CASE000013,MONEY_LAUNDERING,PMLA 3/4,-,7,0,PS000073,Mundra Police Station,LOC000073,Mundra,Kutch,Gujarat,22.83708,69.72983,2025-03-13T20:52,2025-03-16T17:52,Anti-Terrorism Squad (ATS),ORG000012,SYN-BET,UNTRACED,34640420,3,B
INC000044,598/2026,CASE000004,MURDER,302,103(1),10,0,PS000016,Seelampur Police Station,LOC000016,Seelampur,New Delhi,Delhi,28.67711,77.27533,2026-05-11T16:57,2026-05-12T23:57,Directorate of Revenue Intelligence,ORG000013,SYN-KDN,UNDER_INVESTIGATION,0,2,D
INC000045,519/2021,CASE000151,ORGANISED_CRIME,MCOCA 3(1),111,10,0,PS000019,Najafgarh Police Station,LOC000019,Najafgarh,New Delhi,Delhi,28.61304,77.01367,2021-03-20T13:35,2021-03-22T10:35,Income Tax Investigation Wing,,UNAFFILIATED,CHARGESHEETED,0,1,B
INC000046,799/2025,CASE000098,MURDER,302,103(1),10,0,PS000052,Matigara Police Station,LOC000052,Matigara,Siliguri,West Bengal,26.72719,88.37142,2025-01-04T03:51,2025-01-05T09:51,Special Task Force (STF),ORG000007,SYN-ARM,UNDER_INVESTIGATION,0,5,C
INC000047,627/2025,CASE000092,EXTORTION,384/387,308,6,0,PS000097,Palayamkottai Police Station,LOC000097,Palayamkottai,Tirunelveli,Tamil Nadu,8.7186,77.73084,2025-07-11T11:03,2025-07-13T01:03,Central Bureau of Investigation,ORG000005,SYN-MIN,CHARGESHEETED,10121378,4,B
INC000048,678/2025,CASE000146,MONEY_LAUNDERING,PMLA 3/4,-,7,0,PS000035,Kadamkuan Police Station,LOC000035,Kadamkuan,Patna,Bihar,25.62537,85.1468,2025-06-22T10:32,2025-06-24T12:32,Railway Protection Force,ORG000011,SYN-PON,CHARGESHEETED,128886,3,A
INC000049,091/2023,CASE000096,MONEY_LAUNDERING,PMLA 3/4,-,7,0,PS000084,Kukatpally Police Station,LOC000084,Kukatpally,Hyderabad,Telangana,17.48623,78.40974,2023-01-21T13:30,2023-01-21T22:30,Economic Offences Wing,ORG000004,SYN-HAW,ACQUITTED,467156,7,D
INC000050,369/2025,CASE000139,CHIT_FUND_PONZI,BUDS Act 21,318(4),6,1,PS000035,Kadamkuan Police Station,LOC000035,Kadamkuan,Patna,Bihar,25.62537,85.1468,2025-07-11T16:53,2025-07-14T07:53,Narcotics Control Bureau,ORG000011,SYN-PON,UNDER_INVESTIGATION,141047,4,A
INC000051,740/2026,CASE000112,MONEY_LAUNDERING,PMLA 3/4,-,7,0,PS000072,Varachha Police Station,LOC000072,Varachha,Surat,Gujarat,21.19637,72.86136,2026-04-25T04:17,2026-04-25T20:17,Narcotics Control Bureau,ORG000004,SYN-HAW,CONVICTED,2750088647,2,C
INC000052,339/2026,CASE000130,NDPS_POSSESSION,NDPS 22(b),-,5,0,PS000010,Kondhwa Police Station,LOC000010,Kondhwa,Pune,Maharashtra,18.45704,73.8876,2026-06-01T01:39,2026-06-02T09:39,Narcotics Control Bureau,ORG000010,SYN-GAN,UNDER_INVESTIGATION,0,1,D
INC000053,323/2023,CASE000020,HUMAN_TRAFFICKING,370/372,143,9,0,PS000008,Vashi Police Station,LOC000008,Vashi,Navi Mumbai,Maharashtra,19.08218,72.99119,2023-07-20T01:06,2023-07-21T19:06,Income Tax Investigation Wing,ORG000006,SYN-TRF,CHARGESHEETED,0,1,D
INC000054,277/2026,CASE000022,EXTORTION,384/387,308,6,0,PS000023,Aminabad Police Station,LOC000023,Aminabad,Lucknow,Uttar Pradesh,26.84458,80.91064,2026-02-19T15:17,2026-02-19T22:17,Anti-Terrorism Squad (ATS),ORG000005,SYN-MIN,CHARGESHEETED,46213429,2,A
INC000055,200/2026,CASE000039,CRIMINAL_CONSPIRACY,120B,61(2),5,0,PS000095,Melur Police Station,LOC000095,Melur,Madurai,Tamil Nadu,10.02224,78.3489,2026-04-26T00:05,2026-04-26T16:05,Narcotics Control Bureau,ORG000015,SYN-WLD,CHARGESHEETED,0,2,A
INC000056,218/2023,CASE000145,SMUGGLING_CUSTOMS,Customs Act 135,-,5,1,PS000119,Vasco Police Station,LOC000119,Vasco,South Goa,Goa,15.40014,73.81334,2023-08-11T09:39,2023-08-12T08:39,State Intelligence Department,,UNAFFILIATED,CHARGESHEETED,23689099,7,B
INC000057,049/2022,CASE000094,MONEY_LAUNDERING,PMLA 3/4,-,7,0,PS000086,Hanamkonda Police Station,LOC000086,Hanamkonda,Warangal,Telangana,18.00878,79.55269,2022-08-25T21:26,2022-08-26T05:26,Directorate of Revenue Intelligence,ORG000012,SYN-BET,UNDER_INVESTIGATION,1998442,1,C
INC000058,437/2022,CASE000102,CRIMINAL_CONSPIRACY,120B,61(2),5,0,PS000089,Gunadala Police Station,LOC000089,Gunadala,Vijayawada,Andhra Pradesh,16.51407,80.65268,2022-01-24T08:49,2022-01-25T01:49,State Police - Crime Branch,ORG000015,SYN-WLD,CONVICTED,0,1,C
INC000059,842/2026,CASE000106,ARMS_ACT,Arms Act 25/27,-,6,0,PS000093,Vyasarpadi Police Station,LOC000093,Vyasarpadi,Chennai,Tamil Nadu,13.12274,80.24524,2026-03-01T02:06,2026-03-03T00:06,Border Security Force - Intel,ORG000010,SYN-GAN,UNDER_INVESTIGATION,0,1,C
INC000060,323/2021,CASE000045,MONEY_LAUNDERING,PMLA 3/4,-,7,0,PS000049,Kaliachak Police Station,LOC000049,Kaliachak,Malda,West Bengal,24.97035,88.00242,2021-08-10T23:51,2021-08-13T08:51,Border Security Force - Intel,ORG000011,SYN-PON,UNDER_INVESTIGATION,3327081,3,B
INC000061,235/2025,CASE000047,MONEY_LAUNDERING,PMLA 3/4,-,7,0,PS000083,Charminar Police Station,LOC000083,Charminar,Hyderabad,Telangana,17.35976,78.47486,2025-11-11T06:41,2025-11-12T10:41,Enforcement Directorate,ORG000004,SYN-HAW,CONVICTED,1232276,5,D
INC000062,259/2024,CASE000002,FORGERY,465/468,336(3),4,1,PS000090,Mangalagiri Police Station,LOC000090,Mangalagiri,Guntur,Andhra Pradesh,16.43011,80.55502,2024-06-09T13:46,2024-06-11T15:46,Income Tax Investigation Wing,ORG000015,SYN-WLD,UNDER_INVESTIGATION,0,2,D
INC000063,705/2025,CASE000008,NDPS_POSSESSION,NDPS 22(b),-,5,0,PS000083,Charminar Police Station,LOC000083,Charminar,Hyderabad,Telangana,17.35976,78.47486,2025-11-28T12:47,2025-11-29T09:47,Directorate of Revenue Intelligence,ORG000010,SYN-GAN,UNDER_INVESTIGATION,0,3,C
INC000064,116/2022,CASE000044,MURDER,302,103(1),10,0,PS000063,Barwala Police Station,LOC000063,Barwala,Hisar,Haryana,29.36333,75.90971,2022-01-21T23:35,2022-01-22T23:35,Anti-Terrorism Squad (ATS),ORG000014,SYN-SHK,CONVICTED,0,5,A
INC000065,336/2026,CASE000051,VEHICLE_THEFT,379/411,303(2),3,1,PS000019,Najafgarh Police Station,LOC000019,Najafgarh,New Delhi,Delhi,28.61304,77.01367,2026-04-15T03:58,2026-04-15T06:58,Border Security Force - Intel,ORG000008,SYN-VEH,CHARGESHEETED,0,1,B
INC000066,774/2025,CASE000147,RIOTING,147/148,191(2),4,1,PS000094,Kodungaiyur Police Station,LOC000094,Kodungaiyur,Chennai,Tamil Nadu,13.13103,80.23855,2025-07-21T08:13,2025-07-24T04:13,Special Task Force (STF),ORG000005,SYN-MIN,UNDER_INVESTIGATION,0,4,A
INC000067,013/2025,CASE000093,ATTEMPT_TO_MURDER,307,109,8,0,PS000066,Nokha Police Station,LOC000066,Nokha,Bikaner,Rajasthan,27.56853,73.4757,2025-10-03T14:16,2025-10-05T16:16,Railway Protection Force,ORG000005,SYN-MIN,ACQUITTED,0,3,D
INC000068,408/2025,CASE000030,SMUGGLING_CUSTOMS,Customs Act 135,-,5,1,PS000041,Khajanchi Hat Police Station,LOC000041,Khajanchi Hat,Purnia,Bihar,25.78858,87.47757,2025-08-25T13:36,2025-08-27T09:36,Central Bureau of Investigation,ORG000009,SYN-FIC,CONVICTED,29295641,3,B
INC000069,128/2022,CASE000094,BETTING_GAMBLING,Gambling Act 3/4,-,2,1,PS000019,Najafgarh Police Station,LOC000019,Najafgarh,New Delhi,Delhi,28.61304,77.01367,2022-11-20T22:59,2022-11-21T00:59,Directorate of Revenue Intelligence,ORG000012,SYN-BET,UNTRACED,29218086,2,C
INC000070,543/2026,CASE000127,CRIMINAL_CONSPIRACY,120B,61(2),5,0,PS000007,Mumbra Police Station,LOC000007,Mumbra,Thane,Maharashtra,19.18341,73.02479,2026-05-11T00:36,2026-05-14T00:36,Central Bureau of Investigation,,UNAFFILIATED,UNDER_INVESTIGATION,0,2,A
INC000071,477/2026,CASE000003,MONEY_LAUNDERING,PMLA 3/4,-,7,0,PS000074,Kutiyana Police Station,LOC000074,Kutiyana,Porbandar,Gujarat,21.62158,69.97079,2026-06-12T08:39,2026-06-13T00:39,Central Bureau of Investigation,ORG000004,SYN-HAW,ACQUITTED,1518663539,1,D
INC000072,535/2023,CASE000108,ORGANISED_CRIME,MCOCA 3(1),111,10,0,PS000042,Karmatanr Police Station,LOC000042,Karmatanr,Jamtara,Jharkhand,23.95479,86.79482,2023-01-20T14:14,2023-01-20T17:14,Railway Protection Force,ORG000007,SYN-ARM,UNDER_INVESTIGATION,0,2,A
INC000073,011/2025,CASE000088,CYBER_FRAUD,IT Act 66C/66D,319(2),5,1,PS000125,Jwalapur Police Station,LOC000125,Jwalapur,Haridwar,Uttarakhand,29.92022,78.12587,2025-10-01T08:31,2025-10-01T15:31,State Intelligence Department,,UNAFFILIATED,UNTRACED,1471122,7,C
INC000074,579/2026,CASE000104,FORGERY,465/468,336(3),4,1,PS000050,Jalangi Police Station,LOC000050,Jalangi,Murshidabad,West Bengal,24.11042,88.40108,2026-04-20T13:09,2026-04-22T19:09,Income Tax Investigation Wing,ORG000004,SYN-HAW,UNDER_INVESTIGATION,0,2,B
INC000075,747/2022,CASE000072,ORGANISED_CRIME,MCOCA 3(1),111,10,0,PS000033,Sarai Mir Police Station,LOC000033,Sarai Mir,Azamgarh,Uttar Pradesh,26.01058,82.80942,2022-06-22T12:01,2022-06-23T06:01,Economic Offences Wing,ORG000014,SYN-SHK,UNTRACED,0,4,D
INC000076,248/2023,CASE000056,NDPS_TRAFFICKING,NDPS 21(c)/29,-,9,0,PS000121,Uri Police Station,LOC000121,Uri,Baramulla,Jammu and Kashmir,34.0833,74.04758,2023-12-20T00:58,2023-12-20T17:58,Directorate of Revenue Intelligence,ORG000002,SYN-HER,UNDER_INVESTIGATION,375460053,1,D
INC000077,143/2026,CASE000073,ORGANISED_CRIME,MCOCA 3(1),111,10,0,PS000061,Sohna Police Station,LOC000061,Sohna,Gurugram,Haryana,28.25004,77.06581,2026-05-15T23:01,2026-05-16T11:01,Anti-Terrorism Squad (ATS),ORG000014,SYN-SHK,CONVICTED,0,1,C
INC000078,203/2024,CASE000080,CHIT_FUND_PONZI,BUDS Act 21,318(4),6,1,PS000037,Mithanpura Police Station,LOC000037,Mithanpura,Muzaffarpur,Bihar,26.12944,85.39524,2024-05-24T00:20,2024-05-26T14:20,State Police - Crime Branch,ORG000011,SYN-PON,UNDER_INVESTIGATION,643282474,5,C
INC000079,083/2023,CASE000092,ATTEMPT_TO_MURDER,307,109,8,0,PS000078,Rau Police Station,LOC000078,Rau,Indore,Madhya Pradesh,22.64914,75.80858,2023-10-21T13:48,2023-10-24T01:48,Central Bureau of Investigation,ORG000005,SYN-MIN,CHARGESHEETED,0,3,B
INC000080,800/2025,CASE000157,CYBER_FRAUD,IT Act 66C/66D,319(2),5,1,PS000022,Paharganj Police Station,LOC000022,Paharganj,New Delhi,Delhi,28.64769,77.22086,2025-05-03T05:08,2025-05-04T20:08,Economic Offences Wing,ORG000003,SYN-CYB,CHARGESHEETED,1829968,1,C
INC000081,643/2025,CASE000007,CRIMINAL_CONSPIRACY,120B,61(2),5,0,PS000050,Jalangi Police Station,LOC000050,Jalangi,Murshidabad,West Bengal,24.11042,88.40108,2025-07-23T04:43,2025-07-23T13:43,Railway Protection Force,ORG000007,SYN-ARM,UNDER_INVESTIGATION,0,4,C
INC000082,159/2024,CASE000088,CYBER_FRAUD,IT Act 66C/66D,319(2),5,1,PS000042,Karmatanr Police Station,LOC000042,Karmatanr,Jamtara,Jharkhand,23.95479,86.79482,2024-04-17T03:15,2024-04-19T05:15,State Intelligence Department,,UNAFFILIATED,UNDER_INVESTIGATION,2802702441,2,A
INC000083,267/2025,CASE000061,EXTORTION,384/387,308,6,0,PS000069,Ramgarh Police Station,LOC000069,Ramgarh,Alwar,Rajasthan,27.52158,76.62084,2025-11-09T16:35,2025-11-10T13:35,Central Bureau of Investigation,ORG000014,SYN-SHK,ACQUITTED,19400109,4,D
INC000084,092/2021,CASE000119,DACOITY,395,310(2),8,0,PS000120,Maisuma Police Station,LOC000120,Maisuma,Srinagar,Jammu and Kashmir,34.06805,74.79591,2021-05-01T22:30,2021-05-03T12:30,State Police - Crime Branch,,UNAFFILIATED,UNDER_INVESTIGATION,26380819,2,D
INC000085,268/2025,CASE000156,ORGANISED_CRIME,MCOCA 3(1),111,10,0,PS000042,Karmatanr Police Station,LOC000042,Karmatanr,Jamtara,Jharkhand,23.95479,86.79482,2025-01-19T21:18,2025-01-22T14:18,Cyber Crime Cell,ORG000007,SYN-ARM,UNDER_INVESTIGATION,0,2,A
INC000086,518/2025,CASE000120,CHEATING_FRAUD,420,318(4),5,1,PS000093,Vyasarpadi Police Station,LOC000093,Vyasarpadi,Chennai,Tamil Nadu,13.12274,80.24524,2025-10-05T22:56,2025-10-08T07:56,Border Security Force - Intel,ORG000004,SYN-HAW,CHARGESHEETED,2640936825,3,A
INC000087,180/2025,CASE000033,ARMS_ACT,Arms Act 25/27,-,6,0,PS000018,Karol Bagh Police Station,LOC000018,Karol Bagh,New Delhi,Delhi,28.64425,77.18711,2025-08-22T11:04,2025-08-24T11:04,State Police - Crime Branch,ORG000002,SYN-HER,UNDER_INVESTIGATION,0,3,A
INC000088,608/2020,CASE000101,ARMS_ACT,Arms Act 25/27,-,6,0,PS000091,Nandyal Police Station,LOC000091,Nandyal,Kurnool,Andhra Pradesh,15.47185,78.47847,2020-05-14T14:08,2020-05-16T16:08,Border Security Force - Intel,ORG000010,SYN-GAN,UNDER_INVESTIGATION,0,1,B
INC000089,505/2024,CASE000125,SMUGGLING_CUSTOMS,Customs Act 135,-,5,1,PS000076,Karelibaug Police Station,LOC000076,Karelibaug,Vadodara,Gujarat,22.32869,73.19409,2024-03-01T08:34,2024-03-02T20:34,Border Security Force - Intel,ORG000004,SYN-HAW,ACQUITTED,182378,2,B
INC000090,004/2025,CASE000099,FICN_COUNTERFEIT,489B/489C,179,8,0,PS000039,Mahadeva Police Station,LOC000039,Mahadeva,Siwan,Bihar,26.21306,84.36525,2025-01-11T19:05,2025-01-12T00:05,Cyber Crime Cell,ORG000009,SYN-FIC,CHARGESHEETED,754302411,1,B
INC000091,617/2026,CASE000033,NDPS_TRAFFICKING,NDPS 21(c)/29,-,9,0,PS000020,Nangloi Police Station,LOC000020,Nangloi,New Delhi,Delhi,28.68418,77.06042,2026-01-28T16:16,2026-01-29T06:16,State Police - Crime Branch,ORG000002,SYN-HER,CHARGESHEETED,339519355,2,A
INC000092,482/2025,CASE000069,ARMS_ACT,Arms Act 25/27,-,6,0,PS000122,Birgaon Police Station,LOC000122,Birgaon,Raipur,Chhattisgarh,21.27602,81.63096,2025-11-22T04:53,2025-11-23T08:53,Cyber Crime Cell,,UNAFFILIATED,UNTRACED,0,2,A
INC000093,712/2026,CASE000138,FICN_COUNTERFEIT,489B/489C,179,8,0,PS000078,Rau Police Station,LOC000078,Rau,Indore,Madhya Pradesh,22.64914,75.80858,2026-06-20T07:17,2026-06-21T20:17,Railway Protection Force,,UNAFFILIATED,CHARGESHEETED,400330988,4,B
INC000094,852/2025,CASE000148,MONEY_LAUNDERING,PMLA 3/4,-,7,0,PS000038,Chandauti Police Station,LOC000038,Chandauti,Gaya,Bihar,24.78741,84.99597,2025-09-24T13:27,2025-09-26T11:27,State Police - Crime Branch,ORG000011,SYN-PON,UNTRACED,1247798253,1,C
INC000095,843/2025,CASE000157,CHEATING_FRAUD,420,318(4),5,1,PS000046,Bengabad Police Station,LOC000046,Bengabad,Giridih,Jharkhand,24.1853,86.30745,2025-08-13T15:15,2025-08-14T15:15,Economic Offences Wing,ORG000003,SYN-CYB,UNTRACED,1228143,4,C
INC000096,806/2025,CASE000089,ATTEMPT_TO_MURDER,307,109,8,0,PS000081,Mehgaon Police Station,LOC000081,Mehgaon,Bhind,Madhya Pradesh,26.49265,78.62698,2025-03-23T01:36,2025-03-25T04:36,Income Tax Investigation Wing,ORG000005,SYN-MIN,CHARGESHEETED,0,1,B
INC000097,696/2025,CASE000090,ARMS_ACT,Arms Act 25/27,-,6,0,PS000037,Mithanpura Police Station,LOC000037,Mithanpura,Muzaffarpur,Bihar,26.12944,85.39524,2025-12-20T23:42,2025-12-21T12:42,Economic Offences Wing,ORG000007,SYN-ARM,CONVICTED,0,1,D
INC000098,404/2026,CASE000114,ORGANISED_CRIME,MCOCA 3(1),111,10,0,PS000093,Vyasarpadi Police Station,LOC000093,Vyasarpadi,Chennai,Tamil Nadu,13.12274,80.24524,2026-03-05T06:36,2026-03-08T00:36,Anti-Narcotics Cell,,UNAFFILIATED,CONVICTED,0,4,D
INC000099,357/2025,CASE000116,FORGERY,465/468,336(3),4,1,PS000108,Thalassery Police Station,LOC000108,Thalassery,Kannur,Kerala,11.74699,75.49641,2025-01-05T04:41,2025-01-06T05:41,Special Task Force (STF),,UNAFFILIATED,UNDER_INVESTIGATION,0,4,A
INC000100,822/2026,CASE000126,ARMS_ACT,Arms Act 25/27,-,6,0,PS000056,Jamalpur Police Station,LOC000056,Jamalpur,Ludhiana,Punjab,30.91108,75.85307,2026-03-05T11:27,2026-03-07T01:27,Narcotics Control Bureau,ORG000002,SYN-HER,UNTRACED,0,2,D
INC000101,801/2026,CASE000059,ILLEGAL_MINING,MMDR 21(1),-,4,1,PS000079,Sanawad Police Station,LOC000079,Sanawad,Khargone,Madhya Pradesh,22.17019,75.90242,2026-02-15T23:12,2026-02-18T12:12,Income Tax Investigation Wing,ORG000005,SYN-MIN,UNTRACED,0,3,C
INC000102,101/2023,CASE000070,NDPS_TRAFFICKING,NDPS 21(c)/29,-,9,0,PS000063,Barwala Police Station,LOC000063,Barwala,Hisar,Haryana,29.36333,75.90971,2023-09-25T22:13,2023-09-27T14:13,Special Task Force (STF),ORG000002,SYN-HER,UNDER_INVESTIGATION,212211521,2,A
INC000103,154/2022,CASE000131,WILDLIFE_TRAFFICKING,WLPA 51,-,6,0,PS000090,Mangalagiri Police Station,LOC000090,Mangalagiri,Guntur,Andhra Pradesh,16.43011,80.55502,2022-05-13T21:08,2022-05-15T04:08,State Intelligence Department,ORG000015,SYN-WLD,UNDER_INVESTIGATION,492401715,2,A
INC000104,255/2025,CASE000053,MONEY_LAUNDERING,PMLA 3/4,-,7,0,PS000017,Jamia Nagar Police Station,LOC000017,Jamia Nagar,New Delhi,Delhi,28.55756,77.28271,2025-05-28T09:41,2025-05-28T20:41,Economic Offences Wing,ORG000002,SYN-HER,ACQUITTED,1435751204,3,B
INC000105,068/2026,CASE000021,ARMS_ACT,Arms Act 25/27,-,6,0,PS000109,Nayapalli Police Station,LOC000109,Nayapalli,Bhubaneswar,Odisha,20.28446,85.8132,2026-01-08T05:04,2026-01-09T04:04,Border Security Force - Intel,ORG000010,SYN-GAN,UNTRACED,0,1,A
INC000106,398/2025,CASE000102,FORGERY,465/468,336(3),4,1,PS000096,Ukkadam Police Station,LOC000096,Ukkadam,Coimbatore,Tamil Nadu,10.99091,76.96669,2025-09-16T17:32,2025-09-18T14:32,State Police - Crime Branch,ORG000015,SYN-WLD,UNDER_INVESTIGATION,0,7,C
INC000107,748/2024,CASE000004,ARMS_ACT,Arms Act 25/27,-,6,0,PS000051,Bongaon Police Station,LOC000051,Bongaon,North 24 Parganas,West Bengal,23.07416,88.81118,2024-04-17T03:47,2024-04-19T14:47,Directorate of Revenue Intelligence,ORG000013,SYN-KDN,UNDER_INVESTIGATION,0,1,B
INC000108,534/2025,CASE000077,MONEY_LAUNDERING,PMLA 3/4,-,7,0,PS000114,Golakganj Police Station,LOC000114,Golakganj,Dhubri,Assam,26.02193,89.81691,2025-05-12T08:50,2025-05-13T07:50,Enforcement Directorate,ORG000011,SYN-PON,CHARGESHEETED,2279008,4,B
INC000109,651/2023,CASE000094,EXTORTION,384/387,308,6,0,PS000100,Yeshwanthpur Police Station,LOC000100,Yeshwanthpur,Bengaluru,Karnataka,13.02634,77.54707,2023-12-11T12:41,2023-12-11T20:41,Directorate of Revenue Intelligence,ORG000012,SYN-BET,CHARGESHEETED,2184027,3,A
INC000110,648/2018,CASE000155,NDPS_TRAFFICKING,NDPS 21(c)/29,-,9,0,PS000054,Ajnala Police Station,LOC000054,Ajnala,Amritsar,Punjab,31.83946,74.75814,2018-07-20T07:39,2018-07-20T12:39,Anti-Narcotics Cell,ORG000002,SYN-HER,UNTRACED,454884566,1,D
INC000111,368/2022,CASE000027,MURDER,302,103(1),10,0,PS000053,Karimpur Police Station,LOC000053,Karimpur,Nadia,West Bengal,23.96971,88.62078,2022-09-28T10:15,2022-09-30T14:15,Economic Offences Wing,ORG000007,SYN-ARM,UNDER_INVESTIGATION,0,7,C
INC000112,306/2026,CASE000129,ORGANISED_CRIME,MCOCA 3(1),111,10,0,PS000125,Jwalapur Police Station,LOC000125,Jwalapur,Haridwar,Uttarakhand,29.92022,78.12587,2026-05-08T08:56,2026-05-08T10:56,Enforcement Directorate,,UNAFFILIATED,UNTRACED,0,3,A
INC000113,853/2022,CASE000036,CHEATING_FRAUD,420,318(4),5,1,PS000037,Mithanpura Police Station,LOC000037,Mithanpura,Muzaffarpur,Bihar,26.12944,85.39524,2022-12-23T21:03,2022-12-24T02:03,Central Bureau of Investigation,ORG000011,SYN-PON,CONVICTED,2666130067,3,C
INC000114,750/2025,CASE000137,SMUGGLING_CUSTOMS,Customs Act 135,-,5,1,PS000052,Matigara Police Station,LOC000052,Matigara,Siliguri,West Bengal,26.72719,88.37142,2025-08-15T12:21,2025-08-17T04:21,Anti-Terrorism Squad (ATS),ORG000015,SYN-WLD,CHARGESHEETED,43122153,3,A
INC000115,130/2021,CASE000046,RIOTING,147/148,191(2),4,1,PS000097,Palayamkottai Police Station,LOC000097,Palayamkottai,Tirunelveli,Tamil Nadu,8.7186,77.73084,2021-12-25T12:28,2021-12-26T23:28,Income Tax Investigation Wing,ORG000005,SYN-MIN,CONVICTED,0,7,A
INC000116,502/2025,CASE000007,CRIMINAL_CONSPIRACY,120B,61(2),5,0,PS000080,Morar Police Station,LOC000080,Morar,Gwalior,Madhya Pradesh,26.22147,78.20426,2025-04-01T08:47,2025-04-04T00:47,Railway Protection Force,ORG000007,SYN-ARM,ACQUITTED,0,7,B
INC000117,195/2025,CASE000016,SMUGGLING_CUSTOMS,Customs Act 135,-,5,1,PS000113,Paltan Bazaar Police Station,LOC000113,Paltan Bazaar,Guwahati,Assam,26.17357,91.75925,2025-09-28T23:52,2025-09-29T14:52,Anti-Narcotics Cell,ORG000009,SYN-FIC,UNTRACED,2913127351,3,D
INC000118,818/2026,CASE000007,ORGANISED_CRIME,MCOCA 3(1),111,10,0,PS000014,Barshi Police Station,LOC000014,Barshi,Solapur,Maharashtra,18.23555,75.69409,2026-05-16T15:34,2026-05-17T22:34,Railway Protection Force,ORG000007,SYN-ARM,UNTRACED,0,5,B
INC000119,550/2023,CASE000064,CHEATING_FRAUD,420,318(4),5,1,PS000004,Bhendi Bazaar Police Station,LOC000004,Bhendi Bazaar,Mumbai,Maharashtra,18.95981,72.82064,2023-08-11T22:21,2023-08-14T01:21,Directorate of Revenue Intelligence,ORG000012,SYN-BET,CONVICTED,45954774,2,A
INC000120,071/2021,CASE000080,FORGERY,465/468,336(3),4,1,PS000036,Kasim Bazaar Police Station,LOC000036,Kasim Bazaar,Munger,Bihar,25.3687,86.46907,2021-05-14T09:39,2021-05-14T23:39,State Police - Crime Branch,ORG000011,SYN-PON,UNDER_INVESTIGATION,0,2,B
INC000121,777/2025,CASE000031,MONEY_LAUNDERING,PMLA 3/4,-,7,0,PS000065,Osian Police Station,LOC000065,Osian,Jodhpur,Rajasthan,26.71758,72.91971,2025-01-26T21:33,2025-01-27T16:33,Narcotics Control Bureau,ORG000012,SYN-BET,ACQUITTED,2038864,5,B
INC000122,742/2026,CASE000012,ARMS_ACT,Arms Act 25/27,-,6,0,PS000039,Mahadeva Police Station,LOC000039,Mahadeva,Siwan,Bihar,26.21306,84.36525,2026-02-06T18:49,2026-02-08T15:49,Special Task Force (STF),ORG000007,SYN-ARM,CHARGESHEETED,0,4,B
INC000123,402/2020,CASE000085,LAND_GRABBING,441/447,329,4,1,PS000075,Gondal Police Station,LOC000075,Gondal,Rajkot,Gujarat,21.95838,70.80167,2020-11-15T03:54,2020-11-15T19:54,Cyber Crime Cell,ORG000001,SYN-EXT,CHARGESHEETED,0,2,A
INC000124,554/2024,CASE000104,SMUGGLING_CUSTOMS,Customs Act 135,-,5,1,PS000015,Chandni Chowk Police Station,LOC000015,Chandni Chowk,New Delhi,Delhi,28.65923,77.23546,2024-07-25T22:59,2024-07-25T23:59,Income Tax Investigation Wing,ORG000004,SYN-HAW,UNTRACED,2205775,2,D
INC000125,171/2025,CASE000110,CRIMINAL_CONSPIRACY,120B,61(2),5,0,PS000103,Sandur Police Station,LOC000103,Sandur,Ballari,Karnataka,15.10763,76.5405,2025-06-11T14:41,2025-06-12T22:41,Central Bureau of Investigation,ORG000001,SYN-EXT,UNDER_INVESTIGATION,0,2,D
INC000126,437/2025,CASE000074,NDPS_POSSESSION,NDPS 22(b),-,5,0,PS000109,Nayapalli Police Station,LOC000109,Nayapalli,Bhubaneswar,Odisha,20.28446,85.8132,2025-12-02T04:21,2025-12-03T05:21,Railway Protection Force,,UNAFFILIATED,ACQUITTED,0,3,B
INC000127,494/2023,CASE000068,ATTEMPT_TO_MURDER,307,109,8,0,PS000081,Mehgaon Police Station,LOC000081,Mehgaon,Bhind,Madhya Pradesh,26.49265,78.62698,2023-06-16T14:43,2023-06-16T20:43,Special Task Force (STF),ORG000005,SYN-MIN,CHARGESHEETED,0,7,D
INC000128,427/2025,CASE000143,CHIT_FUND_PONZI,BUDS Act 21,318(4),6,1,PS000115,Sutarkandi Police Station,LOC000115,Sutarkandi,Karimganj,Assam,24.87968,92.34231,2025-05-27T12:38,2025-05-30T08:38,State Intelligence Department,ORG000011,SYN-PON,UNDER_INVESTIGATION,795733583,7,C
INC000129,871/2023,CASE000005,ARMS_ACT,Arms Act 25/27,-,6,0,PS000036,Kasim Bazaar Police Station,LOC000036,Kasim Bazaar,Munger,Bihar,25.3687,86.46907,2023-07-11T07:58,2023-07-11T12:58,Special Task Force (STF),ORG000013,SYN-KDN,CHARGESHEETED,0,2,B
INC000130,689/2018,CASE000032,CRIMINAL_CONSPIRACY,120B,61(2),5,0,PS000084,Kukatpally Police Station,LOC000084,Kukatpally,Hyderabad,Telangana,17.48623,78.40974,2018-11-17T12:39,2018-11-17T14:39,Anti-Terrorism Squad (ATS),ORG000010,SYN-GAN,UNTRACED,0,3,A
INC000131,263/2026,CASE000003,SMUGGLING_CUSTOMS,Customs Act 135,-,5,1,PS000053,Karimpur Police Station,LOC000053,Karimpur,Nadia,West Bengal,23.96971,88.62078,2026-06-22T10:13,2026-06-22T18:13,Central Bureau of Investigation,ORG000004,SYN-HAW,CHARGESHEETED,17555602,5,B
INC000132,316/2021,CASE000117,WILDLIFE_TRAFFICKING,WLPA 51,-,6,0,PS000094,Kodungaiyur Police Station,LOC000094,Kodungaiyur,Chennai,Tamil Nadu,13.13103,80.23855,2021-04-18T07:25,2021-04-20T05:25,Economic Offences Wing,ORG000015,SYN-WLD,UNDER_INVESTIGATION,758890570,4,D
INC000133,244/2025,CASE000044,EXTORTION,384/387,308,6,0,PS000013,Cidco Police Station,LOC000013,Cidco,Aurangabad,Maharashtra,19.86758,75.33886,2025-04-19T06:57,2025-04-22T00:57,Anti-Terrorism Squad (ATS),ORG000014,SYN-SHK,UNDER_INVESTIGATION,13354811,5,B
INC000134,336/2026,CASE000148,FORGERY,465/468,336(3),4,1,PS000039,Mahadeva Police Station,LOC000039,Mahadeva,Siwan,Bihar,26.21306,84.36525,2026-01-17T10:44,2026-01-17T12:44,State Police - Crime Branch,ORG000011,SYN-PON,CHARGESHEETED,0,3,B
INC000135,447/2023,CASE000153,DACOITY,395,310(2),8,0,PS000102,Afzalpur Police Station,LOC000102,Afzalpur,Kalaburagi,Karnataka,17.20729,76.36952,2023-05-11T15:07,2023-05-12T10:07,Railway Protection Force,,UNAFFILIATED,CHARGESHEETED,8176347,2,A
INC000136,715/2026,CASE000123,RIOTING,147/148,191(2),4,1,PS000119,Vasco Police Station,LOC000119,Vasco,South Goa,Goa,15.40014,73.81334,2026-04-09T09:02,2026-04-12T08:02,Central Bureau of Investigation,,UNAFFILIATED,ACQUITTED,0,1,C
INC000137,599/2024,CASE000047,SMUGGLING_CUSTOMS,Customs Act 135,-,5,1,PS000075,Gondal Police Station,LOC000075,Gondal,Rajkot,Gujarat,21.95838,70.80167,2024-03-10T23:09,2024-03-11T01:09,Enforcement Directorate,ORG000004,SYN-HAW,CHARGESHEETED,17755321,4,C
INC000138,181/2022,CASE000097,SMUGGLING_CUSTOMS,Customs Act 135,-,5,1,PS000111,Chitrakonda Police Station,LOC000111,Chitrakonda,Malkangiri,Odisha,18.09702,82.10019,2022-03-16T12:06,2022-03-17T01:06,State Police - Crime Branch,,UNAFFILIATED,ACQUITTED,470268,2,B
INC000139,876/2022,CASE000124,FORGERY,465/468,336(3),4,1,PS000094,Kodungaiyur Police Station,LOC000094,Kodungaiyur,Chennai,Tamil Nadu,13.13103,80.23855,2022-06-14T16:45,2022-06-16T21:45,Directorate of Revenue Intelligence,ORG000004,SYN-HAW,CHARGESHEETED,0,3,A
INC000140,034/2026,CASE000041,FORGERY,465/468,336(3),4,1,PS000108,Thalassery Police Station,LOC000108,Thalassery,Kannur,Kerala,11.74699,75.49641,2026-03-23T01:23,2026-03-23T02:23,Special Task Force (STF),ORG000004,SYN-HAW,ACQUITTED,0,3,C
INC000141,618/2025,CASE000083,ARMS_ACT,Arms Act 25/27,-,6,0,PS000059,Rampura Phul Police Station,LOC000059,Rampura Phul,Bathinda,Punjab,30.26925,75.24749,2025-04-30T15:01,2025-04-30T18:01,Special Task Force (STF),ORG000002,SYN-HER,UNDER_INVESTIGATION,0,1,A
INC000142,196/2026,CASE000072,ARMS_ACT,Arms Act 25/27,-,6,0,PS000066,Nokha Police Station,LOC000066,Nokha,Bikaner,Rajasthan,27.56853,73.4757,2026-02-24T05:02,2026-02-26T13:02,Economic Offences Wing,ORG000014,SYN-SHK,CHARGESHEETED,0,2,C
INC000143,735/2024,CASE000157,CHEATING_FRAUD,420,318(4),5,1,PS000103,Sandur Police Station,LOC000103,Sandur,Ballari,Karnataka,15.10763,76.5405,2024-07-20T12:01,2024-07-23T05:01,Economic Offences Wing,ORG000003,SYN-CYB,CHARGESHEETED,352750,4,B
INC000144,008/2023,CASE000143,FORGERY,465/468,336(3),4,1,PS000046,Bengabad Police Station,LOC000046,Bengabad,Giridih,Jharkhand,24.1853,86.30745,2023-11-14T08:16,2023-11-14T15:16,State Intelligence Department,ORG000011,SYN-PON,ACQUITTED,0,1,C
INC000145,064/2023,CASE000069,ARMS_ACT,Arms Act 25/27,-,6,0,PS000028,Chetganj Police Station,LOC000028,Chetganj,Varanasi,Uttar Pradesh,25.31724,82.98995,2023-12-16T02:49,2023-12-16T10:49,Cyber Crime Cell,,UNAFFILIATED,CHARGESHEETED,0,2,B
INC000146,215/2024,CASE000016,SMUGGLING_CUSTOMS,Customs Act 135,-,5,1,PS000114,Golakganj Police Station,LOC000114,Golakganj,Dhubri,Assam,26.02193,89.81691,2024-05-14T12:43,2024-05-16T08:43,Anti-Narcotics Cell,ORG000009,SYN-FIC,CHARGESHEETED,1696755465,2,D
INC000147,252/2024,CASE000093,EXTORTION,384/387,308,6,0,PS000035,Kadamkuan Police Station,LOC000035,Kadamkuan,Patna,Bihar,25.62537,85.1468,2024-05-04T21:57,2024-05-06T18:57,Railway Protection Force,ORG000005,SYN-MIN,UNDER_INVESTIGATION,42589886,3,C
INC000148,413/2024,CASE000110,CRIMINAL_CONSPIRACY,120B,61(2),5,0,PS000003,Kurla Police Station,LOC000003,Kurla,Mumbai,Maharashtra,19.07353,72.88684,2024-05-27T02:09,2024-05-27T04:09,Central Bureau of Investigation,ORG000001,SYN-EXT,ACQUITTED,0,2,A
INC000149,528/2024,CASE000081,NDPS_TRAFFICKING,NDPS 21(c)/29,-,9,0,PS000019,Najafgarh Police Station,LOC000019,Najafgarh,New Delhi,Delhi,28.61304,77.01367,2024-09-05T02:39,2024-09-06T02:39,Anti-Narcotics Cell,ORG000002,SYN-HER,CONVICTED,707841586,2,A
INC000150,558/2025,CASE000154,MONEY_LAUNDERING,PMLA 3/4,-,7,0,PS000044,Jharia Police Station,LOC000044,Jharia,Dhanbad,Jharkhand,23.74956,86.41065,2025-01-20T08:26,2025-01-20T21:26,Narcotics Control Bureau,ORG000003,SYN-CYB,CHARGESHEETED,28150578,4,A
INC000151,166/2024,CASE000047,CHEATING_FRAUD,420,318(4),5,1,PS000105,Tirur Police Station,LOC000105,Tirur,Malappuram,Kerala,10.91534,75.92575,2024-04-21T22:27,2024-04-23T13:27,Enforcement Directorate,ORG000004,SYN-HAW,UNDER_INVESTIGATION,49357331,5,C
INC000152,294/2021,CASE000082,ROBBERY,392,309(4),6,0,PS000055,Khalra Police Station,LOC000055,Khalra,Tarn Taran,Punjab,31.44862,74.56847,2021-03-27T22:16,2021-03-30T12:16,Directorate of Revenue Intelligence,ORG000008,SYN-VEH,UNDER_INVESTIGATION,8212453,7,A
INC000153,828/2024,CASE000076,KIDNAP_FOR_RANSOM,364A,140(2),9,0,PS000120,Maisuma Police Station,LOC000120,Maisuma,Srinagar,Jammu and Kashmir,34.06805,74.79591,2024-05-27T14:14,2024-05-30T05:14,State Intelligence Department,,UNAFFILIATED,CHARGESHEETED,38685039,4,D
INC000154,246/2022,CASE000036,CHEATING_FRAUD,420,318(4),5,1,PS000048,Rajabazar Police Station,LOC000048,Rajabazar,Kolkata,West Bengal,22.57998,88.37543,2022-06-15T20:57,2022-06-17T12:57,Central Bureau of Investigation,ORG000011,SYN-PON,UNDER_INVESTIGATION,1196516,3,B
INC000155,364/2023,CASE000055,ORGANISED_CRIME,MCOCA 3(1),111,10,0,PS000013,Cidco Police Station,LOC000013,Cidco,Aurangabad,Maharashtra,19.86758,75.33886,2023-06-27T16:23,2023-06-29T02:23,Economic Offences Wing,ORG000007,SYN-ARM,CONVICTED,0,4,C
INC000156,408/2026,CASE000150,DACOITY,395,310(2),8,0,PS000022,Paharganj Police Station,LOC000022,Paharganj,New Delhi,Delhi,28.64769,77.22086,2026-06-11T16:13,2026-06-11T23:13,State Intelligence Department,,UNAFFILIATED,CHARGESHEETED,1794512,2,D
INC000157,072/2025,CASE000102,FORGERY,465/468,336(3),4,1,PS000047,Metiabruz Police Station,LOC000047,Metiabruz,Kolkata,West Bengal,22.53329,88.31358,2025-05-16T16:45,2025-05-17T15:45,State Police - Crime Branch,ORG000015,SYN-WLD,UNDER_INVESTIGATION,0,1,A
INC000158,172/2023,CASE000062,SMUGGLING_CUSTOMS,Customs Act 135,-,5,1,PS000047,Metiabruz Police Station,LOC000047,Metiabruz,Kolkata,West Bengal,22.53329,88.31358,2023-12-09T16:48,2023-12-10T02:48,Cyber Crime Cell,ORG000004,SYN-HAW,CHARGESHEETED,2801045,1,C
INC000159,731/2024,CASE000126,NDPS_POSSESSION,NDPS 22(b),-,5,0,PS000064,Ballabgarh Police Station,LOC000064,Ballabgarh,Faridabad,Haryana,28.34729,77.32805,2024-03-16T06:21,2024-03-17T15:21,Narcotics Control Bureau,ORG000002,SYN-HER,UNTRACED,0,1,B
INC000160,706/2023,CASE000006,MONEY_LAUNDERING,PMLA 3/4,-,7,0,PS000019,Najafgarh Police Station,LOC000019,Najafgarh,New Delhi,Delhi,28.61304,77.01367,2023-03-09T08:46,2023-03-10T05:46,Central Bureau of Investigation,ORG000003,SYN-CYB,ACQUITTED,30245121,4,C
INC000161,677/2023,CASE000076,KIDNAP_FOR_RANSOM,364A,140(2),9,0,PS000113,Paltan Bazaar Police Station,LOC000113,Paltan Bazaar,Guwahati,Assam,26.17357,91.75925,2023-06-24T02:07,2023-06-24T06:07,State Intelligence Department,,UNAFFILIATED,CONVICTED,4913103,5,B
INC000162,167/2025,CASE000081,MONEY_LAUNDERING,PMLA 3/4,-,7,0,PS000121,Uri Police Station,LOC000121,Uri,Baramulla,Jammu and Kashmir,34.0833,74.04758,2025-03-24T10:53,2025-03-27T01:53,Anti-Narcotics Cell,ORG000002,SYN-HER,CHARGESHEETED,30250134,2,A
INC000163,560/2025,CASE000051,VEHICLE_THEFT,379/411,303(2),3,1,PS000056,Jamalpur Police Station,LOC000056,Jamalpur,Ludhiana,Punjab,30.91108,75.85307,2025-07-13T06:50,2025-07-14T18:50,Border Security Force - Intel,ORG000008,SYN-VEH,UNDER_INVESTIGATION,0,2,B
INC000164,014/2024,CASE000121,FORGERY,465/468,336(3),4,1,PS000095,Melur Police Station,LOC000095,Melur,Madurai,Tamil Nadu,10.02224,78.3489,2024-02-03T15:00,2024-02-05T06:00,Income Tax Investigation Wing,ORG000004,SYN-HAW,CHARGESHEETED,0,4,D
INC000165,792/2025,CASE000127,CRIMINAL_CONSPIRACY,120B,61(2),5,0,PS000094,Kodungaiyur Police Station,LOC000094,Kodungaiyur,Chennai,Tamil Nadu,13.13103,80.23855,2025-02-24T16:28,2025-02-27T15:28,Central Bureau of Investigation,,UNAFFILIATED,ACQUITTED,0,2,C
INC000166,486/2025,CASE000012,CRIMINAL_CONSPIRACY,120B,61(2),5,0,PS000044,Jharia Police Station,LOC000044,Jharia,Dhanbad,Jharkhand,23.74956,86.41065,2025-12-13T19:17,2025-12-14T02:17,Special Task Force (STF),ORG000007,SYN-ARM,UNDER_INVESTIGATION,0,2,B
INC000167,016/2025,CASE000029,CHEATING_FRAUD,420,318(4),5,1,PS000065,Osian Police Station,LOC000065,Osian,Jodhpur,Rajasthan,26.71758,72.91971,2025-07-20T05:09,2025-07-20T14:09,Economic Offences Wing,ORG000008,SYN-VEH,CHARGESHEETED,1003670,1,B
INC000168,180/2023,CASE000011,NDPS_POSSESSION,NDPS 22(b),-,5,0,PS000101,Ullal Police Station,LOC000101,Ullal,Mangaluru,Karnataka,12.80948,74.86499,2023-03-15T07:40,2023-03-17T13:40,Income Tax Investigation Wing,ORG000010,SYN-GAN,UNTRACED,0,3,A
INC000169,070/2022,CASE000024,ORGANISED_CRIME,MCOCA 3(1),111,10,0,PS000101,Ullal Police Station,LOC000101,Ullal,Mangaluru,Karnataka,12.80948,74.86499,2022-05-03T22:54,2022-05-06T08:54,Railway Protection Force,ORG000001,SYN-EXT,CONVICTED,0,1,A
INC000170,499/2025,CASE000012,CRIMINAL_CONSPIRACY,120B,61(2),5,0,PS000010,Kondhwa Police Station,LOC000010,Kondhwa,Pune,Maharashtra,18.45704,73.8876,2025-12-16T22:52,2025-12-18T05:52,Special Task Force (STF),ORG000007,SYN-ARM,CHARGESHEETED,0,1,B
INC000171,803/2025,CASE000126,CRIMINAL_CONSPIRACY,120B,61(2),5,0,PS000061,Sohna Police Station,LOC000061,Sohna,Gurugram,Haryana,28.25004,77.06581,2025-09-11T14:27,2025-09-14T10:27,Narcotics Control Bureau,ORG000002,SYN-HER,UNTRACED,0,4,A
INC000172,143/2021,CASE000131,FORGERY,465/468,336(3),4,1,PS000091,Nandyal Police Station,LOC000091,Nandyal,Kurnool,Andhra Pradesh,15.47185,78.47847,2021-11-21T01:37,2021-11-22T08:37,State Intelligence Department,ORG000015,SYN-WLD,UNDER_INVESTIGATION,0,2,A
INC000173,707/2025,CASE000076,KIDNAP_FOR_RANSOM,364A,140(2),9,0,PS000122,Birgaon Police Station,LOC000122,Birgaon,Raipur,Chhattisgarh,21.27602,81.63096,2025-01-21T00:46,2025-01-23T12:46,State Intelligence Department,,UNAFFILIATED,CONVICTED,23833682,4,A
INC000174,199/2023,CASE000153,DACOITY,395,310(2),8,0,PS000041,Khajanchi Hat Police Station,LOC000041,Khajanchi Hat,Purnia,Bihar,25.78858,87.47757,2023-02-10T09:09,2023-02-10T21:09,Railway Protection Force,,UNAFFILIATED,UNDER_INVESTIGATION,35059335,3,D
INC000175,316/2023,CASE000085,CRIMINAL_CONSPIRACY,120B,61(2),5,0,PS000002,Dharavi Police Station,LOC000002,Dharavi,Mumbai,Maharashtra,19.0349,72.84279,2023-03-23T00:54,2023-03-23T06:54,Cyber Crime Cell,ORG000001,SYN-EXT,CHARGESHEETED,0,1,D
INC000176,557/2025,CASE000057,FICN_COUNTERFEIT,489B/489C,179,8,0,PS000113,Paltan Bazaar Police Station,LOC000113,Paltan Bazaar,Guwahati,Assam,26.17357,91.75925,2025-03-02T20:24,2025-03-03T23:24,Special Task Force (STF),,UNAFFILIATED,UNTRACED,443908505,1,C
INC000177,078/2025,CASE000109,SMUGGLING_CUSTOMS,Customs Act 135,-,5,1,PS000035,Kadamkuan Police Station,LOC000035,Kadamkuan,Patna,Bihar,25.62537,85.1468,2025-03-04T23:54,2025-03-07T04:54,Special Task Force (STF),ORG000009,SYN-FIC,CHARGESHEETED,2079573650,1,B
INC000178,399/2025,CASE000077,CHEATING_FRAUD,420,318(4),5,1,PS000115,Sutarkandi Police Station,LOC000115,Sutarkandi,Karimganj,Assam,24.87968,92.34231,2025-10-08T06:55,2025-10-09T07:55,Enforcement Directorate,ORG000011,SYN-PON,CHARGESHEETED,177643,1,B
INC000179,124/2025,CASE000083,NDPS_TRAFFICKING,NDPS 21(c)/29,-,9,0,PS000058,Nakodar Police Station,LOC000058,Nakodar,Jalandhar,Punjab,31.1138,75.47897,2025-08-07T11:42,2025-08-09T05:42,Special Task Force (STF),ORG000002,SYN-HER,UNDER_INVESTIGATION,227907472,1,C
INC000180,227/2022,CASE000108,MURDER,302,103(1),10,0,PS000038,Chandauti Police Station,LOC000038,Chandauti,Gaya,Bihar,24.78741,84.99597,2022-02-23T23:18,2022-02-24T23:18,Railway Protection Force,ORG000007,SYN-ARM,CHARGESHEETED,0,1,C
INC000181,291/2024,CASE000070,MONEY_LAUNDERING,PMLA 3/4,-,7,0,PS000069,Ramgarh Police Station,LOC000069,Ramgarh,Alwar,Rajasthan,27.52158,76.62084,2024-02-19T14:59,2024-02-22T04:59,Special Task Force (STF),ORG000002,SYN-HER,UNDER_INVESTIGATION,1761004,5,A
INC000182,135/2024,CASE000126,CRIMINAL_CONSPIRACY,120B,61(2),5,0,PS000065,Osian Police Station,LOC000065,Osian,Jodhpur,Rajasthan,26.71758,72.91971,2024-04-22T18:54,2024-04-25T07:54,Narcotics Control Bureau,ORG000002,SYN-HER,CHARGESHEETED,0,2,D
INC000183,525/2026,CASE000071,CHEATING_FRAUD,420,318(4),5,1,PS000020,Nangloi Police Station,LOC000020,Nangloi,New Delhi,Delhi,28.68418,77.06042,2026-05-28T20:52,2026-05-29T00:52,State Police - Crime Branch,ORG000006,SYN-TRF,UNDER_INVESTIGATION,2300791369,1,C
INC000184,674/2022,CASE000115,ARMS_ACT,Arms Act 25/27,-,6,0,PS000047,Metiabruz Police Station,LOC000047,Metiabruz,Kolkata,West Bengal,22.53329,88.31358,2022-03-09T07:17,2022-03-10T07:17,Directorate of Revenue Intelligence,ORG000007,SYN-ARM,CONVICTED,0,5,B
INC000185,818/2025,CASE000123,RIOTING,147/148,191(2),4,1,PS000075,Gondal Police Station,LOC000075,Gondal,Rajkot,Gujarat,21.95838,70.80167,2025-03-25T17:10,2025-03-25T19:10,Central Bureau of Investigation,,UNAFFILIATED,CHARGESHEETED,0,1,C
INC000186,620/2026,CASE000089,RIOTING,147/148,191(2),4,1,PS000082,Gorakhpur Police Station,LOC000082,Gorakhpur,Jabalpur,Madhya Pradesh,23.16759,79.94739,2026-01-04T06:42,2026-01-06T03:42,Income Tax Investigation Wing,ORG000005,SYN-MIN,UNDER_INVESTIGATION,0,3,D
INC000187,231/2025,CASE000044,ORGANISED_CRIME,MCOCA 3(1),111,10,0,PS000022,Paharganj Police Station,LOC000022,Paharganj,New Delhi,Delhi,28.64769,77.22086,2025-01-08T03:58,2025-01-10T19:58,Anti-Terrorism Squad (ATS),ORG000014,SYN-SHK,CHARGESHEETED,0,4,D
INC000188,373/2025,CASE000010,CHEATING_FRAUD,420,318(4),5,1,PS000096,Ukkadam Police Station,LOC000096,Ukkadam,Coimbatore,Tamil Nadu,10.99091,76.96669,2025-07-22T08:18,2025-07-22T21:18,Directorate of Revenue Intelligence,ORG000004,SYN-HAW,UNTRACED,2900539747,3,A
INC000189,491/2023,CASE000013,EXTORTION,384/387,308,6,0,PS000085,Chandrayangutta Police Station,LOC000085,Chandrayangutta,Hyderabad,Telangana,17.33336,78.49109,2023-08-18T18:33,2023-08-19T14:33,Anti-Terrorism Squad (ATS),ORG000012,SYN-BET,CONVICTED,48166448,5,A
INC000190,211/2025,CASE000066,EXTORTION,384/387,308,6,0,PS000006,Malad Police Station,LOC000006,Malad,Mumbai,Maharashtra,19.18722,72.85232,2025-04-23T16:26,2025-04-25T12:26,Narcotics Control Bureau,ORG000001,SYN-EXT,UNDER_INVESTIGATION,8860354,3,C
INC000191,566/2026,CASE000144,ORGANISED_CRIME,MCOCA 3(1),111,10,0,PS000010,Kondhwa Police Station,LOC000010,Kondhwa,Pune,Maharashtra,18.45704,73.8876,2026-01-26T08:53,2026-01-29T08:53,Economic Offences Wing,ORG000007,SYN-ARM,UNTRACED,0,1,D
INC000192,825/2018,CASE000041,FORGERY,465/468,336(3),4,1,PS000087,Bodhan Police Station,LOC000087,Bodhan,Nizamabad,Telangana,18.66779,77.89485,2018-10-09T01:48,2018-10-11T19:48,Special Task Force (STF),ORG000004,SYN-HAW,UNDER_INVESTIGATION,0,2,D
INC000193,401/2023,CASE000035,FORGERY,465/468,336(3),4,1,PS000020,Nangloi Police Station,LOC000020,Nangloi,New Delhi,Delhi,28.68418,77.06042,2023-05-05T12:13,2023-05-08T03:13,Anti-Narcotics Cell,,UNAFFILIATED,CHARGESHEETED,0,7,A
INC000194,149/2026,CASE000130,NDPS_POSSESSION,NDPS 22(b),-,5,0,PS000084,Kukatpally Police Station,LOC000084,Kukatpally,Hyderabad,Telangana,17.48623,78.40974,2026-06-29T19:39,2026-07-01T23:39,Narcotics Control Bureau,ORG000010,SYN-GAN,UNDER_INVESTIGATION,0,4,D
INC000195,242/2021,CASE000082,ROBBERY,392,309(4),6,0,PS000031,Kutba Police Station,LOC000031,Kutba,Muzaffarnagar,Uttar Pradesh,29.47784,77.70244,2021-07-27T06:57,2021-07-30T05:57,Directorate of Revenue Intelligence,ORG000008,SYN-VEH,UNDER_INVESTIGATION,11510760,5,A
INC000196,445/2024,CASE000008,NDPS_POSSESSION,NDPS 22(b),-,5,0,PS000097,Palayamkottai Police Station,LOC000097,Palayamkottai,Tirunelveli,Tamil Nadu,8.7186,77.73084,2024-05-26T01:34,2024-05-26T11:34,Directorate of Revenue Intelligence,ORG000010,SYN-GAN,CHARGESHEETED,0,4,A
INC000197,491/2025,CASE000061,MURDER,302,103(1),10,0,PS000019,Najafgarh Police Station,LOC000019,Najafgarh,New Delhi,Delhi,28.61304,77.01367,2025-12-18T08:54,2025-12-19T21:54,Central Bureau of Investigation,ORG000014,SYN-SHK,UNDER_INVESTIGATION,0,3,A
INC000198,544/2026,CASE000067,CRIMINAL_CONSPIRACY,120B,61(2),5,0,PS000028,Chetganj Police Station,LOC000028,Chetganj,Varanasi,Uttar Pradesh,25.31724,82.98995,2026-02-04T17:42,2026-02-05T23:42,State Intelligence Department,ORG000009,SYN-FIC,ACQUITTED,0,3,C
INC000199,249/2026,CASE000094,MONEY_LAUNDERING,PMLA 3/4,-,7,0,PS000069,Ramgarh Police Station,LOC000069,Ramgarh,Alwar,Rajasthan,27.52158,76.62084,2026-03-02T06:08,2026-03-03T12:08,Directorate of Revenue Intelligence,ORG000012,SYN-BET,UNDER_INVESTIGATION,34136998,2,A
INC000200,366/2026,CASE000037,BETTING_GAMBLING,Gambling Act 3/4,-,2,1,PS000123,Bhairamgarh Police Station,LOC000123,Bhairamgarh,Bijapur,Chhattisgarh,18.79608,80.7942,2026-04-17T05:49,2026-04-18T17:49,Special Task Force (STF),,UNAFFILIATED,UNDER_INVESTIGATION,1991091,3,B
INC000201,278/2023,CASE000128,NDPS_POSSESSION,NDPS 22(b),-,5,0,PS000055,Khalra Police Station,LOC000055,Khalra,Tarn Taran,Punjab,31.44862,74.56847,2023-09-26T15:24,2023-09-28T10:24,State Police - Crime Branch,ORG000002,SYN-HER,UNDER_INVESTIGATION,0,2,D
INC000202,697/2024,CASE000001,CYBER_FRAUD,IT Act 66C/66D,319(2),5,1,PS000021,Sangam Vihar Police Station,LOC000021,Sangam Vihar,New Delhi,Delhi,28.48827,77.23159,2024-11-22T09:33,2024-11-24T13:33,Railway Protection Force,ORG000003,SYN-CYB,UNDER_INVESTIGATION,1567369379,1,C
INC000203,535/2025,CASE000021,NDPS_TRAFFICKING,NDPS 21(c)/29,-,9,0,PS000123,Bhairamgarh Police Station,LOC000123,Bhairamgarh,Bijapur,Chhattisgarh,18.79608,80.7942,2025-12-09T15:47,2025-12-10T06:47,Border Security Force - Intel,ORG000010,SYN-GAN,UNDER_INVESTIGATION,665741645,1,C
INC000204,826/2018,CASE000108,CRIMINAL_CONSPIRACY,120B,61(2),5,0,PS000079,Sanawad Police Station,LOC000079,Sanawad,Khargone,Madhya Pradesh,22.17019,75.90242,2018-06-20T04:09,2018-06-22T12:09,Railway Protection Force,ORG000007,SYN-ARM,UNTRACED,0,2,C
INC000205,116/2018,CASE000032,ARMS_ACT,Arms Act 25/27,-,6,0,PS000087,Bodhan Police Station,LOC000087,Bodhan,Nizamabad,Telangana,18.66779,77.89485,2018-09-10T11:33,2018-09-10T13:33,Anti-Terrorism Squad (ATS),ORG000010,SYN-GAN,CHARGESHEETED,0,2,C
INC000206,736/2022,CASE000017,NDPS_TRAFFICKING,NDPS 21(c)/29,-,9,0,PS000086,Hanamkonda Police Station,LOC000086,Hanamkonda,Warangal,Telangana,18.00878,79.55269,2022-10-17T07:21,2022-10-18T01:21,Directorate of Revenue Intelligence,ORG000010,SYN-GAN,CHARGESHEETED,112405449,3,C
INC000207,052/2026,CASE000146,FORGERY,465/468,336(3),4,1,PS000115,Sutarkandi Police Station,LOC000115,Sutarkandi,Karimganj,Assam,24.87968,92.34231,2026-01-13T03:26,2026-01-15T18:26,Railway Protection Force,ORG000011,SYN-PON,UNDER_INVESTIGATION,0,2,A
INC000208,677/2025,CASE000017,NDPS_TRAFFICKING,NDPS 21(c)/29,-,9,0,PS000111,Chitrakonda Police Station,LOC000111,Chitrakonda,Malkangiri,Odisha,18.09702,82.10019,2025-09-29T02:06,2025-09-30T04:06,Directorate of Revenue Intelligence,ORG000010,SYN-GAN,UNTRACED,544463387,2,D
INC000209,083/2019,CASE000068,RIOTING,147/148,191(2),4,1,PS000095,Melur Police Station,LOC000095,Melur,Madurai,Tamil Nadu,10.02224,78.3489,2019-11-05T02:15,2019-11-05T23:15,Special Task Force (STF),ORG000005,SYN-MIN,CHARGESHEETED,0,2,A
INC000210,607/2021,CASE000011,CRIMINAL_CONSPIRACY,120B,61(2),5,0,PS000007,Mumbra Police Station,LOC000007,Mumbra,Thane,Maharashtra,19.18341,73.02479,2021-10-28T21:32,2021-10-30T21:32,Income Tax Investigation Wing,ORG000010,SYN-GAN,UNDER_INVESTIGATION,0,7,C
INC000211,245/2020,CASE000105,ATTEMPT_TO_MURDER,307,109,8,0,PS000098,Srirangam Police Station,LOC000098,Srirangam,Trichy,Tamil Nadu,10.86798,78.69592,2020-05-14T04:32,2020-05-14T07:32,Narcotics Control Bureau,ORG000005,SYN-MIN,ACQUITTED,0,7,B
INC000212,560/2026,CASE000138,FICN_COUNTERFEIT,489B/489C,179,8,0,PS000076,Karelibaug Police Station,LOC000076,Karelibaug,Vadodara,Gujarat,22.32869,73.19409,2026-06-18T17:04,2026-06-20T05:04,Railway Protection Force,,UNAFFILIATED,ACQUITTED,384496783,2,B
INC000213,062/2025,CASE000020,HUMAN_TRAFFICKING,370/372,143,9,0,PS000061,Sohna Police Station,LOC000061,Sohna,Gurugram,Haryana,28.25004,77.06581,2025-06-13T20:52,2025-06-14T11:52,Income Tax Investigation Wing,ORG000006,SYN-TRF,UNDER_INVESTIGATION,0,1,A
INC000214,716/2021,CASE000002,WILDLIFE_TRAFFICKING,WLPA 51,-,6,0,PS000094,Kodungaiyur Police Station,LOC000094,Kodungaiyur,Chennai,Tamil Nadu,13.13103,80.23855,2021-04-04T18:53,2021-04-04T22:53,Income Tax Investigation Wing,ORG000015,SYN-WLD,UNTRACED,241257449,3,D
INC000215,104/2022,CASE000108,ARMS_ACT,Arms Act 25/27,-,6,0,PS000004,Bhendi Bazaar Police Station,LOC000004,Bhendi Bazaar,Mumbai,Maharashtra,18.95981,72.82064,2022-10-18T16:34,2022-10-18T20:34,Railway Protection Force,ORG000007,SYN-ARM,CHARGESHEETED,0,2,D
INC000216,443/2021,CASE000156,ORGANISED_CRIME,MCOCA 3(1),111,10,0,PS000046,Bengabad Police Station,LOC000046,Bengabad,Giridih,Jharkhand,24.1853,86.30745,2021-11-03T06:45,2021-11-03T10:45,Cyber Crime Cell,ORG000007,SYN-ARM,UNDER_INVESTIGATION,0,1,A
INC000217,189/2021,CASE000157,FORGERY,465/468,336(3),4,1,PS000103,Sandur Police Station,LOC000103,Sandur,Ballari,Karnataka,15.10763,76.5405,2021-08-08T00:49,2021-08-10T18:49,Economic Offences Wing,ORG000003,SYN-CYB,UNDER_INVESTIGATION,0,1,D
INC000218,103/2021,CASE000105,MURDER,302,103(1),10,0,PS000099,KG Halli Police Station,LOC000099,KG Halli,Bengaluru,Karnataka,13.00798,77.6042,2021-02-07T12:07,2021-02-09T23:07,Narcotics Control Bureau,ORG000005,SYN-MIN,UNDER_INVESTIGATION,0,5,C
INC000219,579/2026,CASE000139,MONEY_LAUNDERING,PMLA 3/4,-,7,0,PS000040,Barauni Police Station,LOC000040,Barauni,Begusarai,Bihar,25.42198,86.12977,2026-04-26T18:56,2026-04-29T05:56,Narcotics Control Bureau,ORG000011,SYN-PON,CHARGESHEETED,1754022286,2,D
INC000220,102/2026,CASE000095,CHEATING_FRAUD,420,318(4),5,1,PS000020,Nangloi Police Station,LOC000020,Nangloi,New Delhi,Delhi,28.68418,77.06042,2026-03-23T12:56,2026-03-24T13:56,Railway Protection Force,ORG000008,SYN-VEH,CHARGESHEETED,4857605,2,C
INC000221,876/2022,CASE000104,FORGERY,465/468,336(3),4,1,PS000086,Hanamkonda Police Station,LOC000086,Hanamkonda,Warangal,Telangana,18.00878,79.55269,2022-06-03T02:43,2022-06-03T04:43,Income Tax Investigation Wing,ORG000004,SYN-HAW,CONVICTED,0,1,D
INC000222,673/2021,CASE000154,FORGERY,465/468,336(3),4,1,PS000061,Sohna Police Station,LOC000061,Sohna,Gurugram,Haryana,28.25004,77.06581,2021-11-21T02:16,2021-11-21T22:16,Narcotics Control Bureau,ORG000003,SYN-CYB,UNTRACED,0,3,D
INC000223,866/2026,CASE000130,CRIMINAL_CONSPIRACY,120B,61(2),5,0,PS000123,Bhairamgarh Police Station,LOC000123,Bhairamgarh,Bijapur,Chhattisgarh,18.79608,80.7942,2026-04-27T17:06,2026-04-28T06:06,Narcotics Control Bureau,ORG000010,SYN-GAN,CONVICTED,0,2,C
INC000224,588/2025,CASE000035,FORGERY,465/468,336(3),4,1,PS000032,Baradari Police Station,LOC000032,Baradari,Bareilly,Uttar Pradesh,28.3677,79.43192,2025-01-28T22:37,2025-01-31T15:37,Anti-Narcotics Cell,,UNAFFILIATED,CONVICTED,0,5,B
INC000225,728/2024,CASE000142,FICN_COUNTERFEIT,489B/489C,179,8,0,PS000039,Mahadeva Police Station,LOC000039,Mahadeva,Siwan,Bihar,26.21306,84.36525,2024-08-31T23:51,2024-09-01T03:51,State Intelligence Department,ORG000009,SYN-FIC,UNDER_INVESTIGATION,532552692,4,A
INC000226,234/2021,CASE000157,CHEATING_FRAUD,420,318(4),5,1,PS000049,Kaliachak Police Station,LOC000049,Kaliachak,Malda,West Bengal,24.97035,88.00242,2021-03-03T06:24,2021-03-04T18:24,Economic Offences Wing,ORG000003,SYN-CYB,UNDER_INVESTIGATION,2330119160,5,C
INC000227,848/2026,CASE000142,FICN_COUNTERFEIT,489B/489C,179,8,0,PS000032,Baradari Police Station,LOC000032,Baradari,Bareilly,Uttar Pradesh,28.3677,79.43192,2026-03-04T13:04,2026-03-05T19:04,State Intelligence Department,ORG000009,SYN-FIC,UNTRACED,687576526,3,B
INC000228,391/2021,CASE000006,CHEATING_FRAUD,420,318(4),5,1,PS000100,Yeshwanthpur Police Station,LOC000100,Yeshwanthpur,Bengaluru,Karnataka,13.02634,77.54707,2021-04-18T21:56,2021-04-20T19:56,Central Bureau of Investigation,ORG000003,SYN-CYB,CHARGESHEETED,509618,1,A
INC000229,236/2026,CASE000014,LAND_GRABBING,441/447,329,4,1,PS000021,Sangam Vihar Police Station,LOC000021,Sangam Vihar,New Delhi,Delhi,28.48827,77.23159,2026-04-18T06:47,2026-04-21T04:47,Border Security Force - Intel,,UNAFFILIATED,UNDER_INVESTIGATION,0,4,A
INC000230,271/2024,CASE000007,ARMS_ACT,Arms Act 25/27,-,6,0,PS000042,Karmatanr Police Station,LOC000042,Karmatanr,Jamtara,Jharkhand,23.95479,86.79482,2024-06-06T12:56,2024-06-06T14:56,Railway Protection Force,ORG000007,SYN-ARM,UNTRACED,0,4,D
INC000231,592/2026,CASE000114,ORGANISED_CRIME,MCOCA 3(1),111,10,0,PS000045,Hatia Police Station,LOC000045,Hatia,Ranchi,Jharkhand,23.30257,85.31951,2026-05-01T19:21,2026-05-03T06:21,Anti-Narcotics Cell,,UNAFFILIATED,UNDER_INVESTIGATION,0,2,D
INC000232,150/2026,CASE000129,ORGANISED_CRIME,MCOCA 3(1),111,10,0,PS000099,KG Halli Police Station,LOC000099,KG Halli,Bengaluru,Karnataka,13.00798,77.6042,2026-02-12T21:26,2026-02-15T13:26,Enforcement Directorate,,UNAFFILIATED,CHARGESHEETED,0,2,A
INC000233,033/2026,CASE000034,CRIMINAL_CONSPIRACY,120B,61(2),5,0,PS000076,Karelibaug Police Station,LOC000076,Karelibaug,Vadodara,Gujarat,22.32869,73.19409,2026-01-20T13:54,2026-01-23T13:54,Enforcement Directorate,ORG000001,SYN-EXT,CHARGESHEETED,0,1,C
INC000234,517/2025,CASE000074,NDPS_POSSESSION,NDPS 22(b),-,5,0,PS000021,Sangam Vihar Police Station,LOC000021,Sangam Vihar,New Delhi,Delhi,28.48827,77.23159,2025-02-22T03:45,2025-02-22T14:45,Railway Protection Force,,UNAFFILIATED,CONVICTED,0,5,D
INC000235,312/2021,CASE000069,ARMS_ACT,Arms Act 25/27,-,6,0,PS000069,Ramgarh Police Station,LOC000069,Ramgarh,Alwar,Rajasthan,27.52158,76.62084,2021-12-29T02:38,2021-12-30T17:38,Cyber Crime Cell,,UNAFFILIATED,CHARGESHEETED,0,3,A
INC000236,147/2024,CASE000053,NDPS_TRAFFICKING,NDPS 21(c)/29,-,9,0,PS000069,Ramgarh Police Station,LOC000069,Ramgarh,Alwar,Rajasthan,27.52158,76.62084,2024-04-02T13:10,2024-04-04T07:10,Economic Offences Wing,ORG000002,SYN-HER,UNDER_INVESTIGATION,784035004,4,A
INC000237,349/2024,CASE000024,MURDER,302,103(1),10,0,PS000075,Gondal Police Station,LOC000075,Gondal,Rajkot,Gujarat,21.95838,70.80167,2024-09-30T21:51,2024-10-01T16:51,Railway Protection Force,ORG000001,SYN-EXT,ACQUITTED,0,1,C
INC000238,016/2026,CASE000124,CHEATING_FRAUD,420,318(4),5,1,PS000095,Melur Police Station,LOC000095,Melur,Madurai,Tamil Nadu,10.02224,78.3489,2026-04-10T20:43,2026-04-12T11:43,Directorate of Revenue Intelligence,ORG000004,SYN-HAW,UNDER_INVESTIGATION,268818,2,A
INC000239,600/2023,CASE000088,CYBER_FRAUD,IT Act 66C/66D,319(2),5,1,PS000106,Nadakkavu Police Station,LOC000106,Nadakkavu,Kozhikode,Kerala,11.26765,75.77077,2023-02-11T19:21,2023-02-12T16:21,State Intelligence Department,,UNAFFILIATED,UNDER_INVESTIGATION,1789955520,4,A
INC000240,261/2025,CASE000036,FORGERY,465/468,336(3),4,1,PS000110,Jagatpur Police Station,LOC000110,Jagatpur,Cuttack,Odisha,20.51657,85.86729,2025-09-02T20:39,2025-09-05T13:39,Central Bureau of Investigation,ORG000011,SYN-PON,ACQUITTED,0,3,D
INC000241,190/2025,CASE000078,VEHICLE_THEFT,379/411,303(2),3,1,PS000038,Chandauti Police Station,LOC000038,Chandauti,Gaya,Bihar,24.78741,84.99597,2025-07-22T23:21,2025-07-25T11:21,Anti-Narcotics Cell,ORG000008,SYN-VEH,CONVICTED,0,7,A
INC000242,087/2025,CASE000057,FICN_COUNTERFEIT,489B/489C,179,8,0,PS000124,Clement Town Police Station,LOC000124,Clement Town,Dehradun,Uttarakhand,30.2693,77.99884,2025-05-02T11:40,2025-05-02T22:40,Special Task Force (STF),,UNAFFILIATED,UNDER_INVESTIGATION,296538691,5,C
INC000243,669/2020,CASE000009,ORGANISED_CRIME,MCOCA 3(1),111,10,0,PS000048,Rajabazar Police Station,LOC000048,Rajabazar,Kolkata,West Bengal,22.57998,88.37543,2020-09-08T14:22,2020-09-10T13:22,Income Tax Investigation Wing,ORG000013,SYN-KDN,CHARGESHEETED,0,3,C
INC000244,043/2026,CASE000039,WILDLIFE_TRAFFICKING,WLPA 51,-,6,0,PS000022,Paharganj Police Station,LOC000022,Paharganj,New Delhi,Delhi,28.64769,77.22086,2026-04-29T08:59,2026-04-30T20:59,Narcotics Control Bureau,ORG000015,SYN-WLD,UNDER_INVESTIGATION,233215422,2,A
INC000245,388/2026,CASE000126,CRIMINAL_CONSPIRACY,120B,61(2),5,0,PS000064,Ballabgarh Police Station,LOC000064,Ballabgarh,Faridabad,Haryana,28.34729,77.32805,2026-05-12T12:13,2026-05-12T17:13,Narcotics Control Bureau,ORG000002,SYN-HER,CHARGESHEETED,0,2,A
INC000246,355/2025,CASE000081,ARMS_ACT,Arms Act 25/27,-,6,0,PS000120,Maisuma Police Station,LOC000120,Maisuma,Srinagar,Jammu and Kashmir,34.06805,74.79591,2025-07-25T07:08,2025-07-25T19:08,Anti-Narcotics Cell,ORG000002,SYN-HER,UNDER_INVESTIGATION,0,1,C
INC000247,816/2025,CASE000144,CRIMINAL_CONSPIRACY,120B,61(2),5,0,PS000079,Sanawad Police Station,LOC000079,Sanawad,Khargone,Madhya Pradesh,22.17019,75.90242,2025-01-12T17:11,2025-01-15T13:11,Economic Offences Wing,ORG000007,SYN-ARM,CHARGESHEETED,0,4,A
INC000248,136/2025,CASE000024,LAND_GRABBING,441/447,329,4,1,PS000101,Ullal Police Station,LOC000101,Ullal,Mangaluru,Karnataka,12.80948,74.86499,2025-10-01T19:36,2025-10-02T03:36,Railway Protection Force,ORG000001,SYN-EXT,UNDER_INVESTIGATION,0,7,D
INC000249,107/2024,CASE000094,MONEY_LAUNDERING,PMLA 3/4,-,7,0,PS000086,Hanamkonda Police Station,LOC000086,Hanamkonda,Warangal,Telangana,18.00878,79.55269,2024-05-05T07:42,2024-05-05T20:42,Directorate of Revenue Intelligence,ORG000012,SYN-BET,UNDER_INVESTIGATION,528049,1,D
INC000250,887/2026,CASE000094,BETTING_GAMBLING,Gambling Act 3/4,-,2,1,PS000021,Sangam Vihar Police Station,LOC000021,Sangam Vihar,New Delhi,Delhi,28.48827,77.23159,2026-04-22T09:14,2026-04-25T04:14,Directorate of Revenue Intelligence,ORG000012,SYN-BET,UNDER_INVESTIGATION,2657796612,4,D
INC000251,511/2025,CASE000114,ORGANISED_CRIME,MCOCA 3(1),111,10,0,PS000122,Birgaon Police Station,LOC000122,Birgaon,Raipur,Chhattisgarh,21.27602,81.63096,2025-12-21T03:31,2025-12-22T22:31,Anti-Narcotics Cell,,UNAFFILIATED,ACQUITTED,0,2,D
INC000252,620/2022,CASE000007,ARMS_ACT,Arms Act 25/27,-,6,0,PS000043,Sarwan Police Station,LOC000043,Sarwan,Deoghar,Jharkhand,24.47171,86.69972,2022-12-11T18:33,2022-12-12T08:33,Railway Protection Force,ORG000007,SYN-ARM,CHARGESHEETED,0,3,D
INC000253,332/2024,CASE000070,NDPS_POSSESSION,NDPS 22(b),-,5,0,PS000055,Khalra Police Station,LOC000055,Khalra,Tarn Taran,Punjab,31.44862,74.56847,2024-10-19T08:50,2024-10-22T07:50,Special Task Force (STF),ORG000002,SYN-HER,UNDER_INVESTIGATION,0,4,D
INC000254,208/2023,CASE000116,FORGERY,465/468,336(3),4,1,PS000053,Karimpur Police Station,LOC000053,Karimpur,Nadia,West Bengal,23.96971,88.62078,2023-12-30T10:59,2024-01-01T10:59,Special Task Force (STF),,UNAFFILIATED,CHARGESHEETED,0,3,A
INC000255,411/2024,CASE000111,ARMS_ACT,Arms Act 25/27,-,6,0,PS000040,Barauni Police Station,LOC000040,Barauni,Begusarai,Bihar,25.42198,86.12977,2024-02-07T16:27,2024-02-07T19:27,Railway Protection Force,ORG000013,SYN-KDN,UNDER_INVESTIGATION,0,3,A
INC000256,005/2026,CASE000109,FICN_COUNTERFEIT,489B/489C,179,8,0,PS000047,Metiabruz Police Station,LOC000047,Metiabruz,Kolkata,West Bengal,22.53329,88.31358,2026-06-02T21:24,2026-06-03T05:24,Special Task Force (STF),ORG000009,SYN-FIC,UNDER_INVESTIGATION,440902198,2,B
INC000257,276/2025,CASE000049,SMUGGLING_CUSTOMS,Customs Act 135,-,5,1,PS000084,Kukatpally Police Station,LOC000084,Kukatpally,Hyderabad,Telangana,17.48623,78.40974,2025-09-29T19:58,2025-10-01T21:58,Border Security Force - Intel,ORG000004,SYN-HAW,CHARGESHEETED,8628821,2,A
INC000258,082/2025,CASE000047,CHEATING_FRAUD,420,318(4),5,1,PS000047,Metiabruz Police Station,LOC000047,Metiabruz,Kolkata,West Bengal,22.53329,88.31358,2025-07-31T01:39,2025-08-02T16:39,Enforcement Directorate,ORG000004,SYN-HAW,CONVICTED,39253572,4,C
INC000259,142/2023,CASE000056,MONEY_LAUNDERING,PMLA 3/4,-,7,0,PS000060,Punhana Police Station,LOC000060,Punhana,Nuh,Haryana,27.86723,77.21101,2023-05-13T12:27,2023-05-14T14:27,Directorate of Revenue Intelligence,ORG000002,SYN-HER,CHARGESHEETED,971981611,2,D
INC000260,482/2024,CASE000035,FORGERY,465/468,336(3),4,1,PS000075,Gondal Police Station,LOC000075,Gondal,Rajkot,Gujarat,21.95838,70.80167,2024-07-24T23:36,2024-07-27T01:36,Anti-Narcotics Cell,,UNAFFILIATED,UNDER_INVESTIGATION,0,3,B
INC000261,735/2025,CASE000028,HUMAN_TRAFFICKING,370/372,143,9,0,PS000038,Chandauti Police Station,LOC000038,Chandauti,Gaya,Bihar,24.78741,84.99597,2025-03-28T05:39,2025-03-29T07:39,Economic Offences Wing,ORG000006,SYN-TRF,ACQUITTED,0,3,C
INC000262,858/2023,CASE000098,MURDER,302,103(1),10,0,PS000041,Khajanchi Hat Police Station,LOC000041,Khajanchi Hat,Purnia,Bihar,25.78858,87.47757,2023-07-20T23:17,2023-07-21T19:17,Special Task Force (STF),ORG000007,SYN-ARM,UNDER_INVESTIGATION,0,2,A
INC000263,180/2025,CASE000098,ORGANISED_CRIME,MCOCA 3(1),111,10,0,PS000045,Hatia Police Station,LOC000045,Hatia,Ranchi,Jharkhand,23.30257,85.31951,2025-10-10T22:59,2025-10-13T17:59,Special Task Force (STF),ORG000007,SYN-ARM,UNDER_INVESTIGATION,0,4,D
INC000264,748/2024,CASE000149,MONEY_LAUNDERING,PMLA 3/4,-,7,0,PS000058,Nakodar Police Station,LOC000058,Nakodar,Jalandhar,Punjab,31.1138,75.47897,2024-11-14T20:33,2024-11-15T11:33,Special Task Force (STF),,UNAFFILIATED,ACQUITTED,47829086,2,C
INC000265,012/2024,CASE000021,ARMS_ACT,Arms Act 25/27,-,6,0,PS000084,Kukatpally Police Station,LOC000084,Kukatpally,Hyderabad,Telangana,17.48623,78.40974,2024-10-28T03:35,2024-10-28T22:35,Border Security Force - Intel,ORG000010,SYN-GAN,CHARGESHEETED,0,5,D
INC000266,261/2025,CASE000058,NDPS_POSSESSION,NDPS 22(b),-,5,0,PS000112,Berhampur Police Station,LOC000112,Berhampur,Ganjam,Odisha,19.31878,84.78231,2025-06-11T22:44,2025-06-13T17:44,Narcotics Control Bureau,ORG000010,SYN-GAN,UNDER_INVESTIGATION,0,1,B
INC000267,705/2026,CASE000052,KIDNAP_FOR_RANSOM,364A,140(2),9,0,PS000053,Karimpur Police Station,LOC000053,Karimpur,Nadia,West Bengal,23.96971,88.62078,2026-02-15T09:29,2026-02-18T09:29,State Police - Crime Branch,ORG000013,SYN-KDN,CHARGESHEETED,2739441,1,C
INC000268,517/2026,CASE000138,FICN_COUNTERFEIT,489B/489C,179,8,0,PS000079,Sanawad Police Station,LOC000079,Sanawad,Khargone,Madhya Pradesh,22.17019,75.90242,2026-06-22T18:55,2026-06-25T03:55,Railway Protection Force,,UNAFFILIATED,UNDER_INVESTIGATION,565672619,3,C
INC000269,775/2020,CASE000104,MONEY_LAUNDERING,PMLA 3/4,-,7,0,PS000049,Kaliachak Police Station,LOC000049,Kaliachak,Malda,West Bengal,24.97035,88.00242,2020-06-08T19:34,2020-06-11T01:34,Income Tax Investigation Wing,ORG000004,SYN-HAW,UNTRACED,145084549,3,B
INC000270,269/2026,CASE000075,ORGANISED_CRIME,MCOCA 3(1),111,10,0,PS000060,Punhana Police Station,LOC000060,Punhana,Nuh,Haryana,27.86723,77.21101,2026-06-05T22:44,2026-06-08T06:44,State Intelligence Department,ORG000014,SYN-SHK,UNDER_INVESTIGATION,0,2,C
INC000271,653/2023,CASE000104,FORGERY,465/468,336(3),4,1,PS000085,Chandrayangutta Police Station,LOC000085,Chandrayangutta,Hyderabad,Telangana,17.33336,78.49109,2023-03-14T04:25,2023-03-16T01:25,Income Tax Investigation Wing,ORG000004,SYN-HAW,UNDER_INVESTIGATION,0,4,A
INC000272,032/2025,CASE000129,ORGANISED_CRIME,MCOCA 3(1),111,10,0,PS000008,Vashi Police Station,LOC000008,Vashi,Navi Mumbai,Maharashtra,19.08218,72.99119,2025-12-16T08:04,2025-12-16T15:04,Enforcement Directorate,,UNAFFILIATED,UNTRACED,0,2,D
INC000273,010/2020,CASE000009,EXTORTION,384/387,308,6,0,PS000044,Jharia Police Station,LOC000044,Jharia,Dhanbad,Jharkhand,23.74956,86.41065,2020-08-31T12:19,2020-09-01T02:19,Income Tax Investigation Wing,ORG000013,SYN-KDN,UNDER_INVESTIGATION,9160976,3,C
INC000274,528/2025,CASE000078,ROBBERY,392,309(4),6,0,PS000057,Mamdot Police Station,LOC000057,Mamdot,Ferozepur,Punjab,30.92456,74.61601,2025-11-08T18:28,2025-11-09T19:28,Anti-Narcotics Cell,ORG000008,SYN-VEH,UNDER_INVESTIGATION,5954110,2,A
INC000275,139/2025,CASE000031,MONEY_LAUNDERING,PMLA 3/4,-,7,0,PS000017,Jamia Nagar Police Station,LOC000017,Jamia Nagar,New Delhi,Delhi,28.55756,77.28271,2025-06-30T09:10,2025-07-02T21:10,Narcotics Control Bureau,ORG000012,SYN-BET,CHARGESHEETED,33549887,7,A
INC000276,553/2024,CASE000036,CHEATING_FRAUD,420,318(4),5,1,PS000037,Mithanpura Police Station,LOC000037,Mithanpura,Muzaffarpur,Bihar,26.12944,85.39524,2024-08-08T23:37,2024-08-10T22:37,Central Bureau of Investigation,ORG000011,SYN-PON,UNDER_INVESTIGATION,1181183,2,D
INC000277,169/2025,CASE000022,RIOTING,147/148,191(2),4,1,PS000097,Palayamkottai Police Station,LOC000097,Palayamkottai,Tirunelveli,Tamil Nadu,8.7186,77.73084,2025-09-17T06:40,2025-09-19T20:40,Anti-Terrorism Squad (ATS),ORG000005,SYN-MIN,UNDER_INVESTIGATION,0,3,A
INC000278,601/2023,CASE000121,SMUGGLING_CUSTOMS,Customs Act 135,-,5,1,PS000105,Tirur Police Station,LOC000105,Tirur,Malappuram,Kerala,10.91534,75.92575,2023-01-09T00:50,2023-01-11T11:50,Income Tax Investigation Wing,ORG000004,SYN-HAW,ACQUITTED,617045,2,A
INC000279,286/2026,CASE000137,CRIMINAL_CONSPIRACY,120B,61(2),5,0,PS000090,Mangalagiri Police Station,LOC000090,Mangalagiri,Guntur,Andhra Pradesh,16.43011,80.55502,2026-05-28T07:43,2026-05-28T08:43,Anti-Terrorism Squad (ATS),ORG000015,SYN-WLD,CHARGESHEETED,0,3,C
INC000280,074/2025,CASE000012,ARMS_ACT,Arms Act 25/27,-,6,0,PS000011,Kamptee Police Station,LOC000011,Kamptee,Nagpur,Maharashtra,21.22695,79.19707,2025-09-20T11:46,2025-09-23T07:46,Special Task Force (STF),ORG000007,SYN-ARM,UNDER_INVESTIGATION,0,1,D
INC000281,684/2018,CASE000031,CHEATING_FRAUD,420,318(4),5,1,PS000099,KG Halli Police Station,LOC000099,KG Halli,Bengaluru,Karnataka,13.00798,77.6042,2018-08-30T13:08,2018-09-01T03:08,Narcotics Control Bureau,ORG000012,SYN-BET,UNDER_INVESTIGATION,1139431816,3,C
INC000282,490/2021,CASE000041,MONEY_LAUNDERING,PMLA 3/4,-,7,0,PS000094,Kodungaiyur Police Station,LOC000094,Kodungaiyur,Chennai,Tamil Nadu,13.13103,80.23855,2021-08-11T16:56,2021-08-14T15:56,Special Task Force (STF),ORG000004,SYN-HAW,CHARGESHEETED,893573,2,A
INC000283,236/2026,CASE000034,ORGANISED_CRIME,MCOCA 3(1),111,10,0,PS000101,Ullal Police Station,LOC000101,Ullal,Mangaluru,Karnataka,12.80948,74.86499,2026-03-26T21:44,2026-03-26T22:44,Enforcement Directorate,ORG000001,SYN-EXT,UNDER_INVESTIGATION,0,4,C
INC000284,824/2025,CASE000077,CHEATING_FRAUD,420,318(4),5,1,PS000115,Sutarkandi Police Station,LOC000115,Sutarkandi,Karimganj,Assam,24.87968,92.34231,2025-02-11T14:23,2025-02-14T02:23,Enforcement Directorate,ORG000011,SYN-PON,CHARGESHEETED,35579453,2,B
INC000285,058/2024,CASE000038,CRIMINAL_CONSPIRACY,120B,61(2),5,0,PS000101,Ullal Police Station,LOC000101,Ullal,Mangaluru,Karnataka,12.80948,74.86499,2024-06-09T16:21,2024-06-12T05:21,Directorate of Revenue Intelligence,ORG000001,SYN-EXT,UNDER_INVESTIGATION,0,3,D
INC000286,429/2022,CASE000149,MONEY_LAUNDERING,PMLA 3/4,-,7,0,PS000005,Andheri Police Station,LOC000005,Andheri,Mumbai,Maharashtra,19.11407,72.84691,2022-06-30T09:44,2022-06-30T21:44,Special Task Force (STF),,UNAFFILIATED,UNTRACED,1192600,3,D
INC000287,251/2019,CASE000133,CRIMINAL_CONSPIRACY,120B,61(2),5,0,PS000051,Bongaon Police Station,LOC000051,Bongaon,North 24 Parganas,West Bengal,23.07416,88.81118,2019-09-20T09:40,2019-09-20T21:40,Special Task Force (STF),ORG000015,SYN-WLD,UNDER_INVESTIGATION,0,2,C
INC000288,367/2025,CASE000099,SMUGGLING_CUSTOMS,Customs Act 135,-,5,1,PS000047,Metiabruz Police Station,LOC000047,Metiabruz,Kolkata,West Bengal,22.53329,88.31358,2025-09-08T23:45,2025-09-09T23:45,Cyber Crime Cell,ORG000009,SYN-FIC,UNDER_INVESTIGATION,2135816839,2,D
INC000289,020/2019,CASE000133,CRIMINAL_CONSPIRACY,120B,61(2),5,0,PS000053,Karimpur Police Station,LOC000053,Karimpur,Nadia,West Bengal,23.96971,88.62078,2019-01-19T09:35,2019-01-22T06:35,Special Task Force (STF),ORG000015,SYN-WLD,CHARGESHEETED,0,3,B
INC000290,712/2025,CASE000026,CHEATING_FRAUD,420,318(4),5,1,PS000050,Jalangi Police Station,LOC000050,Jalangi,Murshidabad,West Bengal,24.11042,88.40108,2025-11-23T12:17,2025-11-25T02:17,State Intelligence Department,ORG000003,SYN-CYB,UNDER_INVESTIGATION,8336727,4,C
INC000291,718/2026,CASE000036,CHEATING_FRAUD,420,318(4),5,1,PS000046,Bengabad Police Station,LOC000046,Bengabad,Giridih,Jharkhand,24.1853,86.30745,2026-04-17T05:06,2026-04-17T11:06,Central Bureau of Investigation,ORG000011,SYN-PON,UNTRACED,810418021,3,A
INC000292,704/2022,CASE000062,FORGERY,465/468,336(3),4,1,PS000014,Barshi Police Station,LOC000014,Barshi,Solapur,Maharashtra,18.23555,75.69409,2022-09-21T09:24,2022-09-21T16:24,Cyber Crime Cell,ORG000004,SYN-HAW,UNDER_INVESTIGATION,0,2,D
INC000293,803/2025,CASE000137,FORGERY,465/468,336(3),4,1,PS000082,Gorakhpur Police Station,LOC000082,Gorakhpur,Jabalpur,Madhya Pradesh,23.16759,79.94739,2025-07-29T02:33,2025-07-29T11:33,Anti-Terrorism Squad (ATS),ORG000015,SYN-WLD,UNDER_INVESTIGATION,0,1,C
INC000294,102/2021,CASE000119,DACOITY,395,310(2),8,0,PS000117,Tuibong Police Station,LOC000117,Tuibong,Churachandpur,Manipur,24.3214,93.68328,2021-06-29T11:09,2021-07-01T19:09,State Police - Crime Branch,,UNAFFILIATED,ACQUITTED,26076258,3,D
INC000295,472/2026,CASE000093,RIOTING,147/148,191(2),4,1,PS000037,Mithanpura Police Station,LOC000037,Mithanpura,Muzaffarpur,Bihar,26.12944,85.39524,2026-02-27T03:38,2026-02-28T22:38,Railway Protection Force,ORG000005,SYN-MIN,CHARGESHEETED,0,3,D
INC000296,191/2025,CASE000079,SMUGGLING_CUSTOMS,Customs Act 135,-,5,1,PS000106,Nadakkavu Police Station,LOC000106,Nadakkavu,Kozhikode,Kerala,11.26765,75.77077,2025-06-21T10:53,2025-06-22T15:53,Income Tax Investigation Wing,ORG000004,SYN-HAW,UNDER_INVESTIGATION,5934768,2,A
INC000297,269/2026,CASE000095,VEHICLE_THEFT,379/411,303(2),3,1,PS000057,Mamdot Police Station,LOC000057,Mamdot,Ferozepur,Punjab,30.92456,74.61601,2026-01-20T11:00,2026-01-23T06:00,Railway Protection Force,ORG000008,SYN-VEH,UNTRACED,0,7,D
INC000298,428/2024,CASE000132,VEHICLE_THEFT,379/411,303(2),3,1,PS000107,Chavakkad Police Station,LOC000107,Chavakkad,Thrissur,Kerala,10.58445,76.01633,2024-11-16T08:21,2024-11-18T05:21,Economic Offences Wing,,UNAFFILIATED,CHARGESHEETED,0,2,D
INC000299,827/2026,CASE000093,ILLEGAL_MINING,MMDR 21(1),-,4,1,PS000098,Srirangam Police Station,LOC000098,Srirangam,Trichy,Tamil Nadu,10.86798,78.69592,2026-02-04T18:26,2026-02-07T07:26,Railway Protection Force,ORG000005,SYN-MIN,CONVICTED,0,3,C
INC000300,725/2024,CASE000093,EXTORTION,384/387,308,6,0,PS000103,Sandur Police Station,LOC000103,Sandur,Ballari,Karnataka,15.10763,76.5405,2024-03-23T11:42,2024-03-25T04:42,Railway Protection Force,ORG000005,SYN-MIN,CHARGESHEETED,46031749,4,C
INC000301,536/2026,CASE000095,VEHICLE_THEFT,379/411,303(2),3,1,PS000017,Jamia Nagar Police Station,LOC000017,Jamia Nagar,New Delhi,Delhi,28.55756,77.28271,2026-02-28T16:20,2026-03-01T21:20,Railway Protection Force,ORG000008,SYN-VEH,UNDER_INVESTIGATION,0,1,A
INC000302,874/2022,CASE000123,RIOTING,147/148,191(2),4,1,PS000046,Bengabad Police Station,LOC000046,Bengabad,Giridih,Jharkhand,24.1853,86.30745,2022-03-30T18:36,2022-04-02T12:36,Central Bureau of Investigation,,UNAFFILIATED,UNDER_INVESTIGATION,0,3,B
INC000303,818/2026,CASE000014,LAND_GRABBING,441/447,329,4,1,PS000067,Chomu Police Station,LOC000067,Chomu,Jaipur,Rajasthan,27.16846,75.72915,2026-01-22T02:20,2026-01-23T02:20,Border Security Force - Intel,,UNAFFILIATED,CONVICTED,0,2,D
INC000304,189/2021,CASE000084,FORGERY,465/468,336(3),4,1,PS000061,Sohna Police Station,LOC000061,Sohna,Gurugram,Haryana,28.25004,77.06581,2021-04-10T14:39,2021-04-11T19:39,State Police - Crime Branch,,UNAFFILIATED,UNDER_INVESTIGATION,0,2,B
INC000305,622/2025,CASE000135,CRIMINAL_CONSPIRACY,120B,61(2),5,0,PS000051,Bongaon Police Station,LOC000051,Bongaon,North 24 Parganas,West Bengal,23.07416,88.81118,2025-07-02T02:06,2025-07-03T17:06,Narcotics Control Bureau,ORG000009,SYN-FIC,UNTRACED,0,2,C
INC000306,894/2025,CASE000099,FICN_COUNTERFEIT,489B/489C,179,8,0,PS000025,Lisari Gate Police Station,LOC000025,Lisari Gate,Meerut,Uttar Pradesh,28.97425,77.70598,2025-03-13T16:47,2025-03-14T13:47,Cyber Crime Cell,ORG000009,SYN-FIC,UNTRACED,711530057,4,D
INC000307,240/2019,CASE000133,CRIMINAL_CONSPIRACY,120B,61(2),5,0,PS000114,Golakganj Police Station,LOC000114,Golakganj,Dhubri,Assam,26.02193,89.81691,2019-12-13T01:18,2019-12-15T23:18,Special Task Force (STF),ORG000015,SYN-WLD,CONVICTED,0,5,B
INC000308,612/2024,CASE000093,RIOTING,147/148,191(2),4,1,PS000100,Yeshwanthpur Police Station,LOC000100,Yeshwanthpur,Bengaluru,Karnataka,13.02634,77.54707,2024-03-19T17:14,2024-03-20T12:14,Railway Protection Force,ORG000005,SYN-MIN,UNDER_INVESTIGATION,0,7,A
INC000309,542/2022,CASE000125,CHEATING_FRAUD,420,318(4),5,1,PS000104,Mattancherry Police Station,LOC000104,Mattancherry,Kochi,Kerala,9.96365,76.25723,2022-08-25T13:28,2022-08-27T16:28,Border Security Force - Intel,ORG000004,SYN-HAW,UNDER_INVESTIGATION,21263851,2,C
INC000310,240/2019,CASE000148,MONEY_LAUNDERING,PMLA 3/4,-,7,0,PS000052,Matigara Police Station,LOC000052,Matigara,Siliguri,West Bengal,26.72719,88.37142,2019-03-21T06:51,2019-03-23T05:51,State Police - Crime Branch,ORG000011,SYN-PON,CHARGESHEETED,1706919469,5,A
INC000311,202/2022,CASE000128,ARMS_ACT,Arms Act 25/27,-,6,0,PS000019,Najafgarh Police Station,LOC000019,Najafgarh,New Delhi,Delhi,28.61304,77.01367,2022-01-30T02:49,2022-01-30T20:49,State Police - Crime Branch,ORG000002,SYN-HER,UNTRACED,0,3,C
INC000312,127/2024,CASE000040,FORGERY,465/468,336(3),4,1,PS000020,Nangloi Police Station,LOC000020,Nangloi,New Delhi,Delhi,28.68418,77.06042,2024-12-10T16:51,2024-12-12T14:51,Income Tax Investigation Wing,ORG000003,SYN-CYB,CONVICTED,0,4,D
INC000313,785/2026,CASE000114,ORGANISED_CRIME,MCOCA 3(1),111,10,0,PS000099,KG Halli Police Station,LOC000099,KG Halli,Bengaluru,Karnataka,13.00798,77.6042,2026-05-15T12:52,2026-05-15T17:52,Anti-Narcotics Cell,,UNAFFILIATED,CHARGESHEETED,0,1,D
INC000314,304/2025,CASE000026,CYBER_FRAUD,IT Act 66C/66D,319(2),5,1,PS000045,Hatia Police Station,LOC000045,Hatia,Ranchi,Jharkhand,23.30257,85.31951,2025-12-19T22:33,2025-12-21T08:33,State Intelligence Department,ORG000003,SYN-CYB,UNDER_INVESTIGATION,958546,5,D
INC000315,747/2026,CASE000153,DACOITY,395,310(2),8,0,PS000115,Sutarkandi Police Station,LOC000115,Sutarkandi,Karimganj,Assam,24.87968,92.34231,2026-02-02T20:58,2026-02-05T11:58,Railway Protection Force,,UNAFFILIATED,CHARGESHEETED,29241323,1,B
INC000316,282/2026,CASE000014,LAND_GRABBING,441/447,329,4,1,PS000018,Karol Bagh Police Station,LOC000018,Karol Bagh,New Delhi,Delhi,28.64425,77.18711,2026-03-21T02:58,2026-03-21T10:58,Border Security Force - Intel,,UNAFFILIATED,ACQUITTED,0,4,D
INC000317,507/2024,CASE000035,FORGERY,465/468,336(3),4,1,PS000038,Chandauti Police Station,LOC000038,Chandauti,Gaya,Bihar,24.78741,84.99597,2024-12-13T12:43,2024-12-13T22:43,Anti-Narcotics Cell,,UNAFFILIATED,UNDER_INVESTIGATION,0,3,A
INC000318,449/2019,CASE000085,CRIMINAL_CONSPIRACY,120B,61(2),5,0,PS000072,Varachha Police Station,LOC000072,Varachha,Surat,Gujarat,21.19637,72.86136,2019-09-06T04:14,2019-09-08T23:14,Cyber Crime Cell,ORG000001,SYN-EXT,UNDER_INVESTIGATION,0,4,C
INC000319,846/2026,CASE000112,CHEATING_FRAUD,420,318(4),5,1,PS000095,Melur Police Station,LOC000095,Melur,Madurai,Tamil Nadu,10.02224,78.3489,2026-02-16T00:38,2026-02-17T07:38,Narcotics Control Bureau,ORG000004,SYN-HAW,CHARGESHEETED,673704,4,D
INC000320,614/2021,CASE000148,MONEY_LAUNDERING,PMLA 3/4,-,7,0,PS000053,Karimpur Police Station,LOC000053,Karimpur,Nadia,West Bengal,23.96971,88.62078,2021-08-08T05:44,2021-08-08T11:44,State Police - Crime Branch,ORG000011,SYN-PON,CONVICTED,1588822934,2,A
INC000321,108/2022,CASE000002,CRIMINAL_CONSPIRACY,120B,61(2),5,0,PS000088,Gajuwaka Police Station,LOC000088,Gajuwaka,Visakhapatnam,Andhra Pradesh,17.67545,83.2021,2022-05-14T22:01,2022-05-16T12:01,Income Tax Investigation Wing,ORG000015,SYN-WLD,UNDER_INVESTIGATION,0,3,D
INC000322,731/2025,CASE000120,MONEY_LAUNDERING,PMLA 3/4,-,7,0,PS000095,Melur Police Station,LOC000095,Melur,Madurai,Tamil Nadu,10.02224,78.3489,2025-10-22T20:59,2025-10-23T00:59,Border Security Force - Intel,ORG000004,SYN-HAW,UNDER_INVESTIGATION,718324964,2,A
INC000323,588/2021,CASE000119,DACOITY,395,310(2),8,0,PS000031,Kutba Police Station,LOC000031,Kutba,Muzaffarnagar,Uttar Pradesh,29.47784,77.70244,2021-11-25T09:07,2021-11-26T20:07,State Police - Crime Branch,,UNAFFILIATED,UNDER_INVESTIGATION,8577950,4,D
INC000324,176/2022,CASE000123,RIOTING,147/148,191(2),4,1,PS000116,Moreh Police Station,LOC000116,Moreh,Imphal,Manipur,24.25418,94.30003,2022-04-12T14:50,2022-04-13T20:50,Central Bureau of Investigation,,UNAFFILIATED,CHARGESHEETED,0,2,B
INC000325,549/2024,CASE000135,FICN_COUNTERFEIT,489B/489C,179,8,0,PS000024,Chakeri Police Station,LOC000024,Chakeri,Kanpur,Uttar Pradesh,26.41802,80.40132,2024-09-25T04:06,2024-09-25T23:06,Narcotics Control Bureau,ORG000009,SYN-FIC,CHARGESHEETED,788757815,4,D
INC000326,663/2025,CASE000147,MURDER,302,103(1),10,0,PS000078,Rau Police Station,LOC000078,Rau,Indore,Madhya Pradesh,22.64914,75.80858,2025-04-03T18:49,2025-04-05T19:49,Special Task Force (STF),ORG000005,SYN-MIN,CHARGESHEETED,0,2,B
INC000327,070/2025,CASE000127,CRIMINAL_CONSPIRACY,120B,61(2),5,0,PS000077,Bairagarh Police Station,LOC000077,Bairagarh,Bhopal,Madhya Pradesh,23.27477,77.32792,2025-02-10T05:38,2025-02-11T10:38,Central Bureau of Investigation,,UNAFFILIATED,UNDER_INVESTIGATION,0,5,C
INC000328,859/2025,CASE000010,MONEY_LAUNDERING,PMLA 3/4,-,7,0,PS000105,Tirur Police Station,LOC000105,Tirur,Malappuram,Kerala,10.91534,75.92575,2025-01-07T04:58,2025-01-07T14:58,Directorate of Revenue Intelligence,ORG000004,SYN-HAW,UNTRACED,864739579,1,A
INC000329,077/2025,CASE000150,DACOITY,395,310(2),8,0,PS000051,Bongaon Police Station,LOC000051,Bongaon,North 24 Parganas,West Bengal,23.07416,88.81118,2025-12-14T12:02,2025-12-15T10:02,State Intelligence Department,,UNAFFILIATED,UNDER_INVESTIGATION,28155519,4,A
INC000330,491/2026,CASE000129,ORGANISED_CRIME,MCOCA 3(1),111,10,0,PS000085,Chandrayangutta Police Station,LOC000085,Chandrayangutta,Hyderabad,Telangana,17.33336,78.49109,2026-06-09T20:36,2026-06-11T10:36,Enforcement Directorate,,UNAFFILIATED,CHARGESHEETED,0,1,D
INC000331,115/2026,CASE000037,BETTING_GAMBLING,Gambling Act 3/4,-,2,1,PS000123,Bhairamgarh Police Station,LOC000123,Bhairamgarh,Bijapur,Chhattisgarh,18.79608,80.7942,2026-04-20T20:07,2026-04-22T17:07,Special Task Force (STF),,UNAFFILIATED,UNDER_INVESTIGATION,20204056,4,B
INC000332,430/2024,CASE000015,MONEY_LAUNDERING,PMLA 3/4,-,7,0,PS000086,Hanamkonda Police Station,LOC000086,Hanamkonda,Warangal,Telangana,18.00878,79.55269,2024-09-17T20:04,2024-09-19T00:04,Income Tax Investigation Wing,ORG000004,SYN-HAW,UNDER_INVESTIGATION,23538457,3,C
INC000333,441/2026,CASE000100,ARMS_ACT,Arms Act 25/27,-,6,0,PS000123,Bhairamgarh Police Station,LOC000123,Bhairamgarh,Bijapur,Chhattisgarh,18.79608,80.7942,2026-04-30T14:17,2026-05-03T01:17,Special Task Force (STF),ORG000010,SYN-GAN,CHARGESHEETED,0,3,C
INC000334,228/2026,CASE000117,SMUGGLING_CUSTOMS,Customs Act 135,-,5,1,PS000098,Srirangam Police Station,LOC000098,Srirangam,Trichy,Tamil Nadu,10.86798,78.69592,2026-01-16T21:01,2026-01-19T12:01,Economic Offences Wing,ORG000015,SYN-WLD,CHARGESHEETED,1852783260,3,B
INC000335,056/2019,CASE000149,MONEY_LAUNDERING,PMLA 3/4,-,7,0,PS000115,Sutarkandi Police Station,LOC000115,Sutarkandi,Karimganj,Assam,24.87968,92.34231,2019-06-27T23:08,2019-06-30T00:08,Special Task Force (STF),,UNAFFILIATED,UNDER_INVESTIGATION,1935586720,3,B
INC000336,388/2026,CASE000094,MONEY_LAUNDERING,PMLA 3/4,-,7,0,PS000103,Sandur Police Station,LOC000103,Sandur,Ballari,Karnataka,15.10763,76.5405,2026-04-04T21:21,2026-04-05T12:21,Directorate of Revenue Intelligence,ORG000012,SYN-BET,CHARGESHEETED,47964291,4,A
INC000337,571/2026,CASE000108,ARMS_ACT,Arms Act 25/27,-,6,0,PS000036,Kasim Bazaar Police Station,LOC000036,Kasim Bazaar,Munger,Bihar,25.3687,86.46907,2026-03-18T22:06,2026-03-20T12:06,Railway Protection Force,ORG000007,SYN-ARM,UNDER_INVESTIGATION,0,3,B
INC000338,720/2026,CASE000061,ORGANISED_CRIME,MCOCA 3(1),111,10,0,PS000080,Morar Police Station,LOC000080,Morar,Gwalior,Madhya Pradesh,26.22147,78.20426,2026-06-21T13:21,2026-06-24T10:21,Central Bureau of Investigation,ORG000014,SYN-SHK,UNTRACED,0,3,D
INC000339,633/2022,CASE000082,FORGERY,465/468,336(3),4,1,PS000019,Najafgarh Police Station,LOC000019,Najafgarh,New Delhi,Delhi,28.61304,77.01367,2022-04-20T15:23,2022-04-23T06:23,Directorate of Revenue Intelligence,ORG000008,SYN-VEH,CHARGESHEETED,0,3,B
INC000340,506/2026,CASE000111,MURDER,302,103(1),10,0,PS000039,Mahadeva Police Station,LOC000039,Mahadeva,Siwan,Bihar,26.21306,84.36525,2026-02-09T14:25,2026-02-09T20:25,Railway Protection Force,ORG000013,SYN-KDN,CONVICTED,0,4,D
INC000341,596/2026,CASE000137,CRIMINAL_CONSPIRACY,120B,61(2),5,0,PS000116,Moreh Police Station,LOC000116,Moreh,Imphal,Manipur,24.25418,94.30003,2026-03-16T20:50,2026-03-18T15:50,Anti-Terrorism Squad (ATS),ORG000015,SYN-WLD,CHARGESHEETED,0,4,C
INC000342,057/2026,CASE000148,CHIT_FUND_PONZI,BUDS Act 21,318(4),6,1,PS000115,Sutarkandi Police Station,LOC000115,Sutarkandi,Karimganj,Assam,24.87968,92.34231,2026-05-13T18:58,2026-05-16T04:58,State Police - Crime Branch,ORG000011,SYN-PON,UNTRACED,1930022,2,B
INC000343,223/2025,CASE000117,WILDLIFE_TRAFFICKING,WLPA 51,-,6,0,PS000113,Paltan Bazaar Police Station,LOC000113,Paltan Bazaar,Guwahati,Assam,26.17357,91.75925,2025-05-11T12:49,2025-05-14T00:49,Economic Offences Wing,ORG000015,SYN-WLD,UNDER_INVESTIGATION,715650647,2,B
INC000344,672/2021,CASE000153,DACOITY,395,310(2),8,0,PS000025,Lisari Gate Police Station,LOC000025,Lisari Gate,Meerut,Uttar Pradesh,28.97425,77.70598,2021-09-30T06:52,2021-10-02T07:52,Railway Protection Force,,UNAFFILIATED,UNDER_INVESTIGATION,33304574,5,A
INC000345,534/2019,CASE000103,CHEATING_FRAUD,420,318(4),5,1,PS000021,Sangam Vihar Police Station,LOC000021,Sangam Vihar,New Delhi,Delhi,28.48827,77.23159,2019-01-19T10:09,2019-01-20T05:09,Special Task Force (STF),ORG000008,SYN-VEH,CHARGESHEETED,2125840151,4,A
INC000346,065/2025,CASE000091,EXTORTION,384/387,308,6,0,PS000023,Aminabad Police Station,LOC000023,Aminabad,Lucknow,Uttar Pradesh,26.84458,80.91064,2025-01-30T17:04,2025-01-31T09:04,Anti-Narcotics Cell,ORG000013,SYN-KDN,UNTRACED,5950950,3,B
INC000347,055/2023,CASE000094,BETTING_GAMBLING,Gambling Act 3/4,-,2,1,PS000087,Bodhan Police Station,LOC000087,Bodhan,Nizamabad,Telangana,18.66779,77.89485,2023-12-30T10:04,2024-01-01T02:04,Directorate of Revenue Intelligence,ORG000012,SYN-BET,UNDER_INVESTIGATION,1235212725,2,D
INC000348,169/2025,CASE000141,ORGANISED_CRIME,MCOCA 3(1),111,10,0,PS000043,Sarwan Police Station,LOC000043,Sarwan,Deoghar,Jharkhand,24.47171,86.69972,2025-11-13T06:15,2025-11-14T00:15,Income Tax Investigation Wing,ORG000013,SYN-KDN,CHARGESHEETED,0,2,B
INC000349,611/2022,CASE000140,MURDER,302,103(1),10,0,PS000046,Bengabad Police Station,LOC000046,Bengabad,Giridih,Jharkhand,24.1853,86.30745,2022-08-13T19:06,2022-08-14T11:06,Narcotics Control Bureau,ORG000013,SYN-KDN,ACQUITTED,0,5,B
INC000350,633/2021,CASE000031,MONEY_LAUNDERING,PMLA 3/4,-,7,0,PS000083,Charminar Police Station,LOC000083,Charminar,Hyderabad,Telangana,17.35976,78.47486,2021-04-17T20:48,2021-04-17T22:48,Narcotics Control Bureau,ORG000012,SYN-BET,UNDER_INVESTIGATION,3430427,1,C
INC000351,029/2020,CASE000025,MONEY_LAUNDERING,PMLA 3/4,-,7,0,PS000048,Rajabazar Police Station,LOC000048,Rajabazar,Kolkata,West Bengal,22.57998,88.37543,2020-02-06T00:21,2020-02-07T03:21,Income Tax Investigation Wing,ORG000003,SYN-CYB,UNDER_INVESTIGATION,23822429,3,B
INC000352,426/2021,CASE000109,CRIMINAL_CONSPIRACY,120B,61(2),5,0,PS000037,Mithanpura Police Station,LOC000037,Mithanpura,Muzaffarpur,Bihar,26.12944,85.39524,2021-11-23T01:49,2021-11-25T02:49,Special Task Force (STF),ORG000009,SYN-FIC,UNDER_INVESTIGATION,0,7,D
INC000353,800/2022,CASE000044,ATTEMPT_TO_MURDER,307,109,8,0,PS000060,Punhana Police Station,LOC000060,Punhana,Nuh,Haryana,27.86723,77.21101,2022-06-08T18:33,2022-06-09T06:33,Anti-Terrorism Squad (ATS),ORG000014,SYN-SHK,CONVICTED,0,2,B
INC000354,623/2026,CASE000113,FORGERY,465/468,336(3),4,1,PS000060,Punhana Police Station,LOC000060,Punhana,Nuh,Haryana,27.86723,77.21101,2026-01-17T22:04,2026-01-18T06:04,State Police - Crime Branch,ORG000008,SYN-VEH,CHARGESHEETED,0,1,C
INC000355,088/2025,CASE000023,EXTORTION,384/387,308,6,0,PS000048,Rajabazar Police Station,LOC000048,Rajabazar,Kolkata,West Bengal,22.57998,88.37543,2025-03-01T19:15,2025-03-04T18:15,State Police - Crime Branch,ORG000013,SYN-KDN,CHARGESHEETED,15685866,5,B
INC000356,787/2026,CASE000107,CHEATING_FRAUD,420,318(4),5,1,PS000002,Dharavi Police Station,LOC000002,Dharavi,Mumbai,Maharashtra,19.0349,72.84279,2026-05-15T01:07,2026-05-16T16:07,State Police - Crime Branch,ORG000006,SYN-TRF,UNDER_INVESTIGATION,2579549478,1,B
INC000357,400/2022,CASE000155,MONEY_LAUNDERING,PMLA 3/4,-,7,0,PS000065,Osian Police Station,LOC000065,Osian,Jodhpur,Rajasthan,26.71758,72.91971,2022-10-10T04:31,2022-10-10T22:31,Anti-Narcotics Cell,ORG000002,SYN-HER,UNDER_INVESTIGATION,806842,2,A
INC000358,676/2026,CASE000136,DACOITY,395,310(2),8,0,PS000122,Birgaon Police Station,LOC000122,Birgaon,Raipur,Chhattisgarh,21.27602,81.63096,2026-01-22T10:58,2026-01-23T18:58,Income Tax Investigation Wing,,UNAFFILIATED,UNDER_INVESTIGATION,29816921,1,A
INC000359,002/2022,CASE000125,SMUGGLING_CUSTOMS,Customs Act 135,-,5,1,PS000022,Paharganj Police Station,LOC000022,Paharganj,New Delhi,Delhi,28.64769,77.22086,2022-12-26T19:54,2022-12-26T21:54,Border Security Force - Intel,ORG000004,SYN-HAW,CHARGESHEETED,1040521,1,C
INC000360,375/2023,CASE000065,ORGANISED_CRIME,MCOCA 3(1),111,10,0,PS000047,Metiabruz Police Station,LOC000047,Metiabruz,Kolkata,West Bengal,22.53329,88.31358,2023-06-19T22:46,2023-06-20T01:46,Narcotics Control Bureau,ORG000007,SYN-ARM,CHARGESHEETED,0,3,C
INC000361,729/2022,CASE000042,MONEY_LAUNDERING,PMLA 3/4,-,7,0,PS000109,Nayapalli Police Station,LOC000109,Nayapalli,Bhubaneswar,Odisha,20.28446,85.8132,2022-10-19T09:21,2022-10-20T20:21,Enforcement Directorate,ORG000011,SYN-PON,CHARGESHEETED,33246919,2,A
INC000362,090/2025,CASE000128,ARMS_ACT,Arms Act 25/27,-,6,0,PS000063,Barwala Police Station,LOC000063,Barwala,Hisar,Haryana,29.36333,75.90971,2025-12-10T05:04,2025-12-11T11:04,State Police - Crime Branch,ORG000002,SYN-HER,UNDER_INVESTIGATION,0,1,D
INC000363,371/2026,CASE000046,ATTEMPT_TO_MURDER,307,109,8,0,PS000038,Chandauti Police Station,LOC000038,Chandauti,Gaya,Bihar,24.78741,84.99597,2026-06-28T12:15,2026-06-29T08:15,Income Tax Investigation Wing,ORG000005,SYN-MIN,CHARGESHEETED,0,2,D
INC000364,564/2026,CASE000074,NDPS_POSSESSION,NDPS 22(b),-,5,0,PS000109,Nayapalli Police Station,LOC000109,Nayapalli,Bhubaneswar,Odisha,20.28446,85.8132,2026-04-12T05:42,2026-04-15T04:42,Railway Protection Force,,UNAFFILIATED,UNDER_INVESTIGATION,0,5,C
INC000365,578/2024,CASE000149,MONEY_LAUNDERING,PMLA 3/4,-,7,0,PS000107,Chavakkad Police Station,LOC000107,Chavakkad,Thrissur,Kerala,10.58445,76.01633,2024-10-19T05:51,2024-10-20T02:51,Special Task Force (STF),,UNAFFILIATED,UNDER_INVESTIGATION,2316929483,5,B
INC000366,624/2025,CASE000092,EXTORTION,384/387,308,6,0,PS000099,KG Halli Police Station,LOC000099,KG Halli,Bengaluru,Karnataka,13.00798,77.6042,2025-07-28T12:36,2025-07-31T03:36,Central Bureau of Investigation,ORG000005,SYN-MIN,UNTRACED,23381093,2,A
INC000367,776/2025,CASE000088,CYBER_FRAUD,IT Act 66C/66D,319(2),5,1,PS000077,Bairagarh Police Station,LOC000077,Bairagarh,Bhopal,Madhya Pradesh,23.27477,77.32792,2025-09-05T08:32,2025-09-05T15:32,State Intelligence Department,,UNAFFILIATED,CONVICTED,278469637,5,A
INC000368,455/2025,CASE000125,SMUGGLING_CUSTOMS,Customs Act 135,-,5,1,PS000011,Kamptee Police Station,LOC000011,Kamptee,Nagpur,Maharashtra,21.22695,79.19707,2025-12-10T09:49,2025-12-13T08:49,Border Security Force - Intel,ORG000004,SYN-HAW,ACQUITTED,24555560,2,B
INC000369,131/2024,CASE000113,FORGERY,465/468,336(3),4,1,PS000061,Sohna Police Station,LOC000061,Sohna,Gurugram,Haryana,28.25004,77.06581,2024-10-16T01:07,2024-10-16T04:07,State Police - Crime Branch,ORG000008,SYN-VEH,UNDER_INVESTIGATION,0,4,C
INC000370,057/2025,CASE000153,DACOITY,395,310(2),8,0,PS000108,Thalassery Police Station,LOC000108,Thalassery,Kannur,Kerala,11.74699,75.49641,2025-04-02T03:45,2025-04-02T05:45,Railway Protection Force,,UNAFFILIATED,UNDER_INVESTIGATION,20682343,1,A
INC000371,696/2022,CASE000045,CHEATING_FRAUD,420,318(4),5,1,PS000110,Jagatpur Police Station,LOC000110,Jagatpur,Cuttack,Odisha,20.51657,85.86729,2022-02-10T14:44,2022-02-13T02:44,Border Security Force - Intel,ORG000011,SYN-PON,UNDER_INVESTIGATION,1478564,5,C
INC000372,451/2026,CASE000133,SMUGGLING_CUSTOMS,Customs Act 135,-,5,1,PS000079,Sanawad Police Station,LOC000079,Sanawad,Khargone,Madhya Pradesh,22.17019,75.90242,2026-03-24T19:31,2026-03-27T02:31,Special Task Force (STF),ORG000015,SYN-WLD,UNTRACED,8242511,7,A
INC000373,634/2022,CASE000103,ROBBERY,392,309(4),6,0,PS000063,Barwala Police Station,LOC000063,Barwala,Hisar,Haryana,29.36333,75.90971,2022-07-18T20:34,2022-07-19T04:34,Special Task Force (STF),ORG000008,SYN-VEH,CHARGESHEETED,44969582,1,A
INC000374,443/2026,CASE000014,LAND_GRABBING,441/447,329,4,1,PS000097,Palayamkottai Police Station,LOC000097,Palayamkottai,Tirunelveli,Tamil Nadu,8.7186,77.73084,2026-01-25T19:42,2026-01-26T05:42,Border Security Force - Intel,,UNAFFILIATED,CHARGESHEETED,0,2,D
INC000375,182/2024,CASE000087,SMUGGLING_CUSTOMS,Customs Act 135,-,5,1,PS000043,Sarwan Police Station,LOC000043,Sarwan,Deoghar,Jharkhand,24.47171,86.69972,2024-01-31T23:43,2024-02-02T18:43,Economic Offences Wing,,UNAFFILIATED,UNDER_INVESTIGATION,1381280361,1,D
INC000376,372/2024,CASE000024,CRIMINAL_CONSPIRACY,120B,61(2),5,0,PS000103,Sandur Police Station,LOC000103,Sandur,Ballari,Karnataka,15.10763,76.5405,2024-05-19T15:14,2024-05-21T22:14,Railway Protection Force,ORG000001,SYN-EXT,CHARGESHEETED,0,1,C
INC000377,314/2024,CASE000046,EXTORTION,384/387,308,6,0,PS000077,Bairagarh Police Station,LOC000077,Bairagarh,Bhopal,Madhya Pradesh,23.27477,77.32792,2024-05-11T12:20,2024-05-14T02:20,Income Tax Investigation Wing,ORG000005,SYN-MIN,UNDER_INVESTIGATION,41333116,3,D
INC000378,327/2024,CASE000022,RIOTING,147/148,191(2),4,1,PS000039,Mahadeva Police Station,LOC000039,Mahadeva,Siwan,Bihar,26.21306,84.36525,2024-01-27T01:19,2024-01-29T16:19,Anti-Terrorism Squad (ATS),ORG000005,SYN-MIN,UNTRACED,0,1,C
INC000379,571/2021,CASE000064,MONEY_LAUNDERING,PMLA 3/4,-,7,0,PS000070,Chohtan Police Station,LOC000070,Chohtan,Barmer,Rajasthan,25.48114,71.04168,2021-09-24T11:58,2021-09-25T05:58,Directorate of Revenue Intelligence,ORG000012,SYN-BET,CHARGESHEETED,1828789,2,D
INC000380,218/2023,CASE000153,DACOITY,395,310(2),8,0,PS000102,Afzalpur Police Station,LOC000102,Afzalpur,Kalaburagi,Karnataka,17.20729,76.36952,2023-01-31T04:00,2023-01-31T19:00,Railway Protection Force,,UNAFFILIATED,UNDER_INVESTIGATION,27313789,4,A
INC000381,275/2026,CASE000051,FORGERY,465/468,336(3),4,1,PS000018,Karol Bagh Police Station,LOC000018,Karol Bagh,New Delhi,Delhi,28.64425,77.18711,2026-04-10T20:15,2026-04-13T18:15,Border Security Force - Intel,ORG000008,SYN-VEH,UNDER_INVESTIGATION,0,4,C
INC000382,056/2023,CASE000090,CRIMINAL_CONSPIRACY,120B,61(2),5,0,PS000026,Loni Police Station,LOC000026,Loni,Ghaziabad,Uttar Pradesh,28.74286,77.27579,2023-09-11T14:46,2023-09-13T18:46,Economic Offences Wing,ORG000007,SYN-ARM,CHARGESHEETED,0,1,C
INC000383,412/2025,CASE000082,CHEATING_FRAUD,420,318(4),5,1,PS000055,Khalra Police Station,LOC000055,Khalra,Tarn Taran,Punjab,31.44862,74.56847,2025-09-03T10:38,2025-09-04T10:38,Directorate of Revenue Intelligence,ORG000008,SYN-VEH,UNDER_INVESTIGATION,24905655,3,B
INC000384,189/2025,CASE000048,CHIT_FUND_PONZI,BUDS Act 21,318(4),6,1,PS000021,Sangam Vihar Police Station,LOC000021,Sangam Vihar,New Delhi,Delhi,28.48827,77.23159,2025-05-12T15:08,2025-05-14T12:08,Central Bureau of Investigation,,UNAFFILIATED,UNTRACED,1534523,2,A
INC000385,813/2024,CASE000134,FORGERY,465/468,336(3),4,1,PS000017,Jamia Nagar Police Station,LOC000017,Jamia Nagar,New Delhi,Delhi,28.55756,77.28271,2024-12-09T15:01,2024-12-09T21:01,Economic Offences Wing,ORG000008,SYN-VEH,CONVICTED,0,3,B
INC000386,678/2026,CASE000077,CHIT_FUND_PONZI,BUDS Act 21,318(4),6,1,PS000052,Matigara Police Station,LOC000052,Matigara,Siliguri,West Bengal,26.72719,88.37142,2026-02-05T01:36,2026-02-07T09:36,Enforcement Directorate,ORG000011,SYN-PON,CHARGESHEETED,2022566558,2,A
INC000387,380/2024,CASE000125,MONEY_LAUNDERING,PMLA 3/4,-,7,0,PS000104,Mattancherry Police Station,LOC000104,Mattancherry,Kochi,Kerala,9.96365,76.25723,2024-10-10T01:02,2024-10-11T22:02,Border Security Force - Intel,ORG000004,SYN-HAW,UNDER_INVESTIGATION,2985360303,3,D
INC000388,464/2022,CASE000123,RIOTING,147/148,191(2),4,1,PS000072,Varachha Police Station,LOC000072,Varachha,Surat,Gujarat,21.19637,72.86136,2022-05-22T07:51,2022-05-22T12:51,Central Bureau of Investigation,,UNAFFILIATED,CHARGESHEETED,0,1,C
INC000389,526/2023,CASE000025,FORGERY,465/468,336(3),4,1,PS000051,Bongaon Police Station,LOC000051,Bongaon,North 24 Parganas,West Bengal,23.07416,88.81118,2023-03-13T15:33,2023-03-14T16:33,Income Tax Investigation Wing,ORG000003,SYN-CYB,UNDER_INVESTIGATION,0,7,C
INC000390,277/2022,CASE000028,CHEATING_FRAUD,420,318(4),5,1,PS000101,Ullal Police Station,LOC000101,Ullal,Mangaluru,Karnataka,12.80948,74.86499,2022-02-13T05:30,2022-02-14T14:30,Economic Offences Wing,ORG000006,SYN-TRF,UNDER_INVESTIGATION,12616374,3,A
INC000391,512/2025,CASE000018,CHEATING_FRAUD,420,318(4),5,1,PS000112,Berhampur Police Station,LOC000112,Berhampur,Ganjam,Odisha,19.31878,84.78231,2025-06-27T00:14,2025-06-27T11:14,Economic Offences Wing,,UNAFFILIATED,CHARGESHEETED,47199214,2,C
INC000392,879/2025,CASE000146,CHIT_FUND_PONZI,BUDS Act 21,318(4),6,1,PS000043,Sarwan Police Station,LOC000043,Sarwan,Deoghar,Jharkhand,24.47171,86.69972,2025-01-17T11:13,2025-01-20T00:13,Railway Protection Force,ORG000011,SYN-PON,CHARGESHEETED,1523691806,3,B
INC000393,145/2022,CASE000052,ARMS_ACT,Arms Act 25/27,-,6,0,PS000029,Rajghat Police Station,LOC000029,Rajghat,Gorakhpur,Uttar Pradesh,26.76019,83.36182,2022-12-04T04:38,2022-12-04T13:38,State Police - Crime Branch,ORG000013,SYN-KDN,UNTRACED,0,5,A
INC000394,270/2025,CASE000026,MONEY_LAUNDERING,PMLA 3/4,-,7,0,PS000063,Barwala Police Station,LOC000063,Barwala,Hisar,Haryana,29.36333,75.90971,2025-11-12T16:19,2025-11-13T06:19,State Intelligence Department,ORG000003,SYN-CYB,UNDER_INVESTIGATION,46366032,5,C
INC000395,204/2022,CASE000104,FORGERY,465/468,336(3),4,1,PS000074,Kutiyana Police Station,LOC000074,Kutiyana,Porbandar,Gujarat,21.62158,69.97079,2022-02-05T19:34,2022-02-07T13:34,Income Tax Investigation Wing,ORG000004,SYN-HAW,UNDER_INVESTIGATION,0,1,A
INC000396,807/2024,CASE000048,CHIT_FUND_PONZI,BUDS Act 21,318(4),6,1,PS000102,Afzalpur Police Station,LOC000102,Afzalpur,Kalaburagi,Karnataka,17.20729,76.36952,2024-11-15T19:57,2024-11-18T18:57,Central Bureau of Investigation,,UNAFFILIATED,UNDER_INVESTIGATION,1806768,3,D
INC000397,075/2022,CASE000068,RIOTING,147/148,191(2),4,1,PS000066,Nokha Police Station,LOC000066,Nokha,Bikaner,Rajasthan,27.56853,73.4757,2022-12-28T13:17,2022-12-29T00:17,Special Task Force (STF),ORG000005,SYN-MIN,CHARGESHEETED,0,3,D
INC000398,252/2024,CASE000099,FICN_COUNTERFEIT,489B/489C,179,8,0,PS000052,Matigara Police Station,LOC000052,Matigara,Siliguri,West Bengal,26.72719,88.37142,2024-11-17T10:41,2024-11-18T19:41,Cyber Crime Cell,ORG000009,SYN-FIC,ACQUITTED,332372896,7,D
INC000399,155/2025,CASE000043,ATTEMPT_TO_MURDER,307,109,8,0,PS000094,Kodungaiyur Police Station,LOC000094,Kodungaiyur,Chennai,Tamil Nadu,13.13103,80.23855,2025-05-11T16:00,2025-05-13T16:00,Enforcement Directorate,ORG000005,SYN-MIN,CHARGESHEETED,0,2,C
INC000400,724/2023,CASE000115,ARMS_ACT,Arms Act 25/27,-,6,0,PS000080,Morar Police Station,LOC000080,Morar,Gwalior,Madhya Pradesh,26.22147,78.20426,2023-12-23T11:04,2023-12-25T05:04,Directorate of Revenue Intelligence,ORG000007,SYN-ARM,CHARGESHEETED,0,2,C
INC000401,491/2020,CASE000045,CHIT_FUND_PONZI,BUDS Act 21,318(4),6,1,PS000115,Sutarkandi Police Station,LOC000115,Sutarkandi,Karimganj,Assam,24.87968,92.34231,2020-12-11T14:14,2020-12-11T18:14,Border Security Force - Intel,ORG000011,SYN-PON,CHARGESHEETED,5353504,2,B
INC000402,530/2026,CASE000150,DACOITY,395,310(2),8,0,PS000118,Anjuna Police Station,LOC000118,Anjuna,North Goa,Goa,15.57327,73.73249,2026-04-27T14:59,2026-04-29T17:59,State Intelligence Department,,UNAFFILIATED,UNDER_INVESTIGATION,18639164,1,B
INC000403,277/2025,CASE000110,CRIMINAL_CONSPIRACY,120B,61(2),5,0,PS000073,Mundra Police Station,LOC000073,Mundra,Kutch,Gujarat,22.83708,69.72983,2025-02-04T05:17,2025-02-04T12:17,Central Bureau of Investigation,ORG000001,SYN-EXT,CHARGESHEETED,0,2,D
INC000404,246/2024,CASE000074,NDPS_POSSESSION,NDPS 22(b),-,5,0,PS000124,Clement Town Police Station,LOC000124,Clement Town,Dehradun,Uttarakhand,30.2693,77.99884,2024-06-08T07:28,2024-06-08T23:28,Railway Protection Force,,UNAFFILIATED,UNTRACED,0,2,B
INC000405,509/2026,CASE000019,MURDER,302,103(1),10,0,PS000102,Afzalpur Police Station,LOC000102,Afzalpur,Kalaburagi,Karnataka,17.20729,76.36952,2026-03-01T20:49,2026-03-03T22:49,Anti-Terrorism Squad (ATS),ORG000005,SYN-MIN,UNDER_INVESTIGATION,0,3,D
INC000406,608/2023,CASE000059,ILLEGAL_MINING,MMDR 21(1),-,4,1,PS000102,Afzalpur Police Station,LOC000102,Afzalpur,Kalaburagi,Karnataka,17.20729,76.36952,2023-06-24T13:07,2023-06-24T18:07,Income Tax Investigation Wing,ORG000005,SYN-MIN,CHARGESHEETED,0,2,D
INC000407,636/2026,CASE000138,FICN_COUNTERFEIT,489B/489C,179,8,0,PS000063,Barwala Police Station,LOC000063,Barwala,Hisar,Haryana,29.36333,75.90971,2026-06-25T13:00,2026-06-25T18:00,Railway Protection Force,,UNAFFILIATED,UNTRACED,61557125,3,B
INC000408,180/2026,CASE000021,NDPS_POSSESSION,NDPS 22(b),-,5,0,PS000102,Afzalpur Police Station,LOC000102,Afzalpur,Kalaburagi,Karnataka,17.20729,76.36952,2026-03-28T14:19,2026-03-30T02:19,Border Security Force - Intel,ORG000010,SYN-GAN,CHARGESHEETED,0,5,A
INC000409,791/2026,CASE000031,EXTORTION,384/387,308,6,0,PS000085,Chandrayangutta Police Station,LOC000085,Chandrayangutta,Hyderabad,Telangana,17.33336,78.49109,2026-05-31T15:26,2026-06-03T03:26,Narcotics Control Bureau,ORG000012,SYN-BET,CHARGESHEETED,17920679,1,C
INC000410,024/2020,CASE000049,FORGERY,465/468,336(3),4,1,PS000094,Kodungaiyur Police Station,LOC000094,Kodungaiyur,Chennai,Tamil Nadu,13.13103,80.23855,2020-03-27T10:11,2020-03-30T10:11,Border Security Force - Intel,ORG000004,SYN-HAW,ACQUITTED,0,4,A
INC000411,074/2026,CASE000048,CHIT_FUND_PONZI,BUDS Act 21,318(4),6,1,PS000071,Juhapura Police Station,LOC000071,Juhapura,Ahmedabad,Gujarat,22.99114,72.53016,2026-02-12T08:19,2026-02-13T02:19,Central Bureau of Investigation,,UNAFFILIATED,UNDER_INVESTIGATION,1070246761,3,A
INC000412,604/2026,CASE000039,SMUGGLING_CUSTOMS,Customs Act 135,-,5,1,PS000081,Mehgaon Police Station,LOC000081,Mehgaon,Bhind,Madhya Pradesh,26.49265,78.62698,2026-04-25T02:25,2026-04-25T03:25,Narcotics Control Bureau,ORG000015,SYN-WLD,UNDER_INVESTIGATION,1147983,2,C
INC000413,873/2024,CASE000126,ARMS_ACT,Arms Act 25/27,-,6,0,PS000056,Jamalpur Police Station,LOC000056,Jamalpur,Ludhiana,Punjab,30.91108,75.85307,2024-08-10T11:42,2024-08-11T18:42,Narcotics Control Bureau,ORG000002,SYN-HER,UNDER_INVESTIGATION,0,3,D
INC000414,541/2021,CASE000024,EXTORTION,384/387,308,6,0,PS000016,Seelampur Police Station,LOC000016,Seelampur,New Delhi,Delhi,28.67711,77.27533,2021-08-20T11:33,2021-08-21T21:33,Railway Protection Force,ORG000001,SYN-EXT,ACQUITTED,27603806,5,A
INC000415,484/2025,CASE000139,MONEY_LAUNDERING,PMLA 3/4,-,7,0,PS000048,Rajabazar Police Station,LOC000048,Rajabazar,Kolkata,West Bengal,22.57998,88.37543,2025-08-20T00:20,2025-08-21T05:20,Narcotics Control Bureau,ORG000011,SYN-PON,UNDER_INVESTIGATION,25421061,1,A
INC000416,559/2026,CASE000088,CYBER_FRAUD,IT Act 66C/66D,319(2),5,1,PS000078,Rau Police Station,LOC000078,Rau,Indore,Madhya Pradesh,22.64914,75.80858,2026-01-05T21:55,2026-01-06T18:55,State Intelligence Department,,UNAFFILIATED,UNDER_INVESTIGATION,169369112,3,C
INC000417,483/2022,CASE000059,ATTEMPT_TO_MURDER,307,109,8,0,PS000099,KG Halli Police Station,LOC000099,KG Halli,Bengaluru,Karnataka,13.00798,77.6042,2022-02-10T18:57,2022-02-13T04:57,Income Tax Investigation Wing,ORG000005,SYN-MIN,CHARGESHEETED,0,2,D
INC000418,179/2023,CASE000043,ILLEGAL_MINING,MMDR 21(1),-,4,1,PS000079,Sanawad Police Station,LOC000079,Sanawad,Khargone,Madhya Pradesh,22.17019,75.90242,2023-03-24T22:25,2023-03-25T01:25,Enforcement Directorate,ORG000005,SYN-MIN,UNDER_INVESTIGATION,0,1,B
INC000419,292/2024,CASE000085,ORGANISED_CRIME,MCOCA 3(1),111,10,0,PS000010,Kondhwa Police Station,LOC000010,Kondhwa,Pune,Maharashtra,18.45704,73.8876,2024-08-12T07:20,2024-08-12T22:20,Cyber Crime Cell,ORG000001,SYN-EXT,UNDER_INVESTIGATION,0,5,B
INC000420,183/2026,CASE000053,CRIMINAL_CONSPIRACY,120B,61(2),5,0,PS000067,Chomu Police Station,LOC000067,Chomu,Jaipur,Rajasthan,27.16846,75.72915,2026-02-20T09:39,2026-02-21T06:39,Economic Offences Wing,ORG000002,SYN-HER,CHARGESHEETED,0,3,D
INC000421,294/2020,CASE000103,ROBBERY,392,309(4),6,0,PS000035,Kadamkuan Police Station,LOC000035,Kadamkuan,Patna,Bihar,25.62537,85.1468,2020-03-01T16:09,2020-03-01T21:09,Special Task Force (STF),ORG000008,SYN-VEH,UNDER_INVESTIGATION,18858481,2,A
INC000422,007/2023,CASE000123,RIOTING,147/148,191(2),4,1,PS000081,Mehgaon Police Station,LOC000081,Mehgaon,Bhind,Madhya Pradesh,26.49265,78.62698,2023-03-31T08:15,2023-04-02T17:15,Central Bureau of Investigation,,UNAFFILIATED,UNDER_INVESTIGATION,0,3,D
INC000423,169/2025,CASE000001,FORGERY,465/468,336(3),4,1,PS000100,Yeshwanthpur Police Station,LOC000100,Yeshwanthpur,Bengaluru,Karnataka,13.02634,77.54707,2025-03-12T05:27,2025-03-13T04:27,Railway Protection Force,ORG000003,SYN-CYB,CONVICTED,0,4,D
INC000424,623/2026,CASE000088,CYBER_FRAUD,IT Act 66C/66D,319(2),5,1,PS000100,Yeshwanthpur Police Station,LOC000100,Yeshwanthpur,Bengaluru,Karnataka,13.02634,77.54707,2026-03-12T09:32,2026-03-15T03:32,State Intelligence Department,,UNAFFILIATED,UNDER_INVESTIGATION,489875124,5,A
INC000425,117/2023,CASE000109,FICN_COUNTERFEIT,489B/489C,179,8,0,PS000114,Golakganj Police Station,LOC000114,Golakganj,Dhubri,Assam,26.02193,89.81691,2023-12-12T19:41,2023-12-12T23:41,Special Task Force (STF),ORG000009,SYN-FIC,UNDER_INVESTIGATION,440365117,2,D
INC000426,769/2022,CASE000125,MONEY_LAUNDERING,PMLA 3/4,-,7,0,PS000106,Nadakkavu Police Station,LOC000106,Nadakkavu,Kozhikode,Kerala,11.26765,75.77077,2022-11-08T19:55,2022-11-09T20:55,Border Security Force - Intel,ORG000004,SYN-HAW,CHARGESHEETED,2160069127,5,D
INC000427,082/2022,CASE000046,ILLEGAL_MINING,MMDR 21(1),-,4,1,PS000093,Vyasarpadi Police Station,LOC000093,Vyasarpadi,Chennai,Tamil Nadu,13.12274,80.24524,2022-07-26T19:31,2022-07-28T17:31,Income Tax Investigation Wing,ORG000005,SYN-MIN,CONVICTED,0,3,A
INC000428,537/2023,CASE000020,CHEATING_FRAUD,420,318(4),5,1,PS000036,Kasim Bazaar Police Station,LOC000036,Kasim Bazaar,Munger,Bihar,25.3687,86.46907,2023-10-10T04:15,2023-10-10T10:15,Income Tax Investigation Wing,ORG000006,SYN-TRF,UNDER_INVESTIGATION,2771999989,5,C
INC000429,357/2024,CASE000016,SMUGGLING_CUSTOMS,Customs Act 135,-,5,1,PS000049,Kaliachak Police Station,LOC000049,Kaliachak,Malda,West Bengal,24.97035,88.00242,2024-12-08T18:54,2024-12-10T13:54,Anti-Narcotics Cell,ORG000009,SYN-FIC,ACQUITTED,2354111748,7,D
INC000430,619/2026,CASE000048,CHIT_FUND_PONZI,BUDS Act 21,318(4),6,1,PS000115,Sutarkandi Police Station,LOC000115,Sutarkandi,Karimganj,Assam,24.87968,92.34231,2026-03-15T06:16,2026-03-16T00:16,Central Bureau of Investigation,,UNAFFILIATED,UNDER_INVESTIGATION,30281815,1,C
INC000431,696/2024,CASE000080,FORGERY,465/468,336(3),4,1,PS000115,Sutarkandi Police Station,LOC000115,Sutarkandi,Karimganj,Assam,24.87968,92.34231,2024-02-03T22:26,2024-02-04T10:26,State Police - Crime Branch,ORG000011,SYN-PON,UNDER_INVESTIGATION,0,1,B
INC000432,322/2024,CASE000048,CHIT_FUND_PONZI,BUDS Act 21,318(4),6,1,PS000036,Kasim Bazaar Police Station,LOC000036,Kasim Bazaar,Munger,Bihar,25.3687,86.46907,2024-05-06T01:31,2024-05-08T20:31,Central Bureau of Investigation,,UNAFFILIATED,UNDER_INVESTIGATION,2527602627,2,D
INC000433,879/2026,CASE000054,MURDER,302,103(1),10,0,PS000022,Paharganj Police Station,LOC000022,Paharganj,New Delhi,Delhi,28.64769,77.22086,2026-04-17T22:35,2026-04-20T17:35,Cyber Crime Cell,ORG000013,SYN-KDN,UNTRACED,0,1,B
INC000434,238/2025,CASE000095,ROBBERY,392,309(4),6,0,PS000065,Osian Police Station,LOC000065,Osian,Jodhpur,Rajasthan,26.71758,72.91971,2025-12-12T13:13,2025-12-14T08:13,Railway Protection Force,ORG000008,SYN-VEH,UNDER_INVESTIGATION,15660629,2,A
INC000435,805/2023,CASE000151,ORGANISED_CRIME,MCOCA 3(1),111,10,0,PS000115,Sutarkandi Police Station,LOC000115,Sutarkandi,Karimganj,Assam,24.87968,92.34231,2023-07-24T07:44,2023-07-25T22:44,Income Tax Investigation Wing,,UNAFFILIATED,UNTRACED,0,3,C
INC000436,019/2024,CASE000147,ATTEMPT_TO_MURDER,307,109,8,0,PS000095,Melur Police Station,LOC000095,Melur,Madurai,Tamil Nadu,10.02224,78.3489,2024-11-11T07:43,2024-11-13T22:43,Special Task Force (STF),ORG000005,SYN-MIN,UNDER_INVESTIGATION,0,3,B
INC000437,898/2025,CASE000018,CHEATING_FRAUD,420,318(4),5,1,PS000114,Golakganj Police Station,LOC000114,Golakganj,Dhubri,Assam,26.02193,89.81691,2025-05-29T06:05,2025-06-01T01:05,Economic Offences Wing,,UNAFFILIATED,UNDER_INVESTIGATION,2368052598,2,B
INC000438,804/2019,CASE000101,NDPS_TRAFFICKING,NDPS 21(c)/29,-,9,0,PS000123,Bhairamgarh Police Station,LOC000123,Bhairamgarh,Bijapur,Chhattisgarh,18.79608,80.7942,2019-12-16T20:36,2019-12-19T01:36,Border Security Force - Intel,ORG000010,SYN-GAN,CHARGESHEETED,439003047,2,B
INC000439,662/2024,CASE000092,ATTEMPT_TO_MURDER,307,109,8,0,PS000096,Ukkadam Police Station,LOC000096,Ukkadam,Coimbatore,Tamil Nadu,10.99091,76.96669,2024-06-30T21:49,2024-07-01T05:49,Central Bureau of Investigation,ORG000005,SYN-MIN,UNDER_INVESTIGATION,0,1,D
INC000440,093/2025,CASE000147,ILLEGAL_MINING,MMDR 21(1),-,4,1,PS000039,Mahadeva Police Station,LOC000039,Mahadeva,Siwan,Bihar,26.21306,84.36525,2025-10-13T11:28,2025-10-15T03:28,Special Task Force (STF),ORG000005,SYN-MIN,UNDER_INVESTIGATION,0,2,B
INC000441,388/2025,CASE000060,FORGERY,465/468,336(3),4,1,PS000069,Ramgarh Police Station,LOC000069,Ramgarh,Alwar,Rajasthan,27.52158,76.62084,2025-02-08T02:31,2025-02-10T06:31,Enforcement Directorate,ORG000008,SYN-VEH,UNTRACED,0,1,D
INC000442,522/2022,CASE000157,MONEY_LAUNDERING,PMLA 3/4,-,7,0,PS000100,Yeshwanthpur Police Station,LOC000100,Yeshwanthpur,Bengaluru,Karnataka,13.02634,77.54707,2022-05-26T04:03,2022-05-26T16:03,Economic Offences Wing,ORG000003,SYN-CYB,ACQUITTED,21680222,5,D
INC000443,539/2026,CASE000134,VEHICLE_THEFT,379/411,303(2),3,1,PS000064,Ballabgarh Police Station,LOC000064,Ballabgarh,Faridabad,Haryana,28.34729,77.32805,2026-05-02T14:33,2026-05-03T17:33,Economic Offences Wing,ORG000008,SYN-VEH,CHARGESHEETED,0,2,B
INC000444,810/2021,CASE000029,VEHICLE_THEFT,379/411,303(2),3,1,PS000063,Barwala Police Station,LOC000063,Barwala,Hisar,Haryana,29.36333,75.90971,2021-09-08T21:22,2021-09-09T07:22,Economic Offences Wing,ORG000008,SYN-VEH,CHARGESHEETED,0,2,B
INC000445,587/2021,CASE000064,MONEY_LAUNDERING,PMLA 3/4,-,7,0,PS000084,Kukatpally Police Station,LOC000084,Kukatpally,Hyderabad,Telangana,17.48623,78.40974,2021-05-02T03:50,2021-05-03T07:50,Directorate of Revenue Intelligence,ORG000012,SYN-BET,UNDER_INVESTIGATION,2700782123,2,A
INC000446,182/2022,CASE000072,MURDER,302,103(1),10,0,PS000065,Osian Police Station,LOC000065,Osian,Jodhpur,Rajasthan,26.71758,72.91971,2022-08-29T20:59,2022-09-01T13:59,Economic Offences Wing,ORG000014,SYN-SHK,CHARGESHEETED,0,3,A
INC000447,500/2025,CASE000098,ARMS_ACT,Arms Act 25/27,-,6,0,PS000032,Baradari Police Station,LOC000032,Baradari,Bareilly,Uttar Pradesh,28.3677,79.43192,2025-05-24T20:27,2025-05-26T00:27,Special Task Force (STF),ORG000007,SYN-ARM,CHARGESHEETED,0,1,D
INC000448,128/2023,CASE000087,SMUGGLING_CUSTOMS,Customs Act 135,-,5,1,PS000120,Maisuma Police Station,LOC000120,Maisuma,Srinagar,Jammu and Kashmir,34.06805,74.79591,2023-08-20T09:32,2023-08-21T10:32,Economic Offences Wing,,UNAFFILIATED,CHARGESHEETED,5017605,1,D
INC000449,518/2026,CASE000093,ATTEMPT_TO_MURDER,307,109,8,0,PS000080,Morar Police Station,LOC000080,Morar,Gwalior,Madhya Pradesh,26.22147,78.20426,2026-03-17T18:54,2026-03-18T05:54,Railway Protection Force,ORG000005,SYN-MIN,UNDER_INVESTIGATION,0,1,A
INC000450,160/2024,CASE000022,ATTEMPT_TO_MURDER,307,109,8,0,PS000036,Kasim Bazaar Police Station,LOC000036,Kasim Bazaar,Munger,Bihar,25.3687,86.46907,2024-12-27T02:09,2024-12-28T00:09,Anti-Terrorism Squad (ATS),ORG000005,SYN-MIN,UNDER_INVESTIGATION,0,3,C
INC000451,259/2025,CASE000091,MURDER,302,103(1),10,0,PS000038,Chandauti Police Station,LOC000038,Chandauti,Gaya,Bihar,24.78741,84.99597,2025-05-25T20:28,2025-05-27T00:28,Anti-Narcotics Cell,ORG000013,SYN-KDN,CHARGESHEETED,0,7,B
INC000452,767/2023,CASE000116,FORGERY,465/468,336(3),4,1,PS000116,Moreh Police Station,LOC000116,Moreh,Imphal,Manipur,24.25418,94.30003,2023-10-27T02:02,2023-10-29T03:02,Special Task Force (STF),,UNAFFILIATED,CHARGESHEETED,0,5,A
INC000453,118/2026,CASE000022,MURDER,302,103(1),10,0,PS000023,Aminabad Police Station,LOC000023,Aminabad,Lucknow,Uttar Pradesh,26.84458,80.91064,2026-04-07T13:46,2026-04-08T06:46,Anti-Terrorism Squad (ATS),ORG000005,SYN-MIN,UNDER_INVESTIGATION,0,2,C
INC000454,837/2021,CASE000068,RIOTING,147/148,191(2),4,1,PS000067,Chomu Police Station,LOC000067,Chomu,Jaipur,Rajasthan,27.16846,75.72915,2021-08-10T05:23,2021-08-10T06:23,Special Task Force (STF),ORG000005,SYN-MIN,UNDER_INVESTIGATION,0,4,A
INC000455,017/2026,CASE000039,SMUGGLING_CUSTOMS,Customs Act 135,-,5,1,PS000117,Tuibong Police Station,LOC000117,Tuibong,Churachandpur,Manipur,24.3214,93.68328,2026-06-05T16:26,2026-06-06T13:26,Narcotics Control Bureau,ORG000015,SYN-WLD,CHARGESHEETED,1996570,1,D
INC000456,158/2021,CASE000090,ARMS_ACT,Arms Act 25/27,-,6,0,PS000027,Sector 63 Police Station,LOC000027,Sector 63,Noida,Uttar Pradesh,28.63194,77.37857,2021-03-09T18:27,2021-03-12T18:27,Economic Offences Wing,ORG000007,SYN-ARM,UNDER_INVESTIGATION,0,2,A
INC000457,087/2022,CASE000096,FORGERY,465/468,336(3),4,1,PS000052,Matigara Police Station,LOC000052,Matigara,Siliguri,West Bengal,26.72719,88.37142,2022-07-29T19:18,2022-07-30T23:18,Economic Offences Wing,ORG000004,SYN-HAW,UNDER_INVESTIGATION,0,2,C
INC000458,830/2025,CASE000081,NDPS_POSSESSION,NDPS 22(b),-,5,0,PS000066,Nokha Police Station,LOC000066,Nokha,Bikaner,Rajasthan,27.56853,73.4757,2025-01-20T08:35,2025-01-20T11:35,Anti-Narcotics Cell,ORG000002,SYN-HER,CHARGESHEETED,0,2,D
INC000459,557/2025,CASE000099,CRIMINAL_CONSPIRACY,120B,61(2),5,0,PS000115,Sutarkandi Police Station,LOC000115,Sutarkandi,Karimganj,Assam,24.87968,92.34231,2025-01-21T15:42,2025-01-22T13:42,Cyber Crime Cell,ORG000009,SYN-FIC,UNDER_INVESTIGATION,0,3,A
INC000460,450/2026,CASE000053,NDPS_POSSESSION,NDPS 22(b),-,5,0,PS000120,Maisuma Police Station,LOC000120,Maisuma,Srinagar,Jammu and Kashmir,34.06805,74.79591,2026-02-15T02:53,2026-02-18T00:53,Economic Offences Wing,ORG000002,SYN-HER,UNDER_INVESTIGATION,0,1,B
INC000461,337/2024,CASE000060,VEHICLE_THEFT,379/411,303(2),3,1,PS000040,Barauni Police Station,LOC000040,Barauni,Begusarai,Bihar,25.42198,86.12977,2024-10-31T09:26,2024-10-31T14:26,Enforcement Directorate,ORG000008,SYN-VEH,UNTRACED,0,3,C
INC000462,801/2025,CASE000076,KIDNAP_FOR_RANSOM,364A,140(2),9,0,PS000007,Mumbra Police Station,LOC000007,Mumbra,Thane,Maharashtra,19.18341,73.02479,2025-12-14T02:36,2025-12-16T23:36,State Intelligence Department,,UNAFFILIATED,CHARGESHEETED,21128417,3,B
INC000463,767/2024,CASE000043,ATTEMPT_TO_MURDER,307,109,8,0,PS000096,Ukkadam Police Station,LOC000096,Ukkadam,Coimbatore,Tamil Nadu,10.99091,76.96669,2024-03-27T17:30,2024-03-28T17:30,Enforcement Directorate,ORG000005,SYN-MIN,UNDER_INVESTIGATION,0,2,D
INC000464,212/2024,CASE000004,EXTORTION,384/387,308,6,0,PS000043,Sarwan Police Station,LOC000043,Sarwan,Deoghar,Jharkhand,24.47171,86.69972,2024-12-31T16:16,2025-01-01T07:16,Directorate of Revenue Intelligence,ORG000013,SYN-KDN,CHARGESHEETED,45869774,3,D
INC000465,437/2026,CASE000094,EXTORTION,384/387,308,6,0,PS000021,Sangam Vihar Police Station,LOC000021,Sangam Vihar,New Delhi,Delhi,28.48827,77.23159,2026-01-12T05:07,2026-01-12T23:07,Directorate of Revenue Intelligence,ORG000012,SYN-BET,CHARGESHEETED,29131973,1,D
INC000466,457/2021,CASE000102,FORGERY,465/468,336(3),4,1,PS000052,Matigara Police Station,LOC000052,Matigara,Siliguri,West Bengal,26.72719,88.37142,2021-08-31T10:11,2021-09-02T08:11,State Police - Crime Branch,ORG000015,SYN-WLD,UNDER_INVESTIGATION,0,5,C
INC000467,784/2023,CASE000119,DACOITY,395,310(2),8,0,PS000086,Hanamkonda Police Station,LOC000086,Hanamkonda,Warangal,Telangana,18.00878,79.55269,2023-01-02T11:49,2023-01-03T15:49,State Police - Crime Branch,,UNAFFILIATED,ACQUITTED,30209695,3,D
INC000468,354/2025,CASE000019,RIOTING,147/148,191(2),4,1,PS000103,Sandur Police Station,LOC000103,Sandur,Ballari,Karnataka,15.10763,76.5405,2025-07-16T08:30,2025-07-17T07:30,Anti-Terrorism Squad (ATS),ORG000005,SYN-MIN,CHARGESHEETED,0,1,B
INC000469,307/2025,CASE000048,CHIT_FUND_PONZI,BUDS Act 21,318(4),6,1,PS000091,Nandyal Police Station,LOC000091,Nandyal,Kurnool,Andhra Pradesh,15.47185,78.47847,2025-06-30T04:29,2025-07-03T01:29,Central Bureau of Investigation,,UNAFFILIATED,UNTRACED,2797282562,1,B
INC000470,024/2024,CASE000144,ARMS_ACT,Arms Act 25/27,-,6,0,PS000006,Malad Police Station,LOC000006,Malad,Mumbai,Maharashtra,19.18722,72.85232,2024-10-11T20:16,2024-10-12T04:16,Economic Offences Wing,ORG000007,SYN-ARM,CONVICTED,0,7,A
INC000471,643/2026,CASE000114,ORGANISED_CRIME,MCOCA 3(1),111,10,0,PS000109,Nayapalli Police Station,LOC000109,Nayapalli,Bhubaneswar,Odisha,20.28446,85.8132,2026-04-22T13:47,2026-04-24T13:47,Anti-Narcotics Cell,,UNAFFILIATED,UNDER_INVESTIGATION,0,4,B
INC000472,249/2024,CASE000020,HUMAN_TRAFFICKING,370/372,143,9,0,PS000103,Sandur Police Station,LOC000103,Sandur,Ballari,Karnataka,15.10763,76.5405,2024-09-04T04:40,2024-09-05T14:40,Income Tax Investigation Wing,ORG000006,SYN-TRF,CHARGESHEETED,0,1,B
INC000473,330/2023,CASE000110,LAND_GRABBING,441/447,329,4,1,PS000073,Mundra Police Station,LOC000073,Mundra,Kutch,Gujarat,22.83708,69.72983,2023-02-17T21:45,2023-02-18T00:45,Central Bureau of Investigation,ORG000001,SYN-EXT,UNDER_INVESTIGATION,0,4,A
INC000474,031/2024,CASE000027,MURDER,302,103(1),10,0,PS000079,Sanawad Police Station,LOC000079,Sanawad,Khargone,Madhya Pradesh,22.17019,75.90242,2024-12-19T07:53,2024-12-21T05:53,Economic Offences Wing,ORG000007,SYN-ARM,UNDER_INVESTIGATION,0,3,A
INC000475,218/2026,CASE000003,MONEY_LAUNDERING,PMLA 3/4,-,7,0,PS000047,Metiabruz Police Station,LOC000047,Metiabruz,Kolkata,West Bengal,22.53329,88.31358,2026-06-16T15:38,2026-06-18T04:38,Central Bureau of Investigation,ORG000004,SYN-HAW,UNDER_INVESTIGATION,1803976306,5,D
INC000476,840/2026,CASE000028,FORGERY,465/468,336(3),4,1,PS000047,Metiabruz Police Station,LOC000047,Metiabruz,Kolkata,West Bengal,22.53329,88.31358,2026-05-11T02:47,2026-05-12T21:47,Economic Offences Wing,ORG000006,SYN-TRF,CHARGESHEETED,0,3,A
INC000477,351/2022,CASE000065,MURDER,302,103(1),10,0,PS000079,Sanawad Police Station,LOC000079,Sanawad,Khargone,Madhya Pradesh,22.17019,75.90242,2022-04-05T02:29,2022-04-08T01:29,Narcotics Control Bureau,ORG000007,SYN-ARM,CONVICTED,0,2,C
INC000478,325/2024,CASE000053,NDPS_POSSESSION,NDPS 22(b),-,5,0,PS000066,Nokha Police Station,LOC000066,Nokha,Bikaner,Rajasthan,27.56853,73.4757,2024-11-09T04:27,2024-11-09T12:27,Economic Offences Wing,ORG000002,SYN-HER,UNTRACED,0,4,D
INC000479,585/2026,CASE000021,CRIMINAL_CONSPIRACY,120B,61(2),5,0,PS000100,Yeshwanthpur Police Station,LOC000100,Yeshwanthpur,Bengaluru,Karnataka,13.02634,77.54707,2026-03-02T18:41,2026-03-03T05:41,Border Security Force - Intel,ORG000010,SYN-GAN,CHARGESHEETED,0,3,D
INC000480,832/2023,CASE000007,MURDER,302,103(1),10,0,PS000077,Bairagarh Police Station,LOC000077,Bairagarh,Bhopal,Madhya Pradesh,23.27477,77.32792,2023-06-27T18:35,2023-06-29T01:35,Railway Protection Force,ORG000007,SYN-ARM,UNDER_INVESTIGATION,0,3,C
INC000481,816/2021,CASE000084,FORGERY,465/468,336(3),4,1,PS000025,Lisari Gate Police Station,LOC000025,Lisari Gate,Meerut,Uttar Pradesh,28.97425,77.70598,2021-07-22T06:42,2021-07-22T13:42,State Police - Crime Branch,,UNAFFILIATED,UNTRACED,0,1,A
INC000482,352/2022,CASE000062,MONEY_LAUNDERING,PMLA 3/4,-,7,0,PS000076,Karelibaug Police Station,LOC000076,Karelibaug,Vadodara,Gujarat,22.32869,73.19409,2022-09-04T06:08,2022-09-06T18:08,Cyber Crime Cell,ORG000004,SYN-HAW,UNDER_INVESTIGATION,1924116459,2,A
INC000483,054/2023,CASE000023,ARMS_ACT,Arms Act 25/27,-,6,0,PS000017,Jamia Nagar Police Station,LOC000017,Jamia Nagar,New Delhi,Delhi,28.55756,77.28271,2023-08-18T21:19,2023-08-20T10:19,State Police - Crime Branch,ORG000013,SYN-KDN,UNDER_INVESTIGATION,0,3,D
INC000484,293/2026,CASE000061,ATTEMPT_TO_MURDER,307,109,8,0,PS000011,Kamptee Police Station,LOC000011,Kamptee,Nagpur,Maharashtra,21.22695,79.19707,2026-06-16T02:00,2026-06-18T12:00,Central Bureau of Investigation,ORG000014,SYN-SHK,UNDER_INVESTIGATION,0,3,C
INC000485,336/2026,CASE000083,NDPS_POSSESSION,NDPS 22(b),-,5,0,PS000054,Ajnala Police Station,LOC000054,Ajnala,Amritsar,Punjab,31.83946,74.75814,2026-01-03T08:23,2026-01-04T23:23,Special Task Force (STF),ORG000002,SYN-HER,UNDER_INVESTIGATION,0,5,D
INC000486,063/2024,CASE000087,SMUGGLING_CUSTOMS,Customs Act 135,-,5,1,PS000017,Jamia Nagar Police Station,LOC000017,Jamia Nagar,New Delhi,Delhi,28.55756,77.28271,2024-03-17T02:01,2024-03-19T22:01,Economic Offences Wing,,UNAFFILIATED,UNDER_INVESTIGATION,237490,4,D
INC000487,085/2023,CASE000107,FORGERY,465/468,336(3),4,1,PS000062,Gohana Police Station,LOC000062,Gohana,Sonipat,Haryana,29.14638,76.70853,2023-07-18T18:39,2023-07-21T10:39,State Police - Crime Branch,ORG000006,SYN-TRF,UNTRACED,0,5,B
INC000488,892/2022,CASE000054,ARMS_ACT,Arms Act 25/27,-,6,0,PS000042,Karmatanr Police Station,LOC000042,Karmatanr,Jamtara,Jharkhand,23.95479,86.79482,2022-08-10T18:23,2022-08-11T09:23,Cyber Crime Cell,ORG000013,SYN-KDN,CHARGESHEETED,0,4,B
INC000489,898/2025,CASE000139,CHIT_FUND_PONZI,BUDS Act 21,318(4),6,1,PS000044,Jharia Police Station,LOC000044,Jharia,Dhanbad,Jharkhand,23.74956,86.41065,2025-05-02T08:03,2025-05-05T04:03,Narcotics Control Bureau,ORG000011,SYN-PON,UNDER_INVESTIGATION,2916214995,1,D
INC000490,288/2022,CASE000094,MONEY_LAUNDERING,PMLA 3/4,-,7,0,PS000069,Ramgarh Police Station,LOC000069,Ramgarh,Alwar,Rajasthan,27.52158,76.62084,2022-06-16T12:55,2022-06-17T06:55,Directorate of Revenue Intelligence,ORG000012,SYN-BET,UNDER_INVESTIGATION,2276711248,7,D
INC000491,033/2025,CASE000066,MURDER,302,103(1),10,0,PS000019,Najafgarh Police Station,LOC000019,Najafgarh,New Delhi,Delhi,28.61304,77.01367,2025-02-20T19:47,2025-02-21T14:47,Narcotics Control Bureau,ORG000001,SYN-EXT,UNDER_INVESTIGATION,0,1,A
INC000492,567/2025,CASE000037,BETTING_GAMBLING,Gambling Act 3/4,-,2,1,PS000121,Uri Police Station,LOC000121,Uri,Baramulla,Jammu and Kashmir,34.0833,74.04758,2025-01-26T21:37,2025-01-28T08:37,Special Task Force (STF),,UNAFFILIATED,UNTRACED,736028,3,B
INC000493,771/2025,CASE000036,CHEATING_FRAUD,420,318(4),5,1,PS000043,Sarwan Police Station,LOC000043,Sarwan,Deoghar,Jharkhand,24.47171,86.69972,2025-03-12T05:51,2025-03-14T15:51,Central Bureau of Investigation,ORG000011,SYN-PON,UNDER_INVESTIGATION,722128164,1,C
INC000494,357/2024,CASE000053,CRIMINAL_CONSPIRACY,120B,61(2),5,0,PS000069,Ramgarh Police Station,LOC000069,Ramgarh,Alwar,Rajasthan,27.52158,76.62084,2024-08-22T11:44,2024-08-23T00:44,Economic Offences Wing,ORG000002,SYN-HER,CHARGESHEETED,0,3,B
INC000495,287/2021,CASE000157,CHEATING_FRAUD,420,318(4),5,1,PS000103,Sandur Police Station,LOC000103,Sandur,Ballari,Karnataka,15.10763,76.5405,2021-05-08T00:02,2021-05-09T23:02,Economic Offences Wing,ORG000003,SYN-CYB,UNTRACED,1393398,3,D
INC000496,744/2024,CASE000016,CRIMINAL_CONSPIRACY,120B,61(2),5,0,PS000036,Kasim Bazaar Police Station,LOC000036,Kasim Bazaar,Munger,Bihar,25.3687,86.46907,2024-01-17T12:43,2024-01-19T07:43,Anti-Narcotics Cell,ORG000009,SYN-FIC,UNTRACED,0,4,C
INC000497,848/2021,CASE000155,MONEY_LAUNDERING,PMLA 3/4,-,7,0,PS000062,Gohana Police Station,LOC000062,Gohana,Sonipat,Haryana,29.14638,76.70853,2021-10-20T03:17,2021-10-22T14:17,Anti-Narcotics Cell,ORG000002,SYN-HER,UNDER_INVESTIGATION,1177608,4,B
INC000498,218/2026,CASE000089,ILLEGAL_MINING,MMDR 21(1),-,4,1,PS000095,Melur Police Station,LOC000095,Melur,Madurai,Tamil Nadu,10.02224,78.3489,2026-01-06T12:49,2026-01-09T12:49,Income Tax Investigation Wing,ORG000005,SYN-MIN,UNDER_INVESTIGATION,0,7,A
INC000499,269/2025,CASE000053,MONEY_LAUNDERING,PMLA 3/4,-,7,0,PS000056,Jamalpur Police Station,LOC000056,Jamalpur,Ludhiana,Punjab,30.91108,75.85307,2025-08-04T22:11,2025-08-05T05:11,Economic Offences Wing,ORG000002,SYN-HER,UNDER_INVESTIGATION,151111981,2,C
INC000500,714/2026,CASE000111,KIDNAP_FOR_RANSOM,364A,140(2),9,0,PS000037,Mithanpura Police Station,LOC000037,Mithanpura,Muzaffarpur,Bihar,26.12944,85.39524,2026-05-31T19:17,2026-06-03T12:17,Railway Protection Force,ORG000013,SYN-KDN,UNDER_INVESTIGATION,13432531,4,C
INC000501,276/2026,CASE000012,ORGANISED_CRIME,MCOCA 3(1),111,10,0,PS000035,Kadamkuan Police Station,LOC000035,Kadamkuan,Patna,Bihar,25.62537,85.1468,2026-01-27T07:19,2026-01-29T08:19,Special Task Force (STF),ORG000007,SYN-ARM,UNDER_INVESTIGATION,0,3,C
INC000502,531/2026,CASE000112,CHEATING_FRAUD,420,318(4),5,1,PS000051,Bongaon Police Station,LOC000051,Bongaon,North 24 Parganas,West Bengal,23.07416,88.81118,2026-06-16T22:48,2026-06-17T12:48,Narcotics Control Bureau,ORG000004,SYN-HAW,UNDER_INVESTIGATION,45462597,7,C
INC000503,187/2025,CASE000146,CHEATING_FRAUD,420,318(4),5,1,PS000115,Sutarkandi Police Station,LOC000115,Sutarkandi,Karimganj,Assam,24.87968,92.34231,2025-10-15T03:26,2025-10-15T11:26,Railway Protection Force,ORG000011,SYN-PON,UNDER_INVESTIGATION,2871498706,2,B
INC000504,732/2025,CASE000055,ARMS_ACT,Arms Act 25/27,-,6,0,PS000025,Lisari Gate Police Station,LOC000025,Lisari Gate,Meerut,Uttar Pradesh,28.97425,77.70598,2025-03-16T05:57,2025-03-16T12:57,Economic Offences Wing,ORG000007,SYN-ARM,CONVICTED,0,1,C
INC000505,192/2026,CASE000095,CHEATING_FRAUD,420,318(4),5,1,PS000021,Sangam Vihar Police Station,LOC000021,Sangam Vihar,New Delhi,Delhi,28.48827,77.23159,2026-04-28T01:10,2026-04-30T03:10,Railway Protection Force,ORG000008,SYN-VEH,CONVICTED,5144627,1,B
INC000506,711/2021,CASE000056,MONEY_LAUNDERING,PMLA 3/4,-,7,0,PS000120,Maisuma Police Station,LOC000120,Maisuma,Srinagar,Jammu and Kashmir,34.06805,74.79591,2021-07-06T03:40,2021-07-06T17:40,Directorate of Revenue Intelligence,ORG000002,SYN-HER,UNDER_INVESTIGATION,1983867948,5,B
INC000507,824/2023,CASE000021,ARMS_ACT,Arms Act 25/27,-,6,0,PS000123,Bhairamgarh Police Station,LOC000123,Bhairamgarh,Bijapur,Chhattisgarh,18.79608,80.7942,2023-10-06T09:38,2023-10-07T00:38,Border Security Force - Intel,ORG000010,SYN-GAN,UNDER_INVESTIGATION,0,4,D
INC000508,792/2023,CASE000025,FORGERY,465/468,336(3),4,1,PS000053,Karimpur Police Station,LOC000053,Karimpur,Nadia,West Bengal,23.96971,88.62078,2023-03-31T15:07,2023-04-03T01:07,Income Tax Investigation Wing,ORG000003,SYN-CYB,CONVICTED,0,3,A
INC000509,411/2025,CASE000033,CRIMINAL_CONSPIRACY,120B,61(2),5,0,PS000019,Najafgarh Police Station,LOC000019,Najafgarh,New Delhi,Delhi,28.61304,77.01367,2025-09-10T03:17,2025-09-12T05:17,State Police - Crime Branch,ORG000002,SYN-HER,UNDER_INVESTIGATION,0,2,C
INC000510,458/2023,CASE000099,FICN_COUNTERFEIT,489B/489C,179,8,0,PS000015,Chandni Chowk Police Station,LOC000015,Chandni Chowk,New Delhi,Delhi,28.65923,77.23546,2023-12-31T08:17,2023-12-31T16:17,Cyber Crime Cell,ORG000009,SYN-FIC,CONVICTED,85174504,3,C
INC000511,432/2026,CASE000034,MURDER,302,103(1),10,0,PS000073,Mundra Police Station,LOC000073,Mundra,Kutch,Gujarat,22.83708,69.72983,2026-03-22T04:58,2026-03-23T17:58,Enforcement Directorate,ORG000001,SYN-EXT,CONVICTED,0,3,C
INC000512,212/2025,CASE000004,ORGANISED_CRIME,MCOCA 3(1),111,10,0,PS000044,Jharia Police Station,LOC000044,Jharia,Dhanbad,Jharkhand,23.74956,86.41065,2025-08-07T14:17,2025-08-09T03:17,Directorate of Revenue Intelligence,ORG000013,SYN-KDN,UNTRACED,0,4,D
INC000513,696/2026,CASE000010,SMUGGLING_CUSTOMS,Customs Act 135,-,5,1,PS000005,Andheri Police Station,LOC000005,Andheri,Mumbai,Maharashtra,19.11407,72.84691,2026-03-29T18:50,2026-03-29T20:50,Directorate of Revenue Intelligence,ORG000004,SYN-HAW,CHARGESHEETED,738120,1,D
INC000514,559/2023,CASE000155,CRIMINAL_CONSPIRACY,120B,61(2),5,0,PS000120,Maisuma Police Station,LOC000120,Maisuma,Srinagar,Jammu and Kashmir,34.06805,74.79591,2023-04-23T19:49,2023-04-25T17:49,Anti-Narcotics Cell,ORG000002,SYN-HER,CHARGESHEETED,0,1,D
INC000515,280/2025,CASE000021,ARMS_ACT,Arms Act 25/27,-,6,0,PS000123,Bhairamgarh Police Station,LOC000123,Bhairamgarh,Bijapur,Chhattisgarh,18.79608,80.7942,2025-07-13T19:00,2025-07-16T06:00,Border Security Force - Intel,ORG000010,SYN-GAN,CHARGESHEETED,0,5,A
INC000516,006/2021,CASE000143,CHEATING_FRAUD,420,318(4),5,1,PS000044,Jharia Police Station,LOC000044,Jharia,Dhanbad,Jharkhand,23.74956,86.41065,2021-12-01T04:53,2021-12-01T23:53,State Intelligence Department,ORG000011,SYN-PON,UNDER_INVESTIGATION,34615897,3,C
INC000517,774/2026,CASE000078,FORGERY,465/468,336(3),4,1,PS000036,Kasim Bazaar Police Station,LOC000036,Kasim Bazaar,Munger,Bihar,25.3687,86.46907,2026-03-10T14:56,2026-03-12T22:56,Anti-Narcotics Cell,ORG000008,SYN-VEH,CHARGESHEETED,0,1,A
INC000518,430/2023,CASE000096,FORGERY,465/468,336(3),4,1,PS000052,Matigara Police Station,LOC000052,Matigara,Siliguri,West Bengal,26.72719,88.37142,2023-08-06T01:30,2023-08-07T05:30,Economic Offences Wing,ORG000004,SYN-HAW,CHARGESHEETED,0,7,D
INC000519,501/2021,CASE000052,EXTORTION,384/387,308,6,0,PS000045,Hatia Police Station,LOC000045,Hatia,Ranchi,Jharkhand,23.30257,85.31951,2021-03-05T16:11,2021-03-06T06:11,State Police - Crime Branch,ORG000013,SYN-KDN,CHARGESHEETED,45543166,1,D
INC000520,625/2024,CASE000118,NDPS_TRAFFICKING,NDPS 21(c)/29,-,9,0,PS000121,Uri Police Station,LOC000121,Uri,Baramulla,Jammu and Kashmir,34.0833,74.04758,2024-10-30T08:15,2024-11-01T21:15,Railway Protection Force,ORG000002,SYN-HER,UNDER_INVESTIGATION,351685328,4,B
INC000521,851/2026,CASE000055,ARMS_ACT,Arms Act 25/27,-,6,0,PS000010,Kondhwa Police Station,LOC000010,Kondhwa,Pune,Maharashtra,18.45704,73.8876,2026-02-17T01:14,2026-02-19T15:14,Economic Offences Wing,ORG000007,SYN-ARM,ACQUITTED,0,3,D
INC000522,029/2025,CASE000136,DACOITY,395,310(2),8,0,PS000016,Seelampur Police Station,LOC000016,Seelampur,New Delhi,Delhi,28.67711,77.27533,2025-02-27T02:37,2025-02-27T21:37,Income Tax Investigation Wing,,UNAFFILIATED,CHARGESHEETED,26247753,5,B
INC000523,208/2025,CASE000145,SMUGGLING_CUSTOMS,Customs Act 135,-,5,1,PS000051,Bongaon Police Station,LOC000051,Bongaon,North 24 Parganas,West Bengal,23.07416,88.81118,2025-01-14T05:37,2025-01-14T20:37,State Intelligence Department,,UNAFFILIATED,UNTRACED,115992,1,A
INC000524,711/2025,CASE000086,KIDNAP_FOR_RANSOM,364A,140(2),9,0,PS000104,Mattancherry Police Station,LOC000104,Mattancherry,Kochi,Kerala,9.96365,76.25723,2025-07-08T04:00,2025-07-09T00:00,State Police - Crime Branch,,UNAFFILIATED,UNTRACED,37405817,2,A
INC000525,685/2024,CASE000140,KIDNAP_FOR_RANSOM,364A,140(2),9,0,PS000039,Mahadeva Police Station,LOC000039,Mahadeva,Siwan,Bihar,26.21306,84.36525,2024-10-01T03:24,2024-10-02T00:24,Narcotics Control Bureau,ORG000013,SYN-KDN,CHARGESHEETED,6647359,2,B
INC000526,711/2026,CASE000141,EXTORTION,384/387,308,6,0,PS000044,Jharia Police Station,LOC000044,Jharia,Dhanbad,Jharkhand,23.74956,86.41065,2026-03-05T21:23,2026-03-08T11:23,Income Tax Investigation Wing,ORG000013,SYN-KDN,CHARGESHEETED,11772390,2,C
INC000527,584/2022,CASE000015,FORGERY,465/468,336(3),4,1,PS000096,Ukkadam Police Station,LOC000096,Ukkadam,Coimbatore,Tamil Nadu,10.99091,76.96669,2022-07-30T20:30,2022-08-01T16:30,Income Tax Investigation Wing,ORG000004,SYN-HAW,CONVICTED,0,3,D
INC000528,464/2025,CASE000054,ARMS_ACT,Arms Act 25/27,-,6,0,PS000024,Chakeri Police Station,LOC000024,Chakeri,Kanpur,Uttar Pradesh,26.41802,80.40132,2025-06-21T11:56,2025-06-22T18:56,Cyber Crime Cell,ORG000013,SYN-KDN,UNDER_INVESTIGATION,0,1,A
INC000529,466/2021,CASE000133,WILDLIFE_TRAFFICKING,WLPA 51,-,6,0,PS000091,Nandyal Police Station,LOC000091,Nandyal,Kurnool,Andhra Pradesh,15.47185,78.47847,2021-01-27T13:14,2021-01-29T12:14,Special Task Force (STF),ORG000015,SYN-WLD,UNDER_INVESTIGATION,493028937,7,A
INC000530,756/2022,CASE000116,FORGERY,465/468,336(3),4,1,PS000121,Uri Police Station,LOC000121,Uri,Baramulla,Jammu and Kashmir,34.0833,74.04758,2022-04-30T19:54,2022-05-02T05:54,Special Task Force (STF),,UNAFFILIATED,CHARGESHEETED,0,4,D
INC000531,358/2021,CASE000151,ORGANISED_CRIME,MCOCA 3(1),111,10,0,PS000060,Punhana Police Station,LOC000060,Punhana,Nuh,Haryana,27.86723,77.21101,2021-04-24T23:10,2021-04-25T02:10,Income Tax Investigation Wing,,UNAFFILIATED,CONVICTED,0,3,C
INC000532,640/2024,CASE000058,NDPS_TRAFFICKING,NDPS 21(c)/29,-,9,0,PS000097,Palayamkottai Police Station,LOC000097,Palayamkottai,Tirunelveli,Tamil Nadu,8.7186,77.73084,2024-04-24T09:26,2024-04-26T16:26,Narcotics Control Bureau,ORG000010,SYN-GAN,CONVICTED,40277386,3,C
INC000533,313/2022,CASE000101,NDPS_TRAFFICKING,NDPS 21(c)/29,-,9,0,PS000123,Bhairamgarh Police Station,LOC000123,Bhairamgarh,Bijapur,Chhattisgarh,18.79608,80.7942,2022-04-07T03:40,2022-04-09T16:40,Border Security Force - Intel,ORG000010,SYN-GAN,CHARGESHEETED,128849766,1,C
INC000534,130/2023,CASE000151,ORGANISED_CRIME,MCOCA 3(1),111,10,0,PS000087,Bodhan Police Station,LOC000087,Bodhan,Nizamabad,Telangana,18.66779,77.89485,2023-05-06T11:48,2023-05-08T08:48,Income Tax Investigation Wing,,UNAFFILIATED,UNTRACED,0,3,B
INC000535,697/2025,CASE000058,NDPS_POSSESSION,NDPS 22(b),-,5,0,PS000090,Mangalagiri Police Station,LOC000090,Mangalagiri,Guntur,Andhra Pradesh,16.43011,80.55502,2025-12-05T12:05,2025-12-07T16:05,Narcotics Control Bureau,ORG000010,SYN-GAN,CHARGESHEETED,0,3,B
INC000536,860/2026,CASE000146,CHIT_FUND_PONZI,BUDS Act 21,318(4),6,1,PS000109,Nayapalli Police Station,LOC000109,Nayapalli,Bhubaneswar,Odisha,20.28446,85.8132,2026-02-01T05:10,2026-02-02T10:10,Railway Protection Force,ORG000011,SYN-PON,UNTRACED,5539379,4,C
INC000537,181/2022,CASE000009,ARMS_ACT,Arms Act 25/27,-,6,0,PS000031,Kutba Police Station,LOC000031,Kutba,Muzaffarnagar,Uttar Pradesh,29.47784,77.70244,2022-02-19T07:02,2022-02-22T01:02,Income Tax Investigation Wing,ORG000013,SYN-KDN,UNDER_INVESTIGATION,0,5,D
INC000538,784/2025,CASE000034,ORGANISED_CRIME,MCOCA 3(1),111,10,0,PS000100,Yeshwanthpur Police Station,LOC000100,Yeshwanthpur,Bengaluru,Karnataka,13.02634,77.54707,2025-12-17T12:25,2025-12-19T14:25,Enforcement Directorate,ORG000001,SYN-EXT,UNDER_INVESTIGATION,0,1,B
INC000539,070/2024,CASE000133,SMUGGLING_CUSTOMS,Customs Act 135,-,5,1,PS000097,Palayamkottai Police Station,LOC000097,Palayamkottai,Tirunelveli,Tamil Nadu,8.7186,77.73084,2024-03-20T03:43,2024-03-20T05:43,Special Task Force (STF),ORG000015,SYN-WLD,UNTRACED,183832,2,B
INC000540,655/2025,CASE000037,BETTING_GAMBLING,Gambling Act 3/4,-,2,1,PS000103,Sandur Police Station,LOC000103,Sandur,Ballari,Karnataka,15.10763,76.5405,2025-04-30T15:31,2025-05-03T05:31,Special Task Force (STF),,UNAFFILIATED,UNTRACED,1702346,3,D
INC000541,584/2025,CASE000113,CHEATING_FRAUD,420,318(4),5,1,PS000016,Seelampur Police Station,LOC000016,Seelampur,New Delhi,Delhi,28.67711,77.27533,2025-05-05T12:19,2025-05-05T23:19,State Police - Crime Branch,ORG000008,SYN-VEH,UNDER_INVESTIGATION,7797694,3,C
INC000542,355/2024,CASE000082,VEHICLE_THEFT,379/411,303(2),3,1,PS000035,Kadamkuan Police Station,LOC000035,Kadamkuan,Patna,Bihar,25.62537,85.1468,2024-09-26T09:41,2024-09-29T01:41,Directorate of Revenue Intelligence,ORG000008,SYN-VEH,UNDER_INVESTIGATION,0,7,D
INC000543,364/2020,CASE000080,CHEATING_FRAUD,420,318(4),5,1,PS000053,Karimpur Police Station,LOC000053,Karimpur,Nadia,West Bengal,23.96971,88.62078,2020-08-22T08:48,2020-08-23T01:48,State Police - Crime Branch,ORG000011,SYN-PON,UNDER_INVESTIGATION,2408766758,4,B
INC000544,499/2025,CASE000058,CRIMINAL_CONSPIRACY,120B,61(2),5,0,PS000103,Sandur Police Station,LOC000103,Sandur,Ballari,Karnataka,15.10763,76.5405,2025-10-14T10:03,2025-10-15T23:03,Narcotics Control Bureau,ORG000010,SYN-GAN,CHARGESHEETED,0,1,D
INC000545,856/2025,CASE000017,ARMS_ACT,Arms Act 25/27,-,6,0,PS000092,Chintapalli Police Station,LOC000092,Chintapalli,Alluri Sitharama Raju,Andhra Pradesh,17.86088,82.34667,2025-01-10T02:11,2025-01-11T02:11,Directorate of Revenue Intelligence,ORG000010,SYN-GAN,CONVICTED,0,2,C
INC000546,850/2020,CASE000064,EXTORTION,384/387,308,6,0,PS000009,Yerwada Police Station,LOC000009,Yerwada,Pune,Maharashtra,18.54781,73.88111,2020-09-19T23:06,2020-09-20T23:06,Directorate of Revenue Intelligence,ORG000012,SYN-BET,UNTRACED,1151498,2,A
INC000547,052/2022,CASE000024,ATTEMPT_TO_MURDER,307,109,8,0,PS000075,Gondal Police Station,LOC000075,Gondal,Rajkot,Gujarat,21.95838,70.80167,2022-05-21T12:40,2022-05-23T04:40,Railway Protection Force,ORG000001,SYN-EXT,CHARGESHEETED,0,3,B
INC000548,370/2025,CASE000086,KIDNAP_FOR_RANSOM,364A,140(2),9,0,PS000108,Thalassery Police Station,LOC000108,Thalassery,Kannur,Kerala,11.74699,75.49641,2025-08-11T00:15,2025-08-13T12:15,State Police - Crime Branch,,UNAFFILIATED,UNDER_INVESTIGATION,40106920,2,B
INC000549,145/2023,CASE000113,VEHICLE_THEFT,379/411,303(2),3,1,PS000039,Mahadeva Police Station,LOC000039,Mahadeva,Siwan,Bihar,26.21306,84.36525,2023-10-07T12:02,2023-10-09T05:02,State Police - Crime Branch,ORG000008,SYN-VEH,UNTRACED,0,1,C
INC000550,036/2024,CASE000001,CYBER_FRAUD,IT Act 66C/66D,319(2),5,1,PS000029,Rajghat Police Station,LOC000029,Rajghat,Gorakhpur,Uttar Pradesh,26.76019,83.36182,2024-03-14T13:09,2024-03-16T03:09,Railway Protection Force,ORG000003,SYN-CYB,ACQUITTED,1712571,1,B
INC000551,030/2020,CASE000105,ATTEMPT_TO_MURDER,307,109,8,0,PS000081,Mehgaon Police Station,LOC000081,Mehgaon,Bhind,Madhya Pradesh,26.49265,78.62698,2020-08-20T19:51,2020-08-20T20:51,Narcotics Control Bureau,ORG000005,SYN-MIN,CONVICTED,0,7,A
INC000552,442/2026,CASE000129,ORGANISED_CRIME,MCOCA 3(1),111,10,0,PS000057,Mamdot Police Station,LOC000057,Mamdot,Ferozepur,Punjab,30.92456,74.61601,2026-02-26T10:24,2026-02-28T18:24,Enforcement Directorate,,UNAFFILIATED,CHARGESHEETED,0,1,A
INC000553,815/2026,CASE000091,ORGANISED_CRIME,MCOCA 3(1),111,10,0,PS000049,Kaliachak Police Station,LOC000049,Kaliachak,Malda,West Bengal,24.97035,88.00242,2026-04-27T23:42,2026-04-28T06:42,Anti-Narcotics Cell,ORG000013,SYN-KDN,UNDER_INVESTIGATION,0,1,D
INC000554,494/2024,CASE000085,ATTEMPT_TO_MURDER,307,109,8,0,PS000073,Mundra Police Station,LOC000073,Mundra,Kutch,Gujarat,22.83708,69.72983,2024-06-11T19:39,2024-06-13T22:39,Cyber Crime Cell,ORG000001,SYN-EXT,UNDER_INVESTIGATION,0,2,D
INC000555,750/2024,CASE000007,ORGANISED_CRIME,MCOCA 3(1),111,10,0,PS000041,Khajanchi Hat Police Station,LOC000041,Khajanchi Hat,Purnia,Bihar,25.78858,87.47757,2024-08-12T12:43,2024-08-13T02:43,Railway Protection Force,ORG000007,SYN-ARM,UNDER_INVESTIGATION,0,4,D
INC000556,069/2025,CASE000147,ATTEMPT_TO_MURDER,307,109,8,0,PS000067,Chomu Police Station,LOC000067,Chomu,Jaipur,Rajasthan,27.16846,75.72915,2025-01-15T18:23,2025-01-17T13:23,Special Task Force (STF),ORG000005,SYN-MIN,CHARGESHEETED,0,3,A
INC000557,887/2020,CASE000140,EXTORTION,384/387,308,6,0,PS000036,Kasim Bazaar Police Station,LOC000036,Kasim Bazaar,Munger,Bihar,25.3687,86.46907,2020-02-04T08:44,2020-02-06T02:44,Narcotics Control Bureau,ORG000013,SYN-KDN,CONVICTED,35225872,1,A
INC000558,734/2021,CASE000117,FORGERY,465/468,336(3),4,1,PS000117,Tuibong Police Station,LOC000117,Tuibong,Churachandpur,Manipur,24.3214,93.68328,2021-03-06T05:32,2021-03-06T09:32,Economic Offences Wing,ORG000015,SYN-WLD,UNTRACED,0,2,D
INC000559,373/2024,CASE000097,SMUGGLING_CUSTOMS,Customs Act 135,-,5,1,PS000108,Thalassery Police Station,LOC000108,Thalassery,Kannur,Kerala,11.74699,75.49641,2024-07-16T02:06,2024-07-18T01:06,State Police - Crime Branch,,UNAFFILIATED,UNDER_INVESTIGATION,1426700,5,A
INC000560,669/2021,CASE000028,CRIMINAL_CONSPIRACY,120B,61(2),5,0,PS000052,Matigara Police Station,LOC000052,Matigara,Siliguri,West Bengal,26.72719,88.37142,2021-08-27T04:38,2021-08-28T01:38,Economic Offences Wing,ORG000006,SYN-TRF,UNDER_INVESTIGATION,0,1,B
INC000561,441/2025,CASE000004,EXTORTION,384/387,308,6,0,PS000036,Kasim Bazaar Police Station,LOC000036,Kasim Bazaar,Munger,Bihar,25.3687,86.46907,2025-03-20T16:07,2025-03-22T13:07,Directorate of Revenue Intelligence,ORG000013,SYN-KDN,CHARGESHEETED,25856080,2,A
INC000562,387/2024,CASE000105,MURDER,302,103(1),10,0,PS000065,Osian Police Station,LOC000065,Osian,Jodhpur,Rajasthan,26.71758,72.91971,2024-12-04T11:26,2024-12-07T03:26,Narcotics Control Bureau,ORG000005,SYN-MIN,ACQUITTED,0,2,A
INC000563,342/2025,CASE000033,CRIMINAL_CONSPIRACY,120B,61(2),5,0,PS000060,Punhana Police Station,LOC000060,Punhana,Nuh,Haryana,27.86723,77.21101,2025-02-17T16:16,2025-02-17T21:16,State Police - Crime Branch,ORG000002,SYN-HER,CONVICTED,0,2,B
INC000564,062/2020,CASE000015,CHEATING_FRAUD,420,318(4),5,1,PS000005,Andheri Police Station,LOC000005,Andheri,Mumbai,Maharashtra,19.11407,72.84691,2020-12-04T23:28,2020-12-06T13:28,Income Tax Investigation Wing,ORG000004,SYN-HAW,CONVICTED,2300299238,5,A
INC000565,531/2026,CASE000061,EXTORTION,384/387,308,6,0,PS000063,Barwala Police Station,LOC000063,Barwala,Hisar,Haryana,29.36333,75.90971,2026-04-30T03:33,2026-04-30T21:33,Central Bureau of Investigation,ORG000014,SYN-SHK,CHARGESHEETED,47353690,4,A
INC000566,143/2025,CASE000006,CHEATING_FRAUD,420,318(4),5,1,PS000052,Matigara Police Station,LOC000052,Matigara,Siliguri,West Bengal,26.72719,88.37142,2025-09-09T09:48,2025-09-11T10:48,Central Bureau of Investigation,ORG000003,SYN-CYB,CONVICTED,2366661439,3,D
INC000567,410/2024,CASE000094,EXTORTION,384/387,308,6,0,PS000068,Kaman Police Station,LOC000068,Kaman,Bharatpur,Rajasthan,27.6531,77.26593,2024-08-30T03:06,2024-08-31T12:06,Directorate of Revenue Intelligence,ORG000012,SYN-BET,UNDER_INVESTIGATION,1557589,3,C
INC000568,772/2024,CASE000022,ILLEGAL_MINING,MMDR 21(1),-,4,1,PS000078,Rau Police Station,LOC000078,Rau,Indore,Madhya Pradesh,22.64914,75.80858,2024-05-13T15:32,2024-05-15T14:32,Anti-Terrorism Squad (ATS),ORG000005,SYN-MIN,UNDER_INVESTIGATION,0,3,A
INC000569,226/2021,CASE000092,ATTEMPT_TO_MURDER,307,109,8,0,PS000080,Morar Police Station,LOC000080,Morar,Gwalior,Madhya Pradesh,26.22147,78.20426,2021-05-11T23:40,2021-05-12T03:40,Central Bureau of Investigation,ORG000005,SYN-MIN,UNTRACED,0,2,A
INC000570,384/2024,CASE000075,ARMS_ACT,Arms Act 25/27,-,6,0,PS000060,Punhana Police Station,LOC000060,Punhana,Nuh,Haryana,27.86723,77.21101,2024-10-03T07:51,2024-10-04T15:51,State Intelligence Department,ORG000014,SYN-SHK,CHARGESHEETED,0,1,B
INC000571,262/2021,CASE000080,MONEY_LAUNDERING,PMLA 3/4,-,7,0,PS000041,Khajanchi Hat Police Station,LOC000041,Khajanchi Hat,Purnia,Bihar,25.78858,87.47757,2021-05-16T17:51,2021-05-17T06:51,State Police - Crime Branch,ORG000011,SYN-PON,UNDER_INVESTIGATION,2367213720,2,A
INC000572,115/2023,CASE000093,EXTORTION,384/387,308,6,0,PS000035,Kadamkuan Police Station,LOC000035,Kadamkuan,Patna,Bihar,25.62537,85.1468,2023-08-30T11:45,2023-09-01T19:45,Railway Protection Force,ORG000005,SYN-MIN,CHARGESHEETED,23474552,2,B
INC000573,498/2023,CASE000076,KIDNAP_FOR_RANSOM,364A,140(2),9,0,PS000043,Sarwan Police Station,LOC000043,Sarwan,Deoghar,Jharkhand,24.47171,86.69972,2023-11-19T21:44,2023-11-21T15:44,State Intelligence Department,,UNAFFILIATED,UNDER_INVESTIGATION,7426627,4,C
INC000574,623/2021,CASE000080,CHIT_FUND_PONZI,BUDS Act 21,318(4),6,1,PS000115,Sutarkandi Police Station,LOC000115,Sutarkandi,Karimganj,Assam,24.87968,92.34231,2021-07-16T11:52,2021-07-17T12:52,State Police - Crime Branch,ORG000011,SYN-PON,UNTRACED,1320191208,2,B
INC000575,862/2025,CASE000134,VEHICLE_THEFT,379/411,303(2),3,1,PS000064,Ballabgarh Police Station,LOC000064,Ballabgarh,Faridabad,Haryana,28.34729,77.32805,2025-10-15T08:11,2025-10-18T00:11,Economic Offences Wing,ORG000008,SYN-VEH,CHARGESHEETED,0,7,C
INC000576,800/2025,CASE000118,NDPS_TRAFFICKING,NDPS 21(c)/29,-,9,0,PS000056,Jamalpur Police Station,LOC000056,Jamalpur,Ludhiana,Punjab,30.91108,75.85307,2025-02-01T10:01,2025-02-03T23:01,Railway Protection Force,ORG000002,SYN-HER,CHARGESHEETED,781312803,2,B
INC000577,687/2025,CASE000024,MURDER,302,103(1),10,0,PS000103,Sandur Police Station,LOC000103,Sandur,Ballari,Karnataka,15.10763,76.5405,2025-09-27T05:02,2025-09-27T21:02,Railway Protection Force,ORG000001,SYN-EXT,ACQUITTED,0,2,D
INC000578,361/2023,CASE000136,DACOITY,395,310(2),8,0,PS000121,Uri Police Station,LOC000121,Uri,Baramulla,Jammu and Kashmir,34.0833,74.04758,2023-12-06T23:07,2023-12-07T14:07,Income Tax Investigation Wing,,UNAFFILIATED,CHARGESHEETED,49696834,2,D
INC000579,839/2024,CASE000147,ILLEGAL_MINING,MMDR 21(1),-,4,1,PS000067,Chomu Police Station,LOC000067,Chomu,Jaipur,Rajasthan,27.16846,75.72915,2024-09-24T19:19,2024-09-27T18:19,Special Task Force (STF),ORG000005,SYN-MIN,CHARGESHEETED,0,1,A
INC000580,084/2024,CASE000058,NDPS_POSSESSION,NDPS 22(b),-,5,0,PS000008,Vashi Police Station,LOC000008,Vashi,Navi Mumbai,Maharashtra,19.08218,72.99119,2024-04-28T06:07,2024-04-29T23:07,Narcotics Control Bureau,ORG000010,SYN-GAN,CHARGESHEETED,0,4,B
INC000581,369/2024,CASE000078,VEHICLE_THEFT,379/411,303(2),3,1,PS000028,Chetganj Police Station,LOC000028,Chetganj,Varanasi,Uttar Pradesh,25.31724,82.98995,2024-12-17T06:11,2024-12-20T04:11,Anti-Narcotics Cell,ORG000008,SYN-VEH,UNTRACED,0,5,C
INC000582,670/2026,CASE000150,DACOITY,395,310(2),8,0,PS000084,Kukatpally Police Station,LOC000084,Kukatpally,Hyderabad,Telangana,17.48623,78.40974,2026-04-10T05:32,2026-04-11T23:32,State Intelligence Department,,UNAFFILIATED,CHARGESHEETED,45252810,1,A
INC000583,446/2025,CASE000058,NDPS_POSSESSION,NDPS 22(b),-,5,0,PS000002,Dharavi Police Station,LOC000002,Dharavi,Mumbai,Maharashtra,19.0349,72.84279,2025-05-08T14:18,2025-05-11T02:18,Narcotics Control Bureau,ORG000010,SYN-GAN,UNDER_INVESTIGATION,0,2,A
INC000584,521/2025,CASE000021,NDPS_TRAFFICKING,NDPS 21(c)/29,-,9,0,PS000123,Bhairamgarh Police Station,LOC000123,Bhairamgarh,Bijapur,Chhattisgarh,18.79608,80.7942,2025-11-28T10:14,2025-11-29T07:14,Border Security Force - Intel,ORG000010,SYN-GAN,CHARGESHEETED,135417436,2,D
INC000585,425/2023,CASE000023,EXTORTION,384/387,308,6,0,PS000044,Jharia Police Station,LOC000044,Jharia,Dhanbad,Jharkhand,23.74956,86.41065,2023-12-07T02:59,2023-12-08T07:59,State Police - Crime Branch,ORG000013,SYN-KDN,CHARGESHEETED,8016745,1,A
INC000586,077/2025,CASE000121,CHEATING_FRAUD,420,318(4),5,1,PS000093,Vyasarpadi Police Station,LOC000093,Vyasarpadi,Chennai,Tamil Nadu,13.12274,80.24524,2025-12-30T09:53,2026-01-01T19:53,Income Tax Investigation Wing,ORG000004,SYN-HAW,UNDER_INVESTIGATION,7833382,3,C
INC000587,618/2024,CASE000127,CRIMINAL_CONSPIRACY,120B,61(2),5,0,PS000059,Rampura Phul Police Station,LOC000059,Rampura Phul,Bathinda,Punjab,30.26925,75.24749,2024-01-18T03:06,2024-01-20T22:06,Central Bureau of Investigation,,UNAFFILIATED,UNTRACED,0,1,D
INC000588,004/2025,CASE000071,HUMAN_TRAFFICKING,370/372,143,9,0,PS000113,Paltan Bazaar Police Station,LOC000113,Paltan Bazaar,Guwahati,Assam,26.17357,91.75925,2025-04-10T11:29,2025-04-12T16:29,State Police - Crime Branch,ORG000006,SYN-TRF,ACQUITTED,0,3,C
INC000589,549/2024,CASE000144,ARMS_ACT,Arms Act 25/27,-,6,0,PS000040,Barauni Police Station,LOC000040,Barauni,Begusarai,Bihar,25.42198,86.12977,2024-10-05T13:40,2024-10-07T02:40,Economic Offences Wing,ORG000007,SYN-ARM,UNTRACED,0,7,C
INC000590,337/2024,CASE000052,ARMS_ACT,Arms Act 25/27,-,6,0,PS000044,Jharia Police Station,LOC000044,Jharia,Dhanbad,Jharkhand,23.74956,86.41065,2024-08-28T10:27,2024-08-30T22:27,State Police - Crime Branch,ORG000013,SYN-KDN,UNTRACED,0,3,A
INC000591,661/2025,CASE000113,FORGERY,465/468,336(3),4,1,PS000055,Khalra Police Station,LOC000055,Khalra,Tarn Taran,Punjab,31.44862,74.56847,2025-04-30T23:08,2025-05-01T05:08,State Police - Crime Branch,ORG000008,SYN-VEH,CONVICTED,0,1,C
INC000592,785/2023,CASE000066,MURDER,302,103(1),10,0,PS000010,Kondhwa Police Station,LOC000010,Kondhwa,Pune,Maharashtra,18.45704,73.8876,2023-07-17T19:36,2023-07-18T11:36,Narcotics Control Bureau,ORG000001,SYN-EXT,UNDER_INVESTIGATION,0,2,A
INC000593,293/2026,CASE000073,ORGANISED_CRIME,MCOCA 3(1),111,10,0,PS000058,Nakodar Police Station,LOC000058,Nakodar,Jalandhar,Punjab,31.1138,75.47897,2026-04-02T06:21,2026-04-04T19:21,Anti-Terrorism Squad (ATS),ORG000014,SYN-SHK,UNTRACED,0,2,B
INC000594,615/2024,CASE000100,CRIMINAL_CONSPIRACY,120B,61(2),5,0,PS000093,Vyasarpadi Police Station,LOC000093,Vyasarpadi,Chennai,Tamil Nadu,13.12274,80.24524,2024-03-31T17:47,2024-04-03T03:47,Special Task Force (STF),ORG000010,SYN-GAN,CHARGESHEETED,0,4,C
INC000595,238/2022,CASE000024,CRIMINAL_CONSPIRACY,120B,61(2),5,0,PS000076,Karelibaug Police Station,LOC000076,Karelibaug,Vadodara,Gujarat,22.32869,73.19409,2022-08-20T14:29,2022-08-23T00:29,Railway Protection Force,ORG000001,SYN-EXT,UNDER_INVESTIGATION,0,1,A
INC000596,199/2024,CASE000036,MONEY_LAUNDERING,PMLA 3/4,-,7,0,PS000042,Karmatanr Police Station,LOC000042,Karmatanr,Jamtara,Jharkhand,23.95479,86.79482,2024-07-14T00:47,2024-07-16T05:47,Central Bureau of Investigation,ORG000011,SYN-PON,CHARGESHEETED,44679538,3,B
INC000597,243/2026,CASE000010,FORGERY,465/468,336(3),4,1,PS000084,Kukatpally Police Station,LOC000084,Kukatpally,Hyderabad,Telangana,17.48623,78.40974,2026-02-20T04:42,2026-02-20T12:42,Directorate of Revenue Intelligence,ORG000004,SYN-HAW,UNDER_INVESTIGATION,0,3,C
INC000598,847/2023,CASE000111,MURDER,302,103(1),10,0,PS000018,Karol Bagh Police Station,LOC000018,Karol Bagh,New Delhi,Delhi,28.64425,77.18711,2023-11-25T22:50,2023-11-26T13:50,Railway Protection Force,ORG000013,SYN-KDN,UNDER_INVESTIGATION,0,1,A
INC000599,010/2021,CASE000059,RIOTING,147/148,191(2),4,1,PS000065,Osian Police Station,LOC000065,Osian,Jodhpur,Rajasthan,26.71758,72.91971,2021-02-09T21:46,2021-02-10T02:46,Income Tax Investigation Wing,ORG000005,SYN-MIN,CHARGESHEETED,0,3,A
INC000600,247/2026,CASE000060,CHEATING_FRAUD,420,318(4),5,1,PS000060,Punhana Police Station,LOC000060,Punhana,Nuh,Haryana,27.86723,77.21101,2026-03-01T19:41,2026-03-03T13:41,Enforcement Directorate,ORG000008,SYN-VEH,CHARGESHEETED,2172276772,3,A
INC000601,676/2024,CASE000056,ARMS_ACT,Arms Act 25/27,-,6,0,PS000121,Uri Police Station,LOC000121,Uri,Baramulla,Jammu and Kashmir,34.0833,74.04758,2024-02-03T05:55,2024-02-04T05:55,Directorate of Revenue Intelligence,ORG000002,SYN-HER,CHARGESHEETED,0,1,D
INC000602,240/2019,CASE000104,MONEY_LAUNDERING,PMLA 3/4,-,7,0,PS000086,Hanamkonda Police Station,LOC000086,Hanamkonda,Warangal,Telangana,18.00878,79.55269,2019-03-10T23:38,2019-03-11T02:38,Income Tax Investigation Wing,ORG000004,SYN-HAW,UNDER_INVESTIGATION,1630177,2,A
INC000603,579/2025,CASE000018,CHEATING_FRAUD,420,318(4),5,1,PS000056,Jamalpur Police Station,LOC000056,Jamalpur,Ludhiana,Punjab,30.91108,75.85307,2025-07-03T05:43,2025-07-03T12:43,Economic Offences Wing,,UNAFFILIATED,UNDER_INVESTIGATION,818103663,3,A
INC000604,547/2024,CASE000142,FICN_COUNTERFEIT,489B/489C,179,8,0,PS000019,Najafgarh Police Station,LOC000019,Najafgarh,New Delhi,Delhi,28.61304,77.01367,2024-12-22T13:52,2024-12-23T23:52,State Intelligence Department,ORG000009,SYN-FIC,ACQUITTED,720985416,3,A
INC000605,619/2026,CASE000122,MONEY_LAUNDERING,PMLA 3/4,-,7,0,PS000018,Karol Bagh Police Station,LOC000018,Karol Bagh,New Delhi,Delhi,28.64425,77.18711,2026-01-08T00:09,2026-01-08T08:09,Narcotics Control Bureau,ORG000012,SYN-BET,ACQUITTED,45720469,1,B
INC000606,054/2024,CASE000036,FORGERY,465/468,336(3),4,1,PS000038,Chandauti Police Station,LOC000038,Chandauti,Gaya,Bihar,24.78741,84.99597,2024-07-22T00:08,2024-07-24T11:08,Central Bureau of Investigation,ORG000011,SYN-PON,UNDER_INVESTIGATION,0,2,B
INC000607,883/2026,CASE000142,FICN_COUNTERFEIT,489B/489C,179,8,0,PS000051,Bongaon Police Station,LOC000051,Bongaon,North 24 Parganas,West Bengal,23.07416,88.81118,2026-03-17T03:28,2026-03-18T06:28,State Intelligence Department,ORG000009,SYN-FIC,CONVICTED,368038922,2,C
INC000608,596/2026,CASE000001,CYBER_FRAUD,IT Act 66C/66D,319(2),5,1,PS000033,Sarai Mir Police Station,LOC000033,Sarai Mir,Azamgarh,Uttar Pradesh,26.01058,82.80942,2026-01-18T09:01,2026-01-19T02:01,Railway Protection Force,ORG000003,SYN-CYB,UNDER_INVESTIGATION,804806,2,A
INC000609,196/2023,CASE000099,FICN_COUNTERFEIT,489B/489C,179,8,0,PS000018,Karol Bagh Police Station,LOC000018,Karol Bagh,New Delhi,Delhi,28.64425,77.18711,2023-08-09T08:51,2023-08-12T01:51,Cyber Crime Cell,ORG000009,SYN-FIC,CONVICTED,573873678,1,A
INC000610,834/2022,CASE000063,MURDER,302,103(1),10,0,PS000037,Mithanpura Police Station,LOC000037,Mithanpura,Muzaffarpur,Bihar,26.12944,85.39524,2022-06-17T07:54,2022-06-19T22:54,Income Tax Investigation Wing,ORG000007,SYN-ARM,UNDER_INVESTIGATION,0,5,C
INC000611,003/2025,CASE000019,ATTEMPT_TO_MURDER,307,109,8,0,PS000099,KG Halli Police Station,LOC000099,KG Halli,Bengaluru,Karnataka,13.00798,77.6042,2025-12-09T10:36,2025-12-09T15:36,Anti-Terrorism Squad (ATS),ORG000005,SYN-MIN,UNDER_INVESTIGATION,0,3,B
INC000612,566/2018,CASE000062,CHEATING_FRAUD,420,318(4),5,1,PS000071,Juhapura Police Station,LOC000071,Juhapura,Ahmedabad,Gujarat,22.99114,72.53016,2018-07-06T08:31,2018-07-08T00:31,Cyber Crime Cell,ORG000004,SYN-HAW,CHARGESHEETED,24028646,1,C
INC000613,366/2025,CASE000062,MONEY_LAUNDERING,PMLA 3/4,-,7,0,PS000106,Nadakkavu Police Station,LOC000106,Nadakkavu,Kozhikode,Kerala,11.26765,75.77077,2025-06-02T08:58,2025-06-03T05:58,Cyber Crime Cell,ORG000004,SYN-HAW,UNTRACED,1814403,1,A
INC000614,349/2025,CASE000142,SMUGGLING_CUSTOMS,Customs Act 135,-,5,1,PS000051,Bongaon Police Station,LOC000051,Bongaon,North 24 Parganas,West Bengal,23.07416,88.81118,2025-09-04T06:44,2025-09-04T22:44,State Intelligence Department,ORG000009,SYN-FIC,UNDER_INVESTIGATION,461954,4,C
INC000615,426/2024,CASE000102,CRIMINAL_CONSPIRACY,120B,61(2),5,0,PS000117,Tuibong Police Station,LOC000117,Tuibong,Churachandpur,Manipur,24.3214,93.68328,2024-05-04T05:47,2024-05-06T15:47,State Police - Crime Branch,ORG000015,SYN-WLD,CHARGESHEETED,0,3,B
INC000616,470/2024,CASE000152,CRIMINAL_CONSPIRACY,120B,61(2),5,0,PS000095,Melur Police Station,LOC000095,Melur,Madurai,Tamil Nadu,10.02224,78.3489,2024-02-08T03:22,2024-02-10T03:22,Economic Offences Wing,ORG000015,SYN-WLD,UNTRACED,0,7,A
INC000617,243/2026,CASE000014,LAND_GRABBING,441/447,329,4,1,PS000064,Ballabgarh Police Station,LOC000064,Ballabgarh,Faridabad,Haryana,28.34729,77.32805,2026-01-19T11:21,2026-01-19T14:21,Border Security Force - Intel,,UNAFFILIATED,CHARGESHEETED,0,3,A
INC000618,895/2025,CASE000148,MONEY_LAUNDERING,PMLA 3/4,-,7,0,PS000041,Khajanchi Hat Police Station,LOC000041,Khajanchi Hat,Purnia,Bihar,25.78858,87.47757,2025-07-09T03:34,2025-07-09T10:34,State Police - Crime Branch,ORG000011,SYN-PON,CHARGESHEETED,29145091,3,B
INC000619,360/2025,CASE000077,CHEATING_FRAUD,420,318(4),5,1,PS000048,Rajabazar Police Station,LOC000048,Rajabazar,Kolkata,West Bengal,22.57998,88.37543,2025-08-23T17:37,2025-08-25T15:37,Enforcement Directorate,ORG000011,SYN-PON,UNTRACED,15912198,2,A
INC000620,213/2024,CASE000121,MONEY_LAUNDERING,PMLA 3/4,-,7,0,PS000076,Karelibaug Police Station,LOC000076,Karelibaug,Vadodara,Gujarat,22.32869,73.19409,2024-12-17T13:28,2024-12-19T02:28,Income Tax Investigation Wing,ORG000004,SYN-HAW,UNTRACED,2176399453,2,C
INC000621,691/2022,CASE000110,CRIMINAL_CONSPIRACY,120B,61(2),5,0,PS000020,Nangloi Police Station,LOC000020,Nangloi,New Delhi,Delhi,28.68418,77.06042,2022-05-15T22:24,2022-05-16T10:24,Central Bureau of Investigation,ORG000001,SYN-EXT,UNTRACED,0,3,B
INC000622,367/2025,CASE000006,CHEATING_FRAUD,420,318(4),5,1,PS000017,Jamia Nagar Police Station,LOC000017,Jamia Nagar,New Delhi,Delhi,28.55756,77.28271,2025-09-03T14:25,2025-09-05T06:25,Central Bureau of Investigation,ORG000003,SYN-CYB,CHARGESHEETED,7861627,1,C
INC000623,087/2025,CASE000114,ORGANISED_CRIME,MCOCA 3(1),111,10,0,PS000009,Yerwada Police Station,LOC000009,Yerwada,Pune,Maharashtra,18.54781,73.88111,2025-11-22T20:00,2025-11-24T17:00,Anti-Narcotics Cell,,UNAFFILIATED,CONVICTED,0,7,B
INC000624,623/2025,CASE000095,FORGERY,465/468,336(3),4,1,PS000063,Barwala Police Station,LOC000063,Barwala,Hisar,Haryana,29.36333,75.90971,2025-12-26T12:01,2025-12-26T13:01,Railway Protection Force,ORG000008,SYN-VEH,CHARGESHEETED,0,3,D
INC000625,243/2024,CASE000048,CHIT_FUND_PONZI,BUDS Act 21,318(4),6,1,PS000087,Bodhan Police Station,LOC000087,Bodhan,Nizamabad,Telangana,18.66779,77.89485,2024-01-22T01:31,2024-01-24T20:31,Central Bureau of Investigation,,UNAFFILIATED,UNDER_INVESTIGATION,1606878,1,C
INC000626,637/2023,CASE000011,ARMS_ACT,Arms Act 25/27,-,6,0,PS000083,Charminar Police Station,LOC000083,Charminar,Hyderabad,Telangana,17.35976,78.47486,2023-12-11T13:22,2023-12-11T20:22,Income Tax Investigation Wing,ORG000010,SYN-GAN,CHARGESHEETED,0,4,C
INC000627,093/2024,CASE000059,MURDER,302,103(1),10,0,PS000065,Osian Police Station,LOC000065,Osian,Jodhpur,Rajasthan,26.71758,72.91971,2024-06-03T22:45,2024-06-06T09:45,Income Tax Investigation Wing,ORG000005,SYN-MIN,CHARGESHEETED,0,2,C
INC000628,181/2024,CASE000153,DACOITY,395,310(2),8,0,PS000122,Birgaon Police Station,LOC000122,Birgaon,Raipur,Chhattisgarh,21.27602,81.63096,2024-06-21T13:18,2024-06-23T03:18,Railway Protection Force,,UNAFFILIATED,UNTRACED,19770942,1,A
INC000629,479/2023,CASE000084,FORGERY,465/468,336(3),4,1,PS000005,Andheri Police Station,LOC000005,Andheri,Mumbai,Maharashtra,19.11407,72.84691,2023-06-13T06:13,2023-06-15T19:13,State Police - Crime Branch,,UNAFFILIATED,CHARGESHEETED,0,3,D
INC000630,015/2024,CASE000049,CHEATING_FRAUD,420,318(4),5,1,PS000009,Yerwada Police Station,LOC000009,Yerwada,Pune,Maharashtra,18.54781,73.88111,2024-10-18T09:00,2024-10-18T10:00,Border Security Force - Intel,ORG000004,SYN-HAW,CHARGESHEETED,40759474,4,C
INC000631,177/2026,CASE000049,CHEATING_FRAUD,420,318(4),5,1,PS000021,Sangam Vihar Police Station,LOC000021,Sangam Vihar,New Delhi,Delhi,28.48827,77.23159,2026-04-11T11:25,2026-04-13T23:25,Border Security Force - Intel,ORG000004,SYN-HAW,CHARGESHEETED,1525832,4,C
INC000632,790/2022,CASE000154,MONEY_LAUNDERING,PMLA 3/4,-,7,0,PS000044,Jharia Police Station,LOC000044,Jharia,Dhanbad,Jharkhand,23.74956,86.41065,2022-04-13T14:04,2022-04-15T09:04,Narcotics Control Bureau,ORG000003,SYN-CYB,ACQUITTED,2153144611,1,D
INC000633,667/2024,CASE000111,ARMS_ACT,Arms Act 25/27,-,6,0,PS000045,Hatia Police Station,LOC000045,Hatia,Ranchi,Jharkhand,23.30257,85.31951,2024-02-10T01:29,2024-02-11T01:29,Railway Protection Force,ORG000013,SYN-KDN,CONVICTED,0,3,C
INC000634,641/2025,CASE000024,ATTEMPT_TO_MURDER,307,109,8,0,PS000021,Sangam Vihar Police Station,LOC000021,Sangam Vihar,New Delhi,Delhi,28.48827,77.23159,2025-11-13T22:58,2025-11-15T15:58,Railway Protection Force,ORG000001,SYN-EXT,UNDER_INVESTIGATION,0,3,D
INC000635,286/2020,CASE000105,MURDER,302,103(1),10,0,PS000041,Khajanchi Hat Police Station,LOC000041,Khajanchi Hat,Purnia,Bihar,25.78858,87.47757,2020-03-16T17:55,2020-03-18T06:55,Narcotics Control Bureau,ORG000005,SYN-MIN,UNDER_INVESTIGATION,0,7,C
INC000636,177/2025,CASE000010,MONEY_LAUNDERING,PMLA 3/4,-,7,0,PS000086,Hanamkonda Police Station,LOC000086,Hanamkonda,Warangal,Telangana,18.00878,79.55269,2025-06-30T05:31,2025-07-03T02:31,Directorate of Revenue Intelligence,ORG000004,SYN-HAW,UNDER_INVESTIGATION,2014342790,3,A
INC000637,370/2023,CASE000047,CHEATING_FRAUD,420,318(4),5,1,PS000010,Kondhwa Police Station,LOC000010,Kondhwa,Pune,Maharashtra,18.45704,73.8876,2023-11-12T10:11,2023-11-12T19:11,Enforcement Directorate,ORG000004,SYN-HAW,ACQUITTED,1678922,3,D
INC000638,292/2022,CASE000136,DACOITY,395,310(2),8,0,PS000020,Nangloi Police Station,LOC000020,Nangloi,New Delhi,Delhi,28.68418,77.06042,2022-03-24T16:30,2022-03-27T10:30,Income Tax Investigation Wing,,UNAFFILIATED,UNDER_INVESTIGATION,28146344,2,D
INC000639,572/2025,CASE000019,ATTEMPT_TO_MURDER,307,109,8,0,PS000035,Kadamkuan Police Station,LOC000035,Kadamkuan,Patna,Bihar,25.62537,85.1468,2025-02-27T16:13,2025-02-28T10:13,Anti-Terrorism Squad (ATS),ORG000005,SYN-MIN,CHARGESHEETED,0,5,C
INC000640,039/2023,CASE000047,CHEATING_FRAUD,420,318(4),5,1,PS000096,Ukkadam Police Station,LOC000096,Ukkadam,Coimbatore,Tamil Nadu,10.99091,76.96669,2023-04-29T20:41,2023-05-02T17:41,Enforcement Directorate,ORG000004,SYN-HAW,CHARGESHEETED,2315247567,5,B
INC000641,373/2020,CASE000136,DACOITY,395,310(2),8,0,PS000117,Tuibong Police Station,LOC000117,Tuibong,Churachandpur,Manipur,24.3214,93.68328,2020-03-13T22:12,2020-03-16T15:12,Income Tax Investigation Wing,,UNAFFILIATED,UNDER_INVESTIGATION,15113675,2,B
INC000642,128/2024,CASE000059,RIOTING,147/148,191(2),4,1,PS000103,Sandur Police Station,LOC000103,Sandur,Ballari,Karnataka,15.10763,76.5405,2024-10-04T21:41,2024-10-05T16:41,Income Tax Investigation Wing,ORG000005,SYN-MIN,UNTRACED,0,4,B
INC000643,563/2025,CASE000089,ATTEMPT_TO_MURDER,307,109,8,0,PS000080,Morar Police Station,LOC000080,Morar,Gwalior,Madhya Pradesh,26.22147,78.20426,2025-07-13T03:31,2025-07-14T23:31,Income Tax Investigation Wing,ORG000005,SYN-MIN,UNTRACED,0,4,A
INC000644,865/2023,CASE000156,CRIMINAL_CONSPIRACY,120B,61(2),5,0,PS000042,Karmatanr Police Station,LOC000042,Karmatanr,Jamtara,Jharkhand,23.95479,86.79482,2023-07-12T00:16,2023-07-13T15:16,Cyber Crime Cell,ORG000007,SYN-ARM,CONVICTED,0,4,B
INC000645,389/2026,CASE000053,ARMS_ACT,Arms Act 25/27,-,6,0,PS000063,Barwala Police Station,LOC000063,Barwala,Hisar,Haryana,29.36333,75.90971,2026-06-26T20:39,2026-06-28T05:39,Economic Offences Wing,ORG000002,SYN-HER,UNDER_INVESTIGATION,0,3,C
INC000646,387/2026,CASE000144,MURDER,302,103(1),10,0,PS000082,Gorakhpur Police Station,LOC000082,Gorakhpur,Jabalpur,Madhya Pradesh,23.16759,79.94739,2026-05-10T19:26,2026-05-10T20:26,Economic Offences Wing,ORG000007,SYN-ARM,UNDER_INVESTIGATION,0,3,D
INC000647,086/2026,CASE000129,ORGANISED_CRIME,MCOCA 3(1),111,10,0,PS000101,Ullal Police Station,LOC000101,Ullal,Mangaluru,Karnataka,12.80948,74.86499,2026-04-21T19:54,2026-04-23T13:54,Enforcement Directorate,,UNAFFILIATED,UNDER_INVESTIGATION,0,3,B
INC000648,508/2024,CASE000058,NDPS_POSSESSION,NDPS 22(b),-,5,0,PS000084,Kukatpally Police Station,LOC000084,Kukatpally,Hyderabad,Telangana,17.48623,78.40974,2024-12-05T11:14,2024-12-06T10:14,Narcotics Control Bureau,ORG000010,SYN-GAN,UNDER_INVESTIGATION,0,3,D
INC000649,833/2024,CASE000060,ROBBERY,392,309(4),6,0,PS000017,Jamia Nagar Police Station,LOC000017,Jamia Nagar,New Delhi,Delhi,28.55756,77.28271,2024-04-09T19:09,2024-04-11T18:09,Enforcement Directorate,ORG000008,SYN-VEH,UNDER_INVESTIGATION,41734858,3,D
INC000650,745/2025,CASE000043,ILLEGAL_MINING,MMDR 21(1),-,4,1,PS000101,Ullal Police Station,LOC000101,Ullal,Mangaluru,Karnataka,12.80948,74.86499,2025-01-11T00:39,2025-01-11T01:39,Enforcement Directorate,ORG000005,SYN-MIN,CHARGESHEETED,0,1,B
INC000651,655/2021,CASE000050,RIOTING,147/148,191(2),4,1,PS000081,Mehgaon Police Station,LOC000081,Mehgaon,Bhind,Madhya Pradesh,26.49265,78.62698,2021-10-10T02:53,2021-10-10T06:53,Anti-Terrorism Squad (ATS),ORG000005,SYN-MIN,CONVICTED,0,2,A
INC000652,657/2025,CASE000040,CYBER_FRAUD,IT Act 66C/66D,319(2),5,1,PS000102,Afzalpur Police Station,LOC000102,Afzalpur,Kalaburagi,Karnataka,17.20729,76.36952,2025-05-01T05:38,2025-05-02T17:38,Income Tax Investigation Wing,ORG000003,SYN-CYB,CHARGESHEETED,2324174265,1,D
INC000653,280/2026,CASE000130,ARMS_ACT,Arms Act 25/27,-,6,0,PS000003,Kurla Police Station,LOC000003,Kurla,Mumbai,Maharashtra,19.07353,72.88684,2026-05-03T00:03,2026-05-03T03:03,Narcotics Control Bureau,ORG000010,SYN-GAN,CHARGESHEETED,0,3,C
INC000654,443/2025,CASE000035,FORGERY,465/468,336(3),4,1,PS000113,Paltan Bazaar Police Station,LOC000113,Paltan Bazaar,Guwahati,Assam,26.17357,91.75925,2025-12-20T02:50,2025-12-21T11:50,Anti-Narcotics Cell,,UNAFFILIATED,UNDER_INVESTIGATION,0,3,D
INC000655,512/2025,CASE000101,NDPS_POSSESSION,NDPS 22(b),-,5,0,PS000095,Melur Police Station,LOC000095,Melur,Madurai,Tamil Nadu,10.02224,78.3489,2025-08-29T18:18,2025-08-30T21:18,Border Security Force - Intel,ORG000010,SYN-GAN,ACQUITTED,0,1,A
INC000656,565/2026,CASE000046,EXTORTION,384/387,308,6,0,PS000031,Kutba Police Station,LOC000031,Kutba,Muzaffarnagar,Uttar Pradesh,29.47784,77.70244,2026-01-01T22:49,2026-01-04T12:49,Income Tax Investigation Wing,ORG000005,SYN-MIN,UNDER_INVESTIGATION,3424479,2,C
INC000657,782/2024,CASE000060,FORGERY,465/468,336(3),4,1,PS000061,Sohna Police Station,LOC000061,Sohna,Gurugram,Haryana,28.25004,77.06581,2024-10-02T09:35,2024-10-02T11:35,Enforcement Directorate,ORG000008,SYN-VEH,UNDER_INVESTIGATION,0,1,A
INC000658,490/2020,CASE000020,CHEATING_FRAUD,420,318(4),5,1,PS000053,Karimpur Police Station,LOC000053,Karimpur,Nadia,West Bengal,23.96971,88.62078,2020-10-14T10:20,2020-10-14T15:20,Income Tax Investigation Wing,ORG000006,SYN-TRF,CONVICTED,314538331,5,D
INC000659,242/2024,CASE000031,EXTORTION,384/387,308,6,0,PS000100,Yeshwanthpur Police Station,LOC000100,Yeshwanthpur,Bengaluru,Karnataka,13.02634,77.54707,2024-07-13T12:55,2024-07-14T22:55,Narcotics Control Bureau,ORG000012,SYN-BET,UNDER_INVESTIGATION,40145484,5,D
INC000660,460/2026,CASE000106,CRIMINAL_CONSPIRACY,120B,61(2),5,0,PS000099,KG Halli Police Station,LOC000099,KG Halli,Bengaluru,Karnataka,13.00798,77.6042,2026-03-14T14:10,2026-03-15T00:10,Border Security Force - Intel,ORG000010,SYN-GAN,CHARGESHEETED,0,3,C
INC000661,791/2025,CASE000077,FORGERY,465/468,336(3),4,1,PS000036,Kasim Bazaar Police Station,LOC000036,Kasim Bazaar,Munger,Bihar,25.3687,86.46907,2025-02-25T10:05,2025-02-28T01:05,Enforcement Directorate,ORG000011,SYN-PON,UNDER_INVESTIGATION,0,4,A
INC000662,059/2022,CASE000067,FICN_COUNTERFEIT,489B/489C,179,8,0,PS000020,Nangloi Police Station,LOC000020,Nangloi,New Delhi,Delhi,28.68418,77.06042,2022-01-11T22:47,2022-01-12T12:47,State Intelligence Department,ORG000009,SYN-FIC,CHARGESHEETED,339484607,3,C
INC000663,709/2023,CASE000070,NDPS_TRAFFICKING,NDPS 21(c)/29,-,9,0,PS000120,Maisuma Police Station,LOC000120,Maisuma,Srinagar,Jammu and Kashmir,34.06805,74.79591,2023-12-18T08:05,2023-12-19T05:05,Special Task Force (STF),ORG000002,SYN-HER,UNTRACED,394003166,1,C
INC000664,752/2023,CASE000032,CRIMINAL_CONSPIRACY,120B,61(2),5,0,PS000094,Kodungaiyur Police Station,LOC000094,Kodungaiyur,Chennai,Tamil Nadu,13.13103,80.23855,2023-02-28T00:52,2023-02-28T09:52,Anti-Terrorism Squad (ATS),ORG000010,SYN-GAN,UNDER_INVESTIGATION,0,1,D
INC000665,133/2022,CASE000049,FORGERY,465/468,336(3),4,1,PS000085,Chandrayangutta Police Station,LOC000085,Chandrayangutta,Hyderabad,Telangana,17.33336,78.49109,2022-05-15T09:09,2022-05-16T13:09,Border Security Force - Intel,ORG000004,SYN-HAW,CHARGESHEETED,0,2,A
INC000666,225/2024,CASE000123,RIOTING,147/148,191(2),4,1,PS000019,Najafgarh Police Station,LOC000019,Najafgarh,New Delhi,Delhi,28.61304,77.01367,2024-10-10T19:26,2024-10-11T16:26,Central Bureau of Investigation,,UNAFFILIATED,ACQUITTED,0,3,A
INC000667,694/2020,CASE000029,ROBBERY,392,309(4),6,0,PS000038,Chandauti Police Station,LOC000038,Chandauti,Gaya,Bihar,24.78741,84.99597,2020-06-26T01:41,2020-06-26T15:41,Economic Offences Wing,ORG000008,SYN-VEH,CHARGESHEETED,45416945,2,D
INC000668,265/2025,CASE000134,FORGERY,465/468,336(3),4,1,PS000069,Ramgarh Police Station,LOC000069,Ramgarh,Alwar,Rajasthan,27.52158,76.62084,2025-04-03T19:52,2025-04-04T01:52,Economic Offences Wing,ORG000008,SYN-VEH,UNDER_INVESTIGATION,0,5,A
INC000669,062/2025,CASE000033,NDPS_POSSESSION,NDPS 22(b),-,5,0,PS000055,Khalra Police Station,LOC000055,Khalra,Tarn Taran,Punjab,31.44862,74.56847,2025-12-15T07:48,2025-12-17T03:48,State Police - Crime Branch,ORG000002,SYN-HER,CONVICTED,0,2,C
INC000670,496/2022,CASE000024,CRIMINAL_CONSPIRACY,120B,61(2),5,0,PS000102,Afzalpur Police Station,LOC000102,Afzalpur,Kalaburagi,Karnataka,17.20729,76.36952,2022-10-20T10:34,2022-10-22T12:34,Railway Protection Force,ORG000001,SYN-EXT,UNDER_INVESTIGATION,0,3,C
INC000671,391/2021,CASE000105,ATTEMPT_TO_MURDER,307,109,8,0,PS000101,Ullal Police Station,LOC000101,Ullal,Mangaluru,Karnataka,12.80948,74.86499,2021-04-01T10:14,2021-04-03T13:14,Narcotics Control Bureau,ORG000005,SYN-MIN,CHARGESHEETED,0,2,D
INC000672,657/2019,CASE000025,MONEY_LAUNDERING,PMLA 3/4,-,7,0,PS000030,Dhoomanganj Police Station,LOC000030,Dhoomanganj,Prayagraj,Uttar Pradesh,25.43722,81.80306,2019-11-01T02:12,2019-11-03T18:12,Income Tax Investigation Wing,ORG000003,SYN-CYB,CONVICTED,866578683,2,A
INC000673,299/2024,CASE000058,CRIMINAL_CONSPIRACY,120B,61(2),5,0,PS000094,Kodungaiyur Police Station,LOC000094,Kodungaiyur,Chennai,Tamil Nadu,13.13103,80.23855,2024-06-15T10:50,2024-06-17T11:50,Narcotics Control Bureau,ORG000010,SYN-GAN,UNDER_INVESTIGATION,0,1,A
INC000674,764/2025,CASE000099,FICN_COUNTERFEIT,489B/489C,179,8,0,PS000053,Karimpur Police Station,LOC000053,Karimpur,Nadia,West Bengal,23.96971,88.62078,2025-02-28T12:28,2025-03-02T18:28,Cyber Crime Cell,ORG000009,SYN-FIC,UNDER_INVESTIGATION,161873579,1,A
INC000675,884/2025,CASE000141,MURDER,302,103(1),10,0,PS000017,Jamia Nagar Police Station,LOC000017,Jamia Nagar,New Delhi,Delhi,28.55756,77.28271,2025-09-04T04:18,2025-09-04T15:18,Income Tax Investigation Wing,ORG000013,SYN-KDN,UNDER_INVESTIGATION,0,2,B
INC000676,442/2026,CASE000081,MONEY_LAUNDERING,PMLA 3/4,-,7,0,PS000120,Maisuma Police Station,LOC000120,Maisuma,Srinagar,Jammu and Kashmir,34.06805,74.79591,2026-04-30T04:25,2026-05-02T04:25,Anti-Narcotics Cell,ORG000002,SYN-HER,CHARGESHEETED,1457272735,7,C
INC000677,127/2021,CASE000024,ATTEMPT_TO_MURDER,307,109,8,0,PS000076,Karelibaug Police Station,LOC000076,Karelibaug,Vadodara,Gujarat,22.32869,73.19409,2021-07-02T20:31,2021-07-04T13:31,Railway Protection Force,ORG000001,SYN-EXT,ACQUITTED,0,2,A
INC000678,612/2023,CASE000023,MURDER,302,103(1),10,0,PS000042,Karmatanr Police Station,LOC000042,Karmatanr,Jamtara,Jharkhand,23.95479,86.79482,2023-04-16T05:52,2023-04-18T17:52,State Police - Crime Branch,ORG000013,SYN-KDN,UNTRACED,0,5,C
INC000679,738/2026,CASE000014,LAND_GRABBING,441/447,329,4,1,PS000029,Rajghat Police Station,LOC000029,Rajghat,Gorakhpur,Uttar Pradesh,26.76019,83.36182,2026-01-14T02:29,2026-01-14T18:29,Border Security Force - Intel,,UNAFFILIATED,ACQUITTED,0,2,A
INC000680,699/2025,CASE000073,EXTORTION,384/387,308,6,0,PS000020,Nangloi Police Station,LOC000020,Nangloi,New Delhi,Delhi,28.68418,77.06042,2025-10-03T16:56,2025-10-03T18:56,Anti-Terrorism Squad (ATS),ORG000014,SYN-SHK,ACQUITTED,31510062,4,B
INC000681,117/2022,CASE000154,CHEATING_FRAUD,420,318(4),5,1,PS000023,Aminabad Police Station,LOC000023,Aminabad,Lucknow,Uttar Pradesh,26.84458,80.91064,2022-06-17T01:36,2022-06-19T15:36,Narcotics Control Bureau,ORG000003,SYN-CYB,CONVICTED,114831,7,B
INC000682,450/2021,CASE000024,CRIMINAL_CONSPIRACY,120B,61(2),5,0,PS000008,Vashi Police Station,LOC000008,Vashi,Navi Mumbai,Maharashtra,19.08218,72.99119,2021-12-24T06:48,2021-12-26T06:48,Railway Protection Force,ORG000001,SYN-EXT,UNDER_INVESTIGATION,0,3,B
INC000683,722/2025,CASE000058,NDPS_TRAFFICKING,NDPS 21(c)/29,-,9,0,PS000083,Charminar Police Station,LOC000083,Charminar,Hyderabad,Telangana,17.35976,78.47486,2025-09-16T10:37,2025-09-18T05:37,Narcotics Control Bureau,ORG000010,SYN-GAN,ACQUITTED,256254382,2,C
INC000684,612/2026,CASE000114,ORGANISED_CRIME,MCOCA 3(1),111,10,0,PS000103,Sandur Police Station,LOC000103,Sandur,Ballari,Karnataka,15.10763,76.5405,2026-05-23T12:26,2026-05-25T16:26,Anti-Narcotics Cell,,UNAFFILIATED,UNTRACED,0,3,D
INC000685,464/2026,CASE000014,LAND_GRABBING,441/447,329,4,1,PS000050,Jalangi Police Station,LOC000050,Jalangi,Murshidabad,West Bengal,24.11042,88.40108,2026-05-29T00:38,2026-05-30T12:38,Border Security Force - Intel,,UNAFFILIATED,UNDER_INVESTIGATION,0,1,C
INC000686,861/2026,CASE000110,ATTEMPT_TO_MURDER,307,109,8,0,PS000011,Kamptee Police Station,LOC000011,Kamptee,Nagpur,Maharashtra,21.22695,79.19707,2026-01-18T09:14,2026-01-18T19:14,Central Bureau of Investigation,ORG000001,SYN-EXT,UNTRACED,0,3,B
INC000687,079/2020,CASE000101,NDPS_POSSESSION,NDPS 22(b),-,5,0,PS000112,Berhampur Police Station,LOC000112,Berhampur,Ganjam,Odisha,19.31878,84.78231,2020-05-18T20:38,2020-05-19T07:38,Border Security Force - Intel,ORG000010,SYN-GAN,UNDER_INVESTIGATION,0,1,A
INC000688,150/2023,CASE000146,CHIT_FUND_PONZI,BUDS Act 21,318(4),6,1,PS000110,Jagatpur Police Station,LOC000110,Jagatpur,Cuttack,Odisha,20.51657,85.86729,2023-10-10T08:07,2023-10-11T02:07,Railway Protection Force,ORG000011,SYN-PON,CHARGESHEETED,49042549,2,B
INC000689,635/2024,CASE000060,ROBBERY,392,309(4),6,0,PS000037,Mithanpura Police Station,LOC000037,Mithanpura,Muzaffarpur,Bihar,26.12944,85.39524,2024-03-15T17:51,2024-03-17T04:51,Enforcement Directorate,ORG000008,SYN-VEH,UNTRACED,38039081,2,C
INC000690,107/2025,CASE000106,CRIMINAL_CONSPIRACY,120B,61(2),5,0,PS000086,Hanamkonda Police Station,LOC000086,Hanamkonda,Warangal,Telangana,18.00878,79.55269,2025-08-18T09:03,2025-08-20T20:03,Border Security Force - Intel,ORG000010,SYN-GAN,CHARGESHEETED,0,3,C
INC000691,215/2023,CASE000074,NDPS_POSSESSION,NDPS 22(b),-,5,0,PS000119,Vasco Police Station,LOC000119,Vasco,South Goa,Goa,15.40014,73.81334,2023-02-15T05:42,2023-02-15T18:42,Railway Protection Force,,UNAFFILIATED,CHARGESHEETED,0,1,D
INC000692,023/2026,CASE000147,MURDER,302,103(1),10,0,PS000094,Kodungaiyur Police Station,LOC000094,Kodungaiyur,Chennai,Tamil Nadu,13.13103,80.23855,2026-02-17T13:46,2026-02-19T03:46,Special Task Force (STF),ORG000005,SYN-MIN,CHARGESHEETED,0,2,C
INC000693,452/2024,CASE000007,CRIMINAL_CONSPIRACY,120B,61(2),5,0,PS000001,Dongri Police Station,LOC000001,Dongri,Mumbai,Maharashtra,18.96279,72.8275,2024-07-12T01:17,2024-07-14T23:17,Railway Protection Force,ORG000007,SYN-ARM,UNDER_INVESTIGATION,0,1,D
INC000694,315/2024,CASE000044,ARMS_ACT,Arms Act 25/27,-,6,0,PS000004,Bhendi Bazaar Police Station,LOC000004,Bhendi Bazaar,Mumbai,Maharashtra,18.95981,72.82064,2024-07-19T09:50,2024-07-19T10:50,Anti-Terrorism Squad (ATS),ORG000014,SYN-SHK,CHARGESHEETED,0,2,C
INC000695,020/2026,CASE000036,CHIT_FUND_PONZI,BUDS Act 21,318(4),6,1,PS000043,Sarwan Police Station,LOC000043,Sarwan,Deoghar,Jharkhand,24.47171,86.69972,2026-03-22T20:51,2026-03-25T01:51,Central Bureau of Investigation,ORG000011,SYN-PON,UNDER_INVESTIGATION,1402046089,3,D
INC000696,080/2026,CASE000071,HUMAN_TRAFFICKING,370/372,143,9,0,PS000036,Kasim Bazaar Police Station,LOC000036,Kasim Bazaar,Munger,Bihar,25.3687,86.46907,2026-01-16T18:28,2026-01-16T19:28,State Police - Crime Branch,ORG000006,SYN-TRF,CHARGESHEETED,0,2,A
INC000697,263/2024,CASE000069,ARMS_ACT,Arms Act 25/27,-,6,0,PS000019,Najafgarh Police Station,LOC000019,Najafgarh,New Delhi,Delhi,28.61304,77.01367,2024-03-10T16:57,2024-03-13T14:57,Cyber Crime Cell,,UNAFFILIATED,UNDER_INVESTIGATION,0,4,B
INC000698,476/2025,CASE000022,EXTORTION,384/387,308,6,0,PS000093,Vyasarpadi Police Station,LOC000093,Vyasarpadi,Chennai,Tamil Nadu,13.12274,80.24524,2025-05-29T19:01,2025-06-01T17:01,Anti-Terrorism Squad (ATS),ORG000005,SYN-MIN,CHARGESHEETED,35367538,2,C
INC000699,045/2026,CASE000014,LAND_GRABBING,441/447,329,4,1,PS000105,Tirur Police Station,LOC000105,Tirur,Malappuram,Kerala,10.91534,75.92575,2026-01-22T09:07,2026-01-24T14:07,Border Security Force - Intel,,UNAFFILIATED,CHARGESHEETED,0,5,B
INC000700,296/2021,CASE000131,FORGERY,465/468,336(3),4,1,PS000091,Nandyal Police Station,LOC000091,Nandyal,Kurnool,Andhra Pradesh,15.47185,78.47847,2021-10-10T22:46,2021-10-11T14:46,State Intelligence Department,ORG000015,SYN-WLD,CHARGESHEETED,0,2,C
INC000701,073/2025,CASE000143,CHEATING_FRAUD,420,318(4),5,1,PS000048,Rajabazar Police Station,LOC000048,Rajabazar,Kolkata,West Bengal,22.57998,88.37543,2025-05-24T04:05,2025-05-24T10:05,State Intelligence Department,ORG000011,SYN-PON,UNDER_INVESTIGATION,1133680,5,A
INC000702,764/2019,CASE000085,LAND_GRABBING,441/447,329,4,1,PS000071,Juhapura Police Station,LOC000071,Juhapura,Ahmedabad,Gujarat,22.99114,72.53016,2019-06-26T04:40,2019-06-27T20:40,Cyber Crime Cell,ORG000001,SYN-EXT,UNTRACED,0,7,D
INC000703,129/2018,CASE000105,MURDER,302,103(1),10,0,PS000040,Barauni Police Station,LOC000040,Barauni,Begusarai,Bihar,25.42198,86.12977,2018-12-21T13:27,2018-12-22T13:27,Narcotics Control Bureau,ORG000005,SYN-MIN,CHARGESHEETED,0,1,B
INC000704,625/2020,CASE000118,NDPS_TRAFFICKING,NDPS 21(c)/29,-,9,0,PS000059,Rampura Phul Police Station,LOC000059,Rampura Phul,Bathinda,Punjab,30.26925,75.24749,2020-04-02T13:42,2020-04-04T23:42,Railway Protection Force,ORG000002,SYN-HER,UNDER_INVESTIGATION,553559330,2,B
INC000705,312/2024,CASE000038,ATTEMPT_TO_MURDER,307,109,8,0,PS000103,Sandur Police Station,LOC000103,Sandur,Ballari,Karnataka,15.10763,76.5405,2024-05-16T09:53,2024-05-17T16:53,Directorate of Revenue Intelligence,ORG000001,SYN-EXT,CHARGESHEETED,0,3,D
INC000706,206/2023,CASE000157,CYBER_FRAUD,IT Act 66C/66D,319(2),5,1,PS000061,Sohna Police Station,LOC000061,Sohna,Gurugram,Haryana,28.25004,77.06581,2023-09-23T03:16,2023-09-25T10:16,Economic Offences Wing,ORG000003,SYN-CYB,UNTRACED,2035068775,1,A
INC000707,426/2026,CASE000151,ORGANISED_CRIME,MCOCA 3(1),111,10,0,PS000002,Dharavi Police Station,LOC000002,Dharavi,Mumbai,Maharashtra,19.0349,72.84279,2026-05-05T07:27,2026-05-06T00:27,Income Tax Investigation Wing,,UNAFFILIATED,UNDER_INVESTIGATION,0,3,B
INC000708,765/2024,CASE000016,FICN_COUNTERFEIT,489B/489C,179,8,0,PS000025,Lisari Gate Police Station,LOC000025,Lisari Gate,Meerut,Uttar Pradesh,28.97425,77.70598,2024-01-12T11:18,2024-01-14T12:18,Anti-Narcotics Cell,ORG000009,SYN-FIC,CHARGESHEETED,754427015,2,C
INC000709,218/2025,CASE000029,ROBBERY,392,309(4),6,0,PS000062,Gohana Police Station,LOC000062,Gohana,Sonipat,Haryana,29.14638,76.70853,2025-05-29T09:35,2025-05-29T16:35,Economic Offences Wing,ORG000008,SYN-VEH,UNDER_INVESTIGATION,34465679,4,D
INC000710,471/2023,CASE000111,ARMS_ACT,Arms Act 25/27,-,6,0,PS000035,Kadamkuan Police Station,LOC000035,Kadamkuan,Patna,Bihar,25.62537,85.1468,2023-12-02T10:20,2023-12-03T19:20,Railway Protection Force,ORG000013,SYN-KDN,UNDER_INVESTIGATION,0,3,B
INC000711,161/2026,CASE000144,CRIMINAL_CONSPIRACY,120B,61(2),5,0,PS000007,Mumbra Police Station,LOC000007,Mumbra,Thane,Maharashtra,19.18341,73.02479,2026-05-17T09:04,2026-05-18T16:04,Economic Offences Wing,ORG000007,SYN-ARM,UNTRACED,0,2,C
INC000712,578/2024,CASE000127,CRIMINAL_CONSPIRACY,120B,61(2),5,0,PS000120,Maisuma Police Station,LOC000120,Maisuma,Srinagar,Jammu and Kashmir,34.06805,74.79591,2024-07-26T08:10,2024-07-26T17:10,Central Bureau of Investigation,,UNAFFILIATED,UNTRACED,0,2,C
INC000713,754/2020,CASE000054,ARMS_ACT,Arms Act 25/27,-,6,0,PS000051,Bongaon Police Station,LOC000051,Bongaon,North 24 Parganas,West Bengal,23.07416,88.81118,2020-01-26T12:49,2020-01-27T08:49,Cyber Crime Cell,ORG000013,SYN-KDN,ACQUITTED,0,4,A
INC000714,395/2026,CASE000003,MONEY_LAUNDERING,PMLA 3/4,-,7,0,PS000083,Charminar Police Station,LOC000083,Charminar,Hyderabad,Telangana,17.35976,78.47486,2026-06-27T10:17,2026-06-28T11:17,Central Bureau of Investigation,ORG000004,SYN-HAW,UNTRACED,42589170,2,B
INC000715,570/2026,CASE000012,CRIMINAL_CONSPIRACY,120B,61(2),5,0,PS000053,Karimpur Police Station,LOC000053,Karimpur,Nadia,West Bengal,23.96971,88.62078,2026-03-02T12:27,2026-03-04T05:27,Special Task Force (STF),ORG000007,SYN-ARM,CHARGESHEETED,0,3,B
INC000716,861/2020,CASE000063,ARMS_ACT,Arms Act 25/27,-,6,0,PS000035,Kadamkuan Police Station,LOC000035,Kadamkuan,Patna,Bihar,25.62537,85.1468,2020-12-23T08:36,2020-12-26T02:36,Income Tax Investigation Wing,ORG000007,SYN-ARM,CONVICTED,0,2,B
INC000717,768/2025,CASE000141,ORGANISED_CRIME,MCOCA 3(1),111,10,0,PS000053,Karimpur Police Station,LOC000053,Karimpur,Nadia,West Bengal,23.96971,88.62078,2025-11-24T01:24,2025-11-25T14:24,Income Tax Investigation Wing,ORG000013,SYN-KDN,UNDER_INVESTIGATION,0,1,B
INC000718,391/2023,CASE000115,ORGANISED_CRIME,MCOCA 3(1),111,10,0,PS000053,Karimpur Police Station,LOC000053,Karimpur,Nadia,West Bengal,23.96971,88.62078,2023-04-02T07:29,2023-04-02T21:29,Directorate of Revenue Intelligence,ORG000007,SYN-ARM,UNDER_INVESTIGATION,0,2,C
INC000719,205/2025,CASE000034,MURDER,302,103(1),10,0,PS000016,Seelampur Police Station,LOC000016,Seelampur,New Delhi,Delhi,28.67711,77.27533,2025-07-30T21:58,2025-07-31T18:58,Enforcement Directorate,ORG000001,SYN-EXT,ACQUITTED,0,1,B
INC000720,654/2024,CASE000023,ARMS_ACT,Arms Act 25/27,-,6,0,PS000032,Baradari Police Station,LOC000032,Baradari,Bareilly,Uttar Pradesh,28.3677,79.43192,2024-07-23T14:57,2024-07-26T06:57,State Police - Crime Branch,ORG000013,SYN-KDN,UNTRACED,0,3,B
INC000721,168/2024,CASE000145,SMUGGLING_CUSTOMS,Customs Act 135,-,5,1,PS000024,Chakeri Police Station,LOC000024,Chakeri,Kanpur,Uttar Pradesh,26.41802,80.40132,2024-12-17T21:19,2024-12-20T21:19,State Intelligence Department,,UNAFFILIATED,UNDER_INVESTIGATION,1980404,2,C
INC000722,809/2025,CASE000060,FORGERY,465/468,336(3),4,1,PS000016,Seelampur Police Station,LOC000016,Seelampur,New Delhi,Delhi,28.67711,77.27533,2025-05-28T09:45,2025-05-28T11:45,Enforcement Directorate,ORG000008,SYN-VEH,CHARGESHEETED,0,3,A
INC000723,331/2019,CASE000068,ATTEMPT_TO_MURDER,307,109,8,0,PS000033,Sarai Mir Police Station,LOC000033,Sarai Mir,Azamgarh,Uttar Pradesh,26.01058,82.80942,2019-01-19T03:57,2019-01-20T20:57,Special Task Force (STF),ORG000005,SYN-MIN,ACQUITTED,0,2,B
INC000724,441/2024,CASE000093,EXTORTION,384/387,308,6,0,PS000099,KG Halli Police Station,LOC000099,KG Halli,Bengaluru,Karnataka,13.00798,77.6042,2024-10-06T15:29,2024-10-08T03:29,Railway Protection Force,ORG000005,SYN-MIN,CONVICTED,34900933,3,A
INC000725,158/2025,CASE000040,MONEY_LAUNDERING,PMLA 3/4,-,7,0,PS000037,Mithanpura Police Station,LOC000037,Mithanpura,Muzaffarpur,Bihar,26.12944,85.39524,2025-08-14T21:07,2025-08-15T05:07,Income Tax Investigation Wing,ORG000003,SYN-CYB,UNDER_INVESTIGATION,2769427381,4,D
INC000726,180/2026,CASE000129,ORGANISED_CRIME,MCOCA 3(1),111,10,0,PS000113,Paltan Bazaar Police Station,LOC000113,Paltan Bazaar,Guwahati,Assam,26.17357,91.75925,2026-03-18T19:36,2026-03-21T15:36,Enforcement Directorate,,UNAFFILIATED,CHARGESHEETED,0,2,D
INC000727,552/2023,CASE000063,ORGANISED_CRIME,MCOCA 3(1),111,10,0,PS000077,Bairagarh Police Station,LOC000077,Bairagarh,Bhopal,Madhya Pradesh,23.27477,77.32792,2023-08-04T18:02,2023-08-06T17:02,Income Tax Investigation Wing,ORG000007,SYN-ARM,CONVICTED,0,3,D
INC000728,069/2023,CASE000154,MONEY_LAUNDERING,PMLA 3/4,-,7,0,PS000051,Bongaon Police Station,LOC000051,Bongaon,North 24 Parganas,West Bengal,23.07416,88.81118,2023-03-03T06:35,2023-03-03T10:35,Narcotics Control Bureau,ORG000003,SYN-CYB,ACQUITTED,47471680,4,D
INC000729,419/2024,CASE000013,EXTORTION,384/387,308,6,0,PS000102,Afzalpur Police Station,LOC000102,Afzalpur,Kalaburagi,Karnataka,17.20729,76.36952,2024-11-21T04:29,2024-11-21T18:29,Anti-Terrorism Squad (ATS),ORG000012,SYN-BET,CHARGESHEETED,10940324,5,B
INC000730,856/2025,CASE000004,ARMS_ACT,Arms Act 25/27,-,6,0,PS000046,Bengabad Police Station,LOC000046,Bengabad,Giridih,Jharkhand,24.1853,86.30745,2025-11-22T21:29,2025-11-25T03:29,Directorate of Revenue Intelligence,ORG000013,SYN-KDN,UNDER_INVESTIGATION,0,1,A
INC000731,480/2020,CASE000062,FORGERY,465/468,336(3),4,1,PS000087,Bodhan Police Station,LOC000087,Bodhan,Nizamabad,Telangana,18.66779,77.89485,2020-05-25T20:14,2020-05-26T02:14,Cyber Crime Cell,ORG000004,SYN-HAW,CONVICTED,0,4,B
INC000732,744/2024,CASE000084,FORGERY,465/468,336(3),4,1,PS000040,Barauni Police Station,LOC000040,Barauni,Begusarai,Bihar,25.42198,86.12977,2024-11-12T21:22,2024-11-15T11:22,State Police - Crime Branch,,UNAFFILIATED,UNDER_INVESTIGATION,0,2,C
INC000733,515/2021,CASE000032,NDPS_TRAFFICKING,NDPS 21(c)/29,-,9,0,PS000102,Afzalpur Police Station,LOC000102,Afzalpur,Kalaburagi,Karnataka,17.20729,76.36952,2021-06-19T22:39,2021-06-22T16:39,Anti-Terrorism Squad (ATS),ORG000010,SYN-GAN,UNTRACED,524207034,2,D
INC000734,535/2025,CASE000106,NDPS_POSSESSION,NDPS 22(b),-,5,0,PS000111,Chitrakonda Police Station,LOC000111,Chitrakonda,Malkangiri,Odisha,18.09702,82.10019,2025-08-31T01:25,2025-09-02T02:25,Border Security Force - Intel,ORG000010,SYN-GAN,UNDER_INVESTIGATION,0,3,D
INC000735,156/2018,CASE000032,ARMS_ACT,Arms Act 25/27,-,6,0,PS000084,Kukatpally Police Station,LOC000084,Kukatpally,Hyderabad,Telangana,17.48623,78.40974,2018-12-22T03:47,2018-12-24T22:47,Anti-Terrorism Squad (ATS),ORG000010,SYN-GAN,UNDER_INVESTIGATION,0,7,D
INC000736,410/2023,CASE000020,CRIMINAL_CONSPIRACY,120B,61(2),5,0,PS000062,Gohana Police Station,LOC000062,Gohana,Sonipat,Haryana,29.14638,76.70853,2023-06-04T13:06,2023-06-07T03:06,Income Tax Investigation Wing,ORG000006,SYN-TRF,CHARGESHEETED,0,3,C
INC000737,462/2026,CASE000069,ARMS_ACT,Arms Act 25/27,-,6,0,PS000122,Birgaon Police Station,LOC000122,Birgaon,Raipur,Chhattisgarh,21.27602,81.63096,2026-04-26T20:44,2026-04-27T12:44,Cyber Crime Cell,,UNAFFILIATED,UNTRACED,0,3,A
INC000738,875/2026,CASE000106,NDPS_POSSESSION,NDPS 22(b),-,5,0,PS000096,Ukkadam Police Station,LOC000096,Ukkadam,Coimbatore,Tamil Nadu,10.99091,76.96669,2026-05-08T14:19,2026-05-08T21:19,Border Security Force - Intel,ORG000010,SYN-GAN,ACQUITTED,0,4,D
INC000739,146/2025,CASE000057,FICN_COUNTERFEIT,489B/489C,179,8,0,PS000060,Punhana Police Station,LOC000060,Punhana,Nuh,Haryana,27.86723,77.21101,2025-11-19T16:49,2025-11-21T04:49,Special Task Force (STF),,UNAFFILIATED,UNDER_INVESTIGATION,9825131,4,C
INC000740,257/2026,CASE000126,ARMS_ACT,Arms Act 25/27,-,6,0,PS000068,Kaman Police Station,LOC000068,Kaman,Bharatpur,Rajasthan,27.6531,77.26593,2026-03-24T21:19,2026-03-26T22:19,Narcotics Control Bureau,ORG000002,SYN-HER,UNDER_INVESTIGATION,0,7,A
INC000741,054/2023,CASE000009,MURDER,302,103(1),10,0,PS000047,Metiabruz Police Station,LOC000047,Metiabruz,Kolkata,West Bengal,22.53329,88.31358,2023-01-18T00:17,2023-01-18T09:17,Income Tax Investigation Wing,ORG000013,SYN-KDN,UNDER_INVESTIGATION,0,2,D
INC000742,390/2025,CASE000086,KIDNAP_FOR_RANSOM,364A,140(2),9,0,PS000044,Jharia Police Station,LOC000044,Jharia,Dhanbad,Jharkhand,23.74956,86.41065,2025-04-01T13:59,2025-04-02T13:59,State Police - Crime Branch,,UNAFFILIATED,CHARGESHEETED,18944798,3,B
INC000743,497/2026,CASE000018,CHEATING_FRAUD,420,318(4),5,1,PS000093,Vyasarpadi Police Station,LOC000093,Vyasarpadi,Chennai,Tamil Nadu,13.12274,80.24524,2026-02-14T09:58,2026-02-16T14:58,Economic Offences Wing,,UNAFFILIATED,CHARGESHEETED,51052361,1,C
INC000744,477/2023,CASE000116,FORGERY,465/468,336(3),4,1,PS000097,Palayamkottai Police Station,LOC000097,Palayamkottai,Tirunelveli,Tamil Nadu,8.7186,77.73084,2023-03-21T10:36,2023-03-23T20:36,Special Task Force (STF),,UNAFFILIATED,ACQUITTED,0,2,D
INC000745,741/2025,CASE000014,LAND_GRABBING,441/447,329,4,1,PS000115,Sutarkandi Police Station,LOC000115,Sutarkandi,Karimganj,Assam,24.87968,92.34231,2025-12-21T12:45,2025-12-23T04:45,Border Security Force - Intel,,UNAFFILIATED,UNDER_INVESTIGATION,0,3,B
INC000746,368/2025,CASE000136,DACOITY,395,310(2),8,0,PS000122,Birgaon Police Station,LOC000122,Birgaon,Raipur,Chhattisgarh,21.27602,81.63096,2025-04-15T18:14,2025-04-18T14:14,Income Tax Investigation Wing,,UNAFFILIATED,UNDER_INVESTIGATION,31772186,3,C
INC000747,355/2018,CASE000149,MONEY_LAUNDERING,PMLA 3/4,-,7,0,PS000113,Paltan Bazaar Police Station,LOC000113,Paltan Bazaar,Guwahati,Assam,26.17357,91.75925,2018-08-06T07:22,2018-08-08T09:22,Special Task Force (STF),,UNAFFILIATED,CHARGESHEETED,28190158,3,C
INC000748,155/2026,CASE000070,CRIMINAL_CONSPIRACY,120B,61(2),5,0,PS000066,Nokha Police Station,LOC000066,Nokha,Bikaner,Rajasthan,27.56853,73.4757,2026-06-06T13:17,2026-06-06T16:17,Special Task Force (STF),ORG000002,SYN-HER,CHARGESHEETED,0,3,A
INC000749,537/2025,CASE000012,CRIMINAL_CONSPIRACY,120B,61(2),5,0,PS000080,Morar Police Station,LOC000080,Morar,Gwalior,Madhya Pradesh,26.22147,78.20426,2025-12-21T07:29,2025-12-24T07:29,Special Task Force (STF),ORG000007,SYN-ARM,UNDER_INVESTIGATION,0,4,D
INC000750,195/2022,CASE000088,CYBER_FRAUD,IT Act 66C/66D,319(2),5,1,PS000124,Clement Town Police Station,LOC000124,Clement Town,Dehradun,Uttarakhand,30.2693,77.99884,2022-10-22T06:21,2022-10-24T16:21,State Intelligence Department,,UNAFFILIATED,UNDER_INVESTIGATION,1298594,2,D
INC000751,873/2025,CASE000089,RIOTING,147/148,191(2),4,1,PS000101,Ullal Police Station,LOC000101,Ullal,Mangaluru,Karnataka,12.80948,74.86499,2025-04-19T02:37,2025-04-19T22:37,Income Tax Investigation Wing,ORG000005,SYN-MIN,UNTRACED,0,2,B
INC000752,225/2024,CASE000121,CHEATING_FRAUD,420,318(4),5,1,PS000105,Tirur Police Station,LOC000105,Tirur,Malappuram,Kerala,10.91534,75.92575,2024-09-17T01:23,2024-09-17T14:23,Income Tax Investigation Wing,ORG000004,SYN-HAW,UNDER_INVESTIGATION,727031,4,D
INC000753,175/2026,CASE000089,ILLEGAL_MINING,MMDR 21(1),-,4,1,PS000023,Aminabad Police Station,LOC000023,Aminabad,Lucknow,Uttar Pradesh,26.84458,80.91064,2026-03-13T05:20,2026-03-15T22:20,Income Tax Investigation Wing,ORG000005,SYN-MIN,UNDER_INVESTIGATION,0,1,A
INC000754,845/2026,CASE000138,FICN_COUNTERFEIT,489B/489C,179,8,0,PS000106,Nadakkavu Police Station,LOC000106,Nadakkavu,Kozhikode,Kerala,11.26765,75.77077,2026-06-26T22:44,2026-06-27T19:44,Railway Protection Force,,UNAFFILIATED,UNTRACED,525768804,4,C
INC000755,174/2023,CASE000047,FORGERY,465/468,336(3),4,1,PS000020,Nangloi Police Station,LOC000020,Nangloi,New Delhi,Delhi,28.68418,77.06042,2023-12-11T09:11,2023-12-13T05:11,Enforcement Directorate,ORG000004,SYN-HAW,UNTRACED,0,1,B
INC000756,132/2026,CASE000086,KIDNAP_FOR_RANSOM,364A,140(2),9,0,PS000041,Khajanchi Hat Police Station,LOC000041,Khajanchi Hat,Purnia,Bihar,25.78858,87.47757,2026-03-30T16:09,2026-04-01T09:09,State Police - Crime Branch,,UNAFFILIATED,UNTRACED,17258995,5,C
INC000757,409/2021,CASE000043,RIOTING,147/148,191(2),4,1,PS000099,KG Halli Police Station,LOC000099,KG Halli,Bengaluru,Karnataka,13.00798,77.6042,2021-09-28T02:58,2021-09-28T11:58,Enforcement Directorate,ORG000005,SYN-MIN,UNTRACED,0,2,D
INC000758,263/2021,CASE000118,MONEY_LAUNDERING,PMLA 3/4,-,7,0,PS000020,Nangloi Police Station,LOC000020,Nangloi,New Delhi,Delhi,28.68418,77.06042,2021-06-04T21:35,2021-06-06T03:35,Railway Protection Force,ORG000002,SYN-HER,CONVICTED,1923335,1,B
INC000759,712/2024,CASE000078,VEHICLE_THEFT,379/411,303(2),3,1,PS000020,Nangloi Police Station,LOC000020,Nangloi,New Delhi,Delhi,28.68418,77.06042,2024-04-09T18:31,2024-04-12T04:31,Anti-Narcotics Cell,ORG000008,SYN-VEH,UNTRACED,0,1,A
INC000760,321/2022,CASE000055,ARMS_ACT,Arms Act 25/27,-,6,0,PS000052,Matigara Police Station,LOC000052,Matigara,Siliguri,West Bengal,26.72719,88.37142,2022-12-26T09:08,2022-12-26T11:08,Economic Offences Wing,ORG000007,SYN-ARM,CONVICTED,0,4,B
INC000761,586/2026,CASE000073,ARMS_ACT,Arms Act 25/27,-,6,0,PS000020,Nangloi Police Station,LOC000020,Nangloi,New Delhi,Delhi,28.68418,77.06042,2026-04-12T22:05,2026-04-13T18:05,Anti-Terrorism Squad (ATS),ORG000014,SYN-SHK,UNDER_INVESTIGATION,0,5,C
INC000762,792/2025,CASE000133,WILDLIFE_TRAFFICKING,WLPA 51,-,6,0,PS000094,Kodungaiyur Police Station,LOC000094,Kodungaiyur,Chennai,Tamil Nadu,13.13103,80.23855,2025-01-05T06:05,2025-01-08T06:05,Special Task Force (STF),ORG000015,SYN-WLD,UNDER_INVESTIGATION,733901954,2,B
INC000763,594/2019,CASE000097,SMUGGLING_CUSTOMS,Customs Act 135,-,5,1,PS000088,Gajuwaka Police Station,LOC000088,Gajuwaka,Visakhapatnam,Andhra Pradesh,17.67545,83.2021,2019-11-30T10:31,2019-11-30T19:31,State Police - Crime Branch,,UNAFFILIATED,CHARGESHEETED,1006765,1,C
INC000764,038/2023,CASE000024,LAND_GRABBING,441/447,329,4,1,PS000016,Seelampur Police Station,LOC000016,Seelampur,New Delhi,Delhi,28.67711,77.27533,2023-04-22T04:16,2023-04-24T15:16,Railway Protection Force,ORG000001,SYN-EXT,UNDER_INVESTIGATION,0,4,B
INC000765,754/2026,CASE000065,ORGANISED_CRIME,MCOCA 3(1),111,10,0,PS000038,Chandauti Police Station,LOC000038,Chandauti,Gaya,Bihar,24.78741,84.99597,2026-06-15T13:37,2026-06-17T01:37,Narcotics Control Bureau,ORG000007,SYN-ARM,CHARGESHEETED,0,4,A
INC000766,342/2023,CASE000035,FORGERY,465/468,336(3),4,1,PS000085,Chandrayangutta Police Station,LOC000085,Chandrayangutta,Hyderabad,Telangana,17.33336,78.49109,2023-07-14T00:04,2023-07-16T05:04,Anti-Narcotics Cell,,UNAFFILIATED,CHARGESHEETED,0,4,A
INC000767,614/2024,CASE000071,HUMAN_TRAFFICKING,370/372,143,9,0,PS000064,Ballabgarh Police Station,LOC000064,Ballabgarh,Faridabad,Haryana,28.34729,77.32805,2024-12-13T05:19,2024-12-14T14:19,State Police - Crime Branch,ORG000006,SYN-TRF,CHARGESHEETED,0,2,A
INC000768,024/2021,CASE000064,EXTORTION,384/387,308,6,0,PS000076,Karelibaug Police Station,LOC000076,Karelibaug,Vadodara,Gujarat,22.32869,73.19409,2021-03-01T22:23,2021-03-02T08:23,Directorate of Revenue Intelligence,ORG000012,SYN-BET,CONVICTED,35114066,2,A
INC000769,434/2020,CASE000011,ARMS_ACT,Arms Act 25/27,-,6,0,PS000123,Bhairamgarh Police Station,LOC000123,Bhairamgarh,Bijapur,Chhattisgarh,18.79608,80.7942,2020-06-26T05:12,2020-06-27T19:12,Income Tax Investigation Wing,ORG000010,SYN-GAN,ACQUITTED,0,2,A
INC000770,263/2023,CASE000098,ARMS_ACT,Arms Act 25/27,-,6,0,PS000053,Karimpur Police Station,LOC000053,Karimpur,Nadia,West Bengal,23.96971,88.62078,2023-11-21T14:09,2023-11-23T18:09,Special Task Force (STF),ORG000007,SYN-ARM,CHARGESHEETED,0,1,A
INC000771,010/2024,CASE000006,MONEY_LAUNDERING,PMLA 3/4,-,7,0,PS000034,Line Bazaar Police Station,LOC000034,Line Bazaar,Jaunpur,Uttar Pradesh,25.75361,82.67229,2024-03-13T11:58,2024-03-15T07:58,Central Bureau of Investigation,ORG000003,SYN-CYB,UNDER_INVESTIGATION,1352044001,5,A
INC000772,561/2026,CASE000076,KIDNAP_FOR_RANSOM,364A,140(2),9,0,PS000018,Karol Bagh Police Station,LOC000018,Karol Bagh,New Delhi,Delhi,28.64425,77.18711,2026-02-10T09:07,2026-02-11T18:07,State Intelligence Department,,UNAFFILIATED,UNDER_INVESTIGATION,22751879,1,D
INC000773,640/2021,CASE000006,CYBER_FRAUD,IT Act 66C/66D,319(2),5,1,PS000023,Aminabad Police Station,LOC000023,Aminabad,Lucknow,Uttar Pradesh,26.84458,80.91064,2021-08-10T05:18,2021-08-12T22:18,Central Bureau of Investigation,ORG000003,SYN-CYB,ACQUITTED,750782,3,D
INC000774,086/2023,CASE000050,ATTEMPT_TO_MURDER,307,109,8,0,PS000078,Rau Police Station,LOC000078,Rau,Indore,Madhya Pradesh,22.64914,75.80858,2023-06-29T02:35,2023-07-02T00:35,Anti-Terrorism Squad (ATS),ORG000005,SYN-MIN,UNDER_INVESTIGATION,0,3,D
INC000775,056/2024,CASE000143,MONEY_LAUNDERING,PMLA 3/4,-,7,0,PS000044,Jharia Police Station,LOC000044,Jharia,Dhanbad,Jharkhand,23.74956,86.41065,2024-05-02T10:32,2024-05-02T17:32,State Intelligence Department,ORG000011,SYN-PON,UNDER_INVESTIGATION,1510057,1,D
INC000776,296/2024,CASE000022,MURDER,302,103(1),10,0,PS000093,Vyasarpadi Police Station,LOC000093,Vyasarpadi,Chennai,Tamil Nadu,13.12274,80.24524,2024-04-01T19:37,2024-04-03T21:37,Anti-Terrorism Squad (ATS),ORG000005,SYN-MIN,UNDER_INVESTIGATION,0,1,C
INC000777,533/2019,CASE000068,MURDER,302,103(1),10,0,PS000065,Osian Police Station,LOC000065,Osian,Jodhpur,Rajasthan,26.71758,72.91971,2019-03-07T08:50,2019-03-08T05:50,Special Task Force (STF),ORG000005,SYN-MIN,CHARGESHEETED,0,4,B
INC000778,547/2023,CASE000125,CHEATING_FRAUD,420,318(4),5,1,PS000072,Varachha Police Station,LOC000072,Varachha,Surat,Gujarat,21.19637,72.86136,2023-04-08T22:50,2023-04-11T14:50,Border Security Force - Intel,ORG000004,SYN-HAW,UNDER_INVESTIGATION,27087001,3,B
INC000779,004/2023,CASE000146,CHEATING_FRAUD,420,318(4),5,1,PS000035,Kadamkuan Police Station,LOC000035,Kadamkuan,Patna,Bihar,25.62537,85.1468,2023-08-18T22:33,2023-08-19T02:33,Railway Protection Force,ORG000011,SYN-PON,UNTRACED,2266684732,1,D
INC000780,363/2022,CASE000008,ARMS_ACT,Arms Act 25/27,-,6,0,PS000087,Bodhan Police Station,LOC000087,Bodhan,Nizamabad,Telangana,18.66779,77.89485,2022-12-21T15:06,2022-12-21T17:06,Directorate of Revenue Intelligence,ORG000010,SYN-GAN,UNDER_INVESTIGATION,0,5,A
INC000781,013/2024,CASE000097,SMUGGLING_CUSTOMS,Customs Act 135,-,5,1,PS000048,Rajabazar Police Station,LOC000048,Rajabazar,Kolkata,West Bengal,22.57998,88.37543,2024-11-23T14:05,2024-11-26T10:05,State Police - Crime Branch,,UNAFFILIATED,UNDER_INVESTIGATION,1791373192,1,D
INC000782,533/2020,CASE000103,VEHICLE_THEFT,379/411,303(2),3,1,PS000040,Barauni Police Station,LOC000040,Barauni,Begusarai,Bihar,25.42198,86.12977,2020-03-18T13:17,2020-03-21T06:17,Special Task Force (STF),ORG000008,SYN-VEH,UNDER_INVESTIGATION,0,5,A
INC000783,431/2026,CASE000135,SMUGGLING_CUSTOMS,Customs Act 135,-,5,1,PS000024,Chakeri Police Station,LOC000024,Chakeri,Kanpur,Uttar Pradesh,26.41802,80.40132,2026-03-10T15:41,2026-03-11T11:41,Narcotics Control Bureau,ORG000009,SYN-FIC,UNDER_INVESTIGATION,477262549,2,D
INC000784,189/2021,CASE000148,FORGERY,465/468,336(3),4,1,PS000115,Sutarkandi Police Station,LOC000115,Sutarkandi,Karimganj,Assam,24.87968,92.34231,2021-07-30T15:52,2021-08-01T16:52,State Police - Crime Branch,ORG000011,SYN-PON,UNTRACED,0,1,A
INC000785,569/2026,CASE000033,ARMS_ACT,Arms Act 25/27,-,6,0,PS000121,Uri Police Station,LOC000121,Uri,Baramulla,Jammu and Kashmir,34.0833,74.04758,2026-01-31T07:57,2026-02-01T06:57,State Police - Crime Branch,ORG000002,SYN-HER,UNDER_INVESTIGATION,0,3,A
INC000786,165/2023,CASE000118,ARMS_ACT,Arms Act 25/27,-,6,0,PS000067,Chomu Police Station,LOC000067,Chomu,Jaipur,Rajasthan,27.16846,75.72915,2023-05-09T05:49,2023-05-09T21:49,Railway Protection Force,ORG000002,SYN-HER,ACQUITTED,0,2,D
INC000787,746/2025,CASE000056,CRIMINAL_CONSPIRACY,120B,61(2),5,0,PS000121,Uri Police Station,LOC000121,Uri,Baramulla,Jammu and Kashmir,34.0833,74.04758,2025-02-06T01:14,2025-02-06T03:14,Directorate of Revenue Intelligence,ORG000002,SYN-HER,CHARGESHEETED,0,3,C
INC000788,199/2025,CASE000148,CHIT_FUND_PONZI,BUDS Act 21,318(4),6,1,PS000042,Karmatanr Police Station,LOC000042,Karmatanr,Jamtara,Jharkhand,23.95479,86.79482,2025-04-12T04:42,2025-04-13T12:42,State Police - Crime Branch,ORG000011,SYN-PON,UNDER_INVESTIGATION,624413,3,C
INC000789,316/2026,CASE000033,MONEY_LAUNDERING,PMLA 3/4,-,7,0,PS000068,Kaman Police Station,LOC000068,Kaman,Bharatpur,Rajasthan,27.6531,77.26593,2026-03-06T21:42,2026-03-08T13:42,State Police - Crime Branch,ORG000002,SYN-HER,UNDER_INVESTIGATION,468695,2,B
INC000790,544/2026,CASE000129,ORGANISED_CRIME,MCOCA 3(1),111,10,0,PS000044,Jharia Police Station,LOC000044,Jharia,Dhanbad,Jharkhand,23.74956,86.41065,2026-01-15T11:04,2026-01-16T19:04,Enforcement Directorate,,UNAFFILIATED,CHARGESHEETED,0,5,C
INC000791,413/2026,CASE000131,WILDLIFE_TRAFFICKING,WLPA 51,-,6,0,PS000088,Gajuwaka Police Station,LOC000088,Gajuwaka,Visakhapatnam,Andhra Pradesh,17.67545,83.2021,2026-02-09T22:29,2026-02-10T02:29,State Intelligence Department,ORG000015,SYN-WLD,UNTRACED,135782330,3,A
INC000792,442/2023,CASE000096,FORGERY,465/468,336(3),4,1,PS000051,Bongaon Police Station,LOC000051,Bongaon,North 24 Parganas,West Bengal,23.07416,88.81118,2023-08-18T21:15,2023-08-21T15:15,Economic Offences Wing,ORG000004,SYN-HAW,CHARGESHEETED,0,3,C
INC000793,749/2025,CASE000051,VEHICLE_THEFT,379/411,303(2),3,1,PS000063,Barwala Police Station,LOC000063,Barwala,Hisar,Haryana,29.36333,75.90971,2025-10-27T19:37,2025-10-30T00:37,Border Security Force - Intel,ORG000008,SYN-VEH,UNDER_INVESTIGATION,0,1,B
INC000794,046/2026,CASE000130,NDPS_TRAFFICKING,NDPS 21(c)/29,-,9,0,PS000005,Andheri Police Station,LOC000005,Andheri,Mumbai,Maharashtra,19.11407,72.84691,2026-03-24T08:23,2026-03-26T02:23,Narcotics Control Bureau,ORG000010,SYN-GAN,CHARGESHEETED,114236092,1,C
INC000795,675/2025,CASE000036,FORGERY,465/468,336(3),4,1,PS000109,Nayapalli Police Station,LOC000109,Nayapalli,Bhubaneswar,Odisha,20.28446,85.8132,2025-10-14T09:46,2025-10-15T19:46,Central Bureau of Investigation,ORG000011,SYN-PON,UNDER_INVESTIGATION,0,1,C
INC000796,759/2026,CASE000123,RIOTING,147/148,191(2),4,1,PS000023,Aminabad Police Station,LOC000023,Aminabad,Lucknow,Uttar Pradesh,26.84458,80.91064,2026-06-07T10:29,2026-06-08T06:29,Central Bureau of Investigation,,UNAFFILIATED,UNTRACED,0,5,D
INC000797,751/2021,CASE000101,NDPS_TRAFFICKING,NDPS 21(c)/29,-,9,0,PS000096,Ukkadam Police Station,LOC000096,Ukkadam,Coimbatore,Tamil Nadu,10.99091,76.96669,2021-10-08T20:43,2021-10-11T02:43,Border Security Force - Intel,ORG000010,SYN-GAN,UNDER_INVESTIGATION,629982655,4,D
INC000798,364/2023,CASE000076,KIDNAP_FOR_RANSOM,364A,140(2),9,0,PS000119,Vasco Police Station,LOC000119,Vasco,South Goa,Goa,15.40014,73.81334,2023-07-06T07:35,2023-07-06T11:35,State Intelligence Department,,UNAFFILIATED,CHARGESHEETED,42908468,7,C
INC000799,069/2022,CASE000109,SMUGGLING_CUSTOMS,Customs Act 135,-,5,1,PS000051,Bongaon Police Station,LOC000051,Bongaon,North 24 Parganas,West Bengal,23.07416,88.81118,2022-06-01T10:16,2022-06-03T05:16,Special Task Force (STF),ORG000009,SYN-FIC,UNDER_INVESTIGATION,679645,7,C
INC000800,016/2022,CASE000029,FORGERY,465/468,336(3),4,1,PS000069,Ramgarh Police Station,LOC000069,Ramgarh,Alwar,Rajasthan,27.52158,76.62084,2022-05-15T01:10,2022-05-15T20:10,Economic Offences Wing,ORG000008,SYN-VEH,CHARGESHEETED,0,2,B
INC000801,448/2022,CASE000143,FORGERY,465/468,336(3),4,1,PS000113,Paltan Bazaar Police Station,LOC000113,Paltan Bazaar,Guwahati,Assam,26.17357,91.75925,2022-03-19T13:11,2022-03-20T22:11,State Intelligence Department,ORG000011,SYN-PON,UNTRACED,0,3,B
INC000802,344/2021,CASE000117,WILDLIFE_TRAFFICKING,WLPA 51,-,6,0,PS000113,Paltan Bazaar Police Station,LOC000113,Paltan Bazaar,Guwahati,Assam,26.17357,91.75925,2021-12-04T15:07,2021-12-06T16:07,Economic Offences Wing,ORG000015,SYN-WLD,CHARGESHEETED,343638151,1,D
INC000803,672/2024,CASE000155,CRIMINAL_CONSPIRACY,120B,61(2),5,0,PS000070,Chohtan Police Station,LOC000070,Chohtan,Barmer,Rajasthan,25.48114,71.04168,2024-02-12T22:02,2024-02-14T17:02,Anti-Narcotics Cell,ORG000002,SYN-HER,CHARGESHEETED,0,3,C
INC000804,405/2025,CASE000145,SMUGGLING_CUSTOMS,Customs Act 135,-,5,1,PS000082,Gorakhpur Police Station,LOC000082,Gorakhpur,Jabalpur,Madhya Pradesh,23.16759,79.94739,2025-04-14T08:44,2025-04-16T18:44,State Intelligence Department,,UNAFFILIATED,CHARGESHEETED,595479561,4,C
INC000805,179/2025,CASE000152,WILDLIFE_TRAFFICKING,WLPA 51,-,6,0,PS000018,Karol Bagh Police Station,LOC000018,Karol Bagh,New Delhi,Delhi,28.64425,77.18711,2025-10-02T16:20,2025-10-02T21:20,Economic Offences Wing,ORG000015,SYN-WLD,CHARGESHEETED,746520367,3,B
INC000806,508/2020,CASE000068,ATTEMPT_TO_MURDER,307,109,8,0,PS000082,Gorakhpur Police Station,LOC000082,Gorakhpur,Jabalpur,Madhya Pradesh,23.16759,79.94739,2020-11-25T12:46,2020-11-26T13:46,Special Task Force (STF),ORG000005,SYN-MIN,CHARGESHEETED,0,4,D
INC000807,122/2025,CASE000014,LAND_GRABBING,441/447,329,4,1,PS000111,Chitrakonda Police Station,LOC000111,Chitrakonda,Malkangiri,Odisha,18.09702,82.10019,2025-12-26T10:44,2025-12-27T03:44,Border Security Force - Intel,,UNAFFILIATED,UNDER_INVESTIGATION,0,4,C
INC000808,523/2023,CASE000111,EXTORTION,384/387,308,6,0,PS000042,Karmatanr Police Station,LOC000042,Karmatanr,Jamtara,Jharkhand,23.95479,86.79482,2023-09-14T06:27,2023-09-16T17:27,Railway Protection Force,ORG000013,SYN-KDN,UNDER_INVESTIGATION,32111249,5,B
INC000809,689/2026,CASE000095,VEHICLE_THEFT,379/411,303(2),3,1,PS000036,Kasim Bazaar Police Station,LOC000036,Kasim Bazaar,Munger,Bihar,25.3687,86.46907,2026-02-19T10:44,2026-02-21T20:44,Railway Protection Force,ORG000008,SYN-VEH,UNDER_INVESTIGATION,0,1,B
INC000810,518/2024,CASE000064,MONEY_LAUNDERING,PMLA 3/4,-,7,0,PS000010,Kondhwa Police Station,LOC000010,Kondhwa,Pune,Maharashtra,18.45704,73.8876,2024-04-24T22:26,2024-04-26T04:26,Directorate of Revenue Intelligence,ORG000012,SYN-BET,UNTRACED,2666428448,2,C
INC000811,085/2026,CASE000034,EXTORTION,384/387,308,6,0,PS000006,Malad Police Station,LOC000006,Malad,Mumbai,Maharashtra,19.18722,72.85232,2026-03-31T23:18,2026-04-02T15:18,Enforcement Directorate,ORG000001,SYN-EXT,UNDER_INVESTIGATION,47363554,1,D
INC000812,586/2023,CASE000088,CYBER_FRAUD,IT Act 66C/66D,319(2),5,1,PS000118,Anjuna Police Station,LOC000118,Anjuna,North Goa,Goa,15.57327,73.73249,2023-08-22T20:53,2023-08-23T02:53,State Intelligence Department,,UNAFFILIATED,CHARGESHEETED,5918632,5,D
INC000813,082/2026,CASE000061,MURDER,302,103(1),10,0,PS000057,Mamdot Police Station,LOC000057,Mamdot,Ferozepur,Punjab,30.92456,74.61601,2026-04-11T14:24,2026-04-13T13:24,Central Bureau of Investigation,ORG000014,SYN-SHK,UNDER_INVESTIGATION,0,1,D
INC000814,661/2025,CASE000133,WILDLIFE_TRAFFICKING,WLPA 51,-,6,0,PS000016,Seelampur Police Station,LOC000016,Seelampur,New Delhi,Delhi,28.67711,77.27533,2025-10-24T00:29,2025-10-25T17:29,Special Task Force (STF),ORG000015,SYN-WLD,UNDER_INVESTIGATION,261461525,2,B
INC000815,771/2022,CASE000020,FORGERY,465/468,336(3),4,1,PS000115,Sutarkandi Police Station,LOC000115,Sutarkandi,Karimganj,Assam,24.87968,92.34231,2022-02-19T15:10,2022-02-22T07:10,Income Tax Investigation Wing,ORG000006,SYN-TRF,CONVICTED,0,3,B
INC000816,296/2025,CASE000026,CHEATING_FRAUD,420,318(4),5,1,PS000015,Chandni Chowk Police Station,LOC000015,Chandni Chowk,New Delhi,Delhi,28.65923,77.23546,2025-09-24T22:47,2025-09-25T23:47,State Intelligence Department,ORG000003,SYN-CYB,UNDER_INVESTIGATION,12438581,1,C
INC000817,823/2022,CASE000154,CYBER_FRAUD,IT Act 66C/66D,319(2),5,1,PS000042,Karmatanr Police Station,LOC000042,Karmatanr,Jamtara,Jharkhand,23.95479,86.79482,2022-08-31T00:22,2022-09-02T19:22,Narcotics Control Bureau,ORG000003,SYN-CYB,CHARGESHEETED,71999506,3,A
INC000818,301/2024,CASE000066,MURDER,302,103(1),10,0,PS000001,Dongri Police Station,LOC000001,Dongri,Mumbai,Maharashtra,18.96279,72.8275,2024-01-31T02:59,2024-01-31T07:59,Narcotics Control Bureau,ORG000001,SYN-EXT,UNDER_INVESTIGATION,0,1,C
INC000819,377/2025,CASE000106,ARMS_ACT,Arms Act 25/27,-,6,0,PS000122,Birgaon Police Station,LOC000122,Birgaon,Raipur,Chhattisgarh,21.27602,81.63096,2025-04-12T04:42,2025-04-14T22:42,Border Security Force - Intel,ORG000010,SYN-GAN,CHARGESHEETED,0,1,B
INC000820,516/2024,CASE000149,MONEY_LAUNDERING,PMLA 3/4,-,7,0,PS000032,Baradari Police Station,LOC000032,Baradari,Bareilly,Uttar Pradesh,28.3677,79.43192,2024-04-29T05:04,2024-04-30T12:04,Special Task Force (STF),,UNAFFILIATED,UNDER_INVESTIGATION,1374763456,2,C
INC000821,597/2025,CASE000134,CHEATING_FRAUD,420,318(4),5,1,PS000037,Mithanpura Police Station,LOC000037,Mithanpura,Muzaffarpur,Bihar,26.12944,85.39524,2025-11-29T03:12,2025-11-30T05:12,Economic Offences Wing,ORG000008,SYN-VEH,UNDER_INVESTIGATION,1903674533,7,C
INC000822,842/2021,CASE000102,FORGERY,465/468,336(3),4,1,PS000114,Golakganj Police Station,LOC000114,Golakganj,Dhubri,Assam,26.02193,89.81691,2021-07-26T19:47,2021-07-29T15:47,State Police - Crime Branch,ORG000015,SYN-WLD,CONVICTED,0,4,C
INC000823,044/2026,CASE000138,FICN_COUNTERFEIT,489B/489C,179,8,0,PS000099,KG Halli Police Station,LOC000099,KG Halli,Bengaluru,Karnataka,13.00798,77.6042,2026-06-22T09:14,2026-06-23T03:14,Railway Protection Force,,UNAFFILIATED,CHARGESHEETED,605113725,1,D
INC000824,850/2026,CASE000095,ROBBERY,392,309(4),6,0,PS000032,Baradari Police Station,LOC000032,Baradari,Bareilly,Uttar Pradesh,28.3677,79.43192,2026-04-17T17:56,2026-04-19T19:56,Railway Protection Force,ORG000008,SYN-VEH,CONVICTED,45731386,3,B
INC000825,856/2024,CASE000092,ILLEGAL_MINING,MMDR 21(1),-,4,1,PS000065,Osian Police Station,LOC000065,Osian,Jodhpur,Rajasthan,26.71758,72.91971,2024-11-17T04:18,2024-11-19T07:18,Central Bureau of Investigation,ORG000005,SYN-MIN,UNTRACED,0,4,A
INC000826,577/2023,CASE000030,SMUGGLING_CUSTOMS,Customs Act 135,-,5,1,PS000050,Jalangi Police Station,LOC000050,Jalangi,Murshidabad,West Bengal,24.11042,88.40108,2023-06-01T05:40,2023-06-02T01:40,Central Bureau of Investigation,ORG000009,SYN-FIC,UNDER_INVESTIGATION,2136659509,5,B
INC000827,014/2023,CASE000054,ORGANISED_CRIME,MCOCA 3(1),111,10,0,PS000035,Kadamkuan Police Station,LOC000035,Kadamkuan,Patna,Bihar,25.62537,85.1468,2023-06-09T08:19,2023-06-11T03:19,Cyber Crime Cell,ORG000013,SYN-KDN,UNDER_INVESTIGATION,0,7,A
INC000828,025/2022,CASE000094,CHEATING_FRAUD,420,318(4),5,1,PS000084,Kukatpally Police Station,LOC000084,Kukatpally,Hyderabad,Telangana,17.48623,78.40974,2022-10-09T05:15,2022-10-12T01:15,Directorate of Revenue Intelligence,ORG000012,SYN-BET,CHARGESHEETED,46382323,1,D
INC000829,793/2025,CASE000056,ARMS_ACT,Arms Act 25/27,-,6,0,PS000061,Sohna Police Station,LOC000061,Sohna,Gurugram,Haryana,28.25004,77.06581,2025-03-25T13:33,2025-03-25T15:33,Directorate of Revenue Intelligence,ORG000002,SYN-HER,UNTRACED,0,3,D
INC000830,804/2026,CASE000021,NDPS_TRAFFICKING,NDPS 21(c)/29,-,9,0,PS000112,Berhampur Police Station,LOC000112,Berhampur,Ganjam,Odisha,19.31878,84.78231,2026-03-11T06:26,2026-03-12T15:26,Border Security Force - Intel,ORG000010,SYN-GAN,CONVICTED,101940453,1,A
INC000831,877/2023,CASE000121,CHEATING_FRAUD,420,318(4),5,1,PS000108,Thalassery Police Station,LOC000108,Thalassery,Kannur,Kerala,11.74699,75.49641,2023-10-14T12:06,2023-10-16T05:06,Income Tax Investigation Wing,ORG000004,SYN-HAW,UNDER_INVESTIGATION,1572319,4,B
INC000832,710/2026,CASE000034,MURDER,302,103(1),10,0,PS000017,Jamia Nagar Police Station,LOC000017,Jamia Nagar,New Delhi,Delhi,28.55756,77.28271,2026-04-29T09:42,2026-04-29T17:42,Enforcement Directorate,ORG000001,SYN-EXT,ACQUITTED,0,4,B
INC000833,044/2023,CASE000013,EXTORTION,384/387,308,6,0,PS000100,Yeshwanthpur Police Station,LOC000100,Yeshwanthpur,Bengaluru,Karnataka,13.02634,77.54707,2023-12-11T22:40,2023-12-12T08:40,Anti-Terrorism Squad (ATS),ORG000012,SYN-BET,CHARGESHEETED,29736153,3,B
INC000834,672/2022,CASE000080,FORGERY,465/468,336(3),4,1,PS000046,Bengabad Police Station,LOC000046,Bengabad,Giridih,Jharkhand,24.1853,86.30745,2022-05-30T07:15,2022-05-30T10:15,State Police - Crime Branch,ORG000011,SYN-PON,CHARGESHEETED,0,2,A
INC000835,174/2025,CASE000057,FICN_COUNTERFEIT,489B/489C,179,8,0,PS000038,Chandauti Police Station,LOC000038,Chandauti,Gaya,Bihar,24.78741,84.99597,2025-04-05T19:02,2025-04-08T18:02,Special Task Force (STF),,UNAFFILIATED,CHARGESHEETED,475349507,1,D
INC000836,681/2023,CASE000043,EXTORTION,384/387,308,6,0,PS000038,Chandauti Police Station,LOC000038,Chandauti,Gaya,Bihar,24.78741,84.99597,2023-06-05T08:56,2023-06-07T22:56,Enforcement Directorate,ORG000005,SYN-MIN,CHARGESHEETED,8449237,4,B
INC000837,536/2025,CASE000056,ARMS_ACT,Arms Act 25/27,-,6,0,PS000022,Paharganj Police Station,LOC000022,Paharganj,New Delhi,Delhi,28.64769,77.22086,2025-12-01T01:12,2025-12-01T14:12,Directorate of Revenue Intelligence,ORG000002,SYN-HER,ACQUITTED,0,1,C
INC000838,301/2024,CASE000052,ORGANISED_CRIME,MCOCA 3(1),111,10,0,PS000033,Sarai Mir Police Station,LOC000033,Sarai Mir,Azamgarh,Uttar Pradesh,26.01058,82.80942,2024-04-12T16:36,2024-04-15T16:36,State Police - Crime Branch,ORG000013,SYN-KDN,CHARGESHEETED,0,2,D
INC000839,400/2020,CASE000063,ARMS_ACT,Arms Act 25/27,-,6,0,PS000003,Kurla Police Station,LOC000003,Kurla,Mumbai,Maharashtra,19.07353,72.88684,2020-07-16T04:48,2020-07-18T23:48,Income Tax Investigation Wing,ORG000007,SYN-ARM,UNDER_INVESTIGATION,0,2,D
INC000840,009/2026,CASE000034,CRIMINAL_CONSPIRACY,120B,61(2),5,0,PS000101,Ullal Police Station,LOC000101,Ullal,Mangaluru,Karnataka,12.80948,74.86499,2026-04-20T23:19,2026-04-21T12:19,Enforcement Directorate,ORG000001,SYN-EXT,UNTRACED,0,1,D
INC000841,684/2024,CASE000099,CRIMINAL_CONSPIRACY,120B,61(2),5,0,PS000029,Rajghat Police Station,LOC000029,Rajghat,Gorakhpur,Uttar Pradesh,26.76019,83.36182,2024-10-24T06:25,2024-10-25T06:25,Cyber Crime Cell,ORG000009,SYN-FIC,UNTRACED,0,4,A
INC000842,041/2024,CASE000093,ILLEGAL_MINING,MMDR 21(1),-,4,1,PS000041,Khajanchi Hat Police Station,LOC000041,Khajanchi Hat,Purnia,Bihar,25.78858,87.47757,2024-12-12T15:02,2024-12-12T22:02,Railway Protection Force,ORG000005,SYN-MIN,UNDER_INVESTIGATION,0,3,A
INC000843,326/2023,CASE000121,MONEY_LAUNDERING,PMLA 3/4,-,7,0,PS000105,Tirur Police Station,LOC000105,Tirur,Malappuram,Kerala,10.91534,75.92575,2023-11-20T11:35,2023-11-21T10:35,Income Tax Investigation Wing,ORG000004,SYN-HAW,ACQUITTED,590176015,1,B
INC000844,540/2026,CASE000112,SMUGGLING_CUSTOMS,Customs Act 135,-,5,1,PS000052,Matigara Police Station,LOC000052,Matigara,Siliguri,West Bengal,26.72719,88.37142,2026-01-31T12:27,2026-02-03T12:27,Narcotics Control Bureau,ORG000004,SYN-HAW,CHARGESHEETED,2960247593,2,C
INC000845,543/2021,CASE000062,SMUGGLING_CUSTOMS,Customs Act 135,-,5,1,PS000074,Kutiyana Police Station,LOC000074,Kutiyana,Porbandar,Gujarat,21.62158,69.97079,2021-03-24T22:02,2021-03-26T05:02,Cyber Crime Cell,ORG000004,SYN-HAW,CHARGESHEETED,419081484,4,A
INC000846,185/2024,CASE000135,FICN_COUNTERFEIT,489B/489C,179,8,0,PS000029,Rajghat Police Station,LOC000029,Rajghat,Gorakhpur,Uttar Pradesh,26.76019,83.36182,2024-06-05T03:03,2024-06-07T03:03,Narcotics Control Bureau,ORG000009,SYN-FIC,CONVICTED,599961346,3,C
INC000847,846/2026,CASE000146,MONEY_LAUNDERING,PMLA 3/4,-,7,0,PS000111,Chitrakonda Police Station,LOC000111,Chitrakonda,Malkangiri,Odisha,18.09702,82.10019,2026-02-25T02:38,2026-02-26T09:38,Railway Protection Force,ORG000011,SYN-PON,CONVICTED,28101720,1,C
INC000848,246/2024,CASE000150,DACOITY,395,310(2),8,0,PS000125,Jwalapur Police Station,LOC000125,Jwalapur,Haridwar,Uttarakhand,29.92022,78.12587,2024-10-06T15:39,2024-10-06T22:39,State Intelligence Department,,UNAFFILIATED,UNDER_INVESTIGATION,37203692,1,A
INC000849,833/2026,CASE000134,FORGERY,465/468,336(3),4,1,PS000015,Chandni Chowk Police Station,LOC000015,Chandni Chowk,New Delhi,Delhi,28.65923,77.23546,2026-05-27T05:52,2026-05-29T22:52,Economic Offences Wing,ORG000008,SYN-VEH,UNDER_INVESTIGATION,0,2,B
INC000850,518/2023,CASE000124,FORGERY,465/468,336(3),4,1,PS000072,Varachha Police Station,LOC000072,Varachha,Surat,Gujarat,21.19637,72.86136,2023-06-06T08:34,2023-06-09T02:34,Directorate of Revenue Intelligence,ORG000004,SYN-HAW,UNDER_INVESTIGATION,0,2,C
INC000851,898/2023,CASE000005,KIDNAP_FOR_RANSOM,364A,140(2),9,0,PS000049,Kaliachak Police Station,LOC000049,Kaliachak,Malda,West Bengal,24.97035,88.00242,2023-06-22T02:54,2023-06-22T15:54,Special Task Force (STF),ORG000013,SYN-KDN,UNTRACED,49627312,7,A
INC000852,831/2026,CASE000072,EXTORTION,384/387,308,6,0,PS000069,Ramgarh Police Station,LOC000069,Ramgarh,Alwar,Rajasthan,27.52158,76.62084,2026-06-09T14:29,2026-06-09T21:29,Economic Offences Wing,ORG000014,SYN-SHK,ACQUITTED,417105,5,B
INC000853,405/2019,CASE000140,MURDER,302,103(1),10,0,PS000024,Chakeri Police Station,LOC000024,Chakeri,Kanpur,Uttar Pradesh,26.41802,80.40132,2019-12-02T15:23,2019-12-04T13:23,Narcotics Control Bureau,ORG000013,SYN-KDN,UNDER_INVESTIGATION,0,2,A
INC000854,356/2022,CASE000080,CHIT_FUND_PONZI,BUDS Act 21,318(4),6,1,PS000109,Nayapalli Police Station,LOC000109,Nayapalli,Bhubaneswar,Odisha,20.28446,85.8132,2022-03-02T05:26,2022-03-02T17:26,State Police - Crime Branch,ORG000011,SYN-PON,UNDER_INVESTIGATION,702620,3,C
INC000855,436/2021,CASE000069,ARMS_ACT,Arms Act 25/27,-,6,0,PS000122,Birgaon Police Station,LOC000122,Birgaon,Raipur,Chhattisgarh,21.27602,81.63096,2021-07-14T01:44,2021-07-16T21:44,Cyber Crime Cell,,UNAFFILIATED,CHARGESHEETED,0,5,D
INC000856,297/2026,CASE000089,MURDER,302,103(1),10,0,PS000069,Ramgarh Police Station,LOC000069,Ramgarh,Alwar,Rajasthan,27.52158,76.62084,2026-01-10T06:59,2026-01-10T07:59,Income Tax Investigation Wing,ORG000005,SYN-MIN,UNDER_INVESTIGATION,0,1,A
INC000857,606/2026,CASE000055,ARMS_ACT,Arms Act 25/27,-,6,0,PS000044,Jharia Police Station,LOC000044,Jharia,Dhanbad,Jharkhand,23.74956,86.41065,2026-05-16T16:05,2026-05-16T19:05,Economic Offences Wing,ORG000007,SYN-ARM,UNTRACED,0,1,D
INC000858,577/2024,CASE000038,LAND_GRABBING,441/447,329,4,1,PS000006,Malad Police Station,LOC000006,Malad,Mumbai,Maharashtra,19.18722,72.85232,2024-03-05T07:13,2024-03-07T18:13,Directorate of Revenue Intelligence,ORG000001,SYN-EXT,UNDER_INVESTIGATION,0,3,C
INC000859,531/2024,CASE000099,SMUGGLING_CUSTOMS,Customs Act 135,-,5,1,PS000036,Kasim Bazaar Police Station,LOC000036,Kasim Bazaar,Munger,Bihar,25.3687,86.46907,2024-06-19T07:13,2024-06-21T07:13,Cyber Crime Cell,ORG000009,SYN-FIC,UNDER_INVESTIGATION,1491246,3,C
INC000860,075/2022,CASE000074,NDPS_POSSESSION,NDPS 22(b),-,5,0,PS000049,Kaliachak Police Station,LOC000049,Kaliachak,Malda,West Bengal,24.97035,88.00242,2022-12-04T05:53,2022-12-07T04:53,Railway Protection Force,,UNAFFILIATED,CHARGESHEETED,0,4,A
INC000861,422/2024,CASE000076,KIDNAP_FOR_RANSOM,364A,140(2),9,0,PS000120,Maisuma Police Station,LOC000120,Maisuma,Srinagar,Jammu and Kashmir,34.06805,74.79591,2024-07-13T16:14,2024-07-14T18:14,State Intelligence Department,,UNAFFILIATED,CONVICTED,44014296,1,B
INC000862,674/2025,CASE000122,MONEY_LAUNDERING,PMLA 3/4,-,7,0,PS000068,Kaman Police Station,LOC000068,Kaman,Bharatpur,Rajasthan,27.6531,77.26593,2025-10-26T06:14,2025-10-26T21:14,Narcotics Control Bureau,ORG000012,SYN-BET,CHARGESHEETED,17073516,4,A
INC000863,333/2025,CASE000131,CRIMINAL_CONSPIRACY,120B,61(2),5,0,PS000049,Kaliachak Police Station,LOC000049,Kaliachak,Malda,West Bengal,24.97035,88.00242,2025-07-02T07:00,2025-07-02T09:00,State Intelligence Department,ORG000015,SYN-WLD,UNTRACED,0,2,B
INC000864,872/2024,CASE000048,CHIT_FUND_PONZI,BUDS Act 21,318(4),6,1,PS000101,Ullal Police Station,LOC000101,Ullal,Mangaluru,Karnataka,12.80948,74.86499,2024-01-29T17:37,2024-01-30T15:37,Central Bureau of Investigation,,UNAFFILIATED,UNDER_INVESTIGATION,2745961,4,D
INC000865,758/2026,CASE000134,FORGERY,465/468,336(3),4,1,PS000055,Khalra Police Station,LOC000055,Khalra,Tarn Taran,Punjab,31.44862,74.56847,2026-05-14T06:40,2026-05-14T10:40,Economic Offences Wing,ORG000008,SYN-VEH,UNDER_INVESTIGATION,0,1,C
INC000866,744/2026,CASE000033,NDPS_POSSESSION,NDPS 22(b),-,5,0,PS000121,Uri Police Station,LOC000121,Uri,Baramulla,Jammu and Kashmir,34.0833,74.04758,2026-05-09T04:29,2026-05-10T16:29,State Police - Crime Branch,ORG000002,SYN-HER,UNDER_INVESTIGATION,0,3,B
INC000867,221/2026,CASE000071,CRIMINAL_CONSPIRACY,120B,61(2),5,0,PS000022,Paharganj Police Station,LOC000022,Paharganj,New Delhi,Delhi,28.64769,77.22086,2026-01-24T17:43,2026-01-26T02:43,State Police - Crime Branch,ORG000006,SYN-TRF,CHARGESHEETED,0,5,A
INC000868,555/2025,CASE000153,DACOITY,395,310(2),8,0,PS000109,Nayapalli Police Station,LOC000109,Nayapalli,Bhubaneswar,Odisha,20.28446,85.8132,2025-02-22T22:34,2025-02-23T15:34,Railway Protection Force,,UNAFFILIATED,CHARGESHEETED,21112416,4,A
INC000869,869/2025,CASE000048,CHIT_FUND_PONZI,BUDS Act 21,318(4),6,1,PS000036,Kasim Bazaar Police Station,LOC000036,Kasim Bazaar,Munger,Bihar,25.3687,86.46907,2025-05-22T18:21,2025-05-25T03:21,Central Bureau of Investigation,,UNAFFILIATED,CHARGESHEETED,22752058,4,B
INC000870,608/2026,CASE000044,EXTORTION,384/387,308,6,0,PS000056,Jamalpur Police Station,LOC000056,Jamalpur,Ludhiana,Punjab,30.91108,75.85307,2026-06-16T01:04,2026-06-16T04:04,Anti-Terrorism Squad (ATS),ORG000014,SYN-SHK,UNDER_INVESTIGATION,2671899,4,B
INC000871,517/2021,CASE000153,DACOITY,395,310(2),8,0,PS000069,Ramgarh Police Station,LOC000069,Ramgarh,Alwar,Rajasthan,27.52158,76.62084,2021-07-31T13:33,2021-08-03T01:33,Railway Protection Force,,UNAFFILIATED,UNDER_INVESTIGATION,48174589,4,D
INC000872,829/2025,CASE000120,SMUGGLING_CUSTOMS,Customs Act 135,-,5,1,PS000087,Bodhan Police Station,LOC000087,Bodhan,Nizamabad,Telangana,18.66779,77.89485,2025-08-11T11:07,2025-08-11T18:07,Border Security Force - Intel,ORG000004,SYN-HAW,UNDER_INVESTIGATION,203565,2,A
INC000873,707/2025,CASE000117,FORGERY,465/468,336(3),4,1,PS000047,Metiabruz Police Station,LOC000047,Metiabruz,Kolkata,West Bengal,22.53329,88.31358,2025-05-13T15:56,2025-05-14T20:56,Economic Offences Wing,ORG000015,SYN-WLD,CHARGESHEETED,0,5,B
INC000874,805/2022,CASE000123,RIOTING,147/148,191(2),4,1,PS000090,Mangalagiri Police Station,LOC000090,Mangalagiri,Guntur,Andhra Pradesh,16.43011,80.55502,2022-10-28T11:07,2022-10-31T10:07,Central Bureau of Investigation,,UNAFFILIATED,CHARGESHEETED,0,5,B
INC000875,235/2026,CASE000126,NDPS_TRAFFICKING,NDPS 21(c)/29,-,9,0,PS000062,Gohana Police Station,LOC000062,Gohana,Sonipat,Haryana,29.14638,76.70853,2026-06-12T03:07,2026-06-14T21:07,Narcotics Control Bureau,ORG000002,SYN-HER,CHARGESHEETED,586920411,5,B
INC000876,478/2025,CASE000148,MONEY_LAUNDERING,PMLA 3/4,-,7,0,PS000110,Jagatpur Police Station,LOC000110,Jagatpur,Cuttack,Odisha,20.51657,85.86729,2025-11-26T06:16,2025-11-28T23:16,State Police - Crime Branch,ORG000011,SYN-PON,CHARGESHEETED,3560133,5,A
INC000877,001/2020,CASE000133,FORGERY,465/468,336(3),4,1,PS000020,Nangloi Police Station,LOC000020,Nangloi,New Delhi,Delhi,28.68418,77.06042,2020-01-30T06:53,2020-02-01T13:53,Special Task Force (STF),ORG000015,SYN-WLD,UNDER_INVESTIGATION,0,2,A
INC000878,755/2022,CASE000052,EXTORTION,384/387,308,6,0,PS000036,Kasim Bazaar Police Station,LOC000036,Kasim Bazaar,Munger,Bihar,25.3687,86.46907,2022-01-23T13:23,2022-01-25T00:23,State Police - Crime Branch,ORG000013,SYN-KDN,ACQUITTED,19261301,2,C
INC000879,868/2026,CASE000002,WILDLIFE_TRAFFICKING,WLPA 51,-,6,0,PS000092,Chintapalli Police Station,LOC000092,Chintapalli,Alluri Sitharama Raju,Andhra Pradesh,17.86088,82.34667,2026-06-09T01:59,2026-06-09T09:59,Income Tax Investigation Wing,ORG000015,SYN-WLD,CONVICTED,795291513,1,D
INC000880,338/2024,CASE000024,CRIMINAL_CONSPIRACY,120B,61(2),5,0,PS000007,Mumbra Police Station,LOC000007,Mumbra,Thane,Maharashtra,19.18341,73.02479,2024-12-01T11:11,2024-12-02T16:11,Railway Protection Force,ORG000001,SYN-EXT,UNDER_INVESTIGATION,0,2,C
INC000881,160/2022,CASE000056,CRIMINAL_CONSPIRACY,120B,61(2),5,0,PS000020,Nangloi Police Station,LOC000020,Nangloi,New Delhi,Delhi,28.68418,77.06042,2022-12-31T03:02,2023-01-01T23:02,Directorate of Revenue Intelligence,ORG000002,SYN-HER,UNDER_INVESTIGATION,0,4,D
INC000882,328/2026,CASE000152,SMUGGLING_CUSTOMS,Customs Act 135,-,5,1,PS000089,Gunadala Police Station,LOC000089,Gunadala,Vijayawada,Andhra Pradesh,16.51407,80.65268,2026-05-02T16:13,2026-05-04T05:13,Economic Offences Wing,ORG000015,SYN-WLD,CHARGESHEETED,1111555,3,B
INC000883,119/2018,CASE000148,CHEATING_FRAUD,420,318(4),5,1,PS000040,Barauni Police Station,LOC000040,Barauni,Begusarai,Bihar,25.42198,86.12977,2018-03-18T11:17,2018-03-19T08:17,State Police - Crime Branch,ORG000011,SYN-PON,UNDER_INVESTIGATION,19627739,1,C
INC000884,289/2022,CASE000043,ATTEMPT_TO_MURDER,307,109,8,0,PS000028,Chetganj Police Station,LOC000028,Chetganj,Varanasi,Uttar Pradesh,25.31724,82.98995,2022-03-15T14:46,2022-03-17T09:46,Enforcement Directorate,ORG000005,SYN-MIN,UNTRACED,0,5,A
INC000885,590/2026,CASE000053,NDPS_POSSESSION,NDPS 22(b),-,5,0,PS000015,Chandni Chowk Police Station,LOC000015,Chandni Chowk,New Delhi,Delhi,28.65923,77.23546,2026-01-02T08:51,2026-01-04T15:51,Economic Offences Wing,ORG000002,SYN-HER,CHARGESHEETED,0,4,A
INC000886,681/2025,CASE000132,VEHICLE_THEFT,379/411,303(2),3,1,PS000100,Yeshwanthpur Police Station,LOC000100,Yeshwanthpur,Bengaluru,Karnataka,13.02634,77.54707,2025-02-04T08:58,2025-02-06T03:58,Economic Offences Wing,,UNAFFILIATED,CONVICTED,0,4,C
INC000887,121/2023,CASE000006,MONEY_LAUNDERING,PMLA 3/4,-,7,0,PS000022,Paharganj Police Station,LOC000022,Paharganj,New Delhi,Delhi,28.64769,77.22086,2023-04-12T22:52,2023-04-13T09:52,Central Bureau of Investigation,ORG000003,SYN-CYB,UNDER_INVESTIGATION,5567810,1,D
INC000888,455/2026,CASE000067,CRIMINAL_CONSPIRACY,120B,61(2),5,0,PS000016,Seelampur Police Station,LOC000016,Seelampur,New Delhi,Delhi,28.67711,77.27533,2026-04-23T02:52,2026-04-23T08:52,State Intelligence Department,ORG000009,SYN-FIC,UNDER_INVESTIGATION,0,3,A
INC000889,368/2019,CASE000103,VEHICLE_THEFT,379/411,303(2),3,1,PS000017,Jamia Nagar Police Station,LOC000017,Jamia Nagar,New Delhi,Delhi,28.55756,77.28271,2019-12-30T10:32,2020-01-02T10:32,Special Task Force (STF),ORG000008,SYN-VEH,UNTRACED,0,4,A
INC000890,555/2025,CASE000144,MURDER,302,103(1),10,0,PS000032,Baradari Police Station,LOC000032,Baradari,Bareilly,Uttar Pradesh,28.3677,79.43192,2025-10-06T01:50,2025-10-07T13:50,Economic Offences Wing,ORG000007,SYN-ARM,CONVICTED,0,1,B
INC000891,413/2026,CASE000097,SMUGGLING_CUSTOMS,Customs Act 135,-,5,1,PS000123,Bhairamgarh Police Station,LOC000123,Bhairamgarh,Bijapur,Chhattisgarh,18.79608,80.7942,2026-02-28T12:41,2026-02-28T20:41,State Police - Crime Branch,,UNAFFILIATED,CONVICTED,136334,2,B
INC000892,501/2023,CASE000123,RIOTING,147/148,191(2),4,1,PS000123,Bhairamgarh Police Station,LOC000123,Bhairamgarh,Bijapur,Chhattisgarh,18.79608,80.7942,2023-01-09T12:27,2023-01-10T09:27,Central Bureau of Investigation,,UNAFFILIATED,ACQUITTED,0,1,B
INC000893,343/2023,CASE000146,CHIT_FUND_PONZI,BUDS Act 21,318(4),6,1,PS000042,Karmatanr Police Station,LOC000042,Karmatanr,Jamtara,Jharkhand,23.95479,86.79482,2023-10-03T20:03,2023-10-05T11:03,Railway Protection Force,ORG000011,SYN-PON,UNDER_INVESTIGATION,20503924,3,B
INC000894,150/2022,CASE000054,ORGANISED_CRIME,MCOCA 3(1),111,10,0,PS000039,Mahadeva Police Station,LOC000039,Mahadeva,Siwan,Bihar,26.21306,84.36525,2022-08-31T02:25,2022-08-31T17:25,Cyber Crime Cell,ORG000013,SYN-KDN,CHARGESHEETED,0,1,A
INC000895,131/2019,CASE000085,LAND_GRABBING,441/447,329,4,1,PS000018,Karol Bagh Police Station,LOC000018,Karol Bagh,New Delhi,Delhi,28.64425,77.18711,2019-09-23T19:49,2019-09-25T17:49,Cyber Crime Cell,ORG000001,SYN-EXT,CHARGESHEETED,0,4,B
INC000896,567/2025,CASE000152,WILDLIFE_TRAFFICKING,WLPA 51,-,6,0,PS000115,Sutarkandi Police Station,LOC000115,Sutarkandi,Karimganj,Assam,24.87968,92.34231,2025-09-16T05:02,2025-09-16T16:02,Economic Offences Wing,ORG000015,SYN-WLD,UNDER_INVESTIGATION,532530548,3,D
INC000897,429/2025,CASE000018,CHEATING_FRAUD,420,318(4),5,1,PS000104,Mattancherry Police Station,LOC000104,Mattancherry,Kochi,Kerala,9.96365,76.25723,2025-10-20T20:32,2025-10-23T16:32,Economic Offences Wing,,UNAFFILIATED,UNTRACED,1985126,1,C
INC000898,794/2019,CASE000005,ORGANISED_CRIME,MCOCA 3(1),111,10,0,PS000052,Matigara Police Station,LOC000052,Matigara,Siliguri,West Bengal,26.72719,88.37142,2019-03-28T16:18,2019-03-31T12:18,Special Task Force (STF),ORG000013,SYN-KDN,CHARGESHEETED,0,2,D
INC000899,103/2023,CASE000101,CRIMINAL_CONSPIRACY,120B,61(2),5,0,PS000095,Melur Police Station,LOC000095,Melur,Madurai,Tamil Nadu,10.02224,78.3489,2023-12-24T07:18,2023-12-27T07:18,Border Security Force - Intel,ORG000010,SYN-GAN,CHARGESHEETED,0,1,C
INC000900,899/2025,CASE000129,ORGANISED_CRIME,MCOCA 3(1),111,10,0,PS000100,Yeshwanthpur Police Station,LOC000100,Yeshwanthpur,Bengaluru,Karnataka,13.02634,77.54707,2025-12-26T15:04,2025-12-28T05:04,Enforcement Directorate,,UNAFFILIATED,UNDER_INVESTIGATION,0,4,B
INC000901,058/2026,CASE000138,FICN_COUNTERFEIT,489B/489C,179,8,0,PS000066,Nokha Police Station,LOC000066,Nokha,Bikaner,Rajasthan,27.56853,73.4757,2026-06-20T09:09,2026-06-23T04:09,Railway Protection Force,,UNAFFILIATED,CHARGESHEETED,405368393,2,B
INC000902,542/2025,CASE000134,FORGERY,465/468,336(3),4,1,PS000065,Osian Police Station,LOC000065,Osian,Jodhpur,Rajasthan,26.71758,72.91971,2025-09-11T08:13,2025-09-13T16:13,Economic Offences Wing,ORG000008,SYN-VEH,UNDER_INVESTIGATION,0,1,B
INC000903,704/2022,CASE000046,ATTEMPT_TO_MURDER,307,109,8,0,PS000030,Dhoomanganj Police Station,LOC000030,Dhoomanganj,Prayagraj,Uttar Pradesh,25.43722,81.80306,2022-10-21T03:46,2022-10-22T09:46,Income Tax Investigation Wing,ORG000005,SYN-MIN,CHARGESHEETED,0,4,C
INC000904,636/2022,CASE000082,CHEATING_FRAUD,420,318(4),5,1,PS000065,Osian Police Station,LOC000065,Osian,Jodhpur,Rajasthan,26.71758,72.91971,2022-08-19T01:41,2022-08-20T18:41,Directorate of Revenue Intelligence,ORG000008,SYN-VEH,UNDER_INVESTIGATION,1282987,3,B
INC000905,593/2026,CASE000138,FICN_COUNTERFEIT,489B/489C,179,8,0,PS000117,Tuibong Police Station,LOC000117,Tuibong,Churachandpur,Manipur,24.3214,93.68328,2026-06-21T07:12,2026-06-22T20:12,Railway Protection Force,,UNAFFILIATED,UNTRACED,217233688,1,A
INC000906,312/2025,CASE000054,MURDER,302,103(1),10,0,PS000036,Kasim Bazaar Police Station,LOC000036,Kasim Bazaar,Munger,Bihar,25.3687,86.46907,2025-02-17T00:49,2025-02-17T22:49,Cyber Crime Cell,ORG000013,SYN-KDN,UNTRACED,0,3,D
INC000907,764/2024,CASE000098,ARMS_ACT,Arms Act 25/27,-,6,0,PS000053,Karimpur Police Station,LOC000053,Karimpur,Nadia,West Bengal,23.96971,88.62078,2024-02-15T12:38,2024-02-16T14:38,Special Task Force (STF),ORG000007,SYN-ARM,UNDER_INVESTIGATION,0,4,C
INC000908,848/2021,CASE000020,CRIMINAL_CONSPIRACY,120B,61(2),5,0,PS000010,Kondhwa Police Station,LOC000010,Kondhwa,Pune,Maharashtra,18.45704,73.8876,2021-12-30T18:54,2021-12-30T20:54,Income Tax Investigation Wing,ORG000006,SYN-TRF,CONVICTED,0,2,A
INC000909,002/2025,CASE000028,FORGERY,465/468,336(3),4,1,PS000050,Jalangi Police Station,LOC000050,Jalangi,Murshidabad,West Bengal,24.11042,88.40108,2025-04-29T17:44,2025-04-29T18:44,Economic Offences Wing,ORG000006,SYN-TRF,CHARGESHEETED,0,4,A
INC000910,143/2024,CASE000029,ROBBERY,392,309(4),6,0,PS000026,Loni Police Station,LOC000026,Loni,Ghaziabad,Uttar Pradesh,28.74286,77.27579,2024-11-26T18:37,2024-11-27T03:37,Economic Offences Wing,ORG000008,SYN-VEH,UNDER_INVESTIGATION,37475791,2,C
INC000911,354/2024,CASE000125,SMUGGLING_CUSTOMS,Customs Act 135,-,5,1,PS000073,Mundra Police Station,LOC000073,Mundra,Kutch,Gujarat,22.83708,69.72983,2024-05-07T19:10,2024-05-10T19:10,Border Security Force - Intel,ORG000004,SYN-HAW,ACQUITTED,1404624,2,B
INC000912,493/2025,CASE000142,CRIMINAL_CONSPIRACY,120B,61(2),5,0,PS000047,Metiabruz Police Station,LOC000047,Metiabruz,Kolkata,West Bengal,22.53329,88.31358,2025-05-18T12:10,2025-05-20T06:10,State Intelligence Department,ORG000009,SYN-FIC,UNDER_INVESTIGATION,0,1,B
INC000913,149/2025,CASE000095,FORGERY,465/468,336(3),4,1,PS000041,Khajanchi Hat Police Station,LOC000041,Khajanchi Hat,Purnia,Bihar,25.78858,87.47757,2025-12-07T01:34,2025-12-08T09:34,Railway Protection Force,ORG000008,SYN-VEH,UNDER_INVESTIGATION,0,3,D
INC000914,681/2025,CASE000122,BETTING_GAMBLING,Gambling Act 3/4,-,2,1,PS000086,Hanamkonda Police Station,LOC000086,Hanamkonda,Warangal,Telangana,18.00878,79.55269,2025-03-16T12:17,2025-03-18T02:17,Narcotics Control Bureau,ORG000012,SYN-BET,CHARGESHEETED,1088764566,1,C
INC000915,720/2023,CASE000139,CHEATING_FRAUD,420,318(4),5,1,PS000035,Kadamkuan Police Station,LOC000035,Kadamkuan,Patna,Bihar,25.62537,85.1468,2023-05-06T19:59,2023-05-08T13:59,Narcotics Control Bureau,ORG000011,SYN-PON,ACQUITTED,1761005645,2,D
INC000916,400/2019,CASE000103,VEHICLE_THEFT,379/411,303(2),3,1,PS000066,Nokha Police Station,LOC000066,Nokha,Bikaner,Rajasthan,27.56853,73.4757,2019-01-23T15:06,2019-01-26T11:06,Special Task Force (STF),ORG000008,SYN-VEH,UNDER_INVESTIGATION,0,3,A
INC000917,319/2024,CASE000152,FORGERY,465/468,336(3),4,1,PS000113,Paltan Bazaar Police Station,LOC000113,Paltan Bazaar,Guwahati,Assam,26.17357,91.75925,2024-03-21T10:43,2024-03-23T03:43,Economic Offences Wing,ORG000015,SYN-WLD,CHARGESHEETED,0,1,B
INC000918,447/2021,CASE000151,ORGANISED_CRIME,MCOCA 3(1),111,10,0,PS000076,Karelibaug Police Station,LOC000076,Karelibaug,Vadodara,Gujarat,22.32869,73.19409,2021-06-03T04:45,2021-06-03T14:45,Income Tax Investigation Wing,,UNAFFILIATED,CHARGESHEETED,0,3,B
INC000919,881/2022,CASE000049,FORGERY,465/468,336(3),4,1,PS000096,Ukkadam Police Station,LOC000096,Ukkadam,Coimbatore,Tamil Nadu,10.99091,76.96669,2022-09-28T15:11,2022-09-30T09:11,Border Security Force - Intel,ORG000004,SYN-HAW,CHARGESHEETED,0,2,D
INC000920,301/2024,CASE000055,CRIMINAL_CONSPIRACY,120B,61(2),5,0,PS000025,Lisari Gate Police Station,LOC000025,Lisari Gate,Meerut,Uttar Pradesh,28.97425,77.70598,2024-02-04T02:29,2024-02-05T12:29,Economic Offences Wing,ORG000007,SYN-ARM,UNDER_INVESTIGATION,0,1,C
INC000921,774/2021,CASE000054,MURDER,302,103(1),10,0,PS000024,Chakeri Police Station,LOC000024,Chakeri,Kanpur,Uttar Pradesh,26.41802,80.40132,2021-10-21T15:54,2021-10-23T23:54,Cyber Crime Cell,ORG000013,SYN-KDN,CHARGESHEETED,0,3,A
INC000922,673/2026,CASE000074,NDPS_POSSESSION,NDPS 22(b),-,5,0,PS000116,Moreh Police Station,LOC000116,Moreh,Imphal,Manipur,24.25418,94.30003,2026-03-25T09:38,2026-03-25T19:38,Railway Protection Force,,UNAFFILIATED,CONVICTED,0,2,D
INC000923,388/2022,CASE000123,RIOTING,147/148,191(2),4,1,PS000101,Ullal Police Station,LOC000101,Ullal,Mangaluru,Karnataka,12.80948,74.86499,2022-12-20T11:23,2022-12-23T04:23,Central Bureau of Investigation,,UNAFFILIATED,ACQUITTED,0,2,D
INC000924,132/2025,CASE000116,FORGERY,465/468,336(3),4,1,PS000072,Varachha Police Station,LOC000072,Varachha,Surat,Gujarat,21.19637,72.86136,2025-03-11T07:36,2025-03-13T03:36,Special Task Force (STF),,UNAFFILIATED,CHARGESHEETED,0,1,B
INC000925,360/2023,CASE000031,EXTORTION,384/387,308,6,0,PS000074,Kutiyana Police Station,LOC000074,Kutiyana,Porbandar,Gujarat,21.62158,69.97079,2023-06-25T06:50,2023-06-27T08:50,Narcotics Control Bureau,ORG000012,SYN-BET,CHARGESHEETED,35817881,1,D
INC000926,726/2022,CASE000069,ARMS_ACT,Arms Act 25/27,-,6,0,PS000119,Vasco Police Station,LOC000119,Vasco,South Goa,Goa,15.40014,73.81334,2022-04-08T16:29,2022-04-10T00:29,Cyber Crime Cell,,UNAFFILIATED,ACQUITTED,0,5,A
INC000927,862/2026,CASE000144,ORGANISED_CRIME,MCOCA 3(1),111,10,0,PS000006,Malad Police Station,LOC000006,Malad,Mumbai,Maharashtra,19.18722,72.85232,2026-03-15T19:15,2026-03-18T15:15,Economic Offences Wing,ORG000007,SYN-ARM,UNDER_INVESTIGATION,0,2,A
INC000928,848/2025,CASE000060,ROBBERY,392,309(4),6,0,PS000068,Kaman Police Station,LOC000068,Kaman,Bharatpur,Rajasthan,27.6531,77.26593,2025-11-25T14:49,2025-11-28T11:49,Enforcement Directorate,ORG000008,SYN-VEH,UNDER_INVESTIGATION,49932263,4,D
INC000929,659/2022,CASE000025,CHEATING_FRAUD,420,318(4),5,1,PS000046,Bengabad Police Station,LOC000046,Bengabad,Giridih,Jharkhand,24.1853,86.30745,2022-12-30T23:12,2022-12-31T05:12,Income Tax Investigation Wing,ORG000003,SYN-CYB,CONVICTED,1366536615,4,C
INC000930,277/2025,CASE000114,ORGANISED_CRIME,MCOCA 3(1),111,10,0,PS000089,Gunadala Police Station,LOC000089,Gunadala,Vijayawada,Andhra Pradesh,16.51407,80.65268,2025-12-11T18:25,2025-12-13T17:25,Anti-Narcotics Cell,,UNAFFILIATED,CHARGESHEETED,0,1,B
INC000931,825/2020,CASE000151,ORGANISED_CRIME,MCOCA 3(1),111,10,0,PS000109,Nayapalli Police Station,LOC000109,Nayapalli,Bhubaneswar,Odisha,20.28446,85.8132,2020-08-17T09:00,2020-08-17T13:00,Income Tax Investigation Wing,,UNAFFILIATED,UNDER_INVESTIGATION,0,4,A
INC000932,620/2021,CASE000044,ATTEMPT_TO_MURDER,307,109,8,0,PS000030,Dhoomanganj Police Station,LOC000030,Dhoomanganj,Prayagraj,Uttar Pradesh,25.43722,81.80306,2021-06-12T02:54,2021-06-14T12:54,Anti-Terrorism Squad (ATS),ORG000014,SYN-SHK,UNDER_INVESTIGATION,0,4,A
INC000933,114/2023,CASE000035,FORGERY,465/468,336(3),4,1,PS000123,Bhairamgarh Police Station,LOC000123,Bhairamgarh,Bijapur,Chhattisgarh,18.79608,80.7942,2023-04-26T19:37,2023-04-27T23:37,Anti-Narcotics Cell,,UNAFFILIATED,CONVICTED,0,3,A
INC000934,166/2021,CASE000101,ARMS_ACT,Arms Act 25/27,-,6,0,PS000102,Afzalpur Police Station,LOC000102,Afzalpur,Kalaburagi,Karnataka,17.20729,76.36952,2021-03-29T22:18,2021-03-31T04:18,Border Security Force - Intel,ORG000010,SYN-GAN,UNDER_INVESTIGATION,0,1,A
INC000935,381/2025,CASE000093,MURDER,302,103(1),10,0,PS000065,Osian Police Station,LOC000065,Osian,Jodhpur,Rajasthan,26.71758,72.91971,2025-04-30T00:30,2025-05-01T07:30,Railway Protection Force,ORG000005,SYN-MIN,UNDER_INVESTIGATION,0,4,C
INC000936,015/2025,CASE000016,CRIMINAL_CONSPIRACY,120B,61(2),5,0,PS000039,Mahadeva Police Station,LOC000039,Mahadeva,Siwan,Bihar,26.21306,84.36525,2025-01-07T06:46,2025-01-09T11:46,Anti-Narcotics Cell,ORG000009,SYN-FIC,UNDER_INVESTIGATION,0,3,B
INC000937,617/2025,CASE000101,NDPS_TRAFFICKING,NDPS 21(c)/29,-,9,0,PS000099,KG Halli Police Station,LOC000099,KG Halli,Bengaluru,Karnataka,13.00798,77.6042,2025-02-03T23:13,2025-02-06T12:13,Border Security Force - Intel,ORG000010,SYN-GAN,UNTRACED,657392379,3,B
INC000938,423/2023,CASE000148,MONEY_LAUNDERING,PMLA 3/4,-,7,0,PS000114,Golakganj Police Station,LOC000114,Golakganj,Dhubri,Assam,26.02193,89.81691,2023-07-04T00:06,2023-07-04T06:06,State Police - Crime Branch,ORG000011,SYN-PON,ACQUITTED,900085,2,C
INC000939,660/2026,CASE000061,ARMS_ACT,Arms Act 25/27,-,6,0,PS000029,Rajghat Police Station,LOC000029,Rajghat,Gorakhpur,Uttar Pradesh,26.76019,83.36182,2026-04-25T22:29,2026-04-26T22:29,Central Bureau of Investigation,ORG000014,SYN-SHK,UNDER_INVESTIGATION,0,2,A
INC000940,876/2021,CASE000136,DACOITY,395,310(2),8,0,PS000109,Nayapalli Police Station,LOC000109,Nayapalli,Bhubaneswar,Odisha,20.28446,85.8132,2021-08-18T09:15,2021-08-19T06:15,Income Tax Investigation Wing,,UNAFFILIATED,CHARGESHEETED,23294932,2,B
INC000941,657/2023,CASE000096,FORGERY,465/468,336(3),4,1,PS000016,Seelampur Police Station,LOC000016,Seelampur,New Delhi,Delhi,28.67711,77.27533,2023-07-01T18:43,2023-07-04T16:43,Economic Offences Wing,ORG000004,SYN-HAW,UNTRACED,0,3,C
INC000942,126/2023,CASE000043,EXTORTION,384/387,308,6,0,PS000079,Sanawad Police Station,LOC000079,Sanawad,Khargone,Madhya Pradesh,22.17019,75.90242,2023-05-12T13:54,2023-05-12T14:54,Enforcement Directorate,ORG000005,SYN-MIN,UNDER_INVESTIGATION,11292420,1,B
INC000943,488/2026,CASE000112,CHEATING_FRAUD,420,318(4),5,1,PS000072,Varachha Police Station,LOC000072,Varachha,Surat,Gujarat,21.19637,72.86136,2026-05-24T00:00,2026-05-24T13:00,Narcotics Control Bureau,ORG000004,SYN-HAW,CHARGESHEETED,29722762,3,A
INC000944,013/2026,CASE000141,MURDER,302,103(1),10,0,PS000026,Loni Police Station,LOC000026,Loni,Ghaziabad,Uttar Pradesh,28.74286,77.27579,2026-06-16T14:37,2026-06-19T14:37,Income Tax Investigation Wing,ORG000013,SYN-KDN,CHARGESHEETED,0,7,A
INC000945,328/2020,CASE000097,SMUGGLING_CUSTOMS,Customs Act 135,-,5,1,PS000121,Uri Police Station,LOC000121,Uri,Baramulla,Jammu and Kashmir,34.0833,74.04758,2020-07-06T03:23,2020-07-08T03:23,State Police - Crime Branch,,UNAFFILIATED,UNDER_INVESTIGATION,7833891,2,C
INC000946,066/2025,CASE000008,NDPS_TRAFFICKING,NDPS 21(c)/29,-,9,0,PS000123,Bhairamgarh Police Station,LOC000123,Bhairamgarh,Bijapur,Chhattisgarh,18.79608,80.7942,2025-05-29T02:30,2025-05-29T06:30,Directorate of Revenue Intelligence,ORG000010,SYN-GAN,CHARGESHEETED,301739655,2,B
INC000947,251/2025,CASE000040,CHEATING_FRAUD,420,318(4),5,1,PS000052,Matigara Police Station,LOC000052,Matigara,Siliguri,West Bengal,26.72719,88.37142,2025-06-25T17:30,2025-06-27T19:30,Income Tax Investigation Wing,ORG000003,SYN-CYB,UNDER_INVESTIGATION,1163520,2,A
INC000948,703/2024,CASE000032,ARMS_ACT,Arms Act 25/27,-,6,0,PS000088,Gajuwaka Police Station,LOC000088,Gajuwaka,Visakhapatnam,Andhra Pradesh,17.67545,83.2021,2024-03-09T16:51,2024-03-10T04:51,Anti-Terrorism Squad (ATS),ORG000010,SYN-GAN,UNTRACED,0,3,A
INC000949,228/2021,CASE000064,MONEY_LAUNDERING,PMLA 3/4,-,7,0,PS000070,Chohtan Police Station,LOC000070,Chohtan,Barmer,Rajasthan,25.48114,71.04168,2021-03-16T23:58,2021-03-17T17:58,Directorate of Revenue Intelligence,ORG000012,SYN-BET,UNDER_INVESTIGATION,43349541,4,D
INC000950,323/2023,CASE000015,CHEATING_FRAUD,420,318(4),5,1,PS000074,Kutiyana Police Station,LOC000074,Kutiyana,Porbandar,Gujarat,21.62158,69.97079,2023-06-15T02:55,2023-06-16T22:55,Income Tax Investigation Wing,ORG000004,SYN-HAW,UNDER_INVESTIGATION,218335374,7,C
INC000951,213/2024,CASE000022,ATTEMPT_TO_MURDER,307,109,8,0,PS000080,Morar Police Station,LOC000080,Morar,Gwalior,Madhya Pradesh,26.22147,78.20426,2024-05-12T13:20,2024-05-14T23:20,Anti-Terrorism Squad (ATS),ORG000005,SYN-MIN,CHARGESHEETED,0,1,D
INC000952,739/2024,CASE000125,SMUGGLING_CUSTOMS,Customs Act 135,-,5,1,PS000073,Mundra Police Station,LOC000073,Mundra,Kutch,Gujarat,22.83708,69.72983,2024-05-04T23:18,2024-05-06T10:18,Border Security Force - Intel,ORG000004,SYN-HAW,UNDER_INVESTIGATION,42085988,1,C
INC000953,165/2025,CASE000134,VEHICLE_THEFT,379/411,303(2),3,1,PS000036,Kasim Bazaar Police Station,LOC000036,Kasim Bazaar,Munger,Bihar,25.3687,86.46907,2025-06-11T12:45,2025-06-12T10:45,Economic Offences Wing,ORG000008,SYN-VEH,CHARGESHEETED,0,1,D
INC000954,221/2022,CASE000024,ATTEMPT_TO_MURDER,307,109,8,0,PS000099,KG Halli Police Station,LOC000099,KG Halli,Bengaluru,Karnataka,13.00798,77.6042,2022-01-19T10:55,2022-01-22T09:55,Railway Protection Force,ORG000001,SYN-EXT,UNDER_INVESTIGATION,0,5,A
INC000955,527/2025,CASE000081,MONEY_LAUNDERING,PMLA 3/4,-,7,0,PS000062,Gohana Police Station,LOC000062,Gohana,Sonipat,Haryana,29.14638,76.70853,2025-01-26T14:11,2025-01-28T18:11,Anti-Narcotics Cell,ORG000002,SYN-HER,CHARGESHEETED,1648166,2,B
INC000956,585/2025,CASE000113,FORGERY,465/468,336(3),4,1,PS000066,Nokha Police Station,LOC000066,Nokha,Bikaner,Rajasthan,27.56853,73.4757,2025-11-28T22:38,2025-12-01T02:38,State Police - Crime Branch,ORG000008,SYN-VEH,CHARGESHEETED,0,3,B
INC000957,232/2026,CASE000129,ORGANISED_CRIME,MCOCA 3(1),111,10,0,PS000091,Nandyal Police Station,LOC000091,Nandyal,Kurnool,Andhra Pradesh,15.47185,78.47847,2026-02-22T02:36,2026-02-22T19:36,Enforcement Directorate,,UNAFFILIATED,CONVICTED,0,2,D
INC000958,351/2026,CASE000026,CYBER_FRAUD,IT Act 66C/66D,319(2),5,1,PS000036,Kasim Bazaar Police Station,LOC000036,Kasim Bazaar,Munger,Bihar,25.3687,86.46907,2026-04-09T10:02,2026-04-10T17:02,State Intelligence Department,ORG000003,SYN-CYB,UNTRACED,1845742,1,C
INC000959,013/2022,CASE000041,CHEATING_FRAUD,420,318(4),5,1,PS000097,Palayamkottai Police Station,LOC000097,Palayamkottai,Tirunelveli,Tamil Nadu,8.7186,77.73084,2022-06-29T22:08,2022-06-30T16:08,Special Task Force (STF),ORG000004,SYN-HAW,CHARGESHEETED,1118139,2,A
INC000960,410/2025,CASE000097,SMUGGLING_CUSTOMS,Customs Act 135,-,5,1,PS000112,Berhampur Police Station,LOC000112,Berhampur,Ganjam,Odisha,19.31878,84.78231,2025-03-06T21:04,2025-03-09T14:04,State Police - Crime Branch,,UNAFFILIATED,CONVICTED,15626165,3,D
INC000961,671/2025,CASE000022,RIOTING,147/148,191(2),4,1,PS000094,Kodungaiyur Police Station,LOC000094,Kodungaiyur,Chennai,Tamil Nadu,13.13103,80.23855,2025-07-03T15:49,2025-07-03T18:49,Anti-Terrorism Squad (ATS),ORG000005,SYN-MIN,UNDER_INVESTIGATION,0,1,C
INC000962,187/2025,CASE000052,MURDER,302,103(1),10,0,PS000030,Dhoomanganj Police Station,LOC000030,Dhoomanganj,Prayagraj,Uttar Pradesh,25.43722,81.80306,2025-10-17T01:07,2025-10-18T22:07,State Police - Crime Branch,ORG000013,SYN-KDN,CHARGESHEETED,0,3,D
INC000963,363/2025,CASE000010,SMUGGLING_CUSTOMS,Customs Act 135,-,5,1,PS000021,Sangam Vihar Police Station,LOC000021,Sangam Vihar,New Delhi,Delhi,28.48827,77.23159,2025-08-14T08:11,2025-08-14T20:11,Directorate of Revenue Intelligence,ORG000004,SYN-HAW,UNDER_INVESTIGATION,30040765,2,B
INC000964,388/2020,CASE000101,ARMS_ACT,Arms Act 25/27,-,6,0,PS000112,Berhampur Police Station,LOC000112,Berhampur,Ganjam,Odisha,19.31878,84.78231,2020-09-22T01:46,2020-09-24T02:46,Border Security Force - Intel,ORG000010,SYN-GAN,UNDER_INVESTIGATION,0,2,B
INC000965,893/2024,CASE000128,MONEY_LAUNDERING,PMLA 3/4,-,7,0,PS000055,Khalra Police Station,LOC000055,Khalra,Tarn Taran,Punjab,31.44862,74.56847,2024-03-31T12:30,2024-04-01T04:30,State Police - Crime Branch,ORG000002,SYN-HER,UNDER_INVESTIGATION,17083265,1,D
INC000966,496/2025,CASE000120,SMUGGLING_CUSTOMS,Customs Act 135,-,5,1,PS000094,Kodungaiyur Police Station,LOC000094,Kodungaiyur,Chennai,Tamil Nadu,13.13103,80.23855,2025-07-25T13:54,2025-07-27T23:54,Border Security Force - Intel,ORG000004,SYN-HAW,UNTRACED,18930829,1,A
INC000967,497/2026,CASE000014,LAND_GRABBING,441/447,329,4,1,PS000100,Yeshwanthpur Police Station,LOC000100,Yeshwanthpur,Bengaluru,Karnataka,13.02634,77.54707,2026-03-21T18:25,2026-03-23T07:25,Border Security Force - Intel,,UNAFFILIATED,UNDER_INVESTIGATION,0,2,C
INC000968,383/2024,CASE000097,SMUGGLING_CUSTOMS,Customs Act 135,-,5,1,PS000027,Sector 63 Police Station,LOC000027,Sector 63,Noida,Uttar Pradesh,28.63194,77.37857,2024-03-17T11:50,2024-03-18T20:50,State Police - Crime Branch,,UNAFFILIATED,CONVICTED,1949151,2,D
INC000969,101/2019,CASE000005,ARMS_ACT,Arms Act 25/27,-,6,0,PS000029,Rajghat Police Station,LOC000029,Rajghat,Gorakhpur,Uttar Pradesh,26.76019,83.36182,2019-04-18T10:28,2019-04-18T11:28,Special Task Force (STF),ORG000013,SYN-KDN,UNDER_INVESTIGATION,0,4,C
INC000970,067/2025,CASE000051,CHEATING_FRAUD,420,318(4),5,1,PS000031,Kutba Police Station,LOC000031,Kutba,Muzaffarnagar,Uttar Pradesh,29.47784,77.70244,2025-06-07T08:38,2025-06-09T14:38,Border Security Force - Intel,ORG000008,SYN-VEH,UNTRACED,42628279,2,C
INC000971,575/2021,CASE000020,FORGERY,465/468,336(3),4,1,PS000020,Nangloi Police Station,LOC000020,Nangloi,New Delhi,Delhi,28.68418,77.06042,2021-04-18T10:02,2021-04-20T02:02,Income Tax Investigation Wing,ORG000006,SYN-TRF,UNDER_INVESTIGATION,0,1,B
INC000972,417/2025,CASE000121,MONEY_LAUNDERING,PMLA 3/4,-,7,0,PS000071,Juhapura Police Station,LOC000071,Juhapura,Ahmedabad,Gujarat,22.99114,72.53016,2025-03-25T11:17,2025-03-28T04:17,Income Tax Investigation Wing,ORG000004,SYN-HAW,UNDER_INVESTIGATION,879081,1,C
INC000973,626/2025,CASE000091,ORGANISED_CRIME,MCOCA 3(1),111,10,0,PS000039,Mahadeva Police Station,LOC000039,Mahadeva,Siwan,Bihar,26.21306,84.36525,2025-10-23T11:28,2025-10-25T10:28,Anti-Narcotics Cell,ORG000013,SYN-KDN,UNDER_INVESTIGATION,0,1,C
INC000974,756/2024,CASE000099,FICN_COUNTERFEIT,489B/489C,179,8,0,PS000031,Kutba Police Station,LOC000031,Kutba,Muzaffarnagar,Uttar Pradesh,29.47784,77.70244,2024-10-20T10:31,2024-10-22T10:31,Cyber Crime Cell,ORG000009,SYN-FIC,UNDER_INVESTIGATION,657991416,4,A
INC000975,851/2025,CASE000016,SMUGGLING_CUSTOMS,Customs Act 135,-,5,1,PS000031,Kutba Police Station,LOC000031,Kutba,Muzaffarnagar,Uttar Pradesh,29.47784,77.70244,2025-11-13T10:49,2025-11-15T16:49,Anti-Narcotics Cell,ORG000009,SYN-FIC,UNDER_INVESTIGATION,14438093,2,B
INC000976,022/2026,CASE000112,FORGERY,465/468,336(3),4,1,PS000087,Bodhan Police Station,LOC000087,Bodhan,Nizamabad,Telangana,18.66779,77.89485,2026-01-22T11:24,2026-01-22T23:24,Narcotics Control Bureau,ORG000004,SYN-HAW,CHARGESHEETED,0,1,C
INC000977,664/2019,CASE000097,SMUGGLING_CUSTOMS,Customs Act 135,-,5,1,PS000075,Gondal Police Station,LOC000075,Gondal,Rajkot,Gujarat,21.95838,70.80167,2019-11-12T15:11,2019-11-14T00:11,State Police - Crime Branch,,UNAFFILIATED,UNDER_INVESTIGATION,2954646584,4,C
INC000978,060/2026,CASE000012,CRIMINAL_CONSPIRACY,120B,61(2),5,0,PS000045,Hatia Police Station,LOC000045,Hatia,Ranchi,Jharkhand,23.30257,85.31951,2026-03-03T11:25,2026-03-03T14:25,Special Task Force (STF),ORG000007,SYN-ARM,CHARGESHEETED,0,7,B
INC000979,645/2024,CASE000019,RIOTING,147/148,191(2),4,1,PS000096,Ukkadam Police Station,LOC000096,Ukkadam,Coimbatore,Tamil Nadu,10.99091,76.96669,2024-05-15T13:09,2024-05-16T22:09,Anti-Terrorism Squad (ATS),ORG000005,SYN-MIN,UNDER_INVESTIGATION,0,2,C
INC000980,451/2025,CASE000037,BETTING_GAMBLING,Gambling Act 3/4,-,2,1,PS000070,Chohtan Police Station,LOC000070,Chohtan,Barmer,Rajasthan,25.48114,71.04168,2025-11-26T14:47,2025-11-29T11:47,Special Task Force (STF),,UNAFFILIATED,UNTRACED,1866421,3,D
INC000981,649/2024,CASE000059,EXTORTION,384/387,308,6,0,PS000102,Afzalpur Police Station,LOC000102,Afzalpur,Kalaburagi,Karnataka,17.20729,76.36952,2024-07-11T14:48,2024-07-13T22:48,Income Tax Investigation Wing,ORG000005,SYN-MIN,CHARGESHEETED,22793108,3,B
INC000982,236/2022,CASE000029,ROBBERY,392,309(4),6,0,PS000060,Punhana Police Station,LOC000060,Punhana,Nuh,Haryana,27.86723,77.21101,2022-01-21T08:50,2022-01-23T13:50,Economic Offences Wing,ORG000008,SYN-VEH,UNDER_INVESTIGATION,20572808,2,C
INC000983,567/2022,CASE000136,DACOITY,395,310(2),8,0,PS000074,Kutiyana Police Station,LOC000074,Kutiyana,Porbandar,Gujarat,21.62158,69.97079,2022-01-21T16:32,2022-01-22T00:32,Income Tax Investigation Wing,,UNAFFILIATED,UNDER_INVESTIGATION,9673051,2,A
INC000984,206/2019,CASE000025,FORGERY,465/468,336(3),4,1,PS000101,Ullal Police Station,LOC000101,Ullal,Mangaluru,Karnataka,12.80948,74.86499,2019-09-20T03:14,2019-09-22T23:14,Income Tax Investigation Wing,ORG000003,SYN-CYB,UNDER_INVESTIGATION,0,3,D
INC000985,069/2025,CASE000118,CRIMINAL_CONSPIRACY,120B,61(2),5,0,PS000121,Uri Police Station,LOC000121,Uri,Baramulla,Jammu and Kashmir,34.0833,74.04758,2025-01-03T23:05,2025-01-06T19:05,Railway Protection Force,ORG000002,SYN-HER,CHARGESHEETED,0,5,A
INC000986,542/2025,CASE000091,EXTORTION,384/387,308,6,0,PS000038,Chandauti Police Station,LOC000038,Chandauti,Gaya,Bihar,24.78741,84.99597,2025-04-07T21:03,2025-04-09T05:03,Anti-Narcotics Cell,ORG000013,SYN-KDN,CONVICTED,41070817,2,B
INC000987,263/2026,CASE000106,CRIMINAL_CONSPIRACY,120B,61(2),5,0,PS000007,Mumbra Police Station,LOC000007,Mumbra,Thane,Maharashtra,19.18341,73.02479,2026-01-03T20:27,2026-01-05T15:27,Border Security Force - Intel,ORG000010,SYN-GAN,UNDER_INVESTIGATION,0,2,D
INC000988,509/2025,CASE000041,SMUGGLING_CUSTOMS,Customs Act 135,-,5,1,PS000022,Paharganj Police Station,LOC000022,Paharganj,New Delhi,Delhi,28.64769,77.22086,2025-01-03T17:32,2025-01-04T17:32,Special Task Force (STF),ORG000004,SYN-HAW,CONVICTED,16625770,1,B
INC000989,128/2026,CASE000085,LAND_GRABBING,441/447,329,4,1,PS000103,Sandur Police Station,LOC000103,Sandur,Ballari,Karnataka,15.10763,76.5405,2026-04-03T20:19,2026-04-05T13:19,Cyber Crime Cell,ORG000001,SYN-EXT,CHARGESHEETED,0,2,B
INC000990,243/2022,CASE000063,CRIMINAL_CONSPIRACY,120B,61(2),5,0,PS000008,Vashi Police Station,LOC000008,Vashi,Navi Mumbai,Maharashtra,19.08218,72.99119,2022-11-16T05:12,2022-11-17T19:12,Income Tax Investigation Wing,ORG000007,SYN-ARM,UNDER_INVESTIGATION,0,3,D
INC000991,208/2021,CASE000025,CHEATING_FRAUD,420,318(4),5,1,PS000064,Ballabgarh Police Station,LOC000064,Ballabgarh,Faridabad,Haryana,28.34729,77.32805,2021-03-21T17:55,2021-03-23T00:55,Income Tax Investigation Wing,ORG000003,SYN-CYB,UNDER_INVESTIGATION,32088487,2,B
INC000992,591/2025,CASE000067,CRIMINAL_CONSPIRACY,120B,61(2),5,0,PS000022,Paharganj Police Station,LOC000022,Paharganj,New Delhi,Delhi,28.64769,77.22086,2025-08-13T23:42,2025-08-15T21:42,State Intelligence Department,ORG000009,SYN-FIC,UNDER_INVESTIGATION,0,5,A
INC000993,458/2024,CASE000024,LAND_GRABBING,441/447,329,4,1,PS000076,Karelibaug Police Station,LOC000076,Karelibaug,Vadodara,Gujarat,22.32869,73.19409,2024-03-01T01:22,2024-03-02T11:22,Railway Protection Force,ORG000001,SYN-EXT,UNTRACED,0,4,D
INC000994,242/2026,CASE000053,MONEY_LAUNDERING,PMLA 3/4,-,7,0,PS000120,Maisuma Police Station,LOC000120,Maisuma,Srinagar,Jammu and Kashmir,34.06805,74.79591,2026-03-05T01:53,2026-03-05T23:53,Economic Offences Wing,ORG000002,SYN-HER,CHARGESHEETED,1111747,3,B
INC000995,104/2026,CASE000026,MONEY_LAUNDERING,PMLA 3/4,-,7,0,PS000061,Sohna Police Station,LOC000061,Sohna,Gurugram,Haryana,28.25004,77.06581,2026-05-31T18:12,2026-06-01T22:12,State Intelligence Department,ORG000003,SYN-CYB,UNTRACED,808026,5,D
INC000996,740/2026,CASE000014,LAND_GRABBING,441/447,329,4,1,PS000015,Chandni Chowk Police Station,LOC000015,Chandni Chowk,New Delhi,Delhi,28.65923,77.23546,2026-01-13T08:19,2026-01-13T11:19,Border Security Force - Intel,,UNAFFILIATED,CHARGESHEETED,0,2,C
INC000997,508/2025,CASE000149,MONEY_LAUNDERING,PMLA 3/4,-,7,0,PS000072,Varachha Police Station,LOC000072,Varachha,Surat,Gujarat,21.19637,72.86136,2025-03-05T18:23,2025-03-07T15:23,Special Task Force (STF),,UNAFFILIATED,UNDER_INVESTIGATION,1528722,3,D
INC000998,125/2024,CASE000087,SMUGGLING_CUSTOMS,Customs Act 135,-,5,1,PS000060,Punhana Police Station,LOC000060,Punhana,Nuh,Haryana,27.86723,77.21101,2024-08-04T18:35,2024-08-06T09:35,Economic Offences Wing,,UNAFFILIATED,CHARGESHEETED,16571734,5,C
INC000999,316/2025,CASE000120,SMUGGLING_CUSTOMS,Customs Act 135,-,5,1,PS000096,Ukkadam Police Station,LOC000096,Ukkadam,Coimbatore,Tamil Nadu,10.99091,76.96669,2025-11-17T04:26,2025-11-19T04:26,Border Security Force - Intel,ORG000004,SYN-HAW,UNDER_INVESTIGATION,26695989,7,B
INC001000,483/2024,CASE000125,CHEATING_FRAUD,420,318(4),5,1,PS000104,Mattancherry Police Station,LOC000104,Mattancherry,Kochi,Kerala,9.96365,76.25723,2024-05-05T07:47,2024-05-07T21:47,Border Security Force - Intel,ORG000004,SYN-HAW,ACQUITTED,933560,1,D
INC001001,737/2024,CASE000154,MONEY_LAUNDERING,PMLA 3/4,-,7,0,PS000043,Sarwan Police Station,LOC000043,Sarwan,Deoghar,Jharkhand,24.47171,86.69972,2024-06-23T03:28,2024-06-24T16:28,Narcotics Control Bureau,ORG000003,SYN-CYB,UNDER_INVESTIGATION,622833,2,A
INC001002,380/2023,CASE000121,FORGERY,465/468,336(3),4,1,PS000086,Hanamkonda Police Station,LOC000086,Hanamkonda,Warangal,Telangana,18.00878,79.55269,2023-03-11T18:06,2023-03-12T17:06,Income Tax Investigation Wing,ORG000004,SYN-HAW,UNDER_INVESTIGATION,0,5,A
INC001003,643/2025,CASE000137,SMUGGLING_CUSTOMS,Customs Act 135,-,5,1,PS000017,Jamia Nagar Police Station,LOC000017,Jamia Nagar,New Delhi,Delhi,28.55756,77.28271,2025-07-28T15:44,2025-07-30T10:44,Anti-Terrorism Squad (ATS),ORG000015,SYN-WLD,UNDER_INVESTIGATION,2411470315,5,C
INC001004,892/2023,CASE000111,MURDER,302,103(1),10,0,PS000035,Kadamkuan Police Station,LOC000035,Kadamkuan,Patna,Bihar,25.62537,85.1468,2023-09-30T03:32,2023-10-02T07:32,Railway Protection Force,ORG000013,SYN-KDN,CHARGESHEETED,0,2,C
INC001005,098/2025,CASE000077,MONEY_LAUNDERING,PMLA 3/4,-,7,0,PS000109,Nayapalli Police Station,LOC000109,Nayapalli,Bhubaneswar,Odisha,20.28446,85.8132,2025-02-05T18:37,2025-02-06T08:37,Enforcement Directorate,ORG000011,SYN-PON,CHARGESHEETED,33105010,1,B
INC001006,175/2024,CASE000036,CHEATING_FRAUD,420,318(4),5,1,PS000048,Rajabazar Police Station,LOC000048,Rajabazar,Kolkata,West Bengal,22.57998,88.37543,2024-02-15T17:33,2024-02-17T13:33,Central Bureau of Investigation,ORG000011,SYN-PON,UNDER_INVESTIGATION,330848157,4,C
INC001007,882/2021,CASE000109,SMUGGLING_CUSTOMS,Customs Act 135,-,5,1,PS000041,Khajanchi Hat Police Station,LOC000041,Khajanchi Hat,Purnia,Bihar,25.78858,87.47757,2021-06-04T20:25,2021-06-07T01:25,Special Task Force (STF),ORG000009,SYN-FIC,UNTRACED,801184418,4,D
INC001008,101/2024,CASE000113,VEHICLE_THEFT,379/411,303(2),3,1,PS000030,Dhoomanganj Police Station,LOC000030,Dhoomanganj,Prayagraj,Uttar Pradesh,25.43722,81.80306,2024-09-25T20:38,2024-09-27T23:38,State Police - Crime Branch,ORG000008,SYN-VEH,UNTRACED,0,3,C
INC001009,657/2025,CASE000099,FICN_COUNTERFEIT,489B/489C,179,8,0,PS000040,Barauni Police Station,LOC000040,Barauni,Begusarai,Bihar,25.42198,86.12977,2025-04-08T14:58,2025-04-09T16:58,Cyber Crime Cell,ORG000009,SYN-FIC,CONVICTED,397637867,1,D
INC001010,385/2026,CASE000053,MONEY_LAUNDERING,PMLA 3/4,-,7,0,PS000068,Kaman Police Station,LOC000068,Kaman,Bharatpur,Rajasthan,27.6531,77.26593,2026-02-17T12:18,2026-02-19T21:18,Economic Offences Wing,ORG000002,SYN-HER,UNDER_INVESTIGATION,42694101,3,B
INC001011,654/2026,CASE000061,EXTORTION,384/387,308,6,0,PS000010,Kondhwa Police Station,LOC000010,Kondhwa,Pune,Maharashtra,18.45704,73.8876,2026-01-25T11:40,2026-01-27T06:40,Central Bureau of Investigation,ORG000014,SYN-SHK,CONVICTED,49316435,1,D
INC001012,001/2022,CASE000001,MONEY_LAUNDERING,PMLA 3/4,-,7,0,PS000099,KG Halli Police Station,LOC000099,KG Halli,Bengaluru,Karnataka,13.00798,77.6042,2022-10-20T22:49,2022-10-20T23:49,Railway Protection Force,ORG000003,SYN-CYB,UNDER_INVESTIGATION,2537018736,7,A
INC001013,054/2024,CASE000103,ROBBERY,392,309(4),6,0,PS000016,Seelampur Police Station,LOC000016,Seelampur,New Delhi,Delhi,28.67711,77.27533,2024-02-15T02:27,2024-02-15T12:27,Special Task Force (STF),ORG000008,SYN-VEH,CONVICTED,29906948,1,D
INC001014,362/2023,CASE000006,MONEY_LAUNDERING,PMLA 3/4,-,7,0,PS000044,Jharia Police Station,LOC000044,Jharia,Dhanbad,Jharkhand,23.74956,86.41065,2023-08-15T19:08,2023-08-18T14:08,Central Bureau of Investigation,ORG000003,SYN-CYB,CONVICTED,1438128,3,D
INC001015,446/2020,CASE000149,MONEY_LAUNDERING,PMLA 3/4,-,7,0,PS000062,Gohana Police Station,LOC000062,Gohana,Sonipat,Haryana,29.14638,76.70853,2020-06-23T16:40,2020-06-25T07:40,Special Task Force (STF),,UNAFFILIATED,CHARGESHEETED,2353054441,4,A
INC001016,860/2022,CASE000021,NDPS_POSSESSION,NDPS 22(b),-,5,0,PS000097,Palayamkottai Police Station,LOC000097,Palayamkottai,Tirunelveli,Tamil Nadu,8.7186,77.73084,2022-11-02T20:20,2022-11-05T05:20,Border Security Force - Intel,ORG000010,SYN-GAN,CONVICTED,0,3,C
INC001017,332/2024,CASE000102,SMUGGLING_CUSTOMS,Customs Act 135,-,5,1,PS000082,Gorakhpur Police Station,LOC000082,Gorakhpur,Jabalpur,Madhya Pradesh,23.16759,79.94739,2024-01-18T01:12,2024-01-20T04:12,State Police - Crime Branch,ORG000015,SYN-WLD,UNTRACED,435500,3,B
INC001018,677/2020,CASE000065,ARMS_ACT,Arms Act 25/27,-,6,0,PS000081,Mehgaon Police Station,LOC000081,Mehgaon,Bhind,Madhya Pradesh,26.49265,78.62698,2020-10-08T22:16,2020-10-10T20:16,Narcotics Control Bureau,ORG000007,SYN-ARM,CHARGESHEETED,0,1,D
INC001019,049/2025,CASE000033,ARMS_ACT,Arms Act 25/27,-,6,0,PS000019,Najafgarh Police Station,LOC000019,Najafgarh,New Delhi,Delhi,28.61304,77.01367,2025-10-23T05:30,2025-10-25T18:30,State Police - Crime Branch,ORG000002,SYN-HER,UNDER_INVESTIGATION,0,2,B
INC001020,653/2022,CASE000096,SMUGGLING_CUSTOMS,Customs Act 135,-,5,1,PS000017,Jamia Nagar Police Station,LOC000017,Jamia Nagar,New Delhi,Delhi,28.55756,77.28271,2022-10-03T03:27,2022-10-06T03:27,Economic Offences Wing,ORG000004,SYN-HAW,CHARGESHEETED,498771,3,C
INC001021,686/2025,CASE000057,FICN_COUNTERFEIT,489B/489C,179,8,0,PS000085,Chandrayangutta Police Station,LOC000085,Chandrayangutta,Hyderabad,Telangana,17.33336,78.49109,2025-03-07T16:54,2025-03-07T18:54,Special Task Force (STF),,UNAFFILIATED,UNDER_INVESTIGATION,218545176,4,A
INC001022,676/2025,CASE000078,CHEATING_FRAUD,420,318(4),5,1,PS000037,Mithanpura Police Station,LOC000037,Mithanpura,Muzaffarpur,Bihar,26.12944,85.39524,2025-09-22T17:27,2025-09-23T16:27,Anti-Narcotics Cell,ORG000008,SYN-VEH,UNDER_INVESTIGATION,1733563,3,A
INC001023,380/2026,CASE000039,SMUGGLING_CUSTOMS,Customs Act 135,-,5,1,PS000113,Paltan Bazaar Police Station,LOC000113,Paltan Bazaar,Guwahati,Assam,26.17357,91.75925,2026-06-24T12:23,2026-06-26T10:23,Narcotics Control Bureau,ORG000015,SYN-WLD,CHARGESHEETED,1360737,2,B
INC001024,661/2022,CASE000153,DACOITY,395,310(2),8,0,PS000114,Golakganj Police Station,LOC000114,Golakganj,Dhubri,Assam,26.02193,89.81691,2022-12-15T20:04,2022-12-17T05:04,Railway Protection Force,,UNAFFILIATED,CHARGESHEETED,34510060,1,B
INC001025,654/2026,CASE000112,SMUGGLING_CUSTOMS,Customs Act 135,-,5,1,PS000021,Sangam Vihar Police Station,LOC000021,Sangam Vihar,New Delhi,Delhi,28.48827,77.23159,2026-05-17T07:42,2026-05-19T03:42,Narcotics Control Bureau,ORG000004,SYN-HAW,CHARGESHEETED,10069496,4,D
INC001026,411/2025,CASE000096,FORGERY,465/468,336(3),4,1,PS000097,Palayamkottai Police Station,LOC000097,Palayamkottai,Tirunelveli,Tamil Nadu,8.7186,77.73084,2025-02-04T22:44,2025-02-04T23:44,Economic Offences Wing,ORG000004,SYN-HAW,UNDER_INVESTIGATION,0,2,A
INC001027,511/2025,CASE000143,MONEY_LAUNDERING,PMLA 3/4,-,7,0,PS000035,Kadamkuan Police Station,LOC000035,Kadamkuan,Patna,Bihar,25.62537,85.1468,2025-10-27T20:24,2025-10-28T05:24,State Intelligence Department,ORG000011,SYN-PON,ACQUITTED,1979082337,3,B
INC001028,558/2025,CASE000030,CRIMINAL_CONSPIRACY,120B,61(2),5,0,PS000025,Lisari Gate Police Station,LOC000025,Lisari Gate,Meerut,Uttar Pradesh,28.97425,77.70598,2025-02-05T09:22,2025-02-05T11:22,Central Bureau of Investigation,ORG000009,SYN-FIC,UNDER_INVESTIGATION,0,4,A
INC001029,271/2026,CASE000146,CHEATING_FRAUD,420,318(4),5,1,PS000113,Paltan Bazaar Police Station,LOC000113,Paltan Bazaar,Guwahati,Assam,26.17357,91.75925,2026-06-17T15:24,2026-06-18T09:24,Railway Protection Force,ORG000011,SYN-PON,UNDER_INVESTIGATION,77814668,3,B
INC001030,649/2021,CASE000020,CHEATING_FRAUD,420,318(4),5,1,PS000011,Kamptee Police Station,LOC000011,Kamptee,Nagpur,Maharashtra,21.22695,79.19707,2021-03-02T06:50,2021-03-02T18:50,Income Tax Investigation Wing,ORG000006,SYN-TRF,CONVICTED,1292283,2,C
INC001031,317/2022,CASE000092,ILLEGAL_MINING,MMDR 21(1),-,4,1,PS000094,Kodungaiyur Police Station,LOC000094,Kodungaiyur,Chennai,Tamil Nadu,13.13103,80.23855,2022-11-05T13:48,2022-11-06T10:48,Central Bureau of Investigation,ORG000005,SYN-MIN,CHARGESHEETED,0,2,B
INC001032,310/2025,CASE000070,CRIMINAL_CONSPIRACY,120B,61(2),5,0,PS000061,Sohna Police Station,LOC000061,Sohna,Gurugram,Haryana,28.25004,77.06581,2025-02-25T21:42,2025-02-26T01:42,Special Task Force (STF),ORG000002,SYN-HER,UNDER_INVESTIGATION,0,1,D
INC001033,763/2026,CASE000052,EXTORTION,384/387,308,6,0,PS000052,Matigara Police Station,LOC000052,Matigara,Siliguri,West Bengal,26.72719,88.37142,2026-06-10T22:59,2026-06-12T08:59,State Police - Crime Branch,ORG000013,SYN-KDN,UNDER_INVESTIGATION,43258942,1,C
INC001034,826/2024,CASE000099,CRIMINAL_CONSPIRACY,120B,61(2),5,0,PS000050,Jalangi Police Station,LOC000050,Jalangi,Murshidabad,West Bengal,24.11042,88.40108,2024-11-06T11:45,2024-11-08T15:45,Cyber Crime Cell,ORG000009,SYN-FIC,CHARGESHEETED,0,3,C
INC001035,016/2026,CASE000095,VEHICLE_THEFT,379/411,303(2),3,1,PS000056,Jamalpur Police Station,LOC000056,Jamalpur,Ludhiana,Punjab,30.91108,75.85307,2026-04-30T21:44,2026-05-01T00:44,Railway Protection Force,ORG000008,SYN-VEH,CHARGESHEETED,0,1,D
INC001036,570/2025,CASE000113,ROBBERY,392,309(4),6,0,PS000023,Aminabad Police Station,LOC000023,Aminabad,Lucknow,Uttar Pradesh,26.84458,80.91064,2025-10-22T21:39,2025-10-23T01:39,State Police - Crime Branch,ORG000008,SYN-VEH,CHARGESHEETED,7607754,2,B
INC001037,318/2024,CASE000146,CHEATING_FRAUD,420,318(4),5,1,PS000039,Mahadeva Police Station,LOC000039,Mahadeva,Siwan,Bihar,26.21306,84.36525,2024-06-24T08:49,2024-06-26T19:49,Railway Protection Force,ORG000011,SYN-PON,UNDER_INVESTIGATION,819796647,2,A
INC001038,685/2020,CASE000029,FORGERY,465/468,336(3),4,1,PS000031,Kutba Police Station,LOC000031,Kutba,Muzaffarnagar,Uttar Pradesh,29.47784,77.70244,2020-01-15T01:53,2020-01-16T12:53,Economic Offences Wing,ORG000008,SYN-VEH,UNDER_INVESTIGATION,0,1,A
INC001039,854/2026,CASE000150,DACOITY,395,310(2),8,0,PS000120,Maisuma Police Station,LOC000120,Maisuma,Srinagar,Jammu and Kashmir,34.06805,74.79591,2026-06-09T10:59,2026-06-09T11:59,State Intelligence Department,,UNAFFILIATED,CHARGESHEETED,43499972,2,C
INC001040,841/2024,CASE000060,CHEATING_FRAUD,420,318(4),5,1,PS000064,Ballabgarh Police Station,LOC000064,Ballabgarh,Faridabad,Haryana,28.34729,77.32805,2024-07-29T19:49,2024-07-31T05:49,Enforcement Directorate,ORG000008,SYN-VEH,UNDER_INVESTIGATION,189752698,2,C
INC001041,500/2025,CASE000067,FICN_COUNTERFEIT,489B/489C,179,8,0,PS000024,Chakeri Police Station,LOC000024,Chakeri,Kanpur,Uttar Pradesh,26.41802,80.40132,2025-03-15T14:27,2025-03-16T02:27,State Intelligence Department,ORG000009,SYN-FIC,CHARGESHEETED,259452119,4,C
INC001042,703/2024,CASE000053,NDPS_POSSESSION,NDPS 22(b),-,5,0,PS000070,Chohtan Police Station,LOC000070,Chohtan,Barmer,Rajasthan,25.48114,71.04168,2024-03-31T22:26,2024-04-02T11:26,Economic Offences Wing,ORG000002,SYN-HER,CHARGESHEETED,0,2,D
INC001043,488/2018,CASE000062,SMUGGLING_CUSTOMS,Customs Act 135,-,5,1,PS000049,Kaliachak Police Station,LOC000049,Kaliachak,Malda,West Bengal,24.97035,88.00242,2018-07-21T18:48,2018-07-22T00:48,Cyber Crime Cell,ORG000004,SYN-HAW,CHARGESHEETED,13813594,2,B
INC001044,553/2023,CASE000047,FORGERY,465/468,336(3),4,1,PS000071,Juhapura Police Station,LOC000071,Juhapura,Ahmedabad,Gujarat,22.99114,72.53016,2023-06-01T13:17,2023-06-03T19:17,Enforcement Directorate,ORG000004,SYN-HAW,UNDER_INVESTIGATION,0,2,B
INC001045,068/2025,CASE000100,ARMS_ACT,Arms Act 25/27,-,6,0,PS000001,Dongri Police Station,LOC000001,Dongri,Mumbai,Maharashtra,18.96279,72.8275,2025-05-02T16:39,2025-05-02T18:39,Special Task Force (STF),ORG000010,SYN-GAN,UNDER_INVESTIGATION,0,7,D
INC001046,054/2020,CASE000045,CHIT_FUND_PONZI,BUDS Act 21,318(4),6,1,PS000113,Paltan Bazaar Police Station,LOC000113,Paltan Bazaar,Guwahati,Assam,26.17357,91.75925,2020-12-01T04:56,2020-12-03T19:56,Border Security Force - Intel,ORG000011,SYN-PON,CHARGESHEETED,885028,1,D
INC001047,106/2020,CASE000097,SMUGGLING_CUSTOMS,Customs Act 135,-,5,1,PS000109,Nayapalli Police Station,LOC000109,Nayapalli,Bhubaneswar,Odisha,20.28446,85.8132,2020-02-27T10:17,2020-02-29T17:17,State Police - Crime Branch,,UNAFFILIATED,UNTRACED,894036049,1,D
INC001048,486/2026,CASE000113,ROBBERY,392,309(4),6,0,PS000058,Nakodar Police Station,LOC000058,Nakodar,Jalandhar,Punjab,31.1138,75.47897,2026-02-06T21:28,2026-02-08T03:28,State Police - Crime Branch,ORG000008,SYN-VEH,CHARGESHEETED,30850346,4,C
INC001049,766/2021,CASE000090,CRIMINAL_CONSPIRACY,120B,61(2),5,0,PS000004,Bhendi Bazaar Police Station,LOC000004,Bhendi Bazaar,Mumbai,Maharashtra,18.95981,72.82064,2021-09-25T09:50,2021-09-25T14:50,Economic Offences Wing,ORG000007,SYN-ARM,CHARGESHEETED,0,4,B
INC001050,383/2025,CASE000072,EXTORTION,384/387,308,6,0,PS000021,Sangam Vihar Police Station,LOC000021,Sangam Vihar,New Delhi,Delhi,28.48827,77.23159,2025-09-04T16:22,2025-09-07T11:22,Economic Offences Wing,ORG000014,SYN-SHK,UNDER_INVESTIGATION,10447401,1,C
INC001051,784/2023,CASE000131,CRIMINAL_CONSPIRACY,120B,61(2),5,0,PS000094,Kodungaiyur Police Station,LOC000094,Kodungaiyur,Chennai,Tamil Nadu,13.13103,80.23855,2023-09-21T21:01,2023-09-24T07:01,State Intelligence Department,ORG000015,SYN-WLD,UNTRACED,0,3,D
INC001052,587/2024,CASE000132,VEHICLE_THEFT,379/411,303(2),3,1,PS000064,Ballabgarh Police Station,LOC000064,Ballabgarh,Faridabad,Haryana,28.34729,77.32805,2024-08-16T23:40,2024-08-19T18:40,Economic Offences Wing,,UNAFFILIATED,CHARGESHEETED,0,4,A
INC001053,483/2021,CASE000156,CRIMINAL_CONSPIRACY,120B,61(2),5,0,PS000035,Kadamkuan Police Station,LOC000035,Kadamkuan,Patna,Bihar,25.62537,85.1468,2021-06-22T21:23,2021-06-25T12:23,Cyber Crime Cell,ORG000007,SYN-ARM,UNDER_INVESTIGATION,0,3,C
INC001054,832/2019,CASE000149,MONEY_LAUNDERING,PMLA 3/4,-,7,0,PS000088,Gajuwaka Police Station,LOC000088,Gajuwaka,Visakhapatnam,Andhra Pradesh,17.67545,83.2021,2019-06-22T14:59,2019-06-23T14:59,Special Task Force (STF),,UNAFFILIATED,UNDER_INVESTIGATION,14402326,2,B
INC001055,755/2026,CASE000141,MURDER,302,103(1),10,0,PS000048,Rajabazar Police Station,LOC000048,Rajabazar,Kolkata,West Bengal,22.57998,88.37543,2026-06-13T16:58,2026-06-15T06:58,Income Tax Investigation Wing,ORG000013,SYN-KDN,UNDER_INVESTIGATION,0,2,D
INC001056,731/2025,CASE000075,EXTORTION,384/387,308,6,0,PS000070,Chohtan Police Station,LOC000070,Chohtan,Barmer,Rajasthan,25.48114,71.04168,2025-02-03T22:43,2025-02-05T15:43,State Intelligence Department,ORG000014,SYN-SHK,CHARGESHEETED,5123388,5,D
INC001057,177/2025,CASE000085,ORGANISED_CRIME,MCOCA 3(1),111,10,0,PS000007,Mumbra Police Station,LOC000007,Mumbra,Thane,Maharashtra,19.18341,73.02479,2025-07-07T12:46,2025-07-10T02:46,Cyber Crime Cell,ORG000001,SYN-EXT,CHARGESHEETED,0,3,A
INC001058,593/2023,CASE000006,CYBER_FRAUD,IT Act 66C/66D,319(2),5,1,PS000019,Najafgarh Police Station,LOC000019,Najafgarh,New Delhi,Delhi,28.61304,77.01367,2023-07-15T14:50,2023-07-16T21:50,Central Bureau of Investigation,ORG000003,SYN-CYB,UNTRACED,46993130,4,B
INC001059,195/2024,CASE000001,CHEATING_FRAUD,420,318(4),5,1,PS000060,Punhana Police Station,LOC000060,Punhana,Nuh,Haryana,27.86723,77.21101,2024-12-21T08:30,2024-12-23T21:30,Railway Protection Force,ORG000003,SYN-CYB,UNDER_INVESTIGATION,46728026,2,C
INC001060,371/2022,CASE000036,CHIT_FUND_PONZI,BUDS Act 21,318(4),6,1,PS000038,Chandauti Police Station,LOC000038,Chandauti,Gaya,Bihar,24.78741,84.99597,2022-05-20T23:55,2022-05-21T07:55,Central Bureau of Investigation,ORG000011,SYN-PON,UNTRACED,1650415,1,A
INC001061,617/2024,CASE000109,FICN_COUNTERFEIT,489B/489C,179,8,0,PS000030,Dhoomanganj Police Station,LOC000030,Dhoomanganj,Prayagraj,Uttar Pradesh,25.43722,81.80306,2024-02-04T12:27,2024-02-05T07:27,Special Task Force (STF),ORG000009,SYN-FIC,CONVICTED,301432666,2,A
INC001062,344/2026,CASE000073,ORGANISED_CRIME,MCOCA 3(1),111,10,0,PS000080,Morar Police Station,LOC000080,Morar,Gwalior,Madhya Pradesh,26.22147,78.20426,2026-03-07T18:51,2026-03-10T11:51,Anti-Terrorism Squad (ATS),ORG000014,SYN-SHK,CHARGESHEETED,0,2,B
INC001063,173/2023,CASE000033,NDPS_TRAFFICKING,NDPS 21(c)/29,-,9,0,PS000120,Maisuma Police Station,LOC000120,Maisuma,Srinagar,Jammu and Kashmir,34.06805,74.79591,2023-11-21T20:56,2023-11-24T15:56,State Police - Crime Branch,ORG000002,SYN-HER,UNDER_INVESTIGATION,451347172,3,D
INC001064,846/2025,CASE000137,FORGERY,465/468,336(3),4,1,PS000053,Karimpur Police Station,LOC000053,Karimpur,Nadia,West Bengal,23.96971,88.62078,2025-11-16T19:31,2025-11-18T06:31,Anti-Terrorism Squad (ATS),ORG000015,SYN-WLD,CHARGESHEETED,0,2,D
INC001065,341/2025,CASE000061,EXTORTION,384/387,308,6,0,PS000057,Mamdot Police Station,LOC000057,Mamdot,Ferozepur,Punjab,30.92456,74.61601,2025-11-13T02:49,2025-11-15T01:49,Central Bureau of Investigation,ORG000014,SYN-SHK,CHARGESHEETED,10489407,4,D
INC001066,449/2026,CASE000004,KIDNAP_FOR_RANSOM,364A,140(2),9,0,PS000022,Paharganj Police Station,LOC000022,Paharganj,New Delhi,Delhi,28.64769,77.22086,2026-03-26T19:04,2026-03-28T21:04,Directorate of Revenue Intelligence,ORG000013,SYN-KDN,UNTRACED,32893857,4,C
INC001067,528/2021,CASE000102,WILDLIFE_TRAFFICKING,WLPA 51,-,6,0,PS000113,Paltan Bazaar Police Station,LOC000113,Paltan Bazaar,Guwahati,Assam,26.17357,91.75925,2021-08-15T18:39,2021-08-18T03:39,State Police - Crime Branch,ORG000015,SYN-WLD,UNTRACED,512517300,3,D
INC001068,301/2020,CASE000083,MONEY_LAUNDERING,PMLA 3/4,-,7,0,PS000064,Ballabgarh Police Station,LOC000064,Ballabgarh,Faridabad,Haryana,28.34729,77.32805,2020-10-22T02:19,2020-10-24T04:19,Special Task Force (STF),ORG000002,SYN-HER,ACQUITTED,21877245,7,A
INC001069,784/2025,CASE000019,MURDER,302,103(1),10,0,PS000031,Kutba Police Station,LOC000031,Kutba,Muzaffarnagar,Uttar Pradesh,29.47784,77.70244,2025-06-27T15:11,2025-06-29T02:11,Anti-Terrorism Squad (ATS),ORG000005,SYN-MIN,ACQUITTED,0,4,B
INC001070,598/2025,CASE000067,SMUGGLING_CUSTOMS,Customs Act 135,-,5,1,PS000048,Rajabazar Police Station,LOC000048,Rajabazar,Kolkata,West Bengal,22.57998,88.37543,2025-07-25T16:31,2025-07-28T01:31,State Intelligence Department,ORG000009,SYN-FIC,UNDER_INVESTIGATION,1432684,5,B
INC001071,714/2025,CASE000107,CHEATING_FRAUD,420,318(4),5,1,PS000114,Golakganj Police Station,LOC000114,Golakganj,Dhubri,Assam,26.02193,89.81691,2025-10-26T08:24,2025-10-27T13:24,State Police - Crime Branch,ORG000006,SYN-TRF,CHARGESHEETED,1617089724,4,A
INC001072,149/2020,CASE000149,MONEY_LAUNDERING,PMLA 3/4,-,7,0,PS000065,Osian Police Station,LOC000065,Osian,Jodhpur,Rajasthan,26.71758,72.91971,2020-10-10T01:10,2020-10-12T22:10,Special Task Force (STF),,UNAFFILIATED,UNDER_INVESTIGATION,46598557,4,D
INC001073,802/2025,CASE000008,NDPS_TRAFFICKING,NDPS 21(c)/29,-,9,0,PS000110,Jagatpur Police Station,LOC000110,Jagatpur,Cuttack,Odisha,20.51657,85.86729,2025-12-11T19:39,2025-12-12T16:39,Directorate of Revenue Intelligence,ORG000010,SYN-GAN,CHARGESHEETED,509541998,3,B
INC001074,248/2024,CASE000016,CRIMINAL_CONSPIRACY,120B,61(2),5,0,PS000114,Golakganj Police Station,LOC000114,Golakganj,Dhubri,Assam,26.02193,89.81691,2024-10-08T16:34,2024-10-10T15:34,Anti-Narcotics Cell,ORG000009,SYN-FIC,UNTRACED,0,4,B
INC001075,866/2025,CASE000012,ARMS_ACT,Arms Act 25/27,-,6,0,PS000029,Rajghat Police Station,LOC000029,Rajghat,Gorakhpur,Uttar Pradesh,26.76019,83.36182,2025-01-03T11:33,2025-01-05T02:33,Special Task Force (STF),ORG000007,SYN-ARM,CHARGESHEETED,0,3,C
INC001076,743/2026,CASE000051,CHEATING_FRAUD,420,318(4),5,1,PS000037,Mithanpura Police Station,LOC000037,Mithanpura,Muzaffarpur,Bihar,26.12944,85.39524,2026-03-23T03:13,2026-03-23T12:13,Border Security Force - Intel,ORG000008,SYN-VEH,CHARGESHEETED,1626900817,3,C
INC001077,390/2025,CASE000081,NDPS_POSSESSION,NDPS 22(b),-,5,0,PS000019,Najafgarh Police Station,LOC000019,Najafgarh,New Delhi,Delhi,28.61304,77.01367,2025-09-23T20:34,2025-09-25T22:34,Anti-Narcotics Cell,ORG000002,SYN-HER,CHARGESHEETED,0,3,A
INC001078,710/2024,CASE000009,MURDER,302,103(1),10,0,PS000018,Karol Bagh Police Station,LOC000018,Karol Bagh,New Delhi,Delhi,28.64425,77.18711,2024-02-14T08:02,2024-02-15T05:02,Income Tax Investigation Wing,ORG000013,SYN-KDN,CHARGESHEETED,0,3,A
INC001079,372/2023,CASE000131,FORGERY,465/468,336(3),4,1,PS000117,Tuibong Police Station,LOC000117,Tuibong,Churachandpur,Manipur,24.3214,93.68328,2023-03-03T17:53,2023-03-04T00:53,State Intelligence Department,ORG000015,SYN-WLD,UNDER_INVESTIGATION,0,3,A
INC001080,384/2025,CASE000113,VEHICLE_THEFT,379/411,303(2),3,1,PS000036,Kasim Bazaar Police Station,LOC000036,Kasim Bazaar,Munger,Bihar,25.3687,86.46907,2025-09-26T15:03,2025-09-28T18:03,State Police - Crime Branch,ORG000008,SYN-VEH,UNDER_INVESTIGATION,0,3,A
INC001081,814/2026,CASE000142,FICN_COUNTERFEIT,489B/489C,179,8,0,PS000038,Chandauti Police Station,LOC000038,Chandauti,Gaya,Bihar,24.78741,84.99597,2026-05-29T04:55,2026-05-30T11:55,State Intelligence Department,ORG000009,SYN-FIC,CHARGESHEETED,114206441,1,B
INC001082,683/2024,CASE000044,ARMS_ACT,Arms Act 25/27,-,6,0,PS000019,Najafgarh Police Station,LOC000019,Najafgarh,New Delhi,Delhi,28.61304,77.01367,2024-08-01T10:57,2024-08-03T08:57,Anti-Terrorism Squad (ATS),ORG000014,SYN-SHK,UNDER_INVESTIGATION,0,2,A
INC001083,008/2020,CASE000105,ATTEMPT_TO_MURDER,307,109,8,0,PS000041,Khajanchi Hat Police Station,LOC000041,Khajanchi Hat,Purnia,Bihar,25.78858,87.47757,2020-02-22T05:44,2020-02-23T23:44,Narcotics Control Bureau,ORG000005,SYN-MIN,UNTRACED,0,3,C
INC001084,102/2022,CASE000103,ROBBERY,392,309(4),6,0,PS000035,Kadamkuan Police Station,LOC000035,Kadamkuan,Patna,Bihar,25.62537,85.1468,2022-06-16T01:31,2022-06-18T15:31,Special Task Force (STF),ORG000008,SYN-VEH,UNDER_INVESTIGATION,25854293,2,D
INC001085,573/2024,CASE000047,CHEATING_FRAUD,420,318(4),5,1,PS000009,Yerwada Police Station,LOC000009,Yerwada,Pune,Maharashtra,18.54781,73.88111,2024-03-10T23:20,2024-03-12T14:20,Enforcement Directorate,ORG000004,SYN-HAW,CHARGESHEETED,1973842,2,A
INC001086,338/2024,CASE000079,FORGERY,465/468,336(3),4,1,PS000006,Malad Police Station,LOC000006,Malad,Mumbai,Maharashtra,19.18722,72.85232,2024-04-13T15:59,2024-04-14T05:59,Income Tax Investigation Wing,ORG000004,SYN-HAW,CONVICTED,0,2,B
INC001087,609/2025,CASE000080,CHIT_FUND_PONZI,BUDS Act 21,318(4),6,1,PS000044,Jharia Police Station,LOC000044,Jharia,Dhanbad,Jharkhand,23.74956,86.41065,2025-08-13T09:56,2025-08-13T22:56,State Police - Crime Branch,ORG000011,SYN-PON,CONVICTED,27595008,5,A
INC001088,849/2026,CASE000130,ARMS_ACT,Arms Act 25/27,-,6,0,PS000001,Dongri Police Station,LOC000001,Dongri,Mumbai,Maharashtra,18.96279,72.8275,2026-05-04T19:08,2026-05-06T15:08,Narcotics Control Bureau,ORG000010,SYN-GAN,UNTRACED,0,2,C
INC001089,378/2023,CASE000143,CHEATING_FRAUD,420,318(4),5,1,PS000043,Sarwan Police Station,LOC000043,Sarwan,Deoghar,Jharkhand,24.47171,86.69972,2023-08-11T21:08,2023-08-13T02:08,State Intelligence Department,ORG000011,SYN-PON,UNTRACED,605678171,2,C
INC001090,155/2025,CASE000098,ORGANISED_CRIME,MCOCA 3(1),111,10,0,PS000077,Bairagarh Police Station,LOC000077,Bairagarh,Bhopal,Madhya Pradesh,23.27477,77.32792,2025-03-19T10:05,2025-03-21T23:05,Special Task Force (STF),ORG000007,SYN-ARM,CHARGESHEETED,0,1,B
INC001091,518/2022,CASE000045,CHEATING_FRAUD,420,318(4),5,1,PS000040,Barauni Police Station,LOC000040,Barauni,Begusarai,Bihar,25.42198,86.12977,2022-01-30T23:08,2022-01-31T17:08,Border Security Force - Intel,ORG000011,SYN-PON,UNDER_INVESTIGATION,1471142049,1,C
INC001092,740/2022,CASE000027,ORGANISED_CRIME,MCOCA 3(1),111,10,0,PS000049,Kaliachak Police Station,LOC000049,Kaliachak,Malda,West Bengal,24.97035,88.00242,2022-12-06T18:00,2022-12-06T21:00,Economic Offences Wing,ORG000007,SYN-ARM,CONVICTED,0,3,C
INC001093,899/2023,CASE000020,CRIMINAL_CONSPIRACY,120B,61(2),5,0,PS000053,Karimpur Police Station,LOC000053,Karimpur,Nadia,West Bengal,23.96971,88.62078,2023-01-31T01:19,2023-02-02T13:19,Income Tax Investigation Wing,ORG000006,SYN-TRF,CONVICTED,0,1,C
INC001094,272/2026,CASE000014,LAND_GRABBING,441/447,329,4,1,PS000089,Gunadala Police Station,LOC000089,Gunadala,Vijayawada,Andhra Pradesh,16.51407,80.65268,2026-05-02T22:55,2026-05-03T03:55,Border Security Force - Intel,,UNAFFILIATED,CHARGESHEETED,0,2,C
INC001095,171/2025,CASE000134,CHEATING_FRAUD,420,318(4),5,1,PS000062,Gohana Police Station,LOC000062,Gohana,Sonipat,Haryana,29.14638,76.70853,2025-06-18T06:31,2025-06-20T08:31,Economic Offences Wing,ORG000008,SYN-VEH,CHARGESHEETED,36024441,1,B
INC001096,181/2024,CASE000145,SMUGGLING_CUSTOMS,Customs Act 135,-,5,1,PS000045,Hatia Police Station,LOC000045,Hatia,Ranchi,Jharkhand,23.30257,85.31951,2024-02-25T17:21,2024-02-26T13:21,State Intelligence Department,,UNAFFILIATED,UNDER_INVESTIGATION,21375264,2,A
INC001097,179/2026,CASE000138,FICN_COUNTERFEIT,489B/489C,179,8,0,PS000084,Kukatpally Police Station,LOC000084,Kukatpally,Hyderabad,Telangana,17.48623,78.40974,2026-06-20T13:42,2026-06-22T08:42,Railway Protection Force,,UNAFFILIATED,CONVICTED,155862349,4,D
INC001098,577/2021,CASE000030,FICN_COUNTERFEIT,489B/489C,179,8,0,PS000113,Paltan Bazaar Police Station,LOC000113,Paltan Bazaar,Guwahati,Assam,26.17357,91.75925,2021-04-13T01:59,2021-04-14T00:59,Central Bureau of Investigation,ORG000009,SYN-FIC,CHARGESHEETED,148551582,4,B
INC001099,163/2022,CASE000020,CHEATING_FRAUD,420,318(4),5,1,PS000101,Ullal Police Station,LOC000101,Ullal,Mangaluru,Karnataka,12.80948,74.86499,2022-10-28T06:40,2022-10-28T14:40,Income Tax Investigation Wing,ORG000006,SYN-TRF,UNTRACED,5956119,5,C
INC001100,576/2025,CASE000087,SMUGGLING_CUSTOMS,Customs Act 135,-,5,1,PS000063,Barwala Police Station,LOC000063,Barwala,Hisar,Haryana,29.36333,75.90971,2025-11-14T00:52,2025-11-14T12:52,Economic Offences Wing,,UNAFFILIATED,UNTRACED,2673234929,5,A
INC001101,224/2025,CASE000120,SMUGGLING_CUSTOMS,Customs Act 135,-,5,1,PS000021,Sangam Vihar Police Station,LOC000021,Sangam Vihar,New Delhi,Delhi,28.48827,77.23159,2025-04-12T20:10,2025-04-13T03:10,Border Security Force - Intel,ORG000004,SYN-HAW,ACQUITTED,516048,4,C
INC001102,464/2025,CASE000079,FORGERY,465/468,336(3),4,1,PS000087,Bodhan Police Station,LOC000087,Bodhan,Nizamabad,Telangana,18.66779,77.89485,2025-04-01T00:43,2025-04-03T02:43,Income Tax Investigation Wing,ORG000004,SYN-HAW,UNDER_INVESTIGATION,0,2,B
INC001103,347/2023,CASE000088,CYBER_FRAUD,IT Act 66C/66D,319(2),5,1,PS000122,Birgaon Police Station,LOC000122,Birgaon,Raipur,Chhattisgarh,21.27602,81.63096,2023-06-01T09:00,2023-06-02T08:00,State Intelligence Department,,UNAFFILIATED,CHARGESHEETED,486037621,2,C
INC001104,300/2024,CASE000004,EXTORTION,384/387,308,6,0,PS000025,Lisari Gate Police Station,LOC000025,Lisari Gate,Meerut,Uttar Pradesh,28.97425,77.70598,2024-03-17T23:42,2024-03-18T00:42,Directorate of Revenue Intelligence,ORG000013,SYN-KDN,CHARGESHEETED,26550725,1,A
INC001105,547/2024,CASE000031,MONEY_LAUNDERING,PMLA 3/4,-,7,0,PS000021,Sangam Vihar Police Station,LOC000021,Sangam Vihar,New Delhi,Delhi,28.48827,77.23159,2024-06-28T11:52,2024-06-29T06:52,Narcotics Control Bureau,ORG000012,SYN-BET,UNDER_INVESTIGATION,1278646,2,B
INC001106,806/2023,CASE000145,SMUGGLING_CUSTOMS,Customs Act 135,-,5,1,PS000049,Kaliachak Police Station,LOC000049,Kaliachak,Malda,West Bengal,24.97035,88.00242,2023-09-12T09:59,2023-09-12T17:59,State Intelligence Department,,UNAFFILIATED,CHARGESHEETED,362483785,3,C
INC001107,850/2025,CASE000148,MONEY_LAUNDERING,PMLA 3/4,-,7,0,PS000038,Chandauti Police Station,LOC000038,Chandauti,Gaya,Bihar,24.78741,84.99597,2025-08-31T01:20,2025-09-02T19:20,State Police - Crime Branch,ORG000011,SYN-PON,UNDER_INVESTIGATION,167085,2,B
INC001108,553/2022,CASE000116,FORGERY,465/468,336(3),4,1,PS000088,Gajuwaka Police Station,LOC000088,Gajuwaka,Visakhapatnam,Andhra Pradesh,17.67545,83.2021,2022-08-10T18:58,2022-08-12T15:58,Special Task Force (STF),,UNAFFILIATED,ACQUITTED,0,3,D
INC001109,555/2024,CASE000090,ARMS_ACT,Arms Act 25/27,-,6,0,PS000080,Morar Police Station,LOC000080,Morar,Gwalior,Madhya Pradesh,26.22147,78.20426,2024-02-01T00:31,2024-02-02T10:31,Economic Offences Wing,ORG000007,SYN-ARM,UNDER_INVESTIGATION,0,1,B
INC001110,815/2022,CASE000035,FORGERY,465/468,336(3),4,1,PS000124,Clement Town Police Station,LOC000124,Clement Town,Dehradun,Uttarakhand,30.2693,77.99884,2022-12-16T13:13,2022-12-18T14:13,Anti-Narcotics Cell,,UNAFFILIATED,UNTRACED,0,3,A
INC001111,164/2025,CASE000146,MONEY_LAUNDERING,PMLA 3/4,-,7,0,PS000048,Rajabazar Police Station,LOC000048,Rajabazar,Kolkata,West Bengal,22.57998,88.37543,2025-08-23T00:33,2025-08-25T09:33,Railway Protection Force,ORG000011,SYN-PON,CONVICTED,29632607,1,A
INC001112,092/2022,CASE000156,ARMS_ACT,Arms Act 25/27,-,6,0,PS000078,Rau Police Station,LOC000078,Rau,Indore,Madhya Pradesh,22.64914,75.80858,2022-12-06T15:44,2022-12-09T11:44,Cyber Crime Cell,ORG000007,SYN-ARM,UNDER_INVESTIGATION,0,1,A
INC001113,192/2022,CASE000097,SMUGGLING_CUSTOMS,Customs Act 135,-,5,1,PS000115,Sutarkandi Police Station,LOC000115,Sutarkandi,Karimganj,Assam,24.87968,92.34231,2022-03-28T22:10,2022-03-30T00:10,State Police - Crime Branch,,UNAFFILIATED,CHARGESHEETED,32087966,1,A
INC001114,150/2023,CASE000001,FORGERY,465/468,336(3),4,1,PS000101,Ullal Police Station,LOC000101,Ullal,Mangaluru,Karnataka,12.80948,74.86499,2023-08-16T16:08,2023-08-18T08:08,Railway Protection Force,ORG000003,SYN-CYB,ACQUITTED,0,3,A
INC001115,048/2024,CASE000022,RIOTING,147/148,191(2),4,1,PS000065,Osian Police Station,LOC000065,Osian,Jodhpur,Rajasthan,26.71758,72.91971,2024-10-04T16:51,2024-10-07T00:51,Anti-Terrorism Squad (ATS),ORG000005,SYN-MIN,UNDER_INVESTIGATION,0,3,B
INC001116,836/2025,CASE000001,FORGERY,465/468,336(3),4,1,PS000053,Karimpur Police Station,LOC000053,Karimpur,Nadia,West Bengal,23.96971,88.62078,2025-07-30T10:49,2025-08-01T12:49,Railway Protection Force,ORG000003,SYN-CYB,UNTRACED,0,2,C
INC001117,541/2024,CASE000060,VEHICLE_THEFT,379/411,303(2),3,1,PS000057,Mamdot Police Station,LOC000057,Mamdot,Ferozepur,Punjab,30.92456,74.61601,2024-10-27T01:31,2024-10-29T11:31,Enforcement Directorate,ORG000008,SYN-VEH,CONVICTED,0,2,B
INC001118,855/2025,CASE000035,FORGERY,465/468,336(3),4,1,PS000070,Chohtan Police Station,LOC000070,Chohtan,Barmer,Rajasthan,25.48114,71.04168,2025-10-07T20:51,2025-10-10T12:51,Anti-Narcotics Cell,,UNAFFILIATED,CHARGESHEETED,0,7,D
INC001119,031/2025,CASE000141,ARMS_ACT,Arms Act 25/27,-,6,0,PS000047,Metiabruz Police Station,LOC000047,Metiabruz,Kolkata,West Bengal,22.53329,88.31358,2025-12-02T16:15,2025-12-05T10:15,Income Tax Investigation Wing,ORG000013,SYN-KDN,ACQUITTED,0,2,C
INC001120,295/2024,CASE000047,CHEATING_FRAUD,420,318(4),5,1,PS000073,Mundra Police Station,LOC000073,Mundra,Kutch,Gujarat,22.83708,69.72983,2024-07-14T01:26,2024-07-15T15:26,Enforcement Directorate,ORG000004,SYN-HAW,UNTRACED,1986500,4,D
INC001121,680/2025,CASE000012,MURDER,302,103(1),10,0,PS000036,Kasim Bazaar Police Station,LOC000036,Kasim Bazaar,Munger,Bihar,25.3687,86.46907,2025-02-07T07:12,2025-02-08T22:12,Special Task Force (STF),ORG000007,SYN-ARM,UNTRACED,0,3,C
INC001122,335/2021,CASE000128,NDPS_TRAFFICKING,NDPS 21(c)/29,-,9,0,PS000057,Mamdot Police Station,LOC000057,Mamdot,Ferozepur,Punjab,30.92456,74.61601,2021-08-07T04:08,2021-08-09T15:08,State Police - Crime Branch,ORG000002,SYN-HER,CONVICTED,765117666,7,A
INC001123,540/2024,CASE000142,CRIMINAL_CONSPIRACY,120B,61(2),5,0,PS000038,Chandauti Police Station,LOC000038,Chandauti,Gaya,Bihar,24.78741,84.99597,2024-12-17T19:57,2024-12-19T22:57,State Intelligence Department,ORG000009,SYN-FIC,UNDER_INVESTIGATION,0,2,B
INC001124,570/2026,CASE000061,MURDER,302,103(1),10,0,PS000068,Kaman Police Station,LOC000068,Kaman,Bharatpur,Rajasthan,27.6531,77.26593,2026-03-26T03:35,2026-03-27T19:35,Central Bureau of Investigation,ORG000014,SYN-SHK,CONVICTED,0,2,A
INC001125,519/2025,CASE000077,MONEY_LAUNDERING,PMLA 3/4,-,7,0,PS000051,Bongaon Police Station,LOC000051,Bongaon,North 24 Parganas,West Bengal,23.07416,88.81118,2025-02-24T01:18,2025-02-27T01:18,Enforcement Directorate,ORG000011,SYN-PON,UNDER_INVESTIGATION,2734045507,2,C
INC001126,275/2019,CASE000045,MONEY_LAUNDERING,PMLA 3/4,-,7,0,PS000036,Kasim Bazaar Police Station,LOC000036,Kasim Bazaar,Munger,Bihar,25.3687,86.46907,2019-12-17T03:36,2019-12-19T07:36,Border Security Force - Intel,ORG000011,SYN-PON,UNDER_INVESTIGATION,2654799841,3,B
INC001127,403/2024,CASE000002,CRIMINAL_CONSPIRACY,120B,61(2),5,0,PS000020,Nangloi Police Station,LOC000020,Nangloi,New Delhi,Delhi,28.68418,77.06042,2024-08-30T21:22,2024-09-02T07:22,Income Tax Investigation Wing,ORG000015,SYN-WLD,CHARGESHEETED,0,4,B
INC001128,865/2024,CASE000153,DACOITY,395,310(2),8,0,PS000019,Najafgarh Police Station,LOC000019,Najafgarh,New Delhi,Delhi,28.61304,77.01367,2024-10-12T21:08,2024-10-14T05:08,Railway Protection Force,,UNAFFILIATED,UNTRACED,38895839,7,A
INC001129,189/2021,CASE000028,CHEATING_FRAUD,420,318(4),5,1,PS000041,Khajanchi Hat Police Station,LOC000041,Khajanchi Hat,Purnia,Bihar,25.78858,87.47757,2021-02-12T01:14,2021-02-13T05:14,Economic Offences Wing,ORG000006,SYN-TRF,CONVICTED,35578532,7,C
INC001130,438/2024,CASE000035,FORGERY,465/468,336(3),4,1,PS000037,Mithanpura Police Station,LOC000037,Mithanpura,Muzaffarpur,Bihar,26.12944,85.39524,2024-09-05T13:57,2024-09-05T22:57,Anti-Narcotics Cell,,UNAFFILIATED,CHARGESHEETED,0,7,D
INC001131,312/2025,CASE000064,MONEY_LAUNDERING,PMLA 3/4,-,7,0,PS000068,Kaman Police Station,LOC000068,Kaman,Bharatpur,Rajasthan,27.6531,77.26593,2025-09-10T16:23,2025-09-11T20:23,Directorate of Revenue Intelligence,ORG000012,SYN-BET,UNTRACED,12973964,1,C
INC001132,219/2025,CASE000134,CHEATING_FRAUD,420,318(4),5,1,PS000056,Jamalpur Police Station,LOC000056,Jamalpur,Ludhiana,Punjab,30.91108,75.85307,2025-06-12T01:59,2025-06-14T23:59,Economic Offences Wing,ORG000008,SYN-VEH,CHARGESHEETED,462969003,3,D
INC001133,032/2025,CASE000096,SMUGGLING_CUSTOMS,Customs Act 135,-,5,1,PS000048,Rajabazar Police Station,LOC000048,Rajabazar,Kolkata,West Bengal,22.57998,88.37543,2025-09-14T10:43,2025-09-17T08:43,Economic Offences Wing,ORG000004,SYN-HAW,CHARGESHEETED,26140114,2,B
INC001134,232/2022,CASE000116,FORGERY,465/468,336(3),4,1,PS000085,Chandrayangutta Police Station,LOC000085,Chandrayangutta,Hyderabad,Telangana,17.33336,78.49109,2022-05-11T01:17,2022-05-14T01:17,Special Task Force (STF),,UNAFFILIATED,UNDER_INVESTIGATION,0,7,A
INC001135,787/2026,CASE000035,FORGERY,465/468,336(3),4,1,PS000109,Nayapalli Police Station,LOC000109,Nayapalli,Bhubaneswar,Odisha,20.28446,85.8132,2026-01-11T10:20,2026-01-12T14:20,Anti-Narcotics Cell,,UNAFFILIATED,CHARGESHEETED,0,1,B
INC001136,681/2026,CASE000003,MONEY_LAUNDERING,PMLA 3/4,-,7,0,PS000085,Chandrayangutta Police Station,LOC000085,Chandrayangutta,Hyderabad,Telangana,17.33336,78.49109,2026-06-18T20:15,2026-06-19T07:15,Central Bureau of Investigation,ORG000004,SYN-HAW,UNDER_INVESTIGATION,12158393,4,D
INC001137,380/2018,CASE000148,MONEY_LAUNDERING,PMLA 3/4,-,7,0,PS000113,Paltan Bazaar Police Station,LOC000113,Paltan Bazaar,Guwahati,Assam,26.17357,91.75925,2018-11-14T05:41,2018-11-16T20:41,State Police - Crime Branch,ORG000011,SYN-PON,CHARGESHEETED,2835411505,1,D
INC001138,583/2024,CASE000080,MONEY_LAUNDERING,PMLA 3/4,-,7,0,PS000048,Rajabazar Police Station,LOC000048,Rajabazar,Kolkata,West Bengal,22.57998,88.37543,2024-01-08T16:42,2024-01-11T07:42,State Police - Crime Branch,ORG000011,SYN-PON,CHARGESHEETED,32734716,5,C
INC001139,312/2020,CASE000031,MONEY_LAUNDERING,PMLA 3/4,-,7,0,PS000017,Jamia Nagar Police Station,LOC000017,Jamia Nagar,New Delhi,Delhi,28.55756,77.28271,2020-07-30T09:41,2020-08-02T06:41,Narcotics Control Bureau,ORG000012,SYN-BET,UNDER_INVESTIGATION,1181323,5,A
INC001140,843/2026,CASE000100,NDPS_TRAFFICKING,NDPS 21(c)/29,-,9,0,PS000086,Hanamkonda Police Station,LOC000086,Hanamkonda,Warangal,Telangana,18.00878,79.55269,2026-05-27T02:31,2026-05-27T15:31,Special Task Force (STF),ORG000010,SYN-GAN,CONVICTED,396519605,2,C
INC001141,857/2023,CASE000072,EXTORTION,384/387,308,6,0,PS000017,Jamia Nagar Police Station,LOC000017,Jamia Nagar,New Delhi,Delhi,28.55756,77.28271,2023-12-12T09:35,2023-12-14T13:35,Economic Offences Wing,ORG000014,SYN-SHK,UNDER_INVESTIGATION,41927398,2,C
INC001142,120/2024,CASE000001,MONEY_LAUNDERING,PMLA 3/4,-,7,0,PS000045,Hatia Police Station,LOC000045,Hatia,Ranchi,Jharkhand,23.30257,85.31951,2024-06-24T13:59,2024-06-25T15:59,Railway Protection Force,ORG000003,SYN-CYB,ACQUITTED,40377993,2,B
INC001143,136/2019,CASE000054,KIDNAP_FOR_RANSOM,364A,140(2),9,0,PS000046,Bengabad Police Station,LOC000046,Bengabad,Giridih,Jharkhand,24.1853,86.30745,2019-07-27T03:52,2019-07-27T17:52,Cyber Crime Cell,ORG000013,SYN-KDN,UNDER_INVESTIGATION,10045460,3,A
INC001144,386/2024,CASE000121,MONEY_LAUNDERING,PMLA 3/4,-,7,0,PS000053,Karimpur Police Station,LOC000053,Karimpur,Nadia,West Bengal,23.96971,88.62078,2024-10-29T14:44,2024-10-30T03:44,Income Tax Investigation Wing,ORG000004,SYN-HAW,UNDER_INVESTIGATION,1146322723,2,B
INC001145,395/2026,CASE000064,CHEATING_FRAUD,420,318(4),5,1,PS000070,Chohtan Police Station,LOC000070,Chohtan,Barmer,Rajasthan,25.48114,71.04168,2026-04-07T06:00,2026-04-08T05:00,Directorate of Revenue Intelligence,ORG000012,SYN-BET,CONVICTED,1718346,3,A
INC001146,235/2025,CASE000018,CHEATING_FRAUD,420,318(4),5,1,PS000084,Kukatpally Police Station,LOC000084,Kukatpally,Hyderabad,Telangana,17.48623,78.40974,2025-06-01T12:47,2025-06-03T05:47,Economic Offences Wing,,UNAFFILIATED,CONVICTED,11293438,1,B
INC001147,777/2023,CASE000069,ARMS_ACT,Arms Act 25/27,-,6,0,PS000069,Ramgarh Police Station,LOC000069,Ramgarh,Alwar,Rajasthan,27.52158,76.62084,2023-08-19T02:52,2023-08-19T07:52,Cyber Crime Cell,,UNAFFILIATED,CONVICTED,0,5,A
INC001148,030/2024,CASE000076,KIDNAP_FOR_RANSOM,364A,140(2),9,0,PS000044,Jharia Police Station,LOC000044,Jharia,Dhanbad,Jharkhand,23.74956,86.41065,2024-10-15T16:18,2024-10-16T08:18,State Intelligence Department,,UNAFFILIATED,CHARGESHEETED,34665924,2,D
INC001149,541/2025,CASE000127,CRIMINAL_CONSPIRACY,120B,61(2),5,0,PS000082,Gorakhpur Police Station,LOC000082,Gorakhpur,Jabalpur,Madhya Pradesh,23.16759,79.94739,2025-04-10T09:09,2025-04-10T15:09,Central Bureau of Investigation,,UNAFFILIATED,CHARGESHEETED,0,1,C
INC001150,565/2026,CASE000103,VEHICLE_THEFT,379/411,303(2),3,1,PS000038,Chandauti Police Station,LOC000038,Chandauti,Gaya,Bihar,24.78741,84.99597,2026-02-14T19:54,2026-02-16T17:54,Special Task Force (STF),ORG000008,SYN-VEH,CHARGESHEETED,0,1,D
INC001151,105/2025,CASE000018,CHEATING_FRAUD,420,318(4),5,1,PS000117,Tuibong Police Station,LOC000117,Tuibong,Churachandpur,Manipur,24.3214,93.68328,2025-09-04T12:39,2025-09-05T11:39,Economic Offences Wing,,UNAFFILIATED,CHARGESHEETED,1777917,3,C
INC001152,415/2026,CASE000081,CRIMINAL_CONSPIRACY,120B,61(2),5,0,PS000020,Nangloi Police Station,LOC000020,Nangloi,New Delhi,Delhi,28.68418,77.06042,2026-03-31T15:37,2026-04-01T20:37,Anti-Narcotics Cell,ORG000002,SYN-HER,CHARGESHEETED,0,4,A
INC001153,400/2024,CASE000132,VEHICLE_THEFT,379/411,303(2),3,1,PS000082,Gorakhpur Police Station,LOC000082,Gorakhpur,Jabalpur,Madhya Pradesh,23.16759,79.94739,2024-01-14T06:47,2024-01-15T05:47,Economic Offences Wing,,UNAFFILIATED,CHARGESHEETED,0,2,C
INC001154,636/2025,CASE000121,CHEATING_FRAUD,420,318(4),5,1,PS000106,Nadakkavu Police Station,LOC000106,Nadakkavu,Kozhikode,Kerala,11.26765,75.77077,2025-10-03T11:27,2025-10-03T21:27,Income Tax Investigation Wing,ORG000004,SYN-HAW,CHARGESHEETED,2796845057,1,C
INC001155,250/2023,CASE000069,ARMS_ACT,Arms Act 25/27,-,6,0,PS000085,Chandrayangutta Police Station,LOC000085,Chandrayangutta,Hyderabad,Telangana,17.33336,78.49109,2023-08-01T06:26,2023-08-02T13:26,Cyber Crime Cell,,UNAFFILIATED,UNDER_INVESTIGATION,0,5,B
INC001156,497/2024,CASE000060,CHEATING_FRAUD,420,318(4),5,1,PS000015,Chandni Chowk Police Station,LOC000015,Chandni Chowk,New Delhi,Delhi,28.65923,77.23546,2024-03-09T23:47,2024-03-12T18:47,Enforcement Directorate,ORG000008,SYN-VEH,CHARGESHEETED,49936425,2,A
INC001157,616/2025,CASE000093,ATTEMPT_TO_MURDER,307,109,8,0,PS000039,Mahadeva Police Station,LOC000039,Mahadeva,Siwan,Bihar,26.21306,84.36525,2025-12-21T14:25,2025-12-24T02:25,Railway Protection Force,ORG000005,SYN-MIN,CHARGESHEETED,0,1,D
INC001158,492/2025,CASE000093,MURDER,302,103(1),10,0,PS000078,Rau Police Station,LOC000078,Rau,Indore,Madhya Pradesh,22.64914,75.80858,2025-07-30T20:25,2025-08-02T01:25,Railway Protection Force,ORG000005,SYN-MIN,CHARGESHEETED,0,1,D
INC001159,188/2022,CASE000127,CRIMINAL_CONSPIRACY,120B,61(2),5,0,PS000119,Vasco Police Station,LOC000119,Vasco,South Goa,Goa,15.40014,73.81334,2022-03-28T09:37,2022-03-29T11:37,Central Bureau of Investigation,,UNAFFILIATED,CHARGESHEETED,0,1,D
INC001160,632/2025,CASE000073,EXTORTION,384/387,308,6,0,PS000009,Yerwada Police Station,LOC000009,Yerwada,Pune,Maharashtra,18.54781,73.88111,2025-03-29T20:56,2025-03-30T12:56,Anti-Terrorism Squad (ATS),ORG000014,SYN-SHK,UNDER_INVESTIGATION,39870345,2,C
INC001161,556/2025,CASE000016,FICN_COUNTERFEIT,489B/489C,179,8,0,PS000032,Baradari Police Station,LOC000032,Baradari,Bareilly,Uttar Pradesh,28.3677,79.43192,2025-02-19T03:07,2025-02-19T19:07,Anti-Narcotics Cell,ORG000009,SYN-FIC,ACQUITTED,240847653,4,D
INC001162,453/2025,CASE000111,ARMS_ACT,Arms Act 25/27,-,6,0,PS000030,Dhoomanganj Police Station,LOC000030,Dhoomanganj,Prayagraj,Uttar Pradesh,25.43722,81.80306,2025-04-04T00:20,2025-04-05T15:20,Railway Protection Force,ORG000013,SYN-KDN,CHARGESHEETED,0,7,B
INC001163,838/2023,CASE000050,EXTORTION,384/387,308,6,0,PS000077,Bairagarh Police Station,LOC000077,Bairagarh,Bhopal,Madhya Pradesh,23.27477,77.32792,2023-06-08T21:43,2023-06-11T19:43,Anti-Terrorism Squad (ATS),ORG000005,SYN-MIN,UNDER_INVESTIGATION,48535267,7,C
INC001164,516/2023,CASE000104,CHEATING_FRAUD,420,318(4),5,1,PS000051,Bongaon Police Station,LOC000051,Bongaon,North 24 Parganas,West Bengal,23.07416,88.81118,2023-02-07T04:00,2023-02-07T22:00,Income Tax Investigation Wing,ORG000004,SYN-HAW,UNDER_INVESTIGATION,9393450,3,C
INC001165,478/2025,CASE000080,CHIT_FUND_PONZI,BUDS Act 21,318(4),6,1,PS000112,Berhampur Police Station,LOC000112,Berhampur,Ganjam,Odisha,19.31878,84.78231,2025-03-24T05:06,2025-03-25T17:06,State Police - Crime Branch,ORG000011,SYN-PON,CHARGESHEETED,32658465,2,D
INC001166,127/2026,CASE000091,KIDNAP_FOR_RANSOM,364A,140(2),9,0,PS000037,Mithanpura Police Station,LOC000037,Mithanpura,Muzaffarpur,Bihar,26.12944,85.39524,2026-02-13T08:48,2026-02-15T18:48,Anti-Narcotics Cell,ORG000013,SYN-KDN,CONVICTED,21201371,1,B
INC001167,867/2024,CASE000046,ILLEGAL_MINING,MMDR 21(1),-,4,1,PS000040,Barauni Police Station,LOC000040,Barauni,Begusarai,Bihar,25.42198,86.12977,2024-08-21T00:19,2024-08-23T13:19,Income Tax Investigation Wing,ORG000005,SYN-MIN,CHARGESHEETED,0,3,A
INC001168,740/2026,CASE000039,FORGERY,465/468,336(3),4,1,PS000020,Nangloi Police Station,LOC000020,Nangloi,New Delhi,Delhi,28.68418,77.06042,2026-05-06T01:36,2026-05-08T22:36,Narcotics Control Bureau,ORG000015,SYN-WLD,CHARGESHEETED,0,5,B
INC001169,864/2022,CASE000156,ORGANISED_CRIME,MCOCA 3(1),111,10,0,PS000026,Loni Police Station,LOC000026,Loni,Ghaziabad,Uttar Pradesh,28.74286,77.27579,2022-08-21T20:13,2022-08-22T08:13,Cyber Crime Cell,ORG000007,SYN-ARM,UNDER_INVESTIGATION,0,1,B
INC001170,421/2023,CASE000024,EXTORTION,384/387,308,6,0,PS000015,Chandni Chowk Police Station,LOC000015,Chandni Chowk,New Delhi,Delhi,28.65923,77.23546,2023-11-20T05:38,2023-11-22T16:38,Railway Protection Force,ORG000001,SYN-EXT,UNTRACED,24711461,4,D
INC001171,759/2026,CASE000051,FORGERY,465/468,336(3),4,1,PS000059,Rampura Phul Police Station,LOC000059,Rampura Phul,Bathinda,Punjab,30.26925,75.24749,2026-03-12T11:26,2026-03-13T01:26,Border Security Force - Intel,ORG000008,SYN-VEH,CONVICTED,0,2,D
INC001172,398/2021,CASE000133,FORGERY,465/468,336(3),4,1,PS000018,Karol Bagh Police Station,LOC000018,Karol Bagh,New Delhi,Delhi,28.64425,77.18711,2021-08-06T08:47,2021-08-07T21:47,Special Task Force (STF),ORG000015,SYN-WLD,CHARGESHEETED,0,3,C
INC001173,008/2025,CASE000035,FORGERY,465/468,336(3),4,1,PS000087,Bodhan Police Station,LOC000087,Bodhan,Nizamabad,Telangana,18.66779,77.89485,2025-09-14T00:57,2025-09-14T20:57,Anti-Narcotics Cell,,UNAFFILIATED,CONVICTED,0,4,D
INC001174,691/2026,CASE000098,MURDER,302,103(1),10,0,PS000038,Chandauti Police Station,LOC000038,Chandauti,Gaya,Bihar,24.78741,84.99597,2026-01-06T06:59,2026-01-08T08:59,Special Task Force (STF),ORG000007,SYN-ARM,UNTRACED,0,1,D
INC001175,871/2025,CASE000106,CRIMINAL_CONSPIRACY,120B,61(2),5,0,PS000094,Kodungaiyur Police Station,LOC000094,Kodungaiyur,Chennai,Tamil Nadu,13.13103,80.23855,2025-12-27T05:55,2025-12-30T00:55,Border Security Force - Intel,ORG000010,SYN-GAN,UNTRACED,0,1,B
INC001176,744/2022,CASE000128,NDPS_TRAFFICKING,NDPS 21(c)/29,-,9,0,PS000066,Nokha Police Station,LOC000066,Nokha,Bikaner,Rajasthan,27.56853,73.4757,2022-02-16T13:53,2022-02-19T00:53,State Police - Crime Branch,ORG000002,SYN-HER,CONVICTED,206014628,3,B
INC001177,337/2022,CASE000068,MURDER,302,103(1),10,0,PS000030,Dhoomanganj Police Station,LOC000030,Dhoomanganj,Prayagraj,Uttar Pradesh,25.43722,81.80306,2022-04-19T16:13,2022-04-22T13:13,Special Task Force (STF),ORG000005,SYN-MIN,UNDER_INVESTIGATION,0,2,B
INC001178,737/2025,CASE000100,CRIMINAL_CONSPIRACY,120B,61(2),5,0,PS000084,Kukatpally Police Station,LOC000084,Kukatpally,Hyderabad,Telangana,17.48623,78.40974,2025-03-05T11:14,2025-03-05T15:14,Special Task Force (STF),ORG000010,SYN-GAN,UNTRACED,0,4,C
INC001179,473/2023,CASE000104,MONEY_LAUNDERING,PMLA 3/4,-,7,0,PS000008,Vashi Police Station,LOC000008,Vashi,Navi Mumbai,Maharashtra,19.08218,72.99119,2023-10-25T07:21,2023-10-27T20:21,Income Tax Investigation Wing,ORG000004,SYN-HAW,UNDER_INVESTIGATION,561081939,3,B
INC001180,269/2025,CASE000042,FORGERY,465/468,336(3),4,1,PS000043,Sarwan Police Station,LOC000043,Sarwan,Deoghar,Jharkhand,24.47171,86.69972,2025-11-25T12:51,2025-11-28T05:51,Enforcement Directorate,ORG000011,SYN-PON,CHARGESHEETED,0,4,B
INC001181,841/2025,CASE000056,NDPS_POSSESSION,NDPS 22(b),-,5,0,PS000121,Uri Police Station,LOC000121,Uri,Baramulla,Jammu and Kashmir,34.0833,74.04758,2025-08-30T21:05,2025-08-31T13:05,Directorate of Revenue Intelligence,ORG000002,SYN-HER,CHARGESHEETED,0,3,A
INC001182,449/2021,CASE000107,CHEATING_FRAUD,420,318(4),5,1,PS000115,Sutarkandi Police Station,LOC000115,Sutarkandi,Karimganj,Assam,24.87968,92.34231,2021-02-18T22:29,2021-02-20T22:29,State Police - Crime Branch,ORG000006,SYN-TRF,CHARGESHEETED,25087435,1,B
INC001183,439/2018,CASE000133,SMUGGLING_CUSTOMS,Customs Act 135,-,5,1,PS000115,Sutarkandi Police Station,LOC000115,Sutarkandi,Karimganj,Assam,24.87968,92.34231,2018-12-25T14:40,2018-12-26T15:40,Special Task Force (STF),ORG000015,SYN-WLD,UNDER_INVESTIGATION,8877975,1,D
INC001184,067/2026,CASE000126,ARMS_ACT,Arms Act 25/27,-,6,0,PS000121,Uri Police Station,LOC000121,Uri,Baramulla,Jammu and Kashmir,34.0833,74.04758,2026-03-12T04:34,2026-03-13T11:34,Narcotics Control Bureau,ORG000002,SYN-HER,UNDER_INVESTIGATION,0,1,A
INC001185,399/2025,CASE000141,MURDER,302,103(1),10,0,PS000026,Loni Police Station,LOC000026,Loni,Ghaziabad,Uttar Pradesh,28.74286,77.27579,2025-09-18T22:37,2025-09-19T15:37,Income Tax Investigation Wing,ORG000013,SYN-KDN,CHARGESHEETED,0,4,A
INC001186,647/2024,CASE000044,ORGANISED_CRIME,MCOCA 3(1),111,10,0,PS000015,Chandni Chowk Police Station,LOC000015,Chandni Chowk,New Delhi,Delhi,28.65923,77.23546,2024-04-03T02:38,2024-04-05T20:38,Anti-Terrorism Squad (ATS),ORG000014,SYN-SHK,ACQUITTED,0,2,D
INC001187,302/2024,CASE000155,NDPS_TRAFFICKING,NDPS 21(c)/29,-,9,0,PS000055,Khalra Police Station,LOC000055,Khalra,Tarn Taran,Punjab,31.44862,74.56847,2024-08-09T09:49,2024-08-12T09:49,Anti-Narcotics Cell,ORG000002,SYN-HER,UNDER_INVESTIGATION,679379244,3,C
INC001188,800/2024,CASE000097,SMUGGLING_CUSTOMS,Customs Act 135,-,5,1,PS000092,Chintapalli Police Station,LOC000092,Chintapalli,Alluri Sitharama Raju,Andhra Pradesh,17.86088,82.34667,2024-03-03T01:17,2024-03-04T00:17,State Police - Crime Branch,,UNAFFILIATED,CONVICTED,569441767,5,C
INC001189,026/2024,CASE000011,NDPS_POSSESSION,NDPS 22(b),-,5,0,PS000090,Mangalagiri Police Station,LOC000090,Mangalagiri,Guntur,Andhra Pradesh,16.43011,80.55502,2024-10-12T16:22,2024-10-14T02:22,Income Tax Investigation Wing,ORG000010,SYN-GAN,UNDER_INVESTIGATION,0,1,C
INC001190,149/2021,CASE000151,ORGANISED_CRIME,MCOCA 3(1),111,10,0,PS000021,Sangam Vihar Police Station,LOC000021,Sangam Vihar,New Delhi,Delhi,28.48827,77.23159,2021-11-16T14:00,2021-11-16T21:00,Income Tax Investigation Wing,,UNAFFILIATED,UNDER_INVESTIGATION,0,3,C
INC001191,119/2025,CASE000001,CHEATING_FRAUD,420,318(4),5,1,PS000101,Ullal Police Station,LOC000101,Ullal,Mangaluru,Karnataka,12.80948,74.86499,2025-05-08T15:22,2025-05-09T01:22,Railway Protection Force,ORG000003,SYN-CYB,CHARGESHEETED,18712598,1,B
INC001192,256/2024,CASE000005,ORGANISED_CRIME,MCOCA 3(1),111,10,0,PS000046,Bengabad Police Station,LOC000046,Bengabad,Giridih,Jharkhand,24.1853,86.30745,2024-03-07T11:14,2024-03-10T02:14,Special Task Force (STF),ORG000013,SYN-KDN,CONVICTED,0,3,C
INC001193,759/2026,CASE000111,EXTORTION,384/387,308,6,0,PS000022,Paharganj Police Station,LOC000022,Paharganj,New Delhi,Delhi,28.64769,77.22086,2026-04-18T20:48,2026-04-21T07:48,Railway Protection Force,ORG000013,SYN-KDN,CONVICTED,13550995,5,D
INC001194,171/2025,CASE000075,ORGANISED_CRIME,MCOCA 3(1),111,10,0,PS000070,Chohtan Police Station,LOC000070,Chohtan,Barmer,Rajasthan,25.48114,71.04168,2025-01-30T11:53,2025-01-31T20:53,State Intelligence Department,ORG000014,SYN-SHK,UNDER_INVESTIGATION,0,4,C
INC001195,071/2025,CASE000061,ORGANISED_CRIME,MCOCA 3(1),111,10,0,PS000069,Ramgarh Police Station,LOC000069,Ramgarh,Alwar,Rajasthan,27.52158,76.62084,2025-11-02T04:34,2025-11-04T04:34,Central Bureau of Investigation,ORG000014,SYN-SHK,UNDER_INVESTIGATION,0,2,B
INC001196,202/2024,CASE000104,MONEY_LAUNDERING,PMLA 3/4,-,7,0,PS000074,Kutiyana Police Station,LOC000074,Kutiyana,Porbandar,Gujarat,21.62158,69.97079,2024-07-02T17:16,2024-07-04T19:16,Income Tax Investigation Wing,ORG000004,SYN-HAW,UNDER_INVESTIGATION,1364872415,2,C
INC001197,215/2024,CASE000075,EXTORTION,384/387,308,6,0,PS000079,Sanawad Police Station,LOC000079,Sanawad,Khargone,Madhya Pradesh,22.17019,75.90242,2024-05-23T13:10,2024-05-26T02:10,State Intelligence Department,ORG000014,SYN-SHK,CHARGESHEETED,20415082,5,D
INC001198,527/2024,CASE000035,FORGERY,465/468,336(3),4,1,PS000103,Sandur Police Station,LOC000103,Sandur,Ballari,Karnataka,15.10763,76.5405,2024-04-12T16:54,2024-04-14T00:54,Anti-Narcotics Cell,,UNAFFILIATED,CHARGESHEETED,0,5,D
INC001199,429/2025,CASE000135,FICN_COUNTERFEIT,489B/489C,179,8,0,PS000040,Barauni Police Station,LOC000040,Barauni,Begusarai,Bihar,25.42198,86.12977,2025-04-02T10:04,2025-04-03T04:04,Narcotics Control Bureau,ORG000009,SYN-FIC,ACQUITTED,673283732,1,C
INC001200,656/2025,CASE000134,FORGERY,465/468,336(3),4,1,PS000040,Barauni Police Station,LOC000040,Barauni,Begusarai,Bihar,25.42198,86.12977,2025-06-30T05:11,2025-07-02T23:11,Economic Offences Wing,ORG000008,SYN-VEH,ACQUITTED,0,1,B
INC001201,724/2019,CASE000041,CHEATING_FRAUD,420,318(4),5,1,PS000108,Thalassery Police Station,LOC000108,Thalassery,Kannur,Kerala,11.74699,75.49641,2019-11-30T18:38,2019-12-03T08:38,Special Task Force (STF),ORG000004,SYN-HAW,CHARGESHEETED,1992766,3,D
INC001202,244/2021,CASE000084,FORGERY,465/468,336(3),4,1,PS000111,Chitrakonda Police Station,LOC000111,Chitrakonda,Malkangiri,Odisha,18.09702,82.10019,2021-12-18T12:41,2021-12-19T13:41,State Police - Crime Branch,,UNAFFILIATED,ACQUITTED,0,3,C
INC001203,256/2026,CASE000112,CHEATING_FRAUD,420,318(4),5,1,PS000019,Najafgarh Police Station,LOC000019,Najafgarh,New Delhi,Delhi,28.61304,77.01367,2026-06-06T02:15,2026-06-08T09:15,Narcotics Control Bureau,ORG000004,SYN-HAW,CHARGESHEETED,20018383,2,B
INC001204,612/2025,CASE000147,RIOTING,147/148,191(2),4,1,PS000080,Morar Police Station,LOC000080,Morar,Gwalior,Madhya Pradesh,26.22147,78.20426,2025-06-21T01:44,2025-06-22T15:44,Special Task Force (STF),ORG000005,SYN-MIN,CONVICTED,0,2,D
INC001205,001/2026,CASE000063,ARMS_ACT,Arms Act 25/27,-,6,0,PS000043,Sarwan Police Station,LOC000043,Sarwan,Deoghar,Jharkhand,24.47171,86.69972,2026-06-10T10:28,2026-06-12T09:28,Income Tax Investigation Wing,ORG000007,SYN-ARM,CHARGESHEETED,0,2,A
INC001206,239/2019,CASE000109,FICN_COUNTERFEIT,489B/489C,179,8,0,PS000034,Line Bazaar Police Station,LOC000034,Line Bazaar,Jaunpur,Uttar Pradesh,25.75361,82.67229,2019-11-01T21:14,2019-11-04T08:14,Special Task Force (STF),ORG000009,SYN-FIC,UNDER_INVESTIGATION,355034241,2,C
INC001207,551/2021,CASE000082,VEHICLE_THEFT,379/411,303(2),3,1,PS000038,Chandauti Police Station,LOC000038,Chandauti,Gaya,Bihar,24.78741,84.99597,2021-07-31T16:16,2021-08-02T05:16,Directorate of Revenue Intelligence,ORG000008,SYN-VEH,UNDER_INVESTIGATION,0,2,A
INC001208,002/2023,CASE000128,CRIMINAL_CONSPIRACY,120B,61(2),5,0,PS000063,Barwala Police Station,LOC000063,Barwala,Hisar,Haryana,29.36333,75.90971,2023-06-29T10:11,2023-07-02T00:11,State Police - Crime Branch,ORG000002,SYN-HER,CHARGESHEETED,0,3,C
INC001209,575/2023,CASE000099,SMUGGLING_CUSTOMS,Customs Act 135,-,5,1,PS000015,Chandni Chowk Police Station,LOC000015,Chandni Chowk,New Delhi,Delhi,28.65923,77.23546,2023-10-11T15:34,2023-10-14T08:34,Cyber Crime Cell,ORG000009,SYN-FIC,CONVICTED,1048631,5,C
INC001210,395/2020,CASE000006,FORGERY,465/468,336(3),4,1,PS000038,Chandauti Police Station,LOC000038,Chandauti,Gaya,Bihar,24.78741,84.99597,2020-07-27T04:49,2020-07-27T14:49,Central Bureau of Investigation,ORG000003,SYN-CYB,CONVICTED,0,5,B
INC001211,017/2024,CASE000015,FORGERY,465/468,336(3),4,1,PS000107,Chavakkad Police Station,LOC000107,Chavakkad,Thrissur,Kerala,10.58445,76.01633,2024-02-12T02:29,2024-02-14T02:29,Income Tax Investigation Wing,ORG000004,SYN-HAW,CHARGESHEETED,0,7,B
INC001212,584/2025,CASE000099,SMUGGLING_CUSTOMS,Customs Act 135,-,5,1,PS000039,Mahadeva Police Station,LOC000039,Mahadeva,Siwan,Bihar,26.21306,84.36525,2025-10-23T17:40,2025-10-24T07:40,Cyber Crime Cell,ORG000009,SYN-FIC,UNTRACED,1409344,2,A
INC001213,744/2024,CASE000057,FICN_COUNTERFEIT,489B/489C,179,8,0,PS000076,Karelibaug Police Station,LOC000076,Karelibaug,Vadodara,Gujarat,22.32869,73.19409,2024-04-24T02:55,2024-04-24T17:55,Special Task Force (STF),,UNAFFILIATED,UNDER_INVESTIGATION,750271149,2,B
INC001214,030/2026,CASE000007,CRIMINAL_CONSPIRACY,120B,61(2),5,0,PS000077,Bairagarh Police Station,LOC000077,Bairagarh,Bhopal,Madhya Pradesh,23.27477,77.32792,2026-04-17T09:43,2026-04-19T10:43,Railway Protection Force,ORG000007,SYN-ARM,CHARGESHEETED,0,3,C
INC001215,299/2022,CASE000082,CHEATING_FRAUD,420,318(4),5,1,PS000037,Mithanpura Police Station,LOC000037,Mithanpura,Muzaffarpur,Bihar,26.12944,85.39524,2022-10-24T13:31,2022-10-24T22:31,Directorate of Revenue Intelligence,ORG000008,SYN-VEH,CHARGESHEETED,13017388,1,D
INC001216,860/2025,CASE000004,ORGANISED_CRIME,MCOCA 3(1),111,10,0,PS000020,Nangloi Police Station,LOC000020,Nangloi,New Delhi,Delhi,28.68418,77.06042,2025-03-04T11:19,2025-03-05T12:19,Directorate of Revenue Intelligence,ORG000013,SYN-KDN,UNDER_INVESTIGATION,0,3,D
INC001217,824/2025,CASE000147,RIOTING,147/148,191(2),4,1,PS000023,Aminabad Police Station,LOC000023,Aminabad,Lucknow,Uttar Pradesh,26.84458,80.91064,2025-06-21T02:06,2025-06-21T19:06,Special Task Force (STF),ORG000005,SYN-MIN,UNDER_INVESTIGATION,0,3,B
INC001218,341/2022,CASE000050,ATTEMPT_TO_MURDER,307,109,8,0,PS000094,Kodungaiyur Police Station,LOC000094,Kodungaiyur,Chennai,Tamil Nadu,13.13103,80.23855,2022-04-17T08:24,2022-04-17T09:24,Anti-Terrorism Squad (ATS),ORG000005,SYN-MIN,ACQUITTED,0,3,B
INC001219,016/2025,CASE000018,CHEATING_FRAUD,420,318(4),5,1,PS000054,Ajnala Police Station,LOC000054,Ajnala,Amritsar,Punjab,31.83946,74.75814,2025-04-10T01:38,2025-04-11T01:38,Economic Offences Wing,,UNAFFILIATED,CONVICTED,1504244,2,B
INC001220,895/2025,CASE000078,VEHICLE_THEFT,379/411,303(2),3,1,PS000020,Nangloi Police Station,LOC000020,Nangloi,New Delhi,Delhi,28.68418,77.06042,2025-05-30T22:58,2025-05-31T19:58,Anti-Narcotics Cell,ORG000008,SYN-VEH,UNDER_INVESTIGATION,0,4,A
INC001221,804/2024,CASE000004,MURDER,302,103(1),10,0,PS000021,Sangam Vihar Police Station,LOC000021,Sangam Vihar,New Delhi,Delhi,28.48827,77.23159,2024-08-19T10:57,2024-08-21T11:57,Directorate of Revenue Intelligence,ORG000013,SYN-KDN,UNTRACED,0,1,A
INC001222,489/2018,CASE000031,BETTING_GAMBLING,Gambling Act 3/4,-,2,1,PS000102,Afzalpur Police Station,LOC000102,Afzalpur,Kalaburagi,Karnataka,17.20729,76.36952,2018-10-08T09:28,2018-10-09T03:28,Narcotics Control Bureau,ORG000012,SYN-BET,UNDER_INVESTIGATION,849861,4,D
INC001223,846/2022,CASE000020,CRIMINAL_CONSPIRACY,120B,61(2),5,0,PS000113,Paltan Bazaar Police Station,LOC000113,Paltan Bazaar,Guwahati,Assam,26.17357,91.75925,2022-01-02T19:21,2022-01-04T22:21,Income Tax Investigation Wing,ORG000006,SYN-TRF,CHARGESHEETED,0,2,B
INC001224,323/2024,CASE000124,FORGERY,465/468,336(3),4,1,PS000051,Bongaon Police Station,LOC000051,Bongaon,North 24 Parganas,West Bengal,23.07416,88.81118,2024-08-02T08:17,2024-08-02T13:17,Directorate of Revenue Intelligence,ORG000004,SYN-HAW,CHARGESHEETED,0,2,B
INC001225,349/2021,CASE000050,ILLEGAL_MINING,MMDR 21(1),-,4,1,PS000095,Melur Police Station,LOC000095,Melur,Madurai,Tamil Nadu,10.02224,78.3489,2021-03-24T13:59,2021-03-25T08:59,Anti-Terrorism Squad (ATS),ORG000005,SYN-MIN,UNTRACED,0,2,A
INC001226,611/2020,CASE000044,ATTEMPT_TO_MURDER,307,109,8,0,PS000019,Najafgarh Police Station,LOC000019,Najafgarh,New Delhi,Delhi,28.61304,77.01367,2020-11-20T21:51,2020-11-21T17:51,Anti-Terrorism Squad (ATS),ORG000014,SYN-SHK,ACQUITTED,0,7,A
INC001227,244/2025,CASE000070,NDPS_TRAFFICKING,NDPS 21(c)/29,-,9,0,PS000021,Sangam Vihar Police Station,LOC000021,Sangam Vihar,New Delhi,Delhi,28.48827,77.23159,2025-09-28T23:15,2025-10-01T10:15,Special Task Force (STF),ORG000002,SYN-HER,CHARGESHEETED,468644076,3,A
INC001228,586/2024,CASE000060,FORGERY,465/468,336(3),4,1,PS000027,Sector 63 Police Station,LOC000027,Sector 63,Noida,Uttar Pradesh,28.63194,77.37857,2024-10-18T04:27,2024-10-18T06:27,Enforcement Directorate,ORG000008,SYN-VEH,CHARGESHEETED,0,1,D
INC001229,031/2021,CASE000090,ORGANISED_CRIME,MCOCA 3(1),111,10,0,PS000044,Jharia Police Station,LOC000044,Jharia,Dhanbad,Jharkhand,23.74956,86.41065,2021-10-03T12:21,2021-10-04T10:21,Economic Offences Wing,ORG000007,SYN-ARM,CHARGESHEETED,0,3,D
INC001230,094/2024,CASE000022,ILLEGAL_MINING,MMDR 21(1),-,4,1,PS000066,Nokha Police Station,LOC000066,Nokha,Bikaner,Rajasthan,27.56853,73.4757,2024-05-22T18:52,2024-05-24T09:52,Anti-Terrorism Squad (ATS),ORG000005,SYN-MIN,CHARGESHEETED,0,5,D
INC001231,622/2021,CASE000102,CRIMINAL_CONSPIRACY,120B,61(2),5,0,PS000098,Srirangam Police Station,LOC000098,Srirangam,Trichy,Tamil Nadu,10.86798,78.69592,2021-08-06T12:21,2021-08-07T03:21,State Police - Crime Branch,ORG000015,SYN-WLD,CHARGESHEETED,0,3,B
INC001232,443/2022,CASE000032,CRIMINAL_CONSPIRACY,120B,61(2),5,0,PS000083,Charminar Police Station,LOC000083,Charminar,Hyderabad,Telangana,17.35976,78.47486,2022-11-03T18:43,2022-11-06T15:43,Anti-Terrorism Squad (ATS),ORG000010,SYN-GAN,CHARGESHEETED,0,2,D
INC001233,847/2026,CASE000114,ORGANISED_CRIME,MCOCA 3(1),111,10,0,PS000103,Sandur Police Station,LOC000103,Sandur,Ballari,Karnataka,15.10763,76.5405,2026-01-03T02:39,2026-01-05T23:39,Anti-Narcotics Cell,,UNAFFILIATED,CHARGESHEETED,0,7,A
INC001234,356/2023,CASE000115,CRIMINAL_CONSPIRACY,120B,61(2),5,0,PS000029,Rajghat Police Station,LOC000029,Rajghat,Gorakhpur,Uttar Pradesh,26.76019,83.36182,2023-01-15T15:24,2023-01-15T22:24,Directorate of Revenue Intelligence,ORG000007,SYN-ARM,CONVICTED,0,4,A
INC001235,399/2023,CASE000110,ATTEMPT_TO_MURDER,307,109,8,0,PS000010,Kondhwa Police Station,LOC000010,Kondhwa,Pune,Maharashtra,18.45704,73.8876,2023-04-27T14:05,2023-04-30T08:05,Central Bureau of Investigation,ORG000001,SYN-EXT,CHARGESHEETED,0,3,C
INC001236,808/2025,CASE000145,SMUGGLING_CUSTOMS,Customs Act 135,-,5,1,PS000067,Chomu Police Station,LOC000067,Chomu,Jaipur,Rajasthan,27.16846,75.72915,2025-10-06T02:00,2025-10-08T18:00,State Intelligence Department,,UNAFFILIATED,UNDER_INVESTIGATION,1748898215,3,C
INC001237,183/2026,CASE000016,CRIMINAL_CONSPIRACY,120B,61(2),5,0,PS000036,Kasim Bazaar Police Station,LOC000036,Kasim Bazaar,Munger,Bihar,25.3687,86.46907,2026-01-20T12:58,2026-01-22T22:58,Anti-Narcotics Cell,ORG000009,SYN-FIC,CHARGESHEETED,0,1,C
INC001238,234/2025,CASE000145,SMUGGLING_CUSTOMS,Customs Act 135,-,5,1,PS000041,Khajanchi Hat Police Station,LOC000041,Khajanchi Hat,Purnia,Bihar,25.78858,87.47757,2025-03-06T18:26,2025-03-07T18:26,State Intelligence Department,,UNAFFILIATED,UNDER_INVESTIGATION,2052365861,5,B
INC001239,641/2023,CASE000074,NDPS_POSSESSION,NDPS 22(b),-,5,0,PS000107,Chavakkad Police Station,LOC000107,Chavakkad,Thrissur,Kerala,10.58445,76.01633,2023-02-03T23:37,2023-02-04T11:37,Railway Protection Force,,UNAFFILIATED,UNDER_INVESTIGATION,0,3,A
INC001240,026/2026,CASE000130,NDPS_POSSESSION,NDPS 22(b),-,5,0,PS000122,Birgaon Police Station,LOC000122,Birgaon,Raipur,Chhattisgarh,21.27602,81.63096,2026-05-05T19:02,2026-05-08T03:02,Narcotics Control Bureau,ORG000010,SYN-GAN,CONVICTED,0,2,D
INC001241,838/2023,CASE000007,ARMS_ACT,Arms Act 25/27,-,6,0,PS000010,Kondhwa Police Station,LOC000010,Kondhwa,Pune,Maharashtra,18.45704,73.8876,2023-04-14T15:30,2023-04-14T22:30,Railway Protection Force,ORG000007,SYN-ARM,UNTRACED,0,5,B
INC001242,611/2023,CASE000072,EXTORTION,384/387,308,6,0,PS000062,Gohana Police Station,LOC000062,Gohana,Sonipat,Haryana,29.14638,76.70853,2023-10-05T21:43,2023-10-07T03:43,Economic Offences Wing,ORG000014,SYN-SHK,CHARGESHEETED,48013737,2,A
INC001243,733/2024,CASE000089,ATTEMPT_TO_MURDER,307,109,8,0,PS000031,Kutba Police Station,LOC000031,Kutba,Muzaffarnagar,Uttar Pradesh,29.47784,77.70244,2024-12-28T06:13,2024-12-29T18:13,Income Tax Investigation Wing,ORG000005,SYN-MIN,CHARGESHEETED,0,7,A
INC001244,797/2020,CASE000155,MONEY_LAUNDERING,PMLA 3/4,-,7,0,PS000120,Maisuma Police Station,LOC000120,Maisuma,Srinagar,Jammu and Kashmir,34.06805,74.79591,2020-01-06T17:13,2020-01-07T08:13,Anti-Narcotics Cell,ORG000002,SYN-HER,UNDER_INVESTIGATION,7289679,2,B
INC001245,275/2019,CASE000097,SMUGGLING_CUSTOMS,Customs Act 135,-,5,1,PS000076,Karelibaug Police Station,LOC000076,Karelibaug,Vadodara,Gujarat,22.32869,73.19409,2019-07-25T23:32,2019-07-26T00:32,State Police - Crime Branch,,UNAFFILIATED,CHARGESHEETED,2645877023,2,B
INC001246,230/2022,CASE000102,WILDLIFE_TRAFFICKING,WLPA 51,-,6,0,PS000050,Jalangi Police Station,LOC000050,Jalangi,Murshidabad,West Bengal,24.11042,88.40108,2022-02-27T23:16,2022-02-28T14:16,State Police - Crime Branch,ORG000015,SYN-WLD,CONVICTED,499515273,2,C
INC001247,638/2023,CASE000153,DACOITY,395,310(2),8,0,PS000102,Afzalpur Police Station,LOC000102,Afzalpur,Kalaburagi,Karnataka,17.20729,76.36952,2023-10-14T23:25,2023-10-16T01:25,Railway Protection Force,,UNAFFILIATED,UNDER_INVESTIGATION,21669672,1,D
INC001248,765/2026,CASE000051,CHEATING_FRAUD,420,318(4),5,1,PS000024,Chakeri Police Station,LOC000024,Chakeri,Kanpur,Uttar Pradesh,26.41802,80.40132,2026-03-27T16:45,2026-03-29T06:45,Border Security Force - Intel,ORG000008,SYN-VEH,UNTRACED,1815807,1,A
INC001249,247/2023,CASE000035,FORGERY,465/468,336(3),4,1,PS000099,KG Halli Police Station,LOC000099,KG Halli,Bengaluru,Karnataka,13.00798,77.6042,2023-08-30T06:43,2023-08-30T14:43,Anti-Narcotics Cell,,UNAFFILIATED,CHARGESHEETED,0,3,A
INC001250,117/2023,CASE000069,ARMS_ACT,Arms Act 25/27,-,6,0,PS000115,Sutarkandi Police Station,LOC000115,Sutarkandi,Karimganj,Assam,24.87968,92.34231,2023-04-23T18:41,2023-04-25T01:41,Cyber Crime Cell,,UNAFFILIATED,UNDER_INVESTIGATION,0,4,B
INC001251,398/2025,CASE000152,CRIMINAL_CONSPIRACY,120B,61(2),5,0,PS000115,Sutarkandi Police Station,LOC000115,Sutarkandi,Karimganj,Assam,24.87968,92.34231,2025-02-04T10:04,2025-02-06T03:04,Economic Offences Wing,ORG000015,SYN-WLD,CHARGESHEETED,0,7,C
INC001252,803/2024,CASE000031,EXTORTION,384/387,308,6,0,PS000086,Hanamkonda Police Station,LOC000086,Hanamkonda,Warangal,Telangana,18.00878,79.55269,2024-04-09T03:11,2024-04-09T14:11,Narcotics Control Bureau,ORG000012,SYN-BET,UNDER_INVESTIGATION,6662753,5,D
INC001253,511/2023,CASE000015,CHEATING_FRAUD,420,318(4),5,1,PS000095,Melur Police Station,LOC000095,Melur,Madurai,Tamil Nadu,10.02224,78.3489,2023-05-17T13:00,2023-05-20T02:00,Income Tax Investigation Wing,ORG000004,SYN-HAW,CHARGESHEETED,47455094,1,D
INC001254,718/2022,CASE000076,KIDNAP_FOR_RANSOM,364A,140(2),9,0,PS000017,Jamia Nagar Police Station,LOC000017,Jamia Nagar,New Delhi,Delhi,28.55756,77.28271,2022-11-08T22:10,2022-11-09T10:10,State Intelligence Department,,UNAFFILIATED,CONVICTED,36807865,4,B
INC001255,466/2025,CASE000012,MURDER,302,103(1),10,0,PS000030,Dhoomanganj Police Station,LOC000030,Dhoomanganj,Prayagraj,Uttar Pradesh,25.43722,81.80306,2025-04-21T00:25,2025-04-21T16:25,Special Task Force (STF),ORG000007,SYN-ARM,CHARGESHEETED,0,2,C
INC001256,217/2026,CASE000130,ARMS_ACT,Arms Act 25/27,-,6,0,PS000089,Gunadala Police Station,LOC000089,Gunadala,Vijayawada,Andhra Pradesh,16.51407,80.65268,2026-05-27T02:33,2026-05-28T08:33,Narcotics Control Bureau,ORG000010,SYN-GAN,UNDER_INVESTIGATION,0,1,D
INC001257,252/2020,CASE000025,CHEATING_FRAUD,420,318(4),5,1,PS000041,Khajanchi Hat Police Station,LOC000041,Khajanchi Hat,Purnia,Bihar,25.78858,87.47757,2020-02-06T14:32,2020-02-08T08:32,Income Tax Investigation Wing,ORG000003,SYN-CYB,UNDER_INVESTIGATION,120810531,3,B
INC001258,310/2022,CASE000055,ARMS_ACT,Arms Act 25/27,-,6,0,PS000013,Cidco Police Station,LOC000013,Cidco,Aurangabad,Maharashtra,19.86758,75.33886,2022-12-30T13:55,2022-12-31T02:55,Economic Offences Wing,ORG000007,SYN-ARM,UNTRACED,0,2,C
INC001259,038/2021,CASE000117,FORGERY,465/468,336(3),4,1,PS000022,Paharganj Police Station,LOC000022,Paharganj,New Delhi,Delhi,28.64769,77.22086,2021-02-25T01:19,2021-02-26T01:19,Economic Offences Wing,ORG000015,SYN-WLD,ACQUITTED,0,2,C
INC001260,324/2022,CASE000035,FORGERY,465/468,336(3),4,1,PS000117,Tuibong Police Station,LOC000117,Tuibong,Churachandpur,Manipur,24.3214,93.68328,2022-06-25T19:08,2022-06-28T09:08,Anti-Narcotics Cell,,UNAFFILIATED,CHARGESHEETED,0,2,B
INC001261,104/2021,CASE000085,EXTORTION,384/387,308,6,0,PS000017,Jamia Nagar Police Station,LOC000017,Jamia Nagar,New Delhi,Delhi,28.55756,77.28271,2021-10-13T12:55,2021-10-13T20:55,Cyber Crime Cell,ORG000001,SYN-EXT,CHARGESHEETED,25139761,2,A
INC001262,024/2020,CASE000136,DACOITY,395,310(2),8,0,PS000119,Vasco Police Station,LOC000119,Vasco,South Goa,Goa,15.40014,73.81334,2020-04-17T05:42,2020-04-17T15:42,Income Tax Investigation Wing,,UNAFFILIATED,UNDER_INVESTIGATION,17885279,5,D
INC001263,410/2024,CASE000037,BETTING_GAMBLING,Gambling Act 3/4,-,2,1,PS000022,Paharganj Police Station,LOC000022,Paharganj,New Delhi,Delhi,28.64769,77.22086,2024-07-16T23:42,2024-07-18T10:42,Special Task Force (STF),,UNAFFILIATED,UNDER_INVESTIGATION,1388429965,3,D
INC001264,521/2025,CASE000004,MURDER,302,103(1),10,0,PS000048,Rajabazar Police Station,LOC000048,Rajabazar,Kolkata,West Bengal,22.57998,88.37543,2025-06-04T08:08,2025-06-06T05:08,Directorate of Revenue Intelligence,ORG000013,SYN-KDN,CHARGESHEETED,0,4,B
INC001265,308/2023,CASE000157,MONEY_LAUNDERING,PMLA 3/4,-,7,0,PS000015,Chandni Chowk Police Station,LOC000015,Chandni Chowk,New Delhi,Delhi,28.65923,77.23546,2023-07-04T22:51,2023-07-07T12:51,Economic Offences Wing,ORG000003,SYN-CYB,CONVICTED,43334674,2,C
INC001266,388/2025,CASE000129,ORGANISED_CRIME,MCOCA 3(1),111,10,0,PS000056,Jamalpur Police Station,LOC000056,Jamalpur,Ludhiana,Punjab,30.91108,75.85307,2025-12-23T20:21,2025-12-25T04:21,Enforcement Directorate,,UNAFFILIATED,CONVICTED,0,7,D
INC001267,220/2026,CASE000008,ARMS_ACT,Arms Act 25/27,-,6,0,PS000099,KG Halli Police Station,LOC000099,KG Halli,Bengaluru,Karnataka,13.00798,77.6042,2026-03-12T14:17,2026-03-14T07:17,Directorate of Revenue Intelligence,ORG000010,SYN-GAN,CHARGESHEETED,0,3,A
INC001268,531/2018,CASE000062,FORGERY,465/468,336(3),4,1,PS000096,Ukkadam Police Station,LOC000096,Ukkadam,Coimbatore,Tamil Nadu,10.99091,76.96669,2018-03-03T16:28,2018-03-04T12:28,Cyber Crime Cell,ORG000004,SYN-HAW,ACQUITTED,0,3,C
INC001269,415/2023,CASE000035,FORGERY,465/468,336(3),4,1,PS000107,Chavakkad Police Station,LOC000107,Chavakkad,Thrissur,Kerala,10.58445,76.01633,2023-11-09T08:39,2023-11-12T08:39,Anti-Narcotics Cell,,UNAFFILIATED,CHARGESHEETED,0,3,B
INC001270,808/2023,CASE000149,MONEY_LAUNDERING,PMLA 3/4,-,7,0,PS000090,Mangalagiri Police Station,LOC000090,Mangalagiri,Guntur,Andhra Pradesh,16.43011,80.55502,2023-08-03T21:26,2023-08-05T09:26,Special Task Force (STF),,UNAFFILIATED,CHARGESHEETED,1080089534,1,C
INC001271,738/2025,CASE000089,ATTEMPT_TO_MURDER,307,109,8,0,PS000039,Mahadeva Police Station,LOC000039,Mahadeva,Siwan,Bihar,26.21306,84.36525,2025-01-09T17:52,2025-01-11T07:52,Income Tax Investigation Wing,ORG000005,SYN-MIN,UNDER_INVESTIGATION,0,1,D
INC001272,264/2021,CASE000157,FORGERY,465/468,336(3),4,1,PS000031,Kutba Police Station,LOC000031,Kutba,Muzaffarnagar,Uttar Pradesh,29.47784,77.70244,2021-05-25T17:23,2021-05-27T08:23,Economic Offences Wing,ORG000003,SYN-CYB,CHARGESHEETED,0,4,C
INC001273,289/2022,CASE000065,MURDER,302,103(1),10,0,PS000032,Baradari Police Station,LOC000032,Baradari,Bareilly,Uttar Pradesh,28.3677,79.43192,2022-02-11T03:09,2022-02-13T22:09,Narcotics Control Bureau,ORG000007,SYN-ARM,UNTRACED,0,4,D
INC001274,356/2024,CASE000139,MONEY_LAUNDERING,PMLA 3/4,-,7,0,PS000050,Jalangi Police Station,LOC000050,Jalangi,Murshidabad,West Bengal,24.11042,88.40108,2024-07-28T11:20,2024-07-28T12:20,Narcotics Control Bureau,ORG000011,SYN-PON,UNTRACED,35039209,3,A
INC001275,330/2026,CASE000075,ATTEMPT_TO_MURDER,307,109,8,0,PS000019,Najafgarh Police Station,LOC000019,Najafgarh,New Delhi,Delhi,28.61304,77.01367,2026-01-08T15:57,2026-01-08T16:57,State Intelligence Department,ORG000014,SYN-SHK,CONVICTED,0,1,C
INC001276,205/2025,CASE000048,CHIT_FUND_PONZI,BUDS Act 21,318(4),6,1,PS000008,Vashi Police Station,LOC000008,Vashi,Navi Mumbai,Maharashtra,19.08218,72.99119,2025-05-09T19:18,2025-05-11T21:18,Central Bureau of Investigation,,UNAFFILIATED,CHARGESHEETED,2597063624,1,D
INC001277,486/2024,CASE000134,CHEATING_FRAUD,420,318(4),5,1,PS000063,Barwala Police Station,LOC000063,Barwala,Hisar,Haryana,29.36333,75.90971,2024-12-15T16:04,2024-12-18T12:04,Economic Offences Wing,ORG000008,SYN-VEH,UNDER_INVESTIGATION,203716148,7,D
INC001278,632/2025,CASE000038,LAND_GRABBING,441/447,329,4,1,PS000100,Yeshwanthpur Police Station,LOC000100,Yeshwanthpur,Bengaluru,Karnataka,13.02634,77.54707,2025-11-24T19:10,2025-11-27T13:10,Directorate of Revenue Intelligence,ORG000001,SYN-EXT,UNTRACED,0,2,D
INC001279,261/2026,CASE000138,FICN_COUNTERFEIT,489B/489C,179,8,0,PS000105,Tirur Police Station,LOC000105,Tirur,Malappuram,Kerala,10.91534,75.92575,2026-06-16T15:57,2026-06-18T15:57,Railway Protection Force,,UNAFFILIATED,UNDER_INVESTIGATION,691513329,1,C
INC001280,408/2022,CASE000143,MONEY_LAUNDERING,PMLA 3/4,-,7,0,PS000113,Paltan Bazaar Police Station,LOC000113,Paltan Bazaar,Guwahati,Assam,26.17357,91.75925,2022-11-28T03:26,2022-11-28T07:26,State Intelligence Department,ORG000011,SYN-PON,CHARGESHEETED,397829,1,B
INC001281,121/2023,CASE000001,FORGERY,465/468,336(3),4,1,PS000048,Rajabazar Police Station,LOC000048,Rajabazar,Kolkata,West Bengal,22.57998,88.37543,2023-12-16T11:00,2023-12-18T07:00,Railway Protection Force,ORG000003,SYN-CYB,UNDER_INVESTIGATION,0,1,D
INC001282,255/2023,CASE000116,FORGERY,465/468,336(3),4,1,PS000118,Anjuna Police Station,LOC000118,Anjuna,North Goa,Goa,15.57327,73.73249,2023-09-16T00:42,2023-09-17T12:42,Special Task Force (STF),,UNAFFILIATED,UNDER_INVESTIGATION,0,4,C
INC001283,018/2022,CASE000118,CRIMINAL_CONSPIRACY,120B,61(2),5,0,PS000064,Ballabgarh Police Station,LOC000064,Ballabgarh,Faridabad,Haryana,28.34729,77.32805,2022-10-25T06:07,2022-10-26T23:07,Railway Protection Force,ORG000002,SYN-HER,UNDER_INVESTIGATION,0,3,C
INC001284,636/2026,CASE000012,ARMS_ACT,Arms Act 25/27,-,6,0,PS000034,Line Bazaar Police Station,LOC000034,Line Bazaar,Jaunpur,Uttar Pradesh,25.75361,82.67229,2026-03-06T00:00,2026-03-07T03:00,Special Task Force (STF),ORG000007,SYN-ARM,CONVICTED,0,1,D
INC001285,009/2025,CASE000073,ORGANISED_CRIME,MCOCA 3(1),111,10,0,PS000058,Nakodar Police Station,LOC000058,Nakodar,Jalandhar,Punjab,31.1138,75.47897,2025-08-10T19:13,2025-08-11T00:13,Anti-Terrorism Squad (ATS),ORG000014,SYN-SHK,CONVICTED,0,3,A
INC001286,445/2019,CASE000025,CYBER_FRAUD,IT Act 66C/66D,319(2),5,1,PS000027,Sector 63 Police Station,LOC000027,Sector 63,Noida,Uttar Pradesh,28.63194,77.37857,2019-07-20T15:55,2019-07-23T03:55,Income Tax Investigation Wing,ORG000003,SYN-CYB,CHARGESHEETED,30935372,1,B
INC001287,567/2021,CASE000031,BETTING_GAMBLING,Gambling Act 3/4,-,2,1,PS000102,Afzalpur Police Station,LOC000102,Afzalpur,Kalaburagi,Karnataka,17.20729,76.36952,2021-10-28T15:12,2021-10-29T14:12,Narcotics Control Bureau,ORG000012,SYN-BET,UNDER_INVESTIGATION,73988,2,C
INC001288,736/2025,CASE000098,CRIMINAL_CONSPIRACY,120B,61(2),5,0,PS000080,Morar Police Station,LOC000080,Morar,Gwalior,Madhya Pradesh,26.22147,78.20426,2025-08-27T23:43,2025-08-28T16:43,Special Task Force (STF),ORG000007,SYN-ARM,CHARGESHEETED,0,4,B
INC001289,165/2026,CASE000120,FORGERY,465/468,336(3),4,1,PS000052,Matigara Police Station,LOC000052,Matigara,Siliguri,West Bengal,26.72719,88.37142,2026-05-04T16:04,2026-05-05T10:04,Border Security Force - Intel,ORG000004,SYN-HAW,CONVICTED,0,1,C
INC001290,878/2022,CASE000155,ARMS_ACT,Arms Act 25/27,-,6,0,PS000021,Sangam Vihar Police Station,LOC000021,Sangam Vihar,New Delhi,Delhi,28.48827,77.23159,2022-01-03T02:28,2022-01-04T04:28,Anti-Narcotics Cell,ORG000002,SYN-HER,UNTRACED,0,3,C
INC001291,332/2025,CASE000053,ARMS_ACT,Arms Act 25/27,-,6,0,PS000121,Uri Police Station,LOC000121,Uri,Baramulla,Jammu and Kashmir,34.0833,74.04758,2025-09-16T18:50,2025-09-17T14:50,Economic Offences Wing,ORG000002,SYN-HER,CHARGESHEETED,0,7,B
INC001292,808/2026,CASE000014,LAND_GRABBING,441/447,329,4,1,PS000086,Hanamkonda Police Station,LOC000086,Hanamkonda,Warangal,Telangana,18.00878,79.55269,2026-02-12T07:29,2026-02-13T07:29,Border Security Force - Intel,,UNAFFILIATED,UNDER_INVESTIGATION,0,2,C
INC001293,007/2024,CASE000009,ORGANISED_CRIME,MCOCA 3(1),111,10,0,PS000040,Barauni Police Station,LOC000040,Barauni,Begusarai,Bihar,25.42198,86.12977,2024-04-22T17:31,2024-04-24T01:31,Income Tax Investigation Wing,ORG000013,SYN-KDN,ACQUITTED,0,2,A
INC001294,617/2026,CASE000147,RIOTING,147/148,191(2),4,1,PS000080,Morar Police Station,LOC000080,Morar,Gwalior,Madhya Pradesh,26.22147,78.20426,2026-03-14T01:04,2026-03-15T05:04,Special Task Force (STF),ORG000005,SYN-MIN,CONVICTED,0,1,A
INC001295,318/2024,CASE000090,ARMS_ACT,Arms Act 25/27,-,6,0,PS000008,Vashi Police Station,LOC000008,Vashi,Navi Mumbai,Maharashtra,19.08218,72.99119,2024-07-26T00:15,2024-07-27T13:15,Economic Offences Wing,ORG000007,SYN-ARM,UNDER_INVESTIGATION,0,3,C
INC001296,443/2022,CASE000050,RIOTING,147/148,191(2),4,1,PS000082,Gorakhpur Police Station,LOC000082,Gorakhpur,Jabalpur,Madhya Pradesh,23.16759,79.94739,2022-06-14T12:43,2022-06-15T21:43,Anti-Terrorism Squad (ATS),ORG000005,SYN-MIN,CONVICTED,0,3,D
INC001297,853/2025,CASE000122,BETTING_GAMBLING,Gambling Act 3/4,-,2,1,PS000076,Karelibaug Police Station,LOC000076,Karelibaug,Vadodara,Gujarat,22.32869,73.19409,2025-11-13T21:00,2025-11-15T21:00,Narcotics Control Bureau,ORG000012,SYN-BET,CHARGESHEETED,39173067,2,D
INC001298,493/2024,CASE000086,KIDNAP_FOR_RANSOM,364A,140(2),9,0,PS000076,Karelibaug Police Station,LOC000076,Karelibaug,Vadodara,Gujarat,22.32869,73.19409,2024-07-30T22:13,2024-08-02T21:13,State Police - Crime Branch,,UNAFFILIATED,CONVICTED,18385481,1,C
INC001299,426/2024,CASE000142,CRIMINAL_CONSPIRACY,120B,61(2),5,0,PS000037,Mithanpura Police Station,LOC000037,Mithanpura,Muzaffarpur,Bihar,26.12944,85.39524,2024-09-05T20:16,2024-09-08T02:16,State Intelligence Department,ORG000009,SYN-FIC,CHARGESHEETED,0,1,B
INC001300,688/2024,CASE000021,NDPS_POSSESSION,NDPS 22(b),-,5,0,PS000101,Ullal Police Station,LOC000101,Ullal,Mangaluru,Karnataka,12.80948,74.86499,2024-01-05T00:02,2024-01-05T13:02,Border Security Force - Intel,ORG000010,SYN-GAN,CONVICTED,0,1,D
INC001301,842/2025,CASE000131,SMUGGLING_CUSTOMS,Customs Act 135,-,5,1,PS000115,Sutarkandi Police Station,LOC000115,Sutarkandi,Karimganj,Assam,24.87968,92.34231,2025-05-28T15:41,2025-05-30T17:41,State Intelligence Department,ORG000015,SYN-WLD,UNDER_INVESTIGATION,38820560,7,A
INC001302,373/2025,CASE000093,RIOTING,147/148,191(2),4,1,PS000026,Loni Police Station,LOC000026,Loni,Ghaziabad,Uttar Pradesh,28.74286,77.27579,2025-04-25T05:18,2025-04-26T02:18,Railway Protection Force,ORG000005,SYN-MIN,UNDER_INVESTIGATION,0,2,A
INC001303,204/2019,CASE000085,ATTEMPT_TO_MURDER,307,109,8,0,PS000102,Afzalpur Police Station,LOC000102,Afzalpur,Kalaburagi,Karnataka,17.20729,76.36952,2019-05-22T00:27,2019-05-22T23:27,Cyber Crime Cell,ORG000001,SYN-EXT,CONVICTED,0,2,B
INC001304,594/2023,CASE000059,RIOTING,147/148,191(2),4,1,PS000035,Kadamkuan Police Station,LOC000035,Kadamkuan,Patna,Bihar,25.62537,85.1468,2023-05-29T17:01,2023-05-31T12:01,Income Tax Investigation Wing,ORG000005,SYN-MIN,CHARGESHEETED,0,4,B
INC001305,890/2024,CASE000019,EXTORTION,384/387,308,6,0,PS000025,Lisari Gate Police Station,LOC000025,Lisari Gate,Meerut,Uttar Pradesh,28.97425,77.70598,2024-02-14T00:43,2024-02-15T11:43,Anti-Terrorism Squad (ATS),ORG000005,SYN-MIN,CONVICTED,13419289,7,D
INC001306,712/2023,CASE000035,FORGERY,465/468,336(3),4,1,PS000034,Line Bazaar Police Station,LOC000034,Line Bazaar,Jaunpur,Uttar Pradesh,25.75361,82.67229,2023-03-17T16:06,2023-03-18T15:06,Anti-Narcotics Cell,,UNAFFILIATED,CHARGESHEETED,0,3,D
INC001307,517/2025,CASE000057,FICN_COUNTERFEIT,489B/489C,179,8,0,PS000103,Sandur Police Station,LOC000103,Sandur,Ballari,Karnataka,15.10763,76.5405,2025-12-21T12:53,2025-12-22T07:53,Special Task Force (STF),,UNAFFILIATED,UNDER_INVESTIGATION,229475101,3,C
INC001308,161/2020,CASE000118,ARMS_ACT,Arms Act 25/27,-,6,0,PS000061,Sohna Police Station,LOC000061,Sohna,Gurugram,Haryana,28.25004,77.06581,2020-01-06T05:15,2020-01-06T20:15,Railway Protection Force,ORG000002,SYN-HER,CHARGESHEETED,0,3,C
INC001309,039/2025,CASE000010,MONEY_LAUNDERING,PMLA 3/4,-,7,0,PS000049,Kaliachak Police Station,LOC000049,Kaliachak,Malda,West Bengal,24.97035,88.00242,2025-03-05T03:13,2025-03-05T13:13,Directorate of Revenue Intelligence,ORG000004,SYN-HAW,CHARGESHEETED,33774901,1,B
INC001310,568/2025,CASE000006,MONEY_LAUNDERING,PMLA 3/4,-,7,0,PS000047,Metiabruz Police Station,LOC000047,Metiabruz,Kolkata,West Bengal,22.53329,88.31358,2025-03-07T16:02,2025-03-08T02:02,Central Bureau of Investigation,ORG000003,SYN-CYB,CHARGESHEETED,2382043322,1,B
INC001311,501/2025,CASE000111,EXTORTION,384/387,308,6,0,PS000024,Chakeri Police Station,LOC000024,Chakeri,Kanpur,Uttar Pradesh,26.41802,80.40132,2025-12-29T21:21,2025-12-31T01:21,Railway Protection Force,ORG000013,SYN-KDN,CONVICTED,22951674,5,D
INC001312,848/2024,CASE000021,NDPS_TRAFFICKING,NDPS 21(c)/29,-,9,0,PS000123,Bhairamgarh Police Station,LOC000123,Bhairamgarh,Bijapur,Chhattisgarh,18.79608,80.7942,2024-04-08T15:20,2024-04-10T18:20,Border Security Force - Intel,ORG000010,SYN-GAN,CONVICTED,706064378,1,A
INC001313,337/2022,CASE000131,SMUGGLING_CUSTOMS,Customs Act 135,-,5,1,PS000090,Mangalagiri Police Station,LOC000090,Mangalagiri,Guntur,Andhra Pradesh,16.43011,80.55502,2022-08-26T14:14,2022-08-28T16:14,State Intelligence Department,ORG000015,SYN-WLD,CONVICTED,20084215,1,D
INC001314,614/2020,CASE000140,EXTORTION,384/387,308,6,0,PS000016,Seelampur Police Station,LOC000016,Seelampur,New Delhi,Delhi,28.67711,77.27533,2020-04-07T02:02,2020-04-08T22:02,Narcotics Control Bureau,ORG000013,SYN-KDN,UNDER_INVESTIGATION,4922344,2,D
INC001315,645/2023,CASE000156,CRIMINAL_CONSPIRACY,120B,61(2),5,0,PS000038,Chandauti Police Station,LOC000038,Chandauti,Gaya,Bihar,24.78741,84.99597,2023-12-18T01:17,2023-12-18T23:17,Cyber Crime Cell,ORG000007,SYN-ARM,UNDER_INVESTIGATION,0,5,A
INC001316,728/2026,CASE000053,CRIMINAL_CONSPIRACY,120B,61(2),5,0,PS000016,Seelampur Police Station,LOC000016,Seelampur,New Delhi,Delhi,28.67711,77.27533,2026-05-18T14:56,2026-05-18T16:56,Economic Offences Wing,ORG000002,SYN-HER,UNDER_INVESTIGATION,0,5,D
INC001317,231/2020,CASE000059,RIOTING,147/148,191(2),4,1,PS000036,Kasim Bazaar Police Station,LOC000036,Kasim Bazaar,Munger,Bihar,25.3687,86.46907,2020-09-03T19:21,2020-09-04T19:21,Income Tax Investigation Wing,ORG000005,SYN-MIN,CHARGESHEETED,0,1,B
INC001318,002/2025,CASE000071,FORGERY,465/468,336(3),4,1,PS000005,Andheri Police Station,LOC000005,Andheri,Mumbai,Maharashtra,19.11407,72.84691,2025-01-31T21:24,2025-02-01T16:24,State Police - Crime Branch,ORG000006,SYN-TRF,UNTRACED,0,4,C
INC001319,150/2024,CASE000060,FORGERY,465/468,336(3),4,1,PS000069,Ramgarh Police Station,LOC000069,Ramgarh,Alwar,Rajasthan,27.52158,76.62084,2024-10-03T21:39,2024-10-05T02:39,Enforcement Directorate,ORG000008,SYN-VEH,UNDER_INVESTIGATION,0,3,C
INC001320,727/2026,CASE000043,EXTORTION,384/387,308,6,0,PS000038,Chandauti Police Station,LOC000038,Chandauti,Gaya,Bihar,24.78741,84.99597,2026-05-06T16:34,2026-05-07T12:34,Enforcement Directorate,ORG000005,SYN-MIN,CHARGESHEETED,27762618,3,B
INC001321,190/2025,CASE000142,FICN_COUNTERFEIT,489B/489C,179,8,0,PS000036,Kasim Bazaar Police Station,LOC000036,Kasim Bazaar,Munger,Bihar,25.3687,86.46907,2025-06-08T14:14,2025-06-09T19:14,State Intelligence Department,ORG000009,SYN-FIC,UNTRACED,219072305,1,C
INC001322,513/2024,CASE000056,NDPS_POSSESSION,NDPS 22(b),-,5,0,PS000054,Ajnala Police Station,LOC000054,Ajnala,Amritsar,Punjab,31.83946,74.75814,2024-10-09T11:13,2024-10-10T11:13,Directorate of Revenue Intelligence,ORG000002,SYN-HER,UNDER_INVESTIGATION,0,2,C
INC001323,543/2026,CASE000138,FICN_COUNTERFEIT,489B/489C,179,8,0,PS000100,Yeshwanthpur Police Station,LOC000100,Yeshwanthpur,Bengaluru,Karnataka,13.02634,77.54707,2026-06-28T10:19,2026-07-01T02:19,Railway Protection Force,,UNAFFILIATED,CHARGESHEETED,208325205,2,A
INC001324,659/2026,CASE000091,ORGANISED_CRIME,MCOCA 3(1),111,10,0,PS000044,Jharia Police Station,LOC000044,Jharia,Dhanbad,Jharkhand,23.74956,86.41065,2026-04-13T08:28,2026-04-14T17:28,Anti-Narcotics Cell,ORG000013,SYN-KDN,CHARGESHEETED,0,3,A
INC001325,690/2026,CASE000132,VEHICLE_THEFT,379/411,303(2),3,1,PS000045,Hatia Police Station,LOC000045,Hatia,Ranchi,Jharkhand,23.30257,85.31951,2026-05-01T08:05,2026-05-03T18:05,Economic Offences Wing,,UNAFFILIATED,UNTRACED,0,1,C
INC001326,493/2025,CASE000012,CRIMINAL_CONSPIRACY,120B,61(2),5,0,PS000034,Line Bazaar Police Station,LOC000034,Line Bazaar,Jaunpur,Uttar Pradesh,25.75361,82.67229,2025-11-08T00:52,2025-11-10T09:52,Special Task Force (STF),ORG000007,SYN-ARM,CHARGESHEETED,0,5,D
INC001327,227/2025,CASE000055,ARMS_ACT,Arms Act 25/27,-,6,0,PS000044,Jharia Police Station,LOC000044,Jharia,Dhanbad,Jharkhand,23.74956,86.41065,2025-10-29T17:06,2025-11-01T12:06,Economic Offences Wing,ORG000007,SYN-ARM,UNDER_INVESTIGATION,0,1,C
INC001328,275/2022,CASE000025,CHEATING_FRAUD,420,318(4),5,1,PS000029,Rajghat Police Station,LOC000029,Rajghat,Gorakhpur,Uttar Pradesh,26.76019,83.36182,2022-03-03T14:57,2022-03-04T17:57,Income Tax Investigation Wing,ORG000003,SYN-CYB,CHARGESHEETED,272550,4,A
INC001329,636/2026,CASE000061,ORGANISED_CRIME,MCOCA 3(1),111,10,0,PS000027,Sector 63 Police Station,LOC000027,Sector 63,Noida,Uttar Pradesh,28.63194,77.37857,2026-01-07T20:45,2026-01-10T10:45,Central Bureau of Investigation,ORG000014,SYN-SHK,CONVICTED,0,4,C
INC001330,118/2026,CASE000073,MURDER,302,103(1),10,0,PS000063,Barwala Police Station,LOC000063,Barwala,Hisar,Haryana,29.36333,75.90971,2026-05-13T17:35,2026-05-16T07:35,Anti-Terrorism Squad (ATS),ORG000014,SYN-SHK,CONVICTED,0,3,A
INC001331,703/2025,CASE000091,KIDNAP_FOR_RANSOM,364A,140(2),9,0,PS000045,Hatia Police Station,LOC000045,Hatia,Ranchi,Jharkhand,23.30257,85.31951,2025-02-14T22:30,2025-02-15T18:30,Anti-Narcotics Cell,ORG000013,SYN-KDN,UNTRACED,4307447,3,C
INC001332,661/2026,CASE000112,SMUGGLING_CUSTOMS,Customs Act 135,-,5,1,PS000074,Kutiyana Police Station,LOC000074,Kutiyana,Porbandar,Gujarat,21.62158,69.97079,2026-05-28T07:00,2026-05-28T13:00,Narcotics Control Bureau,ORG000004,SYN-HAW,UNDER_INVESTIGATION,1469477,5,A
INC001333,265/2023,CASE000023,ORGANISED_CRIME,MCOCA 3(1),111,10,0,PS000042,Karmatanr Police Station,LOC000042,Karmatanr,Jamtara,Jharkhand,23.95479,86.79482,2023-11-09T11:07,2023-11-11T14:07,State Police - Crime Branch,ORG000013,SYN-KDN,CHARGESHEETED,0,3,B
INC001334,535/2026,CASE000129,ORGANISED_CRIME,MCOCA 3(1),111,10,0,PS000119,Vasco Police Station,LOC000119,Vasco,South Goa,Goa,15.40014,73.81334,2026-04-10T04:12,2026-04-10T14:12,Enforcement Directorate,,UNAFFILIATED,CONVICTED,0,5,A
INC001335,261/2023,CASE000002,SMUGGLING_CUSTOMS,Customs Act 135,-,5,1,PS000082,Gorakhpur Police Station,LOC000082,Gorakhpur,Jabalpur,Madhya Pradesh,23.16759,79.94739,2023-09-25T03:41,2023-09-25T05:41,Income Tax Investigation Wing,ORG000015,SYN-WLD,UNDER_INVESTIGATION,40522668,2,B
INC001336,622/2023,CASE000100,NDPS_TRAFFICKING,NDPS 21(c)/29,-,9,0,PS000111,Chitrakonda Police Station,LOC000111,Chitrakonda,Malkangiri,Odisha,18.09702,82.10019,2023-09-25T14:14,2023-09-28T05:14,Special Task Force (STF),ORG000010,SYN-GAN,UNDER_INVESTIGATION,457979688,3,A
INC001337,433/2020,CASE000049,CHEATING_FRAUD,420,318(4),5,1,PS000086,Hanamkonda Police Station,LOC000086,Hanamkonda,Warangal,Telangana,18.00878,79.55269,2020-09-21T04:10,2020-09-23T03:10,Border Security Force - Intel,ORG000004,SYN-HAW,UNTRACED,179254143,3,C
INC001338,761/2023,CASE000109,CRIMINAL_CONSPIRACY,120B,61(2),5,0,PS000113,Paltan Bazaar Police Station,LOC000113,Paltan Bazaar,Guwahati,Assam,26.17357,91.75925,2023-12-30T16:49,2024-01-02T04:49,Special Task Force (STF),ORG000009,SYN-FIC,ACQUITTED,0,4,D
INC001339,812/2021,CASE000043,ATTEMPT_TO_MURDER,307,109,8,0,PS000077,Bairagarh Police Station,LOC000077,Bairagarh,Bhopal,Madhya Pradesh,23.27477,77.32792,2021-11-19T11:20,2021-11-20T03:20,Enforcement Directorate,ORG000005,SYN-MIN,CHARGESHEETED,0,1,B
INC001340,300/2023,CASE000103,VEHICLE_THEFT,379/411,303(2),3,1,PS000055,Khalra Police Station,LOC000055,Khalra,Tarn Taran,Punjab,31.44862,74.56847,2023-10-03T13:49,2023-10-04T05:49,Special Task Force (STF),ORG000008,SYN-VEH,CHARGESHEETED,0,3,C
INC001341,228/2025,CASE000104,CHEATING_FRAUD,420,318(4),5,1,PS000083,Charminar Police Station,LOC000083,Charminar,Hyderabad,Telangana,17.35976,78.47486,2025-11-15T22:29,2025-11-17T21:29,Income Tax Investigation Wing,ORG000004,SYN-HAW,CONVICTED,1106290,7,D
INC001342,898/2025,CASE000067,FICN_COUNTERFEIT,489B/489C,179,8,0,PS000022,Paharganj Police Station,LOC000022,Paharganj,New Delhi,Delhi,28.64769,77.22086,2025-02-04T10:15,2025-02-04T23:15,State Intelligence Department,ORG000009,SYN-FIC,UNDER_INVESTIGATION,688214236,3,A
INC001343,488/2025,CASE000090,CRIMINAL_CONSPIRACY,120B,61(2),5,0,PS000045,Hatia Police Station,LOC000045,Hatia,Ranchi,Jharkhand,23.30257,85.31951,2025-07-07T10:44,2025-07-08T15:44,Economic Offences Wing,ORG000007,SYN-ARM,ACQUITTED,0,2,D
INC001344,264/2021,CASE000042,CHEATING_FRAUD,420,318(4),5,1,PS000113,Paltan Bazaar Police Station,LOC000113,Paltan Bazaar,Guwahati,Assam,26.17357,91.75925,2021-11-04T11:00,2021-11-04T15:00,Enforcement Directorate,ORG000011,SYN-PON,CONVICTED,2786735436,2,B
INC001345,571/2023,CASE000015,FORGERY,465/468,336(3),4,1,PS000096,Ukkadam Police Station,LOC000096,Ukkadam,Coimbatore,Tamil Nadu,10.99091,76.96669,2023-09-23T10:54,2023-09-25T03:54,Income Tax Investigation Wing,ORG000004,SYN-HAW,UNDER_INVESTIGATION,0,5,C
INC001346,773/2024,CASE000099,SMUGGLING_CUSTOMS,Customs Act 135,-,5,1,PS000036,Kasim Bazaar Police Station,LOC000036,Kasim Bazaar,Munger,Bihar,25.3687,86.46907,2024-06-14T18:19,2024-06-17T11:19,Cyber Crime Cell,ORG000009,SYN-FIC,UNDER_INVESTIGATION,40874944,1,D
INC001347,109/2024,CASE000135,CRIMINAL_CONSPIRACY,120B,61(2),5,0,PS000053,Karimpur Police Station,LOC000053,Karimpur,Nadia,West Bengal,23.96971,88.62078,2024-12-03T22:17,2024-12-05T05:17,Narcotics Control Bureau,ORG000009,SYN-FIC,ACQUITTED,0,3,A
INC001348,313/2022,CASE000133,SMUGGLING_CUSTOMS,Customs Act 135,-,5,1,PS000079,Sanawad Police Station,LOC000079,Sanawad,Khargone,Madhya Pradesh,22.17019,75.90242,2022-03-04T04:07,2022-03-06T05:07,Special Task Force (STF),ORG000015,SYN-WLD,CHARGESHEETED,196172,2,B
INC001349,388/2026,CASE000034,LAND_GRABBING,441/447,329,4,1,PS000103,Sandur Police Station,LOC000103,Sandur,Ballari,Karnataka,15.10763,76.5405,2026-02-22T11:37,2026-02-23T15:37,Enforcement Directorate,ORG000001,SYN-EXT,UNDER_INVESTIGATION,0,2,B
INC001350,781/2022,CASE000050,ILLEGAL_MINING,MMDR 21(1),-,4,1,PS000034,Line Bazaar Police Station,LOC000034,Line Bazaar,Jaunpur,Uttar Pradesh,25.75361,82.67229,2022-02-06T01:50,2022-02-06T06:50,Anti-Terrorism Squad (ATS),ORG000005,SYN-MIN,CONVICTED,0,1,A
INC001351,483/2023,CASE000035,FORGERY,465/468,336(3),4,1,PS000121,Uri Police Station,LOC000121,Uri,Baramulla,Jammu and Kashmir,34.0833,74.04758,2023-04-09T02:39,2023-04-09T12:39,Anti-Narcotics Cell,,UNAFFILIATED,UNDER_INVESTIGATION,0,3,A
INC001352,531/2026,CASE000003,CHEATING_FRAUD,420,318(4),5,1,PS000004,Bhendi Bazaar Police Station,LOC000004,Bhendi Bazaar,Mumbai,Maharashtra,18.95981,72.82064,2026-06-12T04:50,2026-06-14T01:50,Central Bureau of Investigation,ORG000004,SYN-HAW,CHARGESHEETED,843681674,1,A
INC001353,180/2020,CASE000157,CHEATING_FRAUD,420,318(4),5,1,PS000103,Sandur Police Station,LOC000103,Sandur,Ballari,Karnataka,15.10763,76.5405,2020-06-01T08:30,2020-06-03T21:30,Economic Offences Wing,ORG000003,SYN-CYB,UNDER_INVESTIGATION,1053498,2,A
INC001354,356/2026,CASE000122,MONEY_LAUNDERING,PMLA 3/4,-,7,0,PS000101,Ullal Police Station,LOC000101,Ullal,Mangaluru,Karnataka,12.80948,74.86499,2026-06-26T00:57,2026-06-26T04:57,Narcotics Control Bureau,ORG000012,SYN-BET,UNDER_INVESTIGATION,176892,1,A
INC001355,549/2024,CASE000076,KIDNAP_FOR_RANSOM,364A,140(2),9,0,PS000102,Afzalpur Police Station,LOC000102,Afzalpur,Kalaburagi,Karnataka,17.20729,76.36952,2024-12-01T05:41,2024-12-03T14:41,State Intelligence Department,,UNAFFILIATED,ACQUITTED,24577139,7,C
INC001356,036/2023,CASE000152,CRIMINAL_CONSPIRACY,120B,61(2),5,0,PS000116,Moreh Police Station,LOC000116,Moreh,Imphal,Manipur,24.25418,94.30003,2023-11-11T19:49,2023-11-13T19:49,Economic Offences Wing,ORG000015,SYN-WLD,UNTRACED,0,2,A
INC001357,004/2024,CASE000011,CRIMINAL_CONSPIRACY,120B,61(2),5,0,PS000090,Mangalagiri Police Station,LOC000090,Mangalagiri,Guntur,Andhra Pradesh,16.43011,80.55502,2024-08-18T11:30,2024-08-18T23:30,Income Tax Investigation Wing,ORG000010,SYN-GAN,UNDER_INVESTIGATION,0,5,C
INC001358,593/2022,CASE000052,MURDER,302,103(1),10,0,PS000027,Sector 63 Police Station,LOC000027,Sector 63,Noida,Uttar Pradesh,28.63194,77.37857,2022-03-19T21:37,2022-03-22T21:37,State Police - Crime Branch,ORG000013,SYN-KDN,UNDER_INVESTIGATION,0,1,C
INC001359,597/2023,CASE000145,SMUGGLING_CUSTOMS,Customs Act 135,-,5,1,PS000074,Kutiyana Police Station,LOC000074,Kutiyana,Porbandar,Gujarat,21.62158,69.97079,2023-08-03T00:58,2023-08-04T04:58,State Intelligence Department,,UNAFFILIATED,CHARGESHEETED,1583710,1,B
INC001360,653/2026,CASE000003,FORGERY,465/468,336(3),4,1,PS000022,Paharganj Police Station,LOC000022,Paharganj,New Delhi,Delhi,28.64769,77.22086,2026-06-21T08:42,2026-06-24T03:42,Central Bureau of Investigation,ORG000004,SYN-HAW,CHARGESHEETED,0,3,A
INC001361,755/2021,CASE000136,DACOITY,395,310(2),8,0,PS000108,Thalassery Police Station,LOC000108,Thalassery,Kannur,Kerala,11.74699,75.49641,2021-08-13T07:11,2021-08-15T17:11,Income Tax Investigation Wing,,UNAFFILIATED,UNDER_INVESTIGATION,4521325,7,C
INC001362,132/2023,CASE000094,BETTING_GAMBLING,Gambling Act 3/4,-,2,1,PS000099,KG Halli Police Station,LOC000099,KG Halli,Bengaluru,Karnataka,13.00798,77.6042,2023-03-26T16:41,2023-03-29T00:41,Directorate of Revenue Intelligence,ORG000012,SYN-BET,CONVICTED,19377986,4,C
INC001363,393/2025,CASE000097,SMUGGLING_CUSTOMS,Customs Act 135,-,5,1,PS000073,Mundra Police Station,LOC000073,Mundra,Kutch,Gujarat,22.83708,69.72983,2025-07-16T15:52,2025-07-18T17:52,State Police - Crime Branch,,UNAFFILIATED,CHARGESHEETED,629246,5,C
INC001364,455/2025,CASE000068,ATTEMPT_TO_MURDER,307,109,8,0,PS000103,Sandur Police Station,LOC000103,Sandur,Ballari,Karnataka,15.10763,76.5405,2025-09-11T11:38,2025-09-13T23:38,Special Task Force (STF),ORG000005,SYN-MIN,UNDER_INVESTIGATION,0,7,D
INC001365,379/2025,CASE000078,CHEATING_FRAUD,420,318(4),5,1,PS000037,Mithanpura Police Station,LOC000037,Mithanpura,Muzaffarpur,Bihar,26.12944,85.39524,2025-11-25T21:20,2025-11-26T14:20,Anti-Narcotics Cell,ORG000008,SYN-VEH,CHARGESHEETED,1960480646,2,B
INC001366,198/2023,CASE000139,MONEY_LAUNDERING,PMLA 3/4,-,7,0,PS000047,Metiabruz Police Station,LOC000047,Metiabruz,Kolkata,West Bengal,22.53329,88.31358,2023-10-27T15:02,2023-10-29T21:02,Narcotics Control Bureau,ORG000011,SYN-PON,ACQUITTED,1639125,5,B
INC001367,772/2020,CASE000015,MONEY_LAUNDERING,PMLA 3/4,-,7,0,PS000013,Cidco Police Station,LOC000013,Cidco,Aurangabad,Maharashtra,19.86758,75.33886,2020-10-21T05:01,2020-10-22T05:01,Income Tax Investigation Wing,ORG000004,SYN-HAW,CHARGESHEETED,39388943,1,A
INC001368,020/2026,CASE000095,VEHICLE_THEFT,379/411,303(2),3,1,PS000064,Ballabgarh Police Station,LOC000064,Ballabgarh,Faridabad,Haryana,28.34729,77.32805,2026-01-09T11:49,2026-01-09T20:49,Railway Protection Force,ORG000008,SYN-VEH,UNDER_INVESTIGATION,0,2,B
INC001369,319/2023,CASE000056,CRIMINAL_CONSPIRACY,120B,61(2),5,0,PS000022,Paharganj Police Station,LOC000022,Paharganj,New Delhi,Delhi,28.64769,77.22086,2023-09-02T05:10,2023-09-04T19:10,Directorate of Revenue Intelligence,ORG000002,SYN-HER,CHARGESHEETED,0,3,D
INC001370,068/2025,CASE000010,MONEY_LAUNDERING,PMLA 3/4,-,7,0,PS000093,Vyasarpadi Police Station,LOC000093,Vyasarpadi,Chennai,Tamil Nadu,13.12274,80.24524,2025-03-07T09:48,2025-03-08T23:48,Directorate of Revenue Intelligence,ORG000004,SYN-HAW,UNDER_INVESTIGATION,2837069425,4,D
INC001371,691/2026,CASE000033,MONEY_LAUNDERING,PMLA 3/4,-,7,0,PS000018,Karol Bagh Police Station,LOC000018,Karol Bagh,New Delhi,Delhi,28.64425,77.18711,2026-03-31T16:28,2026-04-03T08:28,State Police - Crime Branch,ORG000002,SYN-HER,UNDER_INVESTIGATION,354302323,4,C
INC001372,378/2022,CASE000006,CHEATING_FRAUD,420,318(4),5,1,PS000022,Paharganj Police Station,LOC000022,Paharganj,New Delhi,Delhi,28.64769,77.22086,2022-03-18T04:19,2022-03-19T15:19,Central Bureau of Investigation,ORG000003,SYN-CYB,UNTRACED,867311,2,B
INC001373,162/2024,CASE000126,ARMS_ACT,Arms Act 25/27,-,6,0,PS000055,Khalra Police Station,LOC000055,Khalra,Tarn Taran,Punjab,31.44862,74.56847,2024-07-29T15:48,2024-07-31T13:48,Narcotics Control Bureau,ORG000002,SYN-HER,UNDER_INVESTIGATION,0,3,A
INC001374,046/2026,CASE000022,ILLEGAL_MINING,MMDR 21(1),-,4,1,PS000068,Kaman Police Station,LOC000068,Kaman,Bharatpur,Rajasthan,27.6531,77.26593,2026-04-19T23:54,2026-04-22T15:54,Anti-Terrorism Squad (ATS),ORG000005,SYN-MIN,UNDER_INVESTIGATION,0,2,C
INC001375,169/2026,CASE000156,ORGANISED_CRIME,MCOCA 3(1),111,10,0,PS000079,Sanawad Police Station,LOC000079,Sanawad,Khargone,Madhya Pradesh,22.17019,75.90242,2026-02-15T00:22,2026-02-16T17:22,Cyber Crime Cell,ORG000007,SYN-ARM,UNDER_INVESTIGATION,0,3,A
INC001376,283/2025,CASE000006,FORGERY,465/468,336(3),4,1,PS000026,Loni Police Station,LOC000026,Loni,Ghaziabad,Uttar Pradesh,28.74286,77.27579,2025-02-28T20:18,2025-03-03T08:18,Central Bureau of Investigation,ORG000003,SYN-CYB,UNTRACED,0,3,B
INC001377,844/2026,CASE000138,FICN_COUNTERFEIT,489B/489C,179,8,0,PS000011,Kamptee Police Station,LOC000011,Kamptee,Nagpur,Maharashtra,21.22695,79.19707,2026-06-26T14:22,2026-06-29T09:22,Railway Protection Force,,UNAFFILIATED,CHARGESHEETED,227773344,2,C
INC001378,213/2023,CASE000090,CRIMINAL_CONSPIRACY,120B,61(2),5,0,PS000043,Sarwan Police Station,LOC000043,Sarwan,Deoghar,Jharkhand,24.47171,86.69972,2023-04-08T07:48,2023-04-09T16:48,Economic Offences Wing,ORG000007,SYN-ARM,UNTRACED,0,5,B
INC001379,091/2025,CASE000069,ARMS_ACT,Arms Act 25/27,-,6,0,PS000082,Gorakhpur Police Station,LOC000082,Gorakhpur,Jabalpur,Madhya Pradesh,23.16759,79.94739,2025-02-25T08:29,2025-02-25T13:29,Cyber Crime Cell,,UNAFFILIATED,UNTRACED,0,1,C
INC001380,412/2024,CASE000118,NDPS_POSSESSION,NDPS 22(b),-,5,0,PS000020,Nangloi Police Station,LOC000020,Nangloi,New Delhi,Delhi,28.68418,77.06042,2024-09-21T19:54,2024-09-21T20:54,Railway Protection Force,ORG000002,SYN-HER,UNDER_INVESTIGATION,0,2,B
INC001381,384/2025,CASE000111,ARMS_ACT,Arms Act 25/27,-,6,0,PS000021,Sangam Vihar Police Station,LOC000021,Sangam Vihar,New Delhi,Delhi,28.48827,77.23159,2025-03-20T21:26,2025-03-23T19:26,Railway Protection Force,ORG000013,SYN-KDN,UNTRACED,0,2,B
INC001382,321/2026,CASE000081,CRIMINAL_CONSPIRACY,120B,61(2),5,0,PS000068,Kaman Police Station,LOC000068,Kaman,Bharatpur,Rajasthan,27.6531,77.26593,2026-02-17T13:20,2026-02-19T11:20,Anti-Narcotics Cell,ORG000002,SYN-HER,CHARGESHEETED,0,2,A
INC001383,517/2023,CASE000108,MURDER,302,103(1),10,0,PS000052,Matigara Police Station,LOC000052,Matigara,Siliguri,West Bengal,26.72719,88.37142,2023-05-18T19:11,2023-05-21T08:11,Railway Protection Force,ORG000007,SYN-ARM,UNDER_INVESTIGATION,0,1,B
INC001384,511/2022,CASE000101,CRIMINAL_CONSPIRACY,120B,61(2),5,0,PS000098,Srirangam Police Station,LOC000098,Srirangam,Trichy,Tamil Nadu,10.86798,78.69592,2022-07-25T14:48,2022-07-26T17:48,Border Security Force - Intel,ORG000010,SYN-GAN,UNDER_INVESTIGATION,0,2,A
INC001385,538/2026,CASE000048,CHIT_FUND_PONZI,BUDS Act 21,318(4),6,1,PS000114,Golakganj Police Station,LOC000114,Golakganj,Dhubri,Assam,26.02193,89.81691,2026-02-16T08:53,2026-02-17T17:53,Central Bureau of Investigation,,UNAFFILIATED,UNDER_INVESTIGATION,42198540,4,C
INC001386,160/2019,CASE000062,MONEY_LAUNDERING,PMLA 3/4,-,7,0,PS000047,Metiabruz Police Station,LOC000047,Metiabruz,Kolkata,West Bengal,22.53329,88.31358,2019-06-14T07:20,2019-06-16T10:20,Cyber Crime Cell,ORG000004,SYN-HAW,ACQUITTED,11854348,4,D
INC001387,440/2022,CASE000096,CHEATING_FRAUD,420,318(4),5,1,PS000074,Kutiyana Police Station,LOC000074,Kutiyana,Porbandar,Gujarat,21.62158,69.97079,2022-09-18T02:04,2022-09-18T10:04,Economic Offences Wing,ORG000004,SYN-HAW,UNDER_INVESTIGATION,22847664,4,D
INC001388,778/2024,CASE000142,FICN_COUNTERFEIT,489B/489C,179,8,0,PS000048,Rajabazar Police Station,LOC000048,Rajabazar,Kolkata,West Bengal,22.57998,88.37543,2024-08-17T05:28,2024-08-17T07:28,State Intelligence Department,ORG000009,SYN-FIC,UNDER_INVESTIGATION,233239745,2,B
INC001389,792/2025,CASE000146,MONEY_LAUNDERING,PMLA 3/4,-,7,0,PS000046,Bengabad Police Station,LOC000046,Bengabad,Giridih,Jharkhand,24.1853,86.30745,2025-12-26T06:03,2025-12-28T11:03,Railway Protection Force,ORG000011,SYN-PON,UNTRACED,1997690,2,B
INC001390,117/2025,CASE000150,DACOITY,395,310(2),8,0,PS000092,Chintapalli Police Station,LOC000092,Chintapalli,Alluri Sitharama Raju,Andhra Pradesh,17.86088,82.34667,2025-09-04T06:51,2025-09-05T04:51,State Intelligence Department,,UNAFFILIATED,CHARGESHEETED,31054418,4,C
INC001391,353/2025,CASE000111,EXTORTION,384/387,308,6,0,PS000032,Baradari Police Station,LOC000032,Baradari,Bareilly,Uttar Pradesh,28.3677,79.43192,2025-10-24T03:12,2025-10-24T15:12,Railway Protection Force,ORG000013,SYN-KDN,UNDER_INVESTIGATION,43289576,2,C
INC001392,803/2024,CASE000121,CHEATING_FRAUD,420,318(4),5,1,PS000049,Kaliachak Police Station,LOC000049,Kaliachak,Malda,West Bengal,24.97035,88.00242,2024-03-09T07:43,2024-03-11T13:43,Income Tax Investigation Wing,ORG000004,SYN-HAW,CHARGESHEETED,1907655616,2,C
INC001393,895/2025,CASE000022,EXTORTION,384/387,308,6,0,PS000069,Ramgarh Police Station,LOC000069,Ramgarh,Alwar,Rajasthan,27.52158,76.62084,2025-08-25T10:37,2025-08-27T13:37,Anti-Terrorism Squad (ATS),ORG000005,SYN-MIN,CHARGESHEETED,24972662,1,A
INC001394,225/2025,CASE000083,NDPS_POSSESSION,NDPS 22(b),-,5,0,PS000062,Gohana Police Station,LOC000062,Gohana,Sonipat,Haryana,29.14638,76.70853,2025-03-05T15:40,2025-03-07T22:40,Special Task Force (STF),ORG000002,SYN-HER,CHARGESHEETED,0,3,A
INC001395,142/2025,CASE000060,FORGERY,465/468,336(3),4,1,PS000059,Rampura Phul Police Station,LOC000059,Rampura Phul,Bathinda,Punjab,30.26925,75.24749,2025-04-08T13:18,2025-04-11T12:18,Enforcement Directorate,ORG000008,SYN-VEH,CONVICTED,0,3,A
INC001396,440/2025,CASE000073,ATTEMPT_TO_MURDER,307,109,8,0,PS000058,Nakodar Police Station,LOC000058,Nakodar,Jalandhar,Punjab,31.1138,75.47897,2025-12-09T08:03,2025-12-09T14:03,Anti-Terrorism Squad (ATS),ORG000014,SYN-SHK,CHARGESHEETED,0,3,C
INC001397,592/2023,CASE000040,MONEY_LAUNDERING,PMLA 3/4,-,7,0,PS000053,Karimpur Police Station,LOC000053,Karimpur,Nadia,West Bengal,23.96971,88.62078,2023-09-19T14:46,2023-09-20T04:46,Income Tax Investigation Wing,ORG000003,SYN-CYB,CONVICTED,2917427255,3,D
INC001398,373/2025,CASE000123,RIOTING,147/148,191(2),4,1,PS000122,Birgaon Police Station,LOC000122,Birgaon,Raipur,Chhattisgarh,21.27602,81.63096,2025-02-08T02:58,2025-02-08T06:58,Central Bureau of Investigation,,UNAFFILIATED,UNTRACED,0,1,D
INC001399,020/2026,CASE000136,DACOITY,395,310(2),8,0,PS000110,Jagatpur Police Station,LOC000110,Jagatpur,Cuttack,Odisha,20.51657,85.86729,2026-06-17T13:44,2026-06-18T13:44,Income Tax Investigation Wing,,UNAFFILIATED,UNTRACED,4218036,4,C
INC001400,187/2026,CASE000034,CRIMINAL_CONSPIRACY,120B,61(2),5,0,PS000019,Najafgarh Police Station,LOC000019,Najafgarh,New Delhi,Delhi,28.61304,77.01367,2026-04-22T04:23,2026-04-24T10:23,Enforcement Directorate,ORG000001,SYN-EXT,CHARGESHEETED,0,7,C
INC001401,404/2025,CASE000120,CHEATING_FRAUD,420,318(4),5,1,PS000097,Palayamkottai Police Station,LOC000097,Palayamkottai,Tirunelveli,Tamil Nadu,8.7186,77.73084,2025-11-03T18:24,2025-11-04T21:24,Border Security Force - Intel,ORG000004,SYN-HAW,UNDER_INVESTIGATION,45761467,2,C
INC001402,777/2025,CASE000086,KIDNAP_FOR_RANSOM,364A,140(2),9,0,PS000073,Mundra Police Station,LOC000073,Mundra,Kutch,Gujarat,22.83708,69.72983,2025-11-01T12:16,2025-11-04T10:16,State Police - Crime Branch,,UNAFFILIATED,UNDER_INVESTIGATION,13827959,2,A
INC001403,423/2021,CASE000092,RIOTING,147/148,191(2),4,1,PS000100,Yeshwanthpur Police Station,LOC000100,Yeshwanthpur,Bengaluru,Karnataka,13.02634,77.54707,2021-06-25T23:32,2021-06-26T10:32,Central Bureau of Investigation,ORG000005,SYN-MIN,UNDER_INVESTIGATION,0,1,D
INC001404,112/2025,CASE000102,CRIMINAL_CONSPIRACY,120B,61(2),5,0,PS000115,Sutarkandi Police Station,LOC000115,Sutarkandi,Karimganj,Assam,24.87968,92.34231,2025-03-02T05:51,2025-03-03T15:51,State Police - Crime Branch,ORG000015,SYN-WLD,UNDER_INVESTIGATION,0,1,B
INC001405,725/2021,CASE000009,ARMS_ACT,Arms Act 25/27,-,6,0,PS000024,Chakeri Police Station,LOC000024,Chakeri,Kanpur,Uttar Pradesh,26.41802,80.40132,2021-04-14T13:28,2021-04-14T20:28,Income Tax Investigation Wing,ORG000013,SYN-KDN,UNDER_INVESTIGATION,0,1,A
INC001406,457/2025,CASE000057,FICN_COUNTERFEIT,489B/489C,179,8,0,PS000103,Sandur Police Station,LOC000103,Sandur,Ballari,Karnataka,15.10763,76.5405,2025-09-22T13:58,2025-09-23T12:58,Special Task Force (STF),,UNAFFILIATED,CONVICTED,687972169,3,A
INC001407,475/2025,CASE000008,CRIMINAL_CONSPIRACY,120B,61(2),5,0,PS000084,Kukatpally Police Station,LOC000084,Kukatpally,Hyderabad,Telangana,17.48623,78.40974,2025-06-07T19:32,2025-06-09T23:32,Directorate of Revenue Intelligence,ORG000010,SYN-GAN,UNDER_INVESTIGATION,0,2,C
INC001408,089/2025,CASE000012,ORGANISED_CRIME,MCOCA 3(1),111,10,0,PS000001,Dongri Police Station,LOC000001,Dongri,Mumbai,Maharashtra,18.96279,72.8275,2025-11-28T13:17,2025-11-29T22:17,Special Task Force (STF),ORG000007,SYN-ARM,UNDER_INVESTIGATION,0,3,C
INC001409,423/2024,CASE000016,FICN_COUNTERFEIT,489B/489C,179,8,0,PS000113,Paltan Bazaar Police Station,LOC000113,Paltan Bazaar,Guwahati,Assam,26.17357,91.75925,2024-04-07T17:45,2024-04-10T04:45,Anti-Narcotics Cell,ORG000009,SYN-FIC,UNDER_INVESTIGATION,776161982,4,C
INC001410,177/2026,CASE000050,EXTORTION,384/387,308,6,0,PS000031,Kutba Police Station,LOC000031,Kutba,Muzaffarnagar,Uttar Pradesh,29.47784,77.70244,2026-06-12T23:28,2026-06-13T00:28,Anti-Terrorism Squad (ATS),ORG000005,SYN-MIN,ACQUITTED,19626718,5,C
INC001411,626/2022,CASE000021,ARMS_ACT,Arms Act 25/27,-,6,0,PS000112,Berhampur Police Station,LOC000112,Berhampur,Ganjam,Odisha,19.31878,84.78231,2022-12-07T13:47,2022-12-10T03:47,Border Security Force - Intel,ORG000010,SYN-GAN,CHARGESHEETED,0,4,C
INC001412,379/2025,CASE000123,RIOTING,147/148,191(2),4,1,PS000119,Vasco Police Station,LOC000119,Vasco,South Goa,Goa,15.40014,73.81334,2025-08-27T16:48,2025-08-30T09:48,Central Bureau of Investigation,,UNAFFILIATED,UNDER_INVESTIGATION,0,2,C
INC001413,160/2025,CASE000092,ILLEGAL_MINING,MMDR 21(1),-,4,1,PS000095,Melur Police Station,LOC000095,Melur,Madurai,Tamil Nadu,10.02224,78.3489,2025-05-15T21:27,2025-05-17T16:27,Central Bureau of Investigation,ORG000005,SYN-MIN,CONVICTED,0,2,A
INC001414,468/2025,CASE000142,FICN_COUNTERFEIT,489B/489C,179,8,0,PS000113,Paltan Bazaar Police Station,LOC000113,Paltan Bazaar,Guwahati,Assam,26.17357,91.75925,2025-07-30T22:47,2025-08-01T18:47,State Intelligence Department,ORG000009,SYN-FIC,CHARGESHEETED,520225999,4,A
INC001415,742/2021,CASE000155,NDPS_POSSESSION,NDPS 22(b),-,5,0,PS000061,Sohna Police Station,LOC000061,Sohna,Gurugram,Haryana,28.25004,77.06581,2021-06-08T05:28,2021-06-09T13:28,Anti-Narcotics Cell,ORG000002,SYN-HER,UNTRACED,0,1,B
INC001416,128/2026,CASE000144,MURDER,302,103(1),10,0,PS000082,Gorakhpur Police Station,LOC000082,Gorakhpur,Jabalpur,Madhya Pradesh,23.16759,79.94739,2026-03-23T21:06,2026-03-24T20:06,Economic Offences Wing,ORG000007,SYN-ARM,UNDER_INVESTIGATION,0,5,C
INC001417,146/2024,CASE000069,ARMS_ACT,Arms Act 25/27,-,6,0,PS000118,Anjuna Police Station,LOC000118,Anjuna,North Goa,Goa,15.57327,73.73249,2024-04-09T05:42,2024-04-11T01:42,Cyber Crime Cell,,UNAFFILIATED,UNDER_INVESTIGATION,0,3,C
INC001418,807/2024,CASE000100,CRIMINAL_CONSPIRACY,120B,61(2),5,0,PS000011,Kamptee Police Station,LOC000011,Kamptee,Nagpur,Maharashtra,21.22695,79.19707,2024-07-20T16:42,2024-07-21T07:42,Special Task Force (STF),ORG000010,SYN-GAN,UNDER_INVESTIGATION,0,5,D
INC001419,661/2024,CASE000054,ARMS_ACT,Arms Act 25/27,-,6,0,PS000023,Aminabad Police Station,LOC000023,Aminabad,Lucknow,Uttar Pradesh,26.84458,80.91064,2024-06-21T01:06,2024-06-24T01:06,Cyber Crime Cell,ORG000013,SYN-KDN,UNDER_INVESTIGATION,0,2,B
INC001420,139/2023,CASE000008,NDPS_POSSESSION,NDPS 22(b),-,5,0,PS000090,Mangalagiri Police Station,LOC000090,Mangalagiri,Guntur,Andhra Pradesh,16.43011,80.55502,2023-09-29T21:38,2023-09-30T12:38,Directorate of Revenue Intelligence,ORG000010,SYN-GAN,ACQUITTED,0,1,B
INC001421,102/2024,CASE000152,SMUGGLING_CUSTOMS,Customs Act 135,-,5,1,PS000089,Gunadala Police Station,LOC000089,Gunadala,Vijayawada,Andhra Pradesh,16.51407,80.65268,2024-09-20T00:41,2024-09-21T09:41,Economic Offences Wing,ORG000015,SYN-WLD,CHARGESHEETED,1232229939,4,C
INC001422,197/2024,CASE000024,CRIMINAL_CONSPIRACY,120B,61(2),5,0,PS000075,Gondal Police Station,LOC000075,Gondal,Rajkot,Gujarat,21.95838,70.80167,2024-06-11T18:09,2024-06-12T15:09,Railway Protection Force,ORG000001,SYN-EXT,UNDER_INVESTIGATION,0,1,A
INC001423,655/2021,CASE000025,FORGERY,465/468,336(3),4,1,PS000042,Karmatanr Police Station,LOC000042,Karmatanr,Jamtara,Jharkhand,23.95479,86.79482,2021-04-04T05:50,2021-04-05T01:50,Income Tax Investigation Wing,ORG000003,SYN-CYB,CHARGESHEETED,0,2,D
INC001424,241/2025,CASE000136,DACOITY,395,310(2),8,0,PS000059,Rampura Phul Police Station,LOC000059,Rampura Phul,Bathinda,Punjab,30.26925,75.24749,2025-11-20T04:40,2025-11-21T01:40,Income Tax Investigation Wing,,UNAFFILIATED,CONVICTED,27094687,2,B
INC001425,428/2024,CASE000082,CHEATING_FRAUD,420,318(4),5,1,PS000062,Gohana Police Station,LOC000062,Gohana,Sonipat,Haryana,29.14638,76.70853,2024-09-29T02:34,2024-10-01T01:34,Directorate of Revenue Intelligence,ORG000008,SYN-VEH,UNDER_INVESTIGATION,39718842,4,B
INC001426,025/2023,CASE000017,ARMS_ACT,Arms Act 25/27,-,6,0,PS000112,Berhampur Police Station,LOC000112,Berhampur,Ganjam,Odisha,19.31878,84.78231,2023-07-06T07:18,2023-07-06T11:18,Directorate of Revenue Intelligence,ORG000010,SYN-GAN,CHARGESHEETED,0,4,C
INC001427,853/2022,CASE000140,KIDNAP_FOR_RANSOM,364A,140(2),9,0,PS000043,Sarwan Police Station,LOC000043,Sarwan,Deoghar,Jharkhand,24.47171,86.69972,2022-06-08T01:59,2022-06-10T05:59,Narcotics Control Bureau,ORG000013,SYN-KDN,CHARGESHEETED,46516431,5,D
INC001428,825/2025,CASE000001,MONEY_LAUNDERING,PMLA 3/4,-,7,0,PS000061,Sohna Police Station,LOC000061,Sohna,Gurugram,Haryana,28.25004,77.06581,2025-10-27T19:01,2025-10-29T16:01,Railway Protection Force,ORG000003,SYN-CYB,CHARGESHEETED,2660694651,1,C
INC001429,736/2024,CASE000010,MONEY_LAUNDERING,PMLA 3/4,-,7,0,PS000107,Chavakkad Police Station,LOC000107,Chavakkad,Thrissur,Kerala,10.58445,76.01633,2024-11-27T14:20,2024-11-29T00:20,Directorate of Revenue Intelligence,ORG000004,SYN-HAW,UNDER_INVESTIGATION,533954,2,D
INC001430,107/2025,CASE000137,CRIMINAL_CONSPIRACY,120B,61(2),5,0,PS000117,Tuibong Police Station,LOC000117,Tuibong,Churachandpur,Manipur,24.3214,93.68328,2025-09-23T12:49,2025-09-24T10:49,Anti-Terrorism Squad (ATS),ORG000015,SYN-WLD,UNDER_INVESTIGATION,0,2,C
INC001431,653/2025,CASE000115,ARMS_ACT,Arms Act 25/27,-,6,0,PS000078,Rau Police Station,LOC000078,Rau,Indore,Madhya Pradesh,22.64914,75.80858,2025-04-16T11:23,2025-04-17T15:23,Directorate of Revenue Intelligence,ORG000007,SYN-ARM,UNDER_INVESTIGATION,0,2,B
INC001432,060/2023,CASE000131,CRIMINAL_CONSPIRACY,120B,61(2),5,0,PS000116,Moreh Police Station,LOC000116,Moreh,Imphal,Manipur,24.25418,94.30003,2023-08-09T03:45,2023-08-09T15:45,State Intelligence Department,ORG000015,SYN-WLD,UNTRACED,0,3,C
INC001433,329/2025,CASE000033,NDPS_TRAFFICKING,NDPS 21(c)/29,-,9,0,PS000060,Punhana Police Station,LOC000060,Punhana,Nuh,Haryana,27.86723,77.21101,2025-03-20T01:41,2025-03-22T10:41,State Police - Crime Branch,ORG000002,SYN-HER,UNTRACED,565207709,3,A
INC001434,457/2025,CASE000102,WILDLIFE_TRAFFICKING,WLPA 51,-,6,0,PS000082,Gorakhpur Police Station,LOC000082,Gorakhpur,Jabalpur,Madhya Pradesh,23.16759,79.94739,2025-07-16T02:25,2025-07-16T04:25,State Police - Crime Branch,ORG000015,SYN-WLD,CONVICTED,665913641,3,D
INC001435,605/2022,CASE000001,CHEATING_FRAUD,420,318(4),5,1,PS000061,Sohna Police Station,LOC000061,Sohna,Gurugram,Haryana,28.25004,77.06581,2022-11-30T17:45,2022-12-03T05:45,Railway Protection Force,ORG000003,SYN-CYB,CONVICTED,345177,2,C
INC001436,145/2024,CASE000133,SMUGGLING_CUSTOMS,Customs Act 135,-,5,1,PS000016,Seelampur Police Station,LOC000016,Seelampur,New Delhi,Delhi,28.67711,77.27533,2024-09-17T21:41,2024-09-20T15:41,Special Task Force (STF),ORG000015,SYN-WLD,CONVICTED,3830346,7,B
INC001437,271/2025,CASE000016,FICN_COUNTERFEIT,489B/489C,179,8,0,PS000052,Matigara Police Station,LOC000052,Matigara,Siliguri,West Bengal,26.72719,88.37142,2025-08-01T18:37,2025-08-02T01:37,Anti-Narcotics Cell,ORG000009,SYN-FIC,CHARGESHEETED,371911855,1,D
INC001438,601/2025,CASE000022,ATTEMPT_TO_MURDER,307,109,8,0,PS000066,Nokha Police Station,LOC000066,Nokha,Bikaner,Rajasthan,27.56853,73.4757,2025-04-22T23:42,2025-04-23T23:42,Anti-Terrorism Squad (ATS),ORG000005,SYN-MIN,CONVICTED,0,3,C
INC001439,585/2024,CASE000066,ORGANISED_CRIME,MCOCA 3(1),111,10,0,PS000001,Dongri Police Station,LOC000001,Dongri,Mumbai,Maharashtra,18.96279,72.8275,2024-03-19T05:36,2024-03-19T17:36,Narcotics Control Bureau,ORG000001,SYN-EXT,CHARGESHEETED,0,5,A
INC001440,331/2023,CASE000153,DACOITY,395,310(2),8,0,PS000104,Mattancherry Police Station,LOC000104,Mattancherry,Kochi,Kerala,9.96365,76.25723,2023-03-18T22:33,2023-03-20T19:33,Railway Protection Force,,UNAFFILIATED,CHARGESHEETED,45819656,4,A
INC001441,857/2026,CASE000134,FORGERY,465/468,336(3),4,1,PS000060,Punhana Police Station,LOC000060,Punhana,Nuh,Haryana,27.86723,77.21101,2026-05-09T19:03,2026-05-11T23:03,Economic Offences Wing,ORG000008,SYN-VEH,CHARGESHEETED,0,4,D
INC001442,188/2025,CASE000002,WILDLIFE_TRAFFICKING,WLPA 51,-,6,0,PS000117,Tuibong Police Station,LOC000117,Tuibong,Churachandpur,Manipur,24.3214,93.68328,2025-02-26T05:26,2025-02-27T21:26,Income Tax Investigation Wing,ORG000015,SYN-WLD,UNDER_INVESTIGATION,524497072,4,B
INC001443,511/2021,CASE000015,SMUGGLING_CUSTOMS,Customs Act 135,-,5,1,PS000075,Gondal Police Station,LOC000075,Gondal,Rajkot,Gujarat,21.95838,70.80167,2021-10-14T19:56,2021-10-15T17:56,Income Tax Investigation Wing,ORG000004,SYN-HAW,UNDER_INVESTIGATION,2476362433,3,C
INC001444,054/2021,CASE000079,FORGERY,465/468,336(3),4,1,PS000085,Chandrayangutta Police Station,LOC000085,Chandrayangutta,Hyderabad,Telangana,17.33336,78.49109,2021-11-08T14:23,2021-11-10T15:23,Income Tax Investigation Wing,ORG000004,SYN-HAW,CHARGESHEETED,0,3,D
INC001445,507/2024,CASE000075,ARMS_ACT,Arms Act 25/27,-,6,0,PS000069,Ramgarh Police Station,LOC000069,Ramgarh,Alwar,Rajasthan,27.52158,76.62084,2024-04-05T03:31,2024-04-05T04:31,State Intelligence Department,ORG000014,SYN-SHK,CHARGESHEETED,0,7,B
INC001446,249/2022,CASE000124,MONEY_LAUNDERING,PMLA 3/4,-,7,0,PS000051,Bongaon Police Station,LOC000051,Bongaon,North 24 Parganas,West Bengal,23.07416,88.81118,2022-02-21T13:08,2022-02-21T20:08,Directorate of Revenue Intelligence,ORG000004,SYN-HAW,CHARGESHEETED,369783076,5,A
INC001447,873/2023,CASE000140,KIDNAP_FOR_RANSOM,364A,140(2),9,0,PS000049,Kaliachak Police Station,LOC000049,Kaliachak,Malda,West Bengal,24.97035,88.00242,2023-01-14T19:06,2023-01-17T04:06,Narcotics Control Bureau,ORG000013,SYN-KDN,UNDER_INVESTIGATION,32800667,4,C
INC001448,440/2023,CASE000069,ARMS_ACT,Arms Act 25/27,-,6,0,PS000103,Sandur Police Station,LOC000103,Sandur,Ballari,Karnataka,15.10763,76.5405,2023-01-16T04:32,2023-01-18T10:32,Cyber Crime Cell,,UNAFFILIATED,CHARGESHEETED,0,5,D
INC001449,266/2026,CASE000012,ORGANISED_CRIME,MCOCA 3(1),111,10,0,PS000009,Yerwada Police Station,LOC000009,Yerwada,Pune,Maharashtra,18.54781,73.88111,2026-03-22T17:34,2026-03-23T09:34,Special Task Force (STF),ORG000007,SYN-ARM,UNDER_INVESTIGATION,0,1,A
INC001450,587/2025,CASE000070,CRIMINAL_CONSPIRACY,120B,61(2),5,0,PS000121,Uri Police Station,LOC000121,Uri,Baramulla,Jammu and Kashmir,34.0833,74.04758,2025-08-20T05:41,2025-08-21T18:41,Special Task Force (STF),ORG000002,SYN-HER,CHARGESHEETED,0,2,B
INC001451,495/2025,CASE000127,CRIMINAL_CONSPIRACY,120B,61(2),5,0,PS000109,Nayapalli Police Station,LOC000109,Nayapalli,Bhubaneswar,Odisha,20.28446,85.8132,2025-09-10T15:30,2025-09-13T07:30,Central Bureau of Investigation,,UNAFFILIATED,UNDER_INVESTIGATION,0,1,C
INC001452,486/2026,CASE000157,CYBER_FRAUD,IT Act 66C/66D,319(2),5,1,PS000102,Afzalpur Police Station,LOC000102,Afzalpur,Kalaburagi,Karnataka,17.20729,76.36952,2026-05-16T03:59,2026-05-18T16:59,Economic Offences Wing,ORG000003,SYN-CYB,UNDER_INVESTIGATION,1088163173,3,B
INC001453,597/2025,CASE000148,FORGERY,465/468,336(3),4,1,PS000043,Sarwan Police Station,LOC000043,Sarwan,Deoghar,Jharkhand,24.47171,86.69972,2025-08-13T23:48,2025-08-16T11:48,State Police - Crime Branch,ORG000011,SYN-PON,CHARGESHEETED,0,1,C
INC001454,631/2025,CASE000134,ROBBERY,392,309(4),6,0,PS000037,Mithanpura Police Station,LOC000037,Mithanpura,Muzaffarpur,Bihar,26.12944,85.39524,2025-10-31T10:28,2025-11-01T20:28,Economic Offences Wing,ORG000008,SYN-VEH,UNDER_INVESTIGATION,24027017,5,D
INC001455,512/2025,CASE000037,BETTING_GAMBLING,Gambling Act 3/4,-,2,1,PS000118,Anjuna Police Station,LOC000118,Anjuna,North Goa,Goa,15.57327,73.73249,2025-06-27T10:00,2025-06-27T20:00,Special Task Force (STF),,UNAFFILIATED,CHARGESHEETED,15751851,4,B
INC001456,697/2020,CASE000054,ORGANISED_CRIME,MCOCA 3(1),111,10,0,PS000043,Sarwan Police Station,LOC000043,Sarwan,Deoghar,Jharkhand,24.47171,86.69972,2020-03-19T20:55,2020-03-20T03:55,Cyber Crime Cell,ORG000013,SYN-KDN,UNTRACED,0,1,A
INC001457,776/2025,CASE000117,WILDLIFE_TRAFFICKING,WLPA 51,-,6,0,PS000052,Matigara Police Station,LOC000052,Matigara,Siliguri,West Bengal,26.72719,88.37142,2025-03-05T11:38,2025-03-05T12:38,Economic Offences Wing,ORG000015,SYN-WLD,CONVICTED,775490020,2,D
INC001458,127/2025,CASE000050,RIOTING,147/148,191(2),4,1,PS000099,KG Halli Police Station,LOC000099,KG Halli,Bengaluru,Karnataka,13.00798,77.6042,2025-09-10T03:39,2025-09-10T23:39,Anti-Terrorism Squad (ATS),ORG000005,SYN-MIN,CHARGESHEETED,0,3,B
INC001459,172/2025,CASE000145,SMUGGLING_CUSTOMS,Customs Act 135,-,5,1,PS000117,Tuibong Police Station,LOC000117,Tuibong,Churachandpur,Manipur,24.3214,93.68328,2025-10-04T22:07,2025-10-07T13:07,State Intelligence Department,,UNAFFILIATED,UNDER_INVESTIGATION,8369475,2,B
INC001460,266/2026,CASE000075,ORGANISED_CRIME,MCOCA 3(1),111,10,0,PS000064,Ballabgarh Police Station,LOC000064,Ballabgarh,Faridabad,Haryana,28.34729,77.32805,2026-03-16T11:42,2026-03-17T14:42,State Intelligence Department,ORG000014,SYN-SHK,CHARGESHEETED,0,2,D
INC001461,051/2021,CASE000050,MURDER,302,103(1),10,0,PS000098,Srirangam Police Station,LOC000098,Srirangam,Trichy,Tamil Nadu,10.86798,78.69592,2021-03-06T15:19,2021-03-07T10:19,Anti-Terrorism Squad (ATS),ORG000005,SYN-MIN,CONVICTED,0,4,A
INC001462,818/2025,CASE000058,CRIMINAL_CONSPIRACY,120B,61(2),5,0,PS000084,Kukatpally Police Station,LOC000084,Kukatpally,Hyderabad,Telangana,17.48623,78.40974,2025-04-21T03:46,2025-04-22T03:46,Narcotics Control Bureau,ORG000010,SYN-GAN,UNDER_INVESTIGATION,0,5,C
INC001463,674/2024,CASE000048,CHIT_FUND_PONZI,BUDS Act 21,318(4),6,1,PS000104,Mattancherry Police Station,LOC000104,Mattancherry,Kochi,Kerala,9.96365,76.25723,2024-06-16T12:52,2024-06-16T16:52,Central Bureau of Investigation,,UNAFFILIATED,CONVICTED,425994,3,B
INC001464,120/2024,CASE000054,EXTORTION,384/387,308,6,0,PS000024,Chakeri Police Station,LOC000024,Chakeri,Kanpur,Uttar Pradesh,26.41802,80.40132,2024-02-21T09:40,2024-02-23T13:40,Cyber Crime Cell,ORG000013,SYN-KDN,UNDER_INVESTIGATION,21168172,3,D
INC001465,869/2022,CASE000133,FORGERY,465/468,336(3),4,1,PS000089,Gunadala Police Station,LOC000089,Gunadala,Vijayawada,Andhra Pradesh,16.51407,80.65268,2022-09-23T01:42,2022-09-23T08:42,Special Task Force (STF),ORG000015,SYN-WLD,UNDER_INVESTIGATION,0,7,A
INC001466,731/2026,CASE000077,FORGERY,465/468,336(3),4,1,PS000112,Berhampur Police Station,LOC000112,Berhampur,Ganjam,Odisha,19.31878,84.78231,2026-05-31T20:28,2026-06-01T02:28,Enforcement Directorate,ORG000011,SYN-PON,UNTRACED,0,2,C
INC001467,162/2025,CASE000019,ATTEMPT_TO_MURDER,307,109,8,0,PS000067,Chomu Police Station,LOC000067,Chomu,Jaipur,Rajasthan,27.16846,75.72915,2025-10-31T02:51,2025-11-01T16:51,Anti-Terrorism Squad (ATS),ORG000005,SYN-MIN,CHARGESHEETED,0,2,B
INC001468,536/2025,CASE000035,FORGERY,465/468,336(3),4,1,PS000047,Metiabruz Police Station,LOC000047,Metiabruz,Kolkata,West Bengal,22.53329,88.31358,2025-08-29T21:20,2025-08-31T08:20,Anti-Narcotics Cell,,UNAFFILIATED,UNDER_INVESTIGATION,0,3,A
INC001469,114/2022,CASE000052,MURDER,302,103(1),10,0,PS000049,Kaliachak Police Station,LOC000049,Kaliachak,Malda,West Bengal,24.97035,88.00242,2022-04-17T04:49,2022-04-19T02:49,State Police - Crime Branch,ORG000013,SYN-KDN,CONVICTED,0,1,C
INC001470,048/2025,CASE000071,FORGERY,465/468,336(3),4,1,PS000115,Sutarkandi Police Station,LOC000115,Sutarkandi,Karimganj,Assam,24.87968,92.34231,2025-05-13T16:51,2025-05-15T08:51,State Police - Crime Branch,ORG000006,SYN-TRF,CONVICTED,0,1,B
INC001471,655/2024,CASE000057,FICN_COUNTERFEIT,489B/489C,179,8,0,PS000084,Kukatpally Police Station,LOC000084,Kukatpally,Hyderabad,Telangana,17.48623,78.40974,2024-09-08T10:01,2024-09-09T05:01,Special Task Force (STF),,UNAFFILIATED,UNTRACED,705815616,2,A
INC001472,706/2023,CASE000064,MONEY_LAUNDERING,PMLA 3/4,-,7,0,PS000072,Varachha Police Station,LOC000072,Varachha,Surat,Gujarat,21.19637,72.86136,2023-01-29T22:56,2023-01-31T10:56,Directorate of Revenue Intelligence,ORG000012,SYN-BET,UNDER_INVESTIGATION,1984990,7,C
INC001473,231/2026,CASE000007,MURDER,302,103(1),10,0,PS000077,Bairagarh Police Station,LOC000077,Bairagarh,Bhopal,Madhya Pradesh,23.27477,77.32792,2026-02-18T11:03,2026-02-20T03:03,Railway Protection Force,ORG000007,SYN-ARM,UNDER_INVESTIGATION,0,2,A
INC001474,770/2025,CASE000012,ORGANISED_CRIME,MCOCA 3(1),111,10,0,PS000003,Kurla Police Station,LOC000003,Kurla,Mumbai,Maharashtra,19.07353,72.88684,2025-07-28T09:46,2025-07-30T10:46,Special Task Force (STF),ORG000007,SYN-ARM,CONVICTED,0,2,D
INC001475,043/2025,CASE000048,CHIT_FUND_PONZI,BUDS Act 21,318(4),6,1,PS000111,Chitrakonda Police Station,LOC000111,Chitrakonda,Malkangiri,Odisha,18.09702,82.10019,2025-01-20T15:31,2025-01-23T13:31,Central Bureau of Investigation,,UNAFFILIATED,UNTRACED,518413,2,A
INC001476,602/2025,CASE000044,MURDER,302,103(1),10,0,PS000077,Bairagarh Police Station,LOC000077,Bairagarh,Bhopal,Madhya Pradesh,23.27477,77.32792,2025-10-08T14:41,2025-10-09T00:41,Anti-Terrorism Squad (ATS),ORG000014,SYN-SHK,CHARGESHEETED,0,2,B
INC001477,286/2021,CASE000136,DACOITY,395,310(2),8,0,PS000093,Vyasarpadi Police Station,LOC000093,Vyasarpadi,Chennai,Tamil Nadu,13.12274,80.24524,2021-08-10T16:09,2021-08-11T18:09,Income Tax Investigation Wing,,UNAFFILIATED,CHARGESHEETED,49226882,5,B
INC001478,620/2026,CASE000089,ATTEMPT_TO_MURDER,307,109,8,0,PS000024,Chakeri Police Station,LOC000024,Chakeri,Kanpur,Uttar Pradesh,26.41802,80.40132,2026-06-12T02:29,2026-06-12T16:29,Income Tax Investigation Wing,ORG000005,SYN-MIN,UNTRACED,0,2,A
INC001479,354/2024,CASE000081,NDPS_POSSESSION,NDPS 22(b),-,5,0,PS000065,Osian Police Station,LOC000065,Osian,Jodhpur,Rajasthan,26.71758,72.91971,2024-10-25T18:27,2024-10-27T00:27,Anti-Narcotics Cell,ORG000002,SYN-HER,UNDER_INVESTIGATION,0,3,D
INC001480,452/2021,CASE000020,FORGERY,465/468,336(3),4,1,PS000019,Najafgarh Police Station,LOC000019,Najafgarh,New Delhi,Delhi,28.61304,77.01367,2021-11-16T23:27,2021-11-18T20:27,Income Tax Investigation Wing,ORG000006,SYN-TRF,CHARGESHEETED,0,2,A
INC001481,660/2026,CASE000150,DACOITY,395,310(2),8,0,PS000015,Chandni Chowk Police Station,LOC000015,Chandni Chowk,New Delhi,Delhi,28.65923,77.23546,2026-06-11T09:07,2026-06-12T08:07,State Intelligence Department,,UNAFFILIATED,UNDER_INVESTIGATION,34790147,2,B
INC001482,716/2025,CASE000042,MONEY_LAUNDERING,PMLA 3/4,-,7,0,PS000053,Karimpur Police Station,LOC000053,Karimpur,Nadia,West Bengal,23.96971,88.62078,2025-01-08T08:44,2025-01-09T22:44,Enforcement Directorate,ORG000011,SYN-PON,ACQUITTED,18697570,4,C
INC001483,345/2024,CASE000147,MURDER,302,103(1),10,0,PS000095,Melur Police Station,LOC000095,Melur,Madurai,Tamil Nadu,10.02224,78.3489,2024-10-13T09:43,2024-10-13T13:43,Special Task Force (STF),ORG000005,SYN-MIN,UNDER_INVESTIGATION,0,2,D
INC001484,790/2025,CASE000087,SMUGGLING_CUSTOMS,Customs Act 135,-,5,1,PS000047,Metiabruz Police Station,LOC000047,Metiabruz,Kolkata,West Bengal,22.53329,88.31358,2025-11-18T15:48,2025-11-20T06:48,Economic Offences Wing,,UNAFFILIATED,UNDER_INVESTIGATION,2459960366,1,C
INC001485,094/2024,CASE000009,KIDNAP_FOR_RANSOM,364A,140(2),9,0,PS000031,Kutba Police Station,LOC000031,Kutba,Muzaffarnagar,Uttar Pradesh,29.47784,77.70244,2024-04-02T23:03,2024-04-05T18:03,Income Tax Investigation Wing,ORG000013,SYN-KDN,CHARGESHEETED,32471769,1,D
INC001486,384/2026,CASE000112,MONEY_LAUNDERING,PMLA 3/4,-,7,0,PS000093,Vyasarpadi Police Station,LOC000093,Vyasarpadi,Chennai,Tamil Nadu,13.12274,80.24524,2026-04-05T14:06,2026-04-06T17:06,Narcotics Control Bureau,ORG000004,SYN-HAW,UNTRACED,1560174,4,B
INC001487,484/2020,CASE000085,ORGANISED_CRIME,MCOCA 3(1),111,10,0,PS000100,Yeshwanthpur Police Station,LOC000100,Yeshwanthpur,Bengaluru,Karnataka,13.02634,77.54707,2020-09-14T05:36,2020-09-14T09:36,Cyber Crime Cell,ORG000001,SYN-EXT,CHARGESHEETED,0,5,D
INC001488,251/2025,CASE000079,FORGERY,465/468,336(3),4,1,PS000087,Bodhan Police Station,LOC000087,Bodhan,Nizamabad,Telangana,18.66779,77.89485,2025-07-16T04:04,2025-07-16T14:04,Income Tax Investigation Wing,ORG000004,SYN-HAW,UNTRACED,0,3,B
INC001489,822/2021,CASE000024,MURDER,302,103(1),10,0,PS000003,Kurla Police Station,LOC000003,Kurla,Mumbai,Maharashtra,19.07353,72.88684,2021-04-13T19:51,2021-04-15T02:51,Railway Protection Force,ORG000001,SYN-EXT,CHARGESHEETED,0,3,A
INC001490,229/2025,CASE000081,MONEY_LAUNDERING,PMLA 3/4,-,7,0,PS000062,Gohana Police Station,LOC000062,Gohana,Sonipat,Haryana,29.14638,76.70853,2025-05-21T17:21,2025-05-23T01:21,Anti-Narcotics Cell,ORG000002,SYN-HER,UNDER_INVESTIGATION,48221101,3,B
INC001491,752/2025,CASE000012,ORGANISED_CRIME,MCOCA 3(1),111,10,0,PS000036,Kasim Bazaar Police Station,LOC000036,Kasim Bazaar,Munger,Bihar,25.3687,86.46907,2025-05-12T21:51,2025-05-14T08:51,Special Task Force (STF),ORG000007,SYN-ARM,CHARGESHEETED,0,3,C
INC001492,708/2023,CASE000118,NDPS_POSSESSION,NDPS 22(b),-,5,0,PS000064,Ballabgarh Police Station,LOC000064,Ballabgarh,Faridabad,Haryana,28.34729,77.32805,2023-12-05T01:11,2023-12-07T16:11,Railway Protection Force,ORG000002,SYN-HER,CHARGESHEETED,0,1,A
INC001493,167/2023,CASE000047,SMUGGLING_CUSTOMS,Customs Act 135,-,5,1,PS000047,Metiabruz Police Station,LOC000047,Metiabruz,Kolkata,West Bengal,22.53329,88.31358,2023-03-25T11:19,2023-03-27T02:19,Enforcement Directorate,ORG000004,SYN-HAW,UNTRACED,1574853,1,A
INC001494,505/2024,CASE000090,ORGANISED_CRIME,MCOCA 3(1),111,10,0,PS000024,Chakeri Police Station,LOC000024,Chakeri,Kanpur,Uttar Pradesh,26.41802,80.40132,2024-01-30T09:24,2024-01-31T02:24,Economic Offences Wing,ORG000007,SYN-ARM,CHARGESHEETED,0,4,D
INC001495,842/2026,CASE000112,MONEY_LAUNDERING,PMLA 3/4,-,7,0,PS000012,Panchavati Police Station,LOC000012,Panchavati,Nashik,Maharashtra,20.01459,73.79072,2026-05-07T18:22,2026-05-09T19:22,Narcotics Control Bureau,ORG000004,SYN-HAW,UNDER_INVESTIGATION,38242627,1,D
INC001496,132/2022,CASE000067,CRIMINAL_CONSPIRACY,120B,61(2),5,0,PS000015,Chandni Chowk Police Station,LOC000015,Chandni Chowk,New Delhi,Delhi,28.65923,77.23546,2022-10-07T14:11,2022-10-10T07:11,State Intelligence Department,ORG000009,SYN-FIC,UNDER_INVESTIGATION,0,3,D
INC001497,881/2026,CASE000143,MONEY_LAUNDERING,PMLA 3/4,-,7,0,PS000115,Sutarkandi Police Station,LOC000115,Sutarkandi,Karimganj,Assam,24.87968,92.34231,2026-05-04T02:52,2026-05-06T08:52,State Intelligence Department,ORG000011,SYN-PON,UNDER_INVESTIGATION,11407086,5,D
INC001498,193/2026,CASE000103,ROBBERY,392,309(4),6,0,PS000041,Khajanchi Hat Police Station,LOC000041,Khajanchi Hat,Purnia,Bihar,25.78858,87.47757,2026-02-24T12:26,2026-02-26T12:26,Special Task Force (STF),ORG000008,SYN-VEH,CONVICTED,20223450,4,C
INC001499,702/2025,CASE000094,EXTORTION,384/387,308,6,0,PS000072,Varachha Police Station,LOC000072,Varachha,Surat,Gujarat,21.19637,72.86136,2025-08-23T16:36,2025-08-26T13:36,Directorate of Revenue Intelligence,ORG000012,SYN-BET,UNTRACED,49355756,2,A
INC001500,189/2026,CASE000136,DACOITY,395,310(2),8,0,PS000066,Nokha Police Station,LOC000066,Nokha,Bikaner,Rajasthan,27.56853,73.4757,2026-06-29T21:28,2026-07-02T09:28,Income Tax Investigation Wing,,UNAFFILIATED,UNDER_INVESTIGATION,39913655,1,D
INC001501,001/2025,CASE000040,CYBER_FRAUD,IT Act 66C/66D,319(2),5,1,PS000044,Jharia Police Station,LOC000044,Jharia,Dhanbad,Jharkhand,23.74956,86.41065,2025-02-07T16:30,2025-02-09T12:30,Income Tax Investigation Wing,ORG000003,SYN-CYB,CONVICTED,1352493870,2,D
INC001502,440/2019,CASE000065,CRIMINAL_CONSPIRACY,120B,61(2),5,0,PS000009,Yerwada Police Station,LOC000009,Yerwada,Pune,Maharashtra,18.54781,73.88111,2019-01-20T21:43,2019-01-21T08:43,Narcotics Control Bureau,ORG000007,SYN-ARM,CHARGESHEETED,0,4,D
INC001503,269/2024,CASE000107,FORGERY,465/468,336(3),4,1,PS000038,Chandauti Police Station,LOC000038,Chandauti,Gaya,Bihar,24.78741,84.99597,2024-11-21T10:58,2024-11-22T04:58,State Police - Crime Branch,ORG000006,SYN-TRF,UNDER_INVESTIGATION,0,2,B
INC001504,118/2024,CASE000145,SMUGGLING_CUSTOMS,Customs Act 135,-,5,1,PS000074,Kutiyana Police Station,LOC000074,Kutiyana,Porbandar,Gujarat,21.62158,69.97079,2024-01-05T09:17,2024-01-06T10:17,State Intelligence Department,,UNAFFILIATED,UNDER_INVESTIGATION,1219475,2,A
INC001505,577/2021,CASE000045,CHIT_FUND_PONZI,BUDS Act 21,318(4),6,1,PS000112,Berhampur Police Station,LOC000112,Berhampur,Ganjam,Odisha,19.31878,84.78231,2021-08-18T13:44,2021-08-20T00:44,Border Security Force - Intel,ORG000011,SYN-PON,UNDER_INVESTIGATION,21671528,2,B
INC001506,819/2025,CASE000135,SMUGGLING_CUSTOMS,Customs Act 135,-,5,1,PS000049,Kaliachak Police Station,LOC000049,Kaliachak,Malda,West Bengal,24.97035,88.00242,2025-06-18T23:35,2025-06-20T19:35,Narcotics Control Bureau,ORG000009,SYN-FIC,CONVICTED,24160572,3,A
INC001507,650/2025,CASE000058,NDPS_TRAFFICKING,NDPS 21(c)/29,-,9,0,PS000003,Kurla Police Station,LOC000003,Kurla,Mumbai,Maharashtra,19.07353,72.88684,2025-04-13T07:06,2025-04-14T07:06,Narcotics Control Bureau,ORG000010,SYN-GAN,UNDER_INVESTIGATION,415665546,3,C
INC001508,650/2025,CASE000019,EXTORTION,384/387,308,6,0,PS000067,Chomu Police Station,LOC000067,Chomu,Jaipur,Rajasthan,27.16846,75.72915,2025-12-16T15:39,2025-12-17T20:39,Anti-Terrorism Squad (ATS),ORG000005,SYN-MIN,UNDER_INVESTIGATION,40000847,3,B
INC001509,505/2025,CASE000100,NDPS_TRAFFICKING,NDPS 21(c)/29,-,9,0,PS000098,Srirangam Police Station,LOC000098,Srirangam,Trichy,Tamil Nadu,10.86798,78.69592,2025-10-24T20:59,2025-10-25T08:59,Special Task Force (STF),ORG000010,SYN-GAN,CHARGESHEETED,162200913,2,D
INC001510,698/2021,CASE000064,MONEY_LAUNDERING,PMLA 3/4,-,7,0,PS000016,Seelampur Police Station,LOC000016,Seelampur,New Delhi,Delhi,28.67711,77.27533,2021-02-24T04:04,2021-02-26T14:04,Directorate of Revenue Intelligence,ORG000012,SYN-BET,UNDER_INVESTIGATION,25122647,2,A
INC001511,717/2023,CASE000128,CRIMINAL_CONSPIRACY,120B,61(2),5,0,PS000056,Jamalpur Police Station,LOC000056,Jamalpur,Ludhiana,Punjab,30.91108,75.85307,2023-11-28T10:07,2023-11-28T14:07,State Police - Crime Branch,ORG000002,SYN-HER,UNDER_INVESTIGATION,0,7,D
INC001512,089/2022,CASE000124,FORGERY,465/468,336(3),4,1,PS000019,Najafgarh Police Station,LOC000019,Najafgarh,New Delhi,Delhi,28.61304,77.01367,2022-07-13T23:11,2022-07-14T16:11,Directorate of Revenue Intelligence,ORG000004,SYN-HAW,UNDER_INVESTIGATION,0,2,C
INC001513,237/2021,CASE000149,MONEY_LAUNDERING,PMLA 3/4,-,7,0,PS000117,Tuibong Police Station,LOC000117,Tuibong,Churachandpur,Manipur,24.3214,93.68328,2021-04-06T05:19,2021-04-06T07:19,Special Task Force (STF),,UNAFFILIATED,CHARGESHEETED,15054391,2,A
INC001514,656/2024,CASE000072,ATTEMPT_TO_MURDER,307,109,8,0,PS000078,Rau Police Station,LOC000078,Rau,Indore,Madhya Pradesh,22.64914,75.80858,2024-04-05T19:07,2024-04-06T06:07,Economic Offences Wing,ORG000014,SYN-SHK,UNDER_INVESTIGATION,0,2,C
INC001515,094/2023,CASE000107,CRIMINAL_CONSPIRACY,120B,61(2),5,0,PS000060,Punhana Police Station,LOC000060,Punhana,Nuh,Haryana,27.86723,77.21101,2023-03-28T01:07,2023-03-29T05:07,State Police - Crime Branch,ORG000006,SYN-TRF,UNDER_INVESTIGATION,0,3,B
INC001516,023/2021,CASE000103,VEHICLE_THEFT,379/411,303(2),3,1,PS000064,Ballabgarh Police Station,LOC000064,Ballabgarh,Faridabad,Haryana,28.34729,77.32805,2021-02-08T17:00,2021-02-10T05:00,Special Task Force (STF),ORG000008,SYN-VEH,UNDER_INVESTIGATION,0,1,A
INC001517,083/2024,CASE000110,ATTEMPT_TO_MURDER,307,109,8,0,PS000075,Gondal Police Station,LOC000075,Gondal,Rajkot,Gujarat,21.95838,70.80167,2024-12-12T06:23,2024-12-12T15:23,Central Bureau of Investigation,ORG000001,SYN-EXT,CONVICTED,0,2,B
INC001518,743/2023,CASE000121,FORGERY,465/468,336(3),4,1,PS000098,Srirangam Police Station,LOC000098,Srirangam,Trichy,Tamil Nadu,10.86798,78.69592,2023-08-16T03:28,2023-08-16T15:28,Income Tax Investigation Wing,ORG000004,SYN-HAW,ACQUITTED,0,1,A
INC001519,729/2024,CASE000009,ARMS_ACT,Arms Act 25/27,-,6,0,PS000046,Bengabad Police Station,LOC000046,Bengabad,Giridih,Jharkhand,24.1853,86.30745,2024-10-06T10:04,2024-10-08T00:04,Income Tax Investigation Wing,ORG000013,SYN-KDN,UNDER_INVESTIGATION,0,2,D
INC001520,645/2024,CASE000004,ORGANISED_CRIME,MCOCA 3(1),111,10,0,PS000018,Karol Bagh Police Station,LOC000018,Karol Bagh,New Delhi,Delhi,28.64425,77.18711,2024-04-27T20:02,2024-04-29T12:02,Directorate of Revenue Intelligence,ORG000013,SYN-KDN,UNTRACED,0,1,D
INC001521,548/2023,CASE000031,EXTORTION,384/387,308,6,0,PS000068,Kaman Police Station,LOC000068,Kaman,Bharatpur,Rajasthan,27.6531,77.26593,2023-07-05T01:50,2023-07-06T17:50,Narcotics Control Bureau,ORG000012,SYN-BET,UNDER_INVESTIGATION,21149423,7,B
INC001522,874/2026,CASE000121,MONEY_LAUNDERING,PMLA 3/4,-,7,0,PS000108,Thalassery Police Station,LOC000108,Thalassery,Kannur,Kerala,11.74699,75.49641,2026-04-05T19:06,2026-04-08T15:06,Income Tax Investigation Wing,ORG000004,SYN-HAW,ACQUITTED,1185538,5,A
INC001523,222/2024,CASE000145,SMUGGLING_CUSTOMS,Customs Act 135,-,5,1,PS000088,Gajuwaka Police Station,LOC000088,Gajuwaka,Visakhapatnam,Andhra Pradesh,17.67545,83.2021,2024-06-03T03:16,2024-06-03T13:16,State Intelligence Department,,UNAFFILIATED,ACQUITTED,1199915949,1,A
INC001524,214/2026,CASE000138,FICN_COUNTERFEIT,489B/489C,179,8,0,PS000009,Yerwada Police Station,LOC000009,Yerwada,Pune,Maharashtra,18.54781,73.88111,2026-06-17T19:40,2026-06-19T16:40,Railway Protection Force,,UNAFFILIATED,UNDER_INVESTIGATION,182394919,3,B
INC001525,828/2025,CASE000144,ORGANISED_CRIME,MCOCA 3(1),111,10,0,PS000038,Chandauti Police Station,LOC000038,Chandauti,Gaya,Bihar,24.78741,84.99597,2025-08-26T23:19,2025-08-28T01:19,Economic Offences Wing,ORG000007,SYN-ARM,UNDER_INVESTIGATION,0,2,A
INC001526,281/2023,CASE000064,MONEY_LAUNDERING,PMLA 3/4,-,7,0,PS000015,Chandni Chowk Police Station,LOC000015,Chandni Chowk,New Delhi,Delhi,28.65923,77.23546,2023-02-03T03:14,2023-02-03T21:14,Directorate of Revenue Intelligence,ORG000012,SYN-BET,CONVICTED,1681791,3,B
INC001527,518/2021,CASE000041,CHEATING_FRAUD,420,318(4),5,1,PS000048,Rajabazar Police Station,LOC000048,Rajabazar,Kolkata,West Bengal,22.57998,88.37543,2021-09-19T07:57,2021-09-19T15:57,Special Task Force (STF),ORG000004,SYN-HAW,CHARGESHEETED,1458942502,1,A
INC001528,489/2026,CASE000120,FORGERY,465/468,336(3),4,1,PS000107,Chavakkad Police Station,LOC000107,Chavakkad,Thrissur,Kerala,10.58445,76.01633,2026-03-21T16:18,2026-03-23T17:18,Border Security Force - Intel,ORG000004,SYN-HAW,CHARGESHEETED,0,4,C
INC001529,576/2021,CASE000046,RIOTING,147/148,191(2),4,1,PS000036,Kasim Bazaar Police Station,LOC000036,Kasim Bazaar,Munger,Bihar,25.3687,86.46907,2021-12-11T18:58,2021-12-12T13:58,Income Tax Investigation Wing,ORG000005,SYN-MIN,CHARGESHEETED,0,1,D
INC001530,837/2023,CASE000111,ARMS_ACT,Arms Act 25/27,-,6,0,PS000016,Seelampur Police Station,LOC000016,Seelampur,New Delhi,Delhi,28.67711,77.27533,2023-09-23T03:32,2023-09-23T10:32,Railway Protection Force,ORG000013,SYN-KDN,UNDER_INVESTIGATION,0,2,C
INC001531,795/2021,CASE000015,SMUGGLING_CUSTOMS,Customs Act 135,-,5,1,PS000083,Charminar Police Station,LOC000083,Charminar,Hyderabad,Telangana,17.35976,78.47486,2021-05-26T12:17,2021-05-28T06:17,Income Tax Investigation Wing,ORG000004,SYN-HAW,CHARGESHEETED,253207,2,D
INC001532,405/2023,CASE000110,MURDER,302,103(1),10,0,PS000015,Chandni Chowk Police Station,LOC000015,Chandni Chowk,New Delhi,Delhi,28.65923,77.23546,2023-06-16T12:45,2023-06-18T22:45,Central Bureau of Investigation,ORG000001,SYN-EXT,ACQUITTED,0,7,B
INC001533,045/2023,CASE000072,ARMS_ACT,Arms Act 25/27,-,6,0,PS000066,Nokha Police Station,LOC000066,Nokha,Bikaner,Rajasthan,27.56853,73.4757,2023-03-21T22:51,2023-03-22T13:51,Economic Offences Wing,ORG000014,SYN-SHK,CHARGESHEETED,0,7,C
INC001534,129/2025,CASE000099,CRIMINAL_CONSPIRACY,120B,61(2),5,0,PS000028,Chetganj Police Station,LOC000028,Chetganj,Varanasi,Uttar Pradesh,25.31724,82.98995,2025-08-05T07:23,2025-08-05T13:23,Cyber Crime Cell,ORG000009,SYN-FIC,CHARGESHEETED,0,4,B
INC001535,420/2024,CASE000096,MONEY_LAUNDERING,PMLA 3/4,-,7,0,PS000094,Kodungaiyur Police Station,LOC000094,Kodungaiyur,Chennai,Tamil Nadu,13.13103,80.23855,2024-09-11T15:02,2024-09-12T21:02,Economic Offences Wing,ORG000004,SYN-HAW,CONVICTED,872551783,4,A
INC001536,645/2026,CASE000093,EXTORTION,384/387,308,6,0,PS000095,Melur Police Station,LOC000095,Melur,Madurai,Tamil Nadu,10.02224,78.3489,2026-02-07T04:55,2026-02-08T15:55,Railway Protection Force,ORG000005,SYN-MIN,CHARGESHEETED,43983668,1,B
INC001537,381/2022,CASE000067,FICN_COUNTERFEIT,489B/489C,179,8,0,PS000041,Khajanchi Hat Police Station,LOC000041,Khajanchi Hat,Purnia,Bihar,25.78858,87.47757,2022-05-09T10:00,2022-05-09T18:00,State Intelligence Department,ORG000009,SYN-FIC,UNTRACED,533688219,2,B
INC001538,340/2023,CASE000082,ROBBERY,392,309(4),6,0,PS000061,Sohna Police Station,LOC000061,Sohna,Gurugram,Haryana,28.25004,77.06581,2023-03-11T22:05,2023-03-12T19:05,Directorate of Revenue Intelligence,ORG000008,SYN-VEH,CHARGESHEETED,30892157,2,B
INC001539,480/2024,CASE000111,ORGANISED_CRIME,MCOCA 3(1),111,10,0,PS000033,Sarai Mir Police Station,LOC000033,Sarai Mir,Azamgarh,Uttar Pradesh,26.01058,82.80942,2024-02-04T11:38,2024-02-06T03:38,Railway Protection Force,ORG000013,SYN-KDN,UNDER_INVESTIGATION,0,5,D
INC001540,482/2026,CASE000014,LAND_GRABBING,441/447,329,4,1,PS000105,Tirur Police Station,LOC000105,Tirur,Malappuram,Kerala,10.91534,75.92575,2026-01-22T16:04,2026-01-22T20:04,Border Security Force - Intel,,UNAFFILIATED,UNTRACED,0,5,C
INC001541,832/2023,CASE000105,EXTORTION,384/387,308,6,0,PS000077,Bairagarh Police Station,LOC000077,Bairagarh,Bhopal,Madhya Pradesh,23.27477,77.32792,2023-06-26T11:28,2023-06-29T10:28,Narcotics Control Bureau,ORG000005,SYN-MIN,UNDER_INVESTIGATION,49761857,4,A
INC001542,503/2024,CASE000143,CHIT_FUND_PONZI,BUDS Act 21,318(4),6,1,PS000115,Sutarkandi Police Station,LOC000115,Sutarkandi,Karimganj,Assam,24.87968,92.34231,2024-07-09T01:11,2024-07-09T22:11,State Intelligence Department,ORG000011,SYN-PON,UNDER_INVESTIGATION,27338292,4,D
INC001543,636/2023,CASE000035,FORGERY,465/468,336(3),4,1,PS000086,Hanamkonda Police Station,LOC000086,Hanamkonda,Warangal,Telangana,18.00878,79.55269,2023-07-19T05:30,2023-07-20T07:30,Anti-Narcotics Cell,,UNAFFILIATED,UNDER_INVESTIGATION,0,4,D
INC001544,581/2023,CASE000001,FORGERY,465/468,336(3),4,1,PS000046,Bengabad Police Station,LOC000046,Bengabad,Giridih,Jharkhand,24.1853,86.30745,2023-07-28T05:58,2023-07-29T21:58,Railway Protection Force,ORG000003,SYN-CYB,UNDER_INVESTIGATION,0,1,A
INC001545,021/2026,CASE000008,CRIMINAL_CONSPIRACY,120B,61(2),5,0,PS000103,Sandur Police Station,LOC000103,Sandur,Ballari,Karnataka,15.10763,76.5405,2026-03-18T23:58,2026-03-21T06:58,Directorate of Revenue Intelligence,ORG000010,SYN-GAN,CHARGESHEETED,0,3,B
INC001546,602/2019,CASE000105,ATTEMPT_TO_MURDER,307,109,8,0,PS000080,Morar Police Station,LOC000080,Morar,Gwalior,Madhya Pradesh,26.22147,78.20426,2019-07-08T16:46,2019-07-10T03:46,Narcotics Control Bureau,ORG000005,SYN-MIN,UNTRACED,0,3,A
INC001547,597/2023,CASE000080,CHIT_FUND_PONZI,BUDS Act 21,318(4),6,1,PS000049,Kaliachak Police Station,LOC000049,Kaliachak,Malda,West Bengal,24.97035,88.00242,2023-11-13T21:13,2023-11-14T02:13,State Police - Crime Branch,ORG000011,SYN-PON,CHARGESHEETED,306111,3,A
INC001548,358/2025,CASE000034,CRIMINAL_CONSPIRACY,120B,61(2),5,0,PS000071,Juhapura Police Station,LOC000071,Juhapura,Ahmedabad,Gujarat,22.99114,72.53016,2025-10-12T11:58,2025-10-12T16:58,Enforcement Directorate,ORG000001,SYN-EXT,UNDER_INVESTIGATION,0,1,A
INC001549,050/2023,CASE000099,CRIMINAL_CONSPIRACY,120B,61(2),5,0,PS000048,Rajabazar Police Station,LOC000048,Rajabazar,Kolkata,West Bengal,22.57998,88.37543,2023-10-13T17:16,2023-10-14T04:16,Cyber Crime Cell,ORG000009,SYN-FIC,CONVICTED,0,3,C
INC001550,535/2021,CASE000107,HUMAN_TRAFFICKING,370/372,143,9,0,PS000114,Golakganj Police Station,LOC000114,Golakganj,Dhubri,Assam,26.02193,89.81691,2021-12-09T08:41,2021-12-09T23:41,State Police - Crime Branch,ORG000006,SYN-TRF,UNDER_INVESTIGATION,0,2,C
INC001551,093/2026,CASE000082,VEHICLE_THEFT,379/411,303(2),3,1,PS000068,Kaman Police Station,LOC000068,Kaman,Bharatpur,Rajasthan,27.6531,77.26593,2026-02-04T11:27,2026-02-05T01:27,Directorate of Revenue Intelligence,ORG000008,SYN-VEH,UNDER_INVESTIGATION,0,2,B
INC001552,501/2025,CASE000120,CHEATING_FRAUD,420,318(4),5,1,PS000007,Mumbra Police Station,LOC000007,Mumbra,Thane,Maharashtra,19.18341,73.02479,2025-12-29T10:05,2025-12-31T04:05,Border Security Force - Intel,ORG000004,SYN-HAW,UNDER_INVESTIGATION,1561270236,4,C
INC001553,196/2026,CASE000003,CHEATING_FRAUD,420,318(4),5,1,PS000022,Paharganj Police Station,LOC000022,Paharganj,New Delhi,Delhi,28.64769,77.22086,2026-06-18T08:46,2026-06-19T06:46,Central Bureau of Investigation,ORG000004,SYN-HAW,CONVICTED,989773,1,C
INC001554,470/2026,CASE000012,CRIMINAL_CONSPIRACY,120B,61(2),5,0,PS000038,Chandauti Police Station,LOC000038,Chandauti,Gaya,Bihar,24.78741,84.99597,2026-02-27T00:33,2026-02-27T22:33,Special Task Force (STF),ORG000007,SYN-ARM,CHARGESHEETED,0,1,B
INC001555,149/2020,CASE000103,ROBBERY,392,309(4),6,0,PS000060,Punhana Police Station,LOC000060,Punhana,Nuh,Haryana,27.86723,77.21101,2020-01-18T18:58,2020-01-21T03:58,Special Task Force (STF),ORG000008,SYN-VEH,UNDER_INVESTIGATION,3005860,4,D
INC001556,572/2020,CASE000015,FORGERY,465/468,336(3),4,1,PS000074,Kutiyana Police Station,LOC000074,Kutiyana,Porbandar,Gujarat,21.62158,69.97079,2020-12-19T09:22,2020-12-21T06:22,Income Tax Investigation Wing,ORG000004,SYN-HAW,CHARGESHEETED,0,1,B
INC001557,366/2023,CASE000050,RIOTING,147/148,191(2),4,1,PS000099,KG Halli Police Station,LOC000099,KG Halli,Bengaluru,Karnataka,13.00798,77.6042,2023-11-25T03:55,2023-11-25T08:55,Anti-Terrorism Squad (ATS),ORG000005,SYN-MIN,CHARGESHEETED,0,5,A
INC001558,279/2024,CASE000100,CRIMINAL_CONSPIRACY,120B,61(2),5,0,PS000087,Bodhan Police Station,LOC000087,Bodhan,Nizamabad,Telangana,18.66779,77.89485,2024-03-29T12:56,2024-04-01T02:56,Special Task Force (STF),ORG000010,SYN-GAN,UNDER_INVESTIGATION,0,2,B
INC001559,661/2024,CASE000091,ARMS_ACT,Arms Act 25/27,-,6,0,PS000046,Bengabad Police Station,LOC000046,Bengabad,Giridih,Jharkhand,24.1853,86.30745,2024-10-14T19:18,2024-10-17T11:18,Anti-Narcotics Cell,ORG000013,SYN-KDN,CHARGESHEETED,0,1,B
INC001560,426/2025,CASE000071,HUMAN_TRAFFICKING,370/372,143,9,0,PS000052,Matigara Police Station,LOC000052,Matigara,Siliguri,West Bengal,26.72719,88.37142,2025-01-26T21:32,2025-01-28T05:32,State Police - Crime Branch,ORG000006,SYN-TRF,CHARGESHEETED,0,1,C
INC001561,751/2026,CASE000106,NDPS_TRAFFICKING,NDPS 21(c)/29,-,9,0,PS000091,Nandyal Police Station,LOC000091,Nandyal,Kurnool,Andhra Pradesh,15.47185,78.47847,2026-01-07T10:36,2026-01-08T09:36,Border Security Force - Intel,ORG000010,SYN-GAN,CHARGESHEETED,459646217,3,B
INC001562,195/2025,CASE000053,NDPS_TRAFFICKING,NDPS 21(c)/29,-,9,0,PS000058,Nakodar Police Station,LOC000058,Nakodar,Jalandhar,Punjab,31.1138,75.47897,2025-01-27T18:39,2025-01-29T02:39,Economic Offences Wing,ORG000002,SYN-HER,UNDER_INVESTIGATION,653635072,3,C
INC001563,467/2025,CASE000046,ILLEGAL_MINING,MMDR 21(1),-,4,1,PS000069,Ramgarh Police Station,LOC000069,Ramgarh,Alwar,Rajasthan,27.52158,76.62084,2025-02-08T04:51,2025-02-10T00:51,Income Tax Investigation Wing,ORG000005,SYN-MIN,CHARGESHEETED,0,2,C
INC001564,073/2025,CASE000031,EXTORTION,384/387,308,6,0,PS000017,Jamia Nagar Police Station,LOC000017,Jamia Nagar,New Delhi,Delhi,28.55756,77.28271,2025-04-28T01:05,2025-04-28T11:05,Narcotics Control Bureau,ORG000012,SYN-BET,CONVICTED,24896036,1,A
INC001565,097/2025,CASE000157,CHEATING_FRAUD,420,318(4),5,1,PS000099,KG Halli Police Station,LOC000099,KG Halli,Bengaluru,Karnataka,13.00798,77.6042,2025-07-06T00:50,2025-07-06T10:50,Economic Offences Wing,ORG000003,SYN-CYB,UNDER_INVESTIGATION,650130,5,D
INC001566,673/2026,CASE000126,ARMS_ACT,Arms Act 25/27,-,6,0,PS000121,Uri Police Station,LOC000121,Uri,Baramulla,Jammu and Kashmir,34.0833,74.04758,2026-06-23T07:26,2026-06-25T16:26,Narcotics Control Bureau,ORG000002,SYN-HER,CHARGESHEETED,0,3,C
INC001567,504/2024,CASE000074,NDPS_POSSESSION,NDPS 22(b),-,5,0,PS000104,Mattancherry Police Station,LOC000104,Mattancherry,Kochi,Kerala,9.96365,76.25723,2024-10-02T09:12,2024-10-02T15:12,Railway Protection Force,,UNAFFILIATED,UNDER_INVESTIGATION,0,1,C
INC001568,387/2025,CASE000127,CRIMINAL_CONSPIRACY,120B,61(2),5,0,PS000116,Moreh Police Station,LOC000116,Moreh,Imphal,Manipur,24.25418,94.30003,2025-01-10T01:53,2025-01-10T14:53,Central Bureau of Investigation,,UNAFFILIATED,CHARGESHEETED,0,2,D
INC001569,836/2024,CASE000060,VEHICLE_THEFT,379/411,303(2),3,1,PS000020,Nangloi Police Station,LOC000020,Nangloi,New Delhi,Delhi,28.68418,77.06042,2024-10-18T06:04,2024-10-18T11:04,Enforcement Directorate,ORG000008,SYN-VEH,UNDER_INVESTIGATION,0,4,B
INC001570,782/2025,CASE000023,MURDER,302,103(1),10,0,PS000043,Sarwan Police Station,LOC000043,Sarwan,Deoghar,Jharkhand,24.47171,86.69972,2025-06-09T01:34,2025-06-09T04:34,State Police - Crime Branch,ORG000013,SYN-KDN,CHARGESHEETED,0,2,A
INC001571,399/2022,CASE000153,DACOITY,395,310(2),8,0,PS000075,Gondal Police Station,LOC000075,Gondal,Rajkot,Gujarat,21.95838,70.80167,2022-05-30T00:04,2022-05-31T22:04,Railway Protection Force,,UNAFFILIATED,CONVICTED,9258815,5,A
INC001572,060/2019,CASE000041,FORGERY,465/468,336(3),4,1,PS000073,Mundra Police Station,LOC000073,Mundra,Kutch,Gujarat,22.83708,69.72983,2019-08-08T19:31,2019-08-09T19:31,Special Task Force (STF),ORG000004,SYN-HAW,UNDER_INVESTIGATION,0,2,B
INC001573,883/2024,CASE000022,EXTORTION,384/387,308,6,0,PS000067,Chomu Police Station,LOC000067,Chomu,Jaipur,Rajasthan,27.16846,75.72915,2024-05-20T03:45,2024-05-20T04:45,Anti-Terrorism Squad (ATS),ORG000005,SYN-MIN,UNDER_INVESTIGATION,36554833,3,C
INC001574,492/2021,CASE000108,ORGANISED_CRIME,MCOCA 3(1),111,10,0,PS000035,Kadamkuan Police Station,LOC000035,Kadamkuan,Patna,Bihar,25.62537,85.1468,2021-10-06T16:38,2021-10-09T04:38,Railway Protection Force,ORG000007,SYN-ARM,UNTRACED,0,2,C
INC001575,142/2020,CASE000157,FORGERY,465/468,336(3),4,1,PS000099,KG Halli Police Station,LOC000099,KG Halli,Bengaluru,Karnataka,13.00798,77.6042,2020-05-30T02:48,2020-05-31T23:48,Economic Offences Wing,ORG000003,SYN-CYB,UNTRACED,0,3,B
INC001576,635/2023,CASE000069,ARMS_ACT,Arms Act 25/27,-,6,0,PS000108,Thalassery Police Station,LOC000108,Thalassery,Kannur,Kerala,11.74699,75.49641,2023-04-28T02:42,2023-04-28T03:42,Cyber Crime Cell,,UNAFFILIATED,UNTRACED,0,2,C
INC001577,505/2025,CASE000001,CYBER_FRAUD,IT Act 66C/66D,319(2),5,1,PS000063,Barwala Police Station,LOC000063,Barwala,Hisar,Haryana,29.36333,75.90971,2025-01-15T06:33,2025-01-16T21:33,Railway Protection Force,ORG000003,SYN-CYB,UNDER_INVESTIGATION,2322275015,4,B
INC001578,700/2023,CASE000087,SMUGGLING_CUSTOMS,Customs Act 135,-,5,1,PS000035,Kadamkuan Police Station,LOC000035,Kadamkuan,Patna,Bihar,25.62537,85.1468,2023-04-11T10:31,2023-04-12T23:31,Economic Offences Wing,,UNAFFILIATED,UNDER_INVESTIGATION,969710817,3,B
INC001579,736/2022,CASE000072,ATTEMPT_TO_MURDER,307,109,8,0,PS000025,Lisari Gate Police Station,LOC000025,Lisari Gate,Meerut,Uttar Pradesh,28.97425,77.70598,2022-07-15T21:18,2022-07-17T03:18,Economic Offences Wing,ORG000014,SYN-SHK,CHARGESHEETED,0,1,D
INC001580,712/2024,CASE000078,FORGERY,465/468,336(3),4,1,PS000062,Gohana Police Station,LOC000062,Gohana,Sonipat,Haryana,29.14638,76.70853,2024-12-29T07:07,2024-12-30T21:07,Anti-Narcotics Cell,ORG000008,SYN-VEH,UNDER_INVESTIGATION,0,2,A
INC001581,283/2022,CASE000090,CRIMINAL_CONSPIRACY,120B,61(2),5,0,PS000053,Karimpur Police Station,LOC000053,Karimpur,Nadia,West Bengal,23.96971,88.62078,2022-12-13T09:00,2022-12-14T09:00,Economic Offences Wing,ORG000007,SYN-ARM,CHARGESHEETED,0,2,B
INC001582,299/2022,CASE000097,SMUGGLING_CUSTOMS,Customs Act 135,-,5,1,PS000117,Tuibong Police Station,LOC000117,Tuibong,Churachandpur,Manipur,24.3214,93.68328,2022-03-14T03:35,2022-03-16T14:35,State Police - Crime Branch,,UNAFFILIATED,CHARGESHEETED,839838,2,B
INC001583,173/2026,CASE000120,CHEATING_FRAUD,420,318(4),5,1,PS000050,Jalangi Police Station,LOC000050,Jalangi,Murshidabad,West Bengal,24.11042,88.40108,2026-04-10T00:34,2026-04-10T17:34,Border Security Force - Intel,ORG000004,SYN-HAW,UNDER_INVESTIGATION,216749,3,A
INC001584,392/2020,CASE000155,NDPS_TRAFFICKING,NDPS 21(c)/29,-,9,0,PS000070,Chohtan Police Station,LOC000070,Chohtan,Barmer,Rajasthan,25.48114,71.04168,2020-11-26T08:17,2020-11-29T04:17,Anti-Narcotics Cell,ORG000002,SYN-HER,CHARGESHEETED,597386379,2,C
INC001585,588/2026,CASE000039,SMUGGLING_CUSTOMS,Customs Act 135,-,5,1,PS000015,Chandni Chowk Police Station,LOC000015,Chandni Chowk,New Delhi,Delhi,28.65923,77.23546,2026-04-25T15:25,2026-04-26T13:25,Narcotics Control Bureau,ORG000015,SYN-WLD,CHARGESHEETED,1434759,2,B
INC001586,495/2024,CASE000147,EXTORTION,384/387,308,6,0,PS000101,Ullal Police Station,LOC000101,Ullal,Mangaluru,Karnataka,12.80948,74.86499,2024-12-02T23:23,2024-12-03T11:23,Special Task Force (STF),ORG000005,SYN-MIN,CHARGESHEETED,27032920,1,D
INC001587,857/2024,CASE000134,ROBBERY,392,309(4),6,0,PS000023,Aminabad Police Station,LOC000023,Aminabad,Lucknow,Uttar Pradesh,26.84458,80.91064,2024-12-30T20:19,2025-01-02T10:19,Economic Offences Wing,ORG000008,SYN-VEH,UNDER_INVESTIGATION,27211952,5,A
INC001588,624/2026,CASE000115,ARMS_ACT,Arms Act 25/27,-,6,0,PS000080,Morar Police Station,LOC000080,Morar,Gwalior,Madhya Pradesh,26.22147,78.20426,2026-05-23T14:50,2026-05-25T22:50,Directorate of Revenue Intelligence,ORG000007,SYN-ARM,UNDER_INVESTIGATION,0,2,D
INC001589,756/2023,CASE000015,FORGERY,465/468,336(3),4,1,PS000009,Yerwada Police Station,LOC000009,Yerwada,Pune,Maharashtra,18.54781,73.88111,2023-05-07T07:29,2023-05-07T20:29,Income Tax Investigation Wing,ORG000004,SYN-HAW,UNDER_INVESTIGATION,0,1,C
INC001590,682/2024,CASE000030,FICN_COUNTERFEIT,489B/489C,179,8,0,PS000113,Paltan Bazaar Police Station,LOC000113,Paltan Bazaar,Guwahati,Assam,26.17357,91.75925,2024-04-04T18:38,2024-04-07T11:38,Central Bureau of Investigation,ORG000009,SYN-FIC,CONVICTED,285659551,1,D
INC001591,002/2024,CASE000126,NDPS_TRAFFICKING,NDPS 21(c)/29,-,9,0,PS000120,Maisuma Police Station,LOC000120,Maisuma,Srinagar,Jammu and Kashmir,34.06805,74.79591,2024-05-30T22:24,2024-05-31T13:24,Narcotics Control Bureau,ORG000002,SYN-HER,UNDER_INVESTIGATION,462948913,2,C
INC001592,056/2024,CASE000002,SMUGGLING_CUSTOMS,Customs Act 135,-,5,1,PS000098,Srirangam Police Station,LOC000098,Srirangam,Trichy,Tamil Nadu,10.86798,78.69592,2024-03-03T03:28,2024-03-05T15:28,Income Tax Investigation Wing,ORG000015,SYN-WLD,CHARGESHEETED,1251700166,1,A
INC001593,416/2019,CASE000041,SMUGGLING_CUSTOMS,Customs Act 135,-,5,1,PS000071,Juhapura Police Station,LOC000071,Juhapura,Ahmedabad,Gujarat,22.99114,72.53016,2019-04-13T06:42,2019-04-13T13:42,Special Task Force (STF),ORG000004,SYN-HAW,UNTRACED,1614931466,2,C
INC001594,824/2025,CASE000023,EXTORTION,384/387,308,6,0,PS000053,Karimpur Police Station,LOC000053,Karimpur,Nadia,West Bengal,23.96971,88.62078,2025-07-28T04:02,2025-07-29T00:02,State Police - Crime Branch,ORG000013,SYN-KDN,CONVICTED,41252561,2,A
INC001595,817/2020,CASE000108,MURDER,302,103(1),10,0,PS000003,Kurla Police Station,LOC000003,Kurla,Mumbai,Maharashtra,19.07353,72.88684,2020-04-27T15:03,2020-04-28T19:03,Railway Protection Force,ORG000007,SYN-ARM,CONVICTED,0,4,C
INC001596,708/2024,CASE000126,MONEY_LAUNDERING,PMLA 3/4,-,7,0,PS000065,Osian Police Station,LOC000065,Osian,Jodhpur,Rajasthan,26.71758,72.91971,2024-11-08T08:57,2024-11-11T00:57,Narcotics Control Bureau,ORG000002,SYN-HER,CONVICTED,1597338,3,B
INC001597,176/2023,CASE000011,ARMS_ACT,Arms Act 25/27,-,6,0,PS000095,Melur Police Station,LOC000095,Melur,Madurai,Tamil Nadu,10.02224,78.3489,2023-08-29T17:01,2023-09-01T02:01,Income Tax Investigation Wing,ORG000010,SYN-GAN,UNDER_INVESTIGATION,0,4,A
INC001598,029/2024,CASE000147,EXTORTION,384/387,308,6,0,PS000039,Mahadeva Police Station,LOC000039,Mahadeva,Siwan,Bihar,26.21306,84.36525,2024-08-24T13:59,2024-08-24T22:59,Special Task Force (STF),ORG000005,SYN-MIN,CHARGESHEETED,16400967,2,B
INC001599,604/2025,CASE000114,ORGANISED_CRIME,MCOCA 3(1),111,10,0,PS000120,Maisuma Police Station,LOC000120,Maisuma,Srinagar,Jammu and Kashmir,34.06805,74.79591,2025-11-28T22:32,2025-11-29T01:32,Anti-Narcotics Cell,,UNAFFILIATED,CONVICTED,0,1,B
INC001600,667/2023,CASE000007,ARMS_ACT,Arms Act 25/27,-,6,0,PS000078,Rau Police Station,LOC000078,Rau,Indore,Madhya Pradesh,22.64914,75.80858,2023-04-16T00:09,2023-04-16T10:09,Railway Protection Force,ORG000007,SYN-ARM,UNDER_INVESTIGATION,0,2,A
INC001601,017/2025,CASE000023,ORGANISED_CRIME,MCOCA 3(1),111,10,0,PS000049,Kaliachak Police Station,LOC000049,Kaliachak,Malda,West Bengal,24.97035,88.00242,2025-04-12T00:44,2025-04-12T21:44,State Police - Crime Branch,ORG000013,SYN-KDN,CONVICTED,0,2,C
INC001602,694/2024,CASE000029,VEHICLE_THEFT,379/411,303(2),3,1,PS000061,Sohna Police Station,LOC000061,Sohna,Gurugram,Haryana,28.25004,77.06581,2024-10-16T10:42,2024-10-17T07:42,Economic Offences Wing,ORG000008,SYN-VEH,UNDER_INVESTIGATION,0,5,A
INC001603,757/2025,CASE000057,FICN_COUNTERFEIT,489B/489C,179,8,0,PS000009,Yerwada Police Station,LOC000009,Yerwada,Pune,Maharashtra,18.54781,73.88111,2025-11-09T17:01,2025-11-12T03:01,Special Task Force (STF),,UNAFFILIATED,UNDER_INVESTIGATION,412734347,1,B
INC001604,015/2020,CASE000042,CHIT_FUND_PONZI,BUDS Act 21,318(4),6,1,PS000109,Nayapalli Police Station,LOC000109,Nayapalli,Bhubaneswar,Odisha,20.28446,85.8132,2020-06-02T05:04,2020-06-02T18:04,Enforcement Directorate,ORG000011,SYN-PON,ACQUITTED,534677379,2,B
INC001605,897/2025,CASE000077,CHEATING_FRAUD,420,318(4),5,1,PS000040,Barauni Police Station,LOC000040,Barauni,Begusarai,Bihar,25.42198,86.12977,2025-08-27T11:52,2025-08-27T14:52,Enforcement Directorate,ORG000011,SYN-PON,UNTRACED,24858653,3,A
INC001606,518/2023,CASE000001,CHEATING_FRAUD,420,318(4),5,1,PS000049,Kaliachak Police Station,LOC000049,Kaliachak,Malda,West Bengal,24.97035,88.00242,2023-02-23T12:34,2023-02-25T01:34,Railway Protection Force,ORG000003,SYN-CYB,CHARGESHEETED,639542,4,B
INC001607,080/2019,CASE000103,VEHICLE_THEFT,379/411,303(2),3,1,PS000016,Seelampur Police Station,LOC000016,Seelampur,New Delhi,Delhi,28.67711,77.27533,2019-04-05T15:04,2019-04-05T17:04,Special Task Force (STF),ORG000008,SYN-VEH,UNTRACED,0,4,B
INC001608,453/2024,CASE000023,KIDNAP_FOR_RANSOM,364A,140(2),9,0,PS000037,Mithanpura Police Station,LOC000037,Mithanpura,Muzaffarpur,Bihar,26.12944,85.39524,2024-06-18T15:55,2024-06-20T05:55,State Police - Crime Branch,ORG000013,SYN-KDN,CONVICTED,48772474,1,B
INC001609,354/2020,CASE000063,CRIMINAL_CONSPIRACY,120B,61(2),5,0,PS000041,Khajanchi Hat Police Station,LOC000041,Khajanchi Hat,Purnia,Bihar,25.78858,87.47757,2020-01-27T08:00,2020-01-29T14:00,Income Tax Investigation Wing,ORG000007,SYN-ARM,CONVICTED,0,5,B
INC001610,679/2026,CASE000102,CRIMINAL_CONSPIRACY,120B,61(2),5,0,PS000020,Nangloi Police Station,LOC000020,Nangloi,New Delhi,Delhi,28.68418,77.06042,2026-04-13T16:09,2026-04-13T19:09,State Police - Crime Branch,ORG000015,SYN-WLD,UNTRACED,0,1,D
INC001611,685/2025,CASE000106,NDPS_POSSESSION,NDPS 22(b),-,5,0,PS000099,KG Halli Police Station,LOC000099,KG Halli,Bengaluru,Karnataka,13.00798,77.6042,2025-08-23T06:43,2025-08-24T02:43,Border Security Force - Intel,ORG000010,SYN-GAN,UNTRACED,0,2,C
INC001612,054/2026,CASE000051,VEHICLE_THEFT,379/411,303(2),3,1,PS000068,Kaman Police Station,LOC000068,Kaman,Bharatpur,Rajasthan,27.6531,77.26593,2026-06-05T21:53,2026-06-06T07:53,Border Security Force - Intel,ORG000008,SYN-VEH,CHARGESHEETED,0,3,A
INC001613,043/2026,CASE000037,BETTING_GAMBLING,Gambling Act 3/4,-,2,1,PS000044,Jharia Police Station,LOC000044,Jharia,Dhanbad,Jharkhand,23.74956,86.41065,2026-05-16T05:31,2026-05-18T02:31,Special Task Force (STF),,UNAFFILIATED,UNDER_INVESTIGATION,592108,4,B
INC001614,564/2025,CASE000118,NDPS_POSSESSION,NDPS 22(b),-,5,0,PS000062,Gohana Police Station,LOC000062,Gohana,Sonipat,Haryana,29.14638,76.70853,2025-11-15T18:14,2025-11-18T16:14,Railway Protection Force,ORG000002,SYN-HER,UNTRACED,0,2,C
INC001615,370/2024,CASE000152,SMUGGLING_CUSTOMS,Customs Act 135,-,5,1,PS000097,Palayamkottai Police Station,LOC000097,Palayamkottai,Tirunelveli,Tamil Nadu,8.7186,77.73084,2024-07-09T02:46,2024-07-11T00:46,Economic Offences Wing,ORG000015,SYN-WLD,CONVICTED,2430458571,4,A
INC001616,063/2022,CASE000152,CRIMINAL_CONSPIRACY,120B,61(2),5,0,PS000098,Srirangam Police Station,LOC000098,Srirangam,Trichy,Tamil Nadu,10.86798,78.69592,2022-09-17T13:46,2022-09-19T00:46,Economic Offences Wing,ORG000015,SYN-WLD,CONVICTED,0,1,D
INC001617,458/2025,CASE000051,CHEATING_FRAUD,420,318(4),5,1,PS000041,Khajanchi Hat Police Station,LOC000041,Khajanchi Hat,Purnia,Bihar,25.78858,87.47757,2025-08-26T19:48,2025-08-27T19:48,Border Security Force - Intel,ORG000008,SYN-VEH,UNDER_INVESTIGATION,1128016,1,B
INC001618,651/2024,CASE000111,ORGANISED_CRIME,MCOCA 3(1),111,10,0,PS000020,Nangloi Police Station,LOC000020,Nangloi,New Delhi,Delhi,28.68418,77.06042,2024-12-20T05:26,2024-12-21T12:26,Railway Protection Force,ORG000013,SYN-KDN,UNDER_INVESTIGATION,0,3,D
INC001619,020/2022,CASE000157,CHEATING_FRAUD,420,318(4),5,1,PS000061,Sohna Police Station,LOC000061,Sohna,Gurugram,Haryana,28.25004,77.06581,2022-04-10T17:52,2022-04-12T13:52,Economic Offences Wing,ORG000003,SYN-CYB,CHARGESHEETED,2356751238,1,C
INC001620,452/2022,CASE000125,FORGERY,465/468,336(3),4,1,PS000105,Tirur Police Station,LOC000105,Tirur,Malappuram,Kerala,10.91534,75.92575,2022-09-28T04:00,2022-09-30T16:00,Border Security Force - Intel,ORG000004,SYN-HAW,CONVICTED,0,2,B
INC001621,517/2025,CASE000053,NDPS_POSSESSION,NDPS 22(b),-,5,0,PS000057,Mamdot Police Station,LOC000057,Mamdot,Ferozepur,Punjab,30.92456,74.61601,2025-04-22T09:40,2025-04-23T17:40,Economic Offences Wing,ORG000002,SYN-HER,CONVICTED,0,2,D
INC001622,006/2023,CASE000154,CYBER_FRAUD,IT Act 66C/66D,319(2),5,1,PS000061,Sohna Police Station,LOC000061,Sohna,Gurugram,Haryana,28.25004,77.06581,2023-03-06T01:38,2023-03-08T15:38,Narcotics Control Bureau,ORG000003,SYN-CYB,CONVICTED,789241,2,D
INC001623,426/2026,CASE000129,ORGANISED_CRIME,MCOCA 3(1),111,10,0,PS000104,Mattancherry Police Station,LOC000104,Mattancherry,Kochi,Kerala,9.96365,76.25723,2026-06-26T06:08,2026-06-27T00:08,Enforcement Directorate,,UNAFFILIATED,UNDER_INVESTIGATION,0,1,C
INC001624,213/2026,CASE000119,DACOITY,395,310(2),8,0,PS000045,Hatia Police Station,LOC000045,Hatia,Ranchi,Jharkhand,23.30257,85.31951,2026-03-05T05:38,2026-03-07T15:38,State Police - Crime Branch,,UNAFFILIATED,CONVICTED,23633171,4,A
INC001625,106/2026,CASE000033,MONEY_LAUNDERING,PMLA 3/4,-,7,0,PS000120,Maisuma Police Station,LOC000120,Maisuma,Srinagar,Jammu and Kashmir,34.06805,74.79591,2026-01-31T14:16,2026-02-02T14:16,State Police - Crime Branch,ORG000002,SYN-HER,CONVICTED,1144589092,3,B
INC001626,528/2018,CASE000063,ARMS_ACT,Arms Act 25/27,-,6,0,PS000053,Karimpur Police Station,LOC000053,Karimpur,Nadia,West Bengal,23.96971,88.62078,2018-11-02T20:43,2018-11-05T08:43,Income Tax Investigation Wing,ORG000007,SYN-ARM,UNDER_INVESTIGATION,0,1,C
INC001627,899/2024,CASE000078,ROBBERY,392,309(4),6,0,PS000055,Khalra Police Station,LOC000055,Khalra,Tarn Taran,Punjab,31.44862,74.56847,2024-07-01T17:27,2024-07-04T11:27,Anti-Narcotics Cell,ORG000008,SYN-VEH,CHARGESHEETED,30387674,3,A
INC001628,498/2022,CASE000076,KIDNAP_FOR_RANSOM,364A,140(2),9,0,PS000030,Dhoomanganj Police Station,LOC000030,Dhoomanganj,Prayagraj,Uttar Pradesh,25.43722,81.80306,2022-06-03T23:29,2022-06-05T05:29,State Intelligence Department,,UNAFFILIATED,CHARGESHEETED,16323608,3,D
INC001629,613/2020,CASE000149,MONEY_LAUNDERING,PMLA 3/4,-,7,0,PS000097,Palayamkottai Police Station,LOC000097,Palayamkottai,Tirunelveli,Tamil Nadu,8.7186,77.73084,2020-08-22T09:16,2020-08-23T18:16,Special Task Force (STF),,UNAFFILIATED,UNTRACED,3197380,2,C
INC001630,029/2026,CASE000033,ARMS_ACT,Arms Act 25/27,-,6,0,PS000120,Maisuma Police Station,LOC000120,Maisuma,Srinagar,Jammu and Kashmir,34.06805,74.79591,2026-02-16T23:53,2026-02-19T08:53,State Police - Crime Branch,ORG000002,SYN-HER,UNDER_INVESTIGATION,0,3,C
INC001631,301/2025,CASE000154,CYBER_FRAUD,IT Act 66C/66D,319(2),5,1,PS000036,Kasim Bazaar Police Station,LOC000036,Kasim Bazaar,Munger,Bihar,25.3687,86.46907,2025-12-14T17:18,2025-12-16T07:18,Narcotics Control Bureau,ORG000003,SYN-CYB,ACQUITTED,18156013,2,C
INC001632,462/2026,CASE000114,ORGANISED_CRIME,MCOCA 3(1),111,10,0,PS000062,Gohana Police Station,LOC000062,Gohana,Sonipat,Haryana,29.14638,76.70853,2026-05-21T01:31,2026-05-23T13:31,Anti-Narcotics Cell,,UNAFFILIATED,UNDER_INVESTIGATION,0,2,D
INC001633,741/2025,CASE000077,CHEATING_FRAUD,420,318(4),5,1,PS000110,Jagatpur Police Station,LOC000110,Jagatpur,Cuttack,Odisha,20.51657,85.86729,2025-12-07T13:09,2025-12-08T20:09,Enforcement Directorate,ORG000011,SYN-PON,CHARGESHEETED,2494694796,2,B
INC001634,839/2026,CASE000129,ORGANISED_CRIME,MCOCA 3(1),111,10,0,PS000100,Yeshwanthpur Police Station,LOC000100,Yeshwanthpur,Bengaluru,Karnataka,13.02634,77.54707,2026-03-29T00:28,2026-03-31T03:28,Enforcement Directorate,,UNAFFILIATED,CONVICTED,0,2,B
INC001635,021/2023,CASE000042,CHEATING_FRAUD,420,318(4),5,1,PS000048,Rajabazar Police Station,LOC000048,Rajabazar,Kolkata,West Bengal,22.57998,88.37543,2023-10-19T05:49,2023-10-21T02:49,Enforcement Directorate,ORG000011,SYN-PON,CHARGESHEETED,1530941277,2,A
INC001636,887/2025,CASE000027,MURDER,302,103(1),10,0,PS000044,Jharia Police Station,LOC000044,Jharia,Dhanbad,Jharkhand,23.74956,86.41065,2025-03-28T13:37,2025-03-31T12:37,Economic Offences Wing,ORG000007,SYN-ARM,CHARGESHEETED,0,2,A
INC001637,740/2025,CASE000085,MURDER,302,103(1),10,0,PS000002,Dharavi Police Station,LOC000002,Dharavi,Mumbai,Maharashtra,19.0349,72.84279,2025-02-22T11:28,2025-02-24T05:28,Cyber Crime Cell,ORG000001,SYN-EXT,CHARGESHEETED,0,1,A
INC001638,439/2021,CASE000155,NDPS_POSSESSION,NDPS 22(b),-,5,0,PS000016,Seelampur Police Station,LOC000016,Seelampur,New Delhi,Delhi,28.67711,77.27533,2021-09-22T04:04,2021-09-22T12:04,Anti-Narcotics Cell,ORG000002,SYN-HER,UNDER_INVESTIGATION,0,2,A
INC001639,360/2023,CASE000017,ARMS_ACT,Arms Act 25/27,-,6,0,PS000123,Bhairamgarh Police Station,LOC000123,Bhairamgarh,Bijapur,Chhattisgarh,18.79608,80.7942,2023-03-21T03:27,2023-03-22T00:27,Directorate of Revenue Intelligence,ORG000010,SYN-GAN,UNDER_INVESTIGATION,0,3,C
INC001640,359/2022,CASE000157,MONEY_LAUNDERING,PMLA 3/4,-,7,0,PS000041,Khajanchi Hat Police Station,LOC000041,Khajanchi Hat,Purnia,Bihar,25.78858,87.47757,2022-06-08T06:53,2022-06-09T06:53,Economic Offences Wing,ORG000003,SYN-CYB,CONVICTED,305678,2,A
INC001641,399/2023,CASE000035,FORGERY,465/468,336(3),4,1,PS000104,Mattancherry Police Station,LOC000104,Mattancherry,Kochi,Kerala,9.96365,76.25723,2023-12-25T04:16,2023-12-27T14:16,Anti-Narcotics Cell,,UNAFFILIATED,CHARGESHEETED,0,2,A
INC001642,564/2025,CASE000131,SMUGGLING_CUSTOMS,Customs Act 135,-,5,1,PS000088,Gajuwaka Police Station,LOC000088,Gajuwaka,Visakhapatnam,Andhra Pradesh,17.67545,83.2021,2025-02-06T09:45,2025-02-07T15:45,State Intelligence Department,ORG000015,SYN-WLD,UNDER_INVESTIGATION,1340188992,1,A
INC001643,298/2022,CASE000133,SMUGGLING_CUSTOMS,Customs Act 135,-,5,1,PS000016,Seelampur Police Station,LOC000016,Seelampur,New Delhi,Delhi,28.67711,77.27533,2022-12-31T08:12,2022-12-31T19:12,Special Task Force (STF),ORG000015,SYN-WLD,UNDER_INVESTIGATION,1203189714,1,D
INC001644,450/2023,CASE000124,SMUGGLING_CUSTOMS,Customs Act 135,-,5,1,PS000085,Chandrayangutta Police Station,LOC000085,Chandrayangutta,Hyderabad,Telangana,17.33336,78.49109,2023-05-29T22:13,2023-06-01T20:13,Directorate of Revenue Intelligence,ORG000004,SYN-HAW,UNDER_INVESTIGATION,2314868716,4,B
INC001645,280/2024,CASE000152,WILDLIFE_TRAFFICKING,WLPA 51,-,6,0,PS000019,Najafgarh Police Station,LOC000019,Najafgarh,New Delhi,Delhi,28.61304,77.01367,2024-02-03T18:15,2024-02-05T12:15,Economic Offences Wing,ORG000015,SYN-WLD,UNDER_INVESTIGATION,296130655,3,D
INC001646,892/2025,CASE000073,MURDER,302,103(1),10,0,PS000064,Ballabgarh Police Station,LOC000064,Ballabgarh,Faridabad,Haryana,28.34729,77.32805,2025-07-27T09:07,2025-07-28T10:07,Anti-Terrorism Squad (ATS),ORG000014,SYN-SHK,CONVICTED,0,3,B
INC001647,244/2023,CASE000062,MONEY_LAUNDERING,PMLA 3/4,-,7,0,PS000083,Charminar Police Station,LOC000083,Charminar,Hyderabad,Telangana,17.35976,78.47486,2023-09-21T17:38,2023-09-23T12:38,Cyber Crime Cell,ORG000004,SYN-HAW,UNDER_INVESTIGATION,8093659,2,D
INC001648,151/2024,CASE000076,KIDNAP_FOR_RANSOM,364A,140(2),9,0,PS000034,Line Bazaar Police Station,LOC000034,Line Bazaar,Jaunpur,Uttar Pradesh,25.75361,82.67229,2024-03-07T00:15,2024-03-07T22:15,State Intelligence Department,,UNAFFILIATED,UNDER_INVESTIGATION,31631173,1,C
INC001649,090/2026,CASE000046,MURDER,302,103(1),10,0,PS000094,Kodungaiyur Police Station,LOC000094,Kodungaiyur,Chennai,Tamil Nadu,13.13103,80.23855,2026-01-28T03:54,2026-01-29T14:54,Income Tax Investigation Wing,ORG000005,SYN-MIN,ACQUITTED,0,1,D
INC001650,803/2023,CASE000022,ILLEGAL_MINING,MMDR 21(1),-,4,1,PS000067,Chomu Police Station,LOC000067,Chomu,Jaipur,Rajasthan,27.16846,75.72915,2023-11-11T22:58,2023-11-12T15:58,Anti-Terrorism Squad (ATS),ORG000005,SYN-MIN,ACQUITTED,0,4,D
INC001651,511/2025,CASE000002,FORGERY,465/468,336(3),4,1,PS000021,Sangam Vihar Police Station,LOC000021,Sangam Vihar,New Delhi,Delhi,28.48827,77.23159,2025-02-27T11:57,2025-02-28T16:57,Income Tax Investigation Wing,ORG000015,SYN-WLD,UNDER_INVESTIGATION,0,4,A
INC001652,432/2025,CASE000056,ARMS_ACT,Arms Act 25/27,-,6,0,PS000064,Ballabgarh Police Station,LOC000064,Ballabgarh,Faridabad,Haryana,28.34729,77.32805,2025-11-16T00:15,2025-11-17T12:15,Directorate of Revenue Intelligence,ORG000002,SYN-HER,CHARGESHEETED,0,2,A
INC001653,700/2025,CASE000066,MURDER,302,103(1),10,0,PS000020,Nangloi Police Station,LOC000020,Nangloi,New Delhi,Delhi,28.68418,77.06042,2025-09-18T03:52,2025-09-18T12:52,Narcotics Control Bureau,ORG000001,SYN-EXT,UNDER_INVESTIGATION,0,3,A
INC001654,006/2026,CASE000070,ARMS_ACT,Arms Act 25/27,-,6,0,PS000015,Chandni Chowk Police Station,LOC000015,Chandni Chowk,New Delhi,Delhi,28.65923,77.23546,2026-06-26T05:36,2026-06-29T01:36,Special Task Force (STF),ORG000002,SYN-HER,UNDER_INVESTIGATION,0,5,D
INC001655,038/2021,CASE000017,ARMS_ACT,Arms Act 25/27,-,6,0,PS000110,Jagatpur Police Station,LOC000110,Jagatpur,Cuttack,Odisha,20.51657,85.86729,2021-09-29T06:33,2021-10-01T18:33,Directorate of Revenue Intelligence,ORG000010,SYN-GAN,UNDER_INVESTIGATION,0,1,B
INC001656,826/2022,CASE000116,FORGERY,465/468,336(3),4,1,PS000094,Kodungaiyur Police Station,LOC000094,Kodungaiyur,Chennai,Tamil Nadu,13.13103,80.23855,2022-05-18T18:33,2022-05-20T01:33,Special Task Force (STF),,UNAFFILIATED,CHARGESHEETED,0,1,B
INC001657,625/2020,CASE000006,CHEATING_FRAUD,420,318(4),5,1,PS000019,Najafgarh Police Station,LOC000019,Najafgarh,New Delhi,Delhi,28.61304,77.01367,2020-12-30T19:51,2021-01-01T23:51,Central Bureau of Investigation,ORG000003,SYN-CYB,ACQUITTED,1316282,5,C
INC001658,050/2024,CASE000023,KIDNAP_FOR_RANSOM,364A,140(2),9,0,PS000021,Sangam Vihar Police Station,LOC000021,Sangam Vihar,New Delhi,Delhi,28.48827,77.23159,2024-09-19T01:01,2024-09-19T03:01,State Police - Crime Branch,ORG000013,SYN-KDN,UNDER_INVESTIGATION,5528460,3,A
INC001659,104/2024,CASE000154,CHEATING_FRAUD,420,318(4),5,1,PS000037,Mithanpura Police Station,LOC000037,Mithanpura,Muzaffarpur,Bihar,26.12944,85.39524,2024-09-18T19:37,2024-09-21T10:37,Narcotics Control Bureau,ORG000003,SYN-CYB,UNDER_INVESTIGATION,1999895,7,B
INC001660,277/2026,CASE000126,CRIMINAL_CONSPIRACY,120B,61(2),5,0,PS000058,Nakodar Police Station,LOC000058,Nakodar,Jalandhar,Punjab,31.1138,75.47897,2026-06-17T18:08,2026-06-20T06:08,Narcotics Control Bureau,ORG000002,SYN-HER,CONVICTED,0,1,D
INC001661,200/2022,CASE000127,CRIMINAL_CONSPIRACY,120B,61(2),5,0,PS000105,Tirur Police Station,LOC000105,Tirur,Malappuram,Kerala,10.91534,75.92575,2022-04-29T20:34,2022-04-30T04:34,Central Bureau of Investigation,,UNAFFILIATED,UNDER_INVESTIGATION,0,3,A
INC001662,298/2026,CASE000142,FICN_COUNTERFEIT,489B/489C,179,8,0,PS000019,Najafgarh Police Station,LOC000019,Najafgarh,New Delhi,Delhi,28.61304,77.01367,2026-04-11T06:35,2026-04-12T16:35,State Intelligence Department,ORG000009,SYN-FIC,CONVICTED,247594917,3,A
INC001663,407/2025,CASE000010,MONEY_LAUNDERING,PMLA 3/4,-,7,0,PS000001,Dongri Police Station,LOC000001,Dongri,Mumbai,Maharashtra,18.96279,72.8275,2025-10-26T07:18,2025-10-29T01:18,Directorate of Revenue Intelligence,ORG000004,SYN-HAW,UNTRACED,221231205,2,C
INC001664,014/2025,CASE000145,SMUGGLING_CUSTOMS,Customs Act 135,-,5,1,PS000119,Vasco Police Station,LOC000119,Vasco,South Goa,Goa,15.40014,73.81334,2025-03-06T23:00,2025-03-08T10:00,State Intelligence Department,,UNAFFILIATED,UNDER_INVESTIGATION,563580,1,C
INC001665,636/2026,CASE000034,ORGANISED_CRIME,MCOCA 3(1),111,10,0,PS000073,Mundra Police Station,LOC000073,Mundra,Kutch,Gujarat,22.83708,69.72983,2026-03-16T10:27,2026-03-16T11:27,Enforcement Directorate,ORG000001,SYN-EXT,CHARGESHEETED,0,3,B
INC001666,370/2025,CASE000137,WILDLIFE_TRAFFICKING,WLPA 51,-,6,0,PS000081,Mehgaon Police Station,LOC000081,Mehgaon,Bhind,Madhya Pradesh,26.49265,78.62698,2025-10-05T20:14,2025-10-08T20:14,Anti-Terrorism Squad (ATS),ORG000015,SYN-WLD,UNDER_INVESTIGATION,647713866,7,D
INC001667,085/2024,CASE000097,SMUGGLING_CUSTOMS,Customs Act 135,-,5,1,PS000110,Jagatpur Police Station,LOC000110,Jagatpur,Cuttack,Odisha,20.51657,85.86729,2024-08-31T02:49,2024-08-31T19:49,State Police - Crime Branch,,UNAFFILIATED,UNTRACED,308796404,7,C
INC001668,257/2024,CASE000016,CRIMINAL_CONSPIRACY,120B,61(2),5,0,PS000018,Karol Bagh Police Station,LOC000018,Karol Bagh,New Delhi,Delhi,28.64425,77.18711,2024-01-26T05:15,2024-01-27T15:15,Anti-Narcotics Cell,ORG000009,SYN-FIC,CONVICTED,0,4,B
INC001669,026/2024,CASE000019,RIOTING,147/148,191(2),4,1,PS000036,Kasim Bazaar Police Station,LOC000036,Kasim Bazaar,Munger,Bihar,25.3687,86.46907,2024-11-24T14:27,2024-11-24T17:27,Anti-Terrorism Squad (ATS),ORG000005,SYN-MIN,CHARGESHEETED,0,2,D
INC001670,348/2025,CASE000103,ROBBERY,392,309(4),6,0,PS000036,Kasim Bazaar Police Station,LOC000036,Kasim Bazaar,Munger,Bihar,25.3687,86.46907,2025-10-22T09:05,2025-10-25T06:05,Special Task Force (STF),ORG000008,SYN-VEH,ACQUITTED,11616844,2,A
INC001671,625/2021,CASE000090,ORGANISED_CRIME,MCOCA 3(1),111,10,0,PS000037,Mithanpura Police Station,LOC000037,Mithanpura,Muzaffarpur,Bihar,26.12944,85.39524,2021-02-11T23:22,2021-02-13T22:22,Economic Offences Wing,ORG000007,SYN-ARM,UNTRACED,0,3,A
INC001672,488/2025,CASE000047,MONEY_LAUNDERING,PMLA 3/4,-,7,0,PS000047,Metiabruz Police Station,LOC000047,Metiabruz,Kolkata,West Bengal,22.53329,88.31358,2025-03-14T21:20,2025-03-17T11:20,Enforcement Directorate,ORG000004,SYN-HAW,CHARGESHEETED,978035587,2,B
INC001673,698/2020,CASE000092,EXTORTION,384/387,308,6,0,PS000065,Osian Police Station,LOC000065,Osian,Jodhpur,Rajasthan,26.71758,72.91971,2020-11-30T12:09,2020-12-02T19:09,Central Bureau of Investigation,ORG000005,SYN-MIN,CHARGESHEETED,4708966,5,B
INC001674,833/2021,CASE000020,FORGERY,465/468,336(3),4,1,PS000114,Golakganj Police Station,LOC000114,Golakganj,Dhubri,Assam,26.02193,89.81691,2021-12-17T19:20,2021-12-19T16:20,Income Tax Investigation Wing,ORG000006,SYN-TRF,UNDER_INVESTIGATION,0,7,B
INC001675,094/2024,CASE000016,SMUGGLING_CUSTOMS,Customs Act 135,-,5,1,PS000038,Chandauti Police Station,LOC000038,Chandauti,Gaya,Bihar,24.78741,84.99597,2024-02-28T21:31,2024-03-02T19:31,Anti-Narcotics Cell,ORG000009,SYN-FIC,UNDER_INVESTIGATION,1301401933,1,B
INC001676,546/2022,CASE000128,NDPS_TRAFFICKING,NDPS 21(c)/29,-,9,0,PS000061,Sohna Police Station,LOC000061,Sohna,Gurugram,Haryana,28.25004,77.06581,2022-06-21T12:55,2022-06-22T09:55,State Police - Crime Branch,ORG000002,SYN-HER,UNDER_INVESTIGATION,268814888,2,C
INC001677,068/2022,CASE000031,EXTORTION,384/387,308,6,0,PS000075,Gondal Police Station,LOC000075,Gondal,Rajkot,Gujarat,21.95838,70.80167,2022-01-26T20:37,2022-01-27T06:37,Narcotics Control Bureau,ORG000012,SYN-BET,CHARGESHEETED,14332209,7,D
INC001678,174/2024,CASE000047,CHEATING_FRAUD,420,318(4),5,1,PS000053,Karimpur Police Station,LOC000053,Karimpur,Nadia,West Bengal,23.96971,88.62078,2024-11-29T22:12,2024-12-01T05:12,Enforcement Directorate,ORG000004,SYN-HAW,UNDER_INVESTIGATION,539319,1,B
INC001679,041/2023,CASE000055,MURDER,302,103(1),10,0,PS000046,Bengabad Police Station,LOC000046,Bengabad,Giridih,Jharkhand,24.1853,86.30745,2023-03-07T15:19,2023-03-10T11:19,Economic Offences Wing,ORG000007,SYN-ARM,UNDER_INVESTIGATION,0,3,D
INC001680,514/2024,CASE000058,ARMS_ACT,Arms Act 25/27,-,6,0,PS000008,Vashi Police Station,LOC000008,Vashi,Navi Mumbai,Maharashtra,19.08218,72.99119,2024-08-10T01:56,2024-08-11T16:56,Narcotics Control Bureau,ORG000010,SYN-GAN,CONVICTED,0,3,C
INC001681,418/2024,CASE000155,NDPS_TRAFFICKING,NDPS 21(c)/29,-,9,0,PS000121,Uri Police Station,LOC000121,Uri,Baramulla,Jammu and Kashmir,34.0833,74.04758,2024-11-16T09:53,2024-11-17T08:53,Anti-Narcotics Cell,ORG000002,SYN-HER,CHARGESHEETED,714699859,5,D
INC001682,112/2025,CASE000022,EXTORTION,384/387,308,6,0,PS000023,Aminabad Police Station,LOC000023,Aminabad,Lucknow,Uttar Pradesh,26.84458,80.91064,2025-10-18T09:19,2025-10-19T12:19,Anti-Terrorism Squad (ATS),ORG000005,SYN-MIN,UNDER_INVESTIGATION,3191146,3,C
INC001683,886/2026,CASE000004,MURDER,302,103(1),10,0,PS000045,Hatia Police Station,LOC000045,Hatia,Ranchi,Jharkhand,23.30257,85.31951,2026-04-25T13:02,2026-04-26T00:02,Directorate of Revenue Intelligence,ORG000013,SYN-KDN,UNDER_INVESTIGATION,0,2,C
INC001684,153/2022,CASE000119,DACOITY,395,310(2),8,0,PS000065,Osian Police Station,LOC000065,Osian,Jodhpur,Rajasthan,26.71758,72.91971,2022-09-13T01:46,2022-09-15T17:46,State Police - Crime Branch,,UNAFFILIATED,UNDER_INVESTIGATION,29860636,2,A
INC001685,451/2025,CASE000002,FORGERY,465/468,336(3),4,1,PS000093,Vyasarpadi Police Station,LOC000093,Vyasarpadi,Chennai,Tamil Nadu,13.12274,80.24524,2025-10-19T00:09,2025-10-19T14:09,Income Tax Investigation Wing,ORG000015,SYN-WLD,CHARGESHEETED,0,2,A
INC001686,435/2023,CASE000024,MURDER,302,103(1),10,0,PS000100,Yeshwanthpur Police Station,LOC000100,Yeshwanthpur,Bengaluru,Karnataka,13.02634,77.54707,2023-10-07T13:09,2023-10-07T14:09,Railway Protection Force,ORG000001,SYN-EXT,UNDER_INVESTIGATION,0,3,A
INC001687,412/2025,CASE000004,MURDER,302,103(1),10,0,PS000028,Chetganj Police Station,LOC000028,Chetganj,Varanasi,Uttar Pradesh,25.31724,82.98995,2025-11-28T20:17,2025-11-29T00:17,Directorate of Revenue Intelligence,ORG000013,SYN-KDN,UNDER_INVESTIGATION,0,3,B
INC001688,604/2025,CASE000134,ROBBERY,392,309(4),6,0,PS000019,Najafgarh Police Station,LOC000019,Najafgarh,New Delhi,Delhi,28.61304,77.01367,2025-11-30T04:23,2025-12-03T03:23,Economic Offences Wing,ORG000008,SYN-VEH,UNDER_INVESTIGATION,34556812,2,D
INC001689,416/2024,CASE000044,ARMS_ACT,Arms Act 25/27,-,6,0,PS000058,Nakodar Police Station,LOC000058,Nakodar,Jalandhar,Punjab,31.1138,75.47897,2024-03-08T03:17,2024-03-10T13:17,Anti-Terrorism Squad (ATS),ORG000014,SYN-SHK,UNDER_INVESTIGATION,0,1,B
INC001690,780/2025,CASE000147,RIOTING,147/148,191(2),4,1,PS000026,Loni Police Station,LOC000026,Loni,Ghaziabad,Uttar Pradesh,28.74286,77.27579,2025-05-05T21:00,2025-05-07T16:00,Special Task Force (STF),ORG000005,SYN-MIN,ACQUITTED,0,3,B
INC001691,069/2024,CASE000123,RIOTING,147/148,191(2),4,1,PS000052,Matigara Police Station,LOC000052,Matigara,Siliguri,West Bengal,26.72719,88.37142,2024-01-03T20:29,2024-01-05T02:29,Central Bureau of Investigation,,UNAFFILIATED,UNDER_INVESTIGATION,0,2,A
INC001692,603/2018,CASE000079,FORGERY,465/468,336(3),4,1,PS000074,Kutiyana Police Station,LOC000074,Kutiyana,Porbandar,Gujarat,21.62158,69.97079,2018-09-11T04:33,2018-09-13T07:33,Income Tax Investigation Wing,ORG000004,SYN-HAW,CHARGESHEETED,0,2,D
INC001693,610/2024,CASE000155,CRIMINAL_CONSPIRACY,120B,61(2),5,0,PS000062,Gohana Police Station,LOC000062,Gohana,Sonipat,Haryana,29.14638,76.70853,2024-08-06T09:57,2024-08-07T23:57,Anti-Narcotics Cell,ORG000002,SYN-HER,UNDER_INVESTIGATION,0,4,C
INC001694,347/2020,CASE000085,ORGANISED_CRIME,MCOCA 3(1),111,10,0,PS000020,Nangloi Police Station,LOC000020,Nangloi,New Delhi,Delhi,28.68418,77.06042,2020-09-13T19:09,2020-09-15T02:09,Cyber Crime Cell,ORG000001,SYN-EXT,UNDER_INVESTIGATION,0,2,A
INC001695,565/2026,CASE000154,FORGERY,465/468,336(3),4,1,PS000046,Bengabad Police Station,LOC000046,Bengabad,Giridih,Jharkhand,24.1853,86.30745,2026-01-24T14:38,2026-01-26T19:38,Narcotics Control Bureau,ORG000003,SYN-CYB,UNDER_INVESTIGATION,0,4,B
INC001696,076/2022,CASE000149,MONEY_LAUNDERING,PMLA 3/4,-,7,0,PS000038,Chandauti Police Station,LOC000038,Chandauti,Gaya,Bihar,24.78741,84.99597,2022-06-14T00:33,2022-06-16T12:33,Special Task Force (STF),,UNAFFILIATED,CHARGESHEETED,1647757161,2,D
INC001697,337/2022,CASE000006,FORGERY,465/468,336(3),4,1,PS000017,Jamia Nagar Police Station,LOC000017,Jamia Nagar,New Delhi,Delhi,28.55756,77.28271,2022-02-05T03:57,2022-02-07T10:57,Central Bureau of Investigation,ORG000003,SYN-CYB,CONVICTED,0,1,D
INC001698,664/2025,CASE000106,CRIMINAL_CONSPIRACY,120B,61(2),5,0,PS000001,Dongri Police Station,LOC000001,Dongri,Mumbai,Maharashtra,18.96279,72.8275,2025-07-06T08:18,2025-07-07T18:18,Border Security Force - Intel,ORG000010,SYN-GAN,UNDER_INVESTIGATION,0,2,C
INC001699,094/2026,CASE000131,CRIMINAL_CONSPIRACY,120B,61(2),5,0,PS000015,Chandni Chowk Police Station,LOC000015,Chandni Chowk,New Delhi,Delhi,28.65923,77.23546,2026-02-16T10:51,2026-02-16T15:51,State Intelligence Department,ORG000015,SYN-WLD,UNDER_INVESTIGATION,0,7,C
INC001700,868/2022,CASE000092,MURDER,302,103(1),10,0,PS000038,Chandauti Police Station,LOC000038,Chandauti,Gaya,Bihar,24.78741,84.99597,2022-06-18T14:18,2022-06-20T02:18,Central Bureau of Investigation,ORG000005,SYN-MIN,UNDER_INVESTIGATION,0,4,D
INC001701,565/2020,CASE000110,EXTORTION,384/387,308,6,0,PS000002,Dharavi Police Station,LOC000002,Dharavi,Mumbai,Maharashtra,19.0349,72.84279,2020-10-06T10:49,2020-10-07T12:49,Central Bureau of Investigation,ORG000001,SYN-EXT,CHARGESHEETED,27004786,1,B
INC001702,722/2025,CASE000025,FORGERY,465/468,336(3),4,1,PS000017,Jamia Nagar Police Station,LOC000017,Jamia Nagar,New Delhi,Delhi,28.55756,77.28271,2025-03-09T06:14,2025-03-10T07:14,Income Tax Investigation Wing,ORG000003,SYN-CYB,CHARGESHEETED,0,2,C
INC001703,807/2024,CASE000142,FICN_COUNTERFEIT,489B/489C,179,8,0,PS000115,Sutarkandi Police Station,LOC000115,Sutarkandi,Karimganj,Assam,24.87968,92.34231,2024-07-16T01:27,2024-07-17T18:27,State Intelligence Department,ORG000009,SYN-FIC,CHARGESHEETED,675867429,5,A
INC001704,840/2021,CASE000155,NDPS_TRAFFICKING,NDPS 21(c)/29,-,9,0,PS000065,Osian Police Station,LOC000065,Osian,Jodhpur,Rajasthan,26.71758,72.91971,2021-12-21T16:08,2021-12-22T10:08,Anti-Narcotics Cell,ORG000002,SYN-HER,ACQUITTED,640309352,4,C
INC001705,743/2023,CASE000056,CRIMINAL_CONSPIRACY,120B,61(2),5,0,PS000120,Maisuma Police Station,LOC000120,Maisuma,Srinagar,Jammu and Kashmir,34.06805,74.79591,2023-07-04T15:30,2023-07-05T00:30,Directorate of Revenue Intelligence,ORG000002,SYN-HER,CHARGESHEETED,0,1,C
INC001706,851/2021,CASE000102,SMUGGLING_CUSTOMS,Customs Act 135,-,5,1,PS000098,Srirangam Police Station,LOC000098,Srirangam,Trichy,Tamil Nadu,10.86798,78.69592,2021-12-03T11:20,2021-12-05T00:20,State Police - Crime Branch,ORG000015,SYN-WLD,CHARGESHEETED,906491371,1,B
INC001707,440/2026,CASE000003,CHEATING_FRAUD,420,318(4),5,1,PS000106,Nadakkavu Police Station,LOC000106,Nadakkavu,Kozhikode,Kerala,11.26765,75.77077,2026-06-21T03:52,2026-06-21T13:52,Central Bureau of Investigation,ORG000004,SYN-HAW,UNTRACED,10702792,1,D
INC001708,065/2025,CASE000084,FORGERY,465/468,336(3),4,1,PS000062,Gohana Police Station,LOC000062,Gohana,Sonipat,Haryana,29.14638,76.70853,2025-12-04T12:28,2025-12-06T02:28,State Police - Crime Branch,,UNAFFILIATED,UNTRACED,0,2,A
INC001709,222/2020,CASE000068,ILLEGAL_MINING,MMDR 21(1),-,4,1,PS000035,Kadamkuan Police Station,LOC000035,Kadamkuan,Patna,Bihar,25.62537,85.1468,2020-11-14T16:18,2020-11-16T19:18,Special Task Force (STF),ORG000005,SYN-MIN,UNDER_INVESTIGATION,0,4,D
INC001710,525/2025,CASE000048,CHIT_FUND_PONZI,BUDS Act 21,318(4),6,1,PS000046,Bengabad Police Station,LOC000046,Bengabad,Giridih,Jharkhand,24.1853,86.30745,2025-01-24T17:17,2025-01-26T00:17,Central Bureau of Investigation,,UNAFFILIATED,CHARGESHEETED,2541366411,4,C
INC001711,266/2025,CASE000027,ORGANISED_CRIME,MCOCA 3(1),111,10,0,PS000013,Cidco Police Station,LOC000013,Cidco,Aurangabad,Maharashtra,19.86758,75.33886,2025-03-30T06:43,2025-03-30T08:43,Economic Offences Wing,ORG000007,SYN-ARM,UNDER_INVESTIGATION,0,4,C
INC001712,483/2026,CASE000050,MURDER,302,103(1),10,0,PS000066,Nokha Police Station,LOC000066,Nokha,Bikaner,Rajasthan,27.56853,73.4757,2026-06-02T11:36,2026-06-03T12:36,Anti-Terrorism Squad (ATS),ORG000005,SYN-MIN,UNDER_INVESTIGATION,0,1,D
INC001713,103/2025,CASE000018,CHEATING_FRAUD,420,318(4),5,1,PS000117,Tuibong Police Station,LOC000117,Tuibong,Churachandpur,Manipur,24.3214,93.68328,2025-08-31T23:47,2025-09-01T08:47,Economic Offences Wing,,UNAFFILIATED,UNDER_INVESTIGATION,35241590,3,B
INC001714,612/2025,CASE000076,KIDNAP_FOR_RANSOM,364A,140(2),9,0,PS000027,Sector 63 Police Station,LOC000027,Sector 63,Noida,Uttar Pradesh,28.63194,77.37857,2025-04-25T06:59,2025-04-25T13:59,State Intelligence Department,,UNAFFILIATED,CHARGESHEETED,44054684,2,B
INC001715,474/2023,CASE000104,MONEY_LAUNDERING,PMLA 3/4,-,7,0,PS000013,Cidco Police Station,LOC000013,Cidco,Aurangabad,Maharashtra,19.86758,75.33886,2023-07-18T07:37,2023-07-20T13:37,Income Tax Investigation Wing,ORG000004,SYN-HAW,UNDER_INVESTIGATION,990448308,5,C
INC001716,811/2024,CASE000136,DACOITY,395,310(2),8,0,PS000111,Chitrakonda Police Station,LOC000111,Chitrakonda,Malkangiri,Odisha,18.09702,82.10019,2024-11-05T13:19,2024-11-08T09:19,Income Tax Investigation Wing,,UNAFFILIATED,CHARGESHEETED,44677084,7,D
INC001717,759/2024,CASE000127,CRIMINAL_CONSPIRACY,120B,61(2),5,0,PS000103,Sandur Police Station,LOC000103,Sandur,Ballari,Karnataka,15.10763,76.5405,2024-11-05T14:47,2024-11-07T13:47,Central Bureau of Investigation,,UNAFFILIATED,CONVICTED,0,3,C
INC001718,382/2021,CASE000119,DACOITY,395,310(2),8,0,PS000022,Paharganj Police Station,LOC000022,Paharganj,New Delhi,Delhi,28.64769,77.22086,2021-04-27T12:19,2021-04-27T14:19,State Police - Crime Branch,,UNAFFILIATED,UNDER_INVESTIGATION,45281833,5,B
INC001719,865/2026,CASE000144,CRIMINAL_CONSPIRACY,120B,61(2),5,0,PS000002,Dharavi Police Station,LOC000002,Dharavi,Mumbai,Maharashtra,19.0349,72.84279,2026-01-03T03:19,2026-01-03T21:19,Economic Offences Wing,ORG000007,SYN-ARM,UNDER_INVESTIGATION,0,1,C
INC001720,113/2026,CASE000101,NDPS_POSSESSION,NDPS 22(b),-,5,0,PS000009,Yerwada Police Station,LOC000009,Yerwada,Pune,Maharashtra,18.54781,73.88111,2026-05-09T19:50,2026-05-12T15:50,Border Security Force - Intel,ORG000010,SYN-GAN,UNDER_INVESTIGATION,0,4,D
INC001721,382/2021,CASE000087,SMUGGLING_CUSTOMS,Customs Act 135,-,5,1,PS000083,Charminar Police Station,LOC000083,Charminar,Hyderabad,Telangana,17.35976,78.47486,2021-05-22T14:37,2021-05-23T19:37,Economic Offences Wing,,UNAFFILIATED,UNTRACED,2248450937,3,A
INC001722,664/2026,CASE000014,LAND_GRABBING,441/447,329,4,1,PS000045,Hatia Police Station,LOC000045,Hatia,Ranchi,Jharkhand,23.30257,85.31951,2026-03-20T10:25,2026-03-22T11:25,Border Security Force - Intel,,UNAFFILIATED,UNDER_INVESTIGATION,0,2,C
INC001723,085/2024,CASE000024,EXTORTION,384/387,308,6,0,PS000076,Karelibaug Police Station,LOC000076,Karelibaug,Vadodara,Gujarat,22.32869,73.19409,2024-10-06T22:16,2024-10-07T17:16,Railway Protection Force,ORG000001,SYN-EXT,CONVICTED,11924122,3,D
INC001724,589/2024,CASE000102,WILDLIFE_TRAFFICKING,WLPA 51,-,6,0,PS000113,Paltan Bazaar Police Station,LOC000113,Paltan Bazaar,Guwahati,Assam,26.17357,91.75925,2024-02-04T18:33,2024-02-04T21:33,State Police - Crime Branch,ORG000015,SYN-WLD,UNTRACED,688353218,3,C
INC001725,594/2019,CASE000133,WILDLIFE_TRAFFICKING,WLPA 51,-,6,0,PS000117,Tuibong Police Station,LOC000117,Tuibong,Churachandpur,Manipur,24.3214,93.68328,2019-09-15T02:34,2019-09-15T17:34,Special Task Force (STF),ORG000015,SYN-WLD,CHARGESHEETED,235410588,3,A
INC001726,789/2025,CASE000067,FICN_COUNTERFEIT,489B/489C,179,8,0,PS000050,Jalangi Police Station,LOC000050,Jalangi,Murshidabad,West Bengal,24.11042,88.40108,2025-02-21T17:51,2025-02-24T06:51,State Intelligence Department,ORG000009,SYN-FIC,UNDER_INVESTIGATION,651851811,2,D
INC001727,603/2024,CASE000078,FORGERY,465/468,336(3),4,1,PS000064,Ballabgarh Police Station,LOC000064,Ballabgarh,Faridabad,Haryana,28.34729,77.32805,2024-07-25T06:57,2024-07-25T09:57,Anti-Narcotics Cell,ORG000008,SYN-VEH,UNDER_INVESTIGATION,0,7,A
INC001728,822/2020,CASE000064,CHEATING_FRAUD,420,318(4),5,1,PS000102,Afzalpur Police Station,LOC000102,Afzalpur,Kalaburagi,Karnataka,17.20729,76.36952,2020-11-01T08:50,2020-11-02T09:50,Directorate of Revenue Intelligence,ORG000012,SYN-BET,CHARGESHEETED,1990632,1,A
INC001729,771/2024,CASE000044,MURDER,302,103(1),10,0,PS000064,Ballabgarh Police Station,LOC000064,Ballabgarh,Faridabad,Haryana,28.34729,77.32805,2024-12-18T14:42,2024-12-19T21:42,Anti-Terrorism Squad (ATS),ORG000014,SYN-SHK,UNDER_INVESTIGATION,0,3,A
INC001730,538/2025,CASE000068,ILLEGAL_MINING,MMDR 21(1),-,4,1,PS000070,Chohtan Police Station,LOC000070,Chohtan,Barmer,Rajasthan,25.48114,71.04168,2025-01-19T16:45,2025-01-21T13:45,Special Task Force (STF),ORG000005,SYN-MIN,ACQUITTED,0,4,B
INC001731,507/2024,CASE000013,BETTING_GAMBLING,Gambling Act 3/4,-,2,1,PS000087,Bodhan Police Station,LOC000087,Bodhan,Nizamabad,Telangana,18.66779,77.89485,2024-03-12T11:02,2024-03-13T11:02,Anti-Terrorism Squad (ATS),ORG000012,SYN-BET,CONVICTED,1554879,2,C
INC001732,466/2023,CASE000035,FORGERY,465/468,336(3),4,1,PS000108,Thalassery Police Station,LOC000108,Thalassery,Kannur,Kerala,11.74699,75.49641,2023-08-01T13:10,2023-08-02T19:10,Anti-Narcotics Cell,,UNAFFILIATED,UNDER_INVESTIGATION,0,2,C
INC001733,195/2025,CASE000018,CHEATING_FRAUD,420,318(4),5,1,PS000108,Thalassery Police Station,LOC000108,Thalassery,Kannur,Kerala,11.74699,75.49641,2025-04-12T15:52,2025-04-13T00:52,Economic Offences Wing,,UNAFFILIATED,UNTRACED,885647,1,B
INC001734,004/2021,CASE000069,ARMS_ACT,Arms Act 25/27,-,6,0,PS000053,Karimpur Police Station,LOC000053,Karimpur,Nadia,West Bengal,23.96971,88.62078,2021-05-13T00:00,2021-05-15T14:00,Cyber Crime Cell,,UNAFFILIATED,CHARGESHEETED,0,1,A
INC001735,020/2025,CASE000078,CHEATING_FRAUD,420,318(4),5,1,PS000018,Karol Bagh Police Station,LOC000018,Karol Bagh,New Delhi,Delhi,28.64425,77.18711,2025-08-28T06:47,2025-08-29T12:47,Anti-Narcotics Cell,ORG000008,SYN-VEH,CHARGESHEETED,16139971,1,B
INC001736,810/2026,CASE000093,RIOTING,147/148,191(2),4,1,PS000068,Kaman Police Station,LOC000068,Kaman,Bharatpur,Rajasthan,27.6531,77.26593,2026-02-22T11:42,2026-02-24T09:42,Railway Protection Force,ORG000005,SYN-MIN,UNDER_INVESTIGATION,0,1,B
INC001737,279/2021,CASE000082,ROBBERY,392,309(4),6,0,PS000063,Barwala Police Station,LOC000063,Barwala,Hisar,Haryana,29.36333,75.90971,2021-03-28T09:01,2021-03-30T02:01,Directorate of Revenue Intelligence,ORG000008,SYN-VEH,CHARGESHEETED,30571190,4,D
INC001738,539/2026,CASE000089,MURDER,302,103(1),10,0,PS000101,Ullal Police Station,LOC000101,Ullal,Mangaluru,Karnataka,12.80948,74.86499,2026-02-21T20:20,2026-02-22T01:20,Income Tax Investigation Wing,ORG000005,SYN-MIN,CONVICTED,0,2,A
INC001739,869/2025,CASE000113,FORGERY,465/468,336(3),4,1,PS000060,Punhana Police Station,LOC000060,Punhana,Nuh,Haryana,27.86723,77.21101,2025-07-28T10:10,2025-07-29T09:10,State Police - Crime Branch,ORG000008,SYN-VEH,ACQUITTED,0,2,D
INC001740,755/2025,CASE000099,SMUGGLING_CUSTOMS,Customs Act 135,-,5,1,PS000115,Sutarkandi Police Station,LOC000115,Sutarkandi,Karimganj,Assam,24.87968,92.34231,2025-03-12T02:07,2025-03-12T11:07,Cyber Crime Cell,ORG000009,SYN-FIC,ACQUITTED,37812402,3,B
INC001741,686/2024,CASE000086,KIDNAP_FOR_RANSOM,364A,140(2),9,0,PS000019,Najafgarh Police Station,LOC000019,Najafgarh,New Delhi,Delhi,28.61304,77.01367,2024-08-17T19:23,2024-08-19T23:23,State Police - Crime Branch,,UNAFFILIATED,CHARGESHEETED,44956192,5,A
INC001742,657/2025,CASE000041,SMUGGLING_CUSTOMS,Customs Act 135,-,5,1,PS000022,Paharganj Police Station,LOC000022,Paharganj,New Delhi,Delhi,28.64769,77.22086,2025-01-22T12:29,2025-01-24T17:29,Special Task Force (STF),ORG000004,SYN-HAW,UNDER_INVESTIGATION,1864243,1,A
INC001743,789/2022,CASE000009,KIDNAP_FOR_RANSOM,364A,140(2),9,0,PS000022,Paharganj Police Station,LOC000022,Paharganj,New Delhi,Delhi,28.64769,77.22086,2022-09-02T13:18,2022-09-03T04:18,Income Tax Investigation Wing,ORG000013,SYN-KDN,UNTRACED,4801336,2,D
INC001744,445/2024,CASE000072,ATTEMPT_TO_MURDER,307,109,8,0,PS000065,Osian Police Station,LOC000065,Osian,Jodhpur,Rajasthan,26.71758,72.91971,2024-02-10T10:33,2024-02-11T11:33,Economic Offences Wing,ORG000014,SYN-SHK,CONVICTED,0,2,C
INC001745,652/2022,CASE000118,NDPS_POSSESSION,NDPS 22(b),-,5,0,PS000121,Uri Police Station,LOC000121,Uri,Baramulla,Jammu and Kashmir,34.0833,74.04758,2022-12-07T05:48,2022-12-07T06:48,Railway Protection Force,ORG000002,SYN-HER,UNDER_INVESTIGATION,0,1,C
INC001746,028/2025,CASE000099,FICN_COUNTERFEIT,489B/489C,179,8,0,PS000114,Golakganj Police Station,LOC000114,Golakganj,Dhubri,Assam,26.02193,89.81691,2025-10-28T12:42,2025-10-28T16:42,Cyber Crime Cell,ORG000009,SYN-FIC,UNDER_INVESTIGATION,199831584,2,A
INC001747,148/2025,CASE000152,FORGERY,465/468,336(3),4,1,PS000080,Morar Police Station,LOC000080,Morar,Gwalior,Madhya Pradesh,26.22147,78.20426,2025-01-21T17:48,2025-01-24T02:48,Economic Offences Wing,ORG000015,SYN-WLD,UNDER_INVESTIGATION,0,3,A
INC001748,303/2025,CASE000037,BETTING_GAMBLING,Gambling Act 3/4,-,2,1,PS000100,Yeshwanthpur Police Station,LOC000100,Yeshwanthpur,Bengaluru,Karnataka,13.02634,77.54707,2025-03-25T21:27,2025-03-27T21:27,Special Task Force (STF),,UNAFFILIATED,UNDER_INVESTIGATION,1872849,2,D
INC001749,801/2026,CASE000106,ARMS_ACT,Arms Act 25/27,-,6,0,PS000109,Nayapalli Police Station,LOC000109,Nayapalli,Bhubaneswar,Odisha,20.28446,85.8132,2026-06-08T10:14,2026-06-11T05:14,Border Security Force - Intel,ORG000010,SYN-GAN,ACQUITTED,0,3,B
INC001750,011/2024,CASE000074,NDPS_POSSESSION,NDPS 22(b),-,5,0,PS000122,Birgaon Police Station,LOC000122,Birgaon,Raipur,Chhattisgarh,21.27602,81.63096,2024-12-22T00:28,2024-12-24T07:28,Railway Protection Force,,UNAFFILIATED,UNDER_INVESTIGATION,0,2,B
INC001751,002/2025,CASE000070,CRIMINAL_CONSPIRACY,120B,61(2),5,0,PS000068,Kaman Police Station,LOC000068,Kaman,Bharatpur,Rajasthan,27.6531,77.26593,2025-07-15T19:23,2025-07-17T16:23,Special Task Force (STF),ORG000002,SYN-HER,UNDER_INVESTIGATION,0,5,C
INC001752,374/2022,CASE000155,NDPS_POSSESSION,NDPS 22(b),-,5,0,PS000060,Punhana Police Station,LOC000060,Punhana,Nuh,Haryana,27.86723,77.21101,2022-01-03T02:50,2022-01-03T08:50,Anti-Narcotics Cell,ORG000002,SYN-HER,CONVICTED,0,2,C
INC001753,650/2025,CASE000064,CHEATING_FRAUD,420,318(4),5,1,PS000103,Sandur Police Station,LOC000103,Sandur,Ballari,Karnataka,15.10763,76.5405,2025-05-13T02:21,2025-05-15T19:21,Directorate of Revenue Intelligence,ORG000012,SYN-BET,CHARGESHEETED,945003,2,D
INC001754,785/2026,CASE000039,CRIMINAL_CONSPIRACY,120B,61(2),5,0,PS000117,Tuibong Police Station,LOC000117,Tuibong,Churachandpur,Manipur,24.3214,93.68328,2026-04-29T15:10,2026-04-30T05:10,Narcotics Control Bureau,ORG000015,SYN-WLD,CONVICTED,0,1,A
INC001755,058/2020,CASE000110,CRIMINAL_CONSPIRACY,120B,61(2),5,0,PS000019,Najafgarh Police Station,LOC000019,Najafgarh,New Delhi,Delhi,28.61304,77.01367,2020-12-09T06:30,2020-12-10T01:30,Central Bureau of Investigation,ORG000001,SYN-EXT,CONVICTED,0,3,C
INC001756,542/2022,CASE000052,ARMS_ACT,Arms Act 25/27,-,6,0,PS000027,Sector 63 Police Station,LOC000027,Sector 63,Noida,Uttar Pradesh,28.63194,77.37857,2022-02-06T02:39,2022-02-07T15:39,State Police - Crime Branch,ORG000013,SYN-KDN,UNDER_INVESTIGATION,0,4,C
INC001757,615/2024,CASE000004,KIDNAP_FOR_RANSOM,364A,140(2),9,0,PS000053,Karimpur Police Station,LOC000053,Karimpur,Nadia,West Bengal,23.96971,88.62078,2024-03-13T14:12,2024-03-13T23:12,Directorate of Revenue Intelligence,ORG000013,SYN-KDN,UNDER_INVESTIGATION,33194072,2,B
INC001758,230/2025,CASE000044,ORGANISED_CRIME,MCOCA 3(1),111,10,0,PS000064,Ballabgarh Police Station,LOC000064,Ballabgarh,Faridabad,Haryana,28.34729,77.32805,2025-05-15T17:56,2025-05-17T08:56,Anti-Terrorism Squad (ATS),ORG000014,SYN-SHK,UNDER_INVESTIGATION,0,2,C
INC001759,606/2020,CASE000054,EXTORTION,384/387,308,6,0,PS000033,Sarai Mir Police Station,LOC000033,Sarai Mir,Azamgarh,Uttar Pradesh,26.01058,82.80942,2020-07-23T15:33,2020-07-24T12:33,Cyber Crime Cell,ORG000013,SYN-KDN,CONVICTED,7085305,3,D
INC001760,405/2025,CASE000035,FORGERY,465/468,336(3),4,1,PS000114,Golakganj Police Station,LOC000114,Golakganj,Dhubri,Assam,26.02193,89.81691,2025-10-09T17:43,2025-10-12T14:43,Anti-Narcotics Cell,,UNAFFILIATED,CHARGESHEETED,0,2,B
INC001761,018/2022,CASE000092,MURDER,302,103(1),10,0,PS000093,Vyasarpadi Police Station,LOC000093,Vyasarpadi,Chennai,Tamil Nadu,13.12274,80.24524,2022-01-19T16:55,2022-01-20T19:55,Central Bureau of Investigation,ORG000005,SYN-MIN,CONVICTED,0,4,B
INC001762,546/2026,CASE000081,NDPS_TRAFFICKING,NDPS 21(c)/29,-,9,0,PS000070,Chohtan Police Station,LOC000070,Chohtan,Barmer,Rajasthan,25.48114,71.04168,2026-04-29T23:50,2026-05-02T07:50,Anti-Narcotics Cell,ORG000002,SYN-HER,CONVICTED,270908030,5,D
INC001763,669/2025,CASE000111,ORGANISED_CRIME,MCOCA 3(1),111,10,0,PS000045,Hatia Police Station,LOC000045,Hatia,Ranchi,Jharkhand,23.30257,85.31951,2025-12-08T17:08,2025-12-11T12:08,Railway Protection Force,ORG000013,SYN-KDN,CONVICTED,0,3,B
INC001764,762/2025,CASE000128,NDPS_TRAFFICKING,NDPS 21(c)/29,-,9,0,PS000063,Barwala Police Station,LOC000063,Barwala,Hisar,Haryana,29.36333,75.90971,2025-08-20T20:27,2025-08-22T19:27,State Police - Crime Branch,ORG000002,SYN-HER,CHARGESHEETED,290682809,5,C
INC001765,423/2026,CASE000120,MONEY_LAUNDERING,PMLA 3/4,-,7,0,PS000093,Vyasarpadi Police Station,LOC000093,Vyasarpadi,Chennai,Tamil Nadu,13.12274,80.24524,2026-05-23T08:02,2026-05-25T12:02,Border Security Force - Intel,ORG000004,SYN-HAW,CONVICTED,796181,2,B
INC001766,710/2022,CASE000072,ORGANISED_CRIME,MCOCA 3(1),111,10,0,PS000065,Osian Police Station,LOC000065,Osian,Jodhpur,Rajasthan,26.71758,72.91971,2022-09-02T04:49,2022-09-04T16:49,Economic Offences Wing,ORG000014,SYN-SHK,UNDER_INVESTIGATION,0,4,D
INC001767,132/2025,CASE000018,CHEATING_FRAUD,420,318(4),5,1,PS000078,Rau Police Station,LOC000078,Rau,Indore,Madhya Pradesh,22.64914,75.80858,2025-10-30T02:01,2025-11-01T10:01,Economic Offences Wing,,UNAFFILIATED,UNDER_INVESTIGATION,802203078,2,D
INC001768,071/2026,CASE000097,SMUGGLING_CUSTOMS,Customs Act 135,-,5,1,PS000115,Sutarkandi Police Station,LOC000115,Sutarkandi,Karimganj,Assam,24.87968,92.34231,2026-02-10T22:45,2026-02-11T08:45,State Police - Crime Branch,,UNAFFILIATED,CONVICTED,1168665,2,C
INC001769,446/2022,CASE000038,MURDER,302,103(1),10,0,PS000099,KG Halli Police Station,LOC000099,KG Halli,Bengaluru,Karnataka,13.00798,77.6042,2022-05-10T14:41,2022-05-12T20:41,Directorate of Revenue Intelligence,ORG000001,SYN-EXT,UNDER_INVESTIGATION,0,1,B
INC001770,585/2024,CASE000088,CYBER_FRAUD,IT Act 66C/66D,319(2),5,1,PS000035,Kadamkuan Police Station,LOC000035,Kadamkuan,Patna,Bihar,25.62537,85.1468,2024-05-30T13:44,2024-05-31T00:44,State Intelligence Department,,UNAFFILIATED,UNTRACED,1670500,1,C
INC001771,697/2020,CASE000083,CRIMINAL_CONSPIRACY,120B,61(2),5,0,PS000121,Uri Police Station,LOC000121,Uri,Baramulla,Jammu and Kashmir,34.0833,74.04758,2020-01-13T00:41,2020-01-15T07:41,Special Task Force (STF),ORG000002,SYN-HER,UNDER_INVESTIGATION,0,2,C
INC001772,069/2025,CASE000095,ROBBERY,392,309(4),6,0,PS000020,Nangloi Police Station,LOC000020,Nangloi,New Delhi,Delhi,28.68418,77.06042,2025-11-21T18:06,2025-11-23T17:06,Railway Protection Force,ORG000008,SYN-VEH,CHARGESHEETED,28549861,1,A
INC001773,638/2026,CASE000038,ATTEMPT_TO_MURDER,307,109,8,0,PS000006,Malad Police Station,LOC000006,Malad,Mumbai,Maharashtra,19.18722,72.85232,2026-04-24T00:21,2026-04-24T17:21,Directorate of Revenue Intelligence,ORG000001,SYN-EXT,UNTRACED,0,5,B
INC001774,683/2022,CASE000067,SMUGGLING_CUSTOMS,Customs Act 135,-,5,1,PS000115,Sutarkandi Police Station,LOC000115,Sutarkandi,Karimganj,Assam,24.87968,92.34231,2022-05-26T22:34,2022-05-28T19:34,State Intelligence Department,ORG000009,SYN-FIC,UNDER_INVESTIGATION,515749,2,B
INC001775,088/2024,CASE000135,SMUGGLING_CUSTOMS,Customs Act 135,-,5,1,PS000019,Najafgarh Police Station,LOC000019,Najafgarh,New Delhi,Delhi,28.61304,77.01367,2024-07-10T13:35,2024-07-10T21:35,Narcotics Control Bureau,ORG000009,SYN-FIC,CHARGESHEETED,208286595,1,B
INC001776,126/2024,CASE000037,BETTING_GAMBLING,Gambling Act 3/4,-,2,1,PS000037,Mithanpura Police Station,LOC000037,Mithanpura,Muzaffarpur,Bihar,26.12944,85.39524,2024-12-15T06:43,2024-12-15T15:43,Special Task Force (STF),,UNAFFILIATED,CHARGESHEETED,4942117,1,A
INC001777,148/2026,CASE000112,SMUGGLING_CUSTOMS,Customs Act 135,-,5,1,PS000095,Melur Police Station,LOC000095,Melur,Madurai,Tamil Nadu,10.02224,78.3489,2026-05-23T02:43,2026-05-24T19:43,Narcotics Control Bureau,ORG000004,SYN-HAW,CHARGESHEETED,21309191,3,B
INC001778,039/2021,CASE000105,ATTEMPT_TO_MURDER,307,109,8,0,PS000034,Line Bazaar Police Station,LOC000034,Line Bazaar,Jaunpur,Uttar Pradesh,25.75361,82.67229,2021-03-01T03:07,2021-03-03T00:07,Narcotics Control Bureau,ORG000005,SYN-MIN,UNDER_INVESTIGATION,0,1,B
INC001779,074/2021,CASE000124,CHEATING_FRAUD,420,318(4),5,1,PS000096,Ukkadam Police Station,LOC000096,Ukkadam,Coimbatore,Tamil Nadu,10.99091,76.96669,2021-01-08T18:32,2021-01-08T20:32,Directorate of Revenue Intelligence,ORG000004,SYN-HAW,CHARGESHEETED,1725959,3,D
INC001780,551/2024,CASE000071,CHEATING_FRAUD,420,318(4),5,1,PS000115,Sutarkandi Police Station,LOC000115,Sutarkandi,Karimganj,Assam,24.87968,92.34231,2024-11-14T19:14,2024-11-17T19:14,State Police - Crime Branch,ORG000006,SYN-TRF,ACQUITTED,1123172234,2,C
INC001781,887/2025,CASE000101,NDPS_POSSESSION,NDPS 22(b),-,5,0,PS000123,Bhairamgarh Police Station,LOC000123,Bhairamgarh,Bijapur,Chhattisgarh,18.79608,80.7942,2025-10-12T05:06,2025-10-15T05:06,Border Security Force - Intel,ORG000010,SYN-GAN,UNDER_INVESTIGATION,0,5,C
INC001782,143/2026,CASE000051,ROBBERY,392,309(4),6,0,PS000029,Rajghat Police Station,LOC000029,Rajghat,Gorakhpur,Uttar Pradesh,26.76019,83.36182,2026-01-02T01:15,2026-01-03T08:15,Border Security Force - Intel,ORG000008,SYN-VEH,ACQUITTED,26932606,7,B
INC001783,589/2025,CASE000083,ARMS_ACT,Arms Act 25/27,-,6,0,PS000067,Chomu Police Station,LOC000067,Chomu,Jaipur,Rajasthan,27.16846,75.72915,2025-09-02T04:53,2025-09-04T21:53,Special Task Force (STF),ORG000002,SYN-HER,CHARGESHEETED,0,4,A
INC001784,610/2026,CASE000093,ILLEGAL_MINING,MMDR 21(1),-,4,1,PS000029,Rajghat Police Station,LOC000029,Rajghat,Gorakhpur,Uttar Pradesh,26.76019,83.36182,2026-02-16T11:21,2026-02-19T01:21,Railway Protection Force,ORG000005,SYN-MIN,UNDER_INVESTIGATION,0,1,D
INC001785,522/2026,CASE000015,SMUGGLING_CUSTOMS,Customs Act 135,-,5,1,PS000075,Gondal Police Station,LOC000075,Gondal,Rajkot,Gujarat,21.95838,70.80167,2026-04-18T03:12,2026-04-19T12:12,Income Tax Investigation Wing,ORG000004,SYN-HAW,CHARGESHEETED,14994875,5,C
INC001786,543/2026,CASE000130,CRIMINAL_CONSPIRACY,120B,61(2),5,0,PS000103,Sandur Police Station,LOC000103,Sandur,Ballari,Karnataka,15.10763,76.5405,2026-06-12T14:48,2026-06-14T09:48,Narcotics Control Bureau,ORG000010,SYN-GAN,CONVICTED,0,4,C
INC001787,522/2026,CASE000066,EXTORTION,384/387,308,6,0,PS000022,Paharganj Police Station,LOC000022,Paharganj,New Delhi,Delhi,28.64769,77.22086,2026-06-02T09:07,2026-06-03T21:07,Narcotics Control Bureau,ORG000001,SYN-EXT,UNDER_INVESTIGATION,31467500,4,B
INC001788,435/2026,CASE000129,ORGANISED_CRIME,MCOCA 3(1),111,10,0,PS000065,Osian Police Station,LOC000065,Osian,Jodhpur,Rajasthan,26.71758,72.91971,2026-03-16T03:48,2026-03-19T02:48,Enforcement Directorate,,UNAFFILIATED,CONVICTED,0,3,D
INC001789,211/2022,CASE000043,EXTORTION,384/387,308,6,0,PS000077,Bairagarh Police Station,LOC000077,Bairagarh,Bhopal,Madhya Pradesh,23.27477,77.32792,2022-09-21T08:28,2022-09-24T02:28,Enforcement Directorate,ORG000005,SYN-MIN,CONVICTED,5974015,4,C
INC001790,812/2023,CASE000098,ARMS_ACT,Arms Act 25/27,-,6,0,PS000079,Sanawad Police Station,LOC000079,Sanawad,Khargone,Madhya Pradesh,22.17019,75.90242,2023-11-08T20:23,2023-11-10T06:23,Special Task Force (STF),ORG000007,SYN-ARM,UNDER_INVESTIGATION,0,5,C
INC001791,661/2023,CASE000022,EXTORTION,384/387,308,6,0,PS000096,Ukkadam Police Station,LOC000096,Ukkadam,Coimbatore,Tamil Nadu,10.99091,76.96669,2023-06-19T19:58,2023-06-20T22:58,Anti-Terrorism Squad (ATS),ORG000005,SYN-MIN,UNDER_INVESTIGATION,9439493,1,B
INC001792,110/2026,CASE000042,FORGERY,465/468,336(3),4,1,PS000045,Hatia Police Station,LOC000045,Hatia,Ranchi,Jharkhand,23.30257,85.31951,2026-03-08T02:45,2026-03-08T06:45,Enforcement Directorate,ORG000011,SYN-PON,UNDER_INVESTIGATION,0,2,A
INC001793,038/2019,CASE000065,ORGANISED_CRIME,MCOCA 3(1),111,10,0,PS000029,Rajghat Police Station,LOC000029,Rajghat,Gorakhpur,Uttar Pradesh,26.76019,83.36182,2019-06-14T16:04,2019-06-15T06:04,Narcotics Control Bureau,ORG000007,SYN-ARM,CONVICTED,0,3,D
INC001794,336/2020,CASE000045,MONEY_LAUNDERING,PMLA 3/4,-,7,0,PS000040,Barauni Police Station,LOC000040,Barauni,Begusarai,Bihar,25.42198,86.12977,2020-07-19T12:47,2020-07-22T05:47,Border Security Force - Intel,ORG000011,SYN-PON,CONVICTED,962979,1,C
INC001795,265/2025,CASE000105,ILLEGAL_MINING,MMDR 21(1),-,4,1,PS000041,Khajanchi Hat Police Station,LOC000041,Khajanchi Hat,Purnia,Bihar,25.78858,87.47757,2025-07-19T19:04,2025-07-22T08:04,Narcotics Control Bureau,ORG000005,SYN-MIN,ACQUITTED,0,2,A
INC001796,570/2025,CASE000086,KIDNAP_FOR_RANSOM,364A,140(2),9,0,PS000102,Afzalpur Police Station,LOC000102,Afzalpur,Kalaburagi,Karnataka,17.20729,76.36952,2025-10-18T15:02,2025-10-19T04:02,State Police - Crime Branch,,UNAFFILIATED,UNDER_INVESTIGATION,42840988,2,C
INC001797,579/2025,CASE000144,ORGANISED_CRIME,MCOCA 3(1),111,10,0,PS000006,Malad Police Station,LOC000006,Malad,Mumbai,Maharashtra,19.18722,72.85232,2025-05-27T15:55,2025-05-28T21:55,Economic Offences Wing,ORG000007,SYN-ARM,CHARGESHEETED,0,3,B
INC001798,226/2024,CASE000118,CRIMINAL_CONSPIRACY,120B,61(2),5,0,PS000061,Sohna Police Station,LOC000061,Sohna,Gurugram,Haryana,28.25004,77.06581,2024-12-08T11:15,2024-12-11T08:15,Railway Protection Force,ORG000002,SYN-HER,UNDER_INVESTIGATION,0,1,B
INC001799,037/2021,CASE000011,NDPS_POSSESSION,NDPS 22(b),-,5,0,PS000084,Kukatpally Police Station,LOC000084,Kukatpally,Hyderabad,Telangana,17.48623,78.40974,2021-07-30T20:44,2021-08-02T09:44,Income Tax Investigation Wing,ORG000010,SYN-GAN,UNDER_INVESTIGATION,0,1,B
INC001800,553/2026,CASE000061,EXTORTION,384/387,308,6,0,PS000055,Khalra Police Station,LOC000055,Khalra,Tarn Taran,Punjab,31.44862,74.56847,2026-03-02T16:12,2026-03-04T11:12,Central Bureau of Investigation,ORG000014,SYN-SHK,UNDER_INVESTIGATION,22949090,4,D
INC001801,370/2026,CASE000091,ARMS_ACT,Arms Act 25/27,-,6,0,PS000018,Karol Bagh Police Station,LOC000018,Karol Bagh,New Delhi,Delhi,28.64425,77.18711,2026-01-09T02:10,2026-01-11T11:10,Anti-Narcotics Cell,ORG000013,SYN-KDN,ACQUITTED,0,1,A
INC001802,629/2025,CASE000019,MURDER,302,103(1),10,0,PS000103,Sandur Police Station,LOC000103,Sandur,Ballari,Karnataka,15.10763,76.5405,2025-07-13T12:06,2025-07-15T20:06,Anti-Terrorism Squad (ATS),ORG000005,SYN-MIN,UNDER_INVESTIGATION,0,1,C
INC001803,590/2026,CASE000138,FICN_COUNTERFEIT,489B/489C,179,8,0,PS000063,Barwala Police Station,LOC000063,Barwala,Hisar,Haryana,29.36333,75.90971,2026-06-16T00:26,2026-06-16T15:26,Railway Protection Force,,UNAFFILIATED,ACQUITTED,638941650,7,C
INC001804,064/2026,CASE000106,NDPS_POSSESSION,NDPS 22(b),-,5,0,PS000011,Kamptee Police Station,LOC000011,Kamptee,Nagpur,Maharashtra,21.22695,79.19707,2026-06-02T07:59,2026-06-04T21:59,Border Security Force - Intel,ORG000010,SYN-GAN,UNDER_INVESTIGATION,0,1,B
INC001805,275/2025,CASE000048,CHIT_FUND_PONZI,BUDS Act 21,318(4),6,1,PS000109,Nayapalli Police Station,LOC000109,Nayapalli,Bhubaneswar,Odisha,20.28446,85.8132,2025-12-31T18:12,2026-01-01T16:12,Central Bureau of Investigation,,UNAFFILIATED,UNDER_INVESTIGATION,820398,2,C
INC001806,424/2022,CASE000031,BETTING_GAMBLING,Gambling Act 3/4,-,2,1,PS000070,Chohtan Police Station,LOC000070,Chohtan,Barmer,Rajasthan,25.48114,71.04168,2022-06-22T10:54,2022-06-25T05:54,Narcotics Control Bureau,ORG000012,SYN-BET,UNDER_INVESTIGATION,993800,5,A
INC001807,049/2023,CASE000065,ORGANISED_CRIME,MCOCA 3(1),111,10,0,PS000006,Malad Police Station,LOC000006,Malad,Mumbai,Maharashtra,19.18722,72.85232,2023-02-18T18:56,2023-02-19T06:56,Narcotics Control Bureau,ORG000007,SYN-ARM,CONVICTED,0,3,D
INC001808,436/2024,CASE000074,NDPS_POSSESSION,NDPS 22(b),-,5,0,PS000009,Yerwada Police Station,LOC000009,Yerwada,Pune,Maharashtra,18.54781,73.88111,2024-09-24T06:52,2024-09-26T14:52,Railway Protection Force,,UNAFFILIATED,CHARGESHEETED,0,5,A
INC001809,877/2024,CASE000152,CRIMINAL_CONSPIRACY,120B,61(2),5,0,PS000090,Mangalagiri Police Station,LOC000090,Mangalagiri,Guntur,Andhra Pradesh,16.43011,80.55502,2024-05-07T21:32,2024-05-07T23:32,Economic Offences Wing,ORG000015,SYN-WLD,UNDER_INVESTIGATION,0,1,D
INC001810,351/2023,CASE000085,CRIMINAL_CONSPIRACY,120B,61(2),5,0,PS000103,Sandur Police Station,LOC000103,Sandur,Ballari,Karnataka,15.10763,76.5405,2023-12-26T00:15,2023-12-26T21:15,Cyber Crime Cell,ORG000001,SYN-EXT,CHARGESHEETED,0,3,B
INC001811,506/2026,CASE000114,ORGANISED_CRIME,MCOCA 3(1),111,10,0,PS000125,Jwalapur Police Station,LOC000125,Jwalapur,Haridwar,Uttarakhand,29.92022,78.12587,2026-01-29T07:26,2026-01-30T18:26,Anti-Narcotics Cell,,UNAFFILIATED,UNDER_INVESTIGATION,0,1,D
INC001812,355/2024,CASE000016,FICN_COUNTERFEIT,489B/489C,179,8,0,PS000035,Kadamkuan Police Station,LOC000035,Kadamkuan,Patna,Bihar,25.62537,85.1468,2024-12-21T08:47,2024-12-22T08:47,Anti-Narcotics Cell,ORG000009,SYN-FIC,UNDER_INVESTIGATION,414170162,5,D
INC001813,210/2026,CASE000051,FORGERY,465/468,336(3),4,1,PS000066,Nokha Police Station,LOC000066,Nokha,Bikaner,Rajasthan,27.56853,73.4757,2026-05-26T16:46,2026-05-29T03:46,Border Security Force - Intel,ORG000008,SYN-VEH,CHARGESHEETED,0,3,C
INC001814,252/2021,CASE000119,DACOITY,395,310(2),8,0,PS000004,Bhendi Bazaar Police Station,LOC000004,Bhendi Bazaar,Mumbai,Maharashtra,18.95981,72.82064,2021-01-25T16:55,2021-01-28T13:55,State Police - Crime Branch,,UNAFFILIATED,CHARGESHEETED,32638127,3,D
INC001815,146/2025,CASE000099,SMUGGLING_CUSTOMS,Customs Act 135,-,5,1,PS000049,Kaliachak Police Station,LOC000049,Kaliachak,Malda,West Bengal,24.97035,88.00242,2025-03-15T15:29,2025-03-17T17:29,Cyber Crime Cell,ORG000009,SYN-FIC,CHARGESHEETED,42048527,5,A
INC001816,232/2023,CASE000047,MONEY_LAUNDERING,PMLA 3/4,-,7,0,PS000022,Paharganj Police Station,LOC000022,Paharganj,New Delhi,Delhi,28.64769,77.22086,2023-10-26T03:01,2023-10-27T18:01,Enforcement Directorate,ORG000004,SYN-HAW,CONVICTED,1848352346,1,D
INC001817,268/2024,CASE000127,CRIMINAL_CONSPIRACY,120B,61(2),5,0,PS000061,Sohna Police Station,LOC000061,Sohna,Gurugram,Haryana,28.25004,77.06581,2024-04-08T20:20,2024-04-10T08:20,Central Bureau of Investigation,,UNAFFILIATED,CONVICTED,0,3,D
INC001818,513/2022,CASE000029,CHEATING_FRAUD,420,318(4),5,1,PS000035,Kadamkuan Police Station,LOC000035,Kadamkuan,Patna,Bihar,25.62537,85.1468,2022-10-01T03:37,2022-10-03T07:37,Economic Offences Wing,ORG000008,SYN-VEH,CONVICTED,2148800219,2,A
INC001819,634/2022,CASE000152,CRIMINAL_CONSPIRACY,120B,61(2),5,0,PS000089,Gunadala Police Station,LOC000089,Gunadala,Vijayawada,Andhra Pradesh,16.51407,80.65268,2022-11-02T06:35,2022-11-03T00:35,Economic Offences Wing,ORG000015,SYN-WLD,CONVICTED,0,2,A
INC001820,370/2025,CASE000093,MURDER,302,103(1),10,0,PS000036,Kasim Bazaar Police Station,LOC000036,Kasim Bazaar,Munger,Bihar,25.3687,86.46907,2025-10-05T01:45,2025-10-05T11:45,Railway Protection Force,ORG000005,SYN-MIN,CHARGESHEETED,0,1,D
INC001821,057/2026,CASE000014,LAND_GRABBING,441/447,329,4,1,PS000036,Kasim Bazaar Police Station,LOC000036,Kasim Bazaar,Munger,Bihar,25.3687,86.46907,2026-06-11T15:37,2026-06-11T23:37,Border Security Force - Intel,,UNAFFILIATED,UNDER_INVESTIGATION,0,1,A
INC001822,048/2022,CASE000103,FORGERY,465/468,336(3),4,1,PS000064,Ballabgarh Police Station,LOC000064,Ballabgarh,Faridabad,Haryana,28.34729,77.32805,2022-10-21T10:57,2022-10-22T02:57,Special Task Force (STF),ORG000008,SYN-VEH,CONVICTED,0,3,C
INC001823,693/2022,CASE000094,MONEY_LAUNDERING,PMLA 3/4,-,7,0,PS000075,Gondal Police Station,LOC000075,Gondal,Rajkot,Gujarat,21.95838,70.80167,2022-11-28T11:05,2022-11-28T14:05,Directorate of Revenue Intelligence,ORG000012,SYN-BET,UNDER_INVESTIGATION,1065219875,1,A
INC001824,429/2025,CASE000113,FORGERY,465/468,336(3),4,1,PS000020,Nangloi Police Station,LOC000020,Nangloi,New Delhi,Delhi,28.68418,77.06042,2025-12-09T08:26,2025-12-11T13:26,State Police - Crime Branch,ORG000008,SYN-VEH,UNDER_INVESTIGATION,0,3,C
INC001825,715/2022,CASE000042,CHEATING_FRAUD,420,318(4),5,1,PS000113,Paltan Bazaar Police Station,LOC000113,Paltan Bazaar,Guwahati,Assam,26.17357,91.75925,2022-05-26T20:41,2022-05-28T07:41,Enforcement Directorate,ORG000011,SYN-PON,UNDER_INVESTIGATION,37039469,5,B
INC001826,257/2024,CASE000060,CHEATING_FRAUD,420,318(4),5,1,PS000068,Kaman Police Station,LOC000068,Kaman,Bharatpur,Rajasthan,27.6531,77.26593,2024-06-13T04:24,2024-06-13T23:24,Enforcement Directorate,ORG000008,SYN-VEH,UNDER_INVESTIGATION,1017388,2,A
INC001827,196/2022,CASE000008,NDPS_POSSESSION,NDPS 22(b),-,5,0,PS000084,Kukatpally Police Station,LOC000084,Kukatpally,Hyderabad,Telangana,17.48623,78.40974,2022-02-01T18:44,2022-02-02T05:44,Directorate of Revenue Intelligence,ORG000010,SYN-GAN,CHARGESHEETED,0,4,A
INC001828,716/2024,CASE000011,CRIMINAL_CONSPIRACY,120B,61(2),5,0,PS000083,Charminar Police Station,LOC000083,Charminar,Hyderabad,Telangana,17.35976,78.47486,2024-04-06T10:27,2024-04-09T08:27,Income Tax Investigation Wing,ORG000010,SYN-GAN,CHARGESHEETED,0,2,D
INC001829,597/2023,CASE000100,NDPS_TRAFFICKING,NDPS 21(c)/29,-,9,0,PS000092,Chintapalli Police Station,LOC000092,Chintapalli,Alluri Sitharama Raju,Andhra Pradesh,17.86088,82.34667,2023-10-18T14:46,2023-10-20T22:46,Special Task Force (STF),ORG000010,SYN-GAN,ACQUITTED,760694562,1,D
INC001830,328/2026,CASE000122,BETTING_GAMBLING,Gambling Act 3/4,-,2,1,PS000101,Ullal Police Station,LOC000101,Ullal,Mangaluru,Karnataka,12.80948,74.86499,2026-02-01T09:47,2026-02-02T04:47,Narcotics Control Bureau,ORG000012,SYN-BET,UNDER_INVESTIGATION,25455462,3,D
INC001831,596/2022,CASE000152,CRIMINAL_CONSPIRACY,120B,61(2),5,0,PS000047,Metiabruz Police Station,LOC000047,Metiabruz,Kolkata,West Bengal,22.53329,88.31358,2022-12-17T14:50,2022-12-19T20:50,Economic Offences Wing,ORG000015,SYN-WLD,CONVICTED,0,5,A
INC001832,178/2024,CASE000027,ORGANISED_CRIME,MCOCA 3(1),111,10,0,PS000007,Mumbra Police Station,LOC000007,Mumbra,Thane,Maharashtra,19.18341,73.02479,2024-01-20T19:08,2024-01-21T19:08,Economic Offences Wing,ORG000007,SYN-ARM,CHARGESHEETED,0,1,B
INC001833,734/2026,CASE000141,ARMS_ACT,Arms Act 25/27,-,6,0,PS000036,Kasim Bazaar Police Station,LOC000036,Kasim Bazaar,Munger,Bihar,25.3687,86.46907,2026-03-01T19:49,2026-03-03T05:49,Income Tax Investigation Wing,ORG000013,SYN-KDN,UNDER_INVESTIGATION,0,2,A
INC001834,807/2025,CASE000115,MURDER,302,103(1),10,0,PS000036,Kasim Bazaar Police Station,LOC000036,Kasim Bazaar,Munger,Bihar,25.3687,86.46907,2025-02-07T22:20,2025-02-10T13:20,Directorate of Revenue Intelligence,ORG000007,SYN-ARM,CHARGESHEETED,0,4,A
INC001835,240/2022,CASE000044,MURDER,302,103(1),10,0,PS000021,Sangam Vihar Police Station,LOC000021,Sangam Vihar,New Delhi,Delhi,28.48827,77.23159,2022-09-01T05:30,2022-09-02T02:30,Anti-Terrorism Squad (ATS),ORG000014,SYN-SHK,CHARGESHEETED,0,5,A
INC001836,520/2020,CASE000065,ORGANISED_CRIME,MCOCA 3(1),111,10,0,PS000035,Kadamkuan Police Station,LOC000035,Kadamkuan,Patna,Bihar,25.62537,85.1468,2020-07-29T11:34,2020-07-31T05:34,Narcotics Control Bureau,ORG000007,SYN-ARM,ACQUITTED,0,1,D
INC001837,872/2022,CASE000101,NDPS_POSSESSION,NDPS 22(b),-,5,0,PS000123,Bhairamgarh Police Station,LOC000123,Bhairamgarh,Bijapur,Chhattisgarh,18.79608,80.7942,2022-02-27T08:21,2022-03-01T16:21,Border Security Force - Intel,ORG000010,SYN-GAN,ACQUITTED,0,3,C
INC001838,390/2024,CASE000145,SMUGGLING_CUSTOMS,Customs Act 135,-,5,1,PS000124,Clement Town Police Station,LOC000124,Clement Town,Dehradun,Uttarakhand,30.2693,77.99884,2024-12-22T02:46,2024-12-23T12:46,State Intelligence Department,,UNAFFILIATED,CHARGESHEETED,615781,5,B
INC001839,516/2022,CASE000084,FORGERY,465/468,336(3),4,1,PS000008,Vashi Police Station,LOC000008,Vashi,Navi Mumbai,Maharashtra,19.08218,72.99119,2022-01-10T16:24,2022-01-11T03:24,State Police - Crime Branch,,UNAFFILIATED,CHARGESHEETED,0,2,D
INC001840,298/2025,CASE000132,VEHICLE_THEFT,379/411,303(2),3,1,PS000087,Bodhan Police Station,LOC000087,Bodhan,Nizamabad,Telangana,18.66779,77.89485,2025-03-25T11:55,2025-03-26T03:55,Economic Offences Wing,,UNAFFILIATED,UNDER_INVESTIGATION,0,2,D
INC001841,561/2026,CASE000116,FORGERY,465/468,336(3),4,1,PS000049,Kaliachak Police Station,LOC000049,Kaliachak,Malda,West Bengal,24.97035,88.00242,2026-03-16T19:44,2026-03-17T12:44,Special Task Force (STF),,UNAFFILIATED,CHARGESHEETED,0,4,C
INC001842,129/2025,CASE000141,EXTORTION,384/387,308,6,0,PS000051,Bongaon Police Station,LOC000051,Bongaon,North 24 Parganas,West Bengal,23.07416,88.81118,2025-12-29T09:42,2025-12-29T21:42,Income Tax Investigation Wing,ORG000013,SYN-KDN,CHARGESHEETED,48779969,7,A
INC001843,068/2023,CASE000127,CRIMINAL_CONSPIRACY,120B,61(2),5,0,PS000056,Jamalpur Police Station,LOC000056,Jamalpur,Ludhiana,Punjab,30.91108,75.85307,2023-04-02T23:25,2023-04-04T00:25,Central Bureau of Investigation,,UNAFFILIATED,UNDER_INVESTIGATION,0,1,C
INC001844,237/2025,CASE000091,EXTORTION,384/387,308,6,0,PS000045,Hatia Police Station,LOC000045,Hatia,Ranchi,Jharkhand,23.30257,85.31951,2025-10-26T19:22,2025-10-29T19:22,Anti-Narcotics Cell,ORG000013,SYN-KDN,CHARGESHEETED,23944133,4,D
INC001845,474/2026,CASE000048,CHIT_FUND_PONZI,BUDS Act 21,318(4),6,1,PS000070,Chohtan Police Station,LOC000070,Chohtan,Barmer,Rajasthan,25.48114,71.04168,2026-03-02T16:14,2026-03-03T23:14,Central Bureau of Investigation,,UNAFFILIATED,UNDER_INVESTIGATION,3530308,5,D
INC001846,382/2020,CASE000080,FORGERY,465/468,336(3),4,1,PS000049,Kaliachak Police Station,LOC000049,Kaliachak,Malda,West Bengal,24.97035,88.00242,2020-08-10T16:14,2020-08-12T02:14,State Police - Crime Branch,ORG000011,SYN-PON,CHARGESHEETED,0,4,B
INC001847,127/2026,CASE000115,ORGANISED_CRIME,MCOCA 3(1),111,10,0,PS000044,Jharia Police Station,LOC000044,Jharia,Dhanbad,Jharkhand,23.74956,86.41065,2026-02-06T19:46,2026-02-08T04:46,Directorate of Revenue Intelligence,ORG000007,SYN-ARM,UNDER_INVESTIGATION,0,1,A
INC001848,370/2025,CASE000121,FORGERY,465/468,336(3),4,1,PS000072,Varachha Police Station,LOC000072,Varachha,Surat,Gujarat,21.19637,72.86136,2025-02-11T00:38,2025-02-12T05:38,Income Tax Investigation Wing,ORG000004,SYN-HAW,UNDER_INVESTIGATION,0,2,D
INC001849,248/2026,CASE000137,SMUGGLING_CUSTOMS,Customs Act 135,-,5,1,PS000113,Paltan Bazaar Police Station,LOC000113,Paltan Bazaar,Guwahati,Assam,26.17357,91.75925,2026-02-10T11:11,2026-02-12T12:11,Anti-Terrorism Squad (ATS),ORG000015,SYN-WLD,CHARGESHEETED,2674077958,5,D
INC001850,429/2026,CASE000095,CHEATING_FRAUD,420,318(4),5,1,PS000023,Aminabad Police Station,LOC000023,Aminabad,Lucknow,Uttar Pradesh,26.84458,80.91064,2026-02-09T21:59,2026-02-10T03:59,Railway Protection Force,ORG000008,SYN-VEH,CONVICTED,1923864,4,D
INC001851,184/2024,CASE000135,FICN_COUNTERFEIT,489B/489C,179,8,0,PS000115,Sutarkandi Police Station,LOC000115,Sutarkandi,Karimganj,Assam,24.87968,92.34231,2024-06-24T12:36,2024-06-25T22:36,Narcotics Control Bureau,ORG000009,SYN-FIC,CHARGESHEETED,271367101,5,D
INC001852,499/2025,CASE000133,SMUGGLING_CUSTOMS,Customs Act 135,-,5,1,PS000097,Palayamkottai Police Station,LOC000097,Palayamkottai,Tirunelveli,Tamil Nadu,8.7186,77.73084,2025-12-31T16:12,2026-01-01T01:12,Special Task Force (STF),ORG000015,SYN-WLD,UNDER_INVESTIGATION,1636212828,3,C
INC001853,663/2022,CASE000032,NDPS_POSSESSION,NDPS 22(b),-,5,0,PS000087,Bodhan Police Station,LOC000087,Bodhan,Nizamabad,Telangana,18.66779,77.89485,2022-03-12T02:27,2022-03-12T15:27,Anti-Terrorism Squad (ATS),ORG000010,SYN-GAN,ACQUITTED,0,5,B
INC001854,624/2026,CASE000014,LAND_GRABBING,441/447,329,4,1,PS000038,Chandauti Police Station,LOC000038,Chandauti,Gaya,Bihar,24.78741,84.99597,2026-05-02T14:44,2026-05-04T20:44,Border Security Force - Intel,,UNAFFILIATED,UNTRACED,0,3,B
INC001855,715/2019,CASE000155,ARMS_ACT,Arms Act 25/27,-,6,0,PS000059,Rampura Phul Police Station,LOC000059,Rampura Phul,Bathinda,Punjab,30.26925,75.24749,2019-11-14T20:05,2019-11-14T23:05,Anti-Narcotics Cell,ORG000002,SYN-HER,CONVICTED,0,2,D
INC001856,236/2025,CASE000125,MONEY_LAUNDERING,PMLA 3/4,-,7,0,PS000098,Srirangam Police Station,LOC000098,Srirangam,Trichy,Tamil Nadu,10.86798,78.69592,2025-01-27T10:52,2025-01-29T05:52,Border Security Force - Intel,ORG000004,SYN-HAW,CHARGESHEETED,1613205,2,C
INC001857,478/2019,CASE000148,FORGERY,465/468,336(3),4,1,PS000114,Golakganj Police Station,LOC000114,Golakganj,Dhubri,Assam,26.02193,89.81691,2019-10-01T01:17,2019-10-01T07:17,State Police - Crime Branch,ORG000011,SYN-PON,UNDER_INVESTIGATION,0,4,D
INC001858,089/2024,CASE000008,NDPS_TRAFFICKING,NDPS 21(c)/29,-,9,0,PS000110,Jagatpur Police Station,LOC000110,Jagatpur,Cuttack,Odisha,20.51657,85.86729,2024-07-08T22:36,2024-07-09T10:36,Directorate of Revenue Intelligence,ORG000010,SYN-GAN,CONVICTED,793488044,3,A
INC001859,442/2025,CASE000002,CRIMINAL_CONSPIRACY,120B,61(2),5,0,PS000098,Srirangam Police Station,LOC000098,Srirangam,Trichy,Tamil Nadu,10.86798,78.69592,2025-11-21T09:56,2025-11-22T18:56,Income Tax Investigation Wing,ORG000015,SYN-WLD,CHARGESHEETED,0,2,D
INC001860,582/2025,CASE000121,FORGERY,465/468,336(3),4,1,PS000018,Karol Bagh Police Station,LOC000018,Karol Bagh,New Delhi,Delhi,28.64425,77.18711,2025-01-10T04:18,2025-01-12T21:18,Income Tax Investigation Wing,ORG000004,SYN-HAW,UNDER_INVESTIGATION,0,5,C
INC001861,555/2025,CASE000091,ORGANISED_CRIME,MCOCA 3(1),111,10,0,PS000050,Jalangi Police Station,LOC000050,Jalangi,Murshidabad,West Bengal,24.11042,88.40108,2025-06-03T12:55,2025-06-06T08:55,Anti-Narcotics Cell,ORG000013,SYN-KDN,UNDER_INVESTIGATION,0,4,B
INC001862,006/2024,CASE000143,MONEY_LAUNDERING,PMLA 3/4,-,7,0,PS000114,Golakganj Police Station,LOC000114,Golakganj,Dhubri,Assam,26.02193,89.81691,2024-10-04T12:58,2024-10-04T21:58,State Intelligence Department,ORG000011,SYN-PON,UNDER_INVESTIGATION,702206992,3,D
INC001863,482/2022,CASE000046,ATTEMPT_TO_MURDER,307,109,8,0,PS000027,Sector 63 Police Station,LOC000027,Sector 63,Noida,Uttar Pradesh,28.63194,77.37857,2022-07-07T13:09,2022-07-07T17:09,Income Tax Investigation Wing,ORG000005,SYN-MIN,ACQUITTED,0,3,C
INC001864,193/2023,CASE000145,SMUGGLING_CUSTOMS,Customs Act 135,-,5,1,PS000119,Vasco Police Station,LOC000119,Vasco,South Goa,Goa,15.40014,73.81334,2023-07-23T17:39,2023-07-24T18:39,State Intelligence Department,,UNAFFILIATED,UNDER_INVESTIGATION,1765555616,7,A
INC001865,120/2022,CASE000056,NDPS_TRAFFICKING,NDPS 21(c)/29,-,9,0,PS000070,Chohtan Police Station,LOC000070,Chohtan,Barmer,Rajasthan,25.48114,71.04168,2022-10-30T16:08,2022-11-01T10:08,Directorate of Revenue Intelligence,ORG000002,SYN-HER,UNDER_INVESTIGATION,323166781,7,C
INC001866,065/2022,CASE000098,MURDER,302,103(1),10,0,PS000079,Sanawad Police Station,LOC000079,Sanawad,Khargone,Madhya Pradesh,22.17019,75.90242,2022-12-20T01:50,2022-12-22T21:50,Special Task Force (STF),ORG000007,SYN-ARM,UNDER_INVESTIGATION,0,3,B
INC001867,011/2025,CASE000061,ORGANISED_CRIME,MCOCA 3(1),111,10,0,PS000018,Karol Bagh Police Station,LOC000018,Karol Bagh,New Delhi,Delhi,28.64425,77.18711,2025-12-29T04:40,2025-12-29T07:40,Central Bureau of Investigation,ORG000014,SYN-SHK,UNDER_INVESTIGATION,0,7,B
INC001868,574/2026,CASE000150,DACOITY,395,310(2),8,0,PS000014,Barshi Police Station,LOC000014,Barshi,Solapur,Maharashtra,18.23555,75.69409,2026-04-25T04:52,2026-04-26T08:52,State Intelligence Department,,UNAFFILIATED,UNDER_INVESTIGATION,3971365,5,B
INC001869,245/2025,CASE000019,EXTORTION,384/387,308,6,0,PS000035,Kadamkuan Police Station,LOC000035,Kadamkuan,Patna,Bihar,25.62537,85.1468,2025-10-09T18:57,2025-10-10T01:57,Anti-Terrorism Squad (ATS),ORG000005,SYN-MIN,UNDER_INVESTIGATION,13525570,3,B
INC001870,312/2024,CASE000064,BETTING_GAMBLING,Gambling Act 3/4,-,2,1,PS000013,Cidco Police Station,LOC000013,Cidco,Aurangabad,Maharashtra,19.86758,75.33886,2024-01-10T06:48,2024-01-12T06:48,Directorate of Revenue Intelligence,ORG000012,SYN-BET,UNDER_INVESTIGATION,20763161,2,A
INC001871,531/2022,CASE000008,CRIMINAL_CONSPIRACY,120B,61(2),5,0,PS000122,Birgaon Police Station,LOC000122,Birgaon,Raipur,Chhattisgarh,21.27602,81.63096,2022-06-05T16:30,2022-06-06T05:30,Directorate of Revenue Intelligence,ORG000010,SYN-GAN,CONVICTED,0,1,C
INC001872,039/2018,CASE000140,KIDNAP_FOR_RANSOM,364A,140(2),9,0,PS000034,Line Bazaar Police Station,LOC000034,Line Bazaar,Jaunpur,Uttar Pradesh,25.75361,82.67229,2018-05-22T01:49,2018-05-24T20:49,Narcotics Control Bureau,ORG000013,SYN-KDN,UNDER_INVESTIGATION,11996312,1,A
INC001873,628/2026,CASE000129,ORGANISED_CRIME,MCOCA 3(1),111,10,0,PS000118,Anjuna Police Station,LOC000118,Anjuna,North Goa,Goa,15.57327,73.73249,2026-05-04T11:08,2026-05-05T04:08,Enforcement Directorate,,UNAFFILIATED,ACQUITTED,0,3,A
INC001874,769/2024,CASE000113,VEHICLE_THEFT,379/411,303(2),3,1,PS000062,Gohana Police Station,LOC000062,Gohana,Sonipat,Haryana,29.14638,76.70853,2024-04-25T06:28,2024-04-27T23:28,State Police - Crime Branch,ORG000008,SYN-VEH,CHARGESHEETED,0,2,D
INC001875,583/2023,CASE000076,KIDNAP_FOR_RANSOM,364A,140(2),9,0,PS000100,Yeshwanthpur Police Station,LOC000100,Yeshwanthpur,Bengaluru,Karnataka,13.02634,77.54707,2023-07-22T15:27,2023-07-24T02:27,State Intelligence Department,,UNAFFILIATED,UNTRACED,17143476,5,C
INC001876,557/2023,CASE000093,EXTORTION,384/387,308,6,0,PS000037,Mithanpura Police Station,LOC000037,Mithanpura,Muzaffarpur,Bihar,26.12944,85.39524,2023-11-01T21:27,2023-11-03T13:27,Railway Protection Force,ORG000005,SYN-MIN,CONVICTED,4421322,1,B
INC001877,232/2023,CASE000087,SMUGGLING_CUSTOMS,Customs Act 135,-,5,1,PS000118,Anjuna Police Station,LOC000118,Anjuna,North Goa,Goa,15.57327,73.73249,2023-08-17T13:29,2023-08-18T20:29,Economic Offences Wing,,UNAFFILIATED,UNTRACED,2164070880,1,C
INC001878,144/2020,CASE000092,RIOTING,147/148,191(2),4,1,PS000100,Yeshwanthpur Police Station,LOC000100,Yeshwanthpur,Bengaluru,Karnataka,13.02634,77.54707,2020-12-02T20:21,2020-12-05T02:21,Central Bureau of Investigation,ORG000005,SYN-MIN,CHARGESHEETED,0,1,C
INC001879,673/2026,CASE000141,EXTORTION,384/387,308,6,0,PS000046,Bengabad Police Station,LOC000046,Bengabad,Giridih,Jharkhand,24.1853,86.30745,2026-06-06T08:47,2026-06-06T19:47,Income Tax Investigation Wing,ORG000013,SYN-KDN,CHARGESHEETED,21146245,5,B
INC001880,245/2025,CASE000095,ROBBERY,392,309(4),6,0,PS000031,Kutba Police Station,LOC000031,Kutba,Muzaffarnagar,Uttar Pradesh,29.47784,77.70244,2025-12-24T22:00,2025-12-25T18:00,Railway Protection Force,ORG000008,SYN-VEH,CHARGESHEETED,38907028,3,D
INC001881,266/2026,CASE000073,ORGANISED_CRIME,MCOCA 3(1),111,10,0,PS000069,Ramgarh Police Station,LOC000069,Ramgarh,Alwar,Rajasthan,27.52158,76.62084,2026-04-22T22:58,2026-04-23T07:58,Anti-Terrorism Squad (ATS),ORG000014,SYN-SHK,CHARGESHEETED,0,2,A
INC001882,324/2023,CASE000153,DACOITY,395,310(2),8,0,PS000036,Kasim Bazaar Police Station,LOC000036,Kasim Bazaar,Munger,Bihar,25.3687,86.46907,2023-12-22T07:50,2023-12-23T18:50,Railway Protection Force,,UNAFFILIATED,ACQUITTED,36260053,3,B
INC001883,266/2024,CASE000100,ARMS_ACT,Arms Act 25/27,-,6,0,PS000122,Birgaon Police Station,LOC000122,Birgaon,Raipur,Chhattisgarh,21.27602,81.63096,2024-02-29T01:01,2024-02-29T19:01,Special Task Force (STF),ORG000010,SYN-GAN,CHARGESHEETED,0,3,C
INC001884,527/2021,CASE000085,LAND_GRABBING,441/447,329,4,1,PS000016,Seelampur Police Station,LOC000016,Seelampur,New Delhi,Delhi,28.67711,77.27533,2021-09-17T05:14,2021-09-19T15:14,Cyber Crime Cell,ORG000001,SYN-EXT,CHARGESHEETED,0,4,C
INC001885,123/2025,CASE000064,MONEY_LAUNDERING,PMLA 3/4,-,7,0,PS000016,Seelampur Police Station,LOC000016,Seelampur,New Delhi,Delhi,28.67711,77.27533,2025-11-15T22:16,2025-11-18T09:16,Directorate of Revenue Intelligence,ORG000012,SYN-BET,CHARGESHEETED,1596124,3,A
INC001886,508/2026,CASE000034,LAND_GRABBING,441/447,329,4,1,PS000017,Jamia Nagar Police Station,LOC000017,Jamia Nagar,New Delhi,Delhi,28.55756,77.28271,2026-04-17T09:16,2026-04-19T20:16,Enforcement Directorate,ORG000001,SYN-EXT,CONVICTED,0,3,C
INC001887,086/2025,CASE000071,HUMAN_TRAFFICKING,370/372,143,9,0,PS000047,Metiabruz Police Station,LOC000047,Metiabruz,Kolkata,West Bengal,22.53329,88.31358,2025-09-22T07:26,2025-09-22T13:26,State Police - Crime Branch,ORG000006,SYN-TRF,UNDER_INVESTIGATION,0,4,C
INC001888,290/2023,CASE000030,SMUGGLING_CUSTOMS,Customs Act 135,-,5,1,PS000050,Jalangi Police Station,LOC000050,Jalangi,Murshidabad,West Bengal,24.11042,88.40108,2023-08-18T03:19,2023-08-20T05:19,Central Bureau of Investigation,ORG000009,SYN-FIC,UNTRACED,1205616409,5,B
INC001889,462/2022,CASE000149,MONEY_LAUNDERING,PMLA 3/4,-,7,0,PS000116,Moreh Police Station,LOC000116,Moreh,Imphal,Manipur,24.25418,94.30003,2022-02-16T04:03,2022-02-17T03:03,Special Task Force (STF),,UNAFFILIATED,ACQUITTED,85569,1,D
INC001890,504/2026,CASE000130,NDPS_POSSESSION,NDPS 22(b),-,5,0,PS000003,Kurla Police Station,LOC000003,Kurla,Mumbai,Maharashtra,19.07353,72.88684,2026-04-07T15:53,2026-04-10T08:53,Narcotics Control Bureau,ORG000010,SYN-GAN,ACQUITTED,0,3,C
INC001891,345/2025,CASE000114,ORGANISED_CRIME,MCOCA 3(1),111,10,0,PS000120,Maisuma Police Station,LOC000120,Maisuma,Srinagar,Jammu and Kashmir,34.06805,74.79591,2025-11-26T04:05,2025-11-29T03:05,Anti-Narcotics Cell,,UNAFFILIATED,UNTRACED,0,3,C
INC001892,648/2025,CASE000125,SMUGGLING_CUSTOMS,Customs Act 135,-,5,1,PS000011,Kamptee Police Station,LOC000011,Kamptee,Nagpur,Maharashtra,21.22695,79.19707,2025-06-12T23:20,2025-06-14T04:20,Border Security Force - Intel,ORG000004,SYN-HAW,UNDER_INVESTIGATION,150084,4,D
INC001893,266/2025,CASE000110,ATTEMPT_TO_MURDER,307,109,8,0,PS000007,Mumbra Police Station,LOC000007,Mumbra,Thane,Maharashtra,19.18341,73.02479,2025-11-10T08:53,2025-11-11T01:53,Central Bureau of Investigation,ORG000001,SYN-EXT,UNTRACED,0,3,D
INC001894,379/2026,CASE000141,EXTORTION,384/387,308,6,0,PS000038,Chandauti Police Station,LOC000038,Chandauti,Gaya,Bihar,24.78741,84.99597,2026-01-02T15:57,2026-01-04T13:57,Income Tax Investigation Wing,ORG000013,SYN-KDN,UNDER_INVESTIGATION,11353337,5,A
INC001895,518/2024,CASE000047,CHEATING_FRAUD,420,318(4),5,1,PS000019,Najafgarh Police Station,LOC000019,Najafgarh,New Delhi,Delhi,28.61304,77.01367,2024-03-06T09:38,2024-03-08T03:38,Enforcement Directorate,ORG000004,SYN-HAW,UNTRACED,1347422,2,A
INC001896,728/2026,CASE000030,SMUGGLING_CUSTOMS,Customs Act 135,-,5,1,PS000050,Jalangi Police Station,LOC000050,Jalangi,Murshidabad,West Bengal,24.11042,88.40108,2026-06-22T16:26,2026-06-23T06:26,Central Bureau of Investigation,ORG000009,SYN-FIC,CHARGESHEETED,678300,3,A
INC001897,881/2024,CASE000024,EXTORTION,384/387,308,6,0,PS000099,KG Halli Police Station,LOC000099,KG Halli,Bengaluru,Karnataka,13.00798,77.6042,2024-08-13T21:43,2024-08-15T23:43,Railway Protection Force,ORG000001,SYN-EXT,CHARGESHEETED,14862766,7,A
INC001898,429/2026,CASE000038,ORGANISED_CRIME,MCOCA 3(1),111,10,0,PS000003,Kurla Police Station,LOC000003,Kurla,Mumbai,Maharashtra,19.07353,72.88684,2026-04-29T11:41,2026-05-01T10:41,Directorate of Revenue Intelligence,ORG000001,SYN-EXT,CHARGESHEETED,0,5,D
INC001899,317/2026,CASE000031,CHEATING_FRAUD,420,318(4),5,1,PS000087,Bodhan Police Station,LOC000087,Bodhan,Nizamabad,Telangana,18.66779,77.89485,2026-06-28T14:05,2026-07-01T07:05,Narcotics Control Bureau,ORG000012,SYN-BET,UNDER_INVESTIGATION,473774166,3,B
INC001900,347/2025,CASE000075,EXTORTION,384/387,308,6,0,PS000003,Kurla Police Station,LOC000003,Kurla,Mumbai,Maharashtra,19.07353,72.88684,2025-04-10T10:41,2025-04-11T14:41,State Intelligence Department,ORG000014,SYN-SHK,CHARGESHEETED,7664504,4,B
INC001901,290/2026,CASE000051,CHEATING_FRAUD,420,318(4),5,1,PS000038,Chandauti Police Station,LOC000038,Chandauti,Gaya,Bihar,24.78741,84.99597,2026-03-30T10:32,2026-04-01T06:32,Border Security Force - Intel,ORG000008,SYN-VEH,UNDER_INVESTIGATION,661174,4,D
INC001902,881/2025,CASE000022,ILLEGAL_MINING,MMDR 21(1),-,4,1,PS000100,Yeshwanthpur Police Station,LOC000100,Yeshwanthpur,Bengaluru,Karnataka,13.02634,77.54707,2025-11-16T17:21,2025-11-18T21:21,Anti-Terrorism Squad (ATS),ORG000005,SYN-MIN,CHARGESHEETED,0,4,B
INC001903,692/2026,CASE000003,SMUGGLING_CUSTOMS,Customs Act 135,-,5,1,PS000084,Kukatpally Police Station,LOC000084,Kukatpally,Hyderabad,Telangana,17.48623,78.40974,2026-06-24T11:09,2026-06-26T17:09,Central Bureau of Investigation,ORG000004,SYN-HAW,UNDER_INVESTIGATION,27734490,4,D
INC001904,149/2026,CASE000130,NDPS_TRAFFICKING,NDPS 21(c)/29,-,9,0,PS000084,Kukatpally Police Station,LOC000084,Kukatpally,Hyderabad,Telangana,17.48623,78.40974,2026-05-03T06:03,2026-05-06T04:03,Narcotics Control Bureau,ORG000010,SYN-GAN,CHARGESHEETED,586766285,2,C
INC001905,456/2026,CASE000139,MONEY_LAUNDERING,PMLA 3/4,-,7,0,PS000113,Paltan Bazaar Police Station,LOC000113,Paltan Bazaar,Guwahati,Assam,26.17357,91.75925,2026-02-26T12:53,2026-03-01T00:53,Narcotics Control Bureau,ORG000011,SYN-PON,CHARGESHEETED,2894691959,4,A
INC001906,472/2025,CASE000140,ORGANISED_CRIME,MCOCA 3(1),111,10,0,PS000028,Chetganj Police Station,LOC000028,Chetganj,Varanasi,Uttar Pradesh,25.31724,82.98995,2025-10-23T17:16,2025-10-24T00:16,Narcotics Control Bureau,ORG000013,SYN-KDN,UNDER_INVESTIGATION,0,2,C
INC001907,552/2021,CASE000025,FORGERY,465/468,336(3),4,1,PS000037,Mithanpura Police Station,LOC000037,Mithanpura,Muzaffarpur,Bihar,26.12944,85.39524,2021-01-13T19:41,2021-01-14T05:41,Income Tax Investigation Wing,ORG000003,SYN-CYB,UNDER_INVESTIGATION,0,2,B
INC001908,071/2025,CASE000036,MONEY_LAUNDERING,PMLA 3/4,-,7,0,PS000115,Sutarkandi Police Station,LOC000115,Sutarkandi,Karimganj,Assam,24.87968,92.34231,2025-03-17T01:42,2025-03-17T14:42,Central Bureau of Investigation,ORG000011,SYN-PON,UNDER_INVESTIGATION,430116,2,B
INC001909,581/2026,CASE000036,FORGERY,465/468,336(3),4,1,PS000049,Kaliachak Police Station,LOC000049,Kaliachak,Malda,West Bengal,24.97035,88.00242,2026-02-19T09:35,2026-02-21T12:35,Central Bureau of Investigation,ORG000011,SYN-PON,UNDER_INVESTIGATION,0,4,C
INC001910,435/2025,CASE000134,FORGERY,465/468,336(3),4,1,PS000037,Mithanpura Police Station,LOC000037,Mithanpura,Muzaffarpur,Bihar,26.12944,85.39524,2025-01-30T17:42,2025-02-01T22:42,Economic Offences Wing,ORG000008,SYN-VEH,UNDER_INVESTIGATION,0,1,C
INC001911,823/2026,CASE000102,WILDLIFE_TRAFFICKING,WLPA 51,-,6,0,PS000093,Vyasarpadi Police Station,LOC000093,Vyasarpadi,Chennai,Tamil Nadu,13.12274,80.24524,2026-02-07T22:19,2026-02-10T06:19,State Police - Crime Branch,ORG000015,SYN-WLD,UNDER_INVESTIGATION,76192022,3,C
INC001912,437/2024,CASE000069,ARMS_ACT,Arms Act 25/27,-,6,0,PS000116,Moreh Police Station,LOC000116,Moreh,Imphal,Manipur,24.25418,94.30003,2024-12-15T16:30,2024-12-16T22:30,Cyber Crime Cell,,UNAFFILIATED,CHARGESHEETED,0,5,A
INC001913,142/2025,CASE000072,ORGANISED_CRIME,MCOCA 3(1),111,10,0,PS000019,Najafgarh Police Station,LOC000019,Najafgarh,New Delhi,Delhi,28.61304,77.01367,2025-03-04T01:11,2025-03-06T17:11,Economic Offences Wing,ORG000014,SYN-SHK,CHARGESHEETED,0,2,B
INC001914,199/2025,CASE000005,ORGANISED_CRIME,MCOCA 3(1),111,10,0,PS000019,Najafgarh Police Station,LOC000019,Najafgarh,New Delhi,Delhi,28.61304,77.01367,2025-01-07T01:53,2025-01-09T04:53,Special Task Force (STF),ORG000013,SYN-KDN,CHARGESHEETED,0,2,D
INC001915,265/2025,CASE000027,CRIMINAL_CONSPIRACY,120B,61(2),5,0,PS000048,Rajabazar Police Station,LOC000048,Rajabazar,Kolkata,West Bengal,22.57998,88.37543,2025-12-10T05:16,2025-12-11T13:16,Economic Offences Wing,ORG000007,SYN-ARM,UNTRACED,0,2,A
INC001916,434/2022,CASE000118,ARMS_ACT,Arms Act 25/27,-,6,0,PS000056,Jamalpur Police Station,LOC000056,Jamalpur,Ludhiana,Punjab,30.91108,75.85307,2022-04-24T06:56,2022-04-26T07:56,Railway Protection Force,ORG000002,SYN-HER,CHARGESHEETED,0,2,A
INC001917,144/2021,CASE000045,CHIT_FUND_PONZI,BUDS Act 21,318(4),6,1,PS000039,Mahadeva Police Station,LOC000039,Mahadeva,Siwan,Bihar,26.21306,84.36525,2021-03-24T09:05,2021-03-25T08:05,Border Security Force - Intel,ORG000011,SYN-PON,UNDER_INVESTIGATION,18818228,5,C
INC001918,876/2024,CASE000004,MURDER,302,103(1),10,0,PS000031,Kutba Police Station,LOC000031,Kutba,Muzaffarnagar,Uttar Pradesh,29.47784,77.70244,2024-04-15T15:12,2024-04-18T06:12,Directorate of Revenue Intelligence,ORG000013,SYN-KDN,UNDER_INVESTIGATION,0,2,A
INC001919,258/2025,CASE000114,ORGANISED_CRIME,MCOCA 3(1),111,10,0,PS000009,Yerwada Police Station,LOC000009,Yerwada,Pune,Maharashtra,18.54781,73.88111,2025-11-22T02:12,2025-11-24T13:12,Anti-Narcotics Cell,,UNAFFILIATED,UNDER_INVESTIGATION,0,4,A
INC001920,661/2025,CASE000015,CHEATING_FRAUD,420,318(4),5,1,PS000085,Chandrayangutta Police Station,LOC000085,Chandrayangutta,Hyderabad,Telangana,17.33336,78.49109,2025-10-29T16:22,2025-11-01T02:22,Income Tax Investigation Wing,ORG000004,SYN-HAW,UNDER_INVESTIGATION,1564754,2,D
INC001921,646/2025,CASE000123,RIOTING,147/148,191(2),4,1,PS000062,Gohana Police Station,LOC000062,Gohana,Sonipat,Haryana,29.14638,76.70853,2025-08-13T22:44,2025-08-14T12:44,Central Bureau of Investigation,,UNAFFILIATED,UNTRACED,0,2,C
INC001922,659/2025,CASE000154,FORGERY,465/468,336(3),4,1,PS000022,Paharganj Police Station,LOC000022,Paharganj,New Delhi,Delhi,28.64769,77.22086,2025-09-02T18:50,2025-09-03T14:50,Narcotics Control Bureau,ORG000003,SYN-CYB,UNDER_INVESTIGATION,0,4,A
INC001923,031/2025,CASE000081,MONEY_LAUNDERING,PMLA 3/4,-,7,0,PS000055,Khalra Police Station,LOC000055,Khalra,Tarn Taran,Punjab,31.44862,74.56847,2025-09-02T16:47,2025-09-03T02:47,Anti-Narcotics Cell,ORG000002,SYN-HER,UNDER_INVESTIGATION,49386295,4,C
INC001924,393/2021,CASE000082,ROBBERY,392,309(4),6,0,PS000036,Kasim Bazaar Police Station,LOC000036,Kasim Bazaar,Munger,Bihar,25.3687,86.46907,2021-11-08T02:01,2021-11-09T22:01,Directorate of Revenue Intelligence,ORG000008,SYN-VEH,UNDER_INVESTIGATION,22302901,1,D
INC001925,076/2019,CASE000045,CHEATING_FRAUD,420,318(4),5,1,PS000109,Nayapalli Police Station,LOC000109,Nayapalli,Bhubaneswar,Odisha,20.28446,85.8132,2019-09-23T21:02,2019-09-24T12:02,Border Security Force - Intel,ORG000011,SYN-PON,UNTRACED,39881349,3,D
INC001926,715/2026,CASE000130,NDPS_POSSESSION,NDPS 22(b),-,5,0,PS000095,Melur Police Station,LOC000095,Melur,Madurai,Tamil Nadu,10.02224,78.3489,2026-06-06T01:36,2026-06-07T22:36,Narcotics Control Bureau,ORG000010,SYN-GAN,CHARGESHEETED,0,3,B
INC001927,552/2024,CASE000035,FORGERY,465/468,336(3),4,1,PS000081,Mehgaon Police Station,LOC000081,Mehgaon,Bhind,Madhya Pradesh,26.49265,78.62698,2024-12-03T15:56,2024-12-03T23:56,Anti-Narcotics Cell,,UNAFFILIATED,UNDER_INVESTIGATION,0,1,B
INC001928,867/2023,CASE000022,MURDER,302,103(1),10,0,PS000026,Loni Police Station,LOC000026,Loni,Ghaziabad,Uttar Pradesh,28.74286,77.27579,2023-07-23T12:06,2023-07-25T10:06,Anti-Terrorism Squad (ATS),ORG000005,SYN-MIN,CHARGESHEETED,0,1,C
INC001929,629/2020,CASE000148,MONEY_LAUNDERING,PMLA 3/4,-,7,0,PS000113,Paltan Bazaar Police Station,LOC000113,Paltan Bazaar,Guwahati,Assam,26.17357,91.75925,2020-06-03T12:41,2020-06-06T12:41,State Police - Crime Branch,ORG000011,SYN-PON,UNDER_INVESTIGATION,1811889,4,B
INC001930,691/2024,CASE000062,FORGERY,465/468,336(3),4,1,PS000009,Yerwada Police Station,LOC000009,Yerwada,Pune,Maharashtra,18.54781,73.88111,2024-12-09T07:56,2024-12-12T04:56,Cyber Crime Cell,ORG000004,SYN-HAW,CHARGESHEETED,0,7,C
INC001931,146/2026,CASE000122,EXTORTION,384/387,308,6,0,PS000011,Kamptee Police Station,LOC000011,Kamptee,Nagpur,Maharashtra,21.22695,79.19707,2026-04-25T06:39,2026-04-27T16:39,Narcotics Control Bureau,ORG000012,SYN-BET,ACQUITTED,39609004,2,B
INC001932,676/2026,CASE000142,CRIMINAL_CONSPIRACY,120B,61(2),5,0,PS000049,Kaliachak Police Station,LOC000049,Kaliachak,Malda,West Bengal,24.97035,88.00242,2026-05-21T15:00,2026-05-24T12:00,State Intelligence Department,ORG000009,SYN-FIC,CHARGESHEETED,0,1,A
INC001933,490/2020,CASE000083,NDPS_POSSESSION,NDPS 22(b),-,5,0,PS000065,Osian Police Station,LOC000065,Osian,Jodhpur,Rajasthan,26.71758,72.91971,2020-09-19T16:00,2020-09-20T05:00,Special Task Force (STF),ORG000002,SYN-HER,UNTRACED,0,2,B
INC001934,330/2024,CASE000098,CRIMINAL_CONSPIRACY,120B,61(2),5,0,PS000036,Kasim Bazaar Police Station,LOC000036,Kasim Bazaar,Munger,Bihar,25.3687,86.46907,2024-07-30T03:11,2024-07-31T12:11,Special Task Force (STF),ORG000007,SYN-ARM,UNDER_INVESTIGATION,0,1,D
INC001935,016/2025,CASE000043,ATTEMPT_TO_MURDER,307,109,8,0,PS000102,Afzalpur Police Station,LOC000102,Afzalpur,Kalaburagi,Karnataka,17.20729,76.36952,2025-09-20T13:45,2025-09-22T17:45,Enforcement Directorate,ORG000005,SYN-MIN,CHARGESHEETED,0,2,B
INC001936,673/2025,CASE000055,ARMS_ACT,Arms Act 25/27,-,6,0,PS000035,Kadamkuan Police Station,LOC000035,Kadamkuan,Patna,Bihar,25.62537,85.1468,2025-04-04T07:07,2025-04-04T09:07,Economic Offences Wing,ORG000007,SYN-ARM,UNDER_INVESTIGATION,0,2,D
INC001937,473/2023,CASE000045,CHIT_FUND_PONZI,BUDS Act 21,318(4),6,1,PS000111,Chitrakonda Police Station,LOC000111,Chitrakonda,Malkangiri,Odisha,18.09702,82.10019,2023-05-25T04:44,2023-05-25T09:44,Border Security Force - Intel,ORG000011,SYN-PON,UNDER_INVESTIGATION,2461011184,5,D
INC001938,338/2020,CASE000020,HUMAN_TRAFFICKING,370/372,143,9,0,PS000113,Paltan Bazaar Police Station,LOC000113,Paltan Bazaar,Guwahati,Assam,26.17357,91.75925,2020-12-15T03:20,2020-12-16T02:20,Income Tax Investigation Wing,ORG000006,SYN-TRF,UNDER_INVESTIGATION,0,2,C
INC001939,295/2026,CASE000138,FICN_COUNTERFEIT,489B/489C,179,8,0,PS000114,Golakganj Police Station,LOC000114,Golakganj,Dhubri,Assam,26.02193,89.81691,2026-06-25T08:48,2026-06-25T09:48,Railway Protection Force,,UNAFFILIATED,CHARGESHEETED,767112670,3,B
INC001940,321/2024,CASE000135,FICN_COUNTERFEIT,489B/489C,179,8,0,PS000053,Karimpur Police Station,LOC000053,Karimpur,Nadia,West Bengal,23.96971,88.62078,2024-06-15T09:49,2024-06-18T00:49,Narcotics Control Bureau,ORG000009,SYN-FIC,CONVICTED,183936507,5,A
INC001941,054/2024,CASE000043,MURDER,302,103(1),10,0,PS000065,Osian Police Station,LOC000065,Osian,Jodhpur,Rajasthan,26.71758,72.91971,2024-05-05T15:21,2024-05-07T07:21,Enforcement Directorate,ORG000005,SYN-MIN,UNTRACED,0,1,C
INC001942,134/2023,CASE000133,FORGERY,465/468,336(3),4,1,PS000114,Golakganj Police Station,LOC000114,Golakganj,Dhubri,Assam,26.02193,89.81691,2023-06-01T14:58,2023-06-02T00:58,Special Task Force (STF),ORG000015,SYN-WLD,CHARGESHEETED,0,2,D
INC001943,173/2020,CASE000101,NDPS_POSSESSION,NDPS 22(b),-,5,0,PS000097,Palayamkottai Police Station,LOC000097,Palayamkottai,Tirunelveli,Tamil Nadu,8.7186,77.73084,2020-03-02T14:31,2020-03-02T18:31,Border Security Force - Intel,ORG000010,SYN-GAN,CHARGESHEETED,0,3,A
INC001944,001/2025,CASE000132,VEHICLE_THEFT,379/411,303(2),3,1,PS000062,Gohana Police Station,LOC000062,Gohana,Sonipat,Haryana,29.14638,76.70853,2025-04-13T14:55,2025-04-16T14:55,Economic Offences Wing,,UNAFFILIATED,CHARGESHEETED,0,2,D
INC001945,139/2022,CASE000015,SMUGGLING_CUSTOMS,Customs Act 135,-,5,1,PS000004,Bhendi Bazaar Police Station,LOC000004,Bhendi Bazaar,Mumbai,Maharashtra,18.95981,72.82064,2022-10-11T19:40,2022-10-13T06:40,Income Tax Investigation Wing,ORG000004,SYN-HAW,UNTRACED,983556209,1,B
INC001946,381/2026,CASE000134,CHEATING_FRAUD,420,318(4),5,1,PS000037,Mithanpura Police Station,LOC000037,Mithanpura,Muzaffarpur,Bihar,26.12944,85.39524,2026-06-11T04:03,2026-06-12T20:03,Economic Offences Wing,ORG000008,SYN-VEH,CHARGESHEETED,2777094526,2,D
INC001947,123/2021,CASE000155,MONEY_LAUNDERING,PMLA 3/4,-,7,0,PS000067,Chomu Police Station,LOC000067,Chomu,Jaipur,Rajasthan,27.16846,75.72915,2021-02-11T23:20,2021-02-12T02:20,Anti-Narcotics Cell,ORG000002,SYN-HER,UNDER_INVESTIGATION,43625132,2,D
INC001948,442/2026,CASE000112,MONEY_LAUNDERING,PMLA 3/4,-,7,0,PS000087,Bodhan Police Station,LOC000087,Bodhan,Nizamabad,Telangana,18.66779,77.89485,2026-01-23T23:30,2026-01-26T18:30,Narcotics Control Bureau,ORG000004,SYN-HAW,CONVICTED,1420626,1,B
INC001949,242/2025,CASE000058,ARMS_ACT,Arms Act 25/27,-,6,0,PS000099,KG Halli Police Station,LOC000099,KG Halli,Bengaluru,Karnataka,13.00798,77.6042,2025-11-17T19:33,2025-11-17T22:33,Narcotics Control Bureau,ORG000010,SYN-GAN,UNDER_INVESTIGATION,0,1,D
INC001950,168/2019,CASE000031,EXTORTION,384/387,308,6,0,PS000015,Chandni Chowk Police Station,LOC000015,Chandni Chowk,New Delhi,Delhi,28.65923,77.23546,2019-03-24T03:53,2019-03-25T17:53,Narcotics Control Bureau,ORG000012,SYN-BET,CHARGESHEETED,29063250,3,D
INC001951,476/2023,CASE000149,MONEY_LAUNDERING,PMLA 3/4,-,7,0,PS000037,Mithanpura Police Station,LOC000037,Mithanpura,Muzaffarpur,Bihar,26.12944,85.39524,2023-03-20T13:48,2023-03-21T21:48,Special Task Force (STF),,UNAFFILIATED,UNDER_INVESTIGATION,1011177,2,B
INC001952,666/2024,CASE000146,FORGERY,465/468,336(3),4,1,PS000115,Sutarkandi Police Station,LOC000115,Sutarkandi,Karimganj,Assam,24.87968,92.34231,2024-08-08T01:45,2024-08-10T23:45,Railway Protection Force,ORG000011,SYN-PON,UNDER_INVESTIGATION,0,2,A
INC001953,105/2020,CASE000042,MONEY_LAUNDERING,PMLA 3/4,-,7,0,PS000044,Jharia Police Station,LOC000044,Jharia,Dhanbad,Jharkhand,23.74956,86.41065,2020-06-17T23:08,2020-06-19T04:08,Enforcement Directorate,ORG000011,SYN-PON,CHARGESHEETED,900271,3,D
INC001954,482/2022,CASE000104,SMUGGLING_CUSTOMS,Customs Act 135,-,5,1,PS000086,Hanamkonda Police Station,LOC000086,Hanamkonda,Warangal,Telangana,18.00878,79.55269,2022-01-30T16:32,2022-01-31T03:32,Income Tax Investigation Wing,ORG000004,SYN-HAW,CHARGESHEETED,1801535,4,B
INC001955,287/2025,CASE000111,KIDNAP_FOR_RANSOM,364A,140(2),9,0,PS000023,Aminabad Police Station,LOC000023,Aminabad,Lucknow,Uttar Pradesh,26.84458,80.91064,2025-02-02T17:54,2025-02-04T03:54,Railway Protection Force,ORG000013,SYN-KDN,CONVICTED,4932065,2,D
INC001956,778/2025,CASE000124,CHEATING_FRAUD,420,318(4),5,1,PS000075,Gondal Police Station,LOC000075,Gondal,Rajkot,Gujarat,21.95838,70.80167,2025-05-31T02:54,2025-06-01T20:54,Directorate of Revenue Intelligence,ORG000004,SYN-HAW,UNDER_INVESTIGATION,1743522,3,A
INC001957,335/2026,CASE000126,CRIMINAL_CONSPIRACY,120B,61(2),5,0,PS000058,Nakodar Police Station,LOC000058,Nakodar,Jalandhar,Punjab,31.1138,75.47897,2026-03-20T03:42,2026-03-21T10:42,Narcotics Control Bureau,ORG000002,SYN-HER,UNDER_INVESTIGATION,0,2,D
INC001958,684/2024,CASE000075,ORGANISED_CRIME,MCOCA 3(1),111,10,0,PS000015,Chandni Chowk Police Station,LOC000015,Chandni Chowk,New Delhi,Delhi,28.65923,77.23546,2024-12-18T23:54,2024-12-20T09:54,State Intelligence Department,ORG000014,SYN-SHK,UNDER_INVESTIGATION,0,2,A
INC001959,320/2020,CASE000059,ILLEGAL_MINING,MMDR 21(1),-,4,1,PS000068,Kaman Police Station,LOC000068,Kaman,Bharatpur,Rajasthan,27.6531,77.26593,2020-03-22T20:04,2020-03-24T20:04,Income Tax Investigation Wing,ORG000005,SYN-MIN,UNDER_INVESTIGATION,0,5,C
INC001960,468/2021,CASE000097,SMUGGLING_CUSTOMS,Customs Act 135,-,5,1,PS000112,Berhampur Police Station,LOC000112,Berhampur,Ganjam,Odisha,19.31878,84.78231,2021-11-15T15:28,2021-11-18T15:28,State Police - Crime Branch,,UNAFFILIATED,CONVICTED,15018358,2,D
INC001961,891/2026,CASE000039,CRIMINAL_CONSPIRACY,120B,61(2),5,0,PS000018,Karol Bagh Police Station,LOC000018,Karol Bagh,New Delhi,Delhi,28.64425,77.18711,2026-06-28T18:40,2026-06-29T13:40,Narcotics Control Bureau,ORG000015,SYN-WLD,CHARGESHEETED,0,5,B
INC001962,408/2026,CASE000094,BETTING_GAMBLING,Gambling Act 3/4,-,2,1,PS000071,Juhapura Police Station,LOC000071,Juhapura,Ahmedabad,Gujarat,22.99114,72.53016,2026-01-02T19:56,2026-01-03T08:56,Directorate of Revenue Intelligence,ORG000012,SYN-BET,UNDER_INVESTIGATION,5505873,7,D
INC001963,443/2025,CASE000053,ARMS_ACT,Arms Act 25/27,-,6,0,PS000120,Maisuma Police Station,LOC000120,Maisuma,Srinagar,Jammu and Kashmir,34.06805,74.79591,2025-10-31T04:41,2025-11-01T09:41,Economic Offences Wing,ORG000002,SYN-HER,CHARGESHEETED,0,2,B
INC001964,540/2024,CASE000029,FORGERY,465/468,336(3),4,1,PS000020,Nangloi Police Station,LOC000020,Nangloi,New Delhi,Delhi,28.68418,77.06042,2024-05-15T12:12,2024-05-17T19:12,Economic Offences Wing,ORG000008,SYN-VEH,CONVICTED,0,2,C
INC001965,720/2026,CASE000141,ARMS_ACT,Arms Act 25/27,-,6,0,PS000032,Baradari Police Station,LOC000032,Baradari,Bareilly,Uttar Pradesh,28.3677,79.43192,2026-06-26T22:13,2026-06-28T23:13,Income Tax Investigation Wing,ORG000013,SYN-KDN,CHARGESHEETED,0,1,B
INC001966,090/2025,CASE000106,NDPS_POSSESSION,NDPS 22(b),-,5,0,PS000083,Charminar Police Station,LOC000083,Charminar,Hyderabad,Telangana,17.35976,78.47486,2025-09-07T02:50,2025-09-08T14:50,Border Security Force - Intel,ORG000010,SYN-GAN,CHARGESHEETED,0,3,B
INC001967,608/2025,CASE000002,WILDLIFE_TRAFFICKING,WLPA 51,-,6,0,PS000116,Moreh Police Station,LOC000116,Moreh,Imphal,Manipur,24.25418,94.30003,2025-04-24T12:55,2025-04-26T02:55,Income Tax Investigation Wing,ORG000015,SYN-WLD,CHARGESHEETED,116858505,4,D
INC001968,452/2026,CASE000135,FICN_COUNTERFEIT,489B/489C,179,8,0,PS000047,Metiabruz Police Station,LOC000047,Metiabruz,Kolkata,West Bengal,22.53329,88.31358,2026-01-19T13:50,2026-01-20T22:50,Narcotics Control Bureau,ORG000009,SYN-FIC,CONVICTED,59862258,5,A
INC001969,843/2026,CASE000078,ROBBERY,392,309(4),6,0,PS000035,Kadamkuan Police Station,LOC000035,Kadamkuan,Patna,Bihar,25.62537,85.1468,2026-01-05T18:31,2026-01-06T22:31,Anti-Narcotics Cell,ORG000008,SYN-VEH,UNDER_INVESTIGATION,4944149,4,A
INC001970,899/2020,CASE000140,MURDER,302,103(1),10,0,PS000046,Bengabad Police Station,LOC000046,Bengabad,Giridih,Jharkhand,24.1853,86.30745,2020-08-25T21:58,2020-08-27T01:58,Narcotics Control Bureau,ORG000013,SYN-KDN,UNTRACED,0,2,D
INC001971,749/2026,CASE000106,CRIMINAL_CONSPIRACY,120B,61(2),5,0,PS000083,Charminar Police Station,LOC000083,Charminar,Hyderabad,Telangana,17.35976,78.47486,2026-05-21T13:32,2026-05-22T09:32,Border Security Force - Intel,ORG000010,SYN-GAN,CHARGESHEETED,0,1,A
INC001972,574/2025,CASE000153,DACOITY,395,310(2),8,0,PS000048,Rajabazar Police Station,LOC000048,Rajabazar,Kolkata,West Bengal,22.57998,88.37543,2025-03-05T00:26,2025-03-07T22:26,Railway Protection Force,,UNAFFILIATED,UNDER_INVESTIGATION,36199147,2,B
INC001973,659/2025,CASE000098,CRIMINAL_CONSPIRACY,120B,61(2),5,0,PS000078,Rau Police Station,LOC000078,Rau,Indore,Madhya Pradesh,22.64914,75.80858,2025-09-18T02:08,2025-09-20T09:08,Special Task Force (STF),ORG000007,SYN-ARM,UNTRACED,0,3,C
INC001974,834/2022,CASE000131,CRIMINAL_CONSPIRACY,120B,61(2),5,0,PS000052,Matigara Police Station,LOC000052,Matigara,Siliguri,West Bengal,26.72719,88.37142,2022-07-12T15:24,2022-07-13T15:24,State Intelligence Department,ORG000015,SYN-WLD,CONVICTED,0,2,D
INC001975,638/2023,CASE000145,SMUGGLING_CUSTOMS,Customs Act 135,-,5,1,PS000002,Dharavi Police Station,LOC000002,Dharavi,Mumbai,Maharashtra,19.0349,72.84279,2023-11-18T06:40,2023-11-20T21:40,State Intelligence Department,,UNAFFILIATED,ACQUITTED,1801021020,1,D
INC001976,190/2024,CASE000052,KIDNAP_FOR_RANSOM,364A,140(2),9,0,PS000047,Metiabruz Police Station,LOC000047,Metiabruz,Kolkata,West Bengal,22.53329,88.31358,2024-04-05T13:56,2024-04-08T10:56,State Police - Crime Branch,ORG000013,SYN-KDN,CHARGESHEETED,335659,2,D
INC001977,353/2025,CASE000062,MONEY_LAUNDERING,PMLA 3/4,-,7,0,PS000006,Malad Police Station,LOC000006,Malad,Mumbai,Maharashtra,19.18722,72.85232,2025-04-15T06:26,2025-04-15T16:26,Cyber Crime Cell,ORG000004,SYN-HAW,UNTRACED,1325837,2,D
INC001978,315/2022,CASE000006,MONEY_LAUNDERING,PMLA 3/4,-,7,0,PS000047,Metiabruz Police Station,LOC000047,Metiabruz,Kolkata,West Bengal,22.53329,88.31358,2022-02-07T00:33,2022-02-08T10:33,Central Bureau of Investigation,ORG000003,SYN-CYB,ACQUITTED,238632540,5,A
INC001979,019/2025,CASE000147,EXTORTION,384/387,308,6,0,PS000102,Afzalpur Police Station,LOC000102,Afzalpur,Kalaburagi,Karnataka,17.20729,76.36952,2025-01-12T22:10,2025-01-13T01:10,Special Task Force (STF),ORG000005,SYN-MIN,CHARGESHEETED,18116637,5,D
INC001980,531/2025,CASE000141,MURDER,302,103(1),10,0,PS000050,Jalangi Police Station,LOC000050,Jalangi,Murshidabad,West Bengal,24.11042,88.40108,2025-12-18T16:24,2025-12-19T07:24,Income Tax Investigation Wing,ORG000013,SYN-KDN,UNTRACED,0,3,C
INC001981,500/2023,CASE000096,MONEY_LAUNDERING,PMLA 3/4,-,7,0,PS000084,Kukatpally Police Station,LOC000084,Kukatpally,Hyderabad,Telangana,17.48623,78.40974,2023-06-04T20:37,2023-06-06T17:37,Economic Offences Wing,ORG000004,SYN-HAW,CHARGESHEETED,1183540231,4,C
INC001982,768/2022,CASE000064,EXTORTION,384/387,308,6,0,PS000102,Afzalpur Police Station,LOC000102,Afzalpur,Kalaburagi,Karnataka,17.20729,76.36952,2022-12-29T19:18,2022-12-30T16:18,Directorate of Revenue Intelligence,ORG000012,SYN-BET,CHARGESHEETED,43676838,3,B
INC001983,825/2021,CASE000032,NDPS_TRAFFICKING,NDPS 21(c)/29,-,9,0,PS000110,Jagatpur Police Station,LOC000110,Jagatpur,Cuttack,Odisha,20.51657,85.86729,2021-06-01T11:50,2021-06-04T04:50,Anti-Terrorism Squad (ATS),ORG000010,SYN-GAN,UNTRACED,436602896,1,A
INC001984,719/2024,CASE000040,FORGERY,465/468,336(3),4,1,PS000045,Hatia Police Station,LOC000045,Hatia,Ranchi,Jharkhand,23.30257,85.31951,2024-12-22T09:06,2024-12-25T09:06,Income Tax Investigation Wing,ORG000003,SYN-CYB,ACQUITTED,0,3,A
INC001985,129/2026,CASE000138,FICN_COUNTERFEIT,489B/489C,179,8,0,PS000122,Birgaon Police Station,LOC000122,Birgaon,Raipur,Chhattisgarh,21.27602,81.63096,2026-06-29T23:36,2026-07-02T20:36,Railway Protection Force,,UNAFFILIATED,CONVICTED,699749742,3,D
INC001986,226/2026,CASE000036,MONEY_LAUNDERING,PMLA 3/4,-,7,0,PS000050,Jalangi Police Station,LOC000050,Jalangi,Murshidabad,West Bengal,24.11042,88.40108,2026-06-15T02:50,2026-06-15T12:50,Central Bureau of Investigation,ORG000011,SYN-PON,CHARGESHEETED,2423556200,3,D
INC001987,351/2026,CASE000092,EXTORTION,384/387,308,6,0,PS000066,Nokha Police Station,LOC000066,Nokha,Bikaner,Rajasthan,27.56853,73.4757,2026-01-05T05:33,2026-01-05T18:33,Central Bureau of Investigation,ORG000005,SYN-MIN,CHARGESHEETED,31377064,3,B
INC001988,808/2025,CASE000089,MURDER,302,103(1),10,0,PS000097,Palayamkottai Police Station,LOC000097,Palayamkottai,Tirunelveli,Tamil Nadu,8.7186,77.73084,2025-05-31T13:00,2025-06-01T11:00,Income Tax Investigation Wing,ORG000005,SYN-MIN,UNTRACED,0,3,A
INC001989,047/2025,CASE000081,CRIMINAL_CONSPIRACY,120B,61(2),5,0,PS000121,Uri Police Station,LOC000121,Uri,Baramulla,Jammu and Kashmir,34.0833,74.04758,2025-06-07T22:47,2025-06-09T23:47,Anti-Narcotics Cell,ORG000002,SYN-HER,CHARGESHEETED,0,5,A
INC001990,893/2020,CASE000155,CRIMINAL_CONSPIRACY,120B,61(2),5,0,PS000067,Chomu Police Station,LOC000067,Chomu,Jaipur,Rajasthan,27.16846,75.72915,2020-06-27T02:42,2020-06-28T18:42,Anti-Narcotics Cell,ORG000002,SYN-HER,UNDER_INVESTIGATION,0,2,C
INC001991,295/2020,CASE000157,CHEATING_FRAUD,420,318(4),5,1,PS000041,Khajanchi Hat Police Station,LOC000041,Khajanchi Hat,Purnia,Bihar,25.78858,87.47757,2020-01-17T10:30,2020-01-18T20:30,Economic Offences Wing,ORG000003,SYN-CYB,CHARGESHEETED,35917304,7,D
INC001992,291/2026,CASE000114,ORGANISED_CRIME,MCOCA 3(1),111,10,0,PS000103,Sandur Police Station,LOC000103,Sandur,Ballari,Karnataka,15.10763,76.5405,2026-04-05T18:52,2026-04-08T02:52,Anti-Narcotics Cell,,UNAFFILIATED,UNDER_INVESTIGATION,0,4,C
INC001993,494/2020,CASE000062,MONEY_LAUNDERING,PMLA 3/4,-,7,0,PS000071,Juhapura Police Station,LOC000071,Juhapura,Ahmedabad,Gujarat,22.99114,72.53016,2020-10-14T15:01,2020-10-16T18:01,Cyber Crime Cell,ORG000004,SYN-HAW,CHARGESHEETED,1265041,2,A
INC001994,299/2025,CASE000106,ARMS_ACT,Arms Act 25/27,-,6,0,PS000084,Kukatpally Police Station,LOC000084,Kukatpally,Hyderabad,Telangana,17.48623,78.40974,2025-07-07T22:10,2025-07-09T21:10,Border Security Force - Intel,ORG000010,SYN-GAN,CHARGESHEETED,0,1,B
INC001995,843/2025,CASE000100,CRIMINAL_CONSPIRACY,120B,61(2),5,0,PS000002,Dharavi Police Station,LOC000002,Dharavi,Mumbai,Maharashtra,19.0349,72.84279,2025-11-02T20:27,2025-11-05T15:27,Special Task Force (STF),ORG000010,SYN-GAN,UNDER_INVESTIGATION,0,7,D
INC001996,299/2024,CASE000052,MURDER,302,103(1),10,0,PS000024,Chakeri Police Station,LOC000024,Chakeri,Kanpur,Uttar Pradesh,26.41802,80.40132,2024-04-19T05:34,2024-04-20T11:34,State Police - Crime Branch,ORG000013,SYN-KDN,CHARGESHEETED,0,4,C
INC001997,307/2023,CASE000069,ARMS_ACT,Arms Act 25/27,-,6,0,PS000035,Kadamkuan Police Station,LOC000035,Kadamkuan,Patna,Bihar,25.62537,85.1468,2023-07-17T06:48,2023-07-18T13:48,Cyber Crime Cell,,UNAFFILIATED,UNDER_INVESTIGATION,0,1,B
INC001998,471/2025,CASE000027,MURDER,302,103(1),10,0,PS000044,Jharia Police Station,LOC000044,Jharia,Dhanbad,Jharkhand,23.74956,86.41065,2025-06-12T13:52,2025-06-12T19:52,Economic Offences Wing,ORG000007,SYN-ARM,UNDER_INVESTIGATION,0,3,B
INC001999,841/2025,CASE000051,VEHICLE_THEFT,379/411,303(2),3,1,PS000041,Khajanchi Hat Police Station,LOC000041,Khajanchi Hat,Purnia,Bihar,25.78858,87.47757,2025-11-13T01:20,2025-11-15T10:20,Border Security Force - Intel,ORG000008,SYN-VEH,UNTRACED,0,1,C
INC002000,776/2025,CASE000007,CRIMINAL_CONSPIRACY,120B,61(2),5,0,PS000048,Rajabazar Police Station,LOC000048,Rajabazar,Kolkata,West Bengal,22.57998,88.37543,2025-06-10T22:23,2025-06-13T12:23,Railway Protection Force,ORG000007,SYN-ARM,CONVICTED,0,1,A
INC002001,626/2024,CASE000143,CHEATING_FRAUD,420,318(4),5,1,PS000110,Jagatpur Police Station,LOC000110,Jagatpur,Cuttack,Odisha,20.51657,85.86729,2024-02-10T00:55,2024-02-10T23:55,State Intelligence Department,ORG000011,SYN-PON,CONVICTED,20834245,5,B
INC002002,856/2023,CASE000156,CRIMINAL_CONSPIRACY,120B,61(2),5,0,PS000048,Rajabazar Police Station,LOC000048,Rajabazar,Kolkata,West Bengal,22.57998,88.37543,2023-10-03T10:07,2023-10-05T20:07,Cyber Crime Cell,ORG000007,SYN-ARM,UNDER_INVESTIGATION,0,7,D
INC002003,430/2021,CASE000154,CHEATING_FRAUD,420,318(4),5,1,PS000063,Barwala Police Station,LOC000063,Barwala,Hisar,Haryana,29.36333,75.90971,2021-12-14T03:20,2021-12-14T12:20,Narcotics Control Bureau,ORG000003,SYN-CYB,CHARGESHEETED,42197466,5,A
INC002004,708/2026,CASE000112,MONEY_LAUNDERING,PMLA 3/4,-,7,0,PS000096,Ukkadam Police Station,LOC000096,Ukkadam,Coimbatore,Tamil Nadu,10.99091,76.96669,2026-06-15T05:19,2026-06-18T00:19,Narcotics Control Bureau,ORG000004,SYN-HAW,UNDER_INVESTIGATION,30310577,1,B
INC002005,273/2024,CASE000083,MONEY_LAUNDERING,PMLA 3/4,-,7,0,PS000065,Osian Police Station,LOC000065,Osian,Jodhpur,Rajasthan,26.71758,72.91971,2024-07-12T08:44,2024-07-13T21:44,Special Task Force (STF),ORG000002,SYN-HER,UNDER_INVESTIGATION,45785729,4,D
INC002006,796/2023,CASE000067,SMUGGLING_CUSTOMS,Customs Act 135,-,5,1,PS000049,Kaliachak Police Station,LOC000049,Kaliachak,Malda,West Bengal,24.97035,88.00242,2023-05-15T22:29,2023-05-17T16:29,State Intelligence Department,ORG000009,SYN-FIC,CONVICTED,380002,2,C
INC002007,781/2024,CASE000119,DACOITY,395,310(2),8,0,PS000123,Bhairamgarh Police Station,LOC000123,Bhairamgarh,Bijapur,Chhattisgarh,18.79608,80.7942,2024-10-21T10:53,2024-10-23T07:53,State Police - Crime Branch,,UNAFFILIATED,CONVICTED,21150097,5,C
INC002008,204/2022,CASE000064,MONEY_LAUNDERING,PMLA 3/4,-,7,0,PS000015,Chandni Chowk Police Station,LOC000015,Chandni Chowk,New Delhi,Delhi,28.65923,77.23546,2022-02-12T18:17,2022-02-14T01:17,Directorate of Revenue Intelligence,ORG000012,SYN-BET,CHARGESHEETED,440263998,2,C
INC002009,771/2024,CASE000071,HUMAN_TRAFFICKING,370/372,143,9,0,PS000006,Malad Police Station,LOC000006,Malad,Mumbai,Maharashtra,19.18722,72.85232,2024-12-11T01:18,2024-12-11T04:18,State Police - Crime Branch,ORG000006,SYN-TRF,UNDER_INVESTIGATION,0,5,C
INC002010,313/2023,CASE000059,ILLEGAL_MINING,MMDR 21(1),-,4,1,PS000066,Nokha Police Station,LOC000066,Nokha,Bikaner,Rajasthan,27.56853,73.4757,2023-02-10T19:09,2023-02-12T08:09,Income Tax Investigation Wing,ORG000005,SYN-MIN,CHARGESHEETED,0,4,B
INC002011,182/2025,CASE000048,CHIT_FUND_PONZI,BUDS Act 21,318(4),6,1,PS000014,Barshi Police Station,LOC000014,Barshi,Solapur,Maharashtra,18.23555,75.69409,2025-12-11T14:41,2025-12-13T14:41,Central Bureau of Investigation,,UNAFFILIATED,CONVICTED,32594844,4,D
INC002012,688/2024,CASE000124,SMUGGLING_CUSTOMS,Customs Act 135,-,5,1,PS000047,Metiabruz Police Station,LOC000047,Metiabruz,Kolkata,West Bengal,22.53329,88.31358,2024-01-25T11:32,2024-01-27T17:32,Directorate of Revenue Intelligence,ORG000004,SYN-HAW,CHARGESHEETED,2882489117,2,C
INC002013,632/2024,CASE000145,SMUGGLING_CUSTOMS,Customs Act 135,-,5,1,PS000041,Khajanchi Hat Police Station,LOC000041,Khajanchi Hat,Purnia,Bihar,25.78858,87.47757,2024-11-09T19:27,2024-11-12T03:27,State Intelligence Department,,UNAFFILIATED,UNDER_INVESTIGATION,39701808,1,B
INC002014,585/2023,CASE000075,EXTORTION,384/387,308,6,0,PS000059,Rampura Phul Police Station,LOC000059,Rampura Phul,Bathinda,Punjab,30.26925,75.24749,2023-07-13T04:21,2023-07-14T11:21,State Intelligence Department,ORG000014,SYN-SHK,CHARGESHEETED,6717431,2,D
INC002015,669/2021,CASE000030,CRIMINAL_CONSPIRACY,120B,61(2),5,0,PS000029,Rajghat Police Station,LOC000029,Rajghat,Gorakhpur,Uttar Pradesh,26.76019,83.36182,2021-10-30T00:45,2021-10-30T10:45,Central Bureau of Investigation,ORG000009,SYN-FIC,CHARGESHEETED,0,3,C
INC002016,856/2021,CASE000069,ARMS_ACT,Arms Act 25/27,-,6,0,PS000035,Kadamkuan Police Station,LOC000035,Kadamkuan,Patna,Bihar,25.62537,85.1468,2021-09-21T12:46,2021-09-22T16:46,Cyber Crime Cell,,UNAFFILIATED,ACQUITTED,0,3,A
INC002017,161/2023,CASE000155,CRIMINAL_CONSPIRACY,120B,61(2),5,0,PS000063,Barwala Police Station,LOC000063,Barwala,Hisar,Haryana,29.36333,75.90971,2023-01-27T22:06,2023-01-28T17:06,Anti-Narcotics Cell,ORG000002,SYN-HER,CONVICTED,0,2,B
INC002018,447/2024,CASE000089,ATTEMPT_TO_MURDER,307,109,8,0,PS000041,Khajanchi Hat Police Station,LOC000041,Khajanchi Hat,Purnia,Bihar,25.78858,87.47757,2024-11-17T16:54,2024-11-20T05:54,Income Tax Investigation Wing,ORG000005,SYN-MIN,UNDER_INVESTIGATION,0,2,C
INC002019,510/2021,CASE000103,ROBBERY,392,309(4),6,0,PS000022,Paharganj Police Station,LOC000022,Paharganj,New Delhi,Delhi,28.64769,77.22086,2021-11-18T11:05,2021-11-19T05:05,Special Task Force (STF),ORG000008,SYN-VEH,UNTRACED,13577512,5,C
INC002020,318/2025,CASE000117,WILDLIFE_TRAFFICKING,WLPA 51,-,6,0,PS000095,Melur Police Station,LOC000095,Melur,Madurai,Tamil Nadu,10.02224,78.3489,2025-09-27T16:48,2025-09-27T17:48,Economic Offences Wing,ORG000015,SYN-WLD,UNDER_INVESTIGATION,149227444,3,D
INC002021,273/2025,CASE000147,EXTORTION,384/387,308,6,0,PS000027,Sector 63 Police Station,LOC000027,Sector 63,Noida,Uttar Pradesh,28.63194,77.37857,2025-02-23T06:30,2025-02-24T20:30,Special Task Force (STF),ORG000005,SYN-MIN,CHARGESHEETED,38376859,4,B
INC002022,354/2026,CASE000014,LAND_GRABBING,441/447,329,4,1,PS000092,Chintapalli Police Station,LOC000092,Chintapalli,Alluri Sitharama Raju,Andhra Pradesh,17.86088,82.34667,2026-05-09T03:30,2026-05-09T06:30,Border Security Force - Intel,,UNAFFILIATED,ACQUITTED,0,4,B
INC002023,852/2026,CASE000004,EXTORTION,384/387,308,6,0,PS000015,Chandni Chowk Police Station,LOC000015,Chandni Chowk,New Delhi,Delhi,28.65923,77.23546,2026-04-12T06:00,2026-04-13T05:00,Directorate of Revenue Intelligence,ORG000013,SYN-KDN,CHARGESHEETED,40151977,2,A
INC002024,674/2026,CASE000086,KIDNAP_FOR_RANSOM,364A,140(2),9,0,PS000001,Dongri Police Station,LOC000001,Dongri,Mumbai,Maharashtra,18.96279,72.8275,2026-01-25T03:07,2026-01-25T05:07,State Police - Crime Branch,,UNAFFILIATED,CHARGESHEETED,11888730,4,C
INC002025,130/2022,CASE000063,CRIMINAL_CONSPIRACY,120B,61(2),5,0,PS000046,Bengabad Police Station,LOC000046,Bengabad,Giridih,Jharkhand,24.1853,86.30745,2022-09-01T05:03,2022-09-03T11:03,Income Tax Investigation Wing,ORG000007,SYN-ARM,ACQUITTED,0,2,B
INC002026,756/2024,CASE000035,FORGERY,465/468,336(3),4,1,PS000044,Jharia Police Station,LOC000044,Jharia,Dhanbad,Jharkhand,23.74956,86.41065,2024-12-18T05:05,2024-12-20T18:05,Anti-Narcotics Cell,,UNAFFILIATED,CHARGESHEETED,0,2,A
INC002027,057/2025,CASE000152,FORGERY,465/468,336(3),4,1,PS000015,Chandni Chowk Police Station,LOC000015,Chandni Chowk,New Delhi,Delhi,28.65923,77.23546,2025-06-02T19:46,2025-06-03T16:46,Economic Offences Wing,ORG000015,SYN-WLD,CHARGESHEETED,0,2,D
INC002028,766/2026,CASE000106,NDPS_TRAFFICKING,NDPS 21(c)/29,-,9,0,PS000122,Birgaon Police Station,LOC000122,Birgaon,Raipur,Chhattisgarh,21.27602,81.63096,2026-06-27T15:47,2026-06-28T23:47,Border Security Force - Intel,ORG000010,SYN-GAN,UNTRACED,244106309,7,D
INC002029,766/2026,CASE000086,KIDNAP_FOR_RANSOM,364A,140(2),9,0,PS000118,Anjuna Police Station,LOC000118,Anjuna,North Goa,Goa,15.57327,73.73249,2026-01-14T09:00,2026-01-14T15:00,State Police - Crime Branch,,UNAFFILIATED,CHARGESHEETED,37307266,7,A
INC002030,010/2023,CASE000083,NDPS_TRAFFICKING,NDPS 21(c)/29,-,9,0,PS000120,Maisuma Police Station,LOC000120,Maisuma,Srinagar,Jammu and Kashmir,34.06805,74.79591,2023-02-02T00:51,2023-02-04T16:51,Special Task Force (STF),ORG000002,SYN-HER,CHARGESHEETED,209944910,2,B
INC002031,727/2024,CASE000030,FICN_COUNTERFEIT,489B/489C,179,8,0,PS000115,Sutarkandi Police Station,LOC000115,Sutarkandi,Karimganj,Assam,24.87968,92.34231,2024-06-13T04:13,2024-06-15T13:13,Central Bureau of Investigation,ORG000009,SYN-FIC,CHARGESHEETED,487550529,2,C
INC002032,487/2024,CASE000121,SMUGGLING_CUSTOMS,Customs Act 135,-,5,1,PS000047,Metiabruz Police Station,LOC000047,Metiabruz,Kolkata,West Bengal,22.53329,88.31358,2024-01-03T13:49,2024-01-05T05:49,Income Tax Investigation Wing,ORG000004,SYN-HAW,UNDER_INVESTIGATION,587407,3,B
INC002033,587/2024,CASE000074,NDPS_POSSESSION,NDPS 22(b),-,5,0,PS000037,Mithanpura Police Station,LOC000037,Mithanpura,Muzaffarpur,Bihar,26.12944,85.39524,2024-02-29T04:53,2024-03-01T10:53,Railway Protection Force,,UNAFFILIATED,CHARGESHEETED,0,4,B
INC002034,140/2022,CASE000042,FORGERY,465/468,336(3),4,1,PS000045,Hatia Police Station,LOC000045,Hatia,Ranchi,Jharkhand,23.30257,85.31951,2022-09-13T09:33,2022-09-14T07:33,Enforcement Directorate,ORG000011,SYN-PON,CHARGESHEETED,0,4,C
INC002035,701/2025,CASE000122,EXTORTION,384/387,308,6,0,PS000087,Bodhan Police Station,LOC000087,Bodhan,Nizamabad,Telangana,18.66779,77.89485,2025-09-02T15:44,2025-09-03T16:44,Narcotics Control Bureau,ORG000012,SYN-BET,CHARGESHEETED,23179344,3,A
INC002036,655/2020,CASE000118,NDPS_TRAFFICKING,NDPS 21(c)/29,-,9,0,PS000055,Khalra Police Station,LOC000055,Khalra,Tarn Taran,Punjab,31.44862,74.56847,2020-12-17T07:43,2020-12-19T04:43,Railway Protection Force,ORG000002,SYN-HER,UNTRACED,276816621,1,D
INC002037,627/2022,CASE000038,EXTORTION,384/387,308,6,0,PS000073,Mundra Police Station,LOC000073,Mundra,Kutch,Gujarat,22.83708,69.72983,2022-07-01T07:23,2022-07-04T01:23,Directorate of Revenue Intelligence,ORG000001,SYN-EXT,UNDER_INVESTIGATION,24771350,4,C
INC002038,116/2026,CASE000156,ORGANISED_CRIME,MCOCA 3(1),111,10,0,PS000036,Kasim Bazaar Police Station,LOC000036,Kasim Bazaar,Munger,Bihar,25.3687,86.46907,2026-06-18T18:35,2026-06-20T13:35,Cyber Crime Cell,ORG000007,SYN-ARM,UNDER_INVESTIGATION,0,3,C
INC002039,289/2026,CASE000129,ORGANISED_CRIME,MCOCA 3(1),111,10,0,PS000045,Hatia Police Station,LOC000045,Hatia,Ranchi,Jharkhand,23.30257,85.31951,2026-04-24T12:58,2026-04-25T07:58,Enforcement Directorate,,UNAFFILIATED,UNDER_INVESTIGATION,0,1,B
INC002040,312/2026,CASE000124,SMUGGLING_CUSTOMS,Customs Act 135,-,5,1,PS000095,Melur Police Station,LOC000095,Melur,Madurai,Tamil Nadu,10.02224,78.3489,2026-01-01T14:27,2026-01-02T06:27,Directorate of Revenue Intelligence,ORG000004,SYN-HAW,UNDER_INVESTIGATION,607148,2,A
INC002041,334/2025,CASE000099,FICN_COUNTERFEIT,489B/489C,179,8,0,PS000053,Karimpur Police Station,LOC000053,Karimpur,Nadia,West Bengal,23.96971,88.62078,2025-10-24T03:20,2025-10-25T20:20,Cyber Crime Cell,ORG000009,SYN-FIC,ACQUITTED,688871467,3,B
INC002042,639/2019,CASE000032,NDPS_POSSESSION,NDPS 22(b),-,5,0,PS000008,Vashi Police Station,LOC000008,Vashi,Navi Mumbai,Maharashtra,19.08218,72.99119,2019-05-27T21:55,2019-05-28T07:55,Anti-Terrorism Squad (ATS),ORG000010,SYN-GAN,CHARGESHEETED,0,5,D
INC002043,645/2023,CASE000102,CRIMINAL_CONSPIRACY,120B,61(2),5,0,PS000091,Nandyal Police Station,LOC000091,Nandyal,Kurnool,Andhra Pradesh,15.47185,78.47847,2023-10-07T04:18,2023-10-07T06:18,State Police - Crime Branch,ORG000015,SYN-WLD,ACQUITTED,0,4,B
INC002044,586/2023,CASE000113,VEHICLE_THEFT,379/411,303(2),3,1,PS000067,Chomu Police Station,LOC000067,Chomu,Jaipur,Rajasthan,27.16846,75.72915,2023-10-08T17:51,2023-10-10T01:51,State Police - Crime Branch,ORG000008,SYN-VEH,UNDER_INVESTIGATION,0,1,C
INC002045,883/2023,CASE000059,ATTEMPT_TO_MURDER,307,109,8,0,PS000069,Ramgarh Police Station,LOC000069,Ramgarh,Alwar,Rajasthan,27.52158,76.62084,2023-11-27T06:17,2023-11-29T16:17,Income Tax Investigation Wing,ORG000005,SYN-MIN,UNDER_INVESTIGATION,0,1,B
INC002046,622/2022,CASE000115,CRIMINAL_CONSPIRACY,120B,61(2),5,0,PS000026,Loni Police Station,LOC000026,Loni,Ghaziabad,Uttar Pradesh,28.74286,77.27579,2022-03-13T01:17,2022-03-15T14:17,Directorate of Revenue Intelligence,ORG000007,SYN-ARM,CHARGESHEETED,0,3,D
INC002047,861/2022,CASE000076,KIDNAP_FOR_RANSOM,364A,140(2),9,0,PS000061,Sohna Police Station,LOC000061,Sohna,Gurugram,Haryana,28.25004,77.06581,2022-09-19T12:57,2022-09-20T16:57,State Intelligence Department,,UNAFFILIATED,UNDER_INVESTIGATION,37485020,1,A
INC002048,145/2020,CASE000029,FORGERY,465/468,336(3),4,1,PS000064,Ballabgarh Police Station,LOC000064,Ballabgarh,Faridabad,Haryana,28.34729,77.32805,2020-04-19T11:16,2020-04-20T16:16,Economic Offences Wing,ORG000008,SYN-VEH,UNDER_INVESTIGATION,0,4,C
INC002049,148/2025,CASE000122,MONEY_LAUNDERING,PMLA 3/4,-,7,0,PS000074,Kutiyana Police Station,LOC000074,Kutiyana,Porbandar,Gujarat,21.62158,69.97079,2025-10-21T01:51,2025-10-21T19:51,Narcotics Control Bureau,ORG000012,SYN-BET,UNDER_INVESTIGATION,1847872,4,C
INC002050,609/2025,CASE000052,ORGANISED_CRIME,MCOCA 3(1),111,10,0,PS000018,Karol Bagh Police Station,LOC000018,Karol Bagh,New Delhi,Delhi,28.64425,77.18711,2025-01-09T02:02,2025-01-10T01:02,State Police - Crime Branch,ORG000013,SYN-KDN,CHARGESHEETED,0,1,D
INC002051,522/2020,CASE000065,MURDER,302,103(1),10,0,PS000082,Gorakhpur Police Station,LOC000082,Gorakhpur,Jabalpur,Madhya Pradesh,23.16759,79.94739,2020-12-20T00:14,2020-12-21T07:14,Narcotics Control Bureau,ORG000007,SYN-ARM,UNDER_INVESTIGATION,0,2,A
INC002052,340/2025,CASE000140,ARMS_ACT,Arms Act 25/27,-,6,0,PS000033,Sarai Mir Police Station,LOC000033,Sarai Mir,Azamgarh,Uttar Pradesh,26.01058,82.80942,2025-03-07T12:14,2025-03-10T00:14,Narcotics Control Bureau,ORG000013,SYN-KDN,UNDER_INVESTIGATION,0,1,D
INC002053,174/2025,CASE000056,MONEY_LAUNDERING,PMLA 3/4,-,7,0,PS000058,Nakodar Police Station,LOC000058,Nakodar,Jalandhar,Punjab,31.1138,75.47897,2025-02-24T06:16,2025-02-26T04:16,Directorate of Revenue Intelligence,ORG000002,SYN-HER,CONVICTED,35321723,3,A
INC002054,503/2025,CASE000051,CHEATING_FRAUD,420,318(4),5,1,PS000057,Mamdot Police Station,LOC000057,Mamdot,Ferozepur,Punjab,30.92456,74.61601,2025-07-24T14:35,2025-07-24T18:35,Border Security Force - Intel,ORG000008,SYN-VEH,UNDER_INVESTIGATION,6688179,5,D
INC002055,725/2025,CASE000012,MURDER,302,103(1),10,0,PS000052,Matigara Police Station,LOC000052,Matigara,Siliguri,West Bengal,26.72719,88.37142,2025-02-12T04:03,2025-02-12T10:03,Special Task Force (STF),ORG000007,SYN-ARM,UNTRACED,0,1,A
INC002056,712/2024,CASE000081,NDPS_TRAFFICKING,NDPS 21(c)/29,-,9,0,PS000120,Maisuma Police Station,LOC000120,Maisuma,Srinagar,Jammu and Kashmir,34.06805,74.79591,2024-08-06T15:04,2024-08-06T18:04,Anti-Narcotics Cell,ORG000002,SYN-HER,UNDER_INVESTIGATION,536454204,3,D
INC002057,738/2023,CASE000023,MURDER,302,103(1),10,0,PS000049,Kaliachak Police Station,LOC000049,Kaliachak,Malda,West Bengal,24.97035,88.00242,2023-06-14T01:35,2023-06-15T17:35,State Police - Crime Branch,ORG000013,SYN-KDN,CHARGESHEETED,0,1,B
INC002058,388/2025,CASE000012,ARMS_ACT,Arms Act 25/27,-,6,0,PS000046,Bengabad Police Station,LOC000046,Bengabad,Giridih,Jharkhand,24.1853,86.30745,2025-07-04T03:27,2025-07-05T16:27,Special Task Force (STF),ORG000007,SYN-ARM,CHARGESHEETED,0,2,C
INC002059,549/2025,CASE000048,CHIT_FUND_PONZI,BUDS Act 21,318(4),6,1,PS000069,Ramgarh Police Station,LOC000069,Ramgarh,Alwar,Rajasthan,27.52158,76.62084,2025-10-05T23:35,2025-10-06T12:35,Central Bureau of Investigation,,UNAFFILIATED,UNDER_INVESTIGATION,2304182616,1,C
INC002060,692/2024,CASE000093,ILLEGAL_MINING,MMDR 21(1),-,4,1,PS000066,Nokha Police Station,LOC000066,Nokha,Bikaner,Rajasthan,27.56853,73.4757,2024-02-17T16:47,2024-02-18T23:47,Railway Protection Force,ORG000005,SYN-MIN,UNDER_INVESTIGATION,0,1,D
INC002061,276/2022,CASE000024,CRIMINAL_CONSPIRACY,120B,61(2),5,0,PS000004,Bhendi Bazaar Police Station,LOC000004,Bhendi Bazaar,Mumbai,Maharashtra,18.95981,72.82064,2022-09-23T08:27,2022-09-26T02:27,Railway Protection Force,ORG000001,SYN-EXT,CONVICTED,0,3,B
INC002062,266/2023,CASE000099,CRIMINAL_CONSPIRACY,120B,61(2),5,0,PS000052,Matigara Police Station,LOC000052,Matigara,Siliguri,West Bengal,26.72719,88.37142,2023-12-07T16:38,2023-12-09T00:38,Cyber Crime Cell,ORG000009,SYN-FIC,UNDER_INVESTIGATION,0,3,B
INC002063,734/2025,CASE000116,FORGERY,465/468,336(3),4,1,PS000062,Gohana Police Station,LOC000062,Gohana,Sonipat,Haryana,29.14638,76.70853,2025-06-26T13:27,2025-06-27T09:27,Special Task Force (STF),,UNAFFILIATED,UNDER_INVESTIGATION,0,3,D
INC002064,048/2023,CASE000020,FORGERY,465/468,336(3),4,1,PS000006,Malad Police Station,LOC000006,Malad,Mumbai,Maharashtra,19.18722,72.85232,2023-04-10T17:30,2023-04-11T19:30,Income Tax Investigation Wing,ORG000006,SYN-TRF,UNTRACED,0,1,D
INC002065,008/2025,CASE000104,MONEY_LAUNDERING,PMLA 3/4,-,7,0,PS000010,Kondhwa Police Station,LOC000010,Kondhwa,Pune,Maharashtra,18.45704,73.8876,2025-07-17T16:34,2025-07-20T14:34,Income Tax Investigation Wing,ORG000004,SYN-HAW,UNDER_INVESTIGATION,473544841,1,D
INC002066,182/2025,CASE000016,FICN_COUNTERFEIT,489B/489C,179,8,0,PS000113,Paltan Bazaar Police Station,LOC000113,Paltan Bazaar,Guwahati,Assam,26.17357,91.75925,2025-12-09T08:47,2025-12-09T11:47,Anti-Narcotics Cell,ORG000009,SYN-FIC,CHARGESHEETED,213601307,3,C
INC002067,844/2021,CASE000128,MONEY_LAUNDERING,PMLA 3/4,-,7,0,PS000056,Jamalpur Police Station,LOC000056,Jamalpur,Ludhiana,Punjab,30.91108,75.85307,2021-11-09T16:48,2021-11-11T09:48,State Police - Crime Branch,ORG000002,SYN-HER,UNDER_INVESTIGATION,237128,3,D
INC002068,853/2025,CASE000057,FICN_COUNTERFEIT,489B/489C,179,8,0,PS000024,Chakeri Police Station,LOC000024,Chakeri,Kanpur,Uttar Pradesh,26.41802,80.40132,2025-06-22T12:02,2025-06-24T13:02,Special Task Force (STF),,UNAFFILIATED,UNDER_INVESTIGATION,307374892,5,D
INC002069,575/2023,CASE000128,ARMS_ACT,Arms Act 25/27,-,6,0,PS000019,Najafgarh Police Station,LOC000019,Najafgarh,New Delhi,Delhi,28.61304,77.01367,2023-01-05T18:11,2023-01-08T09:11,State Police - Crime Branch,ORG000002,SYN-HER,ACQUITTED,0,7,C
INC002070,204/2023,CASE000111,ORGANISED_CRIME,MCOCA 3(1),111,10,0,PS000022,Paharganj Police Station,LOC000022,Paharganj,New Delhi,Delhi,28.64769,77.22086,2023-12-31T17:52,2024-01-01T22:52,Railway Protection Force,ORG000013,SYN-KDN,CHARGESHEETED,0,5,A
INC002071,424/2018,CASE000079,FORGERY,465/468,336(3),4,1,PS000098,Srirangam Police Station,LOC000098,Srirangam,Trichy,Tamil Nadu,10.86798,78.69592,2018-09-02T18:05,2018-09-04T21:05,Income Tax Investigation Wing,ORG000004,SYN-HAW,ACQUITTED,0,2,A
INC002072,045/2025,CASE000128,NDPS_POSSESSION,NDPS 22(b),-,5,0,PS000058,Nakodar Police Station,LOC000058,Nakodar,Jalandhar,Punjab,31.1138,75.47897,2025-01-06T17:54,2025-01-08T13:54,State Police - Crime Branch,ORG000002,SYN-HER,UNDER_INVESTIGATION,0,1,B
INC002073,385/2025,CASE000006,MONEY_LAUNDERING,PMLA 3/4,-,7,0,PS000102,Afzalpur Police Station,LOC000102,Afzalpur,Kalaburagi,Karnataka,17.20729,76.36952,2025-01-07T16:07,2025-01-08T00:07,Central Bureau of Investigation,ORG000003,SYN-CYB,ACQUITTED,1672727,1,D
INC002074,575/2024,CASE000089,ILLEGAL_MINING,MMDR 21(1),-,4,1,PS000068,Kaman Police Station,LOC000068,Kaman,Bharatpur,Rajasthan,27.6531,77.26593,2024-10-24T07:00,2024-10-27T05:00,Income Tax Investigation Wing,ORG000005,SYN-MIN,CONVICTED,0,3,C
INC002075,793/2025,CASE000021,CRIMINAL_CONSPIRACY,120B,61(2),5,0,PS000095,Melur Police Station,LOC000095,Melur,Madurai,Tamil Nadu,10.02224,78.3489,2025-10-26T17:06,2025-10-27T06:06,Border Security Force - Intel,ORG000010,SYN-GAN,CONVICTED,0,4,B
INC002076,585/2020,CASE000025,CHEATING_FRAUD,420,318(4),5,1,PS000017,Jamia Nagar Police Station,LOC000017,Jamia Nagar,New Delhi,Delhi,28.55756,77.28271,2020-06-03T20:03,2020-06-05T12:03,Income Tax Investigation Wing,ORG000003,SYN-CYB,UNDER_INVESTIGATION,23353504,2,C
INC002077,627/2023,CASE000032,CRIMINAL_CONSPIRACY,120B,61(2),5,0,PS000123,Bhairamgarh Police Station,LOC000123,Bhairamgarh,Bijapur,Chhattisgarh,18.79608,80.7942,2023-08-09T13:34,2023-08-09T16:34,Anti-Terrorism Squad (ATS),ORG000010,SYN-GAN,CHARGESHEETED,0,3,D
INC002078,746/2026,CASE000015,MONEY_LAUNDERING,PMLA 3/4,-,7,0,PS000105,Tirur Police Station,LOC000105,Tirur,Malappuram,Kerala,10.91534,75.92575,2026-02-20T16:34,2026-02-21T23:34,Income Tax Investigation Wing,ORG000004,SYN-HAW,CHARGESHEETED,32276518,4,C
INC002079,843/2025,CASE000114,ORGANISED_CRIME,MCOCA 3(1),111,10,0,PS000072,Varachha Police Station,LOC000072,Varachha,Surat,Gujarat,21.19637,72.86136,2025-11-07T02:37,2025-11-09T12:37,Anti-Narcotics Cell,,UNAFFILIATED,ACQUITTED,0,3,B
INC002080,655/2024,CASE000058,NDPS_TRAFFICKING,NDPS 21(c)/29,-,9,0,PS000083,Charminar Police Station,LOC000083,Charminar,Hyderabad,Telangana,17.35976,78.47486,2024-06-17T01:43,2024-06-18T03:43,Narcotics Control Bureau,ORG000010,SYN-GAN,UNDER_INVESTIGATION,14842173,7,C
INC002081,460/2022,CASE000131,SMUGGLING_CUSTOMS,Customs Act 135,-,5,1,PS000115,Sutarkandi Police Station,LOC000115,Sutarkandi,Karimganj,Assam,24.87968,92.34231,2022-08-02T21:41,2022-08-04T10:41,State Intelligence Department,ORG000015,SYN-WLD,CHARGESHEETED,807410,1,C
INC002082,078/2024,CASE000022,ILLEGAL_MINING,MMDR 21(1),-,4,1,PS000034,Line Bazaar Police Station,LOC000034,Line Bazaar,Jaunpur,Uttar Pradesh,25.75361,82.67229,2024-12-25T22:51,2024-12-26T03:51,Anti-Terrorism Squad (ATS),ORG000005,SYN-MIN,UNTRACED,0,4,D
INC002083,686/2023,CASE000031,EXTORTION,384/387,308,6,0,PS000068,Kaman Police Station,LOC000068,Kaman,Bharatpur,Rajasthan,27.6531,77.26593,2023-12-31T08:48,2024-01-01T10:48,Narcotics Control Bureau,ORG000012,SYN-BET,UNTRACED,41898156,1,C
INC002084,688/2026,CASE000150,DACOITY,395,310(2),8,0,PS000081,Mehgaon Police Station,LOC000081,Mehgaon,Bhind,Madhya Pradesh,26.49265,78.62698,2026-03-17T15:29,2026-03-19T23:29,State Intelligence Department,,UNAFFILIATED,UNDER_INVESTIGATION,36809659,1,B
INC002085,835/2025,CASE000064,BETTING_GAMBLING,Gambling Act 3/4,-,2,1,PS000067,Chomu Police Station,LOC000067,Chomu,Jaipur,Rajasthan,27.16846,75.72915,2025-03-06T20:58,2025-03-07T12:58,Directorate of Revenue Intelligence,ORG000012,SYN-BET,UNTRACED,360941,7,C
INC002086,797/2026,CASE000114,ORGANISED_CRIME,MCOCA 3(1),111,10,0,PS000089,Gunadala Police Station,LOC000089,Gunadala,Vijayawada,Andhra Pradesh,16.51407,80.65268,2026-06-19T08:26,2026-06-19T19:26,Anti-Narcotics Cell,,UNAFFILIATED,UNDER_INVESTIGATION,0,5,A
INC002087,594/2026,CASE000157,CYBER_FRAUD,IT Act 66C/66D,319(2),5,1,PS000040,Barauni Police Station,LOC000040,Barauni,Begusarai,Bihar,25.42198,86.12977,2026-02-02T04:15,2026-02-02T05:15,Economic Offences Wing,ORG000003,SYN-CYB,UNDER_INVESTIGATION,1568727489,3,C
INC002088,453/2024,CASE000043,RIOTING,147/148,191(2),4,1,PS000037,Mithanpura Police Station,LOC000037,Mithanpura,Muzaffarpur,Bihar,26.12944,85.39524,2024-12-22T03:18,2024-12-24T15:18,Enforcement Directorate,ORG000005,SYN-MIN,UNDER_INVESTIGATION,0,1,A
INC002089,512/2025,CASE000007,MURDER,302,103(1),10,0,PS000002,Dharavi Police Station,LOC000002,Dharavi,Mumbai,Maharashtra,19.0349,72.84279,2025-03-11T17:23,2025-03-14T15:23,Railway Protection Force,ORG000007,SYN-ARM,UNDER_INVESTIGATION,0,1,C
INC002090,810/2025,CASE000121,SMUGGLING_CUSTOMS,Customs Act 135,-,5,1,PS000018,Karol Bagh Police Station,LOC000018,Karol Bagh,New Delhi,Delhi,28.64425,77.18711,2025-12-11T20:52,2025-12-13T03:52,Income Tax Investigation Wing,ORG000004,SYN-HAW,UNDER_INVESTIGATION,106969890,2,A
INC002091,572/2024,CASE000048,CHIT_FUND_PONZI,BUDS Act 21,318(4),6,1,PS000073,Mundra Police Station,LOC000073,Mundra,Kutch,Gujarat,22.83708,69.72983,2024-09-20T06:36,2024-09-20T16:36,Central Bureau of Investigation,,UNAFFILIATED,ACQUITTED,560316,2,B
INC002092,630/2026,CASE000146,MONEY_LAUNDERING,PMLA 3/4,-,7,0,PS000047,Metiabruz Police Station,LOC000047,Metiabruz,Kolkata,West Bengal,22.53329,88.31358,2026-01-26T21:53,2026-01-29T12:53,Railway Protection Force,ORG000011,SYN-PON,UNDER_INVESTIGATION,590917,2,C
INC002093,521/2026,CASE000112,CHEATING_FRAUD,420,318(4),5,1,PS000051,Bongaon Police Station,LOC000051,Bongaon,North 24 Parganas,West Bengal,23.07416,88.81118,2026-04-18T12:31,2026-04-19T21:31,Narcotics Control Bureau,ORG000004,SYN-HAW,UNDER_INVESTIGATION,26364887,2,B
INC002094,853/2025,CASE000089,ATTEMPT_TO_MURDER,307,109,8,0,PS000066,Nokha Police Station,LOC000066,Nokha,Bikaner,Rajasthan,27.56853,73.4757,2025-06-09T04:35,2025-06-12T01:35,Income Tax Investigation Wing,ORG000005,SYN-MIN,UNDER_INVESTIGATION,0,5,D
INC002095,528/2025,CASE000013,CHEATING_FRAUD,420,318(4),5,1,PS000074,Kutiyana Police Station,LOC000074,Kutiyana,Porbandar,Gujarat,21.62158,69.97079,2025-07-17T23:20,2025-07-18T02:20,Anti-Terrorism Squad (ATS),ORG000012,SYN-BET,ACQUITTED,40725605,3,B
INC002096,774/2026,CASE000123,RIOTING,147/148,191(2),4,1,PS000020,Nangloi Police Station,LOC000020,Nangloi,New Delhi,Delhi,28.68418,77.06042,2026-06-14T18:27,2026-06-17T12:27,Central Bureau of Investigation,,UNAFFILIATED,UNDER_INVESTIGATION,0,4,B
INC002097,580/2026,CASE000138,FICN_COUNTERFEIT,489B/489C,179,8,0,PS000006,Malad Police Station,LOC000006,Malad,Mumbai,Maharashtra,19.18722,72.85232,2026-06-24T23:16,2026-06-25T05:16,Railway Protection Force,,UNAFFILIATED,CHARGESHEETED,566195918,2,A
INC002098,245/2024,CASE000082,ROBBERY,392,309(4),6,0,PS000070,Chohtan Police Station,LOC000070,Chohtan,Barmer,Rajasthan,25.48114,71.04168,2024-12-08T06:47,2024-12-08T09:47,Directorate of Revenue Intelligence,ORG000008,SYN-VEH,CONVICTED,6485035,3,C
INC002099,429/2022,CASE000097,SMUGGLING_CUSTOMS,Customs Act 135,-,5,1,PS000093,Vyasarpadi Police Station,LOC000093,Vyasarpadi,Chennai,Tamil Nadu,13.12274,80.24524,2022-10-21T17:05,2022-10-23T06:05,State Police - Crime Branch,,UNAFFILIATED,CHARGESHEETED,34927402,2,C
INC002100,565/2026,CASE000145,SMUGGLING_CUSTOMS,Customs Act 135,-,5,1,PS000106,Nadakkavu Police Station,LOC000106,Nadakkavu,Kozhikode,Kerala,11.26765,75.77077,2026-05-25T23:32,2026-05-26T14:32,State Intelligence Department,,UNAFFILIATED,UNDER_INVESTIGATION,1377281,2,C
INC002101,442/2024,CASE000096,MONEY_LAUNDERING,PMLA 3/4,-,7,0,PS000071,Juhapura Police Station,LOC000071,Juhapura,Ahmedabad,Gujarat,22.99114,72.53016,2024-06-13T14:37,2024-06-15T04:37,Economic Offences Wing,ORG000004,SYN-HAW,UNDER_INVESTIGATION,21609732,2,D
INC002102,813/2024,CASE000124,SMUGGLING_CUSTOMS,Customs Act 135,-,5,1,PS000015,Chandni Chowk Police Station,LOC000015,Chandni Chowk,New Delhi,Delhi,28.65923,77.23546,2024-12-17T01:03,2024-12-17T18:03,Directorate of Revenue Intelligence,ORG000004,SYN-HAW,CHARGESHEETED,10715769,1,A
INC002103,701/2026,CASE000139,FORGERY,465/468,336(3),4,1,PS000038,Chandauti Police Station,LOC000038,Chandauti,Gaya,Bihar,24.78741,84.99597,2026-06-13T10:12,2026-06-16T04:12,Narcotics Control Bureau,ORG000011,SYN-PON,UNDER_INVESTIGATION,0,3,B
INC002104,344/2026,CASE000062,FORGERY,465/468,336(3),4,1,PS000014,Barshi Police Station,LOC000014,Barshi,Solapur,Maharashtra,18.23555,75.69409,2026-02-05T16:06,2026-02-06T13:06,Cyber Crime Cell,ORG000004,SYN-HAW,CHARGESHEETED,0,2,D
INC002105,460/2024,CASE000102,SMUGGLING_CUSTOMS,Customs Act 135,-,5,1,PS000081,Mehgaon Police Station,LOC000081,Mehgaon,Bhind,Madhya Pradesh,26.49265,78.62698,2024-08-23T22:39,2024-08-26T06:39,State Police - Crime Branch,ORG000015,SYN-WLD,CHARGESHEETED,11640931,1,C
INC002106,488/2026,CASE000132,VEHICLE_THEFT,379/411,303(2),3,1,PS000125,Jwalapur Police Station,LOC000125,Jwalapur,Haridwar,Uttarakhand,29.92022,78.12587,2026-03-21T06:13,2026-03-23T20:13,Economic Offences Wing,,UNAFFILIATED,ACQUITTED,0,2,D
INC002107,717/2026,CASE000027,ORGANISED_CRIME,MCOCA 3(1),111,10,0,PS000047,Metiabruz Police Station,LOC000047,Metiabruz,Kolkata,West Bengal,22.53329,88.31358,2026-02-25T13:49,2026-02-27T20:49,Economic Offences Wing,ORG000007,SYN-ARM,UNDER_INVESTIGATION,0,2,B
INC002108,596/2025,CASE000037,BETTING_GAMBLING,Gambling Act 3/4,-,2,1,PS000071,Juhapura Police Station,LOC000071,Juhapura,Ahmedabad,Gujarat,22.99114,72.53016,2025-01-30T06:42,2025-02-01T06:42,Special Task Force (STF),,UNAFFILIATED,UNDER_INVESTIGATION,1629952,2,D
INC002109,456/2025,CASE000141,KIDNAP_FOR_RANSOM,364A,140(2),9,0,PS000040,Barauni Police Station,LOC000040,Barauni,Begusarai,Bihar,25.42198,86.12977,2025-09-23T09:12,2025-09-25T22:12,Income Tax Investigation Wing,ORG000013,SYN-KDN,CHARGESHEETED,47453511,2,C
INC002110,211/2025,CASE000129,ORGANISED_CRIME,MCOCA 3(1),111,10,0,PS000028,Chetganj Police Station,LOC000028,Chetganj,Varanasi,Uttar Pradesh,25.31724,82.98995,2025-12-08T00:05,2025-12-08T22:05,Enforcement Directorate,,UNAFFILIATED,UNTRACED,0,2,A
INC002111,607/2025,CASE000145,SMUGGLING_CUSTOMS,Customs Act 135,-,5,1,PS000005,Andheri Police Station,LOC000005,Andheri,Mumbai,Maharashtra,19.11407,72.84691,2025-03-03T16:37,2025-03-05T06:37,State Intelligence Department,,UNAFFILIATED,UNDER_INVESTIGATION,29875525,2,B
INC002112,458/2022,CASE000079,SMUGGLING_CUSTOMS,Customs Act 135,-,5,1,PS000052,Matigara Police Station,LOC000052,Matigara,Siliguri,West Bengal,26.72719,88.37142,2022-10-03T03:06,2022-10-05T18:06,Income Tax Investigation Wing,ORG000004,SYN-HAW,UNDER_INVESTIGATION,2634920402,2,D
INC002113,567/2022,CASE000107,HUMAN_TRAFFICKING,370/372,143,9,0,PS000041,Khajanchi Hat Police Station,LOC000041,Khajanchi Hat,Purnia,Bihar,25.78858,87.47757,2022-04-28T15:47,2022-04-30T13:47,State Police - Crime Branch,ORG000006,SYN-TRF,UNDER_INVESTIGATION,0,3,B
INC002114,700/2025,CASE000086,KIDNAP_FOR_RANSOM,364A,140(2),9,0,PS000011,Kamptee Police Station,LOC000011,Kamptee,Nagpur,Maharashtra,21.22695,79.19707,2025-02-23T19:21,2025-02-25T02:21,State Police - Crime Branch,,UNAFFILIATED,UNDER_INVESTIGATION,35909298,4,D
INC002115,222/2024,CASE000013,CHEATING_FRAUD,420,318(4),5,1,PS000068,Kaman Police Station,LOC000068,Kaman,Bharatpur,Rajasthan,27.6531,77.26593,2024-04-13T22:19,2024-04-16T04:19,Anti-Terrorism Squad (ATS),ORG000012,SYN-BET,CHARGESHEETED,43413023,1,D
INC002116,683/2025,CASE000115,CRIMINAL_CONSPIRACY,120B,61(2),5,0,PS000033,Sarai Mir Police Station,LOC000033,Sarai Mir,Azamgarh,Uttar Pradesh,26.01058,82.80942,2025-10-16T16:48,2025-10-19T10:48,Directorate of Revenue Intelligence,ORG000007,SYN-ARM,CONVICTED,0,4,B
INC002117,556/2021,CASE000015,FORGERY,465/468,336(3),4,1,PS000047,Metiabruz Police Station,LOC000047,Metiabruz,Kolkata,West Bengal,22.53329,88.31358,2021-06-24T03:50,2021-06-24T18:50,Income Tax Investigation Wing,ORG000004,SYN-HAW,CONVICTED,0,1,B
INC002118,200/2026,CASE000095,FORGERY,465/468,336(3),4,1,PS000020,Nangloi Police Station,LOC000020,Nangloi,New Delhi,Delhi,28.68418,77.06042,2026-05-07T07:45,2026-05-08T03:45,Railway Protection Force,ORG000008,SYN-VEH,UNDER_INVESTIGATION,0,2,A
INC002119,692/2024,CASE000102,CRIMINAL_CONSPIRACY,120B,61(2),5,0,PS000053,Karimpur Police Station,LOC000053,Karimpur,Nadia,West Bengal,23.96971,88.62078,2024-03-02T14:32,2024-03-05T05:32,State Police - Crime Branch,ORG000015,SYN-WLD,CHARGESHEETED,0,5,B
INC002120,490/2025,CASE000018,CHEATING_FRAUD,420,318(4),5,1,PS000120,Maisuma Police Station,LOC000120,Maisuma,Srinagar,Jammu and Kashmir,34.06805,74.79591,2025-09-04T01:11,2025-09-06T05:11,Economic Offences Wing,,UNAFFILIATED,UNDER_INVESTIGATION,1822113853,1,D
INC002121,789/2023,CASE000023,ORGANISED_CRIME,MCOCA 3(1),111,10,0,PS000015,Chandni Chowk Police Station,LOC000015,Chandni Chowk,New Delhi,Delhi,28.65923,77.23546,2023-08-17T09:46,2023-08-20T06:46,State Police - Crime Branch,ORG000013,SYN-KDN,UNDER_INVESTIGATION,0,3,B
INC002122,838/2026,CASE000012,CRIMINAL_CONSPIRACY,120B,61(2),5,0,PS000009,Yerwada Police Station,LOC000009,Yerwada,Pune,Maharashtra,18.54781,73.88111,2026-05-10T13:43,2026-05-13T00:43,Special Task Force (STF),ORG000007,SYN-ARM,CONVICTED,0,1,A
INC002123,706/2026,CASE000048,CHIT_FUND_PONZI,BUDS Act 21,318(4),6,1,PS000073,Mundra Police Station,LOC000073,Mundra,Kutch,Gujarat,22.83708,69.72983,2026-05-22T16:03,2026-05-25T11:03,Central Bureau of Investigation,,UNAFFILIATED,CHARGESHEETED,683540,2,D
INC002124,879/2021,CASE000118,MONEY_LAUNDERING,PMLA 3/4,-,7,0,PS000054,Ajnala Police Station,LOC000054,Ajnala,Amritsar,Punjab,31.83946,74.75814,2021-11-17T01:48,2021-11-19T18:48,Railway Protection Force,ORG000002,SYN-HER,ACQUITTED,1584468571,3,A
INC002125,260/2023,CASE000125,CHEATING_FRAUD,420,318(4),5,1,PS000071,Juhapura Police Station,LOC000071,Juhapura,Ahmedabad,Gujarat,22.99114,72.53016,2023-05-19T12:21,2023-05-22T06:21,Border Security Force - Intel,ORG000004,SYN-HAW,UNDER_INVESTIGATION,43614107,2,A
INC002126,090/2025,CASE000048,CHIT_FUND_PONZI,BUDS Act 21,318(4),6,1,PS000090,Mangalagiri Police Station,LOC000090,Mangalagiri,Guntur,Andhra Pradesh,16.43011,80.55502,2025-08-08T22:39,2025-08-10T14:39,Central Bureau of Investigation,,UNAFFILIATED,ACQUITTED,1474022,5,B
INC002127,836/2025,CASE000015,MONEY_LAUNDERING,PMLA 3/4,-,7,0,PS000105,Tirur Police Station,LOC000105,Tirur,Malappuram,Kerala,10.91534,75.92575,2025-12-13T06:09,2025-12-15T16:09,Income Tax Investigation Wing,ORG000004,SYN-HAW,UNDER_INVESTIGATION,156735,3,A
INC002128,702/2022,CASE000050,RIOTING,147/148,191(2),4,1,PS000024,Chakeri Police Station,LOC000024,Chakeri,Kanpur,Uttar Pradesh,26.41802,80.40132,2022-09-05T23:19,2022-09-07T06:19,Anti-Terrorism Squad (ATS),ORG000005,SYN-MIN,CHARGESHEETED,0,4,B
INC002129,449/2025,CASE000104,CHEATING_FRAUD,420,318(4),5,1,PS000049,Kaliachak Police Station,LOC000049,Kaliachak,Malda,West Bengal,24.97035,88.00242,2025-12-28T22:19,2025-12-29T03:19,Income Tax Investigation Wing,ORG000004,SYN-HAW,UNDER_INVESTIGATION,5772526,2,B
INC002130,885/2025,CASE000028,CHEATING_FRAUD,420,318(4),5,1,PS000115,Sutarkandi Police Station,LOC000115,Sutarkandi,Karimganj,Assam,24.87968,92.34231,2025-01-15T21:43,2025-01-18T16:43,Economic Offences Wing,ORG000006,SYN-TRF,CHARGESHEETED,1447644411,3,C
INC002131,005/2022,CASE000002,CRIMINAL_CONSPIRACY,120B,61(2),5,0,PS000097,Palayamkottai Police Station,LOC000097,Palayamkottai,Tirunelveli,Tamil Nadu,8.7186,77.73084,2022-05-25T19:06,2022-05-28T14:06,Income Tax Investigation Wing,ORG000015,SYN-WLD,UNDER_INVESTIGATION,0,1,C
INC002132,336/2026,CASE000010,MONEY_LAUNDERING,PMLA 3/4,-,7,0,PS000094,Kodungaiyur Police Station,LOC000094,Kodungaiyur,Chennai,Tamil Nadu,13.13103,80.23855,2026-01-17T06:28,2026-01-17T20:28,Directorate of Revenue Intelligence,ORG000004,SYN-HAW,UNDER_INVESTIGATION,31670313,2,C
INC002133,595/2022,CASE000006,CHEATING_FRAUD,420,318(4),5,1,PS000017,Jamia Nagar Police Station,LOC000017,Jamia Nagar,New Delhi,Delhi,28.55756,77.28271,2022-09-10T05:24,2022-09-13T01:24,Central Bureau of Investigation,ORG000003,SYN-CYB,CONVICTED,382320,7,B
INC002134,147/2026,CASE000061,MURDER,302,103(1),10,0,PS000034,Line Bazaar Police Station,LOC000034,Line Bazaar,Jaunpur,Uttar Pradesh,25.75361,82.67229,2026-01-23T23:38,2026-01-26T20:38,Central Bureau of Investigation,ORG000014,SYN-SHK,ACQUITTED,0,4,B
INC002135,835/2024,CASE000045,MONEY_LAUNDERING,PMLA 3/4,-,7,0,PS000043,Sarwan Police Station,LOC000043,Sarwan,Deoghar,Jharkhand,24.47171,86.69972,2024-11-12T20:39,2024-11-12T21:39,Border Security Force - Intel,ORG000011,SYN-PON,CONVICTED,6304342,2,B
INC002136,771/2025,CASE000060,VEHICLE_THEFT,379/411,303(2),3,1,PS000016,Seelampur Police Station,LOC000016,Seelampur,New Delhi,Delhi,28.67711,77.27533,2025-01-09T15:27,2025-01-12T10:27,Enforcement Directorate,ORG000008,SYN-VEH,CHARGESHEETED,0,3,C
INC002137,378/2026,CASE000141,ORGANISED_CRIME,MCOCA 3(1),111,10,0,PS000037,Mithanpura Police Station,LOC000037,Mithanpura,Muzaffarpur,Bihar,26.12944,85.39524,2026-02-13T13:28,2026-02-14T15:28,Income Tax Investigation Wing,ORG000013,SYN-KDN,ACQUITTED,0,3,D
INC002138,529/2019,CASE000068,ATTEMPT_TO_MURDER,307,109,8,0,PS000065,Osian Police Station,LOC000065,Osian,Jodhpur,Rajasthan,26.71758,72.91971,2019-03-28T01:53,2019-03-29T08:53,Special Task Force (STF),ORG000005,SYN-MIN,CHARGESHEETED,0,5,D
INC002139,820/2025,CASE000051,VEHICLE_THEFT,379/411,303(2),3,1,PS000056,Jamalpur Police Station,LOC000056,Jamalpur,Ludhiana,Punjab,30.91108,75.85307,2025-08-03T20:44,2025-08-04T22:44,Border Security Force - Intel,ORG000008,SYN-VEH,CHARGESHEETED,0,3,A
INC002140,314/2024,CASE000084,FORGERY,465/468,336(3),4,1,PS000125,Jwalapur Police Station,LOC000125,Jwalapur,Haridwar,Uttarakhand,29.92022,78.12587,2024-04-18T19:50,2024-04-20T14:50,State Police - Crime Branch,,UNAFFILIATED,UNDER_INVESTIGATION,0,1,B
INC002141,865/2023,CASE000088,CYBER_FRAUD,IT Act 66C/66D,319(2),5,1,PS000026,Loni Police Station,LOC000026,Loni,Ghaziabad,Uttar Pradesh,28.74286,77.27579,2023-10-11T09:36,2023-10-12T16:36,State Intelligence Department,,UNAFFILIATED,CONVICTED,19547711,3,A
INC002142,460/2026,CASE000061,ARMS_ACT,Arms Act 25/27,-,6,0,PS000027,Sector 63 Police Station,LOC000027,Sector 63,Noida,Uttar Pradesh,28.63194,77.37857,2026-03-14T22:44,2026-03-17T16:44,Central Bureau of Investigation,ORG000014,SYN-SHK,CHARGESHEETED,0,4,C
INC002143,867/2026,CASE000152,WILDLIFE_TRAFFICKING,WLPA 51,-,6,0,PS000015,Chandni Chowk Police Station,LOC000015,Chandni Chowk,New Delhi,Delhi,28.65923,77.23546,2026-01-03T19:55,2026-01-04T21:55,Economic Offences Wing,ORG000015,SYN-WLD,UNDER_INVESTIGATION,315386545,3,A
INC002144,819/2020,CASE000083,NDPS_TRAFFICKING,NDPS 21(c)/29,-,9,0,PS000120,Maisuma Police Station,LOC000120,Maisuma,Srinagar,Jammu and Kashmir,34.06805,74.79591,2020-01-06T02:31,2020-01-08T11:31,Special Task Force (STF),ORG000002,SYN-HER,UNDER_INVESTIGATION,100132825,1,A
INC002145,023/2025,CASE000141,ARMS_ACT,Arms Act 25/27,-,6,0,PS000020,Nangloi Police Station,LOC000020,Nangloi,New Delhi,Delhi,28.68418,77.06042,2025-12-23T00:48,2025-12-23T21:48,Income Tax Investigation Wing,ORG000013,SYN-KDN,CHARGESHEETED,0,3,B
INC002146,108/2023,CASE000040,FORGERY,465/468,336(3),4,1,PS000044,Jharia Police Station,LOC000044,Jharia,Dhanbad,Jharkhand,23.74956,86.41065,2023-11-10T02:02,2023-11-11T15:02,Income Tax Investigation Wing,ORG000003,SYN-CYB,UNDER_INVESTIGATION,0,5,A
INC002147,554/2022,CASE000024,EXTORTION,384/387,308,6,0,PS000021,Sangam Vihar Police Station,LOC000021,Sangam Vihar,New Delhi,Delhi,28.48827,77.23159,2022-01-31T08:46,2022-02-01T07:46,Railway Protection Force,ORG000001,SYN-EXT,UNDER_INVESTIGATION,19773415,1,C
INC002148,248/2025,CASE000010,CHEATING_FRAUD,420,318(4),5,1,PS000001,Dongri Police Station,LOC000001,Dongri,Mumbai,Maharashtra,18.96279,72.8275,2025-12-27T06:09,2025-12-27T14:09,Directorate of Revenue Intelligence,ORG000004,SYN-HAW,CHARGESHEETED,350631,3,A
INC002149,871/2025,CASE000037,BETTING_GAMBLING,Gambling Act 3/4,-,2,1,PS000102,Afzalpur Police Station,LOC000102,Afzalpur,Kalaburagi,Karnataka,17.20729,76.36952,2025-01-12T09:43,2025-01-13T11:43,Special Task Force (STF),,UNAFFILIATED,ACQUITTED,1865615830,2,D
INC002150,278/2024,CASE000136,DACOITY,395,310(2),8,0,PS000044,Jharia Police Station,LOC000044,Jharia,Dhanbad,Jharkhand,23.74956,86.41065,2024-04-08T21:54,2024-04-09T14:54,Income Tax Investigation Wing,,UNAFFILIATED,UNDER_INVESTIGATION,3777079,2,D
INC002151,689/2022,CASE000104,SMUGGLING_CUSTOMS,Customs Act 135,-,5,1,PS000093,Vyasarpadi Police Station,LOC000093,Vyasarpadi,Chennai,Tamil Nadu,13.12274,80.24524,2022-02-24T08:28,2022-02-26T08:28,Income Tax Investigation Wing,ORG000004,SYN-HAW,UNDER_INVESTIGATION,923783,1,A
INC002152,318/2022,CASE000094,MONEY_LAUNDERING,PMLA 3/4,-,7,0,PS000020,Nangloi Police Station,LOC000020,Nangloi,New Delhi,Delhi,28.68418,77.06042,2022-08-07T14:24,2022-08-08T05:24,Directorate of Revenue Intelligence,ORG000012,SYN-BET,CHARGESHEETED,1666079,2,B
INC002153,235/2023,CASE000024,MURDER,302,103(1),10,0,PS000009,Yerwada Police Station,LOC000009,Yerwada,Pune,Maharashtra,18.54781,73.88111,2023-09-16T02:15,2023-09-18T01:15,Railway Protection Force,ORG000001,SYN-EXT,UNDER_INVESTIGATION,0,2,D
INC002154,634/2024,CASE000121,MONEY_LAUNDERING,PMLA 3/4,-,7,0,PS000049,Kaliachak Police Station,LOC000049,Kaliachak,Malda,West Bengal,24.97035,88.00242,2024-09-05T11:33,2024-09-06T10:33,Income Tax Investigation Wing,ORG000004,SYN-HAW,CONVICTED,47695172,4,C
INC002155,349/2025,CASE000116,FORGERY,465/468,336(3),4,1,PS000106,Nadakkavu Police Station,LOC000106,Nadakkavu,Kozhikode,Kerala,11.26765,75.77077,2025-11-02T17:25,2025-11-03T23:25,Special Task Force (STF),,UNAFFILIATED,CONVICTED,0,2,A
INC002156,563/2025,CASE000103,CHEATING_FRAUD,420,318(4),5,1,PS000035,Kadamkuan Police Station,LOC000035,Kadamkuan,Patna,Bihar,25.62537,85.1468,2025-10-12T06:47,2025-10-13T07:47,Special Task Force (STF),ORG000008,SYN-VEH,UNDER_INVESTIGATION,31064581,1,A
INC002157,746/2024,CASE000089,MURDER,302,103(1),10,0,PS000035,Kadamkuan Police Station,LOC000035,Kadamkuan,Patna,Bihar,25.62537,85.1468,2024-12-19T17:23,2024-12-22T05:23,Income Tax Investigation Wing,ORG000005,SYN-MIN,CHARGESHEETED,0,3,C
INC002158,693/2024,CASE000045,CHEATING_FRAUD,420,318(4),5,1,PS000110,Jagatpur Police Station,LOC000110,Jagatpur,Cuttack,Odisha,20.51657,85.86729,2024-12-24T07:52,2024-12-25T05:52,Border Security Force - Intel,ORG000011,SYN-PON,CHARGESHEETED,456560151,2,D
INC002159,708/2025,CASE000021,NDPS_POSSESSION,NDPS 22(b),-,5,0,PS000109,Nayapalli Police Station,LOC000109,Nayapalli,Bhubaneswar,Odisha,20.28446,85.8132,2025-05-05T16:01,2025-05-06T06:01,Border Security Force - Intel,ORG000010,SYN-GAN,UNDER_INVESTIGATION,0,2,C
INC002160,068/2025,CASE000010,SMUGGLING_CUSTOMS,Customs Act 135,-,5,1,PS000016,Seelampur Police Station,LOC000016,Seelampur,New Delhi,Delhi,28.67711,77.27533,2025-08-26T13:40,2025-08-28T00:40,Directorate of Revenue Intelligence,ORG000004,SYN-HAW,CHARGESHEETED,2882940144,3,B
INC002161,571/2026,CASE000100,NDPS_POSSESSION,NDPS 22(b),-,5,0,PS000112,Berhampur Police Station,LOC000112,Berhampur,Ganjam,Odisha,19.31878,84.78231,2026-06-01T09:03,2026-06-03T05:03,Special Task Force (STF),ORG000010,SYN-GAN,CONVICTED,0,4,C
INC002162,762/2022,CASE000050,EXTORTION,384/387,308,6,0,PS000029,Rajghat Police Station,LOC000029,Rajghat,Gorakhpur,Uttar Pradesh,26.76019,83.36182,2022-01-13T08:09,2022-01-15T11:09,Anti-Terrorism Squad (ATS),ORG000005,SYN-MIN,CHARGESHEETED,21693502,2,A
INC002163,157/2026,CASE000061,MURDER,302,103(1),10,0,PS000070,Chohtan Police Station,LOC000070,Chohtan,Barmer,Rajasthan,25.48114,71.04168,2026-05-15T19:18,2026-05-16T06:18,Central Bureau of Investigation,ORG000014,SYN-SHK,ACQUITTED,0,1,D
INC002164,515/2025,CASE000078,VEHICLE_THEFT,379/411,303(2),3,1,PS000024,Chakeri Police Station,LOC000024,Chakeri,Kanpur,Uttar Pradesh,26.41802,80.40132,2025-10-09T17:23,2025-10-12T11:23,Anti-Narcotics Cell,ORG000008,SYN-VEH,UNDER_INVESTIGATION,0,2,B
INC002165,446/2024,CASE000033,ARMS_ACT,Arms Act 25/27,-,6,0,PS000120,Maisuma Police Station,LOC000120,Maisuma,Srinagar,Jammu and Kashmir,34.06805,74.79591,2024-04-01T11:08,2024-04-04T08:08,State Police - Crime Branch,ORG000002,SYN-HER,CHARGESHEETED,0,1,C
INC002166,288/2025,CASE000134,FORGERY,465/468,336(3),4,1,PS000018,Karol Bagh Police Station,LOC000018,Karol Bagh,New Delhi,Delhi,28.64425,77.18711,2025-03-19T15:15,2025-03-20T02:15,Economic Offences Wing,ORG000008,SYN-VEH,CHARGESHEETED,0,2,C
INC002167,882/2024,CASE000125,CHEATING_FRAUD,420,318(4),5,1,PS000073,Mundra Police Station,LOC000073,Mundra,Kutch,Gujarat,22.83708,69.72983,2024-05-13T03:23,2024-05-15T15:23,Border Security Force - Intel,ORG000004,SYN-HAW,UNDER_INVESTIGATION,1713949777,2,C
INC002168,374/2024,CASE000081,CRIMINAL_CONSPIRACY,120B,61(2),5,0,PS000018,Karol Bagh Police Station,LOC000018,Karol Bagh,New Delhi,Delhi,28.64425,77.18711,2024-07-21T16:33,2024-07-23T20:33,Anti-Narcotics Cell,ORG000002,SYN-HER,UNDER_INVESTIGATION,0,1,A
INC002169,628/2024,CASE000046,ATTEMPT_TO_MURDER,307,109,8,0,PS000035,Kadamkuan Police Station,LOC000035,Kadamkuan,Patna,Bihar,25.62537,85.1468,2024-10-30T13:19,2024-11-01T23:19,Income Tax Investigation Wing,ORG000005,SYN-MIN,CONVICTED,0,2,D
INC002170,394/2025,CASE000025,CHEATING_FRAUD,420,318(4),5,1,PS000043,Sarwan Police Station,LOC000043,Sarwan,Deoghar,Jharkhand,24.47171,86.69972,2025-09-09T23:17,2025-09-11T15:17,Income Tax Investigation Wing,ORG000003,SYN-CYB,UNTRACED,188269,2,C
INC002171,176/2026,CASE000135,FICN_COUNTERFEIT,489B/489C,179,8,0,PS000033,Sarai Mir Police Station,LOC000033,Sarai Mir,Azamgarh,Uttar Pradesh,26.01058,82.80942,2026-06-14T08:32,2026-06-16T16:32,Narcotics Control Bureau,ORG000009,SYN-FIC,CHARGESHEETED,202507083,2,B
INC002172,710/2024,CASE000033,NDPS_POSSESSION,NDPS 22(b),-,5,0,PS000056,Jamalpur Police Station,LOC000056,Jamalpur,Ludhiana,Punjab,30.91108,75.85307,2024-09-17T04:25,2024-09-19T05:25,State Police - Crime Branch,ORG000002,SYN-HER,UNDER_INVESTIGATION,0,4,A
INC002173,539/2024,CASE000099,FICN_COUNTERFEIT,489B/489C,179,8,0,PS000036,Kasim Bazaar Police Station,LOC000036,Kasim Bazaar,Munger,Bihar,25.3687,86.46907,2024-06-07T17:21,2024-06-09T08:21,Cyber Crime Cell,ORG000009,SYN-FIC,CONVICTED,688719371,1,B
INC002174,062/2024,CASE000016,FICN_COUNTERFEIT,489B/489C,179,8,0,PS000114,Golakganj Police Station,LOC000114,Golakganj,Dhubri,Assam,26.02193,89.81691,2024-10-23T11:07,2024-10-25T07:07,Anti-Narcotics Cell,ORG000009,SYN-FIC,UNDER_INVESTIGATION,487633699,2,C
INC002175,654/2025,CASE000010,CHEATING_FRAUD,420,318(4),5,1,PS000094,Kodungaiyur Police Station,LOC000094,Kodungaiyur,Chennai,Tamil Nadu,13.13103,80.23855,2025-08-31T04:23,2025-09-01T18:23,Directorate of Revenue Intelligence,ORG000004,SYN-HAW,CHARGESHEETED,43772692,4,C
INC002176,403/2026,CASE000053,ARMS_ACT,Arms Act 25/27,-,6,0,PS000062,Gohana Police Station,LOC000062,Gohana,Sonipat,Haryana,29.14638,76.70853,2026-05-31T15:37,2026-06-01T12:37,Economic Offences Wing,ORG000002,SYN-HER,UNTRACED,0,1,B
INC002177,522/2022,CASE000118,MONEY_LAUNDERING,PMLA 3/4,-,7,0,PS000020,Nangloi Police Station,LOC000020,Nangloi,New Delhi,Delhi,28.68418,77.06042,2022-05-12T02:04,2022-05-15T01:04,Railway Protection Force,ORG000002,SYN-HER,UNTRACED,2666946718,2,C
INC002178,718/2021,CASE000085,MURDER,302,103(1),10,0,PS000006,Malad Police Station,LOC000006,Malad,Mumbai,Maharashtra,19.18722,72.85232,2021-10-13T00:47,2021-10-14T07:47,Cyber Crime Cell,ORG000001,SYN-EXT,CHARGESHEETED,0,2,D
INC002179,540/2023,CASE000125,CHEATING_FRAUD,420,318(4),5,1,PS000022,Paharganj Police Station,LOC000022,Paharganj,New Delhi,Delhi,28.64769,77.22086,2023-07-14T02:01,2023-07-14T22:01,Border Security Force - Intel,ORG000004,SYN-HAW,CHARGESHEETED,1763141,4,D
INC002180,735/2021,CASE000029,CHEATING_FRAUD,420,318(4),5,1,PS000060,Punhana Police Station,LOC000060,Punhana,Nuh,Haryana,27.86723,77.21101,2021-06-21T00:59,2021-06-23T17:59,Economic Offences Wing,ORG000008,SYN-VEH,UNDER_INVESTIGATION,121851,2,A
INC002181,689/2022,CASE000006,MONEY_LAUNDERING,PMLA 3/4,-,7,0,PS000045,Hatia Police Station,LOC000045,Hatia,Ranchi,Jharkhand,23.30257,85.31951,2022-06-20T00:27,2022-06-22T20:27,Central Bureau of Investigation,ORG000003,SYN-CYB,ACQUITTED,66522,2,B
INC002182,057/2026,CASE000128,MONEY_LAUNDERING,PMLA 3/4,-,7,0,PS000067,Chomu Police Station,LOC000067,Chomu,Jaipur,Rajasthan,27.16846,75.72915,2026-06-09T04:46,2026-06-11T20:46,State Police - Crime Branch,ORG000002,SYN-HER,ACQUITTED,20612590,5,A
INC002183,387/2026,CASE000114,ORGANISED_CRIME,MCOCA 3(1),111,10,0,PS000061,Sohna Police Station,LOC000061,Sohna,Gurugram,Haryana,28.25004,77.06581,2026-03-10T07:40,2026-03-13T07:40,Anti-Narcotics Cell,,UNAFFILIATED,UNDER_INVESTIGATION,0,1,B
INC002184,777/2025,CASE000156,ORGANISED_CRIME,MCOCA 3(1),111,10,0,PS000048,Rajabazar Police Station,LOC000048,Rajabazar,Kolkata,West Bengal,22.57998,88.37543,2025-01-31T10:53,2025-02-02T16:53,Cyber Crime Cell,ORG000007,SYN-ARM,UNDER_INVESTIGATION,0,3,B
INC002185,626/2025,CASE000142,FICN_COUNTERFEIT,489B/489C,179,8,0,PS000030,Dhoomanganj Police Station,LOC000030,Dhoomanganj,Prayagraj,Uttar Pradesh,25.43722,81.80306,2025-11-21T15:01,2025-11-23T09:01,State Intelligence Department,ORG000009,SYN-FIC,CONVICTED,508055692,3,A
INC002186,317/2024,CASE000021,NDPS_TRAFFICKING,NDPS 21(c)/29,-,9,0,PS000109,Nayapalli Police Station,LOC000109,Nayapalli,Bhubaneswar,Odisha,20.28446,85.8132,2024-06-13T12:32,2024-06-14T12:32,Border Security Force - Intel,ORG000010,SYN-GAN,CHARGESHEETED,700159185,7,A
INC002187,253/2024,CASE000067,CRIMINAL_CONSPIRACY,120B,61(2),5,0,PS000053,Karimpur Police Station,LOC000053,Karimpur,Nadia,West Bengal,23.96971,88.62078,2024-08-08T20:36,2024-08-10T23:36,State Intelligence Department,ORG000009,SYN-FIC,UNDER_INVESTIGATION,0,2,A
INC002188,100/2021,CASE000101,CRIMINAL_CONSPIRACY,120B,61(2),5,0,PS000096,Ukkadam Police Station,LOC000096,Ukkadam,Coimbatore,Tamil Nadu,10.99091,76.96669,2021-09-23T03:26,2021-09-23T14:26,Border Security Force - Intel,ORG000010,SYN-GAN,CHARGESHEETED,0,1,A
INC002189,056/2020,CASE000090,CRIMINAL_CONSPIRACY,120B,61(2),5,0,PS000053,Karimpur Police Station,LOC000053,Karimpur,Nadia,West Bengal,23.96971,88.62078,2020-09-15T11:29,2020-09-15T18:29,Economic Offences Wing,ORG000007,SYN-ARM,ACQUITTED,0,2,B
INC002190,729/2023,CASE000096,SMUGGLING_CUSTOMS,Customs Act 135,-,5,1,PS000072,Varachha Police Station,LOC000072,Varachha,Surat,Gujarat,21.19637,72.86136,2023-02-20T19:52,2023-02-23T14:52,Economic Offences Wing,ORG000004,SYN-HAW,CHARGESHEETED,1434995,3,D
INC002191,260/2024,CASE000035,FORGERY,465/468,336(3),4,1,PS000121,Uri Police Station,LOC000121,Uri,Baramulla,Jammu and Kashmir,34.0833,74.04758,2024-06-01T01:36,2024-06-01T03:36,Anti-Narcotics Cell,,UNAFFILIATED,CONVICTED,0,4,A
INC002192,115/2026,CASE000095,ROBBERY,392,309(4),6,0,PS000023,Aminabad Police Station,LOC000023,Aminabad,Lucknow,Uttar Pradesh,26.84458,80.91064,2026-04-23T19:39,2026-04-25T03:39,Railway Protection Force,ORG000008,SYN-VEH,UNTRACED,4607891,3,B
INC002193,279/2024,CASE000070,NDPS_POSSESSION,NDPS 22(b),-,5,0,PS000060,Punhana Police Station,LOC000060,Punhana,Nuh,Haryana,27.86723,77.21101,2024-11-02T07:32,2024-11-03T22:32,Special Task Force (STF),ORG000002,SYN-HER,UNDER_INVESTIGATION,0,3,C
INC002194,424/2024,CASE000111,MURDER,302,103(1),10,0,PS000028,Chetganj Police Station,LOC000028,Chetganj,Varanasi,Uttar Pradesh,25.31724,82.98995,2024-10-12T20:06,2024-10-14T01:06,Railway Protection Force,ORG000013,SYN-KDN,UNDER_INVESTIGATION,0,2,D
INC002195,736/2025,CASE000001,FORGERY,465/468,336(3),4,1,PS000053,Karimpur Police Station,LOC000053,Karimpur,Nadia,West Bengal,23.96971,88.62078,2025-11-28T07:26,2025-11-30T08:26,Railway Protection Force,ORG000003,SYN-CYB,CHARGESHEETED,0,4,D
INC002196,290/2023,CASE000100,ARMS_ACT,Arms Act 25/27,-,6,0,PS000101,Ullal Police Station,LOC000101,Ullal,Mangaluru,Karnataka,12.80948,74.86499,2023-12-13T11:05,2023-12-14T06:05,Special Task Force (STF),ORG000010,SYN-GAN,CONVICTED,0,2,C
INC002197,288/2025,CASE000022,ILLEGAL_MINING,MMDR 21(1),-,4,1,PS000102,Afzalpur Police Station,LOC000102,Afzalpur,Kalaburagi,Karnataka,17.20729,76.36952,2025-03-28T14:20,2025-03-28T16:20,Anti-Terrorism Squad (ATS),ORG000005,SYN-MIN,UNDER_INVESTIGATION,0,2,A
INC002198,851/2026,CASE000086,KIDNAP_FOR_RANSOM,364A,140(2),9,0,PS000116,Moreh Police Station,LOC000116,Moreh,Imphal,Manipur,24.25418,94.30003,2026-05-16T21:30,2026-05-19T10:30,State Police - Crime Branch,,UNAFFILIATED,UNDER_INVESTIGATION,7110599,2,A
INC002199,149/2026,CASE000071,FORGERY,465/468,336(3),4,1,PS000064,Ballabgarh Police Station,LOC000064,Ballabgarh,Faridabad,Haryana,28.34729,77.32805,2026-01-02T07:02,2026-01-02T13:02,State Police - Crime Branch,ORG000006,SYN-TRF,UNDER_INVESTIGATION,0,4,A
INC002200,223/2025,CASE000023,KIDNAP_FOR_RANSOM,364A,140(2),9,0,PS000049,Kaliachak Police Station,LOC000049,Kaliachak,Malda,West Bengal,24.97035,88.00242,2025-11-25T12:16,2025-11-26T16:16,State Police - Crime Branch,ORG000013,SYN-KDN,UNTRACED,42778965,1,D
