person_id,full_name,first_name,surname,alias,gender,date_of_birth,age,name_region,native_state,native_city,native_area,home_location_id,based_abroad_in,person_type,role,syndicate_id,syndicate_code,risk_score,influence_score,custody_status,first_offence_year,total_cases,is_cross_syndicate_bridge,is_duplicate_record_of,nic_ref,record_source,source_reliability,info_credibility,is_synthetic
P000001,Anwar Ahmed,Anwar,Ahmed,Chacha Anwar,M,1967-12-07,58,muslim,Delhi,New Delhi,Karol Bagh,LOC000018,,CRIMINAL,MULE,ORG000001,SYN-EXT,25,0.085,ON_BAIL,2018,7,0,,NIC-MN4R7SGMS,SURVEILLANCE_REPORT,B,2,1
P000002,Shabana Baig,Shabana,Baig,Kallu Shabana,F,2000-08-04,25,muslim,Delhi,New Delhi,Jamia Nagar,LOC000017,,CRIMINAL,FENCE,ORG000001,SYN-EXT,40,0.283,AT_LARGE,2020,5,0,,NIC-DQ4HEZ5ED,BANK_STATEMENT,A,3,1
P000003,Dattatray Waghmare,Dattatray,Waghmare,,M,1984-08-15,41,marathi,Gujarat,Rajkot,Gondal,LOC000075,,CRIMINAL,MULE,ORG000001,SYN-EXT,24,0.094,ON_BAIL,2013,5,0,,NIC-TDGNNQFKP,BANK_STATEMENT,C,1,1
P000004,Nilesh Vaghela,Nilesh,Vaghela,,M,1989-02-22,37,gujarati,Delhi,New Delhi,Najafgarh,LOC000019,,CRIMINAL,RECRUITER,ORG000001,SYN-EXT,55,0.552,UNDER_SURVEILLANCE,2023,3,0,,NIC-M1H8OJRJE,FIR,A,2,1
P000005,Aslam Ahmed,Aslam,Ahmed,Aslam Chikna,M,1992-09-16,33,muslim,Karnataka,Mangaluru,Ullal,LOC000101,,CRIMINAL,FIELD_OPERATIVE,ORG000001,SYN-EXT,63,0.271,EXTRADITION_PENDING,2013,4,0,,NIC-QBFOBRCL4,TOWER_DUMP,C,5,1
P000006,Zubair Sheikh,Zubair,Sheikh,Zubair Chikna,M,1986-06-11,40,muslim,Karnataka,Mangaluru,Ullal,LOC000101,,CRIMINAL,MULE,ORG000001,SYN-EXT,36,0.086,DECLARED_PO,2018,2,0,,NIC-SZ9C3FUQU,CDR,F,2,1
P000007,Bhaskar Kamble,Bhaskar,Kamble,,M,1972-09-12,53,marathi,Karnataka,Bengaluru,KG Halli,LOC000099,,CRIMINAL,LOGISTICS,ORG000001,SYN-EXT,64,0.47,ABSCONDING,2003,1,0,,NIC-DNR9IS25H,FIR,F,3,1
P000008,Tanveer Idrisi,Tanveer,Idrisi,,M,1967-08-04,58,muslim,Maharashtra,Mumbai,Bhendi Bazaar,LOC000004,,CRIMINAL,SHOOTER,ORG000001,SYN-EXT,90,0.35,ABSCONDING,2012,3,0,,NIC-S6R044P39,BANK_STATEMENT,B,5,1
P000009,Sandip Rane,Sandip,Rane,,M,1960-05-24,66,marathi,Delhi,New Delhi,Najafgarh,LOC000019,,CRIMINAL,MULE,ORG000001,SYN-EXT,24,0.082,EXTRADITION_PENDING,2002,4,0,,NIC-5J284WV98,INTELLIGENCE_REPORT,B,2,1
P000010,Amol Rane,Amol,Rane,Cheetah Amol,M,1990-12-26,35,marathi,Maharashtra,Mumbai,Malad,LOC000006,,CRIMINAL,FENCE,ORG000001,SYN-EXT,52,0.316,IN_JUDICIAL_CUSTODY,2010,2,0,,NIC-J5CI6VG2G,TOWER_DUMP,E,1,1
P000011,Hitesh Zala,Hitesh,Zala,Hitesh Baba,M,1999-12-13,26,gujarati,Delhi,New Delhi,Nangloi,LOC000020,,CRIMINAL,TECH_HANDLER,ORG000001,SYN-EXT,65,0.452,ABSCONDING,2025,2,0,,NIC-YU58CEPSO,CHARGESHEET,A,6,1
P000012,Vishal Shinde,Vishal,Shinde,Vishal Chikna,M,1963-05-12,63,marathi,Maharashtra,Mumbai,Malad,LOC000006,,CRIMINAL,LIEUTENANT,ORG000001,SYN-EXT,83,0.819,AT_LARGE,2017,3,0,,NIC-LKLFYP5JO,IPDR,C,2,1
P000013,Mushtaq Baig,Mushtaq,Baig,,M,1988-06-19,38,muslim,Gujarat,Ahmedabad,Juhapura,LOC000071,,CRIMINAL,LIEUTENANT,ORG000001,SYN-EXT,81,0.778,AT_LARGE,2013,3,0,,NIC-Q3TMY4GPY,INFORMANT_TIP,B,2,1
P000014,Jayesh Barot,Jayesh,Barot,Langda,M,1991-05-25,35,gujarati,Maharashtra,Pune,Kondhwa,LOC000010,,CRIMINAL,COURIER,ORG000001,SYN-EXT,55,0.189,AT_LARGE,2020,6,0,,NIC-QIGCT2CXI,CDR,E,2,1
P000015,Swapnil Bhoir,Swapnil,Bhoir,,M,1976-08-26,49,marathi,Delhi,New Delhi,Jamia Nagar,LOC000017,,CRIMINAL,LIEUTENANT,ORG000001,SYN-EXT,81,0.754,ON_BAIL,1999,4,0,,NIC-H3EJOZ9XF,PASSPORT_IMMIGRATION,B,2,1
P000016,Hardik Barot,Hardik,Barot,Ustad,M,1966-11-08,59,gujarati,Karnataka,Mangaluru,Ullal,LOC000101,,CRIMINAL,FIELD_OPERATIVE,ORG000001,SYN-EXT,65,0.235,UNDER_SURVEILLANCE,2003,4,0,,NIC-OE3T0HICC,SOCIAL_MEDIA_INTEL,F,1,1
P000017,Swapnil Tandel,Swapnil,Tandel,,M,1969-07-21,56,marathi,Karnataka,Ballari,Sandur,LOC000103,,CRIMINAL,FIELD_OPERATIVE,ORG000001,SYN-EXT,41,0.26,IN_JUDICIAL_CUSTODY,2016,7,0,,NIC-RCXN22PXG,SEIZURE_MEMO,B,5,1
P000018,Salim Saifi,Salim,Saifi,,M,1973-11-21,52,muslim,Maharashtra,Nagpur,Kamptee,LOC000011,,CRIMINAL,LIEUTENANT,ORG000001,SYN-EXT,91,0.671,AT_LARGE,2015,2,0,,NIC-VPINE9NNO,CRIMINAL_HISTORY_DB,D,4,1
P000019,Bhaskar Bhosale,Bhaskar,Bhosale,Seth,M,2002-01-05,24,marathi,Gujarat,Ahmedabad,Juhapura,LOC000071,,CRIMINAL,MULE,ORG000001,SYN-EXT,15,0.075,ON_BAIL,2019,2,0,,NIC-LQDI07HE4,IPDR,D,3,1
P000020,Nitin Bhoir,Nitin,Bhoir,,M,2001-01-02,25,marathi,Delhi,New Delhi,Paharganj,LOC000022,,CRIMINAL,FIXER,ORG000001,SYN-EXT,70,0.584,IN_JUDICIAL_CUSTODY,2022,4,0,,NIC-G52EFUJEI,SOCIAL_MEDIA_INTEL,C,3,1
P000021,Kishor Makwana,Kishor,Makwana,Chikna,M,1967-11-21,58,gujarati,Karnataka,Bengaluru,KG Halli,LOC000099,,CRIMINAL,LOGISTICS,ORG000001,SYN-EXT,69,0.442,ABSCONDING,2000,6,0,,NIC-O0V3Z0GU1,CRIMINAL_HISTORY_DB,C,2,1
P000022,Nasreen Sheikh,Nasreen,Sheikh,Tinku Nasreen,F,1983-03-18,43,muslim,Karnataka,Bengaluru,KG Halli,LOC000099,,CRIMINAL,FENCE,ORG000001,SYN-EXT,41,0.318,IN_JUDICIAL_CUSTODY,2002,4,0,,NIC-0W1DSTWG6,SURVEILLANCE_REPORT,A,3,1
P000023,Hardik Barot,Hardik,Barot,Sarkar Hardik,M,1995-10-20,30,gujarati,Gujarat,Porbandar,Kutiyana,LOC000074,,CRIMINAL,FIELD_OPERATIVE,ORG000001,SYN-EXT,36,0.229,AT_LARGE,2011,3,0,,NIC-LRTVWALJZ,CDR,A,3,1
P000024,Bharat Gohil,Bharat,Gohil,,M,1983-05-24,43,gujarati,Delhi,New Delhi,Jamia Nagar,LOC000017,,CRIMINAL,MULE,ORG000001,SYN-EXT,25,0.082,ABSCONDING,2005,4,0,,NIC-FDJKDFR21,IPDR,C,2,1
P000025,Ganesh Chavan,Ganesh,Chavan,Bhai Ganesh,M,2002-05-02,24,marathi,Karnataka,Ballari,Sandur,LOC000103,,CRIMINAL,MULE,ORG000001,SYN-EXT,22,0.071,ON_BAIL,2021,5,0,,NIC-NIQSUHA51,BANK_STATEMENT,A,3,1
P000026,Hitesh Trivedi,Hitesh,Trivedi,Sarkar Hitesh,M,1961-08-03,64,gujarati,Maharashtra,Thane,Mumbra,LOC000007,,CRIMINAL,MULE,ORG000001,SYN-EXT,25,0.084,IN_JUDICIAL_CUSTODY,2014,3,0,,NIC-SHZBUK3XF,INTELLIGENCE_REPORT,D,2,1
P000027,Vishal Gaikwad,Vishal,Gaikwad,Vishal Chacha,M,1970-02-17,56,marathi,Gujarat,Kutch,Mundra,LOC000073,,CRIMINAL,FIELD_OPERATIVE,ORG000001,SYN-EXT,42,0.236,ABSCONDING,2010,1,0,,NIC-JPGJQMLJE,BANK_STATEMENT,E,3,1
P000028,Alpesh Thakor,Alpesh,Thakor,Alpesh Master,M,1988-02-16,38,gujarati,Delhi,New Delhi,Jamia Nagar,LOC000017,UAE,CRIMINAL,FINANCIER,ORG000001,SYN-EXT,90,0.635,ABSCONDING,2005,2,0,,NIC-32CDXSEF6,INTELLIGENCE_REPORT,B,3,1
P000029,Ashwin Zala,Ashwin,Zala,,M,1988-02-26,38,gujarati,Gujarat,Ahmedabad,Juhapura,LOC000071,,CRIMINAL,FINANCIER,ORG000001,SYN-EXT,75,0.638,ABSCONDING,2014,5,0,,NIC-LCP2277KX,CRIMINAL_HISTORY_DB,E,2,1
P000030,Rahul Jadhav,Rahul,Jadhav,Nanha,M,1995-11-13,30,marathi,Delhi,New Delhi,Seelampur,LOC000016,,CRIMINAL,SHOOTER,ORG000001,SYN-EXT,79,0.401,DECLARED_PO,2016,8,0,,NIC-JVFJWTZIF,SOCIAL_MEDIA_INTEL,C,3,1
P000031,Vipul Desai,Vipul,Desai,Vipul Nanha,M,1983-01-12,43,gujarati,Karnataka,Ballari,Sandur,LOC000103,,CRIMINAL,FIELD_OPERATIVE,ORG000001,SYN-EXT,54,0.274,UNDER_SURVEILLANCE,2009,3,0,,NIC-MOIJESG68,CHARGESHEET,D,1,1
P000032,Rasik Joshi,Rasik,Joshi,Rasik Kaka,M,1999-03-24,27,gujarati,Gujarat,Surat,Varachha,LOC000072,,CRIMINAL,LOGISTICS,ORG000001,SYN-EXT,59,0.407,ON_BAIL,2022,1,0,,NIC-2S2O8PT4M,CRIMINAL_HISTORY_DB,C,3,1
P000033,Arif Chaudhary,Arif,Chaudhary,Pappu Arif,M,1972-10-05,53,muslim,Karnataka,Bengaluru,Yeshwanthpur,LOC000100,,CRIMINAL,MULE,ORG000001,SYN-EXT,23,0.082,AT_LARGE,2025,3,0,,NIC-G7HSFKR26,BANK_STATEMENT,D,1,1
P000034,Mohammed Idrisi,Mohammed,Idrisi,,M,1992-06-08,34,muslim,Maharashtra,Thane,Mumbra,LOC000007,,CRIMINAL,FIELD_OPERATIVE,ORG000001,SYN-EXT,59,0.239,IN_JUDICIAL_CUSTODY,2023,5,0,,NIC-BUGVJICS4,CHARGESHEET,D,4,1
P000035,Sachin Bhosale,Sachin,Bhosale,,M,1995-12-20,30,marathi,Gujarat,Surat,Varachha,LOC000072,,CRIMINAL,KINGPIN,ORG000001,SYN-EXT,89,0.906,AT_LARGE,2022,4,0,,NIC-HDP03EH58,FIR,C,3,1
P000036,Shahnaz Alam,Shahnaz,Alam,,F,2002-11-03,23,muslim,Karnataka,Bengaluru,Yeshwanthpur,LOC000100,,CRIMINAL,MULE,ORG000001,SYN-EXT,31,0.068,IN_JUDICIAL_CUSTODY,2018,5,0,,NIC-78669BY4C,SEIZURE_MEMO,B,2,1
P000037,Ganesh Dalvi,Ganesh,Dalvi,,M,1962-06-18,64,marathi,Delhi,New Delhi,Jamia Nagar,LOC000017,,CRIMINAL,FIELD_OPERATIVE,ORG000001,SYN-EXT,56,0.221,UNDER_SURVEILLANCE,2006,6,0,,NIC-34LIE3CSM,FIR,D,4,1
P000038,Tushar Zala,Tushar,Zala,,M,2001-04-10,25,gujarati,Delhi,New Delhi,Chandni Chowk,LOC000015,,CRIMINAL,MULE,ORG000001,SYN-EXT,26,0.067,AT_LARGE,2025,7,0,,NIC-VRHX1Z2YV,BANK_STATEMENT,B,3,1
P000039,Sagar Rane,Sagar,Rane,Sagar Kallu,M,1978-06-04,48,marathi,Gujarat,Rajkot,Gondal,LOC000075,,CRIMINAL,MULE,ORG000001,SYN-EXT,17,0.083,ABSCONDING,1998,6,0,,NIC-1K2W2CW1R,SEIZURE_MEMO,F,5,1
P000040,Shahnawaz Pathan,Shahnawaz,Pathan,Pappu Shahnawaz,M,1998-11-26,27,muslim,Maharashtra,Mumbai,Kurla,LOC000003,UAE,CRIMINAL,FINANCIER,ORG000001,SYN-EXT,67,0.718,EXTRADITION_PENDING,2017,2,0,,NIC-CJ2XX2EI7,CRIMINAL_HISTORY_DB,B,3,1
P000041,Pandurang Bhoir,Pandurang,Bhoir,,M,1967-05-25,59,marathi,Karnataka,Ballari,Sandur,LOC000103,,CRIMINAL,RECRUITER,ORG000001,SYN-EXT,56,0.449,ABSCONDING,2006,5,0,,NIC-S5MHIE2L2,CDR,D,5,1
P000042,Trupti Rabari,Trupti,Rabari,Trupti Kaana,F,2000-03-26,26,gujarati,Delhi,New Delhi,Jamia Nagar,LOC000017,,CRIMINAL,LOGISTICS,ORG000001,SYN-EXT,56,0.497,EXTRADITION_PENDING,2022,3,0,,NIC-P5BX9X39I,INFORMANT_TIP,D,1,1
P000043,Bharat Dave,Bharat,Dave,Chhota Bharat,M,1980-11-03,45,gujarati,Maharashtra,Mumbai,Kurla,LOC000003,,CRIMINAL,FIELD_OPERATIVE,ORG000001,SYN-EXT,63,0.284,AT_LARGE,2018,5,0,,NIC-9LI16DH7J,SOCIAL_MEDIA_INTEL,A,2,1
P000044,Hitesh Solanki,Hitesh,Solanki,Master Hitesh,M,1995-05-05,31,gujarati,Gujarat,Vadodara,Karelibaug,LOC000076,,CRIMINAL,SHOOTER,ORG000001,SYN-EXT,90,0.368,ON_BAIL,2011,4,0,,NIC-JKVCBFCQN,PASSPORT_IMMIGRATION,C,3,1
P000045,Dharmesh Zala,Dharmesh,Zala,,M,1985-05-15,41,gujarati,Gujarat,Vadodara,Karelibaug,LOC000076,,CRIMINAL,COURIER,ORG000001,SYN-EXT,32,0.158,AT_LARGE,2018,1,0,,NIC-043NVJUUW,INTELLIGENCE_REPORT,A,2,1
P000046,Sandip Kamble,Sandip,Kamble,,M,1966-01-10,60,marathi,Gujarat,Surat,Varachha,LOC000072,,CRIMINAL,FIELD_OPERATIVE,ORG000001,SYN-EXT,59,0.243,ON_BAIL,2008,7,0,,NIC-KUUMK5635,SOCIAL_MEDIA_INTEL,B,1,1
P000047,Swapnil Pawar,Swapnil,Pawar,,M,1991-10-27,34,marathi,Maharashtra,Mumbai,Andheri,LOC000005,,CRIMINAL,MULE,ORG000001,SYN-EXT,35,0.074,ON_BAIL,2018,6,0,,NIC-AG1IQXZXC,INTELLIGENCE_REPORT,A,3,1
P000048,Tanaji Tandel,Tanaji,Tandel,,M,1968-02-13,58,marathi,Delhi,New Delhi,Seelampur,LOC000016,,CRIMINAL,FIELD_OPERATIVE,ORG000001,SYN-EXT,58,0.236,ON_BAIL,2012,4,0,,NIC-XJM6Z6CCC,BANK_STATEMENT,C,4,1
P000049,Bhavesh Thakor,Bhavesh,Thakor,Master Bhavesh,M,1985-10-24,40,gujarati,Delhi,New Delhi,Jamia Nagar,LOC000017,,CRIMINAL,MULE,ORG000001,SYN-EXT,24,0.081,ON_BAIL,2025,1,0,,NIC-T4BXVH0TB,INFORMANT_TIP,B,5,1
P000050,Pandurang Deshmukh,Pandurang,Deshmukh,Pandurang Chikna,M,2003-04-02,23,marathi,Karnataka,Bengaluru,Yeshwanthpur,LOC000100,,CRIMINAL,FIELD_OPERATIVE,ORG000001,SYN-EXT,42,0.219,IN_JUDICIAL_CUSTODY,2022,2,0,,NIC-N064DI7N9,CRIMINAL_HISTORY_DB,F,2,1
P000051,Bhaskar Gaikwad,Bhaskar,Gaikwad,Bhaskar Lambu,M,1999-08-07,26,marathi,Delhi,New Delhi,Najafgarh,LOC000019,,CRIMINAL,FINANCIER,ORG000001,SYN-EXT,73,0.823,DECLARED_PO,2021,1,0,,NIC-N5U4W9RSH,INFORMANT_TIP,C,2,1
P000052,Vishal Jadhav,Vishal,Jadhav,,M,2001-05-24,25,marathi,Delhi,New Delhi,Paharganj,LOC000022,,CRIMINAL,FINANCIER,ORG000001,SYN-EXT,71,0.688,ABSCONDING,2022,5,0,,NIC-9RIGPPD7O,SEIZURE_MEMO,B,1,1
P000053,Mangesh Shinde,Mangesh,Shinde,,M,2001-08-16,24,marathi,Gujarat,Porbandar,Kutiyana,LOC000074,,CRIMINAL,FIELD_OPERATIVE,ORG000001,SYN-EXT,47,0.231,AT_LARGE,2024,2,0,,NIC-SDFO8CL0L,FIR,F,2,1
P000054,Dharmesh Shah,Dharmesh,Shah,Ustad,M,1996-10-04,29,gujarati,Maharashtra,Mumbai,Andheri,LOC000005,,CRIMINAL,FIELD_OPERATIVE,ORG000001,SYN-EXT,56,0.252,IN_JUDICIAL_CUSTODY,2023,4,0,,NIC-I63RMHVK3,SEIZURE_MEMO,B,2,1
P000055,Ibrahim Mirza,Ibrahim,Mirza,Ibrahim Baba,M,2000-07-27,25,muslim,Gujarat,Rajkot,Gondal,LOC000075,,CRIMINAL,SHOOTER,ORG000001,SYN-EXT,83,0.299,ABSCONDING,2025,2,0,,NIC-I4UPAQYP2,PASSPORT_IMMIGRATION,B,2,1
P000056,Swapnil Salunkhe,Swapnil,Salunkhe,Lambu,M,1967-08-10,58,marathi,Maharashtra,Nagpur,Kamptee,LOC000011,UAE,CRIMINAL,FINANCIER,ORG000001,SYN-EXT,87,0.714,ABSCONDING,2022,3,0,,NIC-OOI4J3X09,IPDR,D,4,1
P000057,Sagar Bhoir,Sagar,Bhoir,Master Sagar,M,1983-02-19,43,marathi,Karnataka,Ballari,Sandur,LOC000103,,CRIMINAL,FIELD_OPERATIVE,ORG000001,SYN-EXT,42,0.223,ON_BAIL,2000,6,0,,NIC-8JKU72HN5,CDR,D,2,1
P000058,Alpesh Shah,Alpesh,Shah,,M,1961-07-09,64,gujarati,Karnataka,Mangaluru,Ullal,LOC000101,,CRIMINAL,FIELD_OPERATIVE,ORG000001,SYN-EXT,35,0.257,ON_BAIL,2020,7,0,,NIC-C1WE8DE4C,SOCIAL_MEDIA_INTEL,B,4,1
P000059,Bharat Bhatt,Bharat,Bhatt,,M,1984-07-03,41,gujarati,Karnataka,Kalaburagi,Afzalpur,LOC000102,,CRIMINAL,MULE,ORG000001,SYN-EXT,36,0.091,ABSCONDING,2014,6,0,,NIC-IWHL8Z7IO,FIR,D,6,1
P000060,Rasik Vaghela,Rasik,Vaghela,,M,1982-03-09,44,gujarati,Gujarat,Porbandar,Kutiyana,LOC000074,,CRIMINAL,FIXER,ORG000001,SYN-EXT,61,0.649,AT_LARGE,1999,5,0,,NIC-HC0BPNEGC,IPDR,C,3,1
P000061,Amol Tandel,Amol,Tandel,,M,1968-09-10,57,marathi,Gujarat,Ahmedabad,Juhapura,LOC000071,,CRIMINAL,FIELD_OPERATIVE,ORG000001,SYN-EXT,49,0.271,ABSCONDING,2024,4,0,,NIC-UUPTJ7O0T,SOCIAL_MEDIA_INTEL,A,5,1
P000062,Dattatray Tandel,Dattatray,Tandel,,M,1982-11-22,43,marathi,Karnataka,Bengaluru,KG Halli,LOC000099,,CRIMINAL,FIELD_OPERATIVE,ORG000001,SYN-EXT,59,0.234,ON_BAIL,2023,7,0,,NIC-00JTYL84P,SURVEILLANCE_REPORT,B,3,1
P000063,Dattatray Tandel,Dattatray,Tandel,,M,1975-05-07,51,marathi,Gujarat,Porbandar,Kutiyana,LOC000074,,CRIMINAL,LOGISTICS,ORG000001,SYN-EXT,55,0.518,ON_BAIL,2017,3,0,,NIC-XF8MDRYCE,SURVEILLANCE_REPORT,D,3,1
P000064,Rafiq Ahmed,Rafiq,Ahmed,,M,1972-12-04,53,muslim,Maharashtra,Mumbai,Bhendi Bazaar,LOC000004,,CRIMINAL,RECRUITER,ORG000001,SYN-EXT,71,0.496,ON_BAIL,2007,5,0,,NIC-PNZP9USY3,TOWER_DUMP,C,2,1
P000065,Shahnawaz Mansuri,Shahnawaz,Mansuri,Shahnawaz Chhota,M,1983-06-14,43,muslim,Delhi,New Delhi,Karol Bagh,LOC000018,,CRIMINAL,MULE,ORG000001,SYN-EXT,16,0.066,AT_LARGE,2009,3,0,,NIC-90SJMVOYP,IPDR,C,5,1
P000066,Ashfaq Mansuri,Ashfaq,Mansuri,Ashfaq Tempo,M,1982-03-05,44,muslim,Karnataka,Bengaluru,Yeshwanthpur,LOC000100,,CRIMINAL,LOGISTICS,ORG000001,SYN-EXT,68,0.457,ON_BAIL,2014,6,0,,NIC-D7CEDA0IO,CDR,C,1,1
P000067,Pandurang Mhatre,Pandurang,Mhatre,Ustad Pandurang,M,1994-09-14,31,marathi,Maharashtra,Mumbai,Dongri,LOC000001,,CRIMINAL,MULE,ORG000001,SYN-EXT,15,0.094,AT_LARGE,2021,3,0,,NIC-B61LGG7JP,SURVEILLANCE_REPORT,C,2,1
P000068,Reshma Saifi,Reshma,Saifi,,F,1974-05-22,52,muslim,Gujarat,Vadodara,Karelibaug,LOC000076,,CRIMINAL,COURIER,ORG000001,SYN-EXT,32,0.203,ON_BAIL,2009,6,0,,NIC-CFZYY94DA,CHARGESHEET,A,3,1
P000069,Sarfaraz Qureshi,Sarfaraz,Qureshi,Baba,M,1973-12-19,52,muslim,Maharashtra,Mumbai,Bhendi Bazaar,LOC000004,,CRIMINAL,FIXER,ORG000001,SYN-EXT,70,0.692,UNDER_SURVEILLANCE,2022,2,0,,NIC-8CLUBNJZE,SOCIAL_MEDIA_INTEL,A,2,1
P000070,Ashwin Trivedi,Ashwin,Trivedi,Ashwin Cheetah,M,1965-09-24,60,gujarati,Gujarat,Vadodara,Karelibaug,LOC000076,,CRIMINAL,LOGISTICS,ORG000001,SYN-EXT,56,0.381,IN_JUDICIAL_CUSTODY,2017,2,0,,NIC-ZUBR25OW9,INTELLIGENCE_REPORT,B,3,1
P000071,Chirag Desai,Chirag,Desai,,M,1969-07-23,56,gujarati,Maharashtra,Mumbai,Andheri,LOC000005,,CRIMINAL,MULE,ORG000001,SYN-EXT,40,0.087,ON_BAIL,2010,3,0,,NIC-UXGFAT2XR,CDR,A,2,1
P000072,Jayesh Desai,Jayesh,Desai,,M,1998-10-26,27,gujarati,Delhi,New Delhi,Seelampur,LOC000016,,CRIMINAL,MULE,ORG000001,SYN-EXT,25,0.066,AT_LARGE,2016,3,0,,NIC-0YF9P7KYK,BANK_STATEMENT,B,2,1
P000073,Iqbal Mansuri,Iqbal,Mansuri,Kallu Iqbal,M,1976-04-24,50,muslim,Maharashtra,Mumbai,Malad,LOC000006,,CRIMINAL,COURIER,ORG000001,SYN-EXT,50,0.155,ON_BAIL,2006,2,0,,NIC-TAZVYV2V1,SEIZURE_MEMO,F,1,1
P000074,Ashwin Parmar,Ashwin,Parmar,Langda Ashwin,M,1978-12-23,47,gujarati,Karnataka,Mangaluru,Ullal,LOC000101,,CRIMINAL,INFORMANT,ORG000001,SYN-EXT,40,0.187,DECLARED_PO,2010,2,0,,NIC-RZXHM8L9B,CHARGESHEET,B,3,1
P000075,Nisha Zala,Nisha,Zala,Nisha Guddu,F,1979-04-09,47,gujarati,Gujarat,Vadodara,Karelibaug,LOC000076,,CRIMINAL,FIXER,ORG000001,SYN-EXT,76,0.508,AT_LARGE,2020,2,0,,NIC-4Z8608CX8,INFORMANT_TIP,C,1,1
P000076,Divyesh Shah,Divyesh,Shah,Master Divyesh,M,1987-02-01,39,gujarati,Karnataka,Mangaluru,Ullal,LOC000101,,CRIMINAL,FIELD_OPERATIVE,ORG000001,SYN-EXT,41,0.255,AT_LARGE,2005,4,0,,NIC-O2XZ36JWB,IPDR,A,2,1
P000077,Dharmesh Thakor,Dharmesh,Thakor,Kallu Dharmesh,M,1993-08-12,32,gujarati,Karnataka,Bengaluru,Yeshwanthpur,LOC000100,,CRIMINAL,COURIER,ORG000001,SYN-EXT,45,0.168,UNDER_SURVEILLANCE,2022,4,0,,NIC-TCHBVGKP7,BANK_STATEMENT,C,2,1
P000078,Prashant Deshmukh,Prashant,Deshmukh,Prashant Bhai,M,1961-12-20,64,marathi,Karnataka,Kalaburagi,Afzalpur,LOC000102,,CRIMINAL,INFORMANT,ORG000001,SYN-EXT,26,0.215,ON_BAIL,2011,2,0,,NIC-NREG8LXUM,IPDR,A,3,1
P000079,Rasik Trivedi,Rasik,Trivedi,,M,1982-08-20,43,gujarati,Maharashtra,Mumbai,Malad,LOC000006,,CRIMINAL,FIELD_OPERATIVE,ORG000001,SYN-EXT,46,0.269,ON_BAIL,2011,9,0,,NIC-TFIUHPTHL,CRIMINAL_HISTORY_DB,C,3,1
P000080,Kalpesh Zala,Kalpesh,Zala,Nanha,M,1970-08-10,55,gujarati,Gujarat,Rajkot,Gondal,LOC000075,UAE,CRIMINAL,FINANCIER,ORG000001,SYN-EXT,79,0.618,DECLARED_PO,1998,6,0,,NIC-IMY965050,CHARGESHEET,D,3,1
P000081,Sandip Salunkhe,Sandip,Salunkhe,Sandip Pehalwan,M,1989-10-24,36,marathi,Delhi,New Delhi,Jamia Nagar,LOC000017,,CRIMINAL,KINGPIN,ORG000001,SYN-EXT,95,0.916,UNDER_SURVEILLANCE,2014,3,0,,NIC-8X8C28N1G,CHARGESHEET,D,4,1
P000082,Swapnil Jadhav,Swapnil,Jadhav,Raja Swapnil,M,1975-04-26,51,marathi,Karnataka,Bengaluru,KG Halli,LOC000099,,CRIMINAL,HAWALA_OPERATOR,ORG000001,SYN-EXT,82,0.701,AT_LARGE,2014,3,0,,NIC-INNDW8R8K,CRIMINAL_HISTORY_DB,F,2,1
P000083,Mitesh Joshi,Mitesh,Joshi,Cheetah Mitesh,M,1977-11-05,48,gujarati,Karnataka,Bengaluru,KG Halli,LOC000099,,CRIMINAL,FIELD_OPERATIVE,ORG000001,SYN-EXT,43,0.227,UNDER_SURVEILLANCE,2025,9,0,,NIC-Z5JR0Y2EF,INTELLIGENCE_REPORT,C,2,1
P000084,Rafiq Farooqui,Rafiq,Farooqui,,M,1965-12-15,60,muslim,Maharashtra,Solapur,Barshi,LOC000014,,CRIMINAL,RECRUITER,ORG000001,SYN-EXT,68,0.474,UNDER_SURVEILLANCE,2014,5,0,,NIC-E8ZN1N5RU,SOCIAL_MEDIA_INTEL,B,3,1
P000085,Ibrahim Ansari,Ibrahim,Ansari,,M,2000-08-01,25,muslim,Maharashtra,Mumbai,Dharavi,LOC000002,,CRIMINAL,FIELD_OPERATIVE,ORG000001,SYN-EXT,42,0.219,AT_LARGE,2018,6,0,,NIC-3A1MITKRF,SEIZURE_MEMO,B,1,1
P000086,Chirag Dave,Chirag,Dave,Master Chirag,M,1966-01-07,60,gujarati,Maharashtra,Nashik,Panchavati,LOC000012,,CRIMINAL,FIXER,ORG000001,SYN-EXT,70,0.639,IN_JUDICIAL_CUSTODY,1999,3,0,,NIC-AAVH1I4EO,INTELLIGENCE_REPORT,A,4,1
P000087,Ibrahim Siddiqui,Ibrahim,Siddiqui,,M,1993-10-01,32,muslim,Gujarat,Ahmedabad,Juhapura,LOC000071,,CRIMINAL,LOGISTICS,ORG000001,SYN-EXT,64,0.44,IN_JUDICIAL_CUSTODY,2022,3,0,,NIC-NJ02NFGIH,INFORMANT_TIP,C,2,1
P000088,Sagar Salunkhe,Sagar,Salunkhe,Sagar Guddu,M,2002-05-07,24,marathi,Delhi,New Delhi,Chandni Chowk,LOC000015,,CRIMINAL,SHOOTER,ORG000001,SYN-EXT,86,0.324,IN_JUDICIAL_CUSTODY,2020,6,0,,NIC-DP5YHP5E7,FIR,F,5,1
P000089,Tushar Parmar,Tushar,Parmar,Tushar Anna,M,1961-10-03,64,gujarati,Karnataka,Bengaluru,KG Halli,LOC000099,,CRIMINAL,FIELD_OPERATIVE,ORG000001,SYN-EXT,35,0.29,AT_LARGE,2005,3,0,,NIC-Z6S601ZF8,TOWER_DUMP,C,2,1
P000090,Mangesh Tandel,Mangesh,Tandel,Mangesh Nanha,M,1997-11-25,28,marathi,Delhi,New Delhi,Sangam Vihar,LOC000021,,CRIMINAL,FIELD_OPERATIVE,ORG000001,SYN-EXT,39,0.281,AT_LARGE,2013,8,0,,NIC-DPF1H3DTL,CDR,A,1,1
P000091,Shahnawaz Hussain,Shahnawaz,Hussain,,M,1968-12-25,57,muslim,Gujarat,Kutch,Mundra,LOC000073,,CRIMINAL,LIEUTENANT,ORG000001,SYN-EXT,80,0.69,ON_BAIL,2023,8,0,,NIC-BV1R7EQE5,IPDR,C,1,1
P000092,Ibrahim Qureshi,Ibrahim,Qureshi,Guddu Ibrahim,M,1992-01-02,34,muslim,Maharashtra,Mumbai,Bhendi Bazaar,LOC000004,,CRIMINAL,MULE,ORG000001,SYN-EXT,15,0.092,ON_BAIL,2011,1,0,,NIC-LC90OUP0U,SOCIAL_MEDIA_INTEL,D,3,1
P000093,Wasim Baig,Wasim,Baig,Bandook Wasim,M,1965-05-13,61,muslim,Haryana,Nuh,Punhana,LOC000060,,CRIMINAL,COURIER,ORG000002,SYN-HER,34,0.182,ON_BAIL,2006,4,0,,NIC-8BYW485W6,CRIMINAL_HISTORY_DB,B,1,1
P000094,Malkiat Grewal,Malkiat,Grewal,,M,1993-06-25,33,punjabi,Punjab,Ferozepur,Mamdot,LOC000057,,CRIMINAL,COURIER,ORG000002,SYN-HER,48,0.211,UNDER_SURVEILLANCE,2020,8,0,,NIC-GPPR8DOYW,BANK_STATEMENT,A,3,1
P000095,Satnam Bains,Satnam,Bains,Satnam Anna,M,1996-04-27,30,punjabi,Jammu and Kashmir,Srinagar,Maisuma,LOC000120,,CRIMINAL,SHOOTER,ORG000002,SYN-HER,85,0.298,UNDER_SURVEILLANCE,2025,6,0,,NIC-OOB74AVMI,CRIMINAL_HISTORY_DB,C,5,1
P000096,Navneet Bajwa,Navneet,Bajwa,,F,1983-02-12,43,punjabi,Punjab,Jalandhar,Nakodar,LOC000058,,CRIMINAL,MULE,ORG000002,SYN-HER,37,0.077,DECLARED_PO,2018,9,0,,NIC-GVTUIK15U,BANK_STATEMENT,C,3,1
P000097,Manpreet Sekhon,Manpreet,Sekhon,Nanha,M,1968-03-24,58,punjabi,Delhi,New Delhi,Najafgarh,LOC000019,UAE,CRIMINAL,HAWALA_OPERATOR,ORG000002,SYN-HER,78,0.737,EXTRADITION_PENDING,2024,9,0,,NIC-LUOG5JVEP,CRIMINAL_HISTORY_DB,F,1,1
P000098,Haroon Rahman,Haroon,Rahman,Haroon Pehalwan,M,1976-04-08,50,muslim,Haryana,Nuh,Punhana,LOC000060,,CRIMINAL,INFORMANT,ORG000002,SYN-HER,42,0.216,UNDER_SURVEILLANCE,2021,5,0,,NIC-DY20K05YW,TOWER_DUMP,B,4,1
P000099,Shakeel Pathan,Shakeel,Pathan,Shakeel Tinku,M,1962-05-01,64,muslim,Haryana,Nuh,Punhana,LOC000060,,CRIMINAL,COURIER,ORG000002,SYN-HER,40,0.159,AT_LARGE,2001,6,0,,NIC-YKE9FV4B1,SEIZURE_MEMO,A,4,1
P000100,Ranveer Choudhary,Ranveer,Choudhary,Chhota,M,2002-05-10,24,rajasthani,Jammu and Kashmir,Baramulla,Uri,LOC000121,Pakistan,CRIMINAL,FINANCIER,ORG000002,SYN-HER,77,0.63,EXTRADITION_PENDING,2025,10,0,,NIC-A1FS4MGBN,BANK_STATEMENT,C,6,1
P000101,Ratan Saini,Ratan,Saini,Ratan Bada,M,2001-09-13,24,rajasthani,Delhi,New Delhi,Seelampur,LOC000016,,CRIMINAL,LOGISTICS,ORG000002,SYN-HER,50,0.441,DECEASED,2023,9,0,,NIC-Q23QORDJG,CDR,C,4,1
P000102,Abdul Shaikh,Abdul,Shaikh,Abdul Tempo,M,1994-11-16,31,muslim,Jammu and Kashmir,Baramulla,Uri,LOC000121,,CRIMINAL,FIELD_OPERATIVE,ORG000002,SYN-HER,50,0.282,EXTRADITION_PENDING,2012,5,0,,NIC-C67JH2LKN,PASSPORT_IMMIGRATION,A,1,1
P000103,Hanuman Beniwal,Hanuman,Beniwal,Hanuman Tiger,M,1964-02-13,62,rajasthani,Delhi,New Delhi,Nangloi,LOC000020,,CRIMINAL,RECRUITER,ORG000002,SYN-HER,65,0.504,ON_BAIL,2023,7,0,,NIC-A70H0JJGG,INFORMANT_TIP,D,4,1
P000104,Devi Lal Vyas,Devi Lal,Vyas,Devi Munna,M,1998-08-02,27,rajasthani,Haryana,Faridabad,Ballabgarh,LOC000064,,CRIMINAL,RECRUITER,ORG000002,SYN-HER,53,0.533,IN_JUDICIAL_CUSTODY,2018,6,0,,NIC-ZCZVPD4RX,FIR,B,4,1
P000105,Mohan Sisodia,Mohan,Sisodia,Kaana Mohan,M,1988-06-09,38,rajasthani,Rajasthan,Jaipur,Chomu,LOC000067,,CRIMINAL,INFORMANT,ORG000002,SYN-HER,43,0.196,UNDER_SURVEILLANCE,2020,7,0,,NIC-057XD6KET,CHARGESHEET,C,1,1
P000106,Amarjit Sidhu,Amarjit,Sidhu,Master,M,1989-01-12,37,punjabi,Rajasthan,Jodhpur,Osian,LOC000065,,CRIMINAL,FIELD_OPERATIVE,ORG000002,SYN-HER,47,0.241,ABSCONDING,2013,8,0,,NIC-HBPX52L49,CRIMINAL_HISTORY_DB,B,4,1
P000107,Mohammed Shaikh,Mohammed,Shaikh,Mohammed Raja,M,1996-04-08,30,muslim,Punjab,Tarn Taran,Khalra,LOC000055,,CRIMINAL,TECH_HANDLER,ORG000002,SYN-HER,65,0.387,UNDER_SURVEILLANCE,2018,9,0,,NIC-BA4ILAOQT,CHARGESHEET,E,3,1
P000108,Ranveer Kumawat,Ranveer,Kumawat,,M,1997-02-01,29,rajasthani,Delhi,New Delhi,Sangam Vihar,LOC000021,,CRIMINAL,LOGISTICS,ORG000002,SYN-HER,61,0.526,ABSCONDING,2023,6,0,,NIC-X9STG4EVR,SEIZURE_MEMO,B,2,1
P000109,Firoz Chaudhary,Firoz,Chaudhary,,M,1998-07-22,27,muslim,Rajasthan,Jodhpur,Osian,LOC000065,,CRIMINAL,FIELD_OPERATIVE,ORG000002,SYN-HER,55,0.27,DECLARED_PO,2024,7,0,,NIC-5SQ0ZYCMV,CHARGESHEET,C,3,1
P000110,Iqbal Pathan,Iqbal,Pathan,,M,1978-02-16,48,muslim,Jammu and Kashmir,Srinagar,Maisuma,LOC000120,,CRIMINAL,TECH_HANDLER,ORG000002,SYN-HER,49,0.432,IN_JUDICIAL_CUSTODY,2014,9,0,,NIC-9LVFOWOT0,PASSPORT_IMMIGRATION,D,2,1
P000111,Nirmal Bains,Nirmal,Bains,,M,1990-04-17,36,punjabi,Jammu and Kashmir,Srinagar,Maisuma,LOC000120,,CRIMINAL,MULE,ORG000002,SYN-HER,18,0.077,ON_BAIL,2008,8,0,,NIC-T0DJIMV03,BANK_STATEMENT,B,3,1
P000112,Rafiq Ansari,Rafiq,Ansari,Doctor,M,1977-04-25,49,muslim,Punjab,Ferozepur,Mamdot,LOC000057,,CRIMINAL,FIXER,ORG000002,SYN-HER,79,0.662,UNDER_SURVEILLANCE,1996,5,0,,NIC-FI11Z14YA,FIR,C,3,1
P000113,Mushtaq Khan,Mushtaq,Khan,Bada Mushtaq,M,1982-05-05,44,muslim,Rajasthan,Bikaner,Nokha,LOC000066,,CRIMINAL,FIELD_OPERATIVE,ORG000002,SYN-HER,41,0.211,AT_LARGE,2022,3,0,,NIC-CTS377V1I,CRIMINAL_HISTORY_DB,F,3,1
P000114,Gayatri Jat,Gayatri,Jat,Bandook Gayatri,F,1961-10-17,64,rajasthani,Rajasthan,Barmer,Chohtan,LOC000070,,CRIMINAL,LOGISTICS,ORG000002,SYN-HER,50,0.375,ABSCONDING,2011,10,0,,NIC-Q8DDGBDH0,IPDR,B,3,1
P000115,Nirmal Singh,Nirmal,Singh,Chhota Nirmal,M,2002-02-22,24,punjabi,Delhi,New Delhi,Sangam Vihar,LOC000021,,CRIMINAL,COURIER,ORG000002,SYN-HER,46,0.175,IN_JUDICIAL_CUSTODY,2021,7,0,,NIC-G6HSHG5MM,PASSPORT_IMMIGRATION,B,3,1
P000116,Kishan Godara,Kishan,Godara,Kishan Pehalwan,M,1990-06-08,36,rajasthani,Haryana,Gurugram,Sohna,LOC000061,,CRIMINAL,FIXER,ORG000002,SYN-HER,55,0.672,UNDER_SURVEILLANCE,2011,9,0,,NIC-5JF6EGQO3,SOCIAL_MEDIA_INTEL,B,1,1
P000117,Nathu Choudhary,Nathu,Choudhary,Nanha,M,1962-01-05,64,rajasthani,Punjab,Amritsar,Ajnala,LOC000054,,CRIMINAL,HAWALA_OPERATOR,ORG000002,SYN-HER,65,0.752,ON_BAIL,2009,7,0,,NIC-FXVLHZZ3R,INTELLIGENCE_REPORT,C,2,1
P000118,Bikramjit Sidhu,Bikramjit,Sidhu,Bikramjit Pappu,M,1986-10-16,39,punjabi,Rajasthan,Jodhpur,Osian,LOC000065,,CRIMINAL,FIELD_OPERATIVE,ORG000002,SYN-HER,63,0.26,ON_BAIL,2023,12,0,,NIC-I45H02CEQ,SEIZURE_MEMO,B,3,1
P000119,Faizan Alam,Faizan,Alam,Raja Faizan,M,1987-11-24,38,muslim,Delhi,New Delhi,Seelampur,LOC000016,,CRIMINAL,COURIER,ORG000002,SYN-HER,37,0.173,AT_LARGE,2011,6,0,,NIC-9DAK645KE,PASSPORT_IMMIGRATION,B,2,1
P000120,Harbhajan Sekhon,Harbhajan,Sekhon,Kallu,M,1989-08-26,36,punjabi,Rajasthan,Jodhpur,Osian,LOC000065,,CRIMINAL,LOGISTICS,ORG000002,SYN-HER,63,0.42,IN_JUDICIAL_CUSTODY,2025,10,0,,NIC-5BGZ0C99A,CDR,D,5,1
P000121,Ashfaq Saifi,Ashfaq,Saifi,Doctor Ashfaq,M,1963-04-15,63,muslim,Delhi,New Delhi,Nangloi,LOC000020,,CRIMINAL,LIEUTENANT,ORG000002,SYN-HER,82,0.862,UNDER_SURVEILLANCE,1997,5,0,,NIC-X2HGOAVWS,TOWER_DUMP,C,3,1
P000122,Karni Bishnoi,Karni,Bishnoi,Sarkar,M,1972-02-13,54,rajasthani,Delhi,New Delhi,Karol Bagh,LOC000018,,CRIMINAL,FIELD_OPERATIVE,ORG000002,SYN-HER,48,0.235,DECLARED_PO,2009,11,0,,NIC-0CH236I5A,TOWER_DUMP,C,3,1
P000123,Bhoma Poonia,Bhoma,Poonia,Master,M,1968-02-13,58,rajasthani,Rajasthan,Barmer,Chohtan,LOC000070,,CRIMINAL,RECRUITER,ORG000002,SYN-HER,69,0.569,IN_JUDICIAL_CUSTODY,2012,6,0,,NIC-0PRZVS2II,INTELLIGENCE_REPORT,C,4,1
P000124,Rafiq Baig,Rafiq,Baig,,M,1973-10-23,52,muslim,Rajasthan,Bikaner,Nokha,LOC000066,,CRIMINAL,MULE,ORG000002,SYN-HER,24,0.092,ABSCONDING,2009,7,0,,NIC-IL68UHW94,INFORMANT_TIP,C,3,1
P000125,Sarfaraz Idrisi,Sarfaraz,Idrisi,Sarfaraz Tiger,M,1966-01-13,60,muslim,Punjab,Jalandhar,Nakodar,LOC000058,,CRIMINAL,SHOOTER,ORG000002,SYN-HER,74,0.382,ABSCONDING,2023,4,0,,NIC-KSQJDSN8C,CRIMINAL_HISTORY_DB,D,1,1
P000126,Haroon Baig,Haroon,Baig,,M,1992-12-10,33,muslim,Haryana,Gurugram,Sohna,LOC000061,,CRIMINAL,LOGISTICS,ORG000002,SYN-HER,67,0.519,ABSCONDING,2019,7,0,,NIC-Y0U9DAQM2,SURVEILLANCE_REPORT,E,3,1
P000127,Nadeem Mirza,Nadeem,Mirza,,M,1971-11-03,54,muslim,Delhi,New Delhi,Paharganj,LOC000022,,CRIMINAL,LIEUTENANT,ORG000002,SYN-HER,77,0.868,ABSCONDING,2010,6,0,,NIC-HYC1R9QIK,INFORMANT_TIP,D,1,1
P000128,Jasbir Kang,Jasbir,Kang,,F,1999-11-10,26,punjabi,Punjab,Bathinda,Rampura Phul,LOC000059,,CRIMINAL,LIEUTENANT,ORG000002,SYN-HER,87,0.814,AT_LARGE,2020,6,0,,NIC-EU7OL7E6K,INTELLIGENCE_REPORT,C,2,1
P000129,Kulwant Aulakh,Kulwant,Aulakh,,M,1999-09-16,26,punjabi,Delhi,New Delhi,Karol Bagh,LOC000018,,CRIMINAL,FINANCIER,ORG000002,SYN-HER,89,0.837,DECLARED_PO,2023,5,1,,NIC-W2PPCUYHY,SOCIAL_MEDIA_INTEL,C,2,1
P000130,Sohan Kumawat,Sohan,Kumawat,Bada,M,1978-11-07,47,rajasthani,Haryana,Nuh,Punhana,LOC000060,,CRIMINAL,FIXER,ORG000002,SYN-HER,65,0.702,ABSCONDING,2019,8,0,,NIC-88AENN1GN,TOWER_DUMP,D,4,1
P000131,Imran Siddiqui,Imran,Siddiqui,Ustad,M,1981-01-03,45,muslim,Punjab,Ferozepur,Mamdot,LOC000057,,CRIMINAL,MULE,ORG000002,SYN-HER,17,0.068,ABSCONDING,2017,9,0,,NIC-OQ0Y2Z1UB,INTELLIGENCE_REPORT,C,3,1
P000132,Jarnail Sidhu,Jarnail,Sidhu,Jarnail Gullu,M,1992-02-10,34,punjabi,Punjab,Ludhiana,Jamalpur,LOC000056,,CRIMINAL,SHOOTER,ORG000002,SYN-HER,79,0.342,UNDER_SURVEILLANCE,2019,2,0,,NIC-ZB4K8OIZ8,SOCIAL_MEDIA_INTEL,E,1,1
P000133,Gurmeet Bajwa,Gurmeet,Bajwa,Lambu,M,1960-10-20,65,punjabi,Punjab,Amritsar,Ajnala,LOC000054,,CRIMINAL,LOGISTICS,ORG000002,SYN-HER,57,0.403,UNDER_SURVEILLANCE,2014,4,0,,NIC-WN06JKLOQ,SURVEILLANCE_REPORT,A,3,1
P000134,Tanveer Sheikh,Tanveer,Sheikh,Tanveer Chhota,M,1976-02-07,50,muslim,Delhi,New Delhi,Seelampur,LOC000016,,CRIMINAL,SHOOTER,ORG000002,SYN-HER,88,0.372,ON_BAIL,2000,8,0,,NIC-PGSEMU52V,INFORMANT_TIP,C,3,1
P000135,Karni Meena,Karni,Meena,,M,1975-04-23,51,rajasthani,Punjab,Ludhiana,Jamalpur,LOC000056,,CRIMINAL,COURIER,ORG000002,SYN-HER,53,0.166,UNDER_SURVEILLANCE,1998,8,0,,NIC-XIV432WT5,TOWER_DUMP,A,3,1
P000136,Amarjit Grewal,Amarjit,Grewal,,M,1964-01-17,62,punjabi,Punjab,Bathinda,Rampura Phul,LOC000059,,CRIMINAL,FIELD_OPERATIVE,ORG000002,SYN-HER,36,0.257,UNDER_SURVEILLANCE,2019,7,0,,NIC-NC9Q884JX,INTELLIGENCE_REPORT,B,4,1
P000137,Paramjit Gill,Paramjit,Gill,,M,1992-01-22,34,punjabi,Haryana,Sonipat,Gohana,LOC000062,,CRIMINAL,COURIER,ORG000002,SYN-HER,37,0.2,AT_LARGE,2010,6,0,,NIC-K6I2KLJ4W,FIR,B,3,1
P000138,Rajwinder Sarao,Rajwinder,Sarao,,F,1990-08-02,35,punjabi,Delhi,New Delhi,Sangam Vihar,LOC000021,,CRIMINAL,FIELD_OPERATIVE,ORG000002,SYN-HER,37,0.234,ON_BAIL,2013,4,0,,NIC-7RQ8LYYXE,TOWER_DUMP,B,6,1
P000139,Chhagan Saini,Chhagan,Saini,Chhagan Raja,M,1960-09-05,65,rajasthani,Haryana,Faridabad,Ballabgarh,LOC000064,,CRIMINAL,FIELD_OPERATIVE,ORG000002,SYN-HER,63,0.23,AT_LARGE,2014,7,0,,NIC-JLKXHO0VH,IPDR,C,2,1
P000140,Bhanwari Jat,Bhanwari,Jat,Bhanwari Bada,F,1968-11-17,57,rajasthani,Jammu and Kashmir,Srinagar,Maisuma,LOC000120,UAE,CRIMINAL,KINGPIN,ORG000002,SYN-HER,90,1.006,DECLARED_PO,2021,7,0,,NIC-ZBSFN244K,SURVEILLANCE_REPORT,D,3,1
P000141,Paramjit Grewal,Paramjit,Grewal,Paramjit Guddu,M,2003-06-15,23,punjabi,Rajasthan,Barmer,Chohtan,LOC000070,,CRIMINAL,CORRUPT_OFFICIAL,ORG000002,SYN-HER,69,0.564,ON_BAIL,2023,8,0,,NIC-BM760JGL4,INFORMANT_TIP,C,4,1
P000142,Karamjit Bajwa,Karamjit,Bajwa,Sarkar,M,2003-11-14,22,punjabi,Jammu and Kashmir,Srinagar,Maisuma,LOC000120,,CRIMINAL,COURIER,ORG000002,SYN-HER,46,0.182,ON_BAIL,2021,6,0,,NIC-O4YWG1IQ4,PASSPORT_IMMIGRATION,B,4,1
P000143,Nadeem Khan,Nadeem,Khan,Nadeem Bandook,M,1993-02-17,33,muslim,Punjab,Jalandhar,Nakodar,LOC000058,,CRIMINAL,FIELD_OPERATIVE,ORG000002,SYN-HER,35,0.233,IN_JUDICIAL_CUSTODY,2015,2,0,,NIC-XGJ1QQ81X,INFORMANT_TIP,B,3,1
P000144,Yusuf Baig,Yusuf,Baig,,M,1976-05-19,50,muslim,Jammu and Kashmir,Baramulla,Uri,LOC000121,,CRIMINAL,FIXER,ORG000002,SYN-HER,66,0.798,ABSCONDING,2018,10,1,,NIC-IHO2KGN6Z,PASSPORT_IMMIGRATION,B,3,1
P000145,Nirmal Singh,Nirmal,Singh,Nirmal Dada,M,1990-10-14,35,punjabi,Punjab,Tarn Taran,Khalra,LOC000055,,CRIMINAL,RECRUITER,ORG000002,SYN-HER,50,0.52,IN_JUDICIAL_CUSTODY,2022,5,0,,NIC-YZ7SDL52A,SURVEILLANCE_REPORT,D,5,1
P000146,Paramjit Sarao,Paramjit,Sarao,,M,1970-11-02,55,punjabi,Rajasthan,Alwar,Ramgarh,LOC000069,UAE,CRIMINAL,FINANCIER,ORG000002,SYN-HER,65,0.638,EXTRADITION_PENDING,2013,4,0,,NIC-RZWZZM7AE,CDR,C,3,1
P000147,Devi Lal Sisodia,Devi Lal,Sisodia,Devi Pehalwan,M,1989-07-19,36,rajasthani,Jammu and Kashmir,Srinagar,Maisuma,LOC000120,,CRIMINAL,FENCE,ORG000002,SYN-HER,40,0.306,DECEASED,2015,10,0,,NIC-6SVH6Q8Q2,INTELLIGENCE_REPORT,C,4,1
P000148,Bhanwar Saini,Bhanwar,Saini,,M,1964-07-21,61,rajasthani,Punjab,Ludhiana,Jamalpur,LOC000056,,CRIMINAL,RECRUITER,ORG000002,SYN-HER,55,0.451,AT_LARGE,2006,10,0,,NIC-U0W78AQPS,CDR,B,3,1
P000149,Satnam Sandhu,Satnam,Sandhu,Satnam Kaka,M,1971-12-22,54,punjabi,Jammu and Kashmir,Baramulla,Uri,LOC000121,,CRIMINAL,LOGISTICS,ORG000002,SYN-HER,51,0.408,AT_LARGE,2015,7,0,,NIC-QNOMPWJGH,CDR,C,3,1
P000150,Sarfaraz Mansuri,Sarfaraz,Mansuri,Master,M,1991-10-09,34,muslim,Delhi,New Delhi,Nangloi,LOC000020,,CRIMINAL,LOGISTICS,ORG000002,SYN-HER,60,0.414,ON_BAIL,2012,6,0,,NIC-OID7148C6,CRIMINAL_HISTORY_DB,B,3,1
P000151,Baljinder Mann,Baljinder,Mann,Baljinder Kabootar,M,2003-04-13,23,punjabi,Punjab,Amritsar,Ajnala,LOC000054,,CRIMINAL,COURIER,ORG000002,SYN-HER,48,0.164,IN_JUDICIAL_CUSTODY,2021,10,0,,NIC-9QPR4VXL5,INTELLIGENCE_REPORT,B,3,1
P000152,Bhoma Poonia,Bhoma,Poonia,,M,2003-04-27,23,rajasthani,Rajasthan,Alwar,Ramgarh,LOC000069,,CRIMINAL,FIELD_OPERATIVE,ORG000002,SYN-HER,41,0.277,ON_BAIL,2025,7,0,,NIC-91YMJJ4AL,INTELLIGENCE_REPORT,B,6,1
P000153,Shahnawaz Mansuri,Shahnawaz,Mansuri,Shahnawaz Kaana,M,1995-10-02,30,muslim,Delhi,New Delhi,Najafgarh,LOC000019,,CRIMINAL,LOGISTICS,ORG000002,SYN-HER,57,0.501,IN_JUDICIAL_CUSTODY,2012,7,0,,NIC-4G2VQXX99,PASSPORT_IMMIGRATION,B,1,1
P000154,Nadeem Farooqui,Nadeem,Farooqui,Kallu,M,1978-06-11,48,muslim,Jammu and Kashmir,Srinagar,Maisuma,LOC000120,,CRIMINAL,RECRUITER,ORG000002,SYN-HER,69,0.57,ON_BAIL,2006,6,0,,NIC-YS3JKV0ZE,CDR,A,2,1
P000155,Ashfaq Shaikh,Ashfaq,Shaikh,,M,1983-12-19,42,muslim,Delhi,New Delhi,Paharganj,LOC000022,,CRIMINAL,FIELD_OPERATIVE,ORG000002,SYN-HER,68,0.242,ON_BAIL,2014,8,0,,NIC-LBIPQFNKZ,CDR,A,5,1
P000156,Paramjit Gill,Paramjit,Gill,,M,1999-03-03,27,punjabi,Punjab,Ludhiana,Jamalpur,LOC000056,,CRIMINAL,LIEUTENANT,ORG000002,SYN-HER,92,0.768,UNDER_SURVEILLANCE,2020,7,0,,NIC-OPS2II7KB,FIR,C,4,1
P000157,Devi Lal Godara,Devi Lal,Godara,Tempo Devi,M,1994-03-19,32,rajasthani,Haryana,Gurugram,Sohna,LOC000061,,CRIMINAL,MULE,ORG000002,SYN-HER,34,0.082,AT_LARGE,2019,8,0,,NIC-78TW48OF2,SOCIAL_MEDIA_INTEL,B,2,1
P000158,Sarfaraz Siddiqui,Sarfaraz,Siddiqui,,M,1990-09-01,35,muslim,Delhi,New Delhi,Najafgarh,LOC000019,,CRIMINAL,FIELD_OPERATIVE,ORG000002,SYN-HER,66,0.248,DECLARED_PO,2018,9,0,,NIC-A1SOA9XM0,TOWER_DUMP,B,2,1
P000159,Lakhwinder Brar,Lakhwinder,Brar,Bada,M,1978-11-24,47,punjabi,Jammu and Kashmir,Baramulla,Uri,LOC000121,,CRIMINAL,FIELD_OPERATIVE,ORG000002,SYN-HER,52,0.217,IN_JUDICIAL_CUSTODY,1999,4,0,,NIC-H32R5MUBJ,FIR,E,1,1
P000160,Rachhpal Singh,Rachhpal,Singh,Rachhpal Bandook,M,1969-01-16,57,punjabi,Rajasthan,Jodhpur,Osian,LOC000065,,CRIMINAL,LOGISTICS,ORG000002,SYN-HER,51,0.45,UNDER_SURVEILLANCE,2024,5,0,,NIC-X3CVFJDRZ,CDR,C,2,1
P000161,Mohan Sisodia,Mohan,Sisodia,Master,M,1975-12-02,50,rajasthani,Haryana,Hisar,Barwala,LOC000063,,CRIMINAL,CORRUPT_OFFICIAL,ORG000002,SYN-HER,56,0.689,IN_JUDICIAL_CUSTODY,2002,3,0,,NIC-N4YTUKC97,CDR,B,3,1
P000162,Amarjit Dhillon,Amarjit,Dhillon,,M,1987-06-01,39,punjabi,Rajasthan,Barmer,Chohtan,LOC000070,,CRIMINAL,MULE,ORG000002,SYN-HER,20,0.082,UNDER_SURVEILLANCE,2013,13,0,,NIC-ZPAC4JXFP,BANK_STATEMENT,B,3,1
P000163,Shahnaz Siddiqui,Shahnaz,Siddiqui,,F,1968-08-08,57,muslim,Jammu and Kashmir,Srinagar,Maisuma,LOC000120,,CRIMINAL,COURIER,ORG000002,SYN-HER,40,0.199,ABSCONDING,2013,11,0,,NIC-W2MBYWIQC,IPDR,C,3,1
P000164,Gurmeet Aulakh,Gurmeet,Aulakh,Gurmeet Lambu,M,1977-10-18,48,punjabi,Delhi,New Delhi,Paharganj,LOC000022,,CRIMINAL,RECRUITER,ORG000002,SYN-HER,53,0.557,ON_BAIL,1998,6,0,,NIC-8X3A6YLBX,PASSPORT_IMMIGRATION,C,2,1
P000165,Nadeem Chaudhary,Nadeem,Chaudhary,Nadeem Pehalwan,M,1969-10-10,56,muslim,Haryana,Faridabad,Ballabgarh,LOC000064,,CRIMINAL,COURIER,ORG000002,SYN-HER,40,0.182,ON_BAIL,2008,11,0,,NIC-ECILCMG5M,CDR,A,3,1
P000166,Faizan Hussain,Faizan,Hussain,Raja,M,1974-10-23,51,muslim,Punjab,Ludhiana,Jamalpur,LOC000056,,CRIMINAL,MULE,ORG000002,SYN-HER,17,0.08,AT_LARGE,2005,9,0,,NIC-F3DX90XDR,TOWER_DUMP,A,1,1
P000167,Sukhwinder Dhillon,Sukhwinder,Dhillon,,M,1984-04-07,42,punjabi,Rajasthan,Alwar,Ramgarh,LOC000069,,CRIMINAL,MULE,ORG000002,SYN-HER,31,0.082,IN_JUDICIAL_CUSTODY,2016,7,0,,NIC-L990GW31G,BANK_STATEMENT,D,3,1
P000168,Sukhdev Bhullar,Sukhdev,Bhullar,,M,1995-06-12,31,punjabi,Delhi,New Delhi,Nangloi,LOC000020,,CRIMINAL,FENCE,ORG000002,SYN-HER,53,0.293,EXTRADITION_PENDING,2011,4,0,,NIC-UP8NY9QX2,IPDR,E,1,1
P000169,Rukhsana Ahmed,Rukhsana,Ahmed,,F,1974-04-11,52,muslim,Punjab,Ludhiana,Jamalpur,LOC000056,,CRIMINAL,COURIER,ORG000002,SYN-HER,30,0.209,AT_LARGE,2014,9,0,,NIC-R969JGC3W,BANK_STATEMENT,A,2,1
P000170,Gopal Poonia,Gopal,Poonia,Doctor Gopal,M,1973-12-03,52,rajasthani,Haryana,Faridabad,Ballabgarh,LOC000064,,CRIMINAL,TECH_HANDLER,ORG000002,SYN-HER,68,0.447,AT_LARGE,2020,3,0,,NIC-GTCYFDVW1,INTELLIGENCE_REPORT,E,1,1
P000171,Mohammed Shaikh,Mohammed,Shaikh,Mohammed Sarkar,M,1993-01-11,33,muslim,Punjab,Ludhiana,Jamalpur,LOC000056,,CRIMINAL,MULE,ORG000002,SYN-HER,32,0.072,ON_BAIL,2010,8,0,,NIC-DZ26FO1SZ,BANK_STATEMENT,A,1,1
P000172,Kanta Choudhary,Kanta,Choudhary,Ustad Kanta,F,1990-09-07,35,rajasthani,Rajasthan,Bikaner,Nokha,LOC000066,,CRIMINAL,SHOOTER,ORG000002,SYN-HER,85,0.365,IN_JUDICIAL_CUSTODY,2012,6,0,,NIC-7PPER1UFH,SEIZURE_MEMO,B,2,1
P000173,Ibrahim Ahmed,Ibrahim,Ahmed,Langda,M,1999-08-20,26,muslim,Rajasthan,Jaipur,Chomu,LOC000067,,CRIMINAL,MULE,ORG000002,SYN-HER,19,0.071,ON_BAIL,2022,5,0,,NIC-XJFHDPJSA,CRIMINAL_HISTORY_DB,C,1,1
P000174,Ranveer Gurjar,Ranveer,Gurjar,,M,1995-08-20,30,rajasthani,Jammu and Kashmir,Baramulla,Uri,LOC000121,,CRIMINAL,TECH_HANDLER,ORG000002,SYN-HER,68,0.428,ON_BAIL,2018,9,0,,NIC-BY7CQKDSM,PASSPORT_IMMIGRATION,C,2,1
P000175,Rajesh Prajapati,Rajesh,Prajapati,Rajesh Kaana,M,1988-05-21,38,hindi_belt,Haryana,Sonipat,Gohana,LOC000062,,CRIMINAL,FIELD_OPERATIVE,ORG000003,SYN-CYB,46,0.205,IN_JUDICIAL_CUSTODY,2017,4,0,,NIC-QA3558A5P,SURVEILLANCE_REPORT,C,2,1
P000176,Sanjib Gayen,Sanjib,Gayen,Sanjib Raja,M,2000-09-27,25,bengali,Haryana,Faridabad,Ballabgarh,LOC000064,,CRIMINAL,MULE,ORG000003,SYN-CYB,21,0.076,ON_BAIL,2025,2,0,,NIC-JCTVFDG0L,BANK_STATEMENT,C,3,1
P000177,Palash Sardar,Palash,Sardar,,M,1965-05-11,61,bengali,Haryana,Nuh,Punhana,LOC000060,,CRIMINAL,COURIER,ORG000003,SYN-CYB,41,0.201,ON_BAIL,2002,3,0,,NIC-19ES4IHRV,TOWER_DUMP,B,2,1
P000178,Udaiveer Saini,Udaiveer,Saini,Udaiveer Master,M,1998-12-10,27,hindi_belt,Jharkhand,Ranchi,Hatia,LOC000045,,CRIMINAL,FIXER,ORG000003,SYN-CYB,68,0.616,DECLARED_PO,2024,2,0,,NIC-WI5755LOS,SURVEILLANCE_REPORT,A,1,1
P000179,Nepal Mistry,Nepal,Mistry,,M,1981-06-18,45,bengali,West Bengal,Kolkata,Metiabruz,LOC000047,,CRIMINAL,MULE,ORG000003,SYN-CYB,40,0.066,IN_JUDICIAL_CUSTODY,2007,1,0,,NIC-MSQETT69U,PASSPORT_IMMIGRATION,A,3,1
P000180,Sukumar Biswas,Sukumar,Biswas,,M,1981-11-16,44,bengali,Bihar,Muzaffarpur,Mithanpura,LOC000037,,CRIMINAL,FIELD_OPERATIVE,ORG000003,SYN-CYB,65,0.263,ON_BAIL,2014,2,0,,NIC-4J38V30D7,SOCIAL_MEDIA_INTEL,C,3,1
P000181,Satish Rajput,Satish,Rajput,,M,1964-03-09,62,hindi_belt,Karnataka,Mangaluru,Ullal,LOC000101,,CRIMINAL,KINGPIN,ORG000003,SYN-CYB,93,1.046,DECLARED_PO,2010,2,0,,NIC-KYLHTUCR0,CDR,B,2,1
P000182,Iqbal Pathan,Iqbal,Pathan,Tempo,M,1962-04-03,64,muslim,Jharkhand,Dhanbad,Jharia,LOC000044,,CRIMINAL,COURIER,ORG000003,SYN-CYB,44,0.18,ON_BAIL,1997,2,0,,NIC-MV47TUJG7,SEIZURE_MEMO,F,2,1
P000183,Ranjan Mondal,Ranjan,Mondal,Ranjan Master,M,2003-10-03,22,bengali,Haryana,Nuh,Punhana,LOC000060,,CRIMINAL,LOGISTICS,ORG000003,SYN-CYB,55,0.493,AT_LARGE,2019,0,0,,NIC-TBTNUMMSR,TOWER_DUMP,B,2,1
P000184,Ramesh Srivastava,Ramesh,Srivastava,Ramesh Sarkar,M,1973-09-12,52,hindi_belt,Delhi,New Delhi,Seelampur,LOC000016,,CRIMINAL,RECRUITER,ORG000003,SYN-CYB,65,0.555,IN_JUDICIAL_CUSTODY,1999,2,0,,NIC-PKETV82DI,FIR,B,3,1
P000185,Ashok Bhadauria,Ashok,Bhadauria,,M,1999-06-10,27,hindi_belt,Delhi,New Delhi,Paharganj,LOC000022,,CRIMINAL,FIELD_OPERATIVE,ORG000003,SYN-CYB,56,0.269,AT_LARGE,2022,2,0,,NIC-8F3IF3G3T,SEIZURE_MEMO,C,4,1
P000186,Netrapal Rathore,Netrapal,Rathore,,M,1971-12-22,54,hindi_belt,Haryana,Hisar,Barwala,LOC000063,,CRIMINAL,LOGISTICS,ORG000003,SYN-CYB,55,0.512,AT_LARGE,2014,2,0,,NIC-35BE4HW43,BANK_STATEMENT,B,2,1
P000187,Naresh Jaiswal,Naresh,Jaiswal,Naresh Langda,M,1979-09-15,46,hindi_belt,Delhi,New Delhi,Seelampur,LOC000016,,CRIMINAL,MULE,ORG000003,SYN-CYB,27,0.081,ABSCONDING,1998,3,0,,NIC-4YEVN11V8,CHARGESHEET,B,3,1
P000188,Sujoy Sarkar,Sujoy,Sarkar,Sujoy Guddu,M,1980-09-04,45,bengali,Delhi,New Delhi,Paharganj,LOC000022,,CRIMINAL,TECH_HANDLER,ORG000003,SYN-CYB,71,0.338,IN_JUDICIAL_CUSTODY,2013,2,0,,NIC-GYU5DFNIA,PASSPORT_IMMIGRATION,A,1,1
P000189,Pradip Roy,Pradip,Roy,Chikna,M,1979-10-26,46,bengali,Uttar Pradesh,Varanasi,Chetganj,LOC000028,,CRIMINAL,MULE,ORG000003,SYN-CYB,36,0.086,DECLARED_PO,2013,2,0,,NIC-WFA6ZISDX,TOWER_DUMP,E,1,1
P000190,Iqbal Khan,Iqbal,Khan,Baba Iqbal,M,1997-07-21,28,muslim,Bihar,Gaya,Chandauti,LOC000038,Thailand,CRIMINAL,FINANCIER,ORG000003,SYN-CYB,77,0.662,DECLARED_PO,2015,1,0,,NIC-IM9YX0JSI,BANK_STATEMENT,A,3,1
P000191,Firoz Sheikh,Firoz,Sheikh,Firoz Bada,M,1986-08-26,39,muslim,Bihar,Begusarai,Barauni,LOC000040,,CRIMINAL,MULE,ORG000003,SYN-CYB,37,0.079,ON_BAIL,2024,2,0,,NIC-192YWOL1A,INFORMANT_TIP,B,3,1
P000192,Faizan Malik,Faizan,Malik,Sarkar Faizan,M,1996-08-23,29,muslim,Jharkhand,Jamtara,Karmatanr,LOC000042,,CRIMINAL,FIELD_OPERATIVE,ORG000003,SYN-CYB,58,0.212,ABSCONDING,2013,1,0,,NIC-7R37F7FP4,SEIZURE_MEMO,C,5,1
P000193,Nirmal Barman,Nirmal,Barman,Kaka Nirmal,M,1994-01-16,32,bengali,Jharkhand,Dhanbad,Jharia,LOC000044,,CRIMINAL,FIELD_OPERATIVE,ORG000003,SYN-CYB,64,0.235,DECLARED_PO,2019,1,0,,NIC-WSSKCTQD4,INFORMANT_TIP,A,1,1
P000194,Bandana Das,Bandana,Das,,F,1964-05-09,62,bengali,Bihar,Siwan,Mahadeva,LOC000039,Myanmar,CRIMINAL,FINANCIER,ORG000003,SYN-CYB,73,0.619,EXTRADITION_PENDING,2006,1,0,,NIC-HLJ2XLQP5,BANK_STATEMENT,D,4,1
P000195,Anil Thakur,Anil,Thakur,Kaana Anil,M,1986-07-08,39,hindi_belt,West Bengal,Nadia,Karimpur,LOC000053,,CRIMINAL,MULE,ORG000003,SYN-CYB,36,0.082,AT_LARGE,2019,2,0,,NIC-WDQHDK3Z4,SOCIAL_MEDIA_INTEL,B,5,1
P000196,Sujoy Chakraborty,Sujoy,Chakraborty,Nanha Sujoy,M,1987-01-10,39,bengali,Bihar,Siwan,Mahadeva,LOC000039,,CRIMINAL,MULE,ORG000003,SYN-CYB,40,0.081,ON_BAIL,2015,0,0,,NIC-CG8W1RVRR,PASSPORT_IMMIGRATION,A,3,1
P000197,Gopal Roy,Gopal,Roy,Cheetah Gopal,M,2003-12-06,22,bengali,Delhi,New Delhi,Nangloi,LOC000020,,CRIMINAL,FIELD_OPERATIVE,ORG000003,SYN-CYB,55,0.211,UNDER_SURVEILLANCE,2019,1,0,,NIC-0G7G2WOSQ,SURVEILLANCE_REPORT,A,3,1
P000198,Pradip Barman,Pradip,Barman,Raja,M,1967-02-20,59,bengali,Uttar Pradesh,Kanpur,Chakeri,LOC000024,,CRIMINAL,MULE,ORG000003,SYN-CYB,19,0.082,ABSCONDING,2020,5,0,,NIC-LHLQS3E3R,PASSPORT_IMMIGRATION,B,5,1
P000199,Imran Hussain,Imran,Hussain,Bada,M,1984-07-11,41,muslim,Karnataka,Bengaluru,KG Halli,LOC000099,,CRIMINAL,FIELD_OPERATIVE,ORG000003,SYN-CYB,38,0.245,ABSCONDING,2014,0,0,,NIC-5MZL5GJ81,SURVEILLANCE_REPORT,C,1,1
P000200,Kavita Dubey,Kavita,Dubey,,F,1988-01-16,38,hindi_belt,Uttar Pradesh,Noida,Sector 63,LOC000027,,CRIMINAL,COURIER,ORG000003,SYN-CYB,34,0.148,ON_BAIL,2006,4,0,,NIC-CYRJVZA65,IPDR,B,4,1
P000201,Balbir Singh,Balbir,Singh,Raja,M,1981-11-10,44,hindi_belt,Delhi,New Delhi,Nangloi,LOC000020,,CRIMINAL,TECH_HANDLER,ORG000003,SYN-CYB,57,0.341,UNDER_SURVEILLANCE,2009,2,0,,NIC-8VF3SML9C,INTELLIGENCE_REPORT,C,2,1
P000202,Sujoy Das,Sujoy,Das,Langda,M,1972-03-02,54,bengali,Uttar Pradesh,Prayagraj,Dhoomanganj,LOC000030,,CRIMINAL,FIELD_OPERATIVE,ORG000003,SYN-CYB,47,0.249,AT_LARGE,2008,1,0,,NIC-E8T582BCV,FIR,B,3,1
P000203,Palash Gayen,Palash,Gayen,,M,1997-04-03,29,bengali,Bihar,Begusarai,Barauni,LOC000040,,CRIMINAL,MULE,ORG000003,SYN-CYB,16,0.08,AT_LARGE,2022,2,0,,NIC-B4CPIALDT,PASSPORT_IMMIGRATION,A,3,1
P000204,Jagdish Rajput,Jagdish,Rajput,,M,1964-04-14,62,hindi_belt,Delhi,New Delhi,Karol Bagh,LOC000018,,CRIMINAL,TECH_HANDLER,ORG000003,SYN-CYB,55,0.469,IN_JUDICIAL_CUSTODY,2020,1,0,,NIC-ZUH8IUNCL,CRIMINAL_HISTORY_DB,A,2,1
P000205,Anup Adhikari,Anup,Adhikari,Bhai,M,1962-03-04,64,bengali,Bihar,Siwan,Mahadeva,LOC000039,,CRIMINAL,LIEUTENANT,ORG000003,SYN-CYB,92,0.909,IN_JUDICIAL_CUSTODY,2010,1,0,,NIC-FAALFS04I,SURVEILLANCE_REPORT,A,2,1
P000206,Mahesh Shukla,Mahesh,Shukla,Mahesh Langda,M,1991-10-03,34,hindi_belt,Bihar,Begusarai,Barauni,LOC000040,,CRIMINAL,FIELD_OPERATIVE,ORG000003,SYN-CYB,54,0.222,ON_BAIL,2022,3,0,,NIC-7GX86O3NR,FIR,A,4,1
P000207,Mahesh Sharma,Mahesh,Sharma,Chacha,M,1978-04-14,48,hindi_belt,Uttar Pradesh,Varanasi,Chetganj,LOC000028,,CRIMINAL,MULE,ORG000003,SYN-CYB,23,0.079,ON_BAIL,2014,1,0,,NIC-GD8LKB56H,CDR,D,3,1
P000208,Mushtaq Rahman,Mushtaq,Rahman,Mushtaq Kaana,M,1967-06-08,59,muslim,Bihar,Purnia,Khajanchi Hat,LOC000041,,CRIMINAL,RECRUITER,ORG000003,SYN-CYB,51,0.478,AT_LARGE,2019,0,0,,NIC-OE45D1JN3,BANK_STATEMENT,B,1,1
P000209,Nadeem Rahman,Nadeem,Rahman,Chikna Nadeem,M,1996-01-09,30,muslim,Bihar,Patna,Kadamkuan,LOC000035,,CRIMINAL,TECH_HANDLER,ORG000003,SYN-CYB,49,0.573,ON_BAIL,2021,2,1,,NIC-VOSKK9OF0,TOWER_DUMP,B,6,1
P000210,Haroon Idrisi,Haroon,Idrisi,,M,1975-06-14,51,muslim,Uttar Pradesh,Ghaziabad,Loni,LOC000026,,CRIMINAL,FIELD_OPERATIVE,ORG000003,SYN-CYB,49,0.258,DECLARED_PO,2018,0,0,,NIC-JA0CC46C1,TOWER_DUMP,B,4,1
P000211,Imran Baig,Imran,Baig,Dada Imran,M,1986-04-05,40,muslim,Karnataka,Bengaluru,KG Halli,LOC000099,,CRIMINAL,TECH_HANDLER,ORG000003,SYN-CYB,56,0.55,ON_BAIL,2024,2,1,,NIC-TK3B33IZL,PASSPORT_IMMIGRATION,D,3,1
P000212,Mousumi Sen,Mousumi,Sen,Bandook,F,1987-05-23,39,bengali,Jharkhand,Dhanbad,Jharia,LOC000044,,CRIMINAL,LOGISTICS,ORG000003,SYN-CYB,64,0.48,ON_BAIL,2023,4,0,,NIC-VD6XDHYX3,INFORMANT_TIP,A,2,1
P000213,Ajay Tiwari,Ajay,Tiwari,,M,1994-02-21,32,hindi_belt,Haryana,Gurugram,Sohna,LOC000061,,CRIMINAL,MULE,ORG000003,SYN-CYB,30,0.087,ON_BAIL,2013,2,0,,NIC-NOUWR61RD,CDR,B,2,1
P000214,Subhas Dutta,Subhas,Dutta,,M,1983-11-23,42,bengali,West Bengal,North 24 Parganas,Bongaon,LOC000051,,CRIMINAL,MULE,ORG000003,SYN-CYB,40,0.091,AT_LARGE,2014,1,0,,NIC-M3FFZLSEG,BANK_STATEMENT,B,3,1
P000215,Udaiveer Yadav,Udaiveer,Yadav,Udaiveer Raja,M,2003-09-05,22,hindi_belt,Haryana,Hisar,Barwala,LOC000063,,CRIMINAL,MULE,ORG000003,SYN-CYB,30,0.066,ON_BAIL,2025,3,0,,NIC-MEBO7V0VU,IPDR,C,3,1
P000216,Firoz Ahmed,Firoz,Ahmed,,M,1976-04-16,50,muslim,Bihar,Purnia,Khajanchi Hat,LOC000041,,CRIMINAL,RECRUITER,ORG000003,SYN-CYB,59,0.549,UNDER_SURVEILLANCE,2018,1,0,,NIC-DJWS3KK8S,BANK_STATEMENT,F,4,1
P000217,Vinod Sharma,Vinod,Sharma,Anna Vinod,M,1968-08-09,57,hindi_belt,Haryana,Faridabad,Ballabgarh,LOC000064,,CRIMINAL,MULE,ORG000003,SYN-CYB,26,0.085,UNDER_SURVEILLANCE,2000,3,0,,NIC-WJX28K8TH,FIR,B,3,1
P000218,Haroon Baig,Haroon,Baig,,M,2001-12-10,24,muslim,Delhi,New Delhi,Nangloi,LOC000020,,CRIMINAL,TECH_HANDLER,ORG000003,SYN-CYB,60,0.468,IN_JUDICIAL_CUSTODY,2020,2,0,,NIC-J2VH4CI9H,SOCIAL_MEDIA_INTEL,A,3,1
P000219,Jagdish Tomar,Jagdish,Tomar,Jagdish Kabootar,M,1993-04-26,33,hindi_belt,Bihar,Siwan,Mahadeva,LOC000039,,CRIMINAL,LIEUTENANT,ORG000003,SYN-CYB,80,0.784,IN_JUDICIAL_CUSTODY,2020,1,0,,NIC-F6ZM5U6DX,INTELLIGENCE_REPORT,A,4,1
P000220,Yogendra Gupta,Yogendra,Gupta,,M,1995-02-07,31,hindi_belt,West Bengal,Nadia,Karimpur,LOC000053,,CRIMINAL,MULE,ORG000003,SYN-CYB,38,0.087,EXTRADITION_PENDING,2019,2,0,,NIC-02SK10IFJ,SURVEILLANCE_REPORT,B,6,1
P000221,Triloki Solanki,Triloki,Solanki,Sarkar Triloki,M,1960-07-21,65,hindi_belt,West Bengal,Kolkata,Metiabruz,LOC000047,,CRIMINAL,MULE,ORG000003,SYN-CYB,23,0.082,AT_LARGE,2010,1,0,,NIC-IMLYS95CT,INFORMANT_TIP,B,3,1
P000222,Prakash Srivastava,Prakash,Srivastava,,M,1990-02-21,36,hindi_belt,Uttar Pradesh,Azamgarh,Sarai Mir,LOC000033,,CRIMINAL,COURIER,ORG000003,SYN-CYB,51,0.175,DECEASED,2021,0,0,,NIC-5PBHR5EX4,INFORMANT_TIP,B,2,1
P000223,Har Prasad Yadav,Har Prasad,Yadav,Chhota,M,1970-10-02,55,hindi_belt,Karnataka,Mangaluru,Ullal,LOC000101,,CRIMINAL,TECH_HANDLER,ORG000003,SYN-CYB,49,0.379,ON_BAIL,2020,2,0,,NIC-DRX0WDSS7,SEIZURE_MEMO,E,3,1
P000224,Sunil Bhardwaj,Sunil,Bhardwaj,Cheetah Sunil,M,2003-05-09,23,hindi_belt,Haryana,Sonipat,Gohana,LOC000062,,CRIMINAL,FIELD_OPERATIVE,ORG000003,SYN-CYB,58,0.218,DECLARED_PO,2020,1,0,,NIC-I7SX50VKG,SURVEILLANCE_REPORT,A,2,1
P000225,Arindam Gayen,Arindam,Gayen,Arindam Bhai,M,1967-07-15,58,bengali,Uttar Pradesh,Muzaffarnagar,Kutba,LOC000031,,CRIMINAL,COURIER,ORG000003,SYN-CYB,32,0.179,ABSCONDING,2023,1,0,,NIC-TXI27VLTB,CHARGESHEET,D,2,1
P000226,Debashish Roy,Debashish,Roy,Debashish Doctor,M,1987-12-25,38,bengali,Bihar,Patna,Kadamkuan,LOC000035,,CRIMINAL,MULE,ORG000003,SYN-CYB,40,0.087,DECLARED_PO,2006,2,0,,NIC-CMGC6D4HQ,FIR,A,3,1
P000227,Pradip Biswas,Pradip,Biswas,,M,1961-02-05,65,bengali,Uttar Pradesh,Varanasi,Chetganj,LOC000028,,CRIMINAL,RECRUITER,ORG000003,SYN-CYB,71,0.581,AT_LARGE,2005,2,0,,NIC-WWK6P6EGA,TOWER_DUMP,B,2,1
P000228,Rupa Roy,Rupa,Roy,Bada,F,1983-12-19,42,bengali,Delhi,New Delhi,Paharganj,LOC000022,,CRIMINAL,INFORMANT,ORG000003,SYN-CYB,25,0.224,IN_JUDICIAL_CUSTODY,2023,3,0,,NIC-Y1N6O0HUH,IPDR,A,1,1
P000229,Abdul Sheikh,Abdul,Sheikh,Abdul Cheetah,M,1967-07-10,58,muslim,Haryana,Hisar,Barwala,LOC000063,,CRIMINAL,LIEUTENANT,ORG000003,SYN-CYB,86,0.784,IN_JUDICIAL_CUSTODY,1999,2,0,,NIC-90S1ME4XL,FIR,F,3,1
P000230,Tapan Sarkar,Tapan,Sarkar,,M,1985-12-19,40,bengali,Bihar,Gaya,Chandauti,LOC000038,,CRIMINAL,MULE,ORG000003,SYN-CYB,18,0.091,ABSCONDING,2023,1,0,,NIC-KEXMVMZHO,INTELLIGENCE_REPORT,C,2,1
P000231,Swapan Bose,Swapan,Bose,Pehalwan,M,1998-07-16,27,bengali,West Bengal,Siliguri,Matigara,LOC000052,,CRIMINAL,TECH_HANDLER,ORG000003,SYN-CYB,61,0.346,ABSCONDING,2023,2,0,,NIC-55OIBGDE5,SEIZURE_MEMO,A,1,1
P000232,Netrapal Singh,Netrapal,Singh,,M,2002-09-25,23,hindi_belt,Karnataka,Bengaluru,KG Halli,LOC000099,,CRIMINAL,TECH_HANDLER,ORG000003,SYN-CYB,60,0.357,IN_JUDICIAL_CUSTODY,2019,1,0,,NIC-556Q8V88B,PASSPORT_IMMIGRATION,A,2,1
P000233,Naseer Saifi,Naseer,Saifi,,M,1971-09-22,54,muslim,Jharkhand,Jamtara,Karmatanr,LOC000042,,CRIMINAL,FIELD_OPERATIVE,ORG000003,SYN-CYB,54,0.22,ON_BAIL,2001,0,0,,NIC-1ITY5H598,INFORMANT_TIP,B,3,1
P000234,Faizan Shaikh,Faizan,Shaikh,Faizan Pappu,M,1978-06-02,48,muslim,Delhi,New Delhi,Nangloi,LOC000020,,CRIMINAL,FIELD_OPERATIVE,ORG000003,SYN-CYB,36,0.236,IN_JUDICIAL_CUSTODY,2016,3,0,,NIC-BVYG1WW0W,FIR,C,2,1
P000235,Dinesh Baghel,Dinesh,Baghel,Kabootar Dinesh,M,1981-03-01,45,hindi_belt,Haryana,Nuh,Punhana,LOC000060,,CRIMINAL,MULE,ORG000003,SYN-CYB,32,0.078,ABSCONDING,2000,0,0,,NIC-60RB4BUYY,CRIMINAL_HISTORY_DB,C,4,1
P000236,Shyamlal Rajput,Shyamlal,Rajput,,M,1970-10-10,55,hindi_belt,Karnataka,Mangaluru,Ullal,LOC000101,,CRIMINAL,MULE,ORG000003,SYN-CYB,26,0.071,ON_BAIL,2023,1,0,,NIC-E8NSQDTZO,INFORMANT_TIP,C,1,1
P000237,Tapan Sardar,Tapan,Sardar,,M,1990-07-07,35,bengali,Karnataka,Ballari,Sandur,LOC000103,,CRIMINAL,MULE,ORG000003,SYN-CYB,26,0.084,AT_LARGE,2023,1,0,,NIC-T6T18UM0Z,SOCIAL_MEDIA_INTEL,C,2,1
P000238,Girdhari Baghel,Girdhari,Baghel,,M,1991-04-22,35,hindi_belt,Bihar,Siwan,Mahadeva,LOC000039,,CRIMINAL,COURIER,ORG000003,SYN-CYB,53,0.165,IN_JUDICIAL_CUSTODY,2020,4,0,,NIC-81D7MX3JP,BANK_STATEMENT,C,4,1
P000239,Kuldeep Rathore,Kuldeep,Rathore,Kuldeep Pehalwan,M,2001-03-09,25,hindi_belt,Karnataka,Mangaluru,Ullal,LOC000101,,CRIMINAL,MULE,ORG000003,SYN-CYB,36,0.07,DECLARED_PO,2021,2,0,,NIC-BPT35911C,SURVEILLANCE_REPORT,A,1,1
P000240,Javed Ansari,Javed,Ansari,Tempo,M,1961-01-03,65,muslim,Uttar Pradesh,Prayagraj,Dhoomanganj,LOC000030,,CRIMINAL,MULE,ORG000003,SYN-CYB,25,0.093,ON_BAIL,2025,1,0,,NIC-XFZIPH6H7,SEIZURE_MEMO,D,5,1
P000241,Shakeel Zaidi,Shakeel,Zaidi,,M,1981-10-24,44,muslim,Jharkhand,Dhanbad,Jharia,LOC000044,,CRIMINAL,FIELD_OPERATIVE,ORG000003,SYN-CYB,59,0.272,IN_JUDICIAL_CUSTODY,2014,0,0,,NIC-1NJGLNR20,SOCIAL_MEDIA_INTEL,D,1,1
P000242,Pradeep Maurya,Pradeep,Maurya,,M,1977-03-12,49,hindi_belt,Uttar Pradesh,Ghaziabad,Loni,LOC000026,,CRIMINAL,RECRUITER,ORG000003,SYN-CYB,63,0.558,UNDER_SURVEILLANCE,2003,2,0,,NIC-BCDPQ9YTX,PASSPORT_IMMIGRATION,C,3,1
P000243,Reshma Hussain,Reshma,Hussain,,F,1975-05-07,51,muslim,Haryana,Nuh,Punhana,LOC000060,,CRIMINAL,LIEUTENANT,ORG000003,SYN-CYB,77,0.838,AT_LARGE,2012,3,0,,NIC-0CRF540V1,CDR,D,3,1
P000244,Altaf Baig,Altaf,Baig,Raja Altaf,M,1989-12-01,36,muslim,Uttar Pradesh,Varanasi,Chetganj,LOC000028,,CRIMINAL,TECH_HANDLER,ORG000003,SYN-CYB,69,0.392,ABSCONDING,2025,4,0,,NIC-IAZMTUFHK,SURVEILLANCE_REPORT,C,5,1
P000245,Kartik Adhikari,Kartik,Adhikari,Kartik Lambu,M,1968-05-06,58,bengali,West Bengal,Nadia,Karimpur,LOC000053,,CRIMINAL,TECH_HANDLER,ORG000003,SYN-CYB,66,0.577,DECEASED,1998,4,1,,NIC-0XLZYOBB9,SEIZURE_MEMO,C,2,1
P000246,Sunil Sharma,Sunil,Sharma,Sunil Nanha,M,1987-10-09,38,hindi_belt,West Bengal,North 24 Parganas,Bongaon,LOC000051,,CRIMINAL,RECRUITER,ORG000003,SYN-CYB,52,0.512,AT_LARGE,2015,1,0,,NIC-A7135HONM,PASSPORT_IMMIGRATION,B,3,1
P000247,Deepak Nagar,Deepak,Nagar,Langda,M,1986-03-14,40,hindi_belt,Uttar Pradesh,Ghaziabad,Loni,LOC000026,,CRIMINAL,FIELD_OPERATIVE,ORG000003,SYN-CYB,44,0.261,ABSCONDING,2015,0,0,,NIC-PX3FA4IUZ,SEIZURE_MEMO,B,2,1
P000248,Afsana Ansari,Afsana,Ansari,,F,1975-08-12,50,muslim,Jharkhand,Dhanbad,Jharia,LOC000044,,CRIMINAL,TECH_HANDLER,ORG000003,SYN-CYB,64,0.467,ON_BAIL,2001,2,0,,NIC-CAQ6YTZXI,TOWER_DUMP,A,1,1
P000249,Firoz Sheikh,Firoz,Sheikh,Doctor,M,1987-03-09,39,muslim,Haryana,Faridabad,Ballabgarh,LOC000064,,CRIMINAL,MULE,ORG000003,SYN-CYB,18,0.091,ON_BAIL,2007,4,0,,NIC-RX1SQQ7U1,BANK_STATEMENT,B,6,1
P000250,Palash Ghosh,Palash,Ghosh,Palash Kallu,M,1963-04-06,63,bengali,Bihar,Munger,Kasim Bazaar,LOC000036,,CRIMINAL,FIELD_OPERATIVE,ORG000003,SYN-CYB,37,0.244,AT_LARGE,1998,2,0,,NIC-5C2W9535H,CHARGESHEET,D,1,1
P000251,Javed Chaudhary,Javed,Chaudhary,Master,M,1996-11-19,29,muslim,Karnataka,Mangaluru,Ullal,LOC000101,,CRIMINAL,MULE,ORG000003,SYN-CYB,21,0.088,ON_BAIL,2017,0,0,,NIC-L0EP5GVBS,SEIZURE_MEMO,F,1,1
P000252,Anil Yadav,Anil,Yadav,,M,2002-08-15,23,hindi_belt,Jharkhand,Ranchi,Hatia,LOC000045,,CRIMINAL,FENCE,ORG000003,SYN-CYB,60,0.31,AT_LARGE,2024,2,0,,NIC-AVC2UINDS,CRIMINAL_HISTORY_DB,D,3,1
P000253,Ibrahim Shaikh,Ibrahim,Shaikh,,M,1973-03-13,53,muslim,Jharkhand,Jamtara,Karmatanr,LOC000042,,CRIMINAL,HAWALA_OPERATOR,ORG000003,SYN-CYB,69,0.838,IN_JUDICIAL_CUSTODY,2024,2,0,,NIC-JHT51TIWG,CRIMINAL_HISTORY_DB,C,3,1
P000254,Wasim Sheikh,Wasim,Sheikh,,M,1983-10-06,42,muslim,Karnataka,Kalaburagi,Afzalpur,LOC000102,,CRIMINAL,FIELD_OPERATIVE,ORG000003,SYN-CYB,62,0.213,ON_BAIL,2024,2,0,,NIC-6V3OJ577F,SOCIAL_MEDIA_INTEL,B,1,1
P000255,Lekhraj Dixit,Lekhraj,Dixit,Lekhraj Anna,M,1993-07-10,32,hindi_belt,Haryana,Gurugram,Sohna,LOC000061,,CRIMINAL,TECH_HANDLER,ORG000003,SYN-CYB,63,0.402,AT_LARGE,2023,4,0,,NIC-610G3QWQF,PASSPORT_IMMIGRATION,C,1,1
P000256,Mahesh Verma,Mahesh,Verma,Munna Mahesh,M,1979-06-19,47,hindi_belt,West Bengal,Siliguri,Matigara,LOC000052,,CRIMINAL,FENCE,ORG000003,SYN-CYB,63,0.333,ON_BAIL,2001,2,0,,NIC-VLNLFQG18,FIR,A,1,1
P000257,Sarfaraz Zaidi,Sarfaraz,Zaidi,Sarkar Sarfaraz,M,1979-10-27,46,muslim,Uttar Pradesh,Prayagraj,Dhoomanganj,LOC000030,,CRIMINAL,LIEUTENANT,ORG000003,SYN-CYB,91,0.85,AT_LARGE,2016,1,0,,NIC-TFIIAMHBM,FIR,B,3,1
P000258,Subhas Roy,Subhas,Roy,Subhas Chhota,M,1989-03-16,37,bengali,Jharkhand,Dhanbad,Jharia,LOC000044,,CRIMINAL,TECH_HANDLER,ORG000003,SYN-CYB,58,0.434,DECEASED,2018,3,0,,NIC-254B2PMSZ,FIR,B,1,1
P000259,Rizwan Baig,Rizwan,Baig,Baba Rizwan,M,1991-07-16,34,muslim,Haryana,Nuh,Punhana,LOC000060,,CRIMINAL,TECH_HANDLER,ORG000003,SYN-CYB,61,0.458,AT_LARGE,2022,2,0,,NIC-5OD7B1U9E,SOCIAL_MEDIA_INTEL,D,2,1
P000260,Gautam Adhikari,Gautam,Adhikari,Gautam Master,M,1961-03-10,65,bengali,Uttar Pradesh,Gorakhpur,Rajghat,LOC000029,,CRIMINAL,FIELD_OPERATIVE,ORG000003,SYN-CYB,47,0.225,ABSCONDING,1998,0,0,,NIC-V3ISY0X4K,INFORMANT_TIP,B,3,1
P000261,Sunil Shukla,Sunil,Shukla,Sunil Bhai,M,1986-08-10,39,hindi_belt,West Bengal,Kolkata,Metiabruz,LOC000047,,CRIMINAL,TECH_HANDLER,ORG000003,SYN-CYB,52,0.38,ON_BAIL,2009,2,0,,NIC-QWKL6CEV1,CDR,C,1,1
P000262,Ibrahim Ansari,Ibrahim,Ansari,Ibrahim Anna,M,1977-03-23,49,muslim,Karnataka,Ballari,Sandur,LOC000103,,CRIMINAL,COURIER,ORG000003,SYN-CYB,46,0.208,IN_JUDICIAL_CUSTODY,2025,2,0,,NIC-23HGG9C6G,BANK_STATEMENT,C,4,1
P000263,Palash Sen,Palash,Sen,Palash Kabootar,M,1966-03-21,60,bengali,West Bengal,Siliguri,Matigara,LOC000052,,CRIMINAL,FIELD_OPERATIVE,ORG000003,SYN-CYB,58,0.223,ON_BAIL,2007,5,0,,NIC-0AP4VS6KF,SOCIAL_MEDIA_INTEL,B,4,1
P000264,Girdhari Prajapati,Girdhari,Prajapati,,M,1968-07-14,57,hindi_belt,Karnataka,Bengaluru,Yeshwanthpur,LOC000100,,CRIMINAL,MULE,ORG000003,SYN-CYB,28,0.093,IN_JUDICIAL_CUSTODY,2001,4,0,,NIC-7XB2JA7EF,CRIMINAL_HISTORY_DB,B,6,1
P000265,Mushtaq Siddiqui,Mushtaq,Siddiqui,,M,2000-12-26,25,muslim,Delhi,New Delhi,Chandni Chowk,LOC000015,,CRIMINAL,INFORMANT,ORG000003,SYN-CYB,41,0.234,ON_BAIL,2023,3,0,,NIC-0Z9TUWAR7,INFORMANT_TIP,E,3,1
P000266,Nepal Adhikari,Nepal,Adhikari,,M,2001-07-25,24,bengali,Uttar Pradesh,Varanasi,Chetganj,LOC000028,,CRIMINAL,RECRUITER,ORG000003,SYN-CYB,54,0.425,AT_LARGE,2019,0,0,,NIC-8VYI78SNF,TOWER_DUMP,C,3,1
P000267,Sanjib Dutta,Sanjib,Dutta,,M,1992-02-24,34,bengali,Uttar Pradesh,Gorakhpur,Rajghat,LOC000029,,CRIMINAL,FIELD_OPERATIVE,ORG000003,SYN-CYB,38,0.228,UNDER_SURVEILLANCE,2025,1,0,,NIC-6WHDH2TA3,CRIMINAL_HISTORY_DB,F,4,1
P000268,Deepak Sengar,Deepak,Sengar,Deepak Tinku,M,2003-03-23,23,hindi_belt,Karnataka,Ballari,Sandur,LOC000103,,CRIMINAL,LIEUTENANT,ORG000003,SYN-CYB,84,0.805,IN_JUDICIAL_CUSTODY,2020,1,0,,NIC-MX3GJ10FF,FIR,B,1,1
P000269,Sajid Farooqui,Sajid,Farooqui,Sajid Gullu,M,1976-10-16,49,muslim,Delhi,New Delhi,Sangam Vihar,LOC000021,,CRIMINAL,LOGISTICS,ORG000003,SYN-CYB,65,0.523,AT_LARGE,2011,1,0,,NIC-0KJ6I53I6,TOWER_DUMP,A,2,1
P000270,Bhupendra Awasthi,Bhupendra,Awasthi,Bhupendra Chhota,M,1986-02-04,40,hindi_belt,Jharkhand,Giridih,Bengabad,LOC000046,,CRIMINAL,MULE,ORG000003,SYN-CYB,26,0.069,AT_LARGE,2011,0,0,,NIC-TXTS5BJJ0,FIR,E,2,1
P000271,Ranjan Gayen,Ranjan,Gayen,Bandook,M,1962-07-16,63,bengali,Haryana,Nuh,Punhana,LOC000060,,CRIMINAL,FIELD_OPERATIVE,ORG000003,SYN-CYB,54,0.239,AT_LARGE,2008,3,0,,NIC-II6322JUF,PASSPORT_IMMIGRATION,C,3,1
P000272,Abdul Saifi,Abdul,Saifi,Chacha Abdul,M,2001-02-06,25,muslim,Uttar Pradesh,Noida,Sector 63,LOC000027,,CRIMINAL,RECRUITER,ORG000003,SYN-CYB,70,0.537,ON_BAIL,2018,2,0,,NIC-9H9FM8D7M,PASSPORT_IMMIGRATION,B,4,1
P000273,Sukumar Chakraborty,Sukumar,Chakraborty,Munna,M,1975-12-27,50,bengali,Karnataka,Bengaluru,Yeshwanthpur,LOC000100,,CRIMINAL,MULE,ORG000003,SYN-CYB,33,0.075,ON_BAIL,1999,1,0,,NIC-C5BV1L0B7,CRIMINAL_HISTORY_DB,B,1,1
P000274,Anwar Sheikh,Anwar,Sheikh,Anwar Bhai,M,1986-11-06,39,muslim,Bihar,Muzaffarpur,Mithanpura,LOC000037,,CRIMINAL,MULE,ORG000003,SYN-CYB,16,0.086,ON_BAIL,2021,0,0,,NIC-TYGUJ0UQY,CDR,A,2,1
P000275,Arif Shaikh,Arif,Shaikh,Chikna Arif,M,1963-06-15,63,muslim,Jharkhand,Dhanbad,Jharia,LOC000044,,CRIMINAL,MULE,ORG000003,SYN-CYB,32,0.084,DECLARED_PO,2002,2,0,,NIC-BR9GP9IT0,IPDR,A,3,1
P000276,Sunil Rajput,Sunil,Rajput,Cheetah Sunil,M,1987-09-15,38,hindi_belt,Bihar,Siwan,Mahadeva,LOC000039,,CRIMINAL,MULE,ORG000003,SYN-CYB,16,0.083,ABSCONDING,2008,3,0,,NIC-KAD4RQYWN,INFORMANT_TIP,D,2,1
P000277,Rupa Naskar,Rupa,Naskar,,F,1968-12-18,57,bengali,Uttar Pradesh,Kanpur,Chakeri,LOC000024,,CRIMINAL,FIELD_OPERATIVE,ORG000003,SYN-CYB,52,0.224,UNDER_SURVEILLANCE,1996,3,0,,NIC-6UVQ2RPUV,SURVEILLANCE_REPORT,B,3,1
P000278,Ramesh Shukla,Ramesh,Shukla,Doctor Ramesh,M,1960-11-06,65,hindi_belt,West Bengal,Kolkata,Metiabruz,LOC000047,,CRIMINAL,TECH_HANDLER,ORG000003,SYN-CYB,58,0.438,DECLARED_PO,2020,3,0,,NIC-8FE8B2HWY,INFORMANT_TIP,B,1,1
P000279,Bhupendra Awasthi,Bhupendra,Awasthi,,M,1960-04-24,66,hindi_belt,Bihar,Gaya,Chandauti,LOC000038,Myanmar,CRIMINAL,FINANCIER,ORG000003,SYN-CYB,86,0.712,EXTRADITION_PENDING,2002,3,0,,NIC-FTOO5XCR5,CHARGESHEET,C,2,1
P000280,Ashim Sardar,Ashim,Sardar,,M,1970-09-07,55,bengali,Delhi,New Delhi,Paharganj,LOC000022,,CRIMINAL,MULE,ORG000003,SYN-CYB,36,0.085,ABSCONDING,2018,1,0,,NIC-LEIEIQO7R,SURVEILLANCE_REPORT,D,1,1
P000281,Subhas Adhikari,Subhas,Adhikari,,M,2001-11-21,24,bengali,Jharkhand,Ranchi,Hatia,LOC000045,,CRIMINAL,FIXER,ORG000003,SYN-CYB,56,0.562,ON_BAIL,2023,2,0,,NIC-0RH735X7C,CHARGESHEET,B,2,1
P000282,Farida Rahman,Farida,Rahman,Farida Langda,F,1961-12-08,64,muslim,Jharkhand,Giridih,Bengabad,LOC000046,,CRIMINAL,MULE,ORG000003,SYN-CYB,37,0.071,DECLARED_PO,2006,2,0,,NIC-VTEGB41BV,SOCIAL_MEDIA_INTEL,B,2,1
P000283,Shakeel Sheikh,Shakeel,Sheikh,,M,1999-08-25,26,muslim,Karnataka,Ballari,Sandur,LOC000103,,CRIMINAL,TECH_HANDLER,ORG000003,SYN-CYB,48,0.411,AT_LARGE,2016,1,0,,NIC-FDCYUEID2,FIR,B,3,1
P000284,Deepak Baghel,Deepak,Baghel,Baba Deepak,M,1966-10-25,59,hindi_belt,West Bengal,Murshidabad,Jalangi,LOC000050,,CRIMINAL,RECRUITER,ORG000003,SYN-CYB,61,0.522,ON_BAIL,1996,2,0,,NIC-3Y31GVB37,CRIMINAL_HISTORY_DB,C,1,1
P000285,Vijay Dixit,Vijay,Dixit,,M,2000-09-09,25,hindi_belt,Delhi,New Delhi,Jamia Nagar,LOC000017,Thailand,CRIMINAL,FINANCIER,ORG000003,SYN-CYB,88,0.665,ABSCONDING,2018,1,0,,NIC-ICDIT16WT,INFORMANT_TIP,D,4,1
P000286,Gautam Mondal,Gautam,Mondal,,M,1963-04-17,63,bengali,Delhi,New Delhi,Jamia Nagar,LOC000017,,CRIMINAL,MULE,ORG000003,SYN-CYB,32,0.078,IN_JUDICIAL_CUSTODY,2005,3,0,,NIC-MMMEVM43V,INFORMANT_TIP,C,2,1
P000287,Mahesh Maurya,Mahesh,Maurya,Mahesh Doctor,M,2000-04-23,26,hindi_belt,Bihar,Patna,Kadamkuan,LOC000035,,CRIMINAL,FIELD_OPERATIVE,ORG000003,SYN-CYB,49,0.271,IN_JUDICIAL_CUSTODY,2020,1,0,,NIC-VYNZLAXAE,CRIMINAL_HISTORY_DB,A,1,1
P000288,Gautam Ghosh,Gautam,Ghosh,Langda,M,1972-05-06,54,bengali,Jharkhand,Deoghar,Sarwan,LOC000043,Myanmar,CRIMINAL,KINGPIN,ORG000003,SYN-CYB,99,0.884,ABSCONDING,2021,0,0,,NIC-BLQGBIYHV,SURVEILLANCE_REPORT,B,2,1
P000289,Netrapal Dixit,Netrapal,Dixit,,M,1964-02-05,62,hindi_belt,West Bengal,Siliguri,Matigara,LOC000052,,CRIMINAL,MULE,ORG000003,SYN-CYB,19,0.071,DECLARED_PO,2016,0,0,,NIC-YXU1PCM8S,PASSPORT_IMMIGRATION,A,2,1
P000290,Alpesh Shah,Alpesh,Shah,Kabootar Alpesh,M,1981-10-21,44,gujarati,Kerala,Malappuram,Tirur,LOC000105,,CRIMINAL,COURIER,ORG000004,SYN-HAW,55,0.173,IN_JUDICIAL_CUSTODY,2025,7,0,,NIC-YNZE8YM4G,CRIMINAL_HISTORY_DB,C,2,1
P000291,Manoj Menon,Manoj,Menon,Guddu,M,1998-08-01,27,malayali,West Bengal,Siliguri,Matigara,LOC000052,,CRIMINAL,FIELD_OPERATIVE,ORG000004,SYN-HAW,46,0.231,AT_LARGE,2020,7,0,,NIC-OS7E3DX7A,BANK_STATEMENT,B,5,1
P000292,Wasim Mansuri,Wasim,Mansuri,Baba,M,1984-04-05,42,muslim,Telangana,Hyderabad,Charminar,LOC000083,,CRIMINAL,MULE,ORG000004,SYN-HAW,21,0.079,ON_BAIL,2007,5,0,,NIC-TM63RMAJ2,CDR,D,3,1
P000293,Har Prasad Sharma,Har Prasad,Sharma,,M,1978-11-15,47,hindi_belt,Telangana,Hyderabad,Charminar,LOC000083,,CRIMINAL,FIELD_OPERATIVE,ORG000004,SYN-HAW,57,0.269,ABSCONDING,2008,6,0,,NIC-TZL0PL13Y,SEIZURE_MEMO,A,3,1
P000294,Sarfaraz Pathan,Sarfaraz,Pathan,,M,1994-05-22,32,muslim,Maharashtra,Nagpur,Kamptee,LOC000011,,CRIMINAL,RECRUITER,ORG000004,SYN-HAW,50,0.54,AT_LARGE,2015,7,0,,NIC-N509HXEG6,PASSPORT_IMMIGRATION,D,2,1
P000295,Imran Saifi,Imran,Saifi,Imran Gullu,M,1985-04-13,41,muslim,Gujarat,Kutch,Mundra,LOC000073,,CRIMINAL,LIEUTENANT,ORG000004,SYN-HAW,73,0.695,DECLARED_PO,2006,5,0,,NIC-353EF9P2I,IPDR,D,4,1
P000296,Salim Baig,Salim,Baig,,M,1970-02-22,56,muslim,Telangana,Warangal,Hanamkonda,LOC000086,,CRIMINAL,LIEUTENANT,ORG000004,SYN-HAW,72,0.7,IN_JUDICIAL_CUSTODY,1999,3,0,,NIC-WLNC8N2D7,SEIZURE_MEMO,C,3,1
P000297,Divyesh Patel,Divyesh,Patel,Divyesh Bhai,M,1972-04-12,54,gujarati,Delhi,New Delhi,Sangam Vihar,LOC000021,,CRIMINAL,MULE,ORG000004,SYN-HAW,22,0.094,ON_BAIL,2013,3,0,,NIC-VMEOGKKC0,TOWER_DUMP,A,2,1
P000298,Baiju Marar,Baiju,Marar,Baiju Tinku,M,1973-02-12,53,malayali,Delhi,New Delhi,Karol Bagh,LOC000018,,CRIMINAL,TECH_HANDLER,ORG000004,SYN-HAW,55,0.33,ABSCONDING,1999,7,0,,NIC-N3OERXCEN,INTELLIGENCE_REPORT,B,3,1
P000299,Vinayakan Joseph,Vinayakan,Joseph,Sarkar,M,2003-12-05,22,malayali,Telangana,Warangal,Hanamkonda,LOC000086,,CRIMINAL,COURIER,ORG000004,SYN-HAW,40,0.168,ON_BAIL,2019,5,0,,NIC-4EVB2Y6O6,INFORMANT_TIP,C,1,1
P000300,Haroon Idrisi,Haroon,Idrisi,Haroon Chhota,M,1999-02-02,27,muslim,West Bengal,Kolkata,Rajabazar,LOC000048,,CRIMINAL,FENCE,ORG000004,SYN-HAW,44,0.287,ABSCONDING,2019,6,0,,NIC-CP2VIRUC7,PASSPORT_IMMIGRATION,F,3,1
P000301,Jayan Joseph,Jayan,Joseph,,M,1994-01-22,32,malayali,Kerala,Malappuram,Tirur,LOC000105,,CRIMINAL,FIXER,ORG000004,SYN-HAW,62,0.642,UNDER_SURVEILLANCE,2014,4,0,,NIC-OY7UL2AE5,CDR,E,1,1
P000302,Biju Thomas,Biju,Thomas,Biju Chikna,M,1987-12-15,38,malayali,Tamil Nadu,Chennai,Vyasarpadi,LOC000093,,CRIMINAL,MULE,ORG000004,SYN-HAW,24,0.071,ON_BAIL,2016,3,0,,NIC-PTS2MR4FX,INTELLIGENCE_REPORT,B,2,1
P000303,Balbir Yadav,Balbir,Yadav,Balbir Kaka,M,1987-02-25,39,hindi_belt,West Bengal,Murshidabad,Jalangi,LOC000050,,CRIMINAL,MULE,ORG000004,SYN-HAW,24,0.071,UNDER_SURVEILLANCE,2007,4,0,,NIC-Y3T3SY94E,CRIMINAL_HISTORY_DB,A,2,1
P000304,Afsana Malik,Afsana,Malik,,F,1986-07-24,39,muslim,Gujarat,Porbandar,Kutiyana,LOC000074,Malaysia,CRIMINAL,HAWALA_OPERATOR,ORG000004,SYN-HAW,69,0.743,DECLARED_PO,2013,5,0,,NIC-0CHYKM1QW,TOWER_DUMP,C,3,1
P000305,Manoj Chauhan,Manoj,Chauhan,,M,1983-11-23,42,hindi_belt,Gujarat,Ahmedabad,Juhapura,LOC000071,,CRIMINAL,LIEUTENANT,ORG000004,SYN-HAW,72,0.842,ON_BAIL,2021,4,0,,NIC-Q3JQPKAHF,SEIZURE_MEMO,C,2,1
P000306,Nadeem Idrisi,Nadeem,Idrisi,,M,1976-12-10,49,muslim,Kerala,Thrissur,Chavakkad,LOC000107,,CRIMINAL,FIELD_OPERATIVE,ORG000004,SYN-HAW,67,0.264,DECLARED_PO,2001,2,0,,NIC-YT0FGWJRN,CHARGESHEET,B,2,1
P000307,Ibrahim Idrisi,Ibrahim,Idrisi,Ibrahim Sarkar,M,2001-05-24,25,muslim,Tamil Nadu,Coimbatore,Ukkadam,LOC000096,,CRIMINAL,MULE,ORG000004,SYN-HAW,28,0.069,EXTRADITION_PENDING,2021,5,0,,NIC-5L6H2NLMD,CHARGESHEET,A,4,1
P000308,Netrapal Singh,Netrapal,Singh,Netrapal Tinku,M,1970-02-10,56,hindi_belt,West Bengal,Siliguri,Matigara,LOC000052,,CRIMINAL,FIELD_OPERATIVE,ORG000004,SYN-HAW,40,0.208,ON_BAIL,2008,2,0,,NIC-P45GADRAC,CDR,B,4,1
P000309,Jignesh Thakor,Jignesh,Thakor,,M,1981-06-22,45,gujarati,Tamil Nadu,Coimbatore,Ukkadam,LOC000096,,CRIMINAL,RECRUITER,ORG000004,SYN-HAW,58,0.557,AT_LARGE,2001,7,0,,NIC-XZYDWVGA3,CHARGESHEET,B,4,1
P000310,Anwar Alam,Anwar,Alam,Bhai Anwar,M,1999-11-22,26,muslim,Maharashtra,Navi Mumbai,Vashi,LOC000008,,CRIMINAL,MULE,ORG000004,SYN-HAW,30,0.094,UNDER_SURVEILLANCE,2021,1,0,,NIC-UBXCU2O5Z,CHARGESHEET,C,1,1
P000311,Naresh Nagar,Naresh,Nagar,,M,1998-04-23,28,hindi_belt,Gujarat,Kutch,Mundra,LOC000073,,CRIMINAL,FIELD_OPERATIVE,ORG000004,SYN-HAW,44,0.284,AT_LARGE,2022,5,0,,NIC-6CI5FT93K,IPDR,E,3,1
P000312,Anoop Kurup,Anoop,Kurup,Baba Anoop,M,1961-03-11,65,malayali,Gujarat,Vadodara,Karelibaug,LOC000076,,CRIMINAL,HAWALA_OPERATOR,ORG000004,SYN-HAW,84,0.934,IN_JUDICIAL_CUSTODY,2019,5,1,,NIC-HI85FVOEV,INTELLIGENCE_REPORT,E,3,1
P000313,Sanjay Rathore,Sanjay,Rathore,,M,1965-02-03,61,hindi_belt,Delhi,New Delhi,Najafgarh,LOC000019,,CRIMINAL,FIELD_OPERATIVE,ORG000004,SYN-HAW,56,0.289,ABSCONDING,2006,5,0,,NIC-HXIUYATD8,SURVEILLANCE_REPORT,D,6,1
P000314,Praveen Kurup,Praveen,Kurup,Chhota Praveen,M,1994-08-11,31,malayali,Gujarat,Ahmedabad,Juhapura,LOC000071,Malaysia,CRIMINAL,HAWALA_OPERATOR,ORG000004,SYN-HAW,86,0.746,EXTRADITION_PENDING,2011,4,0,,NIC-JCUT6HR4N,IPDR,B,5,1
P000315,Paresh Vaghela,Paresh,Vaghela,Gullu,M,1971-08-24,54,gujarati,Telangana,Hyderabad,Charminar,LOC000083,,CRIMINAL,MULE,ORG000004,SYN-HAW,27,0.09,UNDER_SURVEILLANCE,2018,5,0,,NIC-B9ZV14WZZ,CDR,C,2,1
P000316,Jitendra Solanki,Jitendra,Solanki,,M,1963-12-10,62,hindi_belt,West Bengal,North 24 Parganas,Bongaon,LOC000051,,CRIMINAL,CORRUPT_OFFICIAL,ORG000004,SYN-HAW,64,0.668,EXTRADITION_PENDING,2021,3,0,,NIC-24SJNNMAX,CHARGESHEET,D,1,1
P000317,Nishad Panicker,Nishad,Panicker,,M,1982-08-06,43,malayali,Delhi,New Delhi,Seelampur,LOC000016,,CRIMINAL,FINANCIER,ORG000004,SYN-HAW,68,0.791,ABSCONDING,2018,4,0,,NIC-1JZPCHPZ5,SOCIAL_MEDIA_INTEL,C,5,1
P000318,Sarfaraz Shaikh,Sarfaraz,Shaikh,Sarfaraz Doctor,M,2001-08-12,24,muslim,Maharashtra,Nagpur,Kamptee,LOC000011,,CRIMINAL,LIEUTENANT,ORG000004,SYN-HAW,72,0.841,AT_LARGE,2019,6,0,,NIC-6OB4RGLY4,SEIZURE_MEMO,C,2,1
P000319,Sarfaraz Baig,Sarfaraz,Baig,,M,1961-07-18,64,muslim,Kerala,Thrissur,Chavakkad,LOC000107,,CRIMINAL,MULE,ORG000004,SYN-HAW,32,0.081,AT_LARGE,1997,3,0,,NIC-E78HNHLLA,TOWER_DUMP,B,2,1
P000320,Anoop Mathew,Anoop,Mathew,,M,1962-02-04,64,malayali,West Bengal,Nadia,Karimpur,LOC000053,,CRIMINAL,FINANCIER,ORG000004,SYN-HAW,76,0.661,EXTRADITION_PENDING,2025,6,0,,NIC-APTC7S82I,INFORMANT_TIP,B,2,1
P000321,Vipul Chauhan,Vipul,Chauhan,,M,2002-01-08,24,gujarati,Telangana,Hyderabad,Charminar,LOC000083,UAE,CRIMINAL,HAWALA_OPERATOR,ORG000004,SYN-HAW,69,0.646,ABSCONDING,2020,3,0,,NIC-I9NWRI1E9,SOCIAL_MEDIA_INTEL,B,3,1
P000322,Mushtaq Idrisi,Mushtaq,Idrisi,,M,1994-04-03,32,muslim,Telangana,Hyderabad,Kukatpally,LOC000084,,CRIMINAL,FINANCIER,ORG000004,SYN-HAW,73,0.803,AT_LARGE,2018,5,0,,NIC-MX6K0JU1Y,FIR,E,2,1
P000323,Wasim Sheikh,Wasim,Sheikh,Tiger,M,1965-06-11,61,muslim,Maharashtra,Nagpur,Kamptee,LOC000011,,CRIMINAL,FIELD_OPERATIVE,ORG000004,SYN-HAW,52,0.206,IN_JUDICIAL_CUSTODY,2023,2,0,,NIC-YOYGHL7T5,CDR,C,3,1
P000324,Nilesh Parmar,Nilesh,Parmar,,M,1984-03-12,42,gujarati,Maharashtra,Aurangabad,Cidco,LOC000013,,CRIMINAL,MULE,ORG000004,SYN-HAW,40,0.093,AT_LARGE,2023,8,0,,NIC-89Z4IQA6J,SEIZURE_MEMO,A,2,1
P000325,Chirag Dave,Chirag,Dave,Chirag Chikna,M,1971-08-12,54,gujarati,Telangana,Warangal,Hanamkonda,LOC000086,,CRIMINAL,FIELD_OPERATIVE,ORG000004,SYN-HAW,64,0.252,AT_LARGE,2014,5,0,,NIC-OTFT0UFFE,CHARGESHEET,B,1,1
P000326,Jignesh Patel,Jignesh,Patel,,M,1992-12-05,33,gujarati,Gujarat,Vadodara,Karelibaug,LOC000076,,CRIMINAL,FINANCIER,ORG000004,SYN-HAW,81,0.798,ABSCONDING,2024,5,0,,NIC-8HZAMA18W,SURVEILLANCE_REPORT,F,3,1
P000327,Javed Chaudhary,Javed,Chaudhary,Chikna,M,1964-06-27,62,muslim,Kerala,Malappuram,Tirur,LOC000105,,CRIMINAL,FENCE,ORG000004,SYN-HAW,44,0.3,ON_BAIL,2019,4,0,,NIC-KXHVP8HST,IPDR,B,2,1
P000328,Prakash Awasthi,Prakash,Awasthi,Prakash Kallu,M,1962-08-20,63,hindi_belt,Telangana,Nizamabad,Bodhan,LOC000087,,CRIMINAL,FIELD_OPERATIVE,ORG000004,SYN-HAW,66,0.235,UNDER_SURVEILLANCE,2012,1,0,,NIC-WGAWLZWAG,INTELLIGENCE_REPORT,B,1,1
P000329,Rambabu Yadav,Rambabu,Yadav,Rambabu Bada,M,1974-08-13,51,hindi_belt,Kerala,Kozhikode,Nadakkavu,LOC000106,,CRIMINAL,FIELD_OPERATIVE,ORG000004,SYN-HAW,58,0.253,AT_LARGE,1999,6,0,,NIC-RG22KIW1A,CRIMINAL_HISTORY_DB,D,3,1
P000330,Wasim Rahman,Wasim,Rahman,,M,2002-04-16,24,muslim,Delhi,New Delhi,Jamia Nagar,LOC000017,,CRIMINAL,LOGISTICS,ORG000004,SYN-HAW,66,0.388,AT_LARGE,2020,8,0,,NIC-595IUZ6YI,CDR,E,4,1
P000331,Shakeel Ansari,Shakeel,Ansari,Shakeel Chikna,M,1987-10-24,38,muslim,Telangana,Hyderabad,Chandrayangutta,LOC000085,Malaysia,CRIMINAL,HAWALA_OPERATOR,ORG000004,SYN-HAW,69,0.655,DECLARED_PO,2006,5,0,,NIC-J6LPRHQP1,SURVEILLANCE_REPORT,B,4,1
P000332,Shibu Thomas,Shibu,Thomas,Dada Shibu,M,1985-01-09,41,malayali,Delhi,New Delhi,Jamia Nagar,LOC000017,,CRIMINAL,FINANCIER,ORG000004,SYN-HAW,69,0.848,AT_LARGE,2010,6,0,,NIC-Y07TOOV14,FIR,C,3,1
P000333,Ketan Dave,Ketan,Dave,Kaana Ketan,M,1963-03-02,63,gujarati,Kerala,Kozhikode,Nadakkavu,LOC000106,,CRIMINAL,LOGISTICS,ORG000004,SYN-HAW,45,0.415,ABSCONDING,2013,4,0,,NIC-RG1LQ5XVT,CDR,A,1,1
P000334,Sreenivasan Jacob,Sreenivasan,Jacob,,M,1973-10-13,52,malayali,Kerala,Kozhikode,Nadakkavu,LOC000106,UAE,CRIMINAL,HAWALA_OPERATOR,ORG000004,SYN-HAW,64,0.746,DECLARED_PO,2013,9,0,,NIC-CMM2GE8VT,CHARGESHEET,B,4,1
P000335,Wasim Baig,Wasim,Baig,,M,1995-06-12,31,muslim,Telangana,Hyderabad,Chandrayangutta,LOC000085,Sri Lanka,CRIMINAL,HAWALA_OPERATOR,ORG000004,SYN-HAW,63,0.608,DECLARED_PO,2014,2,0,,NIC-076BKRISC,INFORMANT_TIP,A,6,1
P000336,Munna Baghel,Munna,Baghel,Guddu,M,1970-08-25,55,hindi_belt,Tamil Nadu,Chennai,Vyasarpadi,LOC000093,,CRIMINAL,COURIER,ORG000004,SYN-HAW,46,0.187,AT_LARGE,2023,7,0,,NIC-NLAKNA636,CHARGESHEET,C,2,1
P000337,Kalpesh Vaghela,Kalpesh,Vaghela,,M,1978-01-21,48,gujarati,Delhi,New Delhi,Karol Bagh,LOC000018,,CRIMINAL,CORRUPT_OFFICIAL,ORG000004,SYN-HAW,54,0.598,UNDER_SURVEILLANCE,1998,12,0,,NIC-IRDPN8HAW,SEIZURE_MEMO,C,2,1
P000338,Bharat Rabari,Bharat,Rabari,Bada,M,2000-01-27,26,gujarati,Maharashtra,Mumbai,Dongri,LOC000001,,CRIMINAL,LOGISTICS,ORG000004,SYN-HAW,56,0.41,AT_LARGE,2022,6,0,,NIC-B8GYQ9N2O,CRIMINAL_HISTORY_DB,B,3,1
P000339,Nishad Jacob,Nishad,Jacob,Kaana,M,1965-08-06,60,malayali,Kerala,Thrissur,Chavakkad,LOC000107,,CRIMINAL,MULE,ORG000004,SYN-HAW,29,0.082,ON_BAIL,2025,2,0,,NIC-LSBTKLZME,BANK_STATEMENT,A,2,1
P000340,Girdhari Tiwari,Girdhari,Tiwari,Chacha,M,1998-02-13,28,hindi_belt,Telangana,Hyderabad,Charminar,LOC000083,,CRIMINAL,FIELD_OPERATIVE,ORG000004,SYN-HAW,59,0.28,AT_LARGE,2025,5,0,,NIC-CIPFRJAAG,TOWER_DUMP,C,2,1
P000341,Vipin Panicker,Vipin,Panicker,Vipin Ustad,M,1990-03-08,36,malayali,Maharashtra,Mumbai,Malad,LOC000006,,CRIMINAL,FIELD_OPERATIVE,ORG000004,SYN-HAW,38,0.216,IN_JUDICIAL_CUSTODY,2010,4,0,,NIC-CG8SG60JA,SURVEILLANCE_REPORT,A,2,1
P000342,Rasik Mehta,Rasik,Mehta,Pehalwan Rasik,M,1967-04-04,59,gujarati,Gujarat,Surat,Varachha,LOC000072,,CRIMINAL,FIELD_OPERATIVE,ORG000004,SYN-HAW,53,0.237,DECLARED_PO,2015,3,0,,NIC-FCJL17VL1,BANK_STATEMENT,D,3,1
P000343,Hardik Zala,Hardik,Zala,,M,1976-12-26,49,gujarati,Telangana,Hyderabad,Chandrayangutta,LOC000085,UAE,CRIMINAL,KINGPIN,ORG000004,SYN-HAW,90,0.873,ABSCONDING,2020,6,0,,NIC-JY24EH1RJ,CDR,B,1,1
P000344,Jignesh Dave,Jignesh,Dave,,M,1981-03-26,45,gujarati,Tamil Nadu,Trichy,Srirangam,LOC000098,,CRIMINAL,MULE,ORG000004,SYN-HAW,35,0.077,ABSCONDING,2015,5,0,,NIC-9588588OY,CDR,C,2,1
P000345,Praveen Jacob,Praveen,Jacob,,M,1961-06-18,65,malayali,Delhi,New Delhi,Karol Bagh,LOC000018,,CRIMINAL,RECRUITER,ORG000004,SYN-HAW,63,0.576,AT_LARGE,2019,6,0,,NIC-DWXIS3J90,SURVEILLANCE_REPORT,B,2,1
P000346,Rajeevan Marar,Rajeevan,Marar,Bada Rajeevan,M,1966-11-19,59,malayali,Maharashtra,Mumbai,Dongri,LOC000001,,CRIMINAL,FIELD_OPERATIVE,ORG000004,SYN-HAW,39,0.208,UNDER_SURVEILLANCE,2018,6,0,,NIC-XJFPEA0JL,IPDR,C,3,1
P000347,Satish Kushwaha,Satish,Kushwaha,Munna Satish,M,1960-05-04,66,hindi_belt,West Bengal,Siliguri,Matigara,LOC000052,,CRIMINAL,COURIER,ORG000004,SYN-HAW,34,0.196,AT_LARGE,2001,4,0,,NIC-6KAZ139Q6,SOCIAL_MEDIA_INTEL,C,2,1
P000348,Firoz Mirza,Firoz,Mirza,,M,1963-04-13,63,muslim,Gujarat,Rajkot,Gondal,LOC000075,,CRIMINAL,FIELD_OPERATIVE,ORG000004,SYN-HAW,46,0.293,AT_LARGE,1999,6,0,,NIC-E34UZYKDX,SEIZURE_MEMO,B,2,1
P000349,Rinku Parmar,Rinku,Parmar,,F,1964-04-20,62,gujarati,Tamil Nadu,Chennai,Vyasarpadi,LOC000093,,CRIMINAL,LOGISTICS,ORG000004,SYN-HAW,45,0.419,EXTRADITION_PENDING,1996,4,0,,NIC-9MCPRFC4C,FIR,B,5,1
P000350,Vipul Chauhan,Vipul,Chauhan,,M,1985-12-12,40,gujarati,Maharashtra,Aurangabad,Cidco,LOC000013,,CRIMINAL,TECH_HANDLER,ORG000004,SYN-HAW,49,0.342,UNDER_SURVEILLANCE,2003,10,0,,NIC-06G6JBY4C,SOCIAL_MEDIA_INTEL,A,3,1
P000351,Shakeel Mirza,Shakeel,Mirza,Raja Shakeel,M,2001-03-25,25,muslim,West Bengal,Siliguri,Matigara,LOC000052,,CRIMINAL,FINANCIER,ORG000004,SYN-HAW,81,0.756,UNDER_SURVEILLANCE,2018,5,0,,NIC-V2IVSX1CY,SURVEILLANCE_REPORT,B,3,1
P000352,Ramesh Tiwari,Ramesh,Tiwari,Bada Ramesh,M,1979-09-26,46,hindi_belt,West Bengal,Nadia,Karimpur,LOC000053,,CRIMINAL,FIELD_OPERATIVE,ORG000004,SYN-HAW,40,0.289,UNDER_SURVEILLANCE,2020,5,0,,NIC-KERXWFEL3,SOCIAL_MEDIA_INTEL,F,6,1
P000353,Ratheesh Menon,Ratheesh,Menon,Munna Ratheesh,M,1978-07-14,47,malayali,Maharashtra,Solapur,Barshi,LOC000014,,CRIMINAL,FIELD_OPERATIVE,ORG000004,SYN-HAW,43,0.291,AT_LARGE,2023,10,0,,NIC-XF062QCDP,CHARGESHEET,D,1,1
P000354,Shailendra Baghel,Shailendra,Baghel,Ustad Shailendra,M,1984-08-22,41,hindi_belt,Delhi,New Delhi,Karol Bagh,LOC000018,,CRIMINAL,TECH_HANDLER,ORG000004,SYN-HAW,47,0.678,ON_BAIL,2019,5,1,,NIC-3GFLGZ1MZ,CRIMINAL_HISTORY_DB,A,2,1
P000355,Randhir Sharma,Randhir,Sharma,Randhir Munna,M,1990-03-21,36,hindi_belt,Tamil Nadu,Chennai,Kodungaiyur,LOC000094,,CRIMINAL,FIELD_OPERATIVE,ORG000004,SYN-HAW,48,0.275,AT_LARGE,2010,10,0,,NIC-DX14NDNB1,SOCIAL_MEDIA_INTEL,B,1,1
P000356,Sudha Kushwaha,Sudha,Kushwaha,Dada,F,1993-04-22,33,hindi_belt,West Bengal,Murshidabad,Jalangi,LOC000050,,CRIMINAL,TECH_HANDLER,ORG000004,SYN-HAW,73,0.677,IN_JUDICIAL_CUSTODY,2022,6,1,,NIC-1VTKMW044,TOWER_DUMP,C,1,1
P000357,Om Prakash Rajput,Om Prakash,Rajput,Nanha,M,1964-12-22,61,hindi_belt,Tamil Nadu,Chennai,Kodungaiyur,LOC000094,,CRIMINAL,FIELD_OPERATIVE,ORG000004,SYN-HAW,44,0.271,UNDER_SURVEILLANCE,2010,4,0,,NIC-UAJ3J5UH0,SOCIAL_MEDIA_INTEL,C,1,1
P000358,Prakash Rai,Prakash,Rai,Prakash Chacha,M,1968-09-04,57,kannada,Bihar,Purnia,Khajanchi Hat,LOC000041,,CRIMINAL,LOGISTICS,ORG000005,SYN-MIN,65,0.471,ON_BAIL,1996,5,0,,NIC-Q9KUNFFB1,FIR,C,3,1
P000359,Shivanna Kamath,Shivanna,Kamath,,M,1968-08-21,57,kannada,Uttar Pradesh,Jaunpur,Line Bazaar,LOC000034,,CRIMINAL,LIEUTENANT,ORG000005,SYN-MIN,92,0.71,EXTRADITION_PENDING,2016,4,0,,NIC-OTM8PYQDR,CDR,E,3,1
P000360,Jagdish Singh,Jagdish,Singh,Gullu,M,1978-05-06,48,hindi_belt,Uttar Pradesh,Meerut,Lisari Gate,LOC000025,,CRIMINAL,FIELD_OPERATIVE,ORG000005,SYN-MIN,40,0.28,UNDER_SURVEILLANCE,2016,9,0,,NIC-ZG5B0E5EN,SEIZURE_MEMO,B,4,1
P000361,Ramesh Dixit,Ramesh,Dixit,Ramesh Pappu,M,1996-11-20,29,hindi_belt,Madhya Pradesh,Jabalpur,Gorakhpur,LOC000082,,CRIMINAL,RECRUITER,ORG000005,SYN-MIN,49,0.497,UNDER_SURVEILLANCE,2015,6,0,,NIC-8AK7QHMB8,FIR,C,4,1
P000362,Suresh Jaiswal,Suresh,Jaiswal,Nanha Suresh,M,1965-12-23,60,hindi_belt,Madhya Pradesh,Indore,Rau,LOC000078,,CRIMINAL,LOGISTICS,ORG000005,SYN-MIN,49,0.384,IN_JUDICIAL_CUSTODY,2018,3,0,,NIC-9S3516ZMQ,BANK_STATEMENT,A,4,1
P000363,Perumal Kurup,Perumal,Kurup,Perumal Tinku,M,1991-07-15,34,tamil,Madhya Pradesh,Indore,Rau,LOC000078,,CRIMINAL,FIELD_OPERATIVE,ORG000005,SYN-MIN,62,0.261,IN_JUDICIAL_CUSTODY,2023,2,0,,NIC-Y1MWXE2KC,TOWER_DUMP,B,2,1
P000364,Jitendra Prajapati,Jitendra,Prajapati,Jitendra Tinku,M,1975-02-07,51,hindi_belt,Madhya Pradesh,Khargone,Sanawad,LOC000079,,CRIMINAL,COURIER,ORG000005,SYN-MIN,51,0.156,AT_LARGE,2002,9,0,,NIC-UAVN3UO9E,INTELLIGENCE_REPORT,B,2,1
P000365,Velu Nadar,Velu,Nadar,Velu Kaana,M,1986-11-25,39,tamil,Rajasthan,Barmer,Chohtan,LOC000070,,CRIMINAL,COURIER,ORG000005,SYN-MIN,43,0.151,AT_LARGE,2020,2,0,,NIC-55CR0HH2K,INFORMANT_TIP,B,2,1
P000366,Har Prasad Yadav,Har Prasad,Yadav,,M,1968-07-02,57,hindi_belt,Karnataka,Mangaluru,Ullal,LOC000101,,CRIMINAL,LOGISTICS,ORG000005,SYN-MIN,62,0.375,ON_BAIL,2011,2,0,,NIC-BE4G0TRUW,INTELLIGENCE_REPORT,A,4,1
P000367,Ilango Annadurai,Ilango,Annadurai,Chhota,M,1983-10-04,42,tamil,Bihar,Patna,Kadamkuan,LOC000035,,CRIMINAL,LOGISTICS,ORG000005,SYN-MIN,45,0.386,AT_LARGE,2024,4,0,,NIC-U1OKFMX8A,CHARGESHEET,D,2,1
P000368,Dinesh Rathore,Dinesh,Rathore,Dinesh Kallu,M,1999-07-09,26,hindi_belt,Tamil Nadu,Trichy,Srirangam,LOC000098,,CRIMINAL,FINANCIER,ORG000005,SYN-MIN,87,0.867,AT_LARGE,2022,8,1,,NIC-UJ02H77P4,SEIZURE_MEMO,B,2,1
P000369,Ravichandran Nadar,Ravichandran,Nadar,,M,1975-11-21,50,tamil,Tamil Nadu,Tirunelveli,Palayamkottai,LOC000097,,CRIMINAL,FIXER,ORG000005,SYN-MIN,78,0.642,ABSCONDING,2014,7,0,,NIC-E5DNAN3YM,IPDR,A,2,1
P000370,Yallappa Angadi,Yallappa,Angadi,,M,1992-02-05,34,kannada,Bihar,Munger,Kasim Bazaar,LOC000036,,CRIMINAL,LIEUTENANT,ORG000005,SYN-MIN,79,0.767,AT_LARGE,2011,8,0,,NIC-26MZMER1K,SEIZURE_MEMO,B,4,1
P000371,Manoj Yadav,Manoj,Yadav,Manoj Pehalwan,M,1977-01-16,49,hindi_belt,Karnataka,Bengaluru,Yeshwanthpur,LOC000100,,CRIMINAL,MULE,ORG000005,SYN-MIN,36,0.092,AT_LARGE,1999,5,0,,NIC-FW1NJZ616,CRIMINAL_HISTORY_DB,A,2,1
P000372,Rajendran Pillai,Rajendran,Pillai,Chikna Rajendran,M,1985-03-20,41,tamil,Tamil Nadu,Chennai,Kodungaiyur,LOC000094,,CRIMINAL,HAWALA_OPERATOR,ORG000005,SYN-MIN,68,0.619,ABSCONDING,2020,7,0,,NIC-DPHOHDCRP,CDR,C,2,1
P000373,Saravanan Mudaliar,Saravanan,Mudaliar,,M,1977-08-07,48,tamil,Bihar,Purnia,Khajanchi Hat,LOC000041,,CRIMINAL,MULE,ORG000005,SYN-MIN,20,0.076,IN_JUDICIAL_CUSTODY,2001,6,0,,NIC-SSAGL64TP,BANK_STATEMENT,B,1,1
P000374,Murugan Annadurai,Murugan,Annadurai,Bhai,M,1961-03-09,65,tamil,Karnataka,Mangaluru,Ullal,LOC000101,,CRIMINAL,FIELD_OPERATIVE,ORG000005,SYN-MIN,39,0.258,ABSCONDING,2000,5,0,,NIC-4A5P4HCBS,SURVEILLANCE_REPORT,C,1,1
P000375,Satish Kushwaha,Satish,Kushwaha,Cheetah Satish,M,1994-05-22,32,hindi_belt,Karnataka,Mangaluru,Ullal,LOC000101,,CRIMINAL,MULE,ORG000005,SYN-MIN,30,0.076,AT_LARGE,2025,6,0,,NIC-V74HR7BJ0,SURVEILLANCE_REPORT,C,1,1
P000376,Hanumanthappa Acharya,Hanumanthappa,Acharya,,M,1965-04-13,61,kannada,Madhya Pradesh,Jabalpur,Gorakhpur,LOC000082,,CRIMINAL,FIELD_OPERATIVE,ORG000005,SYN-MIN,41,0.284,ABSCONDING,2012,5,0,,NIC-827LQWVZ0,SOCIAL_MEDIA_INTEL,B,1,1
P000377,Veeresh Acharya,Veeresh,Acharya,Veeresh Nanha,M,1960-08-22,65,kannada,Tamil Nadu,Chennai,Vyasarpadi,LOC000093,,CRIMINAL,RECRUITER,ORG000005,SYN-MIN,52,0.462,AT_LARGE,1999,3,0,,NIC-9KT5SESA3,FIR,B,4,1
P000378,Malathi Raja,Malathi,Raja,,F,1968-06-10,58,tamil,Uttar Pradesh,Noida,Sector 63,LOC000027,,CRIMINAL,SHOOTER,ORG000005,SYN-MIN,86,0.384,ABSCONDING,2021,5,0,,NIC-JFRJM1FSO,FIR,B,2,1
P000379,Saravanan Naicker,Saravanan,Naicker,,M,1979-03-19,47,tamil,Tamil Nadu,Tirunelveli,Palayamkottai,LOC000097,,CRIMINAL,TECH_HANDLER,ORG000005,SYN-MIN,58,0.374,ON_BAIL,2010,7,0,,NIC-IMQI09MTT,CDR,B,5,1
P000380,Rajendran Gounder,Rajendran,Gounder,,M,1988-12-11,37,tamil,Madhya Pradesh,Bhind,Mehgaon,LOC000081,,CRIMINAL,MULE,ORG000005,SYN-MIN,31,0.086,ON_BAIL,2008,3,0,,NIC-3W13003B9,FIR,E,2,1
P000381,Perumal Subramanian,Perumal,Subramanian,,M,1994-10-10,31,tamil,Madhya Pradesh,Bhind,Mehgaon,LOC000081,,CRIMINAL,CORRUPT_OFFICIAL,ORG000005,SYN-MIN,51,0.625,ON_BAIL,2019,6,0,,NIC-ZA373DFDR,SEIZURE_MEMO,A,3,1
P000382,Mallikarjun Rai,Mallikarjun,Rai,Mallikarjun Chhota,M,2003-09-24,22,kannada,Bihar,Siwan,Mahadeva,LOC000039,,CRIMINAL,MULE,ORG000005,SYN-MIN,37,0.082,ON_BAIL,2019,7,0,,NIC-5IOJTTA5M,CDR,A,1,1
P000383,Balbir Yadav,Balbir,Yadav,Cheetah,M,1985-01-04,41,hindi_belt,Rajasthan,Bharatpur,Kaman,LOC000068,,CRIMINAL,FIELD_OPERATIVE,ORG000005,SYN-MIN,54,0.226,ABSCONDING,2024,9,0,,NIC-8Q2H1JBLJ,CHARGESHEET,C,1,1
P000384,Deepak Gupta,Deepak,Gupta,Pehalwan Deepak,M,1997-08-12,28,hindi_belt,Bihar,Patna,Kadamkuan,LOC000035,,CRIMINAL,LIEUTENANT,ORG000005,SYN-MIN,80,0.79,IN_JUDICIAL_CUSTODY,2022,2,0,,NIC-1JBS3HYAT,FIR,C,4,1
P000385,Ilango Palanivel,Ilango,Palanivel,Master,M,1970-06-17,56,tamil,Tamil Nadu,Chennai,Vyasarpadi,LOC000093,,CRIMINAL,MULE,ORG000005,SYN-MIN,31,0.077,IN_JUDICIAL_CUSTODY,2011,5,0,,NIC-ELJWV3IRT,INTELLIGENCE_REPORT,A,4,1
P000386,Thangaraj Naicker,Thangaraj,Naicker,Dada,M,1980-10-19,45,tamil,Madhya Pradesh,Jabalpur,Gorakhpur,LOC000082,,CRIMINAL,FIELD_OPERATIVE,ORG000005,SYN-MIN,57,0.209,IN_JUDICIAL_CUSTODY,2024,3,0,,NIC-KOGG54UOP,CDR,D,1,1
P000387,Selvam Naicker,Selvam,Naicker,Gullu,M,1964-08-25,61,tamil,Uttar Pradesh,Lucknow,Aminabad,LOC000023,,CRIMINAL,TECH_HANDLER,ORG000005,SYN-MIN,56,0.353,AT_LARGE,2019,4,0,,NIC-G2YI9MMQ5,IPDR,C,2,1
P000388,Manjunath Hegde,Manjunath,Hegde,Manjunath Bhai,M,2000-11-04,25,kannada,Rajasthan,Jodhpur,Osian,LOC000065,,CRIMINAL,FIELD_OPERATIVE,ORG000005,SYN-MIN,48,0.237,ON_BAIL,2021,4,0,,NIC-08EVL75MN,INFORMANT_TIP,D,3,1
P000389,Shivanna Angadi,Shivanna,Angadi,,M,1964-10-03,61,kannada,Karnataka,Kalaburagi,Afzalpur,LOC000102,,CRIMINAL,FENCE,ORG000005,SYN-MIN,44,0.278,UNDER_SURVEILLANCE,2023,4,0,,NIC-H5OD8VBOS,SOCIAL_MEDIA_INTEL,B,2,1
P000390,Chitra Mudaliar,Chitra,Mudaliar,Seth,F,1992-05-13,34,tamil,Rajasthan,Alwar,Ramgarh,LOC000069,,CRIMINAL,FIELD_OPERATIVE,ORG000005,SYN-MIN,38,0.247,UNDER_SURVEILLANCE,2018,7,0,,NIC-QBCV0QMVD,BANK_STATEMENT,B,4,1
P000391,Mallikarjun Desai,Mallikarjun,Desai,,M,1996-10-23,29,kannada,Karnataka,Bengaluru,KG Halli,LOC000099,,CRIMINAL,RECRUITER,ORG000005,SYN-MIN,72,0.472,IN_JUDICIAL_CUSTODY,2017,8,0,,NIC-E0F94IRCG,FIR,B,2,1
P000392,Palanisamy Raja,Palanisamy,Raja,,M,1972-09-20,53,tamil,Uttar Pradesh,Lucknow,Aminabad,LOC000023,,CRIMINAL,MULE,ORG000005,SYN-MIN,27,0.087,EXTRADITION_PENDING,2015,10,0,,NIC-94DYYI119,BANK_STATEMENT,A,1,1
P000393,Anbu Muthusamy,Anbu,Muthusamy,Tempo Anbu,M,1974-02-19,52,tamil,Uttar Pradesh,Ghaziabad,Loni,LOC000026,,CRIMINAL,FIELD_OPERATIVE,ORG000005,SYN-MIN,35,0.278,ON_BAIL,2015,7,0,,NIC-8CAPDEDI2,BANK_STATEMENT,B,2,1
P000394,Pramod Shukla,Pramod,Shukla,Kaana,M,2002-02-22,24,hindi_belt,Karnataka,Kalaburagi,Afzalpur,LOC000102,,CRIMINAL,FIELD_OPERATIVE,ORG000005,SYN-MIN,39,0.25,AT_LARGE,2019,6,0,,NIC-WO2TX9SP7,SOCIAL_MEDIA_INTEL,B,3,1
P000395,Kannan Annadurai,Kannan,Annadurai,Kaana Kannan,M,1973-03-27,53,tamil,Tamil Nadu,Chennai,Vyasarpadi,LOC000093,,CRIMINAL,FIXER,ORG000005,SYN-MIN,71,0.519,DECEASED,2022,5,0,,NIC-JCP23HB5C,SOCIAL_MEDIA_INTEL,B,2,1
P000396,Netrapal Nishad,Netrapal,Nishad,Netrapal Baba,M,1984-07-15,41,hindi_belt,Karnataka,Bengaluru,KG Halli,LOC000099,,CRIMINAL,INFORMANT,ORG000005,SYN-MIN,21,0.195,IN_JUDICIAL_CUSTODY,2019,4,0,,NIC-DTC8WBVQN,PASSPORT_IMMIGRATION,A,3,1
P000397,Selvam Gounder,Selvam,Gounder,Chacha Selvam,M,2003-05-18,23,tamil,Rajasthan,Bharatpur,Kaman,LOC000068,,CRIMINAL,KINGPIN,ORG000005,SYN-MIN,95,1.007,IN_JUDICIAL_CUSTODY,2023,5,0,,NIC-KY3PIARRF,SURVEILLANCE_REPORT,D,2,1
P000398,Girish Hiremath,Girish,Hiremath,Girish Tiger,M,1998-01-04,28,kannada,Bihar,Purnia,Khajanchi Hat,LOC000041,,CRIMINAL,FIELD_OPERATIVE,ORG000005,SYN-MIN,54,0.281,ON_BAIL,2014,8,0,,NIC-23B2A3CW4,SEIZURE_MEMO,D,2,1
P000399,Netrapal Bhardwaj,Netrapal,Bhardwaj,,M,1988-03-09,38,hindi_belt,Tamil Nadu,Chennai,Vyasarpadi,LOC000093,,CRIMINAL,MULE,ORG000005,SYN-MIN,39,0.073,IN_JUDICIAL_CUSTODY,2022,3,0,,NIC-5IOLJDOHC,BANK_STATEMENT,C,4,1
P000400,Mallikarjun Hiremath,Mallikarjun,Hiremath,Mallikarjun Dada,M,2003-06-18,23,kannada,Tamil Nadu,Chennai,Vyasarpadi,LOC000093,,CRIMINAL,SHOOTER,ORG000005,SYN-MIN,71,0.351,IN_JUDICIAL_CUSTODY,2019,3,0,,NIC-H6EPNUX0E,SEIZURE_MEMO,B,2,1
P000401,Rajendran Subramanian,Rajendran,Subramanian,Gullu,M,1999-01-06,27,tamil,Karnataka,Mangaluru,Ullal,LOC000101,,CRIMINAL,TECH_HANDLER,ORG000005,SYN-MIN,56,0.413,AT_LARGE,2025,2,0,,NIC-GNU66WNYC,SEIZURE_MEMO,C,2,1
P000402,Sanjay Dubey,Sanjay,Dubey,Sanjay Tempo,M,2000-09-24,25,hindi_belt,Rajasthan,Alwar,Ramgarh,LOC000069,,CRIMINAL,FIELD_OPERATIVE,ORG000005,SYN-MIN,61,0.252,AT_LARGE,2021,6,0,,NIC-D4772URMS,SURVEILLANCE_REPORT,B,4,1
P000403,Saravanan Mudaliar,Saravanan,Mudaliar,Raja,M,1983-02-12,43,tamil,Karnataka,Kalaburagi,Afzalpur,LOC000102,,CRIMINAL,INFORMANT,ORG000005,SYN-MIN,37,0.199,AT_LARGE,2009,4,0,,NIC-O20OI8P0I,INFORMANT_TIP,B,2,1
P000404,Elango Annadurai,Elango,Annadurai,Elango Chacha,M,1972-03-15,54,tamil,Bihar,Purnia,Khajanchi Hat,LOC000041,,CRIMINAL,FIELD_OPERATIVE,ORG000005,SYN-MIN,35,0.255,IN_JUDICIAL_CUSTODY,2024,5,0,,NIC-4GIC1BKEI,TOWER_DUMP,D,5,1
P000405,Om Prakash Chauhan,Om Prakash,Chauhan,Kaka Om,M,1967-06-27,59,hindi_belt,Bihar,Muzaffarpur,Mithanpura,LOC000037,,CRIMINAL,FIXER,ORG000005,SYN-MIN,65,0.502,ON_BAIL,2025,6,0,,NIC-W2021S4IL,CHARGESHEET,D,5,1
P000406,Triloki Dubey,Triloki,Dubey,Seth Triloki,M,2001-08-13,24,hindi_belt,Tamil Nadu,Trichy,Srirangam,LOC000098,,CRIMINAL,SHOOTER,ORG000005,SYN-MIN,80,0.322,UNDER_SURVEILLANCE,2019,4,0,,NIC-GOT5VD776,INTELLIGENCE_REPORT,B,2,1
P000407,Ajay Prajapati,Ajay,Prajapati,Ajay Lambu,M,1996-10-11,29,hindi_belt,Rajasthan,Jaipur,Chomu,LOC000067,,CRIMINAL,LOGISTICS,ORG000005,SYN-MIN,48,0.633,AT_LARGE,2024,4,1,,NIC-2OKSQGORJ,CDR,B,4,1
P000408,Manjunath Gowda,Manjunath,Gowda,,M,1983-04-10,43,kannada,Karnataka,Bengaluru,KG Halli,LOC000099,,CRIMINAL,FIELD_OPERATIVE,ORG000005,SYN-MIN,62,0.252,DECEASED,2002,6,0,,NIC-3SHH215QF,BANK_STATEMENT,F,3,1
P000409,Sanjay Nagar,Sanjay,Nagar,Baba Sanjay,M,1970-09-11,55,hindi_belt,Uttar Pradesh,Varanasi,Chetganj,LOC000028,,CRIMINAL,INFORMANT,ORG000005,SYN-MIN,28,0.22,IN_JUDICIAL_CUSTODY,2014,6,0,,NIC-UC1G7UM9C,SEIZURE_MEMO,C,2,1
P000410,Arun Maurya,Arun,Maurya,Dada Arun,M,1971-12-16,54,hindi_belt,Madhya Pradesh,Gwalior,Morar,LOC000080,,CRIMINAL,LOGISTICS,ORG000005,SYN-MIN,54,0.523,ON_BAIL,2016,7,0,,NIC-NA1E59NLC,INTELLIGENCE_REPORT,C,3,1
P000411,Kumaraswamy Kulkarni,Kumaraswamy,Kulkarni,Lambu Kumaraswamy,M,2002-08-16,23,kannada,Madhya Pradesh,Khargone,Sanawad,LOC000079,,CRIMINAL,FIELD_OPERATIVE,ORG000005,SYN-MIN,60,0.214,ABSCONDING,2023,5,0,,NIC-HS02UP1HL,IPDR,E,3,1
P000412,Lokesh Chikkanna,Lokesh,Chikkanna,Lokesh Kabootar,M,2003-04-01,23,kannada,Rajasthan,Bharatpur,Kaman,LOC000068,,CRIMINAL,MULE,ORG000005,SYN-MIN,24,0.088,ABSCONDING,2022,7,0,,NIC-D9UQU0Z21,INTELLIGENCE_REPORT,B,1,1
P000413,Selvam Kurup,Selvam,Kurup,Nanha Selvam,M,1974-10-06,51,tamil,Karnataka,Kalaburagi,Afzalpur,LOC000102,,CRIMINAL,COURIER,ORG000005,SYN-MIN,47,0.21,ON_BAIL,1997,7,0,,NIC-VI8BBYFVW,PASSPORT_IMMIGRATION,D,1,1
P000414,Thangaraj Rajendran,Thangaraj,Rajendran,Langda Thangaraj,M,1978-03-12,48,tamil,Bihar,Munger,Kasim Bazaar,LOC000036,,CRIMINAL,MULE,ORG000005,SYN-MIN,25,0.093,ABSCONDING,2020,9,0,,NIC-CB7G6Z5CK,SOCIAL_MEDIA_INTEL,B,2,1
P000415,Vinod Thakur,Vinod,Thakur,Sarkar Vinod,M,1968-12-09,57,hindi_belt,Karnataka,Kalaburagi,Afzalpur,LOC000102,,CRIMINAL,COURIER,ORG000005,SYN-MIN,32,0.197,IN_JUDICIAL_CUSTODY,1996,4,0,,NIC-0BA8JGZMT,PASSPORT_IMMIGRATION,B,3,1
P000416,Manikandan Annadurai,Manikandan,Annadurai,Gullu Manikandan,M,1987-02-08,39,tamil,Karnataka,Mangaluru,Ullal,LOC000101,,CRIMINAL,MULE,ORG000005,SYN-MIN,28,0.086,ABSCONDING,2015,3,0,,NIC-6PYB5ZX8G,IPDR,B,6,1
P000417,Yogendra Tomar,Yogendra,Tomar,Kabootar,M,1982-11-01,43,hindi_belt,Maharashtra,Mumbai,Bhendi Bazaar,LOC000004,,CRIMINAL,LOGISTICS,ORG000006,SYN-TRF,51,0.438,ON_BAIL,2006,5,0,,NIC-TXZQ98MEJ,CDR,C,2,1
P000418,Gopal Naskar,Gopal,Naskar,,M,1997-10-09,28,bengali,Bihar,Siwan,Mahadeva,LOC000039,,CRIMINAL,FIXER,ORG000006,SYN-TRF,80,0.625,UNDER_SURVEILLANCE,2014,5,0,,NIC-4NKAONFJJ,BANK_STATEMENT,B,1,1
P000419,Palash Mistry,Palash,Mistry,Guddu Palash,M,1980-05-17,46,bengali,Karnataka,Kalaburagi,Afzalpur,LOC000102,,CRIMINAL,TECH_HANDLER,ORG000006,SYN-TRF,69,0.439,IN_JUDICIAL_CUSTODY,2022,4,0,,NIC-4WT7U7FNK,SEIZURE_MEMO,D,3,1
P000420,Shahnawaz Hussain,Shahnawaz,Hussain,Kabootar,M,1995-07-21,30,muslim,Karnataka,Bengaluru,KG Halli,LOC000099,,CRIMINAL,MULE,ORG000006,SYN-TRF,26,0.079,ON_BAIL,2011,7,0,,NIC-W1N9MYXLA,SURVEILLANCE_REPORT,B,3,1
P000421,Yusuf Hussain,Yusuf,Hussain,Anna Yusuf,M,1998-05-02,28,muslim,Maharashtra,Mumbai,Dongri,LOC000001,,CRIMINAL,RECRUITER,ORG000006,SYN-TRF,68,0.589,AT_LARGE,2015,8,0,,NIC-QRDB435L4,CHARGESHEET,D,4,1
P000422,Debashish Biswas,Debashish,Biswas,Anna Debashish,M,1965-07-27,60,bengali,Haryana,Gurugram,Sohna,LOC000061,,CRIMINAL,MULE,ORG000006,SYN-TRF,18,0.075,ABSCONDING,2022,7,0,,NIC-8RMBVUKX7,FIR,E,2,1
P000423,Sikha Halder,Sikha,Halder,Sikha Master,F,1965-03-15,61,bengali,Karnataka,Mangaluru,Ullal,LOC000101,,CRIMINAL,COURIER,ORG000006,SYN-TRF,31,0.174,AT_LARGE,2025,9,0,,NIC-ATR9WHV3F,INFORMANT_TIP,E,1,1
P000424,Shanti Dubey,Shanti,Dubey,Shanti Kaka,F,1970-01-07,56,hindi_belt,Karnataka,Bengaluru,KG Halli,LOC000099,,CRIMINAL,RECRUITER,ORG000006,SYN-TRF,68,0.58,AT_LARGE,2022,10,0,,NIC-TMITDYSLR,BANK_STATEMENT,C,2,1
P000425,Nirmal Chakraborty,Nirmal,Chakraborty,Nirmal Raja,M,1976-02-16,50,bengali,Karnataka,Kalaburagi,Afzalpur,LOC000102,,CRIMINAL,TECH_HANDLER,ORG000006,SYN-TRF,56,0.403,DECLARED_PO,2013,12,0,,NIC-KCYJ8N1WS,SURVEILLANCE_REPORT,B,5,1
P000426,Ibrahim Mirza,Ibrahim,Mirza,Doctor Ibrahim,M,1989-05-02,37,muslim,Bihar,Munger,Kasim Bazaar,LOC000036,,CRIMINAL,LIEUTENANT,ORG000006,SYN-TRF,75,0.696,AT_LARGE,2008,6,0,,NIC-UXYCUGWAK,INTELLIGENCE_REPORT,B,2,1
P000427,Naseer Baig,Naseer,Baig,Naseer Guddu,M,1988-10-15,37,muslim,Assam,Guwahati,Paltan Bazaar,LOC000113,,CRIMINAL,SHOOTER,ORG000006,SYN-TRF,88,0.347,IN_JUDICIAL_CUSTODY,2007,6,0,,NIC-PQXV4ZTCO,PASSPORT_IMMIGRATION,E,5,1
P000428,Sajid Farooqui,Sajid,Farooqui,,M,1992-03-10,34,muslim,West Bengal,Kolkata,Rajabazar,LOC000048,,CRIMINAL,SHOOTER,ORG000006,SYN-TRF,89,0.406,AT_LARGE,2012,2,0,,NIC-MIIVDFTJW,IPDR,B,2,1
P000429,Tapan Biswas,Tapan,Biswas,Chacha Tapan,M,1987-02-24,39,bengali,Assam,Guwahati,Paltan Bazaar,LOC000113,,CRIMINAL,LIEUTENANT,ORG000006,SYN-TRF,79,0.764,ABSCONDING,2010,6,0,,NIC-4KWG49ZN4,SEIZURE_MEMO,B,2,1
P000430,Kartik Halder,Kartik,Halder,Pappu Kartik,M,1978-11-24,47,bengali,Delhi,New Delhi,Nangloi,LOC000020,,CRIMINAL,LOGISTICS,ORG000006,SYN-TRF,58,0.448,ON_BAIL,1998,5,0,,NIC-BOLPXXV6A,INFORMANT_TIP,C,2,1
P000431,Bikash Roy,Bikash,Roy,Bikash Lambu,M,1965-06-13,61,bengali,Bihar,Gaya,Chandauti,LOC000038,,CRIMINAL,LIEUTENANT,ORG000006,SYN-TRF,92,0.767,AT_LARGE,2019,9,0,,NIC-4CQ0LKZ7G,IPDR,D,2,1
P000432,Mohammed Pathan,Mohammed,Pathan,Guddu,M,1996-09-13,29,muslim,Bihar,Munger,Kasim Bazaar,LOC000036,,CRIMINAL,HAWALA_OPERATOR,ORG000006,SYN-TRF,60,0.7,AT_LARGE,2017,3,0,,NIC-DT1QH26X4,CHARGESHEET,B,3,1
P000433,Subhas Naskar,Subhas,Naskar,Subhas Cheetah,M,1969-01-11,57,bengali,Haryana,Nuh,Punhana,LOC000060,,CRIMINAL,MULE,ORG000006,SYN-TRF,37,0.083,AT_LARGE,2007,5,0,,NIC-31D3SCH53,CRIMINAL_HISTORY_DB,A,3,1
P000434,Ibrahim Khan,Ibrahim,Khan,Ibrahim Raja,M,1971-05-12,55,muslim,Maharashtra,Mumbai,Andheri,LOC000005,,CRIMINAL,FIXER,ORG000006,SYN-TRF,68,0.5,IN_JUDICIAL_CUSTODY,2011,10,0,,NIC-HWC8ZPLF8,CDR,A,1,1
P000435,Naseer Zaidi,Naseer,Zaidi,Naseer Chhota,M,1993-10-15,32,muslim,Assam,Karimganj,Sutarkandi,LOC000115,,CRIMINAL,LOGISTICS,ORG000006,SYN-TRF,46,0.468,DECLARED_PO,2011,6,0,,NIC-GY6FVT1ZB,BANK_STATEMENT,E,2,1
P000436,Shahnawaz Mirza,Shahnawaz,Mirza,,M,1979-10-17,46,muslim,Maharashtra,Mumbai,Andheri,LOC000005,,CRIMINAL,LOGISTICS,ORG000006,SYN-TRF,62,0.408,ABSCONDING,2001,11,0,,NIC-DX4N1RLR6,SEIZURE_MEMO,A,2,1
P000437,Farida Khan,Farida,Khan,Raja,F,2002-03-09,24,muslim,Haryana,Hisar,Barwala,LOC000063,,CRIMINAL,RECRUITER,ORG000006,SYN-TRF,56,0.467,UNDER_SURVEILLANCE,2025,3,0,,NIC-OOBUOES30,SEIZURE_MEMO,C,3,1
P000438,Kartik Bose,Kartik,Bose,Baba Kartik,M,1969-08-24,56,bengali,Haryana,Hisar,Barwala,LOC000063,,CRIMINAL,FIELD_OPERATIVE,ORG000006,SYN-TRF,66,0.24,ABSCONDING,2010,5,0,,NIC-ZCF59WFN7,CRIMINAL_HISTORY_DB,B,4,1
P000439,Gopal Biswas,Gopal,Biswas,,M,1996-07-14,29,bengali,Maharashtra,Mumbai,Malad,LOC000006,,CRIMINAL,FIELD_OPERATIVE,ORG000006,SYN-TRF,36,0.231,AT_LARGE,2016,8,0,,NIC-5PY8IYHGZ,SURVEILLANCE_REPORT,B,1,1
P000440,Swapan Gayen,Swapan,Gayen,Swapan Pehalwan,M,1973-07-20,52,bengali,Delhi,New Delhi,Nangloi,LOC000020,,CRIMINAL,SHOOTER,ORG000006,SYN-TRF,78,0.371,UNDER_SURVEILLANCE,2025,5,0,,NIC-U688ZOZ53,SOCIAL_MEDIA_INTEL,D,2,1
P000441,Tanveer Rahman,Tanveer,Rahman,Chikna Tanveer,M,2001-03-22,25,muslim,Haryana,Hisar,Barwala,LOC000063,,CRIMINAL,FIELD_OPERATIVE,ORG000006,SYN-TRF,41,0.242,UNDER_SURVEILLANCE,2018,4,0,,NIC-BOI6F0BUP,BANK_STATEMENT,C,2,1
P000442,Swapan Gayen,Swapan,Gayen,,M,1972-03-15,54,bengali,Maharashtra,Solapur,Barshi,LOC000014,,CRIMINAL,LOGISTICS,ORG000006,SYN-TRF,56,0.408,DECLARED_PO,2003,9,0,,NIC-4MUISEBN3,IPDR,B,3,1
P000443,Salim Zaidi,Salim,Zaidi,,M,1970-04-15,56,muslim,Haryana,Sonipat,Gohana,LOC000062,,CRIMINAL,MULE,ORG000006,SYN-TRF,38,0.066,ABSCONDING,2013,5,0,,NIC-C074YE0Q8,CDR,C,3,1
P000444,Haroon Ansari,Haroon,Ansari,Master Haroon,M,1985-12-25,40,muslim,Bihar,Purnia,Khajanchi Hat,LOC000041,,CRIMINAL,LOGISTICS,ORG000006,SYN-TRF,46,0.471,DECLARED_PO,2008,3,0,,NIC-21HGJQHKX,INTELLIGENCE_REPORT,C,1,1
P000445,Kartik Das,Kartik,Das,,M,1975-05-11,51,bengali,Delhi,New Delhi,Paharganj,LOC000022,,CRIMINAL,COURIER,ORG000006,SYN-TRF,39,0.169,IN_JUDICIAL_CUSTODY,2018,8,0,,NIC-2QRCIJ7SB,SURVEILLANCE_REPORT,D,3,1
P000446,Udaiveer Gupta,Udaiveer,Gupta,,M,2003-05-05,23,hindi_belt,Delhi,New Delhi,Paharganj,LOC000022,,CRIMINAL,CORRUPT_OFFICIAL,ORG000006,SYN-TRF,73,0.563,EXTRADITION_PENDING,2025,7,0,,NIC-SYQOBNTJA,SOCIAL_MEDIA_INTEL,B,3,1
P000447,Javed Malik,Javed,Malik,Doctor,M,1997-09-11,28,muslim,Karnataka,Bengaluru,Yeshwanthpur,LOC000100,,CRIMINAL,FIELD_OPERATIVE,ORG000006,SYN-TRF,68,0.263,ABSCONDING,2022,9,0,,NIC-74L4YAEVO,SOCIAL_MEDIA_INTEL,B,1,1
P000448,Gautam Majumdar,Gautam,Majumdar,Gautam Raja,M,1993-04-24,33,bengali,Delhi,New Delhi,Chandni Chowk,LOC000015,,CRIMINAL,FIELD_OPERATIVE,ORG000006,SYN-TRF,47,0.214,DECLARED_PO,2017,5,0,,NIC-V6ER988FD,IPDR,C,2,1
P000449,Sanjib Bhattacharya,Sanjib,Bhattacharya,Sanjib Kaana,M,1971-01-20,55,bengali,Karnataka,Kalaburagi,Afzalpur,LOC000102,,CRIMINAL,COURIER,ORG000006,SYN-TRF,38,0.195,IN_JUDICIAL_CUSTODY,1997,7,0,,NIC-EI7TDNOP4,IPDR,A,4,1
P000450,Neelam Singh,Neelam,Singh,Lambu Neelam,F,1990-04-04,36,hindi_belt,Delhi,New Delhi,Seelampur,LOC000016,,CRIMINAL,FIXER,ORG000006,SYN-TRF,72,0.615,ON_BAIL,2021,5,0,,NIC-1H2M3AQ0R,IPDR,C,2,1
P000451,Munna Chauhan,Munna,Chauhan,,M,2003-09-17,22,hindi_belt,Bihar,Muzaffarpur,Mithanpura,LOC000037,,CRIMINAL,FIELD_OPERATIVE,ORG000006,SYN-TRF,54,0.215,UNDER_SURVEILLANCE,2019,3,0,,NIC-L5AU645KL,CDR,D,3,1
P000452,Mushtaq Baig,Mushtaq,Baig,Tinku Mushtaq,M,1972-02-25,54,muslim,Haryana,Gurugram,Sohna,LOC000061,,CRIMINAL,MULE,ORG000006,SYN-TRF,22,0.088,AT_LARGE,2017,6,0,,NIC-4GTNJUKMZ,PASSPORT_IMMIGRATION,A,1,1
P000453,Hariom Shukla,Hariom,Shukla,,M,1977-04-09,49,hindi_belt,Haryana,Hisar,Barwala,LOC000063,,CRIMINAL,LOGISTICS,ORG000006,SYN-TRF,60,0.504,UNDER_SURVEILLANCE,2020,5,0,,NIC-XJTVWU2T1,INFORMANT_TIP,B,2,1
P000454,Gautam Halder,Gautam,Halder,,M,1961-12-07,64,bengali,Delhi,New Delhi,Najafgarh,LOC000019,,CRIMINAL,RECRUITER,ORG000006,SYN-TRF,54,0.456,AT_LARGE,2023,9,0,,NIC-XBU1YU99M,PASSPORT_IMMIGRATION,B,3,1
P000455,Kartik Majumdar,Kartik,Majumdar,,M,1990-01-25,36,bengali,Karnataka,Ballari,Sandur,LOC000103,,CRIMINAL,FIELD_OPERATIVE,ORG000006,SYN-TRF,59,0.287,ON_BAIL,2009,6,0,,NIC-5PRYDGDVR,TOWER_DUMP,B,5,1
P000456,Manju Prajapati,Manju,Prajapati,Manju Langda,F,1969-10-10,56,hindi_belt,Haryana,Gurugram,Sohna,LOC000061,,CRIMINAL,MULE,ORG000006,SYN-TRF,33,0.075,AT_LARGE,2024,8,0,,NIC-8Q97SBIEU,CRIMINAL_HISTORY_DB,E,2,1
P000457,Naseer Malik,Naseer,Malik,Chhota,M,2003-12-09,22,muslim,Bihar,Munger,Kasim Bazaar,LOC000036,,CRIMINAL,FENCE,ORG000006,SYN-TRF,48,0.259,UNDER_SURVEILLANCE,2023,8,0,,NIC-01Z5D7D6X,FIR,C,6,1
P000458,Zubair Ahmed,Zubair,Ahmed,Chacha,M,2000-02-24,26,muslim,Maharashtra,Mumbai,Malad,LOC000006,,CRIMINAL,MULE,ORG000006,SYN-TRF,17,0.069,ON_BAIL,2018,5,0,,NIC-K6F3ME1R3,IPDR,D,6,1
P000459,Gopal Pal,Gopal,Pal,Bhai,M,1961-07-19,64,bengali,Delhi,New Delhi,Sangam Vihar,LOC000021,,CRIMINAL,CORRUPT_OFFICIAL,ORG000006,SYN-TRF,59,0.535,UNDER_SURVEILLANCE,2024,3,0,,NIC-U1JQOU83M,PASSPORT_IMMIGRATION,D,5,1
P000460,Anil Pandey,Anil,Pandey,,M,1966-01-18,60,hindi_belt,Bihar,Munger,Kasim Bazaar,LOC000036,,CRIMINAL,FINANCIER,ORG000006,SYN-TRF,66,0.761,IN_JUDICIAL_CUSTODY,2020,10,0,,NIC-EUUONMTK1,SOCIAL_MEDIA_INTEL,B,5,1
P000461,Palash Sarkar,Palash,Sarkar,Palash Kallu,M,1961-08-24,64,bengali,Haryana,Hisar,Barwala,LOC000063,,CRIMINAL,MULE,ORG000006,SYN-TRF,38,0.077,ON_BAIL,2019,8,0,,NIC-NYHFL67HK,PASSPORT_IMMIGRATION,B,5,1
P000462,Kuldeep Pandey,Kuldeep,Pandey,Bhai,M,1992-06-16,34,hindi_belt,Assam,Guwahati,Paltan Bazaar,LOC000113,,CRIMINAL,FIELD_OPERATIVE,ORG000006,SYN-TRF,51,0.206,UNDER_SURVEILLANCE,2020,7,0,,NIC-0ZGWXTE1T,SURVEILLANCE_REPORT,F,1,1
P000463,Ashim Pal,Ashim,Pal,Ashim Sarkar,M,1975-03-19,51,bengali,West Bengal,Kolkata,Rajabazar,LOC000048,,CRIMINAL,SHOOTER,ORG000006,SYN-TRF,70,0.346,DECLARED_PO,2019,8,0,,NIC-CDNSX0K0L,BANK_STATEMENT,E,5,1
P000464,Vinod Rajput,Vinod,Rajput,,M,1991-04-10,35,hindi_belt,Assam,Guwahati,Paltan Bazaar,LOC000113,Nepal,CRIMINAL,KINGPIN,ORG000006,SYN-TRF,92,0.83,ABSCONDING,2012,11,0,,NIC-BVB4CJ0C8,INTELLIGENCE_REPORT,D,3,1
P000465,Sanjib Das,Sanjib,Das,,M,1967-08-15,58,bengali,Delhi,New Delhi,Seelampur,LOC000016,,CRIMINAL,CORRUPT_OFFICIAL,ORG000006,SYN-TRF,63,0.659,ON_BAIL,1999,3,0,,NIC-IAT44QIU8,CRIMINAL_HISTORY_DB,E,3,1
P000466,Har Prasad Pandey,Har Prasad,Pandey,,M,1992-03-26,34,hindi_belt,Assam,Guwahati,Paltan Bazaar,LOC000113,,CRIMINAL,HAWALA_OPERATOR,ORG000006,SYN-TRF,67,0.783,ON_BAIL,2024,7,0,,NIC-ZSGPOQLTV,CHARGESHEET,F,3,1
P000467,Firoz Rahman,Firoz,Rahman,,M,2002-03-19,24,muslim,Delhi,New Delhi,Nangloi,LOC000020,,CRIMINAL,COURIER,ORG000006,SYN-TRF,53,0.15,UNDER_SURVEILLANCE,2025,6,0,,NIC-YDMLAJCPK,INTELLIGENCE_REPORT,B,3,1
P000468,Gopal Naskar,Gopal,Naskar,Raja Gopal,M,1989-10-09,36,bengali,Delhi,New Delhi,Karol Bagh,LOC000018,,CRIMINAL,SHOOTER,ORG000006,SYN-TRF,87,0.384,AT_LARGE,2013,5,0,,NIC-VVLQV593G,SEIZURE_MEMO,D,4,1
P000469,Mohammed Baig,Mohammed,Baig,Chhota Mohammed,M,1974-08-27,51,muslim,Assam,Guwahati,Paltan Bazaar,LOC000113,,CRIMINAL,RECRUITER,ORG000006,SYN-TRF,51,0.567,AT_LARGE,2020,9,0,,NIC-T219F6LZ6,SURVEILLANCE_REPORT,A,3,1
P000470,Girdhari Shukla,Girdhari,Shukla,,M,1996-09-17,29,hindi_belt,Haryana,Gurugram,Sohna,LOC000061,,CRIMINAL,RECRUITER,ORG000006,SYN-TRF,49,0.475,AT_LARGE,2025,6,0,,NIC-O7KXKGKOJ,TOWER_DUMP,E,3,1
P000471,Swapan Dutta,Swapan,Dutta,,M,1990-08-11,35,bengali,Delhi,New Delhi,Sangam Vihar,LOC000021,,CRIMINAL,SHOOTER,ORG000006,SYN-TRF,74,0.325,IN_JUDICIAL_CUSTODY,2013,3,0,,NIC-EQ9TNED0I,BANK_STATEMENT,B,1,1
P000472,Manoj Kashyap,Manoj,Kashyap,,M,1998-07-27,27,hindi_belt,West Bengal,Siliguri,Matigara,LOC000052,,CRIMINAL,LIEUTENANT,ORG000007,SYN-ARM,84,0.667,UNDER_SURVEILLANCE,2018,8,0,,NIC-237CZ1BNL,FIR,C,2,1
P000473,Arun Kashyap,Arun,Kashyap,,M,1982-04-09,44,hindi_belt,Maharashtra,Mumbai,Malad,LOC000006,,CRIMINAL,MULE,ORG000007,SYN-ARM,29,0.075,ON_BAIL,2017,6,0,,NIC-QKN99UZWL,IPDR,D,2,1
P000474,Prakash Singh,Prakash,Singh,Prakash Guddu,M,2000-07-11,25,hindi_belt,Maharashtra,Mumbai,Dharavi,LOC000002,,CRIMINAL,LOGISTICS,ORG000007,SYN-ARM,64,0.402,ABSCONDING,2024,3,0,,NIC-5WV2XKKUB,CDR,A,2,1
P000475,Tanveer Pathan,Tanveer,Pathan,,M,1964-04-03,62,muslim,Jharkhand,Giridih,Bengabad,LOC000046,,CRIMINAL,MULE,ORG000007,SYN-ARM,17,0.092,UNDER_SURVEILLANCE,2024,6,0,,NIC-ZQJV8WZIY,CDR,D,3,1
P000476,Imran Rahman,Imran,Rahman,,M,1962-04-18,64,muslim,Madhya Pradesh,Gwalior,Morar,LOC000080,,CRIMINAL,MULE,ORG000007,SYN-ARM,19,0.073,ON_BAIL,2015,5,0,,NIC-5OOPO2NJA,SOCIAL_MEDIA_INTEL,B,1,1
P000477,Tanveer Farooqui,Tanveer,Farooqui,,M,1971-09-19,54,muslim,Madhya Pradesh,Gwalior,Morar,LOC000080,,CRIMINAL,FIELD_OPERATIVE,ORG000007,SYN-ARM,60,0.285,IN_JUDICIAL_CUSTODY,2000,6,0,,NIC-YQXQ1XXPU,TOWER_DUMP,B,5,1
P000478,Triloki Tiwari,Triloki,Tiwari,Langda,M,1992-12-16,33,hindi_belt,Bihar,Purnia,Khajanchi Hat,LOC000041,,CRIMINAL,FIELD_OPERATIVE,ORG000007,SYN-ARM,55,0.27,IN_JUDICIAL_CUSTODY,2025,4,0,,NIC-9O3RD3251,CDR,E,1,1
P000479,Balbir Baghel,Balbir,Baghel,,M,1964-11-12,61,hindi_belt,Maharashtra,Mumbai,Kurla,LOC000003,,CRIMINAL,LOGISTICS,ORG000007,SYN-ARM,47,0.414,ON_BAIL,2003,11,0,,NIC-QB51IZN2T,TOWER_DUMP,C,2,1
P000480,Tanveer Farooqui,Tanveer,Farooqui,Tanveer Dada,M,1999-01-23,27,muslim,Uttar Pradesh,Lucknow,Aminabad,LOC000023,,CRIMINAL,RECRUITER,ORG000007,SYN-ARM,72,0.52,ON_BAIL,2021,4,0,,NIC-70KMPLLB5,CHARGESHEET,A,1,1
P000481,Sajid Mansuri,Sajid,Mansuri,Sajid Tiger,M,1971-02-10,55,muslim,Madhya Pradesh,Khargone,Sanawad,LOC000079,,CRIMINAL,COURIER,ORG000007,SYN-ARM,41,0.18,ON_BAIL,2024,9,0,,NIC-LQZMOWFV2,PASSPORT_IMMIGRATION,A,2,1
P000482,Naresh Mishra,Naresh,Mishra,Seth,M,1960-01-11,66,hindi_belt,Bihar,Siwan,Mahadeva,LOC000039,,CRIMINAL,COURIER,ORG000007,SYN-ARM,42,0.184,AT_LARGE,2014,7,0,,NIC-ELM5L8NWG,SEIZURE_MEMO,E,3,1
P000483,Ibrahim Pathan,Ibrahim,Pathan,,M,1988-01-20,38,muslim,West Bengal,Kolkata,Rajabazar,LOC000048,,CRIMINAL,SHOOTER,ORG000007,SYN-ARM,71,0.399,UNDER_SURVEILLANCE,2023,6,0,,NIC-HTSGWL7KG,IPDR,A,1,1
P000484,Tanveer Shaikh,Tanveer,Shaikh,Tanveer Nanha,M,2002-09-03,23,muslim,Jharkhand,Jamtara,Karmatanr,LOC000042,,CRIMINAL,LOGISTICS,ORG000007,SYN-ARM,55,0.501,ABSCONDING,2024,5,0,,NIC-MZCWD4G7F,SEIZURE_MEMO,C,5,1
P000485,Pramod Kushwaha,Pramod,Kushwaha,Pramod Ustad,M,2000-07-13,25,hindi_belt,Madhya Pradesh,Khargone,Sanawad,LOC000079,Nepal,CRIMINAL,HAWALA_OPERATOR,ORG000007,SYN-ARM,75,0.716,DECLARED_PO,2025,8,0,,NIC-YT5SD7CMF,SOCIAL_MEDIA_INTEL,D,3,1
P000486,Tanveer Khan,Tanveer,Khan,Kabootar,M,1984-04-12,42,muslim,Bihar,Muzaffarpur,Mithanpura,LOC000037,,CRIMINAL,MULE,ORG000007,SYN-ARM,32,0.078,ABSCONDING,2002,5,0,,NIC-67L6XCNG3,BANK_STATEMENT,D,3,1
P000487,Ashfaq Zaidi,Ashfaq,Zaidi,,M,1984-04-23,42,muslim,Bihar,Patna,Kadamkuan,LOC000035,,CRIMINAL,RECRUITER,ORG000007,SYN-ARM,51,0.411,UNDER_SURVEILLANCE,2008,8,0,,NIC-PVLYOXZCJ,BANK_STATEMENT,C,3,1
P000488,Aslam Ahmed,Aslam,Ahmed,Aslam Tiger,M,1977-07-23,48,muslim,Madhya Pradesh,Jabalpur,Gorakhpur,LOC000082,,CRIMINAL,MULE,ORG000007,SYN-ARM,15,0.09,DECLARED_PO,2024,10,0,,NIC-M5QAZC2IO,CDR,C,1,1
P000489,Jitendra Mishra,Jitendra,Mishra,Jitendra Kabootar,M,2003-12-23,22,hindi_belt,Maharashtra,Mumbai,Andheri,LOC000005,,CRIMINAL,MULE,ORG000007,SYN-ARM,27,0.082,AT_LARGE,2019,6,0,,NIC-GHZMF95MI,TOWER_DUMP,F,2,1
P000490,Ashok Verma,Ashok,Verma,Kallu Ashok,M,1964-04-14,62,hindi_belt,Maharashtra,Aurangabad,Cidco,LOC000013,,CRIMINAL,CORRUPT_OFFICIAL,ORG000007,SYN-ARM,69,0.673,UNDER_SURVEILLANCE,2002,11,0,,NIC-C6MNUCAJV,SOCIAL_MEDIA_INTEL,E,2,1
P000491,Anil Srivastava,Anil,Srivastava,Kallu Anil,M,1964-04-06,62,hindi_belt,Uttar Pradesh,Muzaffarnagar,Kutba,LOC000031,,CRIMINAL,SHOOTER,ORG000007,SYN-ARM,90,0.29,ON_BAIL,2009,10,0,,NIC-2EP7S9KJ9,CRIMINAL_HISTORY_DB,A,3,1
P000492,Sunil Nagar,Sunil,Nagar,Sunil Anna,M,1962-03-04,64,hindi_belt,Uttar Pradesh,Varanasi,Chetganj,LOC000028,,CRIMINAL,FIELD_OPERATIVE,ORG000007,SYN-ARM,49,0.278,AT_LARGE,2019,7,0,,NIC-HOC8EB4YS,SEIZURE_MEMO,C,2,1
P000493,Yusuf Saifi,Yusuf,Saifi,Bada Yusuf,M,1989-09-12,36,muslim,Jharkhand,Deoghar,Sarwan,LOC000043,,CRIMINAL,FIELD_OPERATIVE,ORG000007,SYN-ARM,49,0.292,EXTRADITION_PENDING,2012,3,0,,NIC-YQKXB1TJC,IPDR,B,4,1
P000494,Yogendra Pandey,Yogendra,Pandey,Yogendra Pappu,M,1986-08-24,39,hindi_belt,Jharkhand,Ranchi,Hatia,LOC000045,,CRIMINAL,INFORMANT,ORG000007,SYN-ARM,34,0.188,IN_JUDICIAL_CUSTODY,2015,3,0,,NIC-ZI7NPNMMX,IPDR,C,4,1
P000495,Firoz Mansuri,Firoz,Mansuri,,M,2001-08-10,24,muslim,Bihar,Siwan,Mahadeva,LOC000039,,CRIMINAL,FENCE,ORG000007,SYN-ARM,64,0.291,AT_LARGE,2019,7,0,,NIC-MNV9KY71L,IPDR,A,2,1
P000496,Har Prasad Rajput,Har Prasad,Rajput,,M,1986-06-15,40,hindi_belt,Madhya Pradesh,Indore,Rau,LOC000078,,CRIMINAL,FIELD_OPERATIVE,ORG000007,SYN-ARM,50,0.217,AT_LARGE,2013,7,0,,NIC-5U7CGEFBA,FIR,B,1,1
P000497,Prakash Thakur,Prakash,Thakur,Lambu Prakash,M,1999-06-19,27,hindi_belt,Bihar,Muzaffarpur,Mithanpura,LOC000037,,CRIMINAL,KINGPIN,ORG000007,SYN-ARM,95,0.929,ABSCONDING,2019,10,0,,NIC-9KJK0H80K,TOWER_DUMP,C,2,1
P000498,Chandrabhan Srivastava,Chandrabhan,Srivastava,Chacha Chandrabhan,M,1966-01-05,60,hindi_belt,Madhya Pradesh,Gwalior,Morar,LOC000080,,CRIMINAL,LIEUTENANT,ORG000007,SYN-ARM,84,0.662,ABSCONDING,2005,4,0,,NIC-X2L2B5WVF,CRIMINAL_HISTORY_DB,A,1,1
P000499,Chandrabhan Pandey,Chandrabhan,Pandey,Doctor,M,1978-12-26,47,hindi_belt,Maharashtra,Mumbai,Malad,LOC000006,,CRIMINAL,FIELD_OPERATIVE,ORG000007,SYN-ARM,40,0.206,AT_LARGE,2016,6,0,,NIC-0KXQM6R7B,IPDR,B,1,1
P000500,Wasim Rahman,Wasim,Rahman,Wasim Kabootar,M,2002-08-22,23,muslim,Bihar,Muzaffarpur,Mithanpura,LOC000037,,CRIMINAL,RECRUITER,ORG000007,SYN-ARM,50,0.586,IN_JUDICIAL_CUSTODY,2023,6,0,,NIC-ABTYM4YYC,CHARGESHEET,C,3,1
P000501,Rafiq Siddiqui,Rafiq,Siddiqui,Rafiq Kallu,M,1976-09-07,49,muslim,Uttar Pradesh,Jaunpur,Line Bazaar,LOC000034,,CRIMINAL,MULE,ORG000007,SYN-ARM,30,0.092,AT_LARGE,2021,12,0,,NIC-FU6HBIGPE,BANK_STATEMENT,B,1,1
P000502,Ramesh Nagar,Ramesh,Nagar,Kallu,M,1981-10-03,44,hindi_belt,Bihar,Begusarai,Barauni,LOC000040,,CRIMINAL,CORRUPT_OFFICIAL,ORG000007,SYN-ARM,54,0.681,ABSCONDING,2022,4,0,,NIC-VGHDIMFLF,CHARGESHEET,E,1,1
P000503,Kavita Nishad,Kavita,Nishad,,F,1993-04-16,33,hindi_belt,Uttar Pradesh,Azamgarh,Sarai Mir,LOC000033,,CRIMINAL,FIELD_OPERATIVE,ORG000007,SYN-ARM,47,0.25,ABSCONDING,2015,6,0,,NIC-L4SD2L6AF,BANK_STATEMENT,F,2,1
P000504,Jitendra Solanki,Jitendra,Solanki,Jitendra Raja,M,1985-11-27,40,hindi_belt,Madhya Pradesh,Indore,Rau,LOC000078,,CRIMINAL,SHOOTER,ORG000007,SYN-ARM,88,0.323,AT_LARGE,2024,7,0,,NIC-1QWP7AQSK,CDR,A,3,1
P000505,Nazia Khan,Nazia,Khan,,F,1965-06-19,61,muslim,Maharashtra,Nagpur,Kamptee,LOC000011,,CRIMINAL,MULE,ORG000007,SYN-ARM,39,0.076,AT_LARGE,2019,7,0,,NIC-EQU2W4X5T,PASSPORT_IMMIGRATION,B,3,1
P000506,Urmila Prajapati,Urmila,Prajapati,Urmila Chacha,F,1980-07-15,45,hindi_belt,Jharkhand,Ranchi,Hatia,LOC000045,,CRIMINAL,LOGISTICS,ORG000007,SYN-ARM,59,0.431,ON_BAIL,2000,4,0,,NIC-BIUYJZXA1,PASSPORT_IMMIGRATION,D,5,1
P000507,Suresh Nishad,Suresh,Nishad,Suresh Cheetah,M,1977-06-07,49,hindi_belt,Jharkhand,Deoghar,Sarwan,LOC000043,,CRIMINAL,FENCE,ORG000007,SYN-ARM,40,0.349,AT_LARGE,1999,6,0,,NIC-9ROM5511K,IPDR,E,1,1
P000508,Rizwan Ahmed,Rizwan,Ahmed,Rizwan Lambu,M,1993-08-26,32,muslim,Madhya Pradesh,Indore,Rau,LOC000078,,CRIMINAL,FIELD_OPERATIVE,ORG000007,SYN-ARM,48,0.262,AT_LARGE,2024,9,0,,NIC-VT1HI7SVX,PASSPORT_IMMIGRATION,C,1,1
P000509,Shakeel Mirza,Shakeel,Mirza,,M,1974-06-21,52,muslim,Uttar Pradesh,Jaunpur,Line Bazaar,LOC000034,,CRIMINAL,RECRUITER,ORG000007,SYN-ARM,63,0.51,ABSCONDING,2008,3,0,,NIC-VMIUOPP54,FIR,B,4,1
P000510,Nazia Saifi,Nazia,Saifi,,F,1977-02-15,49,muslim,West Bengal,Siliguri,Matigara,LOC000052,,CRIMINAL,LOGISTICS,ORG000007,SYN-ARM,57,0.497,DECLARED_PO,2000,6,0,,NIC-RJXD4POAU,CRIMINAL_HISTORY_DB,D,3,1
P000511,Rafiq Zaidi,Rafiq,Zaidi,Kaka Rafiq,M,2001-04-20,25,muslim,West Bengal,Kolkata,Rajabazar,LOC000048,,CRIMINAL,FENCE,ORG000007,SYN-ARM,59,0.562,AT_LARGE,2023,6,1,,NIC-76SPY1ATQ,SURVEILLANCE_REPORT,A,1,1
P000512,Firoz Saifi,Firoz,Saifi,,M,1995-03-20,31,muslim,Maharashtra,Thane,Mumbra,LOC000007,,CRIMINAL,SHOOTER,ORG000007,SYN-ARM,84,0.301,ON_BAIL,2019,5,0,,NIC-R3RM3SKIU,FIR,A,4,1
P000513,Devendra Bhardwaj,Devendra,Bhardwaj,Chacha Devendra,M,1987-11-11,38,hindi_belt,Bihar,Begusarai,Barauni,LOC000040,,CRIMINAL,FIXER,ORG000007,SYN-ARM,67,0.499,AT_LARGE,2025,6,0,,NIC-SUC6DI5EE,BANK_STATEMENT,A,3,1
P000514,Rafiq Sheikh,Rafiq,Sheikh,Rafiq Bandook,M,1964-08-13,61,muslim,Jharkhand,Dhanbad,Jharia,LOC000044,,CRIMINAL,LOGISTICS,ORG000007,SYN-ARM,62,0.433,AT_LARGE,1996,4,0,,NIC-J9FN2KHQO,SURVEILLANCE_REPORT,A,3,1
P000515,Mahesh Chauhan,Mahesh,Chauhan,Guddu Mahesh,M,1968-09-11,57,hindi_belt,Madhya Pradesh,Indore,Rau,LOC000078,,CRIMINAL,MULE,ORG000007,SYN-ARM,25,0.066,ABSCONDING,2007,9,0,,NIC-S5B09ECMC,SURVEILLANCE_REPORT,B,3,1
P000516,Altaf Pathan,Altaf,Pathan,,M,1969-09-01,56,muslim,Jharkhand,Deoghar,Sarwan,LOC000043,,CRIMINAL,SHOOTER,ORG000007,SYN-ARM,90,0.322,IN_JUDICIAL_CUSTODY,2016,5,0,,NIC-9X6YKMQVM,CRIMINAL_HISTORY_DB,D,2,1
P000517,Hariom Sengar,Hariom,Sengar,Kaka,M,1985-04-06,41,hindi_belt,West Bengal,Nadia,Karimpur,LOC000053,,CRIMINAL,MULE,ORG000007,SYN-ARM,18,0.092,ON_BAIL,2007,6,0,,NIC-NMTNTX3DO,INFORMANT_TIP,D,4,1
P000518,Rukhsana Rahman,Rukhsana,Rahman,,F,1984-12-11,41,muslim,Madhya Pradesh,Gwalior,Morar,LOC000080,,CRIMINAL,LOGISTICS,ORG000007,SYN-ARM,59,0.466,UNDER_SURVEILLANCE,2008,6,0,,NIC-K549SPEGA,FIR,C,4,1
P000519,Pramod Jaiswal,Pramod,Jaiswal,,M,1989-08-25,36,hindi_belt,Uttar Pradesh,Azamgarh,Sarai Mir,LOC000033,,CRIMINAL,FIXER,ORG000008,SYN-VEH,72,0.527,EXTRADITION_PENDING,2008,9,0,,NIC-CV6JV8KIN,CHARGESHEET,B,4,1
P000520,Simranjit Bains,Simranjit,Bains,Tinku Simranjit,F,1995-11-06,30,punjabi,Delhi,New Delhi,Najafgarh,LOC000019,,CRIMINAL,LOGISTICS,ORG000008,SYN-VEH,68,0.448,ON_BAIL,2021,10,0,,NIC-UX9Z7ZOW0,CHARGESHEET,D,1,1
P000521,Vijay Bhadauria,Vijay,Bhadauria,,M,1991-03-03,35,hindi_belt,Delhi,New Delhi,Seelampur,LOC000016,,CRIMINAL,FENCE,ORG000008,SYN-VEH,62,0.272,AT_LARGE,2009,7,0,,NIC-ZTN8GMBBB,SOCIAL_MEDIA_INTEL,A,2,1
P000522,Wasim Malik,Wasim,Malik,Wasim Lambu,M,1960-12-20,65,muslim,Bihar,Gaya,Chandauti,LOC000038,,CRIMINAL,LOGISTICS,ORG000008,SYN-VEH,54,0.438,ON_BAIL,2020,6,0,,NIC-4C5C5UWBQ,CHARGESHEET,B,4,1
P000523,Triloki Shukla,Triloki,Shukla,,M,1991-01-13,35,hindi_belt,Uttar Pradesh,Azamgarh,Sarai Mir,LOC000033,,CRIMINAL,RECRUITER,ORG000008,SYN-VEH,49,0.547,AT_LARGE,2022,6,0,,NIC-F4Q8FFPG3,INTELLIGENCE_REPORT,C,2,1
P000524,Aslam Saifi,Aslam,Saifi,,M,1986-02-01,40,muslim,Haryana,Faridabad,Ballabgarh,LOC000064,,CRIMINAL,HAWALA_OPERATOR,ORG000008,SYN-VEH,78,0.793,ABSCONDING,2005,4,0,,NIC-62E6L3RY8,SEIZURE_MEMO,C,2,1
P000525,Naseer Ahmed,Naseer,Ahmed,Naseer Cheetah,M,1978-10-11,47,muslim,Haryana,Nuh,Punhana,LOC000060,,CRIMINAL,MULE,ORG000008,SYN-VEH,28,0.068,UNDER_SURVEILLANCE,2014,5,0,,NIC-45PAYLYCT,BANK_STATEMENT,B,4,1
P000526,Vinod Singh,Vinod,Singh,Bandook Vinod,M,1968-12-20,57,hindi_belt,Haryana,Gurugram,Sohna,LOC000061,,CRIMINAL,MULE,ORG000008,SYN-VEH,33,0.086,AT_LARGE,1998,6,0,,NIC-B7X8G04CR,INTELLIGENCE_REPORT,C,2,1
P000527,Harbhajan Sarao,Harbhajan,Sarao,Kallu Harbhajan,M,1967-01-06,59,punjabi,Haryana,Gurugram,Sohna,LOC000061,,CRIMINAL,FENCE,ORG000008,SYN-VEH,42,0.317,AT_LARGE,2005,8,0,,NIC-8X9Q4EL0H,TOWER_DUMP,A,2,1
P000528,Satnam Sidhu,Satnam,Sidhu,Satnam Tempo,M,1967-09-22,58,punjabi,Rajasthan,Jodhpur,Osian,LOC000065,,CRIMINAL,LOGISTICS,ORG000008,SYN-VEH,53,0.5,ON_BAIL,2016,5,0,,NIC-UP4NM444N,CDR,A,3,1
P000529,Pramod Baghel,Pramod,Baghel,Pramod Chacha,M,1964-08-17,61,hindi_belt,Rajasthan,Bikaner,Nokha,LOC000066,,CRIMINAL,RECRUITER,ORG000008,SYN-VEH,50,0.484,IN_JUDICIAL_CUSTODY,2007,4,0,,NIC-XOQ0D1CUZ,FIR,A,3,1
P000530,Ranjit Bajwa,Ranjit,Bajwa,,M,1992-07-21,33,punjabi,Punjab,Jalandhar,Nakodar,LOC000058,,CRIMINAL,FIXER,ORG000008,SYN-VEH,79,0.544,IN_JUDICIAL_CUSTODY,2009,7,0,,NIC-7S5E1B0E9,CDR,C,4,1
P000531,Ashfaq Rahman,Ashfaq,Rahman,Ashfaq Kabootar,M,1998-06-10,28,muslim,Uttar Pradesh,Muzaffarnagar,Kutba,LOC000031,,CRIMINAL,RECRUITER,ORG000008,SYN-VEH,63,0.561,UNDER_SURVEILLANCE,2018,3,0,,NIC-9I4VF5V87,INFORMANT_TIP,C,2,1
P000532,Shakeel Rahman,Shakeel,Rahman,Shakeel Baba,M,1996-04-12,30,muslim,Uttar Pradesh,Ghaziabad,Loni,LOC000026,,CRIMINAL,SHOOTER,ORG000008,SYN-VEH,79,0.339,AT_LARGE,2020,3,0,,NIC-Q1MISMX89,CRIMINAL_HISTORY_DB,B,2,1
P000533,Jaswant Brar,Jaswant,Brar,,M,2000-06-06,26,punjabi,Haryana,Faridabad,Ballabgarh,LOC000064,,CRIMINAL,MULE,ORG000008,SYN-VEH,35,0.076,EXTRADITION_PENDING,2024,8,0,,NIC-Z4R38VJQE,SOCIAL_MEDIA_INTEL,A,2,1
P000534,Pushpa Awasthi,Pushpa,Awasthi,Pushpa Tiger,F,1995-10-27,30,hindi_belt,Punjab,Ferozepur,Mamdot,LOC000057,,CRIMINAL,TECH_HANDLER,ORG000008,SYN-VEH,53,0.335,AT_LARGE,2011,6,0,,NIC-15G41YUHI,BANK_STATEMENT,A,4,1
P000535,Om Prakash Bhardwaj,Om Prakash,Bhardwaj,Seth,M,1966-12-22,59,hindi_belt,Uttar Pradesh,Meerut,Lisari Gate,LOC000025,,CRIMINAL,LOGISTICS,ORG000008,SYN-VEH,58,0.379,ON_BAIL,1996,6,0,,NIC-HVRS1POOR,TOWER_DUMP,B,2,1
P000536,Javed Shaikh,Javed,Shaikh,Tiger Javed,M,1999-01-06,27,muslim,Haryana,Faridabad,Ballabgarh,LOC000064,,CRIMINAL,FIELD_OPERATIVE,ORG000008,SYN-VEH,40,0.278,IN_JUDICIAL_CUSTODY,2025,6,0,,NIC-HGP0OP3KL,SURVEILLANCE_REPORT,B,1,1
P000537,Harbhajan Bhullar,Harbhajan,Bhullar,Guddu Harbhajan,M,1966-02-14,60,punjabi,Haryana,Gurugram,Sohna,LOC000061,,CRIMINAL,SHOOTER,ORG000008,SYN-VEH,84,0.394,DECLARED_PO,2008,6,0,,NIC-YB8RN517V,CRIMINAL_HISTORY_DB,A,3,1
P000538,Balwinder Gill,Balwinder,Gill,Balwinder Pappu,M,2003-07-06,22,punjabi,Rajasthan,Barmer,Chohtan,LOC000070,,CRIMINAL,TECH_HANDLER,ORG000008,SYN-VEH,70,0.386,IN_JUDICIAL_CUSTODY,2021,5,0,,NIC-PSOY4BPE2,CHARGESHEET,D,2,1
P000539,Sandeep Awasthi,Sandeep,Awasthi,Tiger,M,1987-05-12,39,hindi_belt,Punjab,Amritsar,Ajnala,LOC000054,,CRIMINAL,FENCE,ORG000008,SYN-VEH,47,0.298,AT_LARGE,2008,8,0,,NIC-KO77MCYXD,PASSPORT_IMMIGRATION,B,3,1
P000540,Tarsem Gill,Tarsem,Gill,,M,1988-03-10,38,punjabi,Rajasthan,Jaipur,Chomu,LOC000067,,CRIMINAL,CORRUPT_OFFICIAL,ORG000008,SYN-VEH,54,0.598,IN_JUDICIAL_CUSTODY,2009,7,0,,NIC-LO0TK7EOF,INFORMANT_TIP,A,3,1
P000541,Javed Alam,Javed,Alam,,M,1998-12-03,27,muslim,Delhi,New Delhi,Karol Bagh,LOC000018,,CRIMINAL,MULE,ORG000008,SYN-VEH,17,0.073,ABSCONDING,2016,5,0,,NIC-L8H39XLJ8,BANK_STATEMENT,B,1,1
P000542,Paramjit Sarao,Paramjit,Sarao,Paramjit Kabootar,M,1968-03-02,58,punjabi,Delhi,New Delhi,Sangam Vihar,LOC000021,,CRIMINAL,FIELD_OPERATIVE,ORG000008,SYN-VEH,65,0.26,AT_LARGE,2008,5,0,,NIC-XR3P3LHPK,SEIZURE_MEMO,C,1,1
P000543,Shahnawaz Mansuri,Shahnawaz,Mansuri,Nanha,M,1985-09-18,40,muslim,Bihar,Purnia,Khajanchi Hat,LOC000041,,CRIMINAL,HAWALA_OPERATOR,ORG000008,SYN-VEH,88,0.725,AT_LARGE,2010,7,0,,NIC-ZQ70K65IC,SURVEILLANCE_REPORT,A,6,1
P000544,Iqbal Malik,Iqbal,Malik,Chacha,M,1991-04-25,35,muslim,Delhi,New Delhi,Nangloi,LOC000020,,CRIMINAL,FENCE,ORG000008,SYN-VEH,40,0.262,UNDER_SURVEILLANCE,2018,8,0,,NIC-ITZPJBO2Q,IPDR,B,3,1
P000545,Abdul Alam,Abdul,Alam,Abdul Raja,M,1978-06-02,48,muslim,Haryana,Nuh,Punhana,LOC000060,,CRIMINAL,INFORMANT,ORG000008,SYN-VEH,31,0.227,AT_LARGE,2012,12,0,,NIC-ESW694C4E,CRIMINAL_HISTORY_DB,B,2,1
P000546,Om Prakash Rathore,Om Prakash,Rathore,Om Tinku,M,1992-04-21,34,hindi_belt,Delhi,New Delhi,Chandni Chowk,LOC000015,,CRIMINAL,MULE,ORG000008,SYN-VEH,31,0.089,ABSCONDING,2009,5,0,,NIC-3WUSXD7H2,PASSPORT_IMMIGRATION,B,4,1
P000547,Jarnail Sarao,Jarnail,Sarao,,M,1984-06-22,42,punjabi,Delhi,New Delhi,Jamia Nagar,LOC000017,,CRIMINAL,FIELD_OPERATIVE,ORG000008,SYN-VEH,63,0.262,IN_JUDICIAL_CUSTODY,2006,4,0,,NIC-JJMFYRZOC,FIR,B,5,1
P000548,Anil Prajapati,Anil,Prajapati,Anil Kaka,M,1976-04-01,50,hindi_belt,Rajasthan,Alwar,Ramgarh,LOC000069,,CRIMINAL,FIELD_OPERATIVE,ORG000008,SYN-VEH,39,0.248,UNDER_SURVEILLANCE,2011,11,0,,NIC-EO3K5HF3V,INFORMANT_TIP,C,2,1
P000549,Tanveer Rahman,Tanveer,Rahman,,M,1980-09-05,45,muslim,Bihar,Begusarai,Barauni,LOC000040,,CRIMINAL,FIELD_OPERATIVE,ORG000008,SYN-VEH,68,0.278,UNDER_SURVEILLANCE,1997,10,0,,NIC-POB14RV6T,IPDR,F,6,1
P000550,Anwar Qureshi,Anwar,Qureshi,,M,1974-04-08,52,muslim,Haryana,Faridabad,Ballabgarh,LOC000064,,CRIMINAL,COURIER,ORG000008,SYN-VEH,44,0.208,ABSCONDING,2025,6,0,,NIC-86X0Z0VTF,SURVEILLANCE_REPORT,A,3,1
P000551,Abdul Idrisi,Abdul,Idrisi,Abdul Lambu,M,1969-07-16,56,muslim,Punjab,Ferozepur,Mamdot,LOC000057,,CRIMINAL,LIEUTENANT,ORG000008,SYN-VEH,72,0.724,UNDER_SURVEILLANCE,2008,13,0,,NIC-5ZNZ1PSPK,CRIMINAL_HISTORY_DB,A,2,1
P000552,Manju Yadav,Manju,Yadav,,F,1987-08-03,38,hindi_belt,Haryana,Faridabad,Ballabgarh,LOC000064,,CRIMINAL,FIELD_OPERATIVE,ORG000008,SYN-VEH,44,0.205,AT_LARGE,2021,7,0,,NIC-LCISXWFCK,SOCIAL_MEDIA_INTEL,B,1,1
P000553,Vijay Rajput,Vijay,Rajput,Dada,M,1991-02-09,35,hindi_belt,Haryana,Hisar,Barwala,LOC000063,,CRIMINAL,LOGISTICS,ORG000008,SYN-VEH,63,0.504,UNDER_SURVEILLANCE,2019,13,0,,NIC-SIE3QK6G5,INFORMANT_TIP,B,2,1
P000554,Davinder Bhullar,Davinder,Bhullar,Bandook,M,1979-05-21,47,punjabi,Uttar Pradesh,Muzaffarnagar,Kutba,LOC000031,,CRIMINAL,FINANCIER,ORG000008,SYN-VEH,77,0.881,EXTRADITION_PENDING,1999,10,0,,NIC-TUNP3JJCF,FIR,C,1,1
P000555,Dinesh Gupta,Dinesh,Gupta,Dinesh Raja,M,1980-10-08,45,hindi_belt,Uttar Pradesh,Jaunpur,Line Bazaar,LOC000034,,CRIMINAL,LIEUTENANT,ORG000008,SYN-VEH,87,0.848,DECLARED_PO,2023,11,0,,NIC-9TN4CXKZM,CRIMINAL_HISTORY_DB,A,1,1
P000556,Zubair Saifi,Zubair,Saifi,,M,1980-08-05,45,muslim,Bihar,Gaya,Chandauti,LOC000038,,CRIMINAL,KINGPIN,ORG000008,SYN-VEH,99,0.972,ON_BAIL,2012,7,0,,NIC-ULAKQ0F5V,BANK_STATEMENT,A,1,1
P000557,Haroon Pathan,Haroon,Pathan,Tinku Haroon,M,1960-11-12,65,muslim,Punjab,Amritsar,Ajnala,LOC000054,,CRIMINAL,TECH_HANDLER,ORG000008,SYN-VEH,67,0.328,UNDER_SURVEILLANCE,2015,9,0,,NIC-46MNJV6R7,INTELLIGENCE_REPORT,D,6,1
P000558,Mahesh Kushwaha,Mahesh,Kushwaha,Mahesh Chikna,M,1995-05-18,31,hindi_belt,Bihar,Siwan,Mahadeva,LOC000039,,CRIMINAL,FINANCIER,ORG000008,SYN-VEH,79,0.774,AT_LARGE,2024,9,0,,NIC-E403OUO2Q,SOCIAL_MEDIA_INTEL,D,4,1
P000559,Tarsem Singh,Tarsem,Singh,Tarsem Anna,M,1962-04-27,64,punjabi,Rajasthan,Bikaner,Nokha,LOC000066,,CRIMINAL,SHOOTER,ORG000008,SYN-VEH,84,0.408,ABSCONDING,2005,9,0,,NIC-R880B6TD5,INFORMANT_TIP,B,3,1
P000560,Devendra Bhardwaj,Devendra,Bhardwaj,Devendra Doctor,M,1971-09-21,54,hindi_belt,Bihar,Muzaffarpur,Mithanpura,LOC000037,Nepal,CRIMINAL,FINANCIER,ORG000008,SYN-VEH,67,0.621,ABSCONDING,2025,9,0,,NIC-IQKSQ0K1N,CHARGESHEET,A,1,1
P000561,Nirmal Gill,Nirmal,Gill,,M,1967-01-08,59,punjabi,Delhi,New Delhi,Jamia Nagar,LOC000017,,CRIMINAL,LIEUTENANT,ORG000008,SYN-VEH,74,0.885,DECLARED_PO,2004,4,0,,NIC-RLH2VH683,TOWER_DUMP,A,3,1
P000562,Yusuf Pathan,Yusuf,Pathan,Yusuf Master,M,1994-05-24,32,muslim,Punjab,Tarn Taran,Khalra,LOC000055,Nepal,CRIMINAL,HAWALA_OPERATOR,ORG000008,SYN-VEH,62,0.802,ABSCONDING,2016,6,0,,NIC-8M4WBVY1G,PASSPORT_IMMIGRATION,C,4,1
P000563,Malkiat Bains,Malkiat,Bains,,M,1964-12-08,61,punjabi,Bihar,Begusarai,Barauni,LOC000040,,CRIMINAL,CORRUPT_OFFICIAL,ORG000008,SYN-VEH,76,0.967,EXTRADITION_PENDING,1996,9,1,,NIC-593YUXMCC,IPDR,A,3,1
P000564,Wasim Khan,Wasim,Khan,Ustad Wasim,M,1965-03-27,61,muslim,Uttar Pradesh,Prayagraj,Dhoomanganj,LOC000030,Nepal,CRIMINAL,FINANCIER,ORG000008,SYN-VEH,83,0.811,DECLARED_PO,2005,7,0,,NIC-VHCUPT81S,FIR,D,1,1
P000565,Devendra Tiwari,Devendra,Tiwari,Devendra Lambu,M,1986-02-17,40,hindi_belt,Uttar Pradesh,Varanasi,Chetganj,LOC000028,,CRIMINAL,FIELD_OPERATIVE,ORG000008,SYN-VEH,58,0.242,IN_JUDICIAL_CUSTODY,2012,6,0,,NIC-BSULFI7GX,CDR,A,2,1
P000566,Ajay Dubey,Ajay,Dubey,,M,1963-05-10,63,hindi_belt,Delhi,New Delhi,Karol Bagh,LOC000018,,CRIMINAL,FIELD_OPERATIVE,ORG000008,SYN-VEH,40,0.254,AT_LARGE,1997,7,0,,NIC-8T9TGZCT0,CDR,C,2,1
P000567,Triloki Yadav,Triloki,Yadav,Triloki Bada,M,1962-08-26,63,hindi_belt,Delhi,New Delhi,Paharganj,LOC000022,,CRIMINAL,FENCE,ORG000008,SYN-VEH,51,0.31,UNDER_SURVEILLANCE,2019,6,0,,NIC-9PFVKLGB4,SURVEILLANCE_REPORT,C,1,1
P000568,Lakhwinder Singh,Lakhwinder,Singh,,M,1977-10-26,48,punjabi,Bihar,Siwan,Mahadeva,LOC000039,,CRIMINAL,TECH_HANDLER,ORG000008,SYN-VEH,68,0.355,UNDER_SURVEILLANCE,2009,6,0,,NIC-9PD1NYM7S,CRIMINAL_HISTORY_DB,A,6,1
P000569,Rizwan Qureshi,Rizwan,Qureshi,Rizwan Tiger,M,1976-11-20,49,muslim,Bihar,Gaya,Chandauti,LOC000038,,CRIMINAL,HAWALA_OPERATOR,ORG000008,SYN-VEH,63,0.77,UNDER_SURVEILLANCE,2004,8,0,,NIC-LHPICOPCE,SEIZURE_MEMO,B,5,1
P000570,Dinesh Dubey,Dinesh,Dubey,,M,1978-05-26,48,hindi_belt,West Bengal,Kolkata,Rajabazar,LOC000048,,CRIMINAL,COURIER,ORG000009,SYN-FIC,37,0.191,IN_JUDICIAL_CUSTODY,2014,1,0,,NIC-97L57AJBU,PASSPORT_IMMIGRATION,C,3,1
P000571,Salim Ahmed,Salim,Ahmed,,M,1977-10-07,48,muslim,Delhi,New Delhi,Najafgarh,LOC000019,,CRIMINAL,FIELD_OPERATIVE,ORG000009,SYN-FIC,60,0.291,ON_BAIL,2006,3,0,,NIC-WGY4MPUCV,CRIMINAL_HISTORY_DB,B,2,1
P000572,Mohammed Sheikh,Mohammed,Sheikh,Mohammed Kaka,M,1968-04-14,58,muslim,West Bengal,North 24 Parganas,Bongaon,LOC000051,,CRIMINAL,FIXER,ORG000009,SYN-FIC,56,0.508,EXTRADITION_PENDING,1999,5,0,,NIC-92IONNXGC,SOCIAL_MEDIA_INTEL,A,3,1
P000573,Sandeep Dixit,Sandeep,Dixit,Sandeep Munna,M,1981-04-20,45,hindi_belt,Bihar,Patna,Kadamkuan,LOC000035,,CRIMINAL,FENCE,ORG000009,SYN-FIC,43,0.304,ON_BAIL,1999,1,0,,NIC-PC4R8KA5N,PASSPORT_IMMIGRATION,B,2,1
P000574,Ashim Mondal,Ashim,Mondal,Ashim Raja,M,1982-08-18,43,bengali,Delhi,New Delhi,Nangloi,LOC000020,,CRIMINAL,SHOOTER,ORG000009,SYN-FIC,75,0.359,IN_JUDICIAL_CUSTODY,2019,1,0,,NIC-RMLKOCLMN,SURVEILLANCE_REPORT,A,2,1
P000575,Vinod Nagar,Vinod,Nagar,Cheetah Vinod,M,2000-05-27,26,hindi_belt,Bihar,Muzaffarpur,Mithanpura,LOC000037,,CRIMINAL,FENCE,ORG000009,SYN-FIC,61,0.343,AT_LARGE,2017,3,0,,NIC-4YAKXC8L0,CDR,A,1,1
P000576,Anup Chakraborty,Anup,Chakraborty,,M,1995-11-17,30,bengali,Assam,Karimganj,Sutarkandi,LOC000115,,CRIMINAL,FIXER,ORG000009,SYN-FIC,73,0.69,ABSCONDING,2025,3,0,,NIC-V2K8N21L2,SOCIAL_MEDIA_INTEL,B,3,1
P000577,Nirmal Naskar,Nirmal,Naskar,,M,1965-10-04,60,bengali,Assam,Dhubri,Golakganj,LOC000114,,CRIMINAL,COURIER,ORG000009,SYN-FIC,55,0.206,AT_LARGE,2000,2,0,,NIC-O8H94ZID7,BANK_STATEMENT,C,2,1
P000578,Nepal Gayen,Nepal,Gayen,Nepal Tiger,M,1994-09-03,31,bengali,West Bengal,Kolkata,Rajabazar,LOC000048,,CRIMINAL,INFORMANT,ORG000009,SYN-FIC,30,0.188,ABSCONDING,2023,3,0,,NIC-ILC15NIOF,TOWER_DUMP,A,2,1
P000579,Shanti Kushwaha,Shanti,Kushwaha,,F,1977-06-01,49,hindi_belt,Bihar,Begusarai,Barauni,LOC000040,,CRIMINAL,LIEUTENANT,ORG000009,SYN-FIC,73,0.881,ON_BAIL,2013,5,0,,NIC-BBFUKFFM4,PASSPORT_IMMIGRATION,A,4,1
P000580,Nepal Mondal,Nepal,Mondal,,M,1980-07-22,45,bengali,Bihar,Muzaffarpur,Mithanpura,LOC000037,,CRIMINAL,LIEUTENANT,ORG000009,SYN-FIC,75,0.801,AT_LARGE,1998,3,0,,NIC-SSQKF8J84,SOCIAL_MEDIA_INTEL,B,5,1
P000581,Shahnawaz Ansari,Shahnawaz,Ansari,Shahnawaz Anna,M,1990-01-17,36,muslim,Uttar Pradesh,Gorakhpur,Rajghat,LOC000029,,CRIMINAL,RECRUITER,ORG000009,SYN-FIC,61,0.411,AT_LARGE,2009,5,0,,NIC-QPYWVFX7R,TOWER_DUMP,A,2,1
P000582,Arindam Bhattacharya,Arindam,Bhattacharya,,M,2002-01-12,24,bengali,Uttar Pradesh,Varanasi,Chetganj,LOC000028,,CRIMINAL,COURIER,ORG000009,SYN-FIC,39,0.198,ON_BAIL,2025,4,0,,NIC-YC9C4D0NP,INTELLIGENCE_REPORT,C,3,1
P000583,Arindam Biswas,Arindam,Biswas,,M,1963-05-26,63,bengali,Bihar,Patna,Kadamkuan,LOC000035,,CRIMINAL,COURIER,ORG000009,SYN-FIC,31,0.204,AT_LARGE,2025,2,0,,NIC-Q7H97AQQL,TOWER_DUMP,E,3,1
P000584,Pradip Sen,Pradip,Sen,Munna Pradip,M,1977-04-05,49,bengali,West Bengal,Murshidabad,Jalangi,LOC000050,,CRIMINAL,MULE,ORG000009,SYN-FIC,36,0.085,UNDER_SURVEILLANCE,2019,9,0,,NIC-K7T0TKBP0,PASSPORT_IMMIGRATION,C,2,1
P000585,Iqbal Hussain,Iqbal,Hussain,Iqbal Chacha,M,1962-07-10,63,muslim,West Bengal,Murshidabad,Jalangi,LOC000050,,CRIMINAL,FIXER,ORG000009,SYN-FIC,75,0.793,AT_LARGE,2019,2,1,,NIC-SCLZOXV8L,SOCIAL_MEDIA_INTEL,A,4,1
P000586,Nirmal Mistry,Nirmal,Mistry,Chacha,M,1992-10-27,33,bengali,Uttar Pradesh,Noida,Sector 63,LOC000027,,CRIMINAL,FIELD_OPERATIVE,ORG000009,SYN-FIC,68,0.225,ABSCONDING,2009,5,0,,NIC-GXP967LRV,CHARGESHEET,F,2,1
P000587,Shabana Ahmed,Shabana,Ahmed,Seth Shabana,F,1973-04-25,53,muslim,Bihar,Munger,Kasim Bazaar,LOC000036,,CRIMINAL,FIELD_OPERATIVE,ORG000009,SYN-FIC,57,0.233,AT_LARGE,2013,3,0,,NIC-HZOJGFG37,IPDR,C,4,1
P000588,Tapan Roy,Tapan,Roy,,M,1968-07-21,57,bengali,Delhi,New Delhi,Karol Bagh,LOC000018,,CRIMINAL,RECRUITER,ORG000009,SYN-FIC,58,0.417,ON_BAIL,2020,1,0,,NIC-0CEF65UYG,IPDR,E,4,1
P000589,Ramesh Awasthi,Ramesh,Awasthi,Ramesh Ustad,M,1961-01-19,65,hindi_belt,Bihar,Munger,Kasim Bazaar,LOC000036,,CRIMINAL,LOGISTICS,ORG000009,SYN-FIC,48,0.39,UNDER_SURVEILLANCE,2009,4,0,,NIC-7APYV45QS,INFORMANT_TIP,A,3,1
P000590,Shailendra Kashyap,Shailendra,Kashyap,Kabootar,M,1968-01-03,58,hindi_belt,Assam,Dhubri,Golakganj,LOC000114,,CRIMINAL,FIELD_OPERATIVE,ORG000009,SYN-FIC,54,0.252,EXTRADITION_PENDING,2020,4,0,,NIC-SG8SOOZ74,CRIMINAL_HISTORY_DB,D,3,1
P000591,Anup Roy,Anup,Roy,Anup Tiger,M,1992-03-03,34,bengali,Assam,Karimganj,Sutarkandi,LOC000115,Nepal,CRIMINAL,FINANCIER,ORG000009,SYN-FIC,75,0.867,EXTRADITION_PENDING,2021,3,0,,NIC-SI780CXBV,SURVEILLANCE_REPORT,B,2,1
P000592,Sudha Singh,Sudha,Singh,,F,1968-07-25,57,hindi_belt,West Bengal,Siliguri,Matigara,LOC000052,,CRIMINAL,FIELD_OPERATIVE,ORG000009,SYN-FIC,36,0.29,AT_LARGE,2019,3,0,,NIC-D7NXYZFBY,BANK_STATEMENT,C,1,1
P000593,Ashim Pal,Ashim,Pal,Ashim Raja,M,1987-09-18,38,bengali,Uttar Pradesh,Lucknow,Aminabad,LOC000023,,CRIMINAL,FENCE,ORG000009,SYN-FIC,45,0.558,EXTRADITION_PENDING,2019,6,1,,NIC-19JN7QSCH,SURVEILLANCE_REPORT,B,3,1
P000594,Sanjib Majumdar,Sanjib,Majumdar,Munna Sanjib,M,1993-03-14,33,bengali,Assam,Karimganj,Sutarkandi,LOC000115,,CRIMINAL,CORRUPT_OFFICIAL,ORG000009,SYN-FIC,51,0.922,ABSCONDING,2009,2,1,,NIC-DGX2BD6XE,PASSPORT_IMMIGRATION,B,3,1
P000595,Faizan Pathan,Faizan,Pathan,,M,1999-10-26,26,muslim,Delhi,New Delhi,Sangam Vihar,LOC000021,,CRIMINAL,RECRUITER,ORG000009,SYN-FIC,60,0.528,ON_BAIL,2020,5,0,,NIC-93F7SJ8XY,SEIZURE_MEMO,E,2,1
P000596,Afsana Ahmed,Afsana,Ahmed,Cheetah,F,1972-03-07,54,muslim,Assam,Karimganj,Sutarkandi,LOC000115,,CRIMINAL,SHOOTER,ORG000009,SYN-FIC,73,0.315,IN_JUDICIAL_CUSTODY,2020,2,0,,NIC-J1Z9D0B94,BANK_STATEMENT,B,1,1
P000597,Anup Roy,Anup,Roy,Gullu Anup,M,1974-09-20,51,bengali,Uttar Pradesh,Muzaffarnagar,Kutba,LOC000031,,CRIMINAL,MULE,ORG000009,SYN-FIC,22,0.076,ON_BAIL,2018,3,0,,NIC-P7I9BSAW0,SEIZURE_MEMO,A,1,1
P000598,Tanveer Siddiqui,Tanveer,Siddiqui,,M,1994-11-05,31,muslim,Delhi,New Delhi,Nangloi,LOC000020,,CRIMINAL,LOGISTICS,ORG000009,SYN-FIC,58,0.384,ABSCONDING,2014,4,0,,NIC-9YYW0ENA9,IPDR,D,1,1
P000599,Satish Awasthi,Satish,Awasthi,Chacha Satish,M,1972-05-13,54,hindi_belt,West Bengal,Malda,Kaliachak,LOC000049,,CRIMINAL,COURIER,ORG000009,SYN-FIC,47,0.168,UNDER_SURVEILLANCE,2008,1,0,,NIC-6RCBK4OAA,SEIZURE_MEMO,D,2,1
P000600,Shabana Qureshi,Shabana,Qureshi,,F,1964-02-22,62,muslim,Delhi,New Delhi,Karol Bagh,LOC000018,,CRIMINAL,MULE,ORG000009,SYN-FIC,21,0.075,AT_LARGE,2006,3,0,,NIC-BDEY7DRFS,SEIZURE_MEMO,C,4,1
P000601,Sarfaraz Chaudhary,Sarfaraz,Chaudhary,,M,1997-08-21,28,muslim,Bihar,Purnia,Khajanchi Hat,LOC000041,,CRIMINAL,CORRUPT_OFFICIAL,ORG000009,SYN-FIC,63,0.545,UNDER_SURVEILLANCE,2020,3,0,,NIC-XORRB522S,INTELLIGENCE_REPORT,A,3,1
P000602,Kuldeep Sengar,Kuldeep,Sengar,,M,1968-06-01,58,hindi_belt,Bihar,Siwan,Mahadeva,LOC000039,,CRIMINAL,SHOOTER,ORG000009,SYN-FIC,87,0.381,AT_LARGE,2002,2,0,,NIC-54YDKEQBZ,TOWER_DUMP,C,2,1
P000603,Firoz Rahman,Firoz,Rahman,Dada Firoz,M,1970-04-12,56,muslim,Uttar Pradesh,Jaunpur,Line Bazaar,LOC000034,,CRIMINAL,FIELD_OPERATIVE,ORG000009,SYN-FIC,60,0.247,IN_JUDICIAL_CUSTODY,2017,9,0,,NIC-NKGFKAYHO,PASSPORT_IMMIGRATION,B,4,1
P000604,Faizan Malik,Faizan,Malik,,M,1972-04-15,54,muslim,Delhi,New Delhi,Seelampur,LOC000016,,CRIMINAL,FIELD_OPERATIVE,ORG000009,SYN-FIC,39,0.254,AT_LARGE,2009,1,0,,NIC-TQDKUDJZS,TOWER_DUMP,A,4,1
P000605,Pradip Chakraborty,Pradip,Chakraborty,,M,1990-09-04,35,bengali,West Bengal,Murshidabad,Jalangi,LOC000050,,CRIMINAL,FIELD_OPERATIVE,ORG000009,SYN-FIC,44,0.272,AT_LARGE,2012,4,0,,NIC-56KLEAKF5,INFORMANT_TIP,C,2,1
P000606,Tanveer Rahman,Tanveer,Rahman,,M,1974-07-27,51,muslim,Delhi,New Delhi,Paharganj,LOC000022,,CRIMINAL,FIELD_OPERATIVE,ORG000009,SYN-FIC,49,0.254,ON_BAIL,1996,7,0,,NIC-H6L8U0BVO,INFORMANT_TIP,D,5,1
P000607,Udaiveer Prajapati,Udaiveer,Prajapati,Langda,M,1989-08-23,36,hindi_belt,Delhi,New Delhi,Seelampur,LOC000016,,CRIMINAL,FIXER,ORG000009,SYN-FIC,56,0.686,IN_JUDICIAL_CUSTODY,2025,3,0,,NIC-7JAXAY8JF,SEIZURE_MEMO,D,2,1
P000608,Shailendra Sengar,Shailendra,Sengar,,M,1981-09-15,44,hindi_belt,Uttar Pradesh,Lucknow,Aminabad,LOC000023,,CRIMINAL,COURIER,ORG000009,SYN-FIC,33,0.174,ON_BAIL,2015,5,0,,NIC-JE7LEIUZ3,PASSPORT_IMMIGRATION,C,1,1
P000609,Pradeep Shukla,Pradeep,Shukla,Kabootar,M,1978-09-01,47,hindi_belt,Assam,Karimganj,Sutarkandi,LOC000115,,CRIMINAL,SHOOTER,ORG000009,SYN-FIC,75,0.329,ON_BAIL,2012,2,0,,NIC-CO81Q6SIT,INFORMANT_TIP,B,3,1
P000610,Nirmal Bose,Nirmal,Bose,Kallu Nirmal,M,1962-12-21,63,bengali,Delhi,New Delhi,Paharganj,LOC000022,Nepal,CRIMINAL,KINGPIN,ORG000009,SYN-FIC,90,0.961,DECLARED_PO,2011,4,0,,NIC-M8LB2RYEE,CHARGESHEET,C,6,1
P000611,Rambabu Kumar,Rambabu,Kumar,Gullu,M,1967-11-17,58,telugu,Telangana,Nizamabad,Bodhan,LOC000087,,CRIMINAL,SHOOTER,ORG000010,SYN-GAN,88,0.348,AT_LARGE,2005,4,0,,NIC-4KDM7VPRC,CDR,D,2,1
P000612,Sudhakar Prasad,Sudhakar,Prasad,Sudhakar Chikna,M,1973-12-06,52,telugu,Andhra Pradesh,Visakhapatnam,Gajuwaka,LOC000088,,CRIMINAL,LIEUTENANT,ORG000010,SYN-GAN,83,0.793,IN_JUDICIAL_CUSTODY,1999,2,0,,NIC-7GP12UCBR,BANK_STATEMENT,C,3,1
P000613,Sasmita Behera,Sasmita,Behera,Sasmita Kaka,F,1999-09-04,26,odia,Tamil Nadu,Coimbatore,Ukkadam,LOC000096,,CRIMINAL,FIELD_OPERATIVE,ORG000010,SYN-GAN,68,0.28,UNDER_SURVEILLANCE,2017,2,0,,NIC-4ARXIP679,PASSPORT_IMMIGRATION,B,1,1
P000614,Rajendran Muthusamy,Rajendran,Muthusamy,,M,1997-09-14,28,tamil,Odisha,Malkangiri,Chitrakonda,LOC000111,,CRIMINAL,FIXER,ORG000010,SYN-GAN,80,0.828,DECEASED,2019,2,1,,NIC-RTKI5V6VR,TOWER_DUMP,C,3,1
P000615,Mallesh Yadav,Mallesh,Yadav,,M,1979-10-04,46,telugu,Karnataka,Bengaluru,Yeshwanthpur,LOC000100,,CRIMINAL,LIEUTENANT,ORG000010,SYN-GAN,74,0.779,AT_LARGE,2003,2,0,,NIC-VBIACCJTX,SEIZURE_MEMO,B,3,1
P000616,Sudarshan Mallick,Sudarshan,Mallick,Sudarshan Kaana,M,1964-04-01,62,odia,Chhattisgarh,Bijapur,Bhairamgarh,LOC000123,,CRIMINAL,MULE,ORG000010,SYN-GAN,25,0.084,ON_BAIL,2018,4,0,,NIC-19LGSTS77,INFORMANT_TIP,B,3,1
P000617,Chandra Shekar Setty,Chandra Shekar,Setty,Chhota Chandra,M,1988-12-10,37,telugu,Tamil Nadu,Trichy,Srirangam,LOC000098,,CRIMINAL,MULE,ORG000010,SYN-GAN,35,0.076,AT_LARGE,2008,4,0,,NIC-6KXSNE7NL,CHARGESHEET,C,4,1
P000618,Basanta Behera,Basanta,Behera,Tempo Basanta,M,1960-11-10,65,odia,Maharashtra,Nagpur,Kamptee,LOC000011,,CRIMINAL,FIELD_OPERATIVE,ORG000010,SYN-GAN,40,0.213,ON_BAIL,2008,4,0,,NIC-P0Q5KN93W,FIR,C,4,1
P000619,Prasanna Mallick,Prasanna,Mallick,,M,1990-08-11,35,odia,Andhra Pradesh,Guntur,Mangalagiri,LOC000090,,CRIMINAL,COURIER,ORG000010,SYN-GAN,38,0.171,IN_JUDICIAL_CUSTODY,2020,3,0,,NIC-R4IYJCUJF,TOWER_DUMP,D,4,1
P000620,Saravanan Rajendran,Saravanan,Rajendran,Kaana Saravanan,M,1988-02-21,38,tamil,Odisha,Cuttack,Jagatpur,LOC000110,,CRIMINAL,FIELD_OPERATIVE,ORG000010,SYN-GAN,65,0.223,ON_BAIL,2014,3,0,,NIC-NLBULLJN0,BANK_STATEMENT,E,3,1
P000621,Revathi Mudaliar,Revathi,Mudaliar,,F,1969-04-06,57,tamil,Karnataka,Ballari,Sandur,LOC000103,,CRIMINAL,SHOOTER,ORG000010,SYN-GAN,80,0.376,UNDER_SURVEILLANCE,2019,0,0,,NIC-P8NU9TR0H,IPDR,C,2,1
P000622,Trilochan Mohanty,Trilochan,Mohanty,Doctor,M,1996-06-09,30,odia,Andhra Pradesh,Visakhapatnam,Gajuwaka,LOC000088,,CRIMINAL,FIELD_OPERATIVE,ORG000010,SYN-GAN,51,0.26,ON_BAIL,2021,5,0,,NIC-HL22ALL2E,BANK_STATEMENT,A,2,1
P000623,Saravanan Pillai,Saravanan,Pillai,,M,1980-03-19,46,tamil,Tamil Nadu,Trichy,Srirangam,LOC000098,,CRIMINAL,LOGISTICS,ORG000010,SYN-GAN,62,0.453,ABSCONDING,2004,4,0,,NIC-IJBGIXZD9,SURVEILLANCE_REPORT,A,4,1
P000624,Balaraju Nallamothu,Balaraju,Nallamothu,Sarkar Balaraju,M,1996-08-12,29,telugu,Karnataka,Ballari,Sandur,LOC000103,,CRIMINAL,INFORMANT,ORG000010,SYN-GAN,41,0.227,ON_BAIL,2018,2,0,,NIC-6WLP8ZDCM,FIR,B,2,1
P000625,Perumal Sundaram,Perumal,Sundaram,,M,1964-06-27,62,tamil,Odisha,Ganjam,Berhampur,LOC000112,,CRIMINAL,KINGPIN,ORG000010,SYN-GAN,90,1.134,AT_LARGE,2012,7,0,,NIC-FBJKWBFTM,IPDR,B,4,1
P000626,Murugan Muthusamy,Murugan,Muthusamy,Chhota,M,1973-11-19,52,tamil,Tamil Nadu,Chennai,Vyasarpadi,LOC000093,,CRIMINAL,COURIER,ORG000010,SYN-GAN,45,0.173,ABSCONDING,2015,5,0,,NIC-JJHNKH303,PASSPORT_IMMIGRATION,C,1,1
P000627,Amutha Rajendran,Amutha,Rajendran,Amutha Chhota,F,1968-03-02,58,tamil,Tamil Nadu,Chennai,Vyasarpadi,LOC000093,,CRIMINAL,RECRUITER,ORG000010,SYN-GAN,51,0.54,AT_LARGE,2017,5,0,,NIC-72PMNCSM1,INTELLIGENCE_REPORT,B,3,1
P000628,Vetrivel Gounder,Vetrivel,Gounder,Guddu Vetrivel,M,1971-02-03,55,tamil,Andhra Pradesh,Guntur,Mangalagiri,LOC000090,,CRIMINAL,LOGISTICS,ORG000010,SYN-GAN,54,0.47,UNDER_SURVEILLANCE,2018,3,0,,NIC-IVAUIJSYI,FIR,D,3,1
P000629,Ramulu Reddy,Ramulu,Reddy,Doctor Ramulu,M,2002-10-20,23,telugu,Maharashtra,Mumbai,Bhendi Bazaar,LOC000004,,CRIMINAL,MULE,ORG000010,SYN-GAN,26,0.089,ABSCONDING,2022,5,0,,NIC-GO3HJRM1W,TOWER_DUMP,B,2,1
P000630,Bibhuti Mohanty,Bibhuti,Mohanty,Bibhuti Bada,M,1961-03-16,65,odia,Odisha,Cuttack,Jagatpur,LOC000110,,CRIMINAL,COURIER,ORG000010,SYN-GAN,31,0.179,AT_LARGE,2003,5,0,,NIC-95RDKD2F1,INTELLIGENCE_REPORT,D,1,1
P000631,Narsimha Prasad,Narsimha,Prasad,Kabootar Narsimha,M,1970-11-21,55,telugu,Chhattisgarh,Bijapur,Bhairamgarh,LOC000123,,CRIMINAL,FINANCIER,ORG000010,SYN-GAN,85,0.692,IN_JUDICIAL_CUSTODY,1998,2,0,,NIC-PDHBXZ52X,INTELLIGENCE_REPORT,D,2,1
P000632,Sekar Subramanian,Sekar,Subramanian,,M,1971-04-09,55,tamil,Chhattisgarh,Bijapur,Bhairamgarh,LOC000123,,CRIMINAL,FIELD_OPERATIVE,ORG000010,SYN-GAN,65,0.217,AT_LARGE,2002,0,0,,NIC-Q31AHC9DH,PASSPORT_IMMIGRATION,D,1,1
P000633,Arivazhagan Mudaliar,Arivazhagan,Mudaliar,Arivazhagan Anna,M,1985-05-25,41,tamil,Odisha,Ganjam,Berhampur,LOC000112,,CRIMINAL,LIEUTENANT,ORG000010,SYN-GAN,74,0.813,AT_LARGE,2017,0,0,,NIC-7GX2GJBGV,CHARGESHEET,A,1,1
P000634,Srinivas Bandari,Srinivas,Bandari,Tiger Srinivas,M,1981-02-02,45,telugu,Telangana,Hyderabad,Kukatpally,LOC000084,,CRIMINAL,MULE,ORG000010,SYN-GAN,24,0.08,IN_JUDICIAL_CUSTODY,2008,0,0,,NIC-MZLHMBB1L,CRIMINAL_HISTORY_DB,C,3,1
P000635,Manikandan Annadurai,Manikandan,Annadurai,Kabootar Manikandan,M,1967-09-01,58,tamil,Odisha,Cuttack,Jagatpur,LOC000110,,CRIMINAL,MULE,ORG000010,SYN-GAN,25,0.088,AT_LARGE,2022,4,0,,NIC-ZK2Q1Z1JF,CRIMINAL_HISTORY_DB,C,3,1
P000636,Lakshmi Sharma,Lakshmi,Sharma,,F,1987-02-10,39,telugu,Tamil Nadu,Coimbatore,Ukkadam,LOC000096,,CRIMINAL,MULE,ORG000010,SYN-GAN,25,0.066,ON_BAIL,2010,3,0,,NIC-EHD253HQC,FIR,C,2,1
P000637,Chitra Naicker,Chitra,Naicker,Anna,F,1980-04-22,46,tamil,Karnataka,Bengaluru,KG Halli,LOC000099,,CRIMINAL,MULE,ORG000010,SYN-GAN,37,0.073,DECLARED_PO,1999,3,0,,NIC-6CT5Z75OE,SURVEILLANCE_REPORT,B,2,1
P000638,Mallesh Choudary,Mallesh,Choudary,Mallesh Doctor,M,1966-03-07,60,telugu,Tamil Nadu,Coimbatore,Ukkadam,LOC000096,,CRIMINAL,MULE,ORG000010,SYN-GAN,30,0.082,IN_JUDICIAL_CUSTODY,2015,3,0,,NIC-POLU1LN6S,INFORMANT_TIP,C,1,1
P000639,Sasmita Behera,Sasmita,Behera,Tempo Sasmita,F,1968-01-07,58,odia,Tamil Nadu,Trichy,Srirangam,LOC000098,,CRIMINAL,MULE,ORG000010,SYN-GAN,29,0.081,IN_JUDICIAL_CUSTODY,2003,4,0,,NIC-KGF0DKBQG,TOWER_DUMP,E,4,1
P000640,Perumal Palanivel,Perumal,Palanivel,,M,1965-08-01,60,tamil,Andhra Pradesh,Visakhapatnam,Gajuwaka,LOC000088,,CRIMINAL,MULE,ORG000010,SYN-GAN,38,0.08,UNDER_SURVEILLANCE,2024,3,0,,NIC-S6BE8ZQT8,BANK_STATEMENT,A,1,1
P000641,Palanisamy Palanivel,Palanisamy,Palanivel,Palanisamy Ustad,M,1988-01-18,38,tamil,Karnataka,Mangaluru,Ullal,LOC000101,,CRIMINAL,COURIER,ORG000010,SYN-GAN,35,0.151,AT_LARGE,2025,1,0,,NIC-4U4FLMYFT,INFORMANT_TIP,B,4,1
P000642,Bhagaban Panda,Bhagaban,Panda,Chhota,M,1977-03-20,49,odia,Maharashtra,Pune,Kondhwa,LOC000010,,CRIMINAL,MULE,ORG000010,SYN-GAN,36,0.079,IN_JUDICIAL_CUSTODY,1999,1,0,,NIC-Z4DRCWOHQ,PASSPORT_IMMIGRATION,A,3,1
P000643,Niranjan Panda,Niranjan,Panda,Niranjan Pehalwan,M,1991-05-22,35,odia,Andhra Pradesh,Vijayawada,Gunadala,LOC000089,,CRIMINAL,FIELD_OPERATIVE,ORG000010,SYN-GAN,49,0.275,AT_LARGE,2020,3,0,,NIC-3ZLSC0SYY,TOWER_DUMP,B,2,1
P000644,Nagaraju Rao,Nagaraju,Rao,Nagaraju Gullu,M,1969-09-11,56,telugu,Tamil Nadu,Chennai,Vyasarpadi,LOC000093,,CRIMINAL,FIELD_OPERATIVE,ORG000010,SYN-GAN,41,0.237,AT_LARGE,2012,5,0,,NIC-P0R88IA6O,SOCIAL_MEDIA_INTEL,C,3,1
P000645,Prasanna Mohanty,Prasanna,Mohanty,Prasanna Munna,M,1969-09-15,56,odia,Tamil Nadu,Coimbatore,Ukkadam,LOC000096,,CRIMINAL,RECRUITER,ORG000010,SYN-GAN,67,0.56,ABSCONDING,2011,6,0,,NIC-FTENHPWKN,CHARGESHEET,B,2,1
P000646,Jagabandhu Sahoo,Jagabandhu,Sahoo,Bhai,M,1995-09-04,30,odia,Chhattisgarh,Bijapur,Bhairamgarh,LOC000123,,CRIMINAL,HAWALA_OPERATOR,ORG000010,SYN-GAN,72,0.826,IN_JUDICIAL_CUSTODY,2022,1,0,,NIC-XRT5JQHG1,CRIMINAL_HISTORY_DB,C,4,1
P000647,Trilochan Rout,Trilochan,Rout,,M,1990-12-16,35,odia,Maharashtra,Mumbai,Dharavi,LOC000002,,CRIMINAL,FIELD_OPERATIVE,ORG000010,SYN-GAN,39,0.216,AT_LARGE,2020,7,0,,NIC-Q88C88AZ3,TOWER_DUMP,A,2,1
P000648,Saravanan Mudaliar,Saravanan,Mudaliar,,M,1999-03-13,27,tamil,Maharashtra,Mumbai,Malad,LOC000006,,CRIMINAL,FIELD_OPERATIVE,ORG000010,SYN-GAN,59,0.254,ON_BAIL,2020,2,0,,NIC-8PZ92T6YT,CHARGESHEET,D,1,1
P000649,Srinivas Choudary,Srinivas,Choudary,,M,1998-11-06,27,telugu,Odisha,Cuttack,Jagatpur,LOC000110,,CRIMINAL,FIELD_OPERATIVE,ORG000010,SYN-GAN,38,0.275,ON_BAIL,2023,5,0,,NIC-XPYCWHE4F,INTELLIGENCE_REPORT,C,1,1
P000650,Kumaresan Muthusamy,Kumaresan,Muthusamy,Tinku Kumaresan,M,1986-12-21,39,tamil,Chhattisgarh,Raipur,Birgaon,LOC000122,,CRIMINAL,TECH_HANDLER,ORG000010,SYN-GAN,49,0.602,IN_JUDICIAL_CUSTODY,2003,2,1,,NIC-DY5ADBTIT,TOWER_DUMP,F,2,1
P000651,Yellaiah Kondapalli,Yellaiah,Kondapalli,Yellaiah Bada,M,1987-08-14,38,telugu,Karnataka,Kalaburagi,Afzalpur,LOC000102,,CRIMINAL,MULE,ORG000010,SYN-GAN,16,0.066,DECEASED,2013,3,0,,NIC-TU1X52V8B,INFORMANT_TIP,B,5,1
P000652,Basanta Sahoo,Basanta,Sahoo,Basanta Chhota,M,1975-06-09,51,odia,Tamil Nadu,Chennai,Kodungaiyur,LOC000094,,CRIMINAL,TECH_HANDLER,ORG000010,SYN-GAN,70,0.451,ABSCONDING,2025,3,0,,NIC-L0VSDGZVW,SURVEILLANCE_REPORT,E,1,1
P000653,Sudarshan Behera,Sudarshan,Behera,,M,1971-08-14,54,odia,Andhra Pradesh,Guntur,Mangalagiri,LOC000090,,CRIMINAL,FIELD_OPERATIVE,ORG000010,SYN-GAN,65,0.248,UNDER_SURVEILLANCE,2007,1,0,,NIC-ZIUEYBGFL,SOCIAL_MEDIA_INTEL,C,1,1
P000654,Manikandan Rajendran,Manikandan,Rajendran,Doctor,M,1994-01-04,32,tamil,Odisha,Bhubaneswar,Nayapalli,LOC000109,,CRIMINAL,MULE,ORG000010,SYN-GAN,30,0.086,UNDER_SURVEILLANCE,2018,2,0,,NIC-9IMFLW2AR,IPDR,A,3,1
P000655,Karthik Thevar,Karthik,Thevar,Tempo Karthik,M,1970-01-07,56,tamil,Telangana,Hyderabad,Charminar,LOC000083,,CRIMINAL,HAWALA_OPERATOR,ORG000010,SYN-GAN,76,0.714,AT_LARGE,2012,2,0,,NIC-O1WY8D39W,SEIZURE_MEMO,A,6,1
P000656,Niranjan Dash,Niranjan,Dash,,M,1992-06-09,34,odia,Maharashtra,Mumbai,Bhendi Bazaar,LOC000004,,CRIMINAL,COURIER,ORG000010,SYN-GAN,41,0.211,AT_LARGE,2010,2,0,,NIC-RDC1QTXS3,CRIMINAL_HISTORY_DB,C,4,1
P000657,Bhagaban Mohanty,Bhagaban,Mohanty,,M,1999-12-24,26,odia,Maharashtra,Pune,Yerwada,LOC000009,,CRIMINAL,FIELD_OPERATIVE,ORG000010,SYN-GAN,66,0.261,ON_BAIL,2023,5,0,,NIC-F22ZNPSK5,BANK_STATEMENT,A,4,1
P000658,Karthik Annadurai,Karthik,Annadurai,,M,2001-09-02,24,tamil,Chhattisgarh,Raipur,Birgaon,LOC000122,,CRIMINAL,LOGISTICS,ORG000010,SYN-GAN,70,0.467,AT_LARGE,2019,3,0,,NIC-YPCQVMCYO,CRIMINAL_HISTORY_DB,C,3,1
P000659,Jagabandhu Munda,Jagabandhu,Munda,,M,1962-12-26,63,odia,Chhattisgarh,Raipur,Birgaon,LOC000122,,CRIMINAL,COURIER,ORG000010,SYN-GAN,50,0.181,UNDER_SURVEILLANCE,2017,5,0,,NIC-Z246S6E1W,BANK_STATEMENT,B,2,1
P000660,Srinivas Kondapalli,Srinivas,Kondapalli,Srinivas Sarkar,M,1983-12-03,42,telugu,Andhra Pradesh,Alluri Sitharama Raju,Chintapalli,LOC000092,,CRIMINAL,FIELD_OPERATIVE,ORG000010,SYN-GAN,65,0.276,IN_JUDICIAL_CUSTODY,2022,3,0,,NIC-GAUPHJ836,TOWER_DUMP,C,4,1
P000661,Rajendran Thevar,Rajendran,Thevar,Cheetah Rajendran,M,1998-01-10,28,tamil,Maharashtra,Nashik,Panchavati,LOC000012,,CRIMINAL,FINANCIER,ORG000010,SYN-GAN,75,0.744,AT_LARGE,2016,5,0,,NIC-R2IQYOCF8,CHARGESHEET,E,3,1
P000662,Akshaya Jena,Akshaya,Jena,Akshaya Pehalwan,M,1970-09-08,55,odia,Karnataka,Kalaburagi,Afzalpur,LOC000102,,CRIMINAL,LOGISTICS,ORG000010,SYN-GAN,52,0.529,AT_LARGE,2002,2,0,,NIC-95BZKNL76,FIR,C,3,1
P000663,Sabita Sahoo,Sabita,Sahoo,,F,1971-01-01,55,odia,Andhra Pradesh,Vijayawada,Gunadala,LOC000089,,CRIMINAL,RECRUITER,ORG000010,SYN-GAN,50,0.479,AT_LARGE,2005,1,0,,NIC-1YHCB694Y,CDR,A,1,1
P000664,Mallesh Naidu,Mallesh,Naidu,Seth,M,1995-05-11,31,telugu,Telangana,Hyderabad,Kukatpally,LOC000084,,CRIMINAL,MULE,ORG000010,SYN-GAN,35,0.08,ABSCONDING,2024,5,0,,NIC-D4R09IMUT,INTELLIGENCE_REPORT,D,3,1
P000665,Pramila Dash,Pramila,Dash,Nanha,F,1989-07-06,36,odia,Maharashtra,Mumbai,Dongri,LOC000001,,CRIMINAL,FIELD_OPERATIVE,ORG000010,SYN-GAN,35,0.235,IN_JUDICIAL_CUSTODY,2025,5,0,,NIC-Y2EVBC11Y,INTELLIGENCE_REPORT,B,1,1
P000666,Hariom Bhardwaj,Hariom,Bhardwaj,,M,1965-10-23,60,hindi_belt,Odisha,Malkangiri,Chitrakonda,LOC000111,,CRIMINAL,FIELD_OPERATIVE,ORG000011,SYN-PON,60,0.244,AT_LARGE,2024,6,0,,NIC-LKJ4V6E2D,PASSPORT_IMMIGRATION,C,6,1
P000667,Pramod Singh,Pramod,Singh,,M,2003-05-12,23,hindi_belt,Jharkhand,Dhanbad,Jharia,LOC000044,,CRIMINAL,MULE,ORG000011,SYN-PON,30,0.067,AT_LARGE,2019,9,0,,NIC-16IAJIX5A,CHARGESHEET,C,5,1
P000668,Sarat Rout,Sarat,Rout,Bada,M,1989-03-07,37,odia,Assam,Guwahati,Paltan Bazaar,LOC000113,,CRIMINAL,MULE,ORG000011,SYN-PON,19,0.08,AT_LARGE,2019,10,0,,NIC-9URADF577,BANK_STATEMENT,A,2,1
P000669,Tapan Naskar,Tapan,Naskar,,M,1960-08-03,65,bengali,Jharkhand,Dhanbad,Jharia,LOC000044,,CRIMINAL,MULE,ORG000011,SYN-PON,16,0.093,AT_LARGE,2024,2,0,,NIC-DFHXAL3GF,CRIMINAL_HISTORY_DB,A,1,1
P000670,Bhagaban Sahoo,Bhagaban,Sahoo,Bhagaban Tinku,M,1972-01-02,54,odia,Jharkhand,Deoghar,Sarwan,LOC000043,,CRIMINAL,COURIER,ORG000011,SYN-PON,44,0.192,ON_BAIL,2014,6,0,,NIC-A4QF6T9US,SURVEILLANCE_REPORT,D,1,1
P000671,Basanta Jena,Basanta,Jena,,M,1968-10-09,57,odia,Bihar,Muzaffarpur,Mithanpura,LOC000037,,CRIMINAL,FIELD_OPERATIVE,ORG000011,SYN-PON,52,0.274,AT_LARGE,1998,9,0,,NIC-0F6J4MT8F,SURVEILLANCE_REPORT,E,3,1
P000672,Sasmita Mallick,Sasmita,Mallick,Kaana,F,1985-04-22,41,odia,Jharkhand,Giridih,Bengabad,LOC000046,,CRIMINAL,MULE,ORG000011,SYN-PON,20,0.094,IN_JUDICIAL_CUSTODY,2018,6,0,,NIC-X2Q7PVJ07,FIR,B,2,1
P000673,Vijay Dubey,Vijay,Dubey,Vijay Bada,M,1976-05-18,50,hindi_belt,Jharkhand,Deoghar,Sarwan,LOC000043,,CRIMINAL,FIELD_OPERATIVE,ORG000011,SYN-PON,67,0.234,ABSCONDING,2004,15,0,,NIC-OYTZI8DVV,FIR,B,2,1
P000674,Basanta Pradhan,Basanta,Pradhan,Bhai Basanta,M,1983-07-06,42,odia,Assam,Guwahati,Paltan Bazaar,LOC000113,,CRIMINAL,FIELD_OPERATIVE,ORG000011,SYN-PON,48,0.258,ON_BAIL,2002,9,0,,NIC-8VUGC5TBG,SURVEILLANCE_REPORT,A,1,1
P000675,Naresh Shukla,Naresh,Shukla,,M,1981-05-23,45,hindi_belt,West Bengal,Kolkata,Rajabazar,LOC000048,,CRIMINAL,MULE,ORG000011,SYN-PON,29,0.067,ABSCONDING,1999,6,0,,NIC-LKBZXOURF,SEIZURE_MEMO,A,1,1
P000676,Kartik Sardar,Kartik,Sardar,,M,1960-03-14,66,bengali,Assam,Guwahati,Paltan Bazaar,LOC000113,,CRIMINAL,MULE,ORG000011,SYN-PON,39,0.092,IN_JUDICIAL_CUSTODY,2010,8,0,,NIC-FUHVNLWQ2,SEIZURE_MEMO,D,2,1
P000677,Bhagaban Dash,Bhagaban,Dash,,M,1989-10-18,36,odia,Odisha,Cuttack,Jagatpur,LOC000110,,CRIMINAL,FIELD_OPERATIVE,ORG000011,SYN-PON,38,0.269,AT_LARGE,2023,16,0,,NIC-XBOEDAZSN,SOCIAL_MEDIA_INTEL,D,1,1
P000678,Bibhuti Munda,Bibhuti,Munda,Raja Bibhuti,M,1962-09-20,63,odia,Odisha,Ganjam,Berhampur,LOC000112,,CRIMINAL,FIELD_OPERATIVE,ORG000011,SYN-PON,53,0.26,IN_JUDICIAL_CUSTODY,2007,12,0,,NIC-GOVL8WWPX,SEIZURE_MEMO,C,1,1
P000679,Bandana Sardar,Bandana,Sardar,Cheetah,F,2001-01-13,25,bengali,Jharkhand,Jamtara,Karmatanr,LOC000042,,CRIMINAL,CORRUPT_OFFICIAL,ORG000011,SYN-PON,68,0.661,ABSCONDING,2020,9,0,,NIC-E8Y24QCP4,TOWER_DUMP,B,3,1
P000680,Prakash Dubey,Prakash,Dubey,Kabootar,M,1961-01-13,65,hindi_belt,Assam,Guwahati,Paltan Bazaar,LOC000113,,CRIMINAL,MULE,ORG000011,SYN-PON,30,0.07,AT_LARGE,2008,9,0,,NIC-UANKWAE5N,INTELLIGENCE_REPORT,B,1,1
P000681,Ashim Biswas,Ashim,Biswas,Ashim Tinku,M,2000-03-22,26,bengali,Jharkhand,Jamtara,Karmatanr,LOC000042,,CRIMINAL,FIELD_OPERATIVE,ORG000011,SYN-PON,44,0.282,ON_BAIL,2022,11,0,,NIC-EACC0CWPA,SEIZURE_MEMO,D,3,1
P000682,Rupa Das,Rupa,Das,Rupa Tempo,F,1988-04-26,38,bengali,Bihar,Gaya,Chandauti,LOC000038,,CRIMINAL,RECRUITER,ORG000011,SYN-PON,52,0.532,AT_LARGE,2013,8,0,,NIC-3V982ULFK,INFORMANT_TIP,C,4,1
P000683,Sanjib Mistry,Sanjib,Mistry,Tempo,M,1969-08-12,56,bengali,Odisha,Bhubaneswar,Nayapalli,LOC000109,UAE,CRIMINAL,FINANCIER,ORG000011,SYN-PON,67,0.622,ABSCONDING,2001,11,0,,NIC-IA2HFWKO9,FIR,A,2,1
P000684,Sunil Verma,Sunil,Verma,,M,1967-09-19,58,hindi_belt,Assam,Karimganj,Sutarkandi,LOC000115,,CRIMINAL,RECRUITER,ORG000011,SYN-PON,63,0.534,UNDER_SURVEILLANCE,2014,13,0,,NIC-G1GH61N8X,CRIMINAL_HISTORY_DB,C,1,1
P000685,Balbir Mishra,Balbir,Mishra,Tinku,M,1995-09-02,30,hindi_belt,West Bengal,Murshidabad,Jalangi,LOC000050,,CRIMINAL,FENCE,ORG000011,SYN-PON,62,0.345,IN_JUDICIAL_CUSTODY,2025,9,0,,NIC-48NE9YJ64,BANK_STATEMENT,D,2,1
P000686,Arindam Halder,Arindam,Halder,Ustad Arindam,M,1970-01-02,56,bengali,Odisha,Ganjam,Berhampur,LOC000112,,CRIMINAL,FIELD_OPERATIVE,ORG000011,SYN-PON,46,0.216,ABSCONDING,2025,4,0,,NIC-OIJDQFRR5,SOCIAL_MEDIA_INTEL,C,3,1
P000687,Dinesh Prajapati,Dinesh,Prajapati,Dinesh Raja,M,1998-12-07,27,hindi_belt,Assam,Karimganj,Sutarkandi,LOC000115,,CRIMINAL,MULE,ORG000011,SYN-PON,37,0.087,ABSCONDING,2016,8,0,,NIC-ICNDRJOII,CHARGESHEET,B,2,1
P000688,Pradip Ghosh,Pradip,Ghosh,Pradip Baba,M,1986-06-02,40,bengali,Odisha,Bhubaneswar,Nayapalli,LOC000109,,CRIMINAL,FIELD_OPERATIVE,ORG000011,SYN-PON,61,0.294,ABSCONDING,2004,4,0,,NIC-DWO233WZG,INFORMANT_TIP,C,1,1
P000689,Jagdish Verma,Jagdish,Verma,,M,2003-12-03,22,hindi_belt,Bihar,Begusarai,Barauni,LOC000040,,CRIMINAL,FINANCIER,ORG000011,SYN-PON,77,0.626,ON_BAIL,2020,13,0,,NIC-K7NHBQP8R,CDR,C,2,1
P000690,Bimal Majumdar,Bimal,Majumdar,,M,1963-06-13,63,bengali,West Bengal,North 24 Parganas,Bongaon,LOC000051,,CRIMINAL,MULE,ORG000011,SYN-PON,32,0.094,AT_LARGE,2007,7,0,,NIC-0Z3CYOZJF,INFORMANT_TIP,C,2,1
P000691,Arun Gupta,Arun,Gupta,,M,1987-07-07,38,hindi_belt,West Bengal,Murshidabad,Jalangi,LOC000050,,CRIMINAL,FINANCIER,ORG000011,SYN-PON,84,0.809,AT_LARGE,2006,10,0,,NIC-0WATYK3MI,BANK_STATEMENT,B,2,1
P000692,Bimal Halder,Bimal,Halder,,M,1995-12-11,30,bengali,Assam,Karimganj,Sutarkandi,LOC000115,,CRIMINAL,MULE,ORG000011,SYN-PON,23,0.069,ON_BAIL,2012,13,0,,NIC-66C85G0JP,CHARGESHEET,B,4,1
P000693,Arun Chauhan,Arun,Chauhan,,M,1975-03-24,51,hindi_belt,Odisha,Malkangiri,Chitrakonda,LOC000111,,CRIMINAL,LIEUTENANT,ORG000011,SYN-PON,81,0.937,AT_LARGE,2018,12,0,,NIC-LXDX8POPQ,SURVEILLANCE_REPORT,E,1,1
P000694,Gautam Sen,Gautam,Sen,Kaka Gautam,M,1961-06-24,65,bengali,Bihar,Gaya,Chandauti,LOC000038,,CRIMINAL,COURIER,ORG000011,SYN-PON,38,0.173,AT_LARGE,2023,6,0,,NIC-R5V3ZRVMX,SURVEILLANCE_REPORT,B,3,1
P000695,Basanta Mallick,Basanta,Mallick,Basanta Pappu,M,1964-07-07,61,odia,Jharkhand,Ranchi,Hatia,LOC000045,,CRIMINAL,KINGPIN,ORG000011,SYN-PON,90,0.828,IN_JUDICIAL_CUSTODY,2008,11,0,,NIC-AVT6FVLZJ,CRIMINAL_HISTORY_DB,D,2,1
P000696,Jagabandhu Sahoo,Jagabandhu,Sahoo,,M,1977-03-08,49,odia,Bihar,Purnia,Khajanchi Hat,LOC000041,,CRIMINAL,FIELD_OPERATIVE,ORG000011,SYN-PON,58,0.258,UNDER_SURVEILLANCE,2001,9,0,,NIC-HRLYHSDQ8,INFORMANT_TIP,A,4,1
P000697,Kartik Dutta,Kartik,Dutta,,M,1988-10-14,37,bengali,Odisha,Bhubaneswar,Nayapalli,LOC000109,,CRIMINAL,FIELD_OPERATIVE,ORG000011,SYN-PON,49,0.246,IN_JUDICIAL_CUSTODY,2021,8,0,,NIC-GBB8H57WK,BANK_STATEMENT,E,1,1
P000698,Sunil Pandey,Sunil,Pandey,,M,1977-12-06,48,hindi_belt,Assam,Karimganj,Sutarkandi,LOC000115,,CRIMINAL,FIELD_OPERATIVE,ORG000011,SYN-PON,62,0.25,ON_BAIL,2018,4,0,,NIC-3QR5DH5MK,SEIZURE_MEMO,E,3,1
P000699,Prasanna Jena,Prasanna,Jena,Prasanna Kaana,M,1988-03-19,38,odia,Bihar,Gaya,Chandauti,LOC000038,,CRIMINAL,RECRUITER,ORG000011,SYN-PON,61,0.445,ON_BAIL,2014,7,0,,NIC-AHRDCWJ28,CDR,A,5,1
P000700,Mahesh Yadav,Mahesh,Yadav,Mahesh Kallu,M,2003-03-24,23,hindi_belt,Odisha,Ganjam,Berhampur,LOC000112,,CRIMINAL,MULE,ORG000011,SYN-PON,19,0.085,EXTRADITION_PENDING,2022,9,0,,NIC-MH1BTOHNZ,TOWER_DUMP,D,3,1
P000701,Pradip Naskar,Pradip,Naskar,,M,1982-12-05,43,bengali,Jharkhand,Dhanbad,Jharia,LOC000044,,CRIMINAL,MULE,ORG000011,SYN-PON,31,0.071,ABSCONDING,2020,10,0,,NIC-BL5PWIXWN,SURVEILLANCE_REPORT,A,1,1
P000702,Basanta Jena,Basanta,Jena,Sarkar Basanta,M,1998-03-01,28,odia,Jharkhand,Giridih,Bengabad,LOC000046,,CRIMINAL,MULE,ORG000011,SYN-PON,24,0.089,UNDER_SURVEILLANCE,2015,16,0,,NIC-OWOIO11F6,CRIMINAL_HISTORY_DB,F,2,1
P000703,Mahesh Saini,Mahesh,Saini,,M,1998-08-26,27,hindi_belt,Odisha,Ganjam,Berhampur,LOC000112,,CRIMINAL,FIELD_OPERATIVE,ORG000011,SYN-PON,42,0.278,AT_LARGE,2022,11,0,,NIC-MYCGA5HJZ,CDR,B,4,1
P000704,Udaiveer Srivastava,Udaiveer,Srivastava,Tiger Udaiveer,M,1991-11-26,34,hindi_belt,Odisha,Bhubaneswar,Nayapalli,LOC000109,,CRIMINAL,COURIER,ORG000011,SYN-PON,50,0.182,AT_LARGE,2011,7,0,,NIC-QZ4MU2QIJ,SURVEILLANCE_REPORT,F,5,1
P000705,Arindam Mondal,Arindam,Mondal,Kabootar,M,1998-05-09,28,bengali,West Bengal,Nadia,Karimpur,LOC000053,,CRIMINAL,TECH_HANDLER,ORG000011,SYN-PON,49,0.435,AT_LARGE,2020,5,0,,NIC-JLLWZDYLV,SURVEILLANCE_REPORT,B,1,1
P000706,Balbir Baghel,Balbir,Baghel,Doctor Balbir,M,2001-02-18,25,hindi_belt,Odisha,Bhubaneswar,Nayapalli,LOC000109,,CRIMINAL,FIELD_OPERATIVE,ORG000011,SYN-PON,38,0.23,AT_LARGE,2018,8,0,,NIC-PA5UO9TH9,CRIMINAL_HISTORY_DB,A,4,1
P000707,Akshaya Sahoo,Akshaya,Sahoo,,M,2002-07-08,23,odia,Jharkhand,Dhanbad,Jharia,LOC000044,,CRIMINAL,LIEUTENANT,ORG000011,SYN-PON,90,0.792,IN_JUDICIAL_CUSTODY,2019,8,0,,NIC-XYEUR4CXU,SOCIAL_MEDIA_INTEL,C,4,1
P000708,Rabindra Nayak,Rabindra,Nayak,Baba Rabindra,M,2003-06-11,23,odia,West Bengal,North 24 Parganas,Bongaon,LOC000051,,CRIMINAL,RECRUITER,ORG000011,SYN-PON,61,0.426,AT_LARGE,2019,6,0,,NIC-YNU295WLD,IPDR,D,4,1
P000709,Akshaya Sahoo,Akshaya,Sahoo,,M,2001-08-04,24,odia,West Bengal,North 24 Parganas,Bongaon,LOC000051,,CRIMINAL,RECRUITER,ORG000011,SYN-PON,52,0.426,AT_LARGE,2024,12,0,,NIC-TEMP1Z383,INTELLIGENCE_REPORT,A,5,1
P000710,Sujoy Bhattacharya,Sujoy,Bhattacharya,,M,1998-03-05,28,bengali,West Bengal,Nadia,Karimpur,LOC000053,,CRIMINAL,CORRUPT_OFFICIAL,ORG000011,SYN-PON,64,0.691,ABSCONDING,2024,10,0,,NIC-B3V78480W,SURVEILLANCE_REPORT,D,5,1
P000711,Vijay Singh,Vijay,Singh,Baba,M,2000-07-11,25,hindi_belt,Jharkhand,Jamtara,Karmatanr,LOC000042,,CRIMINAL,INFORMANT,ORG000011,SYN-PON,29,0.216,DECLARED_PO,2023,5,0,,NIC-VLOHJCKHE,CRIMINAL_HISTORY_DB,D,4,1
P000712,Basanta Panda,Basanta,Panda,Basanta Ustad,M,1978-08-01,47,odia,Bihar,Purnia,Khajanchi Hat,LOC000041,,CRIMINAL,FIELD_OPERATIVE,ORG000011,SYN-PON,38,0.247,AT_LARGE,2022,5,0,,NIC-TT815ZT22,SOCIAL_MEDIA_INTEL,D,1,1
P000713,Aarti More,Aarti,More,Aarti Sarkar,F,1990-06-10,36,marathi,Rajasthan,Jodhpur,Osian,LOC000065,,CRIMINAL,RECRUITER,ORG000012,SYN-BET,64,0.551,IN_JUDICIAL_CUSTODY,2015,12,0,,NIC-XV4IICPAC,SOCIAL_MEDIA_INTEL,B,2,1
P000714,Divyesh Vaghela,Divyesh,Vaghela,Kaana,M,1961-03-24,65,gujarati,Karnataka,Bengaluru,KG Halli,LOC000099,,CRIMINAL,MULE,ORG000012,SYN-BET,26,0.087,ON_BAIL,1996,8,0,,NIC-3VZW7ZMVV,SEIZURE_MEMO,C,2,1
P000715,Imran Farooqui,Imran,Farooqui,Imran Sarkar,M,1964-05-23,62,muslim,Karnataka,Bengaluru,Yeshwanthpur,LOC000100,,CRIMINAL,FIELD_OPERATIVE,ORG000012,SYN-BET,58,0.234,IN_JUDICIAL_CUSTODY,2022,18,0,,NIC-YOFEO89XD,SURVEILLANCE_REPORT,B,2,1
P000716,Vaishnavi Kadam,Vaishnavi,Kadam,Vaishnavi Lambu,F,1978-03-09,48,marathi,Delhi,New Delhi,Paharganj,LOC000022,,CRIMINAL,FIELD_OPERATIVE,ORG000012,SYN-BET,61,0.226,IN_JUDICIAL_CUSTODY,2023,6,0,,NIC-206Z8BC9U,CHARGESHEET,C,1,1
P000717,Hitesh Zala,Hitesh,Zala,,M,1964-08-09,61,gujarati,Rajasthan,Jaipur,Chomu,LOC000067,,CRIMINAL,CORRUPT_OFFICIAL,ORG000012,SYN-BET,56,0.604,IN_JUDICIAL_CUSTODY,2008,7,0,,NIC-UDJO8XDKK,TOWER_DUMP,C,2,1
P000718,Haroon Pathan,Haroon,Pathan,Haroon Tinku,M,1968-09-05,57,muslim,Maharashtra,Mumbai,Bhendi Bazaar,LOC000004,,CRIMINAL,FIELD_OPERATIVE,ORG000012,SYN-BET,49,0.241,AT_LARGE,2018,15,0,,NIC-GNNAOBOMQ,INTELLIGENCE_REPORT,B,1,1
P000719,Yusuf Khan,Yusuf,Khan,Langda,M,1969-08-20,56,muslim,Rajasthan,Bharatpur,Kaman,LOC000068,,CRIMINAL,MULE,ORG000012,SYN-BET,34,0.091,ON_BAIL,2022,14,0,,NIC-DLRXNDFLO,CHARGESHEET,C,4,1
P000720,Manisha Patil,Manisha,Patil,,F,1994-05-15,32,marathi,Gujarat,Surat,Varachha,LOC000072,,CRIMINAL,FIELD_OPERATIVE,ORG000012,SYN-BET,39,0.277,UNDER_SURVEILLANCE,2023,13,0,,NIC-BF3KKISDX,FIR,B,4,1
P000721,Munna Kushwaha,Munna,Kushwaha,Munna Pehalwan,M,1990-11-21,35,hindi_belt,Telangana,Hyderabad,Charminar,LOC000083,,CRIMINAL,FIELD_OPERATIVE,ORG000012,SYN-BET,66,0.261,IN_JUDICIAL_CUSTODY,2010,8,0,,NIC-LQDYX8O82,BANK_STATEMENT,D,2,1
P000722,Ashwin Shah,Ashwin,Shah,Ashwin Master,M,1984-07-25,41,gujarati,Karnataka,Mangaluru,Ullal,LOC000101,,CRIMINAL,LIEUTENANT,ORG000012,SYN-BET,89,0.865,ON_BAIL,2003,10,0,,NIC-JP5PM2ELG,BANK_STATEMENT,A,6,1
P000723,Ketan Prajapati,Ketan,Prajapati,Ketan Cheetah,M,1999-01-22,27,gujarati,Rajasthan,Barmer,Chohtan,LOC000070,,CRIMINAL,FINANCIER,ORG000012,SYN-BET,67,0.746,AT_LARGE,2022,8,0,,NIC-COJWGQWLU,CHARGESHEET,D,4,1
P000724,Pandurang Naik,Pandurang,Naik,Chhota,M,1975-04-18,51,marathi,Telangana,Hyderabad,Chandrayangutta,LOC000085,,CRIMINAL,FINANCIER,ORG000012,SYN-BET,70,0.654,IN_JUDICIAL_CUSTODY,2005,15,0,,NIC-YLYUQYMMA,CHARGESHEET,C,2,1
P000725,Altaf Khan,Altaf,Khan,Bandook Altaf,M,1992-10-19,33,muslim,Delhi,New Delhi,Paharganj,LOC000022,,CRIMINAL,LIEUTENANT,ORG000012,SYN-BET,82,0.704,IN_JUDICIAL_CUSTODY,2020,14,0,,NIC-XY6WEUM25,SOCIAL_MEDIA_INTEL,C,5,1
P000726,Rahul Rane,Rahul,Rane,Rahul Gullu,M,1971-08-16,54,marathi,Maharashtra,Mumbai,Andheri,LOC000005,,CRIMINAL,COURIER,ORG000012,SYN-BET,45,0.171,ON_BAIL,2007,12,0,,NIC-JB0FZW8FJ,PASSPORT_IMMIGRATION,C,1,1
P000727,Vishal More,Vishal,More,Vishal Baba,M,1986-04-02,40,marathi,Gujarat,Kutch,Mundra,LOC000073,,CRIMINAL,MULE,ORG000012,SYN-BET,19,0.086,IN_JUDICIAL_CUSTODY,2015,8,0,,NIC-ZO1P3J0LS,SEIZURE_MEMO,D,1,1
P000728,Netrapal Saini,Netrapal,Saini,Langda Netrapal,M,2002-09-11,23,hindi_belt,Gujarat,Vadodara,Karelibaug,LOC000076,,CRIMINAL,RECRUITER,ORG000012,SYN-BET,51,0.528,IN_JUDICIAL_CUSTODY,2019,11,0,,NIC-CCR8OKEFL,BANK_STATEMENT,A,4,1
P000729,Vinod Bhadauria,Vinod,Bhadauria,Vinod Tempo,M,1987-09-14,38,hindi_belt,Delhi,New Delhi,Jamia Nagar,LOC000017,,CRIMINAL,LIEUTENANT,ORG000012,SYN-BET,89,0.658,AT_LARGE,2024,13,0,,NIC-H7UQ98DYT,SOCIAL_MEDIA_INTEL,D,4,1
P000730,Arif Mansuri,Arif,Mansuri,Guddu Arif,M,1993-08-08,32,muslim,Rajasthan,Barmer,Chohtan,LOC000070,,CRIMINAL,FINANCIER,ORG000012,SYN-BET,81,0.787,DECLARED_PO,2022,12,0,,NIC-SZTH1INSL,CDR,C,3,1
P000731,Aarti Shinde,Aarti,Shinde,Aarti Pehalwan,F,1962-05-06,64,marathi,Delhi,New Delhi,Seelampur,LOC000016,,CRIMINAL,CORRUPT_OFFICIAL,ORG000012,SYN-BET,69,0.599,ON_BAIL,2001,7,0,,NIC-56HF42J0R,INFORMANT_TIP,C,1,1
P000732,Bhaskar Shinde,Bhaskar,Shinde,,M,1987-07-14,38,marathi,Gujarat,Surat,Varachha,LOC000072,,CRIMINAL,FIELD_OPERATIVE,ORG000012,SYN-BET,36,0.272,IN_JUDICIAL_CUSTODY,2003,12,0,,NIC-ADAWMK8VM,TOWER_DUMP,B,4,1
P000733,Kalpesh Solanki,Kalpesh,Solanki,,M,1975-09-23,50,gujarati,Maharashtra,Pune,Yerwada,LOC000009,,CRIMINAL,MULE,ORG000012,SYN-BET,15,0.082,AT_LARGE,2025,13,0,,NIC-K0KDD2Z81,BANK_STATEMENT,D,4,1
P000734,Bhaskar Kadam,Bhaskar,Kadam,Tempo Bhaskar,M,1984-11-26,41,marathi,Karnataka,Ballari,Sandur,LOC000103,,CRIMINAL,MULE,ORG000012,SYN-BET,21,0.087,AT_LARGE,2024,9,0,,NIC-6VH8ZLZ3G,SURVEILLANCE_REPORT,B,2,1
P000735,Vipul Parmar,Vipul,Parmar,Langda Vipul,M,1998-03-04,28,gujarati,Maharashtra,Mumbai,Bhendi Bazaar,LOC000004,,CRIMINAL,TECH_HANDLER,ORG000012,SYN-BET,66,0.378,ABSCONDING,2020,15,0,,NIC-L3E74UBZ4,IPDR,B,3,1
P000736,Sunil Yadav,Sunil,Yadav,Sunil Chhota,M,1993-02-21,33,hindi_belt,Telangana,Nizamabad,Bodhan,LOC000087,,CRIMINAL,FIELD_OPERATIVE,ORG000012,SYN-BET,52,0.247,ABSCONDING,2020,9,0,,NIC-20H36HW08,SEIZURE_MEMO,B,3,1
P000737,Sachin Patil,Sachin,Patil,Munna,M,1984-06-23,42,marathi,Telangana,Warangal,Hanamkonda,LOC000086,,CRIMINAL,KINGPIN,ORG000012,SYN-BET,94,1.133,ON_BAIL,2013,6,0,,NIC-GIU2NT6KV,CRIMINAL_HISTORY_DB,B,2,1
P000738,Dharmesh Joshi,Dharmesh,Joshi,,M,1961-08-09,64,gujarati,Karnataka,Ballari,Sandur,LOC000103,,CRIMINAL,FINANCIER,ORG000012,SYN-BET,69,0.726,ON_BAIL,2017,14,0,,NIC-TE2Z5B9A9,PASSPORT_IMMIGRATION,C,2,1
P000739,Har Prasad Gupta,Har Prasad,Gupta,,M,1964-09-07,61,hindi_belt,Rajasthan,Jaipur,Chomu,LOC000067,,CRIMINAL,RECRUITER,ORG000012,SYN-BET,67,0.562,AT_LARGE,2013,10,0,,NIC-H03PS37VN,INTELLIGENCE_REPORT,C,3,1
P000740,Faizan Baig,Faizan,Baig,,M,1978-06-01,48,muslim,Gujarat,Kutch,Mundra,LOC000073,,CRIMINAL,FIELD_OPERATIVE,ORG000012,SYN-BET,45,0.251,ON_BAIL,2013,9,0,,NIC-ZAUKHCKZI,IPDR,A,2,1
P000741,Trupti Parmar,Trupti,Parmar,Ustad Trupti,F,1982-09-04,43,gujarati,Delhi,New Delhi,Najafgarh,LOC000019,,CRIMINAL,HAWALA_OPERATOR,ORG000012,SYN-BET,60,0.64,EXTRADITION_PENDING,2011,12,0,,NIC-CV4T89P4Q,CHARGESHEET,F,3,1
P000742,Smita Sawant,Smita,Sawant,,F,1960-04-02,66,marathi,Gujarat,Ahmedabad,Juhapura,LOC000071,,CRIMINAL,FIELD_OPERATIVE,ORG000012,SYN-BET,57,0.273,IN_JUDICIAL_CUSTODY,2022,16,0,,NIC-ZGWNBWYSG,TOWER_DUMP,B,3,1
P000743,Har Prasad Sharma,Har Prasad,Sharma,Har Raja,M,1961-11-04,64,hindi_belt,Karnataka,Kalaburagi,Afzalpur,LOC000102,,CRIMINAL,FIELD_OPERATIVE,ORG000012,SYN-BET,68,0.277,ON_BAIL,2000,15,0,,NIC-BHN1XHDOR,SOCIAL_MEDIA_INTEL,B,5,1
P000744,Hardik Thakor,Hardik,Thakor,,M,1985-06-06,41,gujarati,Rajasthan,Alwar,Ramgarh,LOC000069,,CRIMINAL,COURIER,ORG000012,SYN-BET,39,0.172,AT_LARGE,2006,17,0,,NIC-IHUW14IU1,PASSPORT_IMMIGRATION,A,5,1
P000745,Paresh Rabari,Paresh,Rabari,,M,1976-08-10,49,gujarati,Rajasthan,Jodhpur,Osian,LOC000065,,CRIMINAL,FIELD_OPERATIVE,ORG000012,SYN-BET,65,0.232,AT_LARGE,2022,14,0,,NIC-SUXO1UKGO,TOWER_DUMP,B,1,1
P000746,Swapnil Kadam,Swapnil,Kadam,Nanha Swapnil,M,1998-01-01,28,marathi,Gujarat,Surat,Varachha,LOC000072,,CRIMINAL,FIELD_OPERATIVE,ORG000012,SYN-BET,50,0.213,IN_JUDICIAL_CUSTODY,2023,10,0,,NIC-E4PJ35K1R,TOWER_DUMP,C,3,1
P000747,Jitendra Bhardwaj,Jitendra,Bhardwaj,Chhota,M,1971-10-22,54,hindi_belt,Delhi,New Delhi,Jamia Nagar,LOC000017,,CRIMINAL,FENCE,ORG000012,SYN-BET,49,0.323,ON_BAIL,1997,22,0,,NIC-UGZH6U5XF,IPDR,A,2,1
P000748,Divyesh Desai,Divyesh,Desai,Divyesh Chacha,M,1989-05-09,37,gujarati,Delhi,New Delhi,Paharganj,LOC000022,,CRIMINAL,FINANCIER,ORG000012,SYN-BET,89,0.653,AT_LARGE,2024,12,0,,NIC-27SH3HWT3,SURVEILLANCE_REPORT,B,4,1
P000749,Shyamlal Bhardwaj,Shyamlal,Bhardwaj,Dada,M,1972-02-17,54,hindi_belt,Gujarat,Surat,Varachha,LOC000072,,CRIMINAL,FIELD_OPERATIVE,ORG000012,SYN-BET,48,0.267,DECLARED_PO,2007,14,0,,NIC-P7L1C6468,BANK_STATEMENT,D,3,1
P000750,Nadeem Khan,Nadeem,Khan,Nadeem Sarkar,M,1971-06-22,55,muslim,Delhi,New Delhi,Sangam Vihar,LOC000021,,CRIMINAL,RECRUITER,ORG000012,SYN-BET,50,0.465,ON_BAIL,2017,8,0,,NIC-UNUO46DG6,INFORMANT_TIP,D,2,1
P000751,Devendra Maurya,Devendra,Maurya,,M,1990-08-24,35,hindi_belt,Gujarat,Vadodara,Karelibaug,LOC000076,,CRIMINAL,FIELD_OPERATIVE,ORG000012,SYN-BET,59,0.258,AT_LARGE,2016,18,0,,NIC-ZETONZIQY,SEIZURE_MEMO,D,2,1
P000752,Mitesh Shah,Mitesh,Shah,Langda Mitesh,M,1995-06-16,31,gujarati,Karnataka,Ballari,Sandur,LOC000103,,CRIMINAL,FIELD_OPERATIVE,ORG000012,SYN-BET,49,0.28,UNDER_SURVEILLANCE,2022,15,0,,NIC-VKGF807SS,BANK_STATEMENT,C,2,1
P000753,Chandrabhan Shukla,Chandrabhan,Shukla,Cheetah,M,1997-06-15,29,hindi_belt,Telangana,Warangal,Hanamkonda,LOC000086,,CRIMINAL,FIELD_OPERATIVE,ORG000012,SYN-BET,45,0.275,ABSCONDING,2020,11,0,,NIC-5VW7I7HDL,BANK_STATEMENT,A,3,1
P000754,Dharmesh Makwana,Dharmesh,Makwana,Chacha,M,2000-10-15,25,gujarati,Karnataka,Bengaluru,Yeshwanthpur,LOC000100,,CRIMINAL,FIELD_OPERATIVE,ORG000012,SYN-BET,40,0.257,AT_LARGE,2017,9,0,,NIC-TQVGRN15K,TOWER_DUMP,F,6,1
P000755,Nilesh Bhoir,Nilesh,Bhoir,Nilesh Doctor,M,1987-09-04,38,marathi,Karnataka,Mangaluru,Ullal,LOC000101,,CRIMINAL,MULE,ORG000012,SYN-BET,39,0.09,UNDER_SURVEILLANCE,2020,9,0,,NIC-FRVABKG23,INFORMANT_TIP,A,2,1
P000756,Shakeel Malik,Shakeel,Malik,Shakeel Kaka,M,2002-06-24,24,muslim,Gujarat,Vadodara,Karelibaug,LOC000076,,CRIMINAL,TECH_HANDLER,ORG000012,SYN-BET,61,0.395,UNDER_SURVEILLANCE,2020,12,0,,NIC-AUMIZBHHP,PASSPORT_IMMIGRATION,C,1,1
P000757,Ashfaq Rahman,Ashfaq,Rahman,Tinku Ashfaq,M,1975-12-14,50,muslim,Delhi,New Delhi,Seelampur,LOC000016,,CRIMINAL,RECRUITER,ORG000012,SYN-BET,49,0.559,UNDER_SURVEILLANCE,1998,16,0,,NIC-G6HCSUDIT,SURVEILLANCE_REPORT,C,2,1
P000758,Ibrahim Shaikh,Ibrahim,Shaikh,Seth Ibrahim,M,1965-04-23,61,muslim,Maharashtra,Navi Mumbai,Vashi,LOC000008,,CRIMINAL,FIELD_OPERATIVE,ORG000012,SYN-BET,57,0.227,AT_LARGE,2017,15,0,,NIC-WPDAV8U1F,CRIMINAL_HISTORY_DB,C,2,1
P000759,Devendra Chauhan,Devendra,Chauhan,,M,1996-03-12,30,hindi_belt,Karnataka,Kalaburagi,Afzalpur,LOC000102,,CRIMINAL,MULE,ORG000012,SYN-BET,26,0.069,ON_BAIL,2014,11,0,,NIC-YSPZCI6P4,IPDR,A,1,1
P000760,Ashfaq Shaikh,Ashfaq,Shaikh,Ashfaq Tiger,M,1981-04-10,45,muslim,Rajasthan,Jodhpur,Osian,LOC000065,,CRIMINAL,FIELD_OPERATIVE,ORG000012,SYN-BET,46,0.228,AT_LARGE,2005,8,0,,NIC-0ECG3UNV8,SEIZURE_MEMO,E,2,1
P000761,Mahesh Pandey,Mahesh,Pandey,,M,1994-01-05,32,hindi_belt,Telangana,Nizamabad,Bodhan,LOC000087,,CRIMINAL,LOGISTICS,ORG000012,SYN-BET,60,0.37,ON_BAIL,2013,8,0,,NIC-J50N1I6GQ,SEIZURE_MEMO,B,2,1
P000762,Nilesh Shinde,Nilesh,Shinde,Kabootar Nilesh,M,1996-01-14,30,marathi,Karnataka,Kalaburagi,Afzalpur,LOC000102,,CRIMINAL,FIELD_OPERATIVE,ORG000012,SYN-BET,66,0.288,ABSCONDING,2025,9,0,,NIC-ALL68R63R,CRIMINAL_HISTORY_DB,D,2,1
P000763,Randhir Tiwari,Randhir,Tiwari,,M,1989-05-07,37,hindi_belt,Rajasthan,Jodhpur,Osian,LOC000065,,CRIMINAL,MULE,ORG000012,SYN-BET,15,0.078,ON_BAIL,2007,13,0,,NIC-99HGYRCMT,SURVEILLANCE_REPORT,C,4,1
P000764,Om Prakash Maurya,Om Prakash,Maurya,Om Doctor,M,1976-10-14,49,hindi_belt,Jharkhand,Ranchi,Hatia,LOC000045,,CRIMINAL,FIELD_OPERATIVE,ORG000013,SYN-KDN,48,0.281,AT_LARGE,1997,5,0,,NIC-JLSAQNL0G,CDR,C,3,1
P000765,Salim Shaikh,Salim,Shaikh,,M,1990-01-05,36,muslim,Jharkhand,Jamtara,Karmatanr,LOC000042,,CRIMINAL,HAWALA_OPERATOR,ORG000013,SYN-KDN,74,0.634,ON_BAIL,2023,10,0,,NIC-JCCVPZ0IE,INFORMANT_TIP,B,2,1
P000766,Balbir Shukla,Balbir,Shukla,Seth,M,1963-02-16,63,hindi_belt,Uttar Pradesh,Lucknow,Aminabad,LOC000023,,CRIMINAL,FIELD_OPERATIVE,ORG000013,SYN-KDN,50,0.292,IN_JUDICIAL_CUSTODY,2022,11,0,,NIC-B3N3FMC2K,BANK_STATEMENT,A,2,1
P000767,Balbir Dixit,Balbir,Dixit,Tiger,M,1984-08-05,41,hindi_belt,Bihar,Begusarai,Barauni,LOC000040,,CRIMINAL,FIELD_OPERATIVE,ORG000013,SYN-KDN,46,0.233,AT_LARGE,2013,10,0,,NIC-R0H5HK9E4,FIR,B,2,1
P000768,Prakash Gupta,Prakash,Gupta,Prakash Kaana,M,1983-03-03,43,hindi_belt,Jharkhand,Deoghar,Sarwan,LOC000043,,CRIMINAL,FIELD_OPERATIVE,ORG000013,SYN-KDN,60,0.287,IN_JUDICIAL_CUSTODY,2004,14,0,,NIC-RFJBRT24L,INTELLIGENCE_REPORT,C,2,1
P000769,Shakeel Siddiqui,Shakeel,Siddiqui,,M,1965-11-15,60,muslim,Delhi,New Delhi,Sangam Vihar,LOC000021,,CRIMINAL,INFORMANT,ORG000013,SYN-KDN,39,0.216,AT_LARGE,2017,8,0,,NIC-BIRWW8WHY,FIR,A,1,1
P000770,Pradeep Bhardwaj,Pradeep,Bhardwaj,Pradeep Tempo,M,1998-09-14,27,hindi_belt,Delhi,New Delhi,Najafgarh,LOC000019,,CRIMINAL,FIELD_OPERATIVE,ORG000013,SYN-KDN,51,0.287,ON_BAIL,2014,2,0,,NIC-60IN3YDA6,TOWER_DUMP,B,2,1
P000771,Chandrabhan Bhardwaj,Chandrabhan,Bhardwaj,Chhota,M,1967-10-02,58,hindi_belt,Bihar,Siwan,Mahadeva,LOC000039,,CRIMINAL,FIELD_OPERATIVE,ORG000013,SYN-KDN,66,0.213,AT_LARGE,2013,8,0,,NIC-TCDZ7MZIM,PASSPORT_IMMIGRATION,B,2,1
P000772,Abdul Chaudhary,Abdul,Chaudhary,Abdul Chhota,M,1974-10-17,51,muslim,Jharkhand,Jamtara,Karmatanr,LOC000042,,CRIMINAL,FIELD_OPERATIVE,ORG000013,SYN-KDN,61,0.269,AT_LARGE,2002,4,0,,NIC-AKEKM5JAW,CRIMINAL_HISTORY_DB,A,2,1
P000773,Shakuntala Nishad,Shakuntala,Nishad,Seth Shakuntala,F,1985-08-08,40,hindi_belt,Jharkhand,Dhanbad,Jharia,LOC000044,,CRIMINAL,FINANCIER,ORG000013,SYN-KDN,84,0.822,AT_LARGE,2008,12,0,,NIC-FHQHZABFY,INFORMANT_TIP,D,3,1
P000774,Naseer Farooqui,Naseer,Farooqui,Naseer Bandook,M,1996-12-15,29,muslim,West Bengal,Nadia,Karimpur,LOC000053,,CRIMINAL,SHOOTER,ORG000013,SYN-KDN,89,0.379,UNDER_SURVEILLANCE,2025,11,0,,NIC-T8F914QYP,FIR,A,5,1
P000775,Shakeel Idrisi,Shakeel,Idrisi,Shakeel Dada,M,1975-08-03,50,muslim,Bihar,Patna,Kadamkuan,LOC000035,,CRIMINAL,FIELD_OPERATIVE,ORG000013,SYN-KDN,41,0.265,AT_LARGE,2017,12,0,,NIC-9XQV6JTJB,SURVEILLANCE_REPORT,C,4,1
P000776,Ibrahim Alam,Ibrahim,Alam,Kabootar Ibrahim,M,1986-01-15,40,muslim,Uttar Pradesh,Gorakhpur,Rajghat,LOC000029,Nepal,CRIMINAL,FINANCIER,ORG000013,SYN-KDN,74,0.724,DECLARED_PO,2004,11,0,,NIC-2JDGD9IRB,PASSPORT_IMMIGRATION,A,4,1
P000777,Hariom Chauhan,Hariom,Chauhan,,M,1998-05-01,28,hindi_belt,West Bengal,Murshidabad,Jalangi,LOC000050,,CRIMINAL,FIELD_OPERATIVE,ORG000013,SYN-KDN,44,0.24,DECEASED,2024,5,0,,NIC-C7W6E5QUI,IPDR,B,5,1
P000778,Shakeel Malik,Shakeel,Malik,Shakeel Sarkar,M,1960-05-03,66,muslim,Delhi,New Delhi,Chandni Chowk,LOC000015,Nepal,CRIMINAL,FINANCIER,ORG000013,SYN-KDN,89,0.705,ABSCONDING,2024,7,0,,NIC-9H0ELUWBS,SEIZURE_MEMO,D,2,1
P000779,Shakeel Ansari,Shakeel,Ansari,Shakeel Chhota,M,1986-01-02,40,muslim,Uttar Pradesh,Gorakhpur,Rajghat,LOC000029,,CRIMINAL,FIELD_OPERATIVE,ORG000013,SYN-KDN,40,0.246,ABSCONDING,2019,2,0,,NIC-BFLMI1EWF,BANK_STATEMENT,A,5,1
P000780,Pradeep Prajapati,Pradeep,Prajapati,,M,1976-05-13,50,hindi_belt,Uttar Pradesh,Ghaziabad,Loni,LOC000026,,CRIMINAL,SHOOTER,ORG000013,SYN-KDN,71,0.325,ON_BAIL,2007,9,0,,NIC-LJ20OTYBG,INFORMANT_TIP,A,2,1
P000781,Prakash Maurya,Prakash,Maurya,Ustad,M,1975-06-18,51,hindi_belt,Jharkhand,Dhanbad,Jharia,LOC000044,,CRIMINAL,SHOOTER,ORG000013,SYN-KDN,83,0.308,UNDER_SURVEILLANCE,2008,5,0,,NIC-UGI3LZ2A6,INTELLIGENCE_REPORT,D,3,1
P000782,Sarfaraz Siddiqui,Sarfaraz,Siddiqui,Bandook,M,1999-08-14,26,muslim,Uttar Pradesh,Kanpur,Chakeri,LOC000024,,CRIMINAL,FIELD_OPERATIVE,ORG000013,SYN-KDN,63,0.261,IN_JUDICIAL_CUSTODY,2023,6,0,,NIC-43FKDNXAC,INTELLIGENCE_REPORT,F,1,1
P000783,Firoz Siddiqui,Firoz,Siddiqui,,M,1977-04-10,49,muslim,Jharkhand,Dhanbad,Jharia,LOC000044,Nepal,CRIMINAL,FINANCIER,ORG000013,SYN-KDN,88,0.763,DECLARED_PO,2008,9,0,,NIC-HJFV1QWKW,SOCIAL_MEDIA_INTEL,C,1,1
P000784,Ashfaq Sheikh,Ashfaq,Sheikh,,M,2002-12-20,23,muslim,Bihar,Patna,Kadamkuan,LOC000035,,CRIMINAL,FIELD_OPERATIVE,ORG000013,SYN-KDN,66,0.254,ON_BAIL,2022,8,0,,NIC-F7J3PA1OT,SURVEILLANCE_REPORT,B,3,1
P000785,Girdhari Saini,Girdhari,Saini,Bhai,M,1986-09-01,39,hindi_belt,Uttar Pradesh,Bareilly,Baradari,LOC000032,,CRIMINAL,LOGISTICS,ORG000013,SYN-KDN,57,0.425,AT_LARGE,2025,14,0,,NIC-GGCLFKXTM,SEIZURE_MEMO,C,1,1
P000786,Shailendra Sharma,Shailendra,Sharma,Shailendra Kaka,M,1993-07-01,32,hindi_belt,Uttar Pradesh,Bareilly,Baradari,LOC000032,,CRIMINAL,SHOOTER,ORG000013,SYN-KDN,77,0.368,AT_LARGE,2010,9,0,,NIC-6YDDMKDMG,INFORMANT_TIP,B,4,1
P000787,Shabana Mirza,Shabana,Mirza,,F,1967-04-04,59,muslim,Uttar Pradesh,Prayagraj,Dhoomanganj,LOC000030,,CRIMINAL,COURIER,ORG000013,SYN-KDN,54,0.196,IN_JUDICIAL_CUSTODY,2016,9,0,,NIC-390CGYJWD,CHARGESHEET,C,1,1
P000788,Rafiq Malik,Rafiq,Malik,Rafiq Bada,M,1967-02-07,59,muslim,Bihar,Begusarai,Barauni,LOC000040,,CRIMINAL,FIELD_OPERATIVE,ORG000013,SYN-KDN,63,0.269,ABSCONDING,1997,7,0,,NIC-B4K9727A4,BANK_STATEMENT,D,3,1
P000789,Wasim Qureshi,Wasim,Qureshi,Wasim Munna,M,1995-12-17,30,muslim,Delhi,New Delhi,Chandni Chowk,LOC000015,Nepal,CRIMINAL,FINANCIER,ORG000013,SYN-KDN,69,0.852,EXTRADITION_PENDING,2019,7,0,,NIC-YQ45H8M5V,SURVEILLANCE_REPORT,A,4,1
P000790,Deepak Bhardwaj,Deepak,Bhardwaj,Anna,M,1995-06-26,31,hindi_belt,Bihar,Begusarai,Barauni,LOC000040,,CRIMINAL,FIXER,ORG000013,SYN-KDN,66,0.495,ON_BAIL,2017,6,0,,NIC-QSMINZLKH,INTELLIGENCE_REPORT,C,4,1
P000791,Sarfaraz Saifi,Sarfaraz,Saifi,,M,2002-08-01,23,muslim,Uttar Pradesh,Gorakhpur,Rajghat,LOC000029,,CRIMINAL,FIELD_OPERATIVE,ORG000013,SYN-KDN,59,0.266,DECLARED_PO,2022,6,0,,NIC-WE1HPXJFU,FIR,C,4,1
P000792,Nazia Khan,Nazia,Khan,Nazia Bandook,F,1983-01-27,43,muslim,Jharkhand,Deoghar,Sarwan,LOC000043,,CRIMINAL,LIEUTENANT,ORG000013,SYN-KDN,92,0.701,ABSCONDING,2002,13,0,,NIC-NH8OIS8S6,CDR,B,1,1
P000793,Jitendra Baghel,Jitendra,Baghel,Chacha Jitendra,M,1969-02-12,57,hindi_belt,Jharkhand,Jamtara,Karmatanr,LOC000042,,CRIMINAL,FIELD_OPERATIVE,ORG000013,SYN-KDN,39,0.278,DECLARED_PO,1996,7,0,,NIC-9YSZPOVOT,TOWER_DUMP,A,1,1
P000794,Wasim Hussain,Wasim,Hussain,,M,1992-10-26,33,muslim,Jharkhand,Ranchi,Hatia,LOC000045,,CRIMINAL,LIEUTENANT,ORG000013,SYN-KDN,85,0.691,AT_LARGE,2011,8,0,,NIC-4P9VUHI8E,IPDR,E,2,1
P000795,Zubair Chaudhary,Zubair,Chaudhary,,M,1983-05-05,43,muslim,Bihar,Muzaffarpur,Mithanpura,LOC000037,,CRIMINAL,INFORMANT,ORG000013,SYN-KDN,32,0.21,IN_JUDICIAL_CUSTODY,2023,7,0,,NIC-3KOYBJSS1,PASSPORT_IMMIGRATION,C,6,1
P000796,Abdul Malik,Abdul,Malik,Pehalwan Abdul,M,1966-01-15,60,muslim,Bihar,Gaya,Chandauti,LOC000038,,CRIMINAL,TECH_HANDLER,ORG000013,SYN-KDN,51,0.38,ABSCONDING,1996,17,0,,NIC-Q48O4DNG5,CRIMINAL_HISTORY_DB,B,2,1
P000797,Imran Ahmed,Imran,Ahmed,Tinku Imran,M,1980-12-15,45,muslim,West Bengal,Nadia,Karimpur,LOC000053,,CRIMINAL,KINGPIN,ORG000013,SYN-KDN,94,0.913,AT_LARGE,2000,9,0,,NIC-Z7ZJ2L97T,FIR,B,2,1
P000798,Firoz Mansuri,Firoz,Mansuri,Doctor,M,1973-06-07,53,muslim,Bihar,Purnia,Khajanchi Hat,LOC000041,,CRIMINAL,MULE,ORG000013,SYN-KDN,38,0.078,AT_LARGE,2021,5,0,,NIC-IWIN7164D,INTELLIGENCE_REPORT,D,3,1
P000799,Shakeel Pathan,Shakeel,Pathan,Shakeel Bhai,M,1981-06-25,45,muslim,Bihar,Begusarai,Barauni,LOC000040,,CRIMINAL,TECH_HANDLER,ORG000013,SYN-KDN,52,0.427,ABSCONDING,2017,10,0,,NIC-J4M0FU21Q,PASSPORT_IMMIGRATION,A,2,1
P000800,Haroon Mansuri,Haroon,Mansuri,Haroon Kabootar,M,1989-08-23,36,muslim,West Bengal,North 24 Parganas,Bongaon,LOC000051,,CRIMINAL,COURIER,ORG000013,SYN-KDN,40,0.153,AT_LARGE,2011,8,0,,NIC-BP7QJL4NZ,CHARGESHEET,D,2,1
P000801,Nathu Ranawat,Nathu,Ranawat,Kaka Nathu,M,1982-10-24,43,rajasthani,Haryana,Gurugram,Sohna,LOC000061,,CRIMINAL,FIELD_OPERATIVE,ORG000014,SYN-SHK,55,0.259,DECEASED,2007,0,0,,NIC-I3K5L8FKH,INTELLIGENCE_REPORT,B,3,1
P000802,Kishan Jat,Kishan,Jat,Kishan Kabootar,M,1986-08-13,39,rajasthani,Madhya Pradesh,Gwalior,Morar,LOC000080,,CRIMINAL,LOGISTICS,ORG000014,SYN-SHK,65,0.616,IN_JUDICIAL_CUSTODY,2002,4,1,,NIC-TWN5QXB2A,TOWER_DUMP,D,2,1
P000803,Malkiat Virk,Malkiat,Virk,,M,1970-01-18,56,punjabi,Madhya Pradesh,Bhopal,Bairagarh,LOC000077,,CRIMINAL,CORRUPT_OFFICIAL,ORG000014,SYN-SHK,50,0.749,ON_BAIL,1997,6,0,,NIC-KCKLEXTPC,SOCIAL_MEDIA_INTEL,B,3,1
P000804,Yogendra Srivastava,Yogendra,Srivastava,Yogendra Chhota,M,1973-03-01,53,hindi_belt,Uttar Pradesh,Ghaziabad,Loni,LOC000026,,CRIMINAL,COURIER,ORG000014,SYN-SHK,35,0.2,ON_BAIL,2022,1,0,,NIC-VWDHOVSVC,SURVEILLANCE_REPORT,D,3,1
P000805,Ranveer Beniwal,Ranveer,Beniwal,Ranveer Chikna,M,1972-03-10,54,rajasthani,Uttar Pradesh,Ghaziabad,Loni,LOC000026,,CRIMINAL,COURIER,ORG000014,SYN-SHK,37,0.156,DECLARED_PO,2010,4,0,,NIC-8BW8OHIRR,CDR,A,3,1
P000806,Hanuman Shekhawat,Hanuman,Shekhawat,Seth Hanuman,M,1975-08-13,50,rajasthani,Haryana,Gurugram,Sohna,LOC000061,,CRIMINAL,FIELD_OPERATIVE,ORG000014,SYN-SHK,47,0.238,AT_LARGE,2014,9,0,,NIC-KEAYLRFN2,CRIMINAL_HISTORY_DB,C,4,1
P000807,Bikramjit Brar,Bikramjit,Brar,Bikramjit Nanha,M,1983-04-24,43,punjabi,Haryana,Hisar,Barwala,LOC000063,,CRIMINAL,TECH_HANDLER,ORG000014,SYN-SHK,57,0.367,AT_LARGE,2023,2,0,,NIC-UJ6ZQYGJB,INFORMANT_TIP,B,2,1
P000808,Sunil Sengar,Sunil,Sengar,Sunil Pehalwan,M,1977-06-05,49,hindi_belt,Maharashtra,Pune,Yerwada,LOC000009,,CRIMINAL,FIELD_OPERATIVE,ORG000014,SYN-SHK,52,0.211,ABSCONDING,2003,6,0,,NIC-OVWAUGRNI,CDR,C,1,1
P000809,Sandeep Maurya,Sandeep,Maurya,Sandeep Sarkar,M,2000-03-09,26,hindi_belt,Delhi,New Delhi,Paharganj,LOC000022,,CRIMINAL,SHOOTER,ORG000014,SYN-SHK,84,0.38,IN_JUDICIAL_CUSTODY,2016,2,0,,NIC-IJF68PQU8,PASSPORT_IMMIGRATION,A,2,1
P000810,Kishan Choudhary,Kishan,Choudhary,,M,1984-10-07,41,rajasthani,Punjab,Bathinda,Rampura Phul,LOC000059,,CRIMINAL,RECRUITER,ORG000014,SYN-SHK,54,0.546,AT_LARGE,2013,6,0,,NIC-91WGWDKV3,CHARGESHEET,C,2,1
P000811,Sohan Purohit,Sohan,Purohit,Tinku,M,1993-04-27,33,rajasthani,Maharashtra,Pune,Yerwada,LOC000009,,CRIMINAL,LOGISTICS,ORG000014,SYN-SHK,68,0.482,IN_JUDICIAL_CUSTODY,2020,3,0,,NIC-4IZLB6RZ4,BANK_STATEMENT,C,4,1
P000812,Udaiveer Baghel,Udaiveer,Baghel,Bada Udaiveer,M,1983-02-26,43,hindi_belt,Rajasthan,Barmer,Chohtan,LOC000070,,CRIMINAL,RECRUITER,ORG000014,SYN-SHK,66,0.443,ABSCONDING,2017,4,0,,NIC-WAG8LWZKT,IPDR,A,2,1
P000813,Mukesh Baghel,Mukesh,Baghel,Mukesh Sarkar,M,1975-05-03,51,hindi_belt,Uttar Pradesh,Meerut,Lisari Gate,LOC000025,UAE,CRIMINAL,HAWALA_OPERATOR,ORG000014,SYN-SHK,79,0.76,ABSCONDING,2014,6,0,,NIC-ZK2CI0ZAQ,CRIMINAL_HISTORY_DB,D,1,1
P000814,Balbir Thakur,Balbir,Thakur,Balbir Chacha,M,1962-01-23,64,hindi_belt,Rajasthan,Barmer,Chohtan,LOC000070,,CRIMINAL,FIELD_OPERATIVE,ORG000014,SYN-SHK,49,0.213,IN_JUDICIAL_CUSTODY,2003,3,0,,NIC-OPXM8LIKT,IPDR,A,5,1
P000815,Kuldeep Srivastava,Kuldeep,Srivastava,Kuldeep Pehalwan,M,1969-08-16,56,hindi_belt,Haryana,Faridabad,Ballabgarh,LOC000064,,CRIMINAL,SHOOTER,ORG000014,SYN-SHK,71,0.403,IN_JUDICIAL_CUSTODY,2014,3,0,,NIC-0D41IZSN7,CHARGESHEET,E,1,1
P000816,Tarsem Virk,Tarsem,Virk,,M,1987-11-05,38,punjabi,Haryana,Hisar,Barwala,LOC000063,,CRIMINAL,MULE,ORG000014,SYN-SHK,22,0.072,IN_JUDICIAL_CUSTODY,2015,2,0,,NIC-M0HAQSF1T,BANK_STATEMENT,E,3,1
P000817,Rachhpal Sandhu,Rachhpal,Sandhu,Chikna Rachhpal,M,1989-08-22,36,punjabi,Punjab,Tarn Taran,Khalra,LOC000055,,CRIMINAL,LOGISTICS,ORG000014,SYN-SHK,57,0.514,AT_LARGE,2015,2,0,,NIC-C1NQSLCR1,PASSPORT_IMMIGRATION,A,2,1
P000818,Gopal Saini,Gopal,Saini,Gopal Ustad,M,1971-05-23,55,rajasthani,Delhi,New Delhi,Karol Bagh,LOC000018,,CRIMINAL,SHOOTER,ORG000014,SYN-SHK,75,0.315,DECLARED_PO,2012,4,0,,NIC-TRRE5KORW,INTELLIGENCE_REPORT,D,4,1
P000819,Bhanwar Meena,Bhanwar,Meena,Chikna,M,1994-06-24,32,rajasthani,Rajasthan,Jaipur,Chomu,LOC000067,,CRIMINAL,SHOOTER,ORG000014,SYN-SHK,77,0.357,AT_LARGE,2020,4,0,,NIC-CR3LM71RE,SEIZURE_MEMO,A,5,1
P000820,Kulwant Toor,Kulwant,Toor,Bhai Kulwant,M,1971-02-13,55,punjabi,Maharashtra,Mumbai,Andheri,LOC000005,,CRIMINAL,HAWALA_OPERATOR,ORG000014,SYN-SHK,67,1.0,AT_LARGE,2019,5,1,,NIC-CO48EQ1DT,IPDR,D,3,1
P000821,Girdhari Rathore,Girdhari,Rathore,Cheetah,M,1989-01-13,37,hindi_belt,Rajasthan,Bikaner,Nokha,LOC000066,,CRIMINAL,SHOOTER,ORG000014,SYN-SHK,82,0.369,IN_JUDICIAL_CUSTODY,2007,3,0,,NIC-W0Q03IYOZ,TOWER_DUMP,E,5,1
P000822,Harjinder Sarao,Harjinder,Sarao,Sarkar Harjinder,M,1998-10-02,27,punjabi,Rajasthan,Alwar,Ramgarh,LOC000069,,CRIMINAL,SHOOTER,ORG000014,SYN-SHK,71,0.308,ABSCONDING,2020,5,0,,NIC-HA7TVC39Y,FIR,B,2,1
P000823,Harpreet Brar,Harpreet,Brar,Harpreet Guddu,F,1988-05-14,38,punjabi,Maharashtra,Mumbai,Bhendi Bazaar,LOC000004,,CRIMINAL,FENCE,ORG000014,SYN-SHK,58,0.298,UNDER_SURVEILLANCE,2019,8,0,,NIC-2NBZ4H9IL,CHARGESHEET,A,2,1
P000824,Gopal Beniwal,Gopal,Beniwal,Gopal Chacha,M,1988-09-21,37,rajasthani,Haryana,Faridabad,Ballabgarh,LOC000064,,CRIMINAL,COURIER,ORG000014,SYN-SHK,46,0.169,EXTRADITION_PENDING,2019,4,0,,NIC-CY4N0NTK6,CHARGESHEET,C,4,1
P000825,Jitendra Rajput,Jitendra,Rajput,Jitendra Pehalwan,M,1961-11-21,64,hindi_belt,Maharashtra,Mumbai,Malad,LOC000006,,CRIMINAL,COURIER,ORG000014,SYN-SHK,39,0.193,ABSCONDING,1997,3,0,,NIC-DQ91E8Z2B,INTELLIGENCE_REPORT,B,2,1
P000826,Jarnail Singh,Jarnail,Singh,,M,1997-10-06,28,punjabi,Punjab,Tarn Taran,Khalra,LOC000055,,CRIMINAL,SHOOTER,ORG000014,SYN-SHK,86,0.297,ABSCONDING,2020,7,0,,NIC-8K5H9J0UN,PASSPORT_IMMIGRATION,D,2,1
P000827,Prakash Shukla,Prakash,Shukla,Seth Prakash,M,1985-10-10,40,hindi_belt,Rajasthan,Bikaner,Nokha,LOC000066,,CRIMINAL,SHOOTER,ORG000014,SYN-SHK,75,0.354,AT_LARGE,2015,4,0,,NIC-PFPUTBHSW,PASSPORT_IMMIGRATION,C,6,1
P000828,Harjinder Kang,Harjinder,Kang,Bada Harjinder,M,1988-04-01,38,punjabi,Rajasthan,Alwar,Ramgarh,LOC000069,,CRIMINAL,SHOOTER,ORG000014,SYN-SHK,81,0.408,ON_BAIL,2019,5,0,,NIC-RO96RPDJE,IPDR,C,1,1
P000829,Devendra Srivastava,Devendra,Srivastava,Tempo,M,2002-04-22,24,hindi_belt,Maharashtra,Mumbai,Andheri,LOC000005,UAE,CRIMINAL,FINANCIER,ORG000014,SYN-SHK,68,0.824,ABSCONDING,2020,6,0,,NIC-J6FVAM2CH,IPDR,A,3,1
P000830,Harpreet Sandhu,Harpreet,Sandhu,Harpreet Master,F,2000-09-02,25,punjabi,Haryana,Faridabad,Ballabgarh,LOC000064,,CRIMINAL,KINGPIN,ORG000014,SYN-SHK,89,0.88,DECEASED,2025,7,0,,NIC-09LST7UBB,IPDR,A,3,1
P000831,Bheru Ranawat,Bheru,Ranawat,,M,1986-09-01,39,rajasthani,Haryana,Nuh,Punhana,LOC000060,,CRIMINAL,FENCE,ORG000014,SYN-SHK,53,0.32,ON_BAIL,2009,1,0,,NIC-YHK4ZZIA9,FIR,C,4,1
P000832,Kuldeep Virk,Kuldeep,Virk,Raja Kuldeep,F,1976-05-09,50,punjabi,Uttar Pradesh,Azamgarh,Sarai Mir,LOC000033,,CRIMINAL,FIELD_OPERATIVE,ORG000014,SYN-SHK,48,0.264,AT_LARGE,2005,2,0,,NIC-QV75AFLAS,PASSPORT_IMMIGRATION,C,3,1
P000833,Sukhdev Singh,Sukhdev,Singh,Sukhdev Gullu,M,1969-04-15,57,punjabi,Delhi,New Delhi,Seelampur,LOC000016,,CRIMINAL,LIEUTENANT,ORG000014,SYN-SHK,83,0.733,UNDER_SURVEILLANCE,2020,2,0,,NIC-2ZDPY2AIS,SURVEILLANCE_REPORT,B,1,1
P000834,Jasbir Brar,Jasbir,Brar,Kallu Jasbir,F,1987-05-17,39,punjabi,Maharashtra,Aurangabad,Cidco,LOC000013,,CRIMINAL,TECH_HANDLER,ORG000014,SYN-SHK,69,0.662,AT_LARGE,2018,4,1,,NIC-RBPZR68JH,CRIMINAL_HISTORY_DB,D,3,1
P000835,Bikramjit Sekhon,Bikramjit,Sekhon,Bikramjit Kallu,M,1972-03-08,54,punjabi,Punjab,Tarn Taran,Khalra,LOC000055,,CRIMINAL,SHOOTER,ORG000014,SYN-SHK,83,0.363,ON_BAIL,2001,2,0,,NIC-70SEIXT5L,BANK_STATEMENT,C,5,1
P000836,Lakhwinder Bains,Lakhwinder,Bains,Gullu Lakhwinder,M,1960-07-14,65,punjabi,Delhi,New Delhi,Jamia Nagar,LOC000017,,CRIMINAL,FIELD_OPERATIVE,ORG000014,SYN-SHK,60,0.256,DECEASED,2023,2,0,,NIC-0LMWYJ9PN,CRIMINAL_HISTORY_DB,D,3,1
P000837,Ratan Kumawat,Ratan,Kumawat,Ratan Bada,M,1983-07-01,42,rajasthani,Delhi,New Delhi,Jamia Nagar,LOC000017,,CRIMINAL,SHOOTER,ORG000014,SYN-SHK,79,0.293,IN_JUDICIAL_CUSTODY,2001,3,0,,NIC-QPGUM7MFJ,BANK_STATEMENT,B,1,1
P000838,Chandrabhan Bhadauria,Chandrabhan,Bhadauria,,M,1969-10-24,56,hindi_belt,Punjab,Ferozepur,Mamdot,LOC000057,,CRIMINAL,LOGISTICS,ORG000014,SYN-SHK,68,0.744,AT_LARGE,2006,7,1,,NIC-TOCSENTHB,SURVEILLANCE_REPORT,C,3,1
P000839,Ratan Jat,Ratan,Jat,,M,1999-09-14,26,rajasthani,Haryana,Faridabad,Ballabgarh,LOC000064,,CRIMINAL,FIELD_OPERATIVE,ORG000014,SYN-SHK,55,0.24,UNDER_SURVEILLANCE,2024,3,0,,NIC-KISAVJD7L,SURVEILLANCE_REPORT,B,2,1
P000840,Sukhwinder Kang,Sukhwinder,Kang,,M,1999-07-05,26,punjabi,Rajasthan,Alwar,Ramgarh,LOC000069,,CRIMINAL,FINANCIER,ORG000014,SYN-SHK,83,0.838,IN_JUDICIAL_CUSTODY,2015,4,0,,NIC-8CXZ8IAF4,SEIZURE_MEMO,B,3,1
P000841,Paramjit Virk,Paramjit,Virk,,M,1990-03-25,36,punjabi,Delhi,New Delhi,Nangloi,LOC000020,,CRIMINAL,COURIER,ORG000014,SYN-SHK,54,0.195,ON_BAIL,2012,4,0,,NIC-SATPT5QHK,CRIMINAL_HISTORY_DB,B,1,1
P000842,Madan Bishnoi,Madan,Bishnoi,,M,1991-08-16,34,rajasthani,Haryana,Nuh,Punhana,LOC000060,,CRIMINAL,RECRUITER,ORG000014,SYN-SHK,54,0.423,ON_BAIL,2009,0,0,,NIC-WDO0FLCJV,INFORMANT_TIP,C,3,1
P000843,Ranveer Kumawat,Ranveer,Kumawat,,M,1979-12-06,46,rajasthani,Haryana,Gurugram,Sohna,LOC000061,,CRIMINAL,LIEUTENANT,ORG000014,SYN-SHK,81,0.745,ABSCONDING,2000,3,0,,NIC-2S9AR51B2,CHARGESHEET,E,2,1
P000844,Gurpreet Toor,Gurpreet,Toor,Gurpreet Gullu,M,1964-10-03,61,punjabi,Punjab,Ludhiana,Jamalpur,LOC000056,,CRIMINAL,FIXER,ORG000014,SYN-SHK,80,0.641,ON_BAIL,1997,4,0,,NIC-WF4PK8WFR,CRIMINAL_HISTORY_DB,B,6,1
P000845,Yogendra Saini,Yogendra,Saini,,M,1982-09-24,43,hindi_belt,Haryana,Sonipat,Gohana,LOC000062,,CRIMINAL,FENCE,ORG000014,SYN-SHK,42,0.333,AT_LARGE,1998,3,0,,NIC-U2QRZXPHZ,FIR,C,4,1
P000846,Mahesh Shukla,Mahesh,Shukla,,M,2003-12-04,22,hindi_belt,Tamil Nadu,Chennai,Vyasarpadi,LOC000093,,CRIMINAL,MULE,ORG000015,SYN-WLD,34,0.068,ON_BAIL,2021,23,0,,NIC-SOFFMJYYG,CDR,B,2,1
P000847,Yumnam Marak,Yumnam,Marak,Yumnam Kallu,M,1967-02-20,59,northeast,Tamil Nadu,Trichy,Srirangam,LOC000098,,CRIMINAL,INFORMANT,ORG000015,SYN-WLD,40,0.222,ABSCONDING,2011,20,0,,NIC-KJBUO4A44,SOCIAL_MEDIA_INTEL,B,2,1
P000848,Nagaraju Gupta,Nagaraju,Gupta,,M,1964-05-13,62,telugu,Andhra Pradesh,Kurnool,Nandyal,LOC000091,,CRIMINAL,LIEUTENANT,ORG000015,SYN-WLD,74,0.821,UNDER_SURVEILLANCE,2008,19,0,,NIC-PR05Y0I0L,SURVEILLANCE_REPORT,B,4,1
P000849,Bikram Sangma,Bikram,Sangma,Bikram Cheetah,M,1964-12-18,61,northeast,West Bengal,Murshidabad,Jalangi,LOC000050,,CRIMINAL,COURIER,ORG000015,SYN-WLD,39,0.184,IN_JUDICIAL_CUSTODY,2003,14,0,,NIC-2ANY7ZDVD,INTELLIGENCE_REPORT,B,2,1
P000850,Nagaraju Nallamothu,Nagaraju,Nallamothu,,M,2001-11-14,24,telugu,West Bengal,Kolkata,Metiabruz,LOC000047,,CRIMINAL,FENCE,ORG000015,SYN-WLD,48,0.313,IN_JUDICIAL_CUSTODY,2021,9,0,,NIC-HANCHKDPB,BANK_STATEMENT,B,1,1
P000851,Ilango Subramanian,Ilango,Subramanian,Guddu,M,1998-06-08,28,tamil,Delhi,New Delhi,Paharganj,LOC000022,,CRIMINAL,FENCE,ORG000015,SYN-WLD,43,0.25,UNDER_SURVEILLANCE,2023,17,0,,NIC-81CI3W5SU,SOCIAL_MEDIA_INTEL,D,6,1
P000852,Mallesh Kumar,Mallesh,Kumar,Sarkar Mallesh,M,1992-02-04,34,telugu,Madhya Pradesh,Indore,Rau,LOC000078,,CRIMINAL,COURIER,ORG000015,SYN-WLD,47,0.183,AT_LARGE,2019,17,0,,NIC-YWW7NSSVZ,INTELLIGENCE_REPORT,A,1,1
P000853,Rajesh Jaiswal,Rajesh,Jaiswal,Cheetah,M,1984-01-08,42,hindi_belt,West Bengal,Murshidabad,Jalangi,LOC000050,,CRIMINAL,LOGISTICS,ORG000015,SYN-WLD,70,0.612,EXTRADITION_PENDING,2025,17,1,,NIC-81B2AS2J0,INTELLIGENCE_REPORT,A,2,1
P000854,Bikram Devi,Bikram,Devi,,M,2003-01-03,23,northeast,Madhya Pradesh,Indore,Rau,LOC000078,Thailand,CRIMINAL,FINANCIER,ORG000015,SYN-WLD,88,0.639,ABSCONDING,2019,15,0,,NIC-5GU1DW72D,CRIMINAL_HISTORY_DB,A,2,1
P000855,Alemba Momin,Alemba,Momin,Tinku Alemba,M,1976-12-24,49,northeast,Andhra Pradesh,Kurnool,Nandyal,LOC000091,,CRIMINAL,MULE,ORG000015,SYN-WLD,26,0.086,ABSCONDING,2023,13,0,,NIC-3DU3HF78Z,INTELLIGENCE_REPORT,E,5,1
P000856,Bala Gounder,Bala,Gounder,,M,1972-06-23,54,tamil,Delhi,New Delhi,Karol Bagh,LOC000018,,CRIMINAL,FINANCIER,ORG000015,SYN-WLD,73,0.766,AT_LARGE,2004,15,0,,NIC-Z9AX3DLP4,IPDR,D,1,1
P000857,Narsimha Vemula,Narsimha,Vemula,Narsimha Kabootar,M,1961-10-12,64,telugu,Tamil Nadu,Chennai,Kodungaiyur,LOC000094,,CRIMINAL,FIELD_OPERATIVE,ORG000015,SYN-WLD,62,0.279,AT_LARGE,2020,9,0,,NIC-4NINZSQCL,TOWER_DUMP,E,2,1
P000858,Randhir Nishad,Randhir,Nishad,,M,1976-03-15,50,hindi_belt,Delhi,New Delhi,Jamia Nagar,LOC000017,,CRIMINAL,FENCE,ORG000015,SYN-WLD,55,0.313,AT_LARGE,1996,13,0,,NIC-KO8VJCIPL,FIR,C,2,1
P000859,Thangaraj Naicker,Thangaraj,Naicker,Thangaraj Munna,M,1973-05-16,53,tamil,Madhya Pradesh,Indore,Rau,LOC000078,,CRIMINAL,KINGPIN,ORG000015,SYN-WLD,97,0.823,ON_BAIL,2009,15,0,,NIC-4VUFVRVIY,FIR,E,2,1
P000860,Chandra Shekar Choudary,Chandra Shekar,Choudary,,M,1985-05-08,41,telugu,Andhra Pradesh,Visakhapatnam,Gajuwaka,LOC000088,Nepal,CRIMINAL,FINANCIER,ORG000015,SYN-WLD,70,0.732,EXTRADITION_PENDING,2002,13,0,,NIC-JI5233NNE,INTELLIGENCE_REPORT,D,3,1
P000861,Balbir Yadav,Balbir,Yadav,Balbir Anna,M,1960-04-18,66,hindi_belt,Manipur,Churachandpur,Tuibong,LOC000117,,CRIMINAL,RECRUITER,ORG000015,SYN-WLD,59,0.47,UNDER_SURVEILLANCE,2000,7,0,,NIC-UK6TISFC4,PASSPORT_IMMIGRATION,C,3,1
P000862,Ngangbam Brahma,Ngangbam,Brahma,Ngangbam Seth,F,1983-09-06,42,northeast,Assam,Dhubri,Golakganj,LOC000114,,CRIMINAL,FIXER,ORG000015,SYN-WLD,68,0.692,UNDER_SURVEILLANCE,2011,13,0,,NIC-1KACPZM6W,SEIZURE_MEMO,D,4,1
P000863,Lalthanga Momin,Lalthanga,Momin,,M,1977-06-20,49,northeast,Delhi,New Delhi,Paharganj,LOC000022,,CRIMINAL,FIELD_OPERATIVE,ORG000015,SYN-WLD,66,0.224,DECLARED_PO,2006,13,0,,NIC-7N58REQ61,FIR,C,3,1
P000864,Rambabu Goud,Rambabu,Goud,Rambabu Seth,M,1987-05-07,39,telugu,Manipur,Churachandpur,Tuibong,LOC000117,,CRIMINAL,FIELD_OPERATIVE,ORG000015,SYN-WLD,43,0.228,AT_LARGE,2013,10,0,,NIC-YGIGK98EG,CRIMINAL_HISTORY_DB,C,3,1
P000865,Padma Yadav,Padma,Yadav,Padma Seth,F,1987-12-23,38,telugu,West Bengal,Murshidabad,Jalangi,LOC000050,,CRIMINAL,FINANCIER,ORG000015,SYN-WLD,70,0.877,ON_BAIL,2019,15,0,,NIC-T5TLKVZ36,CHARGESHEET,B,4,1
P000866,Chinnadurai Annadurai,Chinnadurai,Annadurai,Chinnadurai Kaka,M,2002-09-10,23,tamil,Andhra Pradesh,Guntur,Mangalagiri,LOC000090,Thailand,CRIMINAL,FINANCIER,ORG000015,SYN-WLD,66,0.669,DECLARED_PO,2025,14,0,,NIC-QXZT38RZB,PASSPORT_IMMIGRATION,C,3,1
P000867,Lekhraj Bhardwaj,Lekhraj,Bhardwaj,Lekhraj Cheetah,M,1999-08-05,26,hindi_belt,Tamil Nadu,Chennai,Vyasarpadi,LOC000093,,CRIMINAL,MULE,ORG000015,SYN-WLD,21,0.081,ABSCONDING,2022,17,0,,NIC-J0FYZIAG0,CRIMINAL_HISTORY_DB,B,2,1
P000868,Satish Maurya,Satish,Maurya,,M,1985-06-11,41,hindi_belt,West Bengal,North 24 Parganas,Bongaon,LOC000051,,CRIMINAL,HAWALA_OPERATOR,ORG000015,SYN-WLD,71,0.682,DECLARED_PO,2014,25,0,,NIC-LQ41RAADY,TOWER_DUMP,B,3,1
P000869,Selvam Subramanian,Selvam,Subramanian,Selvam Tiger,M,1984-06-09,42,tamil,Andhra Pradesh,Kurnool,Nandyal,LOC000091,,CRIMINAL,MULE,ORG000015,SYN-WLD,25,0.09,AT_LARGE,2013,12,0,,NIC-QE64SAJMM,TOWER_DUMP,B,3,1
P000870,Mariappan Pandian,Mariappan,Pandian,Lambu,M,1988-01-08,38,tamil,West Bengal,Kolkata,Metiabruz,LOC000047,,CRIMINAL,COURIER,ORG000015,SYN-WLD,43,0.2,AT_LARGE,2021,10,0,,NIC-RJN60DLCV,CHARGESHEET,A,3,1
P000871,Temjen Momin,Temjen,Momin,,M,1960-10-25,65,northeast,West Bengal,North 24 Parganas,Bongaon,LOC000051,,CRIMINAL,MULE,ORG000015,SYN-WLD,28,0.089,ON_BAIL,2004,15,0,,NIC-455IRVJ9R,CDR,B,2,1
P000872,Bikram Jamir,Bikram,Jamir,,M,1984-12-16,41,northeast,Tamil Nadu,Madurai,Melur,LOC000095,,CRIMINAL,FIXER,ORG000015,SYN-WLD,64,0.702,ABSCONDING,2005,16,0,,NIC-AU5OQBV9C,BANK_STATEMENT,C,2,1
P000873,Bikram Basumatary,Bikram,Basumatary,Bikram Cheetah,M,1982-09-20,43,northeast,Tamil Nadu,Chennai,Vyasarpadi,LOC000093,,CRIMINAL,LIEUTENANT,ORG000015,SYN-WLD,76,0.907,ON_BAIL,2009,14,0,,NIC-3MTJCOG23,IPDR,B,2,1
P000874,Ramulu Nallamothu,Ramulu,Nallamothu,Ramulu Master,M,1977-11-17,48,telugu,Assam,Karimganj,Sutarkandi,LOC000115,,CRIMINAL,FIXER,ORG000015,SYN-WLD,78,0.655,IN_JUDICIAL_CUSTODY,2024,18,0,,NIC-IU7Z6RG0K,SURVEILLANCE_REPORT,C,2,1
P000875,Yumnam Rabha,Yumnam,Rabha,Pehalwan Yumnam,M,1970-08-14,55,northeast,Delhi,New Delhi,Najafgarh,LOC000019,,CRIMINAL,FENCE,ORG000015,SYN-WLD,55,0.338,DECLARED_PO,2024,18,0,,NIC-2MAYZLNFX,CDR,F,3,1
P000876,Krishnaiah Goud,Krishnaiah,Goud,Krishnaiah Ustad,M,1984-06-27,42,telugu,Madhya Pradesh,Indore,Rau,LOC000078,,CRIMINAL,RECRUITER,ORG000015,SYN-WLD,58,0.517,AT_LARGE,2018,16,0,,NIC-B0JPI3JO4,CDR,B,3,1
P000877,Palanisamy Annadurai,Palanisamy,Annadurai,Palanisamy Bandook,M,1996-01-02,30,tamil,West Bengal,Nadia,Karimpur,LOC000053,,CRIMINAL,FIELD_OPERATIVE,ORG000015,SYN-WLD,62,0.269,IN_JUDICIAL_CUSTODY,2017,14,0,,NIC-2D9R32UQE,SEIZURE_MEMO,D,2,1
P000878,Srinivas Bandari,Srinivas,Bandari,Srinivas Munna,M,1989-09-03,36,telugu,West Bengal,Kolkata,Rajabazar,LOC000048,,CRIMINAL,FIELD_OPERATIVE,ORG000015,SYN-WLD,57,0.21,ON_BAIL,2011,19,0,,NIC-TX6YKZ9N6,SOCIAL_MEDIA_INTEL,C,2,1
P000879,Velu Annadurai,Velu,Annadurai,,M,1969-04-19,57,tamil,Assam,Guwahati,Paltan Bazaar,LOC000113,,CRIMINAL,SHOOTER,ORG000015,SYN-WLD,82,0.31,AT_LARGE,2020,15,0,,NIC-BVF98GJ87,SEIZURE_MEMO,B,3,1
P000880,Murugan Annadurai,Murugan,Annadurai,Murugan Kallu,M,1984-12-25,41,tamil,Andhra Pradesh,Kurnool,Nandyal,LOC000091,,CRIMINAL,LOGISTICS,ORG000015,SYN-WLD,64,0.464,ABSCONDING,2013,14,0,,NIC-O4J9JY9OO,SOCIAL_MEDIA_INTEL,E,3,1
P000881,Rajitha Naidu,Rajitha,Naidu,Kaka Rajitha,F,1980-08-17,45,telugu,Tamil Nadu,Coimbatore,Ukkadam,LOC000096,,CRIMINAL,FENCE,,UNAFFILIATED,59,0.339,UNDER_SURVEILLANCE,2024,11,0,,NIC-MVW2A52PG,PASSPORT_IMMIGRATION,A,4,1
P000882,Lekhraj Baghel,Lekhraj,Baghel,,M,2003-01-12,23,hindi_belt,Madhya Pradesh,Gwalior,Morar,LOC000080,,CRIMINAL,FIELD_OPERATIVE,,UNAFFILIATED,43,0.252,AT_LARGE,2021,9,0,,NIC-O7RRQCTX6,TOWER_DUMP,B,6,1
P000883,Ravi Poojary,Ravi,Poojary,,M,1963-04-13,63,kannada,Haryana,Sonipat,Gohana,LOC000062,,CRIMINAL,SHOOTER,,UNAFFILIATED,87,0.301,ABSCONDING,2021,8,0,,NIC-Z8EC2228D,BANK_STATEMENT,B,6,1
P000884,Wasim Mansuri,Wasim,Mansuri,Nanha,M,1961-04-27,65,muslim,Manipur,Churachandpur,Tuibong,LOC000117,,CRIMINAL,FENCE,,UNAFFILIATED,64,0.278,ON_BAIL,2007,13,0,,NIC-BE1NIU4N5,TOWER_DUMP,C,4,1
P000885,Nepal Halder,Nepal,Halder,,M,1974-02-17,52,bengali,Chhattisgarh,Bijapur,Bhairamgarh,LOC000123,,CRIMINAL,FENCE,,UNAFFILIATED,52,0.33,UNDER_SURVEILLANCE,2008,8,0,,NIC-NCIFV9XTK,SURVEILLANCE_REPORT,B,2,1
P000886,Rachhpal Grewal,Rachhpal,Grewal,Kaana Rachhpal,M,1997-07-26,28,punjabi,Assam,Guwahati,Paltan Bazaar,LOC000113,,CRIMINAL,FIELD_OPERATIVE,,UNAFFILIATED,59,0.232,AT_LARGE,2020,7,0,,NIC-Y4QYLHWW8,SOCIAL_MEDIA_INTEL,C,5,1
P000887,Anoop Kartha,Anoop,Kartha,Anoop Seth,M,1960-03-06,66,malayali,Maharashtra,Mumbai,Malad,LOC000006,,CRIMINAL,FIXER,,UNAFFILIATED,57,0.611,IN_JUDICIAL_CUSTODY,2010,17,0,,NIC-SGOTR4YDQ,TOWER_DUMP,B,3,1
P000888,Balwinder Dhaliwal,Balwinder,Dhaliwal,,M,2002-11-08,23,punjabi,Andhra Pradesh,Guntur,Mangalagiri,LOC000090,,CRIMINAL,FIELD_OPERATIVE,,UNAFFILIATED,47,0.208,EXTRADITION_PENDING,2024,14,0,,NIC-J1WBYLH9M,INTELLIGENCE_REPORT,B,2,1
P000889,Shubhangi Naik,Shubhangi,Naik,Langda Shubhangi,F,1971-01-05,55,marathi,Haryana,Sonipat,Gohana,LOC000062,,CRIMINAL,SHOOTER,,UNAFFILIATED,74,0.321,ON_BAIL,1999,19,0,,NIC-8CEN219O0,IPDR,B,3,1
P000890,Vishal Bhosale,Vishal,Bhosale,Pappu,M,1977-05-01,49,marathi,Andhra Pradesh,Visakhapatnam,Gajuwaka,LOC000088,,CRIMINAL,FIELD_OPERATIVE,,UNAFFILIATED,45,0.211,IN_JUDICIAL_CUSTODY,2000,8,0,,NIC-TZX1TIYDH,TOWER_DUMP,B,3,1
P000891,Hariom Nishad,Hariom,Nishad,,M,1982-10-25,43,hindi_belt,Goa,South Goa,Vasco,LOC000119,,CRIMINAL,MULE,,UNAFFILIATED,20,0.08,IN_JUDICIAL_CUSTODY,2023,7,0,,NIC-2YQFTCBN9,CRIMINAL_HISTORY_DB,A,1,1
P000892,Rakesh Solanki,Rakesh,Solanki,Ustad Rakesh,M,1976-09-13,49,hindi_belt,Gujarat,Vadodara,Karelibaug,LOC000076,,CRIMINAL,COURIER,,UNAFFILIATED,45,0.162,ABSCONDING,2007,11,0,,NIC-AT4POEQXR,INTELLIGENCE_REPORT,C,3,1
P000893,Imran Qureshi,Imran,Qureshi,Kaana,M,1997-08-17,28,muslim,Rajasthan,Barmer,Chohtan,LOC000070,,CRIMINAL,COURIER,,UNAFFILIATED,46,0.152,ON_BAIL,2024,12,0,,NIC-ASAUSP251,INTELLIGENCE_REPORT,A,2,1
P000894,Aslam Baig,Aslam,Baig,Tiger,M,1965-05-07,61,muslim,Kerala,Malappuram,Tirur,LOC000105,,CRIMINAL,FIELD_OPERATIVE,,UNAFFILIATED,40,0.226,IN_JUDICIAL_CUSTODY,2017,7,0,,NIC-480KGA59E,TOWER_DUMP,B,1,1
P000895,Palash Ghosh,Palash,Ghosh,Palash Seth,M,1995-11-27,30,bengali,Tamil Nadu,Trichy,Srirangam,LOC000098,,CRIMINAL,FENCE,,UNAFFILIATED,40,0.317,IN_JUDICIAL_CUSTODY,2019,11,0,,NIC-PEXQLMAZC,FIR,A,1,1
P000896,Aslam Khan,Aslam,Khan,Aslam Chhota,M,1968-03-10,58,muslim,Chhattisgarh,Bijapur,Bhairamgarh,LOC000123,,CRIMINAL,MULE,,UNAFFILIATED,38,0.066,UNDER_SURVEILLANCE,2009,16,0,,NIC-04CGUEQUJ,FIR,A,4,1
P000897,Pramod Baghel,Pramod,Baghel,,M,1962-01-11,64,hindi_belt,Jharkhand,Dhanbad,Jharia,LOC000044,,CRIMINAL,COURIER,,UNAFFILIATED,37,0.186,IN_JUDICIAL_CUSTODY,2013,6,0,,NIC-LLDXYIBGC,CDR,A,2,1
P000898,Ashok Kashyap,Ashok,Kashyap,Tiger Ashok,M,1984-02-26,42,hindi_belt,West Bengal,North 24 Parganas,Bongaon,LOC000051,,CRIMINAL,FIELD_OPERATIVE,,UNAFFILIATED,48,0.235,IN_JUDICIAL_CUSTODY,2014,3,0,,NIC-0SVINTL6Z,SOCIAL_MEDIA_INTEL,D,2,1
P000899,Pradeep Pandey,Pradeep,Pandey,Raja,M,1963-12-26,62,hindi_belt,Rajasthan,Bikaner,Nokha,LOC000066,,CRIMINAL,FIELD_OPERATIVE,,UNAFFILIATED,57,0.265,EXTRADITION_PENDING,2008,13,0,,NIC-PR9XL4OWZ,PASSPORT_IMMIGRATION,A,3,1
P000900,Sagar Bhosale,Sagar,Bhosale,,M,1970-06-26,56,marathi,Kerala,Thrissur,Chavakkad,LOC000107,,CRIMINAL,COURIER,,UNAFFILIATED,37,0.181,IN_JUDICIAL_CUSTODY,2001,11,0,,NIC-00TGR4XOP,INTELLIGENCE_REPORT,D,3,1
P000901,Yogesh Rane,Yogesh,Rane,Gullu Yogesh,M,1974-06-07,52,marathi,Madhya Pradesh,Jabalpur,Gorakhpur,LOC000082,,CRIMINAL,SHOOTER,,UNAFFILIATED,87,0.338,ON_BAIL,2001,7,0,,NIC-9VPJSMY5J,SOCIAL_MEDIA_INTEL,A,2,1
P000902,Manjunath Desai,Manjunath,Desai,Chikna Manjunath,M,1973-11-10,52,kannada,Madhya Pradesh,Khargone,Sanawad,LOC000079,,CRIMINAL,MULE,,UNAFFILIATED,28,0.073,DECLARED_PO,2013,8,0,,NIC-B0GZ8JS4P,INFORMANT_TIP,C,4,1
P000903,Lekhraj Srivastava,Lekhraj,Srivastava,,M,1966-07-26,59,hindi_belt,Odisha,Bhubaneswar,Nayapalli,LOC000109,,CRIMINAL,FIELD_OPERATIVE,,UNAFFILIATED,67,0.268,ABSCONDING,2022,13,0,,NIC-FBPB5N4IY,FIR,B,1,1
P000904,Bhagaban Patra,Bhagaban,Patra,Bhagaban Pehalwan,M,1995-03-13,31,odia,Uttarakhand,Dehradun,Clement Town,LOC000124,,CRIMINAL,FIELD_OPERATIVE,,UNAFFILIATED,52,0.293,IN_JUDICIAL_CUSTODY,2013,8,0,,NIC-ZMT2ZLURJ,CHARGESHEET,C,4,1
P000905,Amarjit Kang,Amarjit,Kang,Bhai,M,1968-12-19,57,punjabi,Bihar,Gaya,Chandauti,LOC000038,,CRIMINAL,FENCE,,UNAFFILIATED,65,0.269,AT_LARGE,2017,9,0,,NIC-Q6FHL0YS3,CDR,C,2,1
P000906,Palanisamy Gounder,Palanisamy,Gounder,,M,1984-02-06,42,tamil,Delhi,New Delhi,Seelampur,LOC000016,,CRIMINAL,MULE,,UNAFFILIATED,26,0.082,IN_JUDICIAL_CUSTODY,2021,12,0,,NIC-HZPRCFMOO,SOCIAL_MEDIA_INTEL,F,2,1
P000907,Ashim Gayen,Ashim,Gayen,,M,1962-10-18,63,bengali,Bihar,Muzaffarpur,Mithanpura,LOC000037,,CRIMINAL,COURIER,,UNAFFILIATED,55,0.153,ON_BAIL,2005,5,0,,NIC-DE15NCEQ8,CDR,A,1,1
P000908,Harpreet Sidhu,Harpreet,Sidhu,Kabootar,F,1970-01-05,56,punjabi,Gujarat,Vadodara,Karelibaug,LOC000076,,CRIMINAL,MULE,,UNAFFILIATED,31,0.078,ON_BAIL,2004,8,0,,NIC-HZ8CECPSJ,CDR,E,4,1
P000909,Balwinder Sidhu,Balwinder,Sidhu,,M,1972-02-14,54,punjabi,Punjab,Ludhiana,Jamalpur,LOC000056,,CRIMINAL,FIELD_OPERATIVE,,UNAFFILIATED,38,0.256,AT_LARGE,2024,12,0,,NIC-G5GN8YDFU,PASSPORT_IMMIGRATION,B,4,1
P000910,Ranjan Sardar,Ranjan,Sardar,,M,1961-03-10,65,bengali,Chhattisgarh,Bijapur,Bhairamgarh,LOC000123,,CRIMINAL,FIELD_OPERATIVE,,UNAFFILIATED,64,0.205,UNDER_SURVEILLANCE,2011,7,0,,NIC-79FSFHI83,SEIZURE_MEMO,B,1,1
P000911,Pradeep Maurya,Pradeep,Maurya,Pradeep Ustad,M,1991-07-10,34,hindi_belt,Odisha,Malkangiri,Chitrakonda,LOC000111,,CRIMINAL,FIXER,,UNAFFILIATED,68,0.662,UNDER_SURVEILLANCE,2016,12,0,,NIC-FC5THYHSK,SURVEILLANCE_REPORT,C,1,1
P000912,Ajay Jaiswal,Ajay,Jaiswal,Ajay Tiger,M,1998-11-14,27,hindi_belt,Delhi,New Delhi,Sangam Vihar,LOC000021,,CRIMINAL,FIELD_OPERATIVE,,UNAFFILIATED,46,0.278,UNDER_SURVEILLANCE,2015,10,0,,NIC-VKUL5TEAI,SEIZURE_MEMO,B,3,1
P000913,Sandip Bhoir,Sandip,Bhoir,Munna,M,1987-07-20,38,marathi,Odisha,Malkangiri,Chitrakonda,LOC000111,,CRIMINAL,MULE,,UNAFFILIATED,24,0.072,UNDER_SURVEILLANCE,2012,11,0,,NIC-DBXGV12WZ,SURVEILLANCE_REPORT,B,4,1
P000914,Shivanna Angadi,Shivanna,Angadi,Shivanna Guddu,M,1985-03-25,41,kannada,Jharkhand,Ranchi,Hatia,LOC000045,,CRIMINAL,FIELD_OPERATIVE,,UNAFFILIATED,58,0.284,UNDER_SURVEILLANCE,2014,12,0,,NIC-4BCFSRHOA,INTELLIGENCE_REPORT,C,5,1
P000915,Ibrahim Qureshi,Ibrahim,Qureshi,Bandook Ibrahim,M,2000-07-14,25,muslim,Maharashtra,Mumbai,Dongri,LOC000001,,CRIMINAL,COURIER,,UNAFFILIATED,47,0.197,AT_LARGE,2018,5,0,,NIC-5I8JA40KM,TOWER_DUMP,C,1,1
P000916,Anil Gupta,Anil,Gupta,Anil Munna,M,1977-08-11,48,hindi_belt,Maharashtra,Pune,Yerwada,LOC000009,,CRIMINAL,FIELD_OPERATIVE,,UNAFFILIATED,44,0.258,DECLARED_PO,2024,9,0,,NIC-TCARFC9R2,INFORMANT_TIP,D,2,1
P000917,Gurpreet Mann,Gurpreet,Mann,,M,1988-03-06,38,punjabi,Punjab,Ludhiana,Jamalpur,LOC000056,,CRIMINAL,FIXER,,UNAFFILIATED,79,0.62,AT_LARGE,2021,4,0,,NIC-A1SHX59C3,TOWER_DUMP,B,1,1
P000918,Deepak Awasthi,Deepak,Awasthi,Bandook,M,1975-05-03,51,hindi_belt,Uttarakhand,Haridwar,Jwalapur,LOC000125,,CRIMINAL,FIXER,,UNAFFILIATED,74,0.657,ABSCONDING,2012,8,0,,NIC-GQS4903SI,TOWER_DUMP,A,1,1
P000919,Sreenivasan Achari,Sreenivasan,Achari,Baba,M,1961-11-08,64,malayali,Assam,Karimganj,Sutarkandi,LOC000115,,CRIMINAL,FIELD_OPERATIVE,,UNAFFILIATED,64,0.218,IN_JUDICIAL_CUSTODY,2021,9,0,,NIC-O2QPZAUV9,CRIMINAL_HISTORY_DB,E,5,1
P000920,Aruna Yadav,Aruna,Yadav,,F,1986-10-14,39,telugu,Manipur,Imphal,Moreh,LOC000116,,CRIMINAL,MULE,,UNAFFILIATED,33,0.085,ON_BAIL,2009,12,0,,NIC-WJ781AYED,INTELLIGENCE_REPORT,B,2,1
P000921,Reshma Rahman,Reshma,Rahman,,F,1986-02-08,40,muslim,Jharkhand,Ranchi,Hatia,LOC000045,,CRIMINAL,FENCE,,UNAFFILIATED,53,0.253,ON_BAIL,2007,8,0,,NIC-9DIWOB6RM,IPDR,C,3,1
P000922,Jignesh Parmar,Jignesh,Parmar,Jignesh Tiger,M,1994-05-22,32,gujarati,Madhya Pradesh,Bhopal,Bairagarh,LOC000077,,CRIMINAL,FIELD_OPERATIVE,,UNAFFILIATED,46,0.221,ON_BAIL,2022,6,0,,NIC-T6ACRF3IT,CDR,C,2,1
P000923,Sarfaraz Farooqui,Sarfaraz,Farooqui,Sarfaraz Pappu,M,1971-08-19,54,muslim,Maharashtra,Thane,Mumbra,LOC000007,,CRIMINAL,FIELD_OPERATIVE,,UNAFFILIATED,59,0.246,AT_LARGE,2021,4,0,,NIC-PNOJVSWLO,CDR,B,3,1
P000924,Aarti Waghmare,Aarti,Waghmare,Aarti Lambu,F,1971-12-20,54,marathi,Tamil Nadu,Coimbatore,Ukkadam,LOC000096,,CRIMINAL,FIELD_OPERATIVE,,UNAFFILIATED,40,0.291,UNDER_SURVEILLANCE,2001,8,0,,NIC-IIBTF038L,CDR,B,2,1
P000925,Sachin Naik,Sachin,Naik,,M,1982-01-07,44,marathi,Haryana,Gurugram,Sohna,LOC000061,,CRIMINAL,FIELD_OPERATIVE,,UNAFFILIATED,42,0.258,ON_BAIL,2001,9,0,,NIC-6CT8WALJC,INTELLIGENCE_REPORT,A,3,1
P000926,Mariappan Annadurai,Mariappan,Annadurai,Tinku Mariappan,M,1963-01-02,63,tamil,Uttar Pradesh,Bareilly,Baradari,LOC000032,,CRIMINAL,FIELD_OPERATIVE,,UNAFFILIATED,36,0.244,AT_LARGE,2005,7,0,,NIC-YJLVYR5E6,CHARGESHEET,B,5,1
P000927,Mangesh Salunkhe,Mangesh,Salunkhe,Mangesh Nanha,M,1982-12-26,43,marathi,Maharashtra,Mumbai,Andheri,LOC000005,,CRIMINAL,SHOOTER,,UNAFFILIATED,76,0.336,DECLARED_PO,1998,7,0,,NIC-338ESVYS2,CHARGESHEET,B,2,1
P000928,Vijay Sengar,Vijay,Sengar,Vijay Chikna,M,1965-11-15,60,hindi_belt,Goa,North Goa,Anjuna,LOC000118,,CRIMINAL,FIELD_OPERATIVE,,UNAFFILIATED,66,0.236,ON_BAIL,2011,13,0,,NIC-WL40EIBK9,CDR,D,3,1
P000929,Nitin Patil,Nitin,Patil,Gullu Nitin,M,1964-11-04,61,marathi,Jharkhand,Deoghar,Sarwan,LOC000043,,CRIMINAL,FIELD_OPERATIVE,,UNAFFILIATED,60,0.245,AT_LARGE,2014,6,0,,NIC-Y41NVPIJM,SEIZURE_MEMO,B,3,1
P000930,Yallappa Acharya,Yallappa,Acharya,,M,1991-02-03,35,kannada,Tamil Nadu,Chennai,Kodungaiyur,LOC000094,,CRIMINAL,FENCE,,UNAFFILIATED,49,0.311,ABSCONDING,2014,12,0,,NIC-MBCBP3VP8,INFORMANT_TIP,E,1,1
P000931,Jagdish Sengar,Jagdish,Sengar,,M,1984-10-07,41,hindi_belt,Jammu and Kashmir,Baramulla,Uri,LOC000121,,CRIMINAL,FIELD_OPERATIVE,,UNAFFILIATED,43,0.273,UNDER_SURVEILLANCE,2006,5,0,,NIC-8QG59M50V,INFORMANT_TIP,A,6,1
P000932,Chandrabhan Baghel,Chandrabhan,Baghel,Chandrabhan Kallu,M,1984-06-06,42,hindi_belt,Maharashtra,Solapur,Barshi,LOC000014,,CRIMINAL,FIELD_OPERATIVE,,UNAFFILIATED,62,0.283,UNDER_SURVEILLANCE,2015,10,0,,NIC-OXEJ5LRUW,SURVEILLANCE_REPORT,E,5,1
P000933,Sajid Zaidi,Sajid,Zaidi,Sajid Bada,M,1976-09-15,49,muslim,Kerala,Thrissur,Chavakkad,LOC000107,,CRIMINAL,FENCE,,UNAFFILIATED,56,0.276,IN_JUDICIAL_CUSTODY,2009,11,0,,NIC-SXHBT0IUA,INTELLIGENCE_REPORT,C,6,1
P000934,Bikash Mistry,Bikash,Mistry,Bikash Tinku,M,1986-12-16,39,bengali,Jharkhand,Ranchi,Hatia,LOC000045,,CRIMINAL,FIELD_OPERATIVE,,UNAFFILIATED,46,0.268,AT_LARGE,2002,13,0,,NIC-2NQRIEIHT,INTELLIGENCE_REPORT,D,3,1
P000935,Bhanwar Charan,Bhanwar,Charan,Sarkar Bhanwar,M,1996-08-05,29,rajasthani,Telangana,Warangal,Hanamkonda,LOC000086,,CRIMINAL,FIELD_OPERATIVE,,UNAFFILIATED,58,0.264,ABSCONDING,2014,8,0,,NIC-3BNO7IFS2,TOWER_DUMP,C,5,1
P000936,Rajesh Awasthi,Rajesh,Awasthi,Kallu,M,1980-02-23,46,hindi_belt,Manipur,Churachandpur,Tuibong,LOC000117,,CRIMINAL,MULE,,UNAFFILIATED,27,0.066,AT_LARGE,2022,10,0,,NIC-M0OI71MAH,CDR,F,4,1
P000937,Vipul Rabari,Vipul,Rabari,,M,1968-07-27,57,gujarati,Odisha,Malkangiri,Chitrakonda,LOC000111,,CRIMINAL,FIXER,,UNAFFILIATED,63,0.68,ABSCONDING,2019,5,0,,NIC-NNN12YB6K,CHARGESHEET,C,2,1
P000938,Shanti Tomar,Shanti,Tomar,Gullu,F,1998-05-14,28,hindi_belt,Chhattisgarh,Bijapur,Bhairamgarh,LOC000123,,CRIMINAL,FIELD_OPERATIVE,,UNAFFILIATED,43,0.243,AT_LARGE,2014,6,0,,NIC-DHMJQXFNX,FIR,D,5,1
P000939,Chandru Shetty,Chandru,Shetty,Kaka,M,1973-09-24,52,kannada,Assam,Guwahati,Paltan Bazaar,LOC000113,,CRIMINAL,FIELD_OPERATIVE,,UNAFFILIATED,67,0.208,ABSCONDING,1998,3,0,,NIC-QEDSDRPEW,INTELLIGENCE_REPORT,B,3,1
P000940,Mitesh Solanki,Mitesh,Solanki,Mitesh Anna,M,1990-05-15,36,gujarati,Odisha,Cuttack,Jagatpur,LOC000110,,CRIMINAL,FIELD_OPERATIVE,,UNAFFILIATED,55,0.261,AT_LARGE,2014,12,0,,NIC-AGZ7UYS2H,IPDR,D,2,1
P000941,Bhagaban Mallick,Bhagaban,Mallick,Doctor Bhagaban,M,1985-10-17,40,odia,Chhattisgarh,Raipur,Birgaon,LOC000122,,CRIMINAL,MULE,,UNAFFILIATED,37,0.086,IN_JUDICIAL_CUSTODY,2013,12,0,,NIC-1FGX7Y171,CDR,A,3,1
P000942,Rambabu Yadav,Rambabu,Yadav,,M,1990-01-24,36,telugu,Tamil Nadu,Chennai,Vyasarpadi,LOC000093,,CRIMINAL,COURIER,,UNAFFILIATED,40,0.169,IN_JUDICIAL_CUSTODY,2023,6,0,,NIC-8NXMQW8EW,INTELLIGENCE_REPORT,B,3,1
P000943,Ashfaq Farooqui,Ashfaq,Farooqui,,M,1978-03-13,48,muslim,Odisha,Cuttack,Jagatpur,LOC000110,,CRIMINAL,FIELD_OPERATIVE,,UNAFFILIATED,60,0.213,AT_LARGE,2002,13,0,,NIC-4V9CEV8R1,INTELLIGENCE_REPORT,C,3,1
P000944,Siddaraju Patil,Siddaraju,Patil,Raja Siddaraju,M,1989-03-16,37,kannada,West Bengal,Nadia,Karimpur,LOC000053,,CRIMINAL,FIELD_OPERATIVE,,UNAFFILIATED,59,0.225,DECLARED_PO,2005,11,0,,NIC-UEXDKUI7X,SOCIAL_MEDIA_INTEL,B,5,1
P000945,Bhaskar Dalvi,Bhaskar,Dalvi,Bada Bhaskar,M,1960-11-15,65,marathi,Kerala,Malappuram,Tirur,LOC000105,,CRIMINAL,FIELD_OPERATIVE,,UNAFFILIATED,49,0.291,UNDER_SURVEILLANCE,2012,15,0,,NIC-443HH6SIU,BANK_STATEMENT,C,3,1
P000946,Rajni Awasthi,Rajni,Awasthi,,F,1964-01-27,62,hindi_belt,Uttar Pradesh,Meerut,Lisari Gate,LOC000025,,CRIMINAL,COURIER,,UNAFFILIATED,34,0.166,DECLARED_PO,2025,12,0,,NIC-MSS5NDW42,IPDR,A,3,1
P000947,Ratheesh Kurup,Ratheesh,Kurup,Chikna,M,1999-07-12,26,malayali,Andhra Pradesh,Guntur,Mangalagiri,LOC000090,,CRIMINAL,FIXER,,UNAFFILIATED,79,0.556,UNDER_SURVEILLANCE,2019,10,0,,NIC-Y7PMSRBBX,BANK_STATEMENT,A,4,1
P000948,Xavier Almeida,Xavier,Almeida,Langda,M,1971-03-27,55,christian,Goa,North Goa,Anjuna,LOC000118,,CRIMINAL,FENCE,,UNAFFILIATED,42,0.352,ON_BAIL,2016,12,0,,NIC-A3BXS4P0D,PASSPORT_IMMIGRATION,A,3,1
P000949,Sudha Singh,Sudha,Singh,Sudha Anna,F,1985-12-27,40,hindi_belt,Delhi,New Delhi,Seelampur,LOC000016,,CRIMINAL,SHOOTER,,UNAFFILIATED,74,0.304,AT_LARGE,2023,7,0,,NIC-W9NQ3V39N,SURVEILLANCE_REPORT,B,3,1
P000950,Nirmal Sardar,Nirmal,Sardar,Sarkar,M,1996-02-27,30,bengali,Andhra Pradesh,Kurnool,Nandyal,LOC000091,,CRIMINAL,FIELD_OPERATIVE,,UNAFFILIATED,51,0.25,IN_JUDICIAL_CUSTODY,2018,8,0,,NIC-0YSPJBNF5,CHARGESHEET,A,3,1
P000951,Nathu Ranawat,Nathu,Ranawat,Sarkar,M,1991-11-05,34,rajasthani,Manipur,Imphal,Moreh,LOC000116,,CRIMINAL,FIELD_OPERATIVE,,UNAFFILIATED,53,0.284,AT_LARGE,2017,11,0,,NIC-JB8ZDFTYB,CRIMINAL_HISTORY_DB,A,1,1
P000952,Paresh Shah,Paresh,Shah,,M,1975-06-14,51,gujarati,Jammu and Kashmir,Srinagar,Maisuma,LOC000120,,CRIMINAL,FENCE,,UNAFFILIATED,60,0.287,AT_LARGE,2019,10,0,,NIC-MAFDDCD7P,CDR,C,3,1
P000953,Bibhuti Behera,Bibhuti,Behera,Munna,M,1981-12-09,44,odia,Odisha,Cuttack,Jagatpur,LOC000110,,CRIMINAL,FIXER,,UNAFFILIATED,57,0.655,UNDER_SURVEILLANCE,2014,10,0,,NIC-DODQO201F,SURVEILLANCE_REPORT,D,2,1
P000954,Rekha Sengar,Rekha,Sengar,Tempo,F,1993-02-12,33,hindi_belt,Jammu and Kashmir,Baramulla,Uri,LOC000121,,CRIMINAL,COURIER,,UNAFFILIATED,54,0.193,AT_LARGE,2016,9,0,,NIC-Q3AWOEFCW,SEIZURE_MEMO,C,2,1
P000955,Balaraju Nallamothu,Balaraju,Nallamothu,,M,1966-09-19,59,telugu,Gujarat,Surat,Varachha,LOC000072,,CRIMINAL,FENCE,,UNAFFILIATED,43,0.261,ON_BAIL,2012,8,0,,NIC-1O40WBGZ5,INTELLIGENCE_REPORT,B,4,1
P000956,Bhaskar Kadam,Bhaskar,Kadam,,M,1987-09-17,38,marathi,Tamil Nadu,Chennai,Kodungaiyur,LOC000094,,CRIMINAL,FIXER,,UNAFFILIATED,76,0.497,AT_LARGE,2019,9,0,,NIC-ZK3ZLKL11,INTELLIGENCE_REPORT,B,4,1
P000957,Harjinder Sekhon,Harjinder,Sekhon,Langda Harjinder,M,1971-09-21,54,punjabi,Madhya Pradesh,Indore,Rau,LOC000078,,CRIMINAL,FIELD_OPERATIVE,,UNAFFILIATED,35,0.278,IN_JUDICIAL_CUSTODY,2011,6,0,,NIC-8GIUV443J,INTELLIGENCE_REPORT,B,3,1
P000958,Bhupendra Srivastava,Bhupendra,Srivastava,,M,1980-01-03,46,hindi_belt,Assam,Guwahati,Paltan Bazaar,LOC000113,,CRIMINAL,COURIER,,UNAFFILIATED,52,0.166,IN_JUDICIAL_CUSTODY,2023,11,0,,NIC-2GYV49MEI,INFORMANT_TIP,E,4,1
P000959,Mitesh Rabari,Mitesh,Rabari,,M,1962-01-21,64,gujarati,Odisha,Ganjam,Berhampur,LOC000112,,CRIMINAL,MULE,,UNAFFILIATED,26,0.066,ON_BAIL,2003,10,0,,NIC-LQRL7295W,SEIZURE_MEMO,B,1,1
P000960,Sushila Jat,Sushila,Jat,Doctor Sushila,F,1960-02-21,66,rajasthani,Madhya Pradesh,Jabalpur,Gorakhpur,LOC000082,,CRIMINAL,MULE,,UNAFFILIATED,31,0.074,AT_LARGE,2013,17,0,,NIC-BZWJLKOM0,INFORMANT_TIP,B,1,1
P000961,Rambabu Tomar,Rambabu,Tomar,,M,1968-05-26,58,hindi_belt,Punjab,Amritsar,Ajnala,LOC000054,,CRIMINAL,FIELD_OPERATIVE,,UNAFFILIATED,46,0.264,ABSCONDING,2021,7,0,,NIC-1IQ2XP4SB,CHARGESHEET,D,3,1
P000962,Divyesh Bhatt,Divyesh,Bhatt,Bandook,M,1991-05-02,35,gujarati,Tamil Nadu,Trichy,Srirangam,LOC000098,,CRIMINAL,COURIER,,UNAFFILIATED,53,0.161,ABSCONDING,2024,12,0,,NIC-TQXOQVERY,SEIZURE_MEMO,B,3,1
P000963,Sandip Bhoir,Sandip,Bhoir,,M,1995-12-08,30,marathi,Punjab,Ludhiana,Jamalpur,LOC000056,,CRIMINAL,FIXER,,UNAFFILIATED,76,0.568,ABSCONDING,2024,12,0,,NIC-91K05N1ZT,TOWER_DUMP,B,1,1
P000964,Kiran Waghmare,Kiran,Waghmare,,M,1970-11-14,55,marathi,Gujarat,Surat,Varachha,LOC000072,,CRIMINAL,FENCE,,UNAFFILIATED,64,0.307,AT_LARGE,2021,16,0,,NIC-QTP1V8CWB,PASSPORT_IMMIGRATION,C,2,1
P000965,Nabam Konyak,Nabam,Konyak,Chacha,M,1960-01-15,66,northeast,Karnataka,Bengaluru,Yeshwanthpur,LOC000100,,CRIMINAL,FIELD_OPERATIVE,,UNAFFILIATED,47,0.259,DECEASED,2016,10,0,,NIC-MC32O5JUR,SEIZURE_MEMO,D,2,1
P000966,Sarita Tiwari,Sarita,Tiwari,,F,1982-02-12,44,hindi_belt,Madhya Pradesh,Bhind,Mehgaon,LOC000081,,CRIMINAL,MULE,,UNAFFILIATED,16,0.085,ON_BAIL,2012,5,0,,NIC-ATVBL9GTN,CRIMINAL_HISTORY_DB,B,1,1
P000967,Jagmal Saini,Jagmal,Saini,,M,1972-02-26,54,rajasthani,Goa,South Goa,Vasco,LOC000119,,CRIMINAL,MULE,,UNAFFILIATED,38,0.068,UNDER_SURVEILLANCE,2009,7,0,,NIC-JPWBRKZWL,IPDR,D,1,1
P000968,Ganesh Pawar,Ganesh,Pawar,Pappu Ganesh,M,1991-04-17,35,marathi,Odisha,Malkangiri,Chitrakonda,LOC000111,,CRIMINAL,FIELD_OPERATIVE,,UNAFFILIATED,47,0.231,DECLARED_PO,2018,8,0,,NIC-FQ1CFOUGF,IPDR,C,5,1
P000969,Aslam Ansari,Aslam,Ansari,Aslam Kallu,M,1990-03-18,36,muslim,Tamil Nadu,Chennai,Kodungaiyur,LOC000094,,CRIMINAL,MULE,,UNAFFILIATED,18,0.073,AT_LARGE,2019,6,0,,NIC-GIFU4X1K1,SOCIAL_MEDIA_INTEL,D,1,1
P000970,Ashfaq Saifi,Ashfaq,Saifi,Ashfaq Munna,M,1960-10-20,65,muslim,Andhra Pradesh,Vijayawada,Gunadala,LOC000089,,CRIMINAL,FIELD_OPERATIVE,,UNAFFILIATED,38,0.28,DECLARED_PO,2015,12,0,,NIC-PBPVE15DT,CRIMINAL_HISTORY_DB,A,2,1
P000971,Bimal Adhikari,Bimal,Adhikari,Gullu,M,1971-04-09,55,bengali,Haryana,Nuh,Punhana,LOC000060,,CRIMINAL,FIXER,,UNAFFILIATED,80,0.612,IN_JUDICIAL_CUSTODY,2005,9,0,,NIC-CT6WFSJDJ,CRIMINAL_HISTORY_DB,C,2,1
P000972,Prakash Rai,Prakash,Rai,Munna Prakash,M,1968-08-12,57,kannada,Haryana,Sonipat,Gohana,LOC000062,,CRIMINAL,FIELD_OPERATIVE,,UNAFFILIATED,58,0.26,UNDER_SURVEILLANCE,2009,19,0,,NIC-HVSBSQMF7,CHARGESHEET,B,2,1
P000973,Shabana Pathan,Shabana,Pathan,Shabana Chhota,F,1990-02-22,36,muslim,Chhattisgarh,Bijapur,Bhairamgarh,LOC000123,,CRIMINAL,FIXER,,UNAFFILIATED,75,0.64,AT_LARGE,2025,10,0,,NIC-H3IYVE2NK,TOWER_DUMP,A,2,1
P000974,Netrapal Tiwari,Netrapal,Tiwari,Netrapal Tinku,M,1997-09-08,28,hindi_belt,West Bengal,Kolkata,Metiabruz,LOC000047,,CRIMINAL,MULE,,UNAFFILIATED,27,0.078,UNDER_SURVEILLANCE,2018,13,0,,NIC-314HBWI62,IPDR,A,3,1
P000975,Rajwinder Sidhu,Rajwinder,Sidhu,,F,1980-01-01,46,punjabi,Rajasthan,Jaipur,Chomu,LOC000067,,CRIMINAL,FIXER,,UNAFFILIATED,80,0.493,IN_JUDICIAL_CUSTODY,2015,5,0,,NIC-Y7P959CNT,SEIZURE_MEMO,B,1,1
P000976,Snehal Bhosale,Snehal,Bhosale,,F,1973-05-14,53,marathi,Maharashtra,Pune,Kondhwa,LOC000010,,CRIMINAL,COURIER,,UNAFFILIATED,51,0.192,ABSCONDING,2013,4,0,,NIC-TE8JP186G,FIR,A,2,1
P000977,Rahul More,Rahul,More,Rahul Bhai,M,1977-07-02,48,marathi,Haryana,Gurugram,Sohna,LOC000061,,CRIMINAL,FIELD_OPERATIVE,,UNAFFILIATED,41,0.214,IN_JUDICIAL_CUSTODY,2017,8,0,,NIC-89KXPLC9M,SEIZURE_MEMO,C,4,1
P000978,Kuldeep Thakur,Kuldeep,Thakur,,M,1994-10-22,31,hindi_belt,Maharashtra,Mumbai,Bhendi Bazaar,LOC000004,,CRIMINAL,COURIER,,UNAFFILIATED,51,0.19,AT_LARGE,2021,11,0,,NIC-4PYA36T51,IPDR,A,1,1
P000979,Zubair Khan,Zubair,Khan,Bandook,M,1987-04-09,39,muslim,Karnataka,Bengaluru,KG Halli,LOC000099,,CRIMINAL,COURIER,,UNAFFILIATED,47,0.19,ABSCONDING,2021,6,0,,NIC-8UGLN3A7X,CDR,D,4,1
P000980,Manikandan Subramanian,Manikandan,Subramanian,Manikandan Pehalwan,M,1990-03-20,36,tamil,Tamil Nadu,Tirunelveli,Palayamkottai,LOC000097,,CRIMINAL,COURIER,,UNAFFILIATED,42,0.186,AT_LARGE,2019,11,0,,NIC-315FP22H6,TOWER_DUMP,B,1,1
P000981,Ibrahim Shaikh,Ibrahim,Shaikh,Kaana Ibrahim,M,1974-01-12,52,muslim,Karnataka,Ballari,Sandur,LOC000103,,CRIMINAL,FIELD_OPERATIVE,,UNAFFILIATED,58,0.254,IN_JUDICIAL_CUSTODY,2024,7,0,,NIC-74SCKINSY,CDR,B,4,1
P000982,Nirmal Sarkar,Nirmal,Sarkar,Pappu Nirmal,M,1986-02-22,40,bengali,Uttar Pradesh,Prayagraj,Dhoomanganj,LOC000030,,CRIMINAL,FIELD_OPERATIVE,,UNAFFILIATED,54,0.222,IN_JUDICIAL_CUSTODY,2012,8,0,,NIC-6OHZ80N0Q,IPDR,A,2,1
P000983,Rodney Fernandes,Rodney,Fernandes,Rodney Langda,M,1995-09-25,30,christian,Punjab,Ferozepur,Mamdot,LOC000057,,CRIMINAL,FENCE,,UNAFFILIATED,47,0.299,AT_LARGE,2020,10,0,,NIC-OZOFWLJHK,IPDR,E,2,1
P000984,Manju Awasthi,Manju,Awasthi,Manju Bada,F,1997-02-03,29,hindi_belt,Chhattisgarh,Raipur,Birgaon,LOC000122,,CRIMINAL,FIXER,,UNAFFILIATED,72,0.553,ABSCONDING,2018,2,0,,NIC-H7MBF8H2Z,SEIZURE_MEMO,A,4,1
P000985,Arindam Chakraborty,Arindam,Chakraborty,,M,1978-10-20,47,bengali,Manipur,Churachandpur,Tuibong,LOC000117,,CRIMINAL,COURIER,,UNAFFILIATED,44,0.151,ABSCONDING,2012,17,0,,NIC-KIG5HHR80,PASSPORT_IMMIGRATION,B,2,1
P000986,Venkatesh Setty,Venkatesh,Setty,,M,1973-11-26,52,telugu,Uttar Pradesh,Prayagraj,Dhoomanganj,LOC000030,,CRIMINAL,MULE,,UNAFFILIATED,36,0.091,ABSCONDING,2001,6,0,,NIC-U0PG0MGK3,CRIMINAL_HISTORY_DB,D,2,1
P000987,Karni Gurjar,Karni,Gurjar,Seth Karni,M,1992-02-03,34,rajasthani,Kerala,Kannur,Thalassery,LOC000108,,CRIMINAL,FIELD_OPERATIVE,,UNAFFILIATED,48,0.263,DECLARED_PO,2014,4,0,,NIC-DZ7KDHNA5,CDR,B,3,1
P000988,Bikramjit Sandhu,Bikramjit,Sandhu,Chacha Bikramjit,M,1975-02-16,51,punjabi,Tamil Nadu,Chennai,Vyasarpadi,LOC000093,,CRIMINAL,FIELD_OPERATIVE,,UNAFFILIATED,68,0.281,IN_JUDICIAL_CUSTODY,2018,9,0,,NIC-TDP4KWSX7,PASSPORT_IMMIGRATION,B,2,1
P000989,Basanta Patra,Basanta,Patra,Basanta Gullu,M,1990-05-24,36,odia,Bihar,Munger,Kasim Bazaar,LOC000036,,CRIMINAL,FIXER,,UNAFFILIATED,61,0.562,DECLARED_PO,2014,9,0,,NIC-VG2RELU9E,SEIZURE_MEMO,C,6,1
P000990,Ravi Naik,Ravi,Naik,Ravi Munna,M,1985-01-04,41,kannada,Uttarakhand,Dehradun,Clement Town,LOC000124,,CRIMINAL,FIXER,,UNAFFILIATED,77,0.548,AT_LARGE,2008,7,0,,NIC-QGN9QUOGU,INTELLIGENCE_REPORT,B,1,1
P000991,Nathu Beniwal,Nathu,Beniwal,Raja Nathu,M,2002-05-12,24,rajasthani,Delhi,New Delhi,Sangam Vihar,LOC000021,,CRIMINAL,FENCE,,UNAFFILIATED,65,0.276,AT_LARGE,2021,16,0,,NIC-C9LG34MVF,INTELLIGENCE_REPORT,B,1,1
P000992,Murugan Annadurai,Murugan,Annadurai,,M,1967-08-22,58,tamil,Uttarakhand,Dehradun,Clement Town,LOC000124,,CRIMINAL,FIELD_OPERATIVE,,UNAFFILIATED,49,0.293,AT_LARGE,2025,9,0,,NIC-LTIKKRG7O,PASSPORT_IMMIGRATION,D,2,1
P000993,Gurpreet Dhillon,Gurpreet,Dhillon,Ustad,M,2001-05-10,25,punjabi,Assam,Guwahati,Paltan Bazaar,LOC000113,,CRIMINAL,FENCE,,UNAFFILIATED,48,0.34,AT_LARGE,2018,3,0,,NIC-RJBKRPXAT,IPDR,B,3,1
P000994,Jasbir Virk,Jasbir,Virk,Jasbir Munna,F,1999-10-10,26,punjabi,Rajasthan,Jodhpur,Osian,LOC000065,,CRIMINAL,FENCE,,UNAFFILIATED,43,0.304,UNDER_SURVEILLANCE,2023,7,0,,NIC-EM3CUTITU,CDR,C,3,1
P000995,Dinesh Yadav,Dinesh,Yadav,Seth Dinesh,M,1980-07-11,45,hindi_belt,Jammu and Kashmir,Srinagar,Maisuma,LOC000120,,CRIMINAL,FIXER,,UNAFFILIATED,74,0.706,ON_BAIL,2003,11,0,,NIC-CLP4YY11L,PASSPORT_IMMIGRATION,A,2,1
P000996,Udaiveer Thakur,Udaiveer,Thakur,,M,1998-11-01,27,hindi_belt,Assam,Guwahati,Paltan Bazaar,LOC000113,,CRIMINAL,FIELD_OPERATIVE,,UNAFFILIATED,49,0.232,ABSCONDING,2018,10,0,,NIC-RJSAY1L6M,SOCIAL_MEDIA_INTEL,B,2,1
P000997,Pradip Majumdar,Pradip,Majumdar,,M,1993-07-14,32,bengali,Telangana,Hyderabad,Charminar,LOC000083,,CRIMINAL,FIELD_OPERATIVE,,UNAFFILIATED,51,0.251,AT_LARGE,2017,9,0,,NIC-XSLSP9LYI,TOWER_DUMP,B,1,1
P000998,Kalpesh Prajapati,Kalpesh,Prajapati,Kalpesh Tempo,M,1998-05-16,28,gujarati,Jammu and Kashmir,Baramulla,Uri,LOC000121,,CRIMINAL,FIELD_OPERATIVE,,UNAFFILIATED,35,0.259,ON_BAIL,2022,8,0,,NIC-1SUNUG4ZV,FIR,B,1,1
P000999,Satish Rathore,Satish,Rathore,,M,1992-08-07,33,hindi_belt,Jharkhand,Giridih,Bengabad,LOC000046,,CRIMINAL,COURIER,,UNAFFILIATED,38,0.196,UNDER_SURVEILLANCE,2008,11,0,,NIC-ZY71128Q3,FIR,B,1,1
P001000,Bhagya Angadi,Bhagya,Angadi,Sarkar,F,1961-04-26,65,kannada,Uttar Pradesh,Kanpur,Chakeri,LOC000024,,CRIMINAL,FENCE,,UNAFFILIATED,56,0.347,ON_BAIL,2019,9,0,,NIC-2GVZ4W01U,FIR,C,1,1
P001001,Trilochan Swain,Trilochan,Swain,,M,1976-10-24,49,odia,Chhattisgarh,Bijapur,Bhairamgarh,LOC000123,,WITNESS,,,,10,0.0,,,0,0,,NIC-LNSNX17UB,SOCIAL_MEDIA_INTEL,B,5,1
P001002,Suman Sisodia,Suman,Sisodia,,F,1979-01-05,47,rajasthani,Kerala,Kozhikode,Nadakkavu,LOC000106,,COMPLAINANT,,,,11,0.0,,,0,0,,NIC-QL91E48KV,PASSPORT_IMMIGRATION,B,2,1
P001003,Rachna Baghel,Rachna,Baghel,,F,1980-12-16,45,hindi_belt,Haryana,Faridabad,Ballabgarh,LOC000064,,PUBLIC_SERVANT,,,,6,0.0,,,0,0,,NIC-LYT6E0P7S,INFORMANT_TIP,B,3,1
P001004,Manjunath Bhat,Manjunath,Bhat,,M,1974-01-24,52,kannada,Odisha,Malkangiri,Chitrakonda,LOC000111,,VICTIM,,,,1,0.0,,,0,0,,NIC-BFJ29YVFN,FIR,D,3,1
P001005,Aslam Mansuri,Aslam,Mansuri,,M,1993-07-25,32,muslim,Karnataka,Mangaluru,Ullal,LOC000101,,COMPLAINANT,,,,7,0.0,,,0,0,,NIC-DNYU0JDM1,SURVEILLANCE_REPORT,B,3,1
P001006,Kavya Raju,Kavya,Raju,,F,1974-02-18,52,telugu,Uttarakhand,Dehradun,Clement Town,LOC000124,,ASSOCIATE_CIVILIAN,,,,1,0.0,,,0,0,,NIC-JMOX20F4D,IPDR,D,4,1
P001007,Naseer Saifi,Naseer,Saifi,,M,2003-07-05,22,muslim,Tamil Nadu,Chennai,Kodungaiyur,LOC000094,,PUBLIC_SERVANT,,,,6,0.0,,,0,0,,NIC-PZ28UC695,IPDR,B,3,1
P001008,Yasmin Alam,Yasmin,Alam,,F,1981-03-19,45,muslim,Gujarat,Rajkot,Gondal,LOC000075,,COMPLAINANT,,,,5,0.0,,,0,0,,NIC-M23QBP4Y3,INTELLIGENCE_REPORT,C,2,1
P001009,Balbir Prajapati,Balbir,Prajapati,,M,1965-05-20,61,hindi_belt,Karnataka,Mangaluru,Ullal,LOC000101,,COMPLAINANT,,,,7,0.0,,,0,0,,NIC-WMTFEU4NN,FIR,C,1,1
P001010,Tarsem Sidhu,Tarsem,Sidhu,,M,1985-06-24,41,punjabi,Tamil Nadu,Madurai,Melur,LOC000095,,ASSOCIATE_CIVILIAN,,,,8,0.0,,,0,0,,NIC-JPSQVP7V1,CRIMINAL_HISTORY_DB,B,5,1
P001011,Pushpalatha Bellad,Pushpalatha,Bellad,,F,1962-05-15,64,kannada,Delhi,New Delhi,Chandni Chowk,LOC000015,,WITNESS,,,,0,0.0,,,0,0,,NIC-FEDPTX0EF,INFORMANT_TIP,C,3,1
P001012,Harjinder Gill,Harjinder,Gill,,M,2003-06-17,23,punjabi,Assam,Guwahati,Paltan Bazaar,LOC000113,,PUBLIC_SERVANT,,,,3,0.0,,,0,0,,NIC-2RZ1ETT42,INTELLIGENCE_REPORT,E,3,1
P001013,Sachin Bhosale,Sachin,Bhosale,,M,1986-07-22,39,marathi,Karnataka,Ballari,Sandur,LOC000103,,WITNESS,,,,10,0.0,,,0,0,,NIC-Y9JBXIXZV,INFORMANT_TIP,C,1,1
P001014,Sanjay Bhadauria,Sanjay,Bhadauria,,M,1971-10-23,54,hindi_belt,Haryana,Nuh,Punhana,LOC000060,,COMPLAINANT,,,,2,0.0,,,0,0,,NIC-51SBUR4P8,INTELLIGENCE_REPORT,A,1,1
P001015,Nasreen Baig,Nasreen,Baig,,F,1962-05-16,64,muslim,Andhra Pradesh,Kurnool,Nandyal,LOC000091,,VICTIM,,,,4,0.0,,,0,0,,NIC-2PN9FQ36V,BANK_STATEMENT,B,2,1
P001016,Preeti Rathore,Preeti,Rathore,,F,1961-12-22,64,hindi_belt,Gujarat,Ahmedabad,Juhapura,LOC000071,,VICTIM,,,,2,0.0,,,0,0,,NIC-O64OWF800,SOCIAL_MEDIA_INTEL,E,4,1
P001017,Meena Awasthi,Meena,Awasthi,,F,1992-11-07,33,hindi_belt,Telangana,Hyderabad,Charminar,LOC000083,,ASSOCIATE_CIVILIAN,,,,0,0.0,,,0,0,,NIC-JW6XMR0U8,CDR,B,5,1
P001018,Kesar Bishnoi,Kesar,Bishnoi,,F,1998-06-11,28,rajasthani,Kerala,Kannur,Thalassery,LOC000108,,PUBLIC_SERVANT,,,,9,0.0,,,0,0,,NIC-D7TEK9YVX,PASSPORT_IMMIGRATION,C,4,1
P001019,Rubina Pathan,Rubina,Pathan,,F,1973-02-19,53,muslim,Punjab,Jalandhar,Nakodar,LOC000058,,COMPLAINANT,,,,3,0.0,,,0,0,,NIC-T8F9CDM8E,SOCIAL_MEDIA_INTEL,D,2,1
P001020,Mallesh Yadav,Mallesh,Yadav,,M,1998-06-19,28,telugu,Bihar,Begusarai,Barauni,LOC000040,,COMPLAINANT,,,,7,0.0,,,0,0,,NIC-PDGLE6UJ4,SURVEILLANCE_REPORT,B,6,1
P001021,Priyanka Gaikwad,Priyanka,Gaikwad,,F,1983-04-02,43,marathi,Jammu and Kashmir,Baramulla,Uri,LOC000121,,COMPLAINANT,,,,1,0.0,,,0,0,,NIC-UOCMDTSA2,IPDR,C,3,1
P001022,Kuldeep Kashyap,Kuldeep,Kashyap,,M,2002-06-11,24,hindi_belt,Goa,South Goa,Vasco,LOC000119,,ASSOCIATE_CIVILIAN,,,,7,0.0,,,0,0,,NIC-01PTUTH9L,INFORMANT_TIP,C,1,1
P001023,Siddaraju Poojary,Siddaraju,Poojary,,M,1979-11-03,46,kannada,Delhi,New Delhi,Sangam Vihar,LOC000021,,WITNESS,,,,9,0.0,,,0,0,,NIC-GB0GYYFBD,PASSPORT_IMMIGRATION,D,4,1
P001024,Revathi Thevar,Revathi,Thevar,,F,1994-03-14,32,tamil,Bihar,Gaya,Chandauti,LOC000038,,COMPLAINANT,,,,8,0.0,,,0,0,,NIC-IJF5WZKYY,BANK_STATEMENT,A,2,1
P001025,Ramulu Reddy,Ramulu,Reddy,,M,1996-04-05,30,telugu,Maharashtra,Mumbai,Malad,LOC000006,,WITNESS,,,,10,0.0,,,0,0,,NIC-W5II93DMK,BANK_STATEMENT,A,5,1
P001026,Lissy Achari,Lissy,Achari,,F,1972-09-15,53,malayali,Jharkhand,Dhanbad,Jharia,LOC000044,,COMPLAINANT,,,,1,0.0,,,0,0,,NIC-JWFSVLCV6,PASSPORT_IMMIGRATION,C,3,1
P001027,Murugan Rajendran,Murugan,Rajendran,,M,1995-01-06,31,tamil,Delhi,New Delhi,Najafgarh,LOC000019,,ASSOCIATE_CIVILIAN,,,,12,0.0,,,0,0,,NIC-LQA0WT4Q2,PASSPORT_IMMIGRATION,B,6,1
P001028,Arun Baghel,Arun,Baghel,,M,1992-12-19,33,hindi_belt,Uttar Pradesh,Azamgarh,Sarai Mir,LOC000033,,COMPLAINANT,,,,8,0.0,,,0,0,,NIC-V1ZQNCGYV,SEIZURE_MEMO,D,2,1
P001029,Arindam Sen,Arindam,Sen,,M,1982-07-23,43,bengali,Karnataka,Kalaburagi,Afzalpur,LOC000102,,PUBLIC_SERVANT,,,,9,0.0,,,0,0,,NIC-PENYD0IIB,CDR,F,4,1
P001030,Aruna Mudiraj,Aruna,Mudiraj,,F,2002-08-03,23,telugu,Manipur,Churachandpur,Tuibong,LOC000117,,WITNESS,,,,12,0.0,,,0,0,,NIC-AN6BNVHQ7,INFORMANT_TIP,D,4,1
P001031,Mallesh Kumar,Mallesh,Kumar,,M,1967-05-15,59,telugu,Uttar Pradesh,Bareilly,Baradari,LOC000032,,COMPLAINANT,,,,12,0.0,,,0,0,,NIC-DXOT2I9PW,CDR,E,2,1
P001032,Sanjay Tiwari,Sanjay,Tiwari,,M,1991-01-26,35,hindi_belt,Chhattisgarh,Bijapur,Bhairamgarh,LOC000123,,WITNESS,,,,8,0.0,,,0,0,,NIC-Q67Z70VYJ,INFORMANT_TIP,D,2,1
P001033,Thangaraj Chettiar,Thangaraj,Chettiar,,M,1967-09-07,58,tamil,Uttarakhand,Dehradun,Clement Town,LOC000124,,PUBLIC_SERVANT,,,,2,0.0,,,0,0,,NIC-PXNC166V1,TOWER_DUMP,C,3,1
P001034,Bandana Sen,Bandana,Sen,,F,1985-05-11,41,bengali,Maharashtra,Pune,Kondhwa,LOC000010,,COMPLAINANT,,,,12,0.0,,,0,0,,NIC-9O4RRU4VJ,CDR,B,3,1
P001035,Kartik Barman,Kartik,Barman,,M,1992-12-20,33,bengali,Jammu and Kashmir,Srinagar,Maisuma,LOC000120,,VICTIM,,,,7,0.0,,,0,0,,NIC-R83RFES7Y,SEIZURE_MEMO,D,5,1
P001036,Nasreen Zaidi,Nasreen,Zaidi,,F,1987-05-11,39,muslim,Goa,South Goa,Vasco,LOC000119,,VICTIM,,,,3,0.0,,,0,0,,NIC-R0WUEW1TH,INFORMANT_TIP,B,3,1
P001037,Sindhu Namboothiri,Sindhu,Namboothiri,,F,1971-01-27,55,malayali,Telangana,Nizamabad,Bodhan,LOC000087,,WITNESS,,,,1,0.0,,,0,0,,NIC-ZMCFU4JLR,BANK_STATEMENT,A,2,1
P001038,Charanjit Kang,Charanjit,Kang,,F,1984-07-18,41,punjabi,West Bengal,Murshidabad,Jalangi,LOC000050,,WITNESS,,,,0,0.0,,,0,0,,NIC-7Q1DF6CRA,PASSPORT_IMMIGRATION,B,5,1
P001039,Sanjay Kushwaha,Sanjay,Kushwaha,,M,1993-07-13,32,hindi_belt,Haryana,Sonipat,Gohana,LOC000062,,COMPLAINANT,,,,11,0.0,,,0,0,,NIC-5GWUQR0BW,SURVEILLANCE_REPORT,C,4,1
P001040,Girish Kamath,Girish,Kamath,,M,1991-03-02,35,kannada,Jammu and Kashmir,Srinagar,Maisuma,LOC000120,,WITNESS,,,,10,0.0,,,0,0,,NIC-VNZTEGJ7W,INTELLIGENCE_REPORT,B,3,1
P001041,Hansa Parmar,Hansa,Parmar,,F,1980-12-26,45,gujarati,Uttar Pradesh,Varanasi,Chetganj,LOC000028,,COMPLAINANT,,,,10,0.0,,,0,0,,NIC-N9PB53VU9,BANK_STATEMENT,A,1,1
P001042,Yusuf Shaikh,Yusuf,Shaikh,,M,1977-05-24,49,muslim,Kerala,Kannur,Thalassery,LOC000108,,COMPLAINANT,,,,6,0.0,,,0,0,,NIC-A29B4VFG6,CDR,B,2,1
P001043,Mallesh Choudary,Mallesh,Choudary,,M,1970-06-07,56,telugu,Gujarat,Rajkot,Gondal,LOC000075,,VICTIM,,,,10,0.0,,,0,0,,NIC-G1R8L7P7V,SEIZURE_MEMO,C,2,1
P001044,Faizan Ansari,Faizan,Ansari,,M,1983-06-10,43,muslim,Kerala,Kochi,Mattancherry,LOC000104,,COMPLAINANT,,,,11,0.0,,,0,0,,NIC-QNTO1845G,CRIMINAL_HISTORY_DB,D,4,1
P001045,Vidyawati Rathore,Vidyawati,Rathore,,F,1991-07-23,34,hindi_belt,Goa,North Goa,Anjuna,LOC000118,,VICTIM,,,,3,0.0,,,0,0,,NIC-THWNX33HD,SEIZURE_MEMO,A,1,1
P001046,Shakeel Ahmed,Shakeel,Ahmed,,M,1975-11-03,50,muslim,Goa,South Goa,Vasco,LOC000119,,VICTIM,,,,10,0.0,,,0,0,,NIC-Q84ILWX36,CRIMINAL_HISTORY_DB,B,1,1
P001047,Mariappan Kurup,Mariappan,Kurup,,M,1994-06-21,32,tamil,Bihar,Gaya,Chandauti,LOC000038,,WITNESS,,,,5,0.0,,,0,0,,NIC-3NUJPJ8XX,CRIMINAL_HISTORY_DB,C,4,1
P001048,Prabhakar Mudiraj,Prabhakar,Mudiraj,,M,1991-06-17,35,telugu,Goa,South Goa,Vasco,LOC000119,,WITNESS,,,,1,0.0,,,0,0,,NIC-0ZCJ7QHM0,BANK_STATEMENT,B,3,1
P001049,Sabita Mohanty,Sabita,Mohanty,,F,1966-05-13,60,odia,Maharashtra,Navi Mumbai,Vashi,LOC000008,,ASSOCIATE_CIVILIAN,,,,12,0.0,,,0,0,,NIC-2GQ55PSH9,CRIMINAL_HISTORY_DB,C,3,1
P001050,Aparna Bose,Aparna,Bose,,F,1962-02-15,64,bengali,Uttarakhand,Haridwar,Jwalapur,LOC000125,,ASSOCIATE_CIVILIAN,,,,0,0.0,,,0,0,,NIC-MYGBE3WBC,PASSPORT_IMMIGRATION,A,3,1
P001051,Sandip Dalvi,Sandip,Dalvi,,M,1994-07-23,31,marathi,Delhi,New Delhi,Paharganj,LOC000022,,WITNESS,,,,9,0.0,,,0,0,,NIC-L7UUGZJHX,INFORMANT_TIP,D,2,1
P001052,Bheru Vyas,Bheru,Vyas,,M,1982-04-26,44,rajasthani,Chhattisgarh,Raipur,Birgaon,LOC000122,,COMPLAINANT,,,,6,0.0,,,0,0,,NIC-5PXW70C5D,IPDR,A,3,1
P001053,Jagmal Purohit,Jagmal,Purohit,,M,1972-10-01,53,rajasthani,Bihar,Purnia,Khajanchi Hat,LOC000041,,COMPLAINANT,,,,1,0.0,,,0,0,,NIC-RMD3TK5TO,INTELLIGENCE_REPORT,B,3,1
P001054,Gopal Mistry,Gopal,Mistry,,M,1977-09-01,48,bengali,Karnataka,Bengaluru,KG Halli,LOC000099,,ASSOCIATE_CIVILIAN,,,,3,0.0,,,0,0,,NIC-AD3OX1X9J,INTELLIGENCE_REPORT,D,3,1
P001055,Mushtaq Idrisi,Mushtaq,Idrisi,,M,1997-05-23,29,muslim,Haryana,Hisar,Barwala,LOC000063,,PUBLIC_SERVANT,,,,12,0.0,,,0,0,,NIC-EJ67Y1GFI,SEIZURE_MEMO,A,2,1
P001056,Sunil Jaiswal,Sunil,Jaiswal,,M,1984-02-04,42,hindi_belt,West Bengal,Nadia,Karimpur,LOC000053,,VICTIM,,,,9,0.0,,,0,0,,NIC-58JVTZU2Q,SEIZURE_MEMO,C,2,1
P001057,Shanti Rathore,Shanti,Rathore,,F,1967-09-04,58,hindi_belt,Gujarat,Ahmedabad,Juhapura,LOC000071,,WITNESS,,,,12,0.0,,,0,0,,NIC-8VFNY2M6B,SEIZURE_MEMO,B,1,1
P001058,Ravichandran Pillai,Ravichandran,Pillai,,M,1992-05-25,34,tamil,Karnataka,Kalaburagi,Afzalpur,LOC000102,,COMPLAINANT,,,,1,0.0,,,0,0,,NIC-8R5FQYIKB,CDR,B,3,1
P001059,Salim Qureshi,Salim,Qureshi,,M,1970-09-07,55,muslim,West Bengal,Murshidabad,Jalangi,LOC000050,,VICTIM,,,,6,0.0,,,0,0,,NIC-AMA64ZS34,FIR,C,1,1
P001060,Arivazhagan Mudaliar,Arivazhagan,Mudaliar,,M,1969-12-20,56,tamil,Karnataka,Kalaburagi,Afzalpur,LOC000102,,PUBLIC_SERVANT,,,,5,0.0,,,0,0,,NIC-A404E0LG5,BANK_STATEMENT,A,3,1
P001061,Manisha More,Manisha,More,,F,1996-04-02,30,marathi,Odisha,Ganjam,Berhampur,LOC000112,,COMPLAINANT,,,,3,0.0,,,0,0,,NIC-KYTVZQ13T,CDR,C,1,1
P001062,Ranjit Kang,Ranjit,Kang,,M,1984-05-26,42,punjabi,Chhattisgarh,Raipur,Birgaon,LOC000122,,WITNESS,,,,12,0.0,,,0,0,,NIC-C5AOTIVH2,SEIZURE_MEMO,A,3,1
P001063,Nadeem Shaikh,Nadeem,Shaikh,,M,1997-07-15,28,muslim,Assam,Guwahati,Paltan Bazaar,LOC000113,,ASSOCIATE_CIVILIAN,,,,0,0.0,,,0,0,,NIC-3RLHVPEPZ,CHARGESHEET,A,4,1
P001064,Aarti More,Aarti,More,,F,1961-09-23,64,marathi,Tamil Nadu,Tirunelveli,Palayamkottai,LOC000097,,COMPLAINANT,,,,8,0.0,,,0,0,,NIC-3XR6AJOMX,TOWER_DUMP,B,3,1
P001065,Karthik Raja,Karthik,Raja,,M,1988-04-26,38,tamil,Tamil Nadu,Madurai,Melur,LOC000095,,VICTIM,,,,5,0.0,,,0,0,,NIC-F4TVQYNWH,FIR,D,3,1
P001066,Shibu Thomas,Shibu,Thomas,,M,1996-06-12,30,malayali,Punjab,Amritsar,Ajnala,LOC000054,,VICTIM,,,,8,0.0,,,0,0,,NIC-4AOV3G55F,IPDR,C,2,1
P001067,Gopal Dutta,Gopal,Dutta,,M,1976-12-13,49,bengali,Uttar Pradesh,Meerut,Lisari Gate,LOC000025,,COMPLAINANT,,,,0,0.0,,,0,0,,NIC-VFZQ8O9UN,SURVEILLANCE_REPORT,B,3,1
P001068,Kondaiah Bandari,Kondaiah,Bandari,,M,1963-01-13,63,telugu,Karnataka,Kalaburagi,Afzalpur,LOC000102,,PUBLIC_SERVANT,,,,4,0.0,,,0,0,,NIC-OTU3OF4PC,SURVEILLANCE_REPORT,B,2,1
P001069,Baljinder Mann,Baljinder,Mann,,M,1981-02-25,45,punjabi,Kerala,Kozhikode,Nadakkavu,LOC000106,,COMPLAINANT,,,,0,0.0,,,0,0,,NIC-T8R8CT2NH,TOWER_DUMP,A,2,1
P001070,Nazia Ansari,Nazia,Ansari,,F,1997-06-27,29,muslim,Karnataka,Ballari,Sandur,LOC000103,,COMPLAINANT,,,,9,0.0,,,0,0,,NIC-T40HGGD44,INTELLIGENCE_REPORT,B,2,1
P001071,Surinder Bajwa,Surinder,Bajwa,,F,1969-03-13,57,punjabi,Odisha,Ganjam,Berhampur,LOC000112,,PUBLIC_SERVANT,,,,10,0.0,,,0,0,,NIC-NS6VRBNA6,SOCIAL_MEDIA_INTEL,E,2,1
P001072,Manjit Sekhon,Manjit,Sekhon,,F,2001-12-14,24,punjabi,Manipur,Imphal,Moreh,LOC000116,,COMPLAINANT,,,,1,0.0,,,0,0,,NIC-N7I094C22,IPDR,B,2,1
P001073,Rajendran Thevar,Rajendran,Thevar,,M,1991-08-19,34,tamil,Andhra Pradesh,Vijayawada,Gunadala,LOC000089,,WITNESS,,,,2,0.0,,,0,0,,NIC-2EFD2PWHI,TOWER_DUMP,C,1,1
P001074,Hariom Awasthi,Hariom,Awasthi,,M,1972-03-08,54,hindi_belt,West Bengal,Malda,Kaliachak,LOC000049,,COMPLAINANT,,,,3,0.0,,,0,0,,NIC-PDJNOQRYB,PASSPORT_IMMIGRATION,B,3,1
P001075,Alpesh Solanki,Alpesh,Solanki,,M,2003-01-13,23,gujarati,Uttarakhand,Dehradun,Clement Town,LOC000124,,VICTIM,,,,9,0.0,,,0,0,,NIC-WIMV28ZUI,INFORMANT_TIP,B,1,1
P001076,Bikash Naskar,Bikash,Naskar,,M,1993-09-11,32,bengali,Rajasthan,Jaipur,Chomu,LOC000067,,ASSOCIATE_CIVILIAN,,,,4,0.0,,,0,0,,NIC-84VPGH7AQ,BANK_STATEMENT,B,5,1
P001077,Chhaya Adhikari,Chhaya,Adhikari,,F,1968-06-11,58,bengali,Tamil Nadu,Madurai,Melur,LOC000095,,WITNESS,,,,12,0.0,,,0,0,,NIC-B4919728Z,FIR,C,1,1
P001078,Pramila Munda,Pramila,Munda,,F,1962-02-20,64,odia,Uttar Pradesh,Prayagraj,Dhoomanganj,LOC000030,,VICTIM,,,,11,0.0,,,0,0,,NIC-U9Z0NI847,PASSPORT_IMMIGRATION,B,5,1
P001079,Dinesh Rathore,Dinesh,Rathore,,M,1979-10-12,46,hindi_belt,West Bengal,Nadia,Karimpur,LOC000053,,WITNESS,,,,12,0.0,,,0,0,,NIC-0LH4ZTTH1,FIR,B,4,1
P001080,Sukumar Pal,Sukumar,Pal,,M,1962-03-17,64,bengali,Uttar Pradesh,Jaunpur,Line Bazaar,LOC000034,,VICTIM,,,,7,0.0,,,0,0,,NIC-TVFJBJKAF,CHARGESHEET,D,2,1
P001081,Afsana Mansuri,Afsana,Mansuri,,F,2002-12-03,23,muslim,Goa,North Goa,Anjuna,LOC000118,,VICTIM,,,,0,0.0,,,0,0,,NIC-RZ0I3UBGW,BANK_STATEMENT,B,3,1
P001082,Shakeel Shaikh,Shakeel,Shaikh,,M,1994-06-10,32,muslim,Delhi,New Delhi,Paharganj,LOC000022,,WITNESS,,,,11,0.0,,,0,0,,NIC-8MMAX65JP,CHARGESHEET,C,2,1
P001083,Kavita Baghel,Kavita,Baghel,,F,1988-10-05,37,hindi_belt,Rajasthan,Jaipur,Chomu,LOC000067,,VICTIM,,,,3,0.0,,,0,0,,NIC-IZ5ER8V6G,INFORMANT_TIP,C,1,1
P001084,Davinder Kang,Davinder,Kang,,M,1961-10-05,64,punjabi,Kerala,Malappuram,Tirur,LOC000105,,WITNESS,,,,5,0.0,,,0,0,,NIC-EICH9J9WI,SURVEILLANCE_REPORT,B,1,1
P001085,Alpesh Chauhan,Alpesh,Chauhan,,M,1981-09-06,44,gujarati,Kerala,Kannur,Thalassery,LOC000108,,COMPLAINANT,,,,9,0.0,,,0,0,,NIC-GV8XUHE1N,PASSPORT_IMMIGRATION,C,2,1
P001086,Rajni Jaiswal,Rajni,Jaiswal,,F,1967-05-06,59,hindi_belt,Karnataka,Mangaluru,Ullal,LOC000101,,COMPLAINANT,,,,4,0.0,,,0,0,,NIC-93P0KYIWF,TOWER_DUMP,E,2,1
P001087,Shahnawaz Mansuri,Shahnawaz,Mansuri,,M,2001-07-23,24,muslim,Karnataka,Bengaluru,Yeshwanthpur,LOC000100,,VICTIM,,,,12,0.0,,,0,0,,NIC-34KQTMTMV,SOCIAL_MEDIA_INTEL,C,2,1
P001088,Prabhakar Mudiraj,Prabhakar,Mudiraj,,M,1985-12-10,40,telugu,Bihar,Muzaffarpur,Mithanpura,LOC000037,,VICTIM,,,,3,0.0,,,0,0,,NIC-7CKDOR8BS,BANK_STATEMENT,B,3,1
P001089,Anita Dubey,Anita,Dubey,,F,1998-02-14,28,hindi_belt,Gujarat,Ahmedabad,Juhapura,LOC000071,,PUBLIC_SERVANT,,,,11,0.0,,,0,0,,NIC-W4O40ISKZ,INTELLIGENCE_REPORT,C,5,1
P001090,Rekha Awasthi,Rekha,Awasthi,,F,1986-10-08,39,hindi_belt,Delhi,New Delhi,Karol Bagh,LOC000018,,PUBLIC_SERVANT,,,,0,0.0,,,0,0,,NIC-FRDGVJ3PG,CHARGESHEET,A,2,1
P001091,Sandip Mhatre,Sandip,Mhatre,,M,1996-01-01,30,marathi,Madhya Pradesh,Gwalior,Morar,LOC000080,,WITNESS,,,,10,0.0,,,0,0,,NIC-E7RIONV7R,IPDR,D,1,1
P001092,Dhanapal Sundaram,Dhanapal,Sundaram,,M,2003-07-23,22,tamil,Goa,South Goa,Vasco,LOC000119,,COMPLAINANT,,,,7,0.0,,,0,0,,NIC-4FWPBKK1K,CHARGESHEET,B,3,1
P001093,Farida Siddiqui,Farida,Siddiqui,,F,1996-01-23,30,muslim,Goa,North Goa,Anjuna,LOC000118,,WITNESS,,,,10,0.0,,,0,0,,NIC-D1T30ETTJ,IPDR,C,2,1
P001094,Shabana Ahmed,Shabana,Ahmed,,F,1975-02-13,51,muslim,West Bengal,Siliguri,Matigara,LOC000052,,VICTIM,,,,9,0.0,,,0,0,,NIC-5JD12XROM,SOCIAL_MEDIA_INTEL,E,3,1
P001095,Meena Nagar,Meena,Nagar,,F,1982-03-17,44,hindi_belt,Chhattisgarh,Raipur,Birgaon,LOC000122,,COMPLAINANT,,,,7,0.0,,,0,0,,NIC-9OV3MP6GO,SURVEILLANCE_REPORT,A,3,1
P001096,Mushtaq Mirza,Mushtaq,Mirza,,M,1974-07-10,51,muslim,Delhi,New Delhi,Jamia Nagar,LOC000017,,COMPLAINANT,,,,1,0.0,,,0,0,,NIC-LJS4QB8XM,CHARGESHEET,D,1,1
P001097,Nasreen Shaikh,Nasreen,Shaikh,,F,1975-03-11,51,muslim,Delhi,New Delhi,Jamia Nagar,LOC000017,,WITNESS,,,,1,0.0,,,0,0,,NIC-B5FXWU85D,PASSPORT_IMMIGRATION,C,5,1
P001098,Kuldeep Cheema,Kuldeep,Cheema,,F,1979-02-03,47,punjabi,Madhya Pradesh,Gwalior,Morar,LOC000080,,COMPLAINANT,,,,9,0.0,,,0,0,,NIC-KXXFIUO6C,IPDR,D,1,1
P001099,Yusuf Khan,Yusuf,Khan,,M,1979-10-09,46,muslim,Telangana,Hyderabad,Kukatpally,LOC000084,,ASSOCIATE_CIVILIAN,,,,12,0.0,,,0,0,,NIC-E4HV5UW5H,INTELLIGENCE_REPORT,B,2,1
P001100,Revathi Muthusamy,Revathi,Muthusamy,,F,1987-02-24,39,tamil,Haryana,Nuh,Punhana,LOC000060,,COMPLAINANT,,,,6,0.0,,,0,0,,NIC-IE8X1PUIA,PASSPORT_IMMIGRATION,A,2,1
P001101,Shanti Shukla,Shanti,Shukla,,F,1984-09-26,41,hindi_belt,Assam,Karimganj,Sutarkandi,LOC000115,,COMPLAINANT,,,,5,0.0,,,0,0,,NIC-023ETMN1B,TOWER_DUMP,A,4,1
P001102,Kuldeep Nagar,Kuldeep,Nagar,,M,1963-12-07,62,hindi_belt,Bihar,Purnia,Khajanchi Hat,LOC000041,,VICTIM,,,,9,0.0,,,0,0,,NIC-J56769G8N,FIR,B,6,1
P001103,Om Prakash Saini,Om Prakash,Saini,,M,1992-08-23,33,hindi_belt,Bihar,Gaya,Chandauti,LOC000038,,WITNESS,,,,8,0.0,,,0,0,,NIC-WF7W0CWCY,CRIMINAL_HISTORY_DB,F,4,1
P001104,Girdhari Sharma,Girdhari,Sharma,,M,1969-12-16,56,hindi_belt,Maharashtra,Navi Mumbai,Vashi,LOC000008,,VICTIM,,,,2,0.0,,,0,0,,NIC-A9HS2JM3N,CRIMINAL_HISTORY_DB,B,1,1
P001105,Gurpreet Dhaliwal,Gurpreet,Dhaliwal,,M,1985-10-15,40,punjabi,Haryana,Nuh,Punhana,LOC000060,,WITNESS,,,,8,0.0,,,0,0,,NIC-XGQWS9N03,CDR,B,3,1
P001106,Kuni Dash,Kuni,Dash,,F,1983-02-18,43,odia,Tamil Nadu,Coimbatore,Ukkadam,LOC000096,,VICTIM,,,,5,0.0,,,0,0,,NIC-5GF1TW1CW,SEIZURE_MEMO,C,2,1
P001107,Lalrinpuii Ao,Lalrinpuii,Ao,,F,1973-10-05,52,northeast,Delhi,New Delhi,Paharganj,LOC000022,,PUBLIC_SERVANT,,,,0,0.0,,,0,0,,NIC-CIW7W1VNP,PASSPORT_IMMIGRATION,B,2,1
P001108,Nirmala Maurya,Nirmala,Maurya,,F,1966-10-26,59,hindi_belt,Uttarakhand,Haridwar,Jwalapur,LOC000125,,ASSOCIATE_CIVILIAN,,,,2,0.0,,,0,0,,NIC-0GXS94JAG,BANK_STATEMENT,B,1,1
P001109,Sasmita Sahoo,Sasmita,Sahoo,,F,1981-05-19,45,odia,Chhattisgarh,Raipur,Birgaon,LOC000122,,COMPLAINANT,,,,0,0.0,,,0,0,,NIC-6C9N5Z3P7,TOWER_DUMP,B,2,1
P001110,Kamla Chauhan,Kamla,Chauhan,,F,2002-01-01,24,hindi_belt,Odisha,Cuttack,Jagatpur,LOC000110,,VICTIM,,,,0,0.0,,,0,0,,NIC-FSOUKTOB5,CHARGESHEET,F,2,1
P001111,Ravinder Prasad,Ravinder,Prasad,,M,1984-03-17,42,telugu,Rajasthan,Bharatpur,Kaman,LOC000068,,VICTIM,,,,9,0.0,,,0,0,,NIC-5MWG7YKJV,BANK_STATEMENT,B,2,1
P001112,Anita Tiwari,Anita,Tiwari,,F,1962-06-13,64,hindi_belt,Haryana,Sonipat,Gohana,LOC000062,,WITNESS,,,,11,0.0,,,0,0,,NIC-32GLXFX7C,SOCIAL_MEDIA_INTEL,A,3,1
P001113,Bhanwar Jhala,Bhanwar,Jhala,,M,1985-07-02,40,rajasthani,Uttar Pradesh,Gorakhpur,Rajghat,LOC000029,,COMPLAINANT,,,,11,0.0,,,0,0,,NIC-8HLNI579S,PASSPORT_IMMIGRATION,B,3,1
P001114,Ravinder Rao,Ravinder,Rao,,M,1990-07-20,35,telugu,Madhya Pradesh,Indore,Rau,LOC000078,,WITNESS,,,,5,0.0,,,0,0,,NIC-9STTJAJKQ,CHARGESHEET,C,2,1
P001115,Amol Kamble,Amol,Kamble,,M,1964-05-12,62,marathi,Haryana,Hisar,Barwala,LOC000063,,COMPLAINANT,,,,0,0.0,,,0,0,,NIC-OEH8CJYYH,SOCIAL_MEDIA_INTEL,D,3,1
P001116,Padma Reddy,Padma,Reddy,,F,1965-09-19,60,telugu,Rajasthan,Bharatpur,Kaman,LOC000068,,COMPLAINANT,,,,11,0.0,,,0,0,,NIC-HGIUYJT50,TOWER_DUMP,C,4,1
P001117,Sabita Mohanty,Sabita,Mohanty,,F,1964-09-04,61,odia,Uttar Pradesh,Ghaziabad,Loni,LOC000026,,WITNESS,,,,1,0.0,,,0,0,,NIC-9GTAVFOKU,SEIZURE_MEMO,A,4,1
P001118,Arif Malik,Arif,Malik,,M,1996-12-09,29,muslim,Tamil Nadu,Chennai,Vyasarpadi,LOC000093,,PUBLIC_SERVANT,,,,12,0.0,,,0,0,,NIC-DY3GS637N,CDR,A,1,1
P001119,Anwar Rahman,Anwar,Rahman,,M,1969-08-11,56,muslim,Kerala,Malappuram,Tirur,LOC000105,,WITNESS,,,,10,0.0,,,0,0,,NIC-4RD3RBON2,SOCIAL_MEDIA_INTEL,B,3,1
P001120,Basanta Jena,Basanta,Jena,,M,1966-12-08,59,odia,Haryana,Faridabad,Ballabgarh,LOC000064,,VICTIM,,,,6,0.0,,,0,0,,NIC-SFLZTEAYB,SURVEILLANCE_REPORT,A,4,1
P001121,Archana Bhardwaj,Archana,Bhardwaj,,F,1991-07-08,34,hindi_belt,Delhi,New Delhi,Nangloi,LOC000020,,VICTIM,,,,1,0.0,,,0,0,,NIC-CFB8ZVS0G,BANK_STATEMENT,B,2,1
P001122,Nazia Ahmed,Nazia,Ahmed,,F,1989-10-10,36,muslim,Odisha,Ganjam,Berhampur,LOC000112,,COMPLAINANT,,,,8,0.0,,,0,0,,NIC-Y7R6Q7E3A,SEIZURE_MEMO,B,4,1
P001123,Randhir Yadav,Randhir,Yadav,,M,1991-04-21,35,hindi_belt,Uttar Pradesh,Prayagraj,Dhoomanganj,LOC000030,,WITNESS,,,,7,0.0,,,0,0,,NIC-UTMMC27GH,CDR,B,3,1
P001124,Hardik Patel,Hardik,Patel,,M,1977-05-10,49,gujarati,West Bengal,Kolkata,Metiabruz,LOC000047,,ASSOCIATE_CIVILIAN,,,,1,0.0,,,0,0,,NIC-WV12ROOO7,SOCIAL_MEDIA_INTEL,C,3,1
P001125,Remya Thomas,Remya,Thomas,,F,1990-11-01,35,malayali,Manipur,Imphal,Moreh,LOC000116,,COMPLAINANT,,,,3,0.0,,,0,0,,NIC-OXPADTLYZ,CRIMINAL_HISTORY_DB,B,2,1
P001126,Baljinder Brar,Baljinder,Brar,,M,1973-10-10,52,punjabi,Bihar,Gaya,Chandauti,LOC000038,,WITNESS,,,,12,0.0,,,0,0,,NIC-1JR65JM9W,TOWER_DUMP,B,2,1
P001127,Vaishali Trivedi,Vaishali,Trivedi,,F,2002-02-09,24,gujarati,Assam,Dhubri,Golakganj,LOC000114,,WITNESS,,,,11,0.0,,,0,0,,NIC-FPRMH4Y2C,INTELLIGENCE_REPORT,A,2,1
P001128,Mousumi Adhikari,Mousumi,Adhikari,,F,1967-12-04,58,bengali,Goa,North Goa,Anjuna,LOC000118,,WITNESS,,,,6,0.0,,,0,0,,NIC-IVBZ9MXQZ,SOCIAL_MEDIA_INTEL,B,4,1
P001129,Aruna Prasad,Aruna,Prasad,,F,1960-04-20,66,telugu,Telangana,Warangal,Hanamkonda,LOC000086,,PUBLIC_SERVANT,,,,11,0.0,,,0,0,,NIC-PQI4G8ZZJ,CRIMINAL_HISTORY_DB,B,3,1
P001130,Seema Nishad,Seema,Nishad,,F,1963-11-03,62,hindi_belt,Delhi,New Delhi,Chandni Chowk,LOC000015,,ASSOCIATE_CIVILIAN,,,,12,0.0,,,0,0,,NIC-HDFU1E0E3,SURVEILLANCE_REPORT,C,4,1
P001131,Harjinder Bajwa,Harjinder,Bajwa,,M,1960-01-22,66,punjabi,Uttar Pradesh,Ghaziabad,Loni,LOC000026,,ASSOCIATE_CIVILIAN,,,,11,0.0,,,0,0,,NIC-96IM7TYD9,INTELLIGENCE_REPORT,B,2,1
P001132,Pushpa Saini,Pushpa,Saini,,F,2003-08-21,22,hindi_belt,Bihar,Gaya,Chandauti,LOC000038,,VICTIM,,,,3,0.0,,,0,0,,NIC-0XU0EIIE7,TOWER_DUMP,A,1,1
P001133,Madan Charan,Madan,Charan,,M,1984-02-21,42,rajasthani,Bihar,Gaya,Chandauti,LOC000038,,WITNESS,,,,10,0.0,,,0,0,,NIC-OBJM0QH1P,INTELLIGENCE_REPORT,C,2,1
P001134,Mangamma Setty,Mangamma,Setty,,F,1975-03-08,51,telugu,Rajasthan,Jodhpur,Osian,LOC000065,,COMPLAINANT,,,,12,0.0,,,0,0,,NIC-EOLVI8JZ3,CDR,A,4,1
P001135,Sudhakar Yadav,Sudhakar,Yadav,,M,1971-10-14,54,telugu,West Bengal,Malda,Kaliachak,LOC000049,,COMPLAINANT,,,,12,0.0,,,0,0,,NIC-QQT7RP181,TOWER_DUMP,A,6,1
P001136,Shakeel Ansari,Shakeel,Ansari,,M,1961-10-23,64,muslim,Tamil Nadu,Madurai,Melur,LOC000095,,COMPLAINANT,,,,8,0.0,,,0,0,,NIC-BU954FVUW,INFORMANT_TIP,C,4,1
P001137,Poongodi Annadurai,Poongodi,Annadurai,,F,1999-01-06,27,tamil,Odisha,Ganjam,Berhampur,LOC000112,,VICTIM,,,,5,0.0,,,0,0,,NIC-GJBRYP3KH,INTELLIGENCE_REPORT,A,3,1
P001138,Rajwinder Mann,Rajwinder,Mann,,F,1964-09-26,61,punjabi,Odisha,Malkangiri,Chitrakonda,LOC000111,,VICTIM,,,,0,0.0,,,0,0,,NIC-LUW53O3MW,IPDR,D,2,1
P001139,Nagaraju Sharma,Nagaraju,Sharma,,M,2003-02-03,23,telugu,Karnataka,Mangaluru,Ullal,LOC000101,,PUBLIC_SERVANT,,,,1,0.0,,,0,0,,NIC-4NZ3AN71J,CRIMINAL_HISTORY_DB,B,3,1
P001140,Ramkali Gupta,Ramkali,Gupta,,F,1973-01-26,53,hindi_belt,West Bengal,Kolkata,Rajabazar,LOC000048,,COMPLAINANT,,,,0,0.0,,,0,0,,NIC-8CXZPC6JK,SEIZURE_MEMO,B,3,1
P001141,Prashant More,Prashant,More,,M,2003-12-17,22,marathi,Delhi,New Delhi,Paharganj,LOC000022,,COMPLAINANT,,,,8,0.0,,,0,0,,NIC-MFK2O1WS8,CRIMINAL_HISTORY_DB,A,1,1
P001142,Suresh Bhardwaj,Suresh,Bhardwaj,,M,1994-08-09,31,hindi_belt,Gujarat,Surat,Varachha,LOC000072,,VICTIM,,,,10,0.0,,,0,0,,NIC-E1K51NZUE,BANK_STATEMENT,C,3,1
P001143,Suresh Srivastava,Suresh,Srivastava,,M,1962-09-04,63,hindi_belt,Telangana,Hyderabad,Charminar,LOC000083,,VICTIM,,,,9,0.0,,,0,0,,NIC-T8QII1LND,FIR,B,1,1
P001144,Rekha Nagar,Rekha,Nagar,,F,1960-12-07,65,hindi_belt,Jammu and Kashmir,Srinagar,Maisuma,LOC000120,,WITNESS,,,,10,0.0,,,0,0,,NIC-RJRM3VNH1,PASSPORT_IMMIGRATION,C,4,1
P001145,Pushpalatha Kamath,Pushpalatha,Kamath,,F,1987-07-20,38,kannada,Haryana,Nuh,Punhana,LOC000060,,COMPLAINANT,,,,6,0.0,,,0,0,,NIC-94TAPNAQX,SOCIAL_MEDIA_INTEL,E,1,1
P001146,Vidyawati Kushwaha,Vidyawati,Kushwaha,,F,2003-09-10,22,hindi_belt,Maharashtra,Mumbai,Dongri,LOC000001,,WITNESS,,,,4,0.0,,,0,0,,NIC-V9BGVG50T,BANK_STATEMENT,C,2,1
P001147,Nirmal Sarkar,Nirmal,Sarkar,,M,1960-06-27,66,bengali,Bihar,Muzaffarpur,Mithanpura,LOC000037,,COMPLAINANT,,,,0,0.0,,,0,0,,NIC-00GMHVKVX,BANK_STATEMENT,C,3,1
P001148,Kishan Jhala,Kishan,Jhala,,M,1989-11-15,36,rajasthani,Odisha,Cuttack,Jagatpur,LOC000110,,WITNESS,,,,10,0.0,,,0,0,,NIC-TPWRDT5ZL,CRIMINAL_HISTORY_DB,C,3,1
P001149,Savita Awasthi,Savita,Awasthi,,F,1980-06-17,46,hindi_belt,Madhya Pradesh,Indore,Rau,LOC000078,,COMPLAINANT,,,,10,0.0,,,0,0,,NIC-1L32898LZ,FIR,B,6,1
P001150,Venkatesh Sharma,Venkatesh,Sharma,,M,1992-01-23,34,telugu,Telangana,Nizamabad,Bodhan,LOC000087,,WITNESS,,,,12,0.0,,,0,0,,NIC-4H81ETILO,CRIMINAL_HISTORY_DB,E,2,1
P001151,Rizwan Pathan,Rizwan,Pathan,,M,1982-10-14,43,muslim,Delhi,New Delhi,Nangloi,LOC000020,,VICTIM,,,,7,0.0,,,0,0,,NIC-U25FGM29O,FIR,C,4,1
P001152,Joseph Menezes,Joseph,Menezes,,M,1965-07-01,60,christian,Chhattisgarh,Raipur,Birgaon,LOC000122,,WITNESS,,,,8,0.0,,,0,0,,NIC-W73CGWKLH,PASSPORT_IMMIGRATION,B,2,1
P001153,Kanta Gurjar,Kanta,Gurjar,,F,1987-11-24,38,rajasthani,Rajasthan,Bharatpur,Kaman,LOC000068,,PUBLIC_SERVANT,,,,1,0.0,,,0,0,,NIC-I67OA5RYG,CHARGESHEET,A,2,1
P001154,Nagaraju Bandari,Nagaraju,Bandari,,M,1981-12-13,44,telugu,Bihar,Begusarai,Barauni,LOC000040,,WITNESS,,,,0,0.0,,,0,0,,NIC-ON7587WJ6,CRIMINAL_HISTORY_DB,C,5,1
P001155,Padma Kondapalli,Padma,Kondapalli,,F,1996-08-13,29,telugu,Rajasthan,Bikaner,Nokha,LOC000066,,ASSOCIATE_CIVILIAN,,,,11,0.0,,,0,0,,NIC-PDAA4P5ST,PASSPORT_IMMIGRATION,B,2,1
P001156,Vetrivel Naicker,Vetrivel,Naicker,,M,1962-08-13,63,tamil,Bihar,Purnia,Khajanchi Hat,LOC000041,,VICTIM,,,,9,0.0,,,0,0,,NIC-K1IYVSOT2,CRIMINAL_HISTORY_DB,F,1,1
P001157,Praveen Joseph,Praveen,Joseph,,M,1999-09-11,26,malayali,Manipur,Imphal,Moreh,LOC000116,,ASSOCIATE_CIVILIAN,,,,10,0.0,,,0,0,,NIC-D31X6U26O,SEIZURE_MEMO,B,2,1
P001158,Saroja Kumar,Saroja,Kumar,,F,2003-01-16,23,telugu,Punjab,Ludhiana,Jamalpur,LOC000056,,COMPLAINANT,,,,11,0.0,,,0,0,,NIC-ND2G33YGM,CRIMINAL_HISTORY_DB,C,3,1
P001159,Rina Biswas,Rina,Biswas,,F,1972-12-23,53,bengali,Jharkhand,Deoghar,Sarwan,LOC000043,,COMPLAINANT,,,,8,0.0,,,0,0,,NIC-USAPM0VI9,CRIMINAL_HISTORY_DB,C,1,1
P001160,Pramod Awasthi,Pramod,Awasthi,,M,1980-04-06,46,hindi_belt,Chhattisgarh,Bijapur,Bhairamgarh,LOC000123,,COMPLAINANT,,,,7,0.0,,,0,0,,NIC-PUVHS2JQD,SURVEILLANCE_REPORT,A,1,1
P001161,Rina Pal,Rina,Pal,,F,1982-06-12,44,bengali,Delhi,New Delhi,Karol Bagh,LOC000018,,COMPLAINANT,,,,5,0.0,,,0,0,,NIC-2CJCC0H4Q,CDR,A,6,1
P001162,Anitha Achari,Anitha,Achari,,F,1970-02-18,56,malayali,Andhra Pradesh,Visakhapatnam,Gajuwaka,LOC000088,,COMPLAINANT,,,,9,0.0,,,0,0,,NIC-PFJ4A0UB2,CHARGESHEET,B,5,1
P001163,Hariom Chauhan,Hariom,Chauhan,,M,1983-07-10,42,hindi_belt,Jammu and Kashmir,Srinagar,Maisuma,LOC000120,,COMPLAINANT,,,,4,0.0,,,0,0,,NIC-09WPAQXXU,PASSPORT_IMMIGRATION,E,3,1
P001164,Sasmita Rout,Sasmita,Rout,,F,1991-08-25,34,odia,Maharashtra,Navi Mumbai,Vashi,LOC000008,,VICTIM,,,,8,0.0,,,0,0,,NIC-TNOI50MDQ,SEIZURE_MEMO,D,1,1
P001165,Harbhajan Bains,Harbhajan,Bains,,M,1987-10-01,38,punjabi,Andhra Pradesh,Vijayawada,Gunadala,LOC000089,,WITNESS,,,,2,0.0,,,0,0,,NIC-LJD2XVBZG,IPDR,D,1,1
P001166,Bindu Joseph,Bindu,Joseph,,F,1971-01-02,55,malayali,Chhattisgarh,Raipur,Birgaon,LOC000122,,WITNESS,,,,3,0.0,,,0,0,,NIC-NQTC314KH,INTELLIGENCE_REPORT,A,1,1
P001167,Palanisamy Nadar,Palanisamy,Nadar,,M,1996-07-26,29,tamil,Goa,North Goa,Anjuna,LOC000118,,COMPLAINANT,,,,10,0.0,,,0,0,,NIC-JHAVOB4FK,BANK_STATEMENT,E,1,1
P001168,Krishnaiah Varma,Krishnaiah,Varma,,M,1988-12-09,37,telugu,Jammu and Kashmir,Baramulla,Uri,LOC000121,,ASSOCIATE_CIVILIAN,,,,2,0.0,,,0,0,,NIC-3DUS9U588,IPDR,D,4,1
P001169,Seema Bhadauria,Seema,Bhadauria,,F,1965-03-14,61,hindi_belt,Chhattisgarh,Raipur,Birgaon,LOC000122,,VICTIM,,,,9,0.0,,,0,0,,NIC-9DSQ00X6U,BANK_STATEMENT,C,2,1
P001170,Hansa Dave,Hansa,Dave,,F,1969-12-21,56,gujarati,Rajasthan,Bharatpur,Kaman,LOC000068,,COMPLAINANT,,,,4,0.0,,,0,0,,NIC-VLX3N293Q,IPDR,B,5,1
P001171,Sandip Rane,Sandip,Rane,,M,1989-08-25,36,marathi,Madhya Pradesh,Gwalior,Morar,LOC000080,,WITNESS,,,,0,0.0,,,0,0,,NIC-1FJ663J8T,BANK_STATEMENT,B,1,1
P001172,Swapan Das,Swapan,Das,,M,1976-02-15,50,bengali,Uttarakhand,Haridwar,Jwalapur,LOC000125,,VICTIM,,,,0,0.0,,,0,0,,NIC-AVM5E71CV,INTELLIGENCE_REPORT,C,2,1
P001173,Sarla Vyas,Sarla,Vyas,,F,1996-06-21,30,rajasthani,Gujarat,Porbandar,Kutiyana,LOC000074,,WITNESS,,,,1,0.0,,,0,0,,NIC-J37MHLQI9,SEIZURE_MEMO,B,6,1
P001174,Shahnawaz Khan,Shahnawaz,Khan,,M,1998-02-20,28,muslim,Uttar Pradesh,Bareilly,Baradari,LOC000032,,VICTIM,,,,8,0.0,,,0,0,,NIC-Q9B72AH4A,CHARGESHEET,C,3,1
P001175,Nagaratna Shetty,Nagaratna,Shetty,,F,2001-02-24,25,kannada,Kerala,Thrissur,Chavakkad,LOC000107,,WITNESS,,,,0,0.0,,,0,0,,NIC-4SDSOO19X,CHARGESHEET,B,2,1
P001176,Amutha Pandian,Amutha,Pandian,,F,1965-01-27,61,tamil,Madhya Pradesh,Bhopal,Bairagarh,LOC000077,,COMPLAINANT,,,,9,0.0,,,0,0,,NIC-AD4DG59XB,CHARGESHEET,A,2,1
P001177,Thangaraj Mudaliar,Thangaraj,Mudaliar,,M,1962-02-01,64,tamil,Uttarakhand,Dehradun,Clement Town,LOC000124,,VICTIM,,,,10,0.0,,,0,0,,NIC-L4X4R3VO1,CRIMINAL_HISTORY_DB,C,3,1
P001178,Javed Malik,Javed,Malik,,M,2002-11-22,23,muslim,Jharkhand,Ranchi,Hatia,LOC000045,,COMPLAINANT,,,,9,0.0,,,0,0,,NIC-QKDSFZSHW,PASSPORT_IMMIGRATION,C,2,1
P001179,Chhagan Chouhan,Chhagan,Chouhan,,M,1989-10-25,36,rajasthani,Punjab,Tarn Taran,Khalra,LOC000055,,COMPLAINANT,,,,3,0.0,,,0,0,,NIC-21Z2Y8HYA,TOWER_DUMP,B,3,1
P001180,Bhanwari Purohit,Bhanwari,Purohit,,F,1999-12-13,26,rajasthani,Odisha,Malkangiri,Chitrakonda,LOC000111,,COMPLAINANT,,,,8,0.0,,,0,0,,NIC-6FRRC6DNV,TOWER_DUMP,B,2,1
P001181,Shahnaz Khan,Shahnaz,Khan,,F,1973-03-09,53,muslim,Manipur,Churachandpur,Tuibong,LOC000117,,PUBLIC_SERVANT,,,,5,0.0,,,0,0,,NIC-PUJ2GGHFD,CHARGESHEET,C,4,1
P001182,Jhunu Rout,Jhunu,Rout,,F,1998-04-27,28,odia,Odisha,Malkangiri,Chitrakonda,LOC000111,,WITNESS,,,,2,0.0,,,0,0,,NIC-EPW0H6ND3,CHARGESHEET,C,3,1
P001183,Shobha Poojary,Shobha,Poojary,,F,1976-03-12,50,kannada,Jharkhand,Ranchi,Hatia,LOC000045,,COMPLAINANT,,,,9,0.0,,,0,0,,NIC-5IAVVS8K7,IPDR,E,3,1
P001184,Mallesh Mudiraj,Mallesh,Mudiraj,,M,1998-12-18,27,telugu,Chhattisgarh,Bijapur,Bhairamgarh,LOC000123,,WITNESS,,,,4,0.0,,,0,0,,NIC-2TYASLP3G,IPDR,C,5,1
P001185,Peter Lobo,Peter,Lobo,,M,1989-03-16,37,christian,Tamil Nadu,Chennai,Vyasarpadi,LOC000093,,WITNESS,,,,5,0.0,,,0,0,,NIC-8DRWJL121,INFORMANT_TIP,E,3,1
P001186,Balaraju Mudiraj,Balaraju,Mudiraj,,M,1977-06-17,49,telugu,Madhya Pradesh,Khargone,Sanawad,LOC000079,,WITNESS,,,,4,0.0,,,0,0,,NIC-2SEPRAHIN,INTELLIGENCE_REPORT,F,5,1
P001187,Bhagaban Pradhan,Bhagaban,Pradhan,,M,1997-04-09,29,odia,Chhattisgarh,Raipur,Birgaon,LOC000122,,PUBLIC_SERVANT,,,,6,0.0,,,0,0,,NIC-P7BHJR7SS,IPDR,C,2,1
P001188,Nasreen Malik,Nasreen,Malik,,F,1985-03-23,41,muslim,Tamil Nadu,Tirunelveli,Palayamkottai,LOC000097,,COMPLAINANT,,,,2,0.0,,,0,0,,NIC-PD3B0VQ7B,CRIMINAL_HISTORY_DB,E,1,1
P001189,Jaswant Brar,Jaswant,Brar,,M,1973-08-22,52,punjabi,Haryana,Nuh,Punhana,LOC000060,,PUBLIC_SERVANT,,,,2,0.0,,,0,0,,NIC-5E80KST3W,INTELLIGENCE_REPORT,A,1,1
P001190,Ramkali Bhadauria,Ramkali,Bhadauria,,F,1994-03-18,32,hindi_belt,Maharashtra,Navi Mumbai,Vashi,LOC000008,,VICTIM,,,,7,0.0,,,0,0,,NIC-8DZ0EUTW6,CRIMINAL_HISTORY_DB,C,2,1
P001191,Imran Chaudhary,Imran,Chaudhary,,M,2000-09-22,25,muslim,Maharashtra,Mumbai,Kurla,LOC000003,,PUBLIC_SERVANT,,,,8,0.0,,,0,0,,NIC-LVIEK78Y1,INFORMANT_TIP,A,5,1
P001192,Kavya Nallamothu,Kavya,Nallamothu,,F,1994-09-06,31,telugu,Gujarat,Surat,Varachha,LOC000072,,PUBLIC_SERVANT,,,,11,0.0,,,0,0,,NIC-8S2CVJCPF,SEIZURE_MEMO,B,3,1
P001193,Palash Das,Palash,Das,,M,1970-01-07,56,bengali,West Bengal,Kolkata,Rajabazar,LOC000048,,WITNESS,,,,6,0.0,,,0,0,,NIC-Y71SI248Y,BANK_STATEMENT,B,3,1
P001194,Arif Saifi,Arif,Saifi,,M,1975-03-01,51,muslim,Andhra Pradesh,Visakhapatnam,Gajuwaka,LOC000088,,COMPLAINANT,,,,8,0.0,,,0,0,,NIC-429OR2FA0,BANK_STATEMENT,C,2,1
P001195,Malathi Annadurai,Malathi,Annadurai,,F,1987-03-07,39,tamil,Haryana,Sonipat,Gohana,LOC000062,,COMPLAINANT,,,,10,0.0,,,0,0,,NIC-I25CDQVNV,TOWER_DUMP,B,3,1
P001196,Jagabandhu Dash,Jagabandhu,Dash,,M,1970-09-12,55,odia,Jammu and Kashmir,Srinagar,Maisuma,LOC000120,,WITNESS,,,,12,0.0,,,0,0,,NIC-2BTKQCJVV,CRIMINAL_HISTORY_DB,B,2,1
P001197,Bheru Kumawat,Bheru,Kumawat,,M,1978-02-04,48,rajasthani,Jammu and Kashmir,Srinagar,Maisuma,LOC000120,,ASSOCIATE_CIVILIAN,,,,6,0.0,,,0,0,,NIC-498EX0SZ3,SURVEILLANCE_REPORT,C,4,1
P001198,Iqbal Hussain,Iqbal,Hussain,,M,2002-07-16,23,muslim,Odisha,Malkangiri,Chitrakonda,LOC000111,,VICTIM,,,,11,0.0,,,0,0,,NIC-ONLLEKS8V,CRIMINAL_HISTORY_DB,C,5,1
P001199,Sunil Chauhan,Sunil,Chauhan,,M,1980-10-27,45,hindi_belt,Chhattisgarh,Bijapur,Bhairamgarh,LOC000123,,COMPLAINANT,,,,9,0.0,,,0,0,,NIC-RK0RC50B9,INFORMANT_TIP,B,1,1
P001200,Rajwinder Bains,Rajwinder,Bains,,F,1967-04-24,59,punjabi,Odisha,Bhubaneswar,Nayapalli,LOC000109,,ASSOCIATE_CIVILIAN,,,,8,0.0,,,0,0,,NIC-5FYJ8OPW1,TOWER_DUMP,C,2,1
P001201,Kanta Rathore,Kanta,Rathore,,F,1973-04-15,53,rajasthani,Bihar,Muzaffarpur,Mithanpura,LOC000037,,VICTIM,,,,4,0.0,,,0,0,,NIC-MUZ3BI25K,TOWER_DUMP,D,1,1
P001202,Swapnil Kamble,Swapnil,Kamble,,M,1982-08-11,43,marathi,Uttarakhand,Haridwar,Jwalapur,LOC000125,,COMPLAINANT,,,,9,0.0,,,0,0,,NIC-VXXBVUPYI,INFORMANT_TIP,C,1,1
P001203,Nirmal Das,Nirmal,Das,,M,1999-06-06,27,bengali,Assam,Guwahati,Paltan Bazaar,LOC000113,,VICTIM,,,,11,0.0,,,0,0,,NIC-UIXJD376K,PASSPORT_IMMIGRATION,D,2,1
P001204,Kumaraswamy Hegde,Kumaraswamy,Hegde,,M,1991-05-23,35,kannada,Gujarat,Kutch,Mundra,LOC000073,,PUBLIC_SERVANT,,,,4,0.0,,,0,0,,NIC-UJDNCI4YQ,IPDR,B,3,1
P001205,Vijay Thakur,Vijay,Thakur,,M,1971-12-03,54,hindi_belt,Telangana,Hyderabad,Kukatpally,LOC000084,,WITNESS,,,,12,0.0,,,0,0,,NIC-KSSALM1OS,SEIZURE_MEMO,D,4,1
P001206,Mukesh Thakur,Mukesh,Thakur,,M,1983-12-27,42,hindi_belt,Assam,Guwahati,Paltan Bazaar,LOC000113,,COMPLAINANT,,,,10,0.0,,,0,0,,NIC-KW4UDBS4Q,CDR,A,5,1
P001207,Sunita Verma,Sunita,Verma,,F,1965-02-07,61,hindi_belt,Assam,Karimganj,Sutarkandi,LOC000115,,WITNESS,,,,12,0.0,,,0,0,,NIC-TOQ6X4EMN,INFORMANT_TIP,D,3,1
P001208,Hanumanthappa Hegde,Hanumanthappa,Hegde,,M,1975-05-27,51,kannada,West Bengal,Murshidabad,Jalangi,LOC000050,,PUBLIC_SERVANT,,,,2,0.0,,,0,0,,NIC-HHJBKFN6F,SURVEILLANCE_REPORT,A,2,1
P001209,Saroja Naidu,Saroja,Naidu,,F,2001-09-23,24,telugu,Assam,Karimganj,Sutarkandi,LOC000115,,COMPLAINANT,,,,1,0.0,,,0,0,,NIC-Y0TXKMHGC,TOWER_DUMP,A,3,1
P001210,Nilesh More,Nilesh,More,,M,1974-07-21,51,marathi,Karnataka,Bengaluru,Yeshwanthpur,LOC000100,,VICTIM,,,,6,0.0,,,0,0,,NIC-5DTE4FAN9,INFORMANT_TIP,A,1,1
P001211,Mangi Rathore,Mangi,Rathore,,F,1973-03-01,53,rajasthani,Bihar,Munger,Kasim Bazaar,LOC000036,,COMPLAINANT,,,,12,0.0,,,0,0,,NIC-PRQX1B5EQ,TOWER_DUMP,B,2,1
P001212,Malkiat Bajwa,Malkiat,Bajwa,,M,1969-04-03,57,punjabi,Telangana,Warangal,Hanamkonda,LOC000086,,ASSOCIATE_CIVILIAN,,,,6,0.0,,,0,0,,NIC-NHZBM56EF,SEIZURE_MEMO,F,3,1
P001213,Sandeep Baghel,Sandeep,Baghel,,M,1996-10-13,29,hindi_belt,Maharashtra,Mumbai,Bhendi Bazaar,LOC000004,,ASSOCIATE_CIVILIAN,,,,12,0.0,,,0,0,,NIC-ND1Z3BAWR,INTELLIGENCE_REPORT,E,4,1
P001214,Mangesh Salunkhe,Mangesh,Salunkhe,,M,1989-01-01,37,marathi,Punjab,Bathinda,Rampura Phul,LOC000059,,COMPLAINANT,,,,7,0.0,,,0,0,,NIC-GU7AB5ERD,TOWER_DUMP,B,2,1
P001215,Nirmala Jaiswal,Nirmala,Jaiswal,,F,1978-05-23,48,hindi_belt,Assam,Dhubri,Golakganj,LOC000114,,VICTIM,,,,8,0.0,,,0,0,,NIC-79MKP3VA5,BANK_STATEMENT,A,4,1
P001216,Gautam Gayen,Gautam,Gayen,,M,1977-06-11,49,bengali,Madhya Pradesh,Jabalpur,Gorakhpur,LOC000082,,COMPLAINANT,,,,1,0.0,,,0,0,,NIC-NH0BNT7KP,INTELLIGENCE_REPORT,B,3,1
P001217,Navneet Sandhu,Navneet,Sandhu,,F,1994-01-02,32,punjabi,Jharkhand,Deoghar,Sarwan,LOC000043,,VICTIM,,,,4,0.0,,,0,0,,NIC-P0Q2X7T00,PASSPORT_IMMIGRATION,B,2,1
P001218,Rajwinder Toor,Rajwinder,Toor,,F,1962-07-08,63,punjabi,Uttar Pradesh,Meerut,Lisari Gate,LOC000025,,VICTIM,,,,1,0.0,,,0,0,,NIC-3VWK24ZCH,SOCIAL_MEDIA_INTEL,B,2,1
P001219,Arun Rajput,Arun,Rajput,,M,1988-03-18,38,hindi_belt,Uttar Pradesh,Varanasi,Chetganj,LOC000028,,PUBLIC_SERVANT,,,,1,0.0,,,0,0,,NIC-TNYEE08YH,CDR,B,5,1
P001220,Nagaratna Kamath,Nagaratna,Kamath,,F,1981-06-11,45,kannada,Maharashtra,Aurangabad,Cidco,LOC000013,,ASSOCIATE_CIVILIAN,,,,11,0.0,,,0,0,,NIC-RYWQLZ6PY,TOWER_DUMP,D,5,1
P001221,Rodney Almeida,Rodney,Almeida,,M,1961-04-10,65,christian,Uttar Pradesh,Noida,Sector 63,LOC000027,,COMPLAINANT,,,,12,0.0,,,0,0,,NIC-RURVW01BA,SURVEILLANCE_REPORT,F,4,1
P001222,Prasanna Behera,Prasanna,Behera,,M,1974-09-13,51,odia,Kerala,Malappuram,Tirur,LOC000105,,COMPLAINANT,,,,12,0.0,,,0,0,,NIC-4RIG2NY7O,TOWER_DUMP,B,4,1
P001223,Balaraju Reddy,Balaraju,Reddy,,M,1976-01-25,50,telugu,Manipur,Imphal,Moreh,LOC000116,,ASSOCIATE_CIVILIAN,,,,11,0.0,,,0,0,,NIC-F0XC8HEM0,PASSPORT_IMMIGRATION,C,2,1
P001224,Bhagwati Bhati,Bhagwati,Bhati,,F,1995-05-07,31,rajasthani,Jammu and Kashmir,Baramulla,Uri,LOC000121,,WITNESS,,,,11,0.0,,,0,0,,NIC-43CA0L5VV,CHARGESHEET,A,4,1
P001225,Reshma Idrisi,Reshma,Idrisi,,F,1978-03-27,48,muslim,Manipur,Churachandpur,Tuibong,LOC000117,,WITNESS,,,,1,0.0,,,0,0,,NIC-4W1I4VK6A,FIR,A,5,1
P001226,Lalthanga Debbarma,Lalthanga,Debbarma,,M,1977-05-15,49,northeast,Karnataka,Bengaluru,Yeshwanthpur,LOC000100,,ASSOCIATE_CIVILIAN,,,,9,0.0,,,0,0,,NIC-SULOUH0N9,SURVEILLANCE_REPORT,D,2,1
P001227,Tapan Ghosh,Tapan,Ghosh,,M,1988-01-15,38,bengali,Delhi,New Delhi,Seelampur,LOC000016,,ASSOCIATE_CIVILIAN,,,,8,0.0,,,0,0,,NIC-GISV2ZEPC,SOCIAL_MEDIA_INTEL,D,4,1
P001228,Yasmin Pathan,Yasmin,Pathan,,F,1980-12-12,45,muslim,Jammu and Kashmir,Srinagar,Maisuma,LOC000120,,WITNESS,,,,12,0.0,,,0,0,,NIC-J8MN4K84W,INTELLIGENCE_REPORT,C,3,1
P001229,Poongodi Muthusamy,Poongodi,Muthusamy,,F,1977-11-15,48,tamil,Madhya Pradesh,Gwalior,Morar,LOC000080,,WITNESS,,,,11,0.0,,,0,0,,NIC-4GFV79IE7,IPDR,E,3,1
P001230,Lakshmi Mudiraj,Lakshmi,Mudiraj,,F,1967-07-04,58,telugu,Manipur,Imphal,Moreh,LOC000116,,PUBLIC_SERVANT,,,,1,0.0,,,0,0,,NIC-TZQQYFG6P,FIR,D,2,1
P001231,Rambabu Pandey,Rambabu,Pandey,,M,1971-04-16,55,hindi_belt,Chhattisgarh,Bijapur,Bhairamgarh,LOC000123,,VICTIM,,,,11,0.0,,,0,0,,NIC-4S953AD49,TOWER_DUMP,D,3,1
P001232,Sunil Verma,Sunil,Verma,,M,1995-03-25,31,hindi_belt,Jammu and Kashmir,Srinagar,Maisuma,LOC000120,,COMPLAINANT,,,,2,0.0,,,0,0,,NIC-Z4D0Z0BJ8,INTELLIGENCE_REPORT,B,3,1
P001233,Techi Jamir,Techi,Jamir,,M,1979-07-25,46,northeast,Uttar Pradesh,Gorakhpur,Rajghat,LOC000029,,WITNESS,,,,10,0.0,,,0,0,,NIC-7IGAAM4AB,IPDR,A,2,1
P001234,Kuldeep Awasthi,Kuldeep,Awasthi,,M,1997-04-06,29,hindi_belt,Uttarakhand,Haridwar,Jwalapur,LOC000125,,PUBLIC_SERVANT,,,,0,0.0,,,0,0,,NIC-5C6PR6RJ1,IPDR,C,3,1
P001235,Deepa Jacob,Deepa,Jacob,,F,1978-11-09,47,malayali,Delhi,New Delhi,Paharganj,LOC000022,,VICTIM,,,,12,0.0,,,0,0,,NIC-VZU2I14ZX,SEIZURE_MEMO,B,4,1
P001236,Gopal Chakraborty,Gopal,Chakraborty,,M,1996-06-01,30,bengali,Kerala,Thrissur,Chavakkad,LOC000107,,COMPLAINANT,,,,12,0.0,,,0,0,,NIC-CMTVIJDL1,BANK_STATEMENT,B,6,1
P001237,Devendra Sengar,Devendra,Sengar,,M,1970-06-15,56,hindi_belt,Rajasthan,Jaipur,Chomu,LOC000067,,WITNESS,,,,3,0.0,,,0,0,,NIC-PAC3QCYOV,CDR,B,2,1
P001238,Nazia Malik,Nazia,Malik,,F,1981-12-18,44,muslim,Bihar,Munger,Kasim Bazaar,LOC000036,,ASSOCIATE_CIVILIAN,,,,3,0.0,,,0,0,,NIC-4BDWNZ0NM,BANK_STATEMENT,B,2,1
P001239,Yogendra Bhadauria,Yogendra,Bhadauria,,M,1993-04-15,33,hindi_belt,Andhra Pradesh,Vijayawada,Gunadala,LOC000089,,PUBLIC_SERVANT,,,,2,0.0,,,0,0,,NIC-O5LLVNGCO,PASSPORT_IMMIGRATION,B,2,1
P001240,Gurpreet Dhaliwal,Gurpreet,Dhaliwal,,M,1969-11-07,56,punjabi,Uttarakhand,Haridwar,Jwalapur,LOC000125,,ASSOCIATE_CIVILIAN,,,,4,0.0,,,0,0,,NIC-CN2ARMMOM,SEIZURE_MEMO,A,3,1
P001241,Gautam Naskar,Gautam,Naskar,,M,1968-06-21,58,bengali,Jammu and Kashmir,Srinagar,Maisuma,LOC000120,,VICTIM,,,,7,0.0,,,0,0,,NIC-9AR3O2G7X,PASSPORT_IMMIGRATION,E,3,1
P001242,Bhaskar Shinde,Bhaskar,Shinde,,M,1978-06-23,48,marathi,Jammu and Kashmir,Baramulla,Uri,LOC000121,,COMPLAINANT,,,,5,0.0,,,0,0,,NIC-TTJGX58O3,INFORMANT_TIP,C,2,1
P001243,Rajni Pandey,Rajni,Pandey,,F,1993-09-12,32,hindi_belt,Jammu and Kashmir,Baramulla,Uri,LOC000121,,ASSOCIATE_CIVILIAN,,,,9,0.0,,,0,0,,NIC-NQI79NCO3,INFORMANT_TIP,E,2,1
P001244,Velu Pillai,Velu,Pillai,,M,1983-01-08,43,tamil,Uttar Pradesh,Jaunpur,Line Bazaar,LOC000034,,PUBLIC_SERVANT,,,,2,0.0,,,0,0,,NIC-G6X0WXFBI,CRIMINAL_HISTORY_DB,A,2,1
P001245,Nirmal Sidhu,Nirmal,Sidhu,,M,1974-05-16,52,punjabi,Andhra Pradesh,Kurnool,Nandyal,LOC000091,,COMPLAINANT,,,,6,0.0,,,0,0,,NIC-4FT81PJ9W,CHARGESHEET,C,4,1
P001246,Sabitri Majumdar,Sabitri,Majumdar,,F,1969-02-11,57,bengali,Andhra Pradesh,Vijayawada,Gunadala,LOC000089,,WITNESS,,,,5,0.0,,,0,0,,NIC-ZP2SN0OQV,INFORMANT_TIP,B,2,1
P001247,Wasim Malik,Wasim,Malik,,M,2001-06-07,25,muslim,Tamil Nadu,Trichy,Srirangam,LOC000098,,ASSOCIATE_CIVILIAN,,,,1,0.0,,,0,0,,NIC-4D65NCDJF,FIR,C,3,1
P001248,Basanti Jena,Basanti,Jena,,F,1982-12-13,43,odia,Chhattisgarh,Raipur,Birgaon,LOC000122,,VICTIM,,,,10,0.0,,,0,0,,NIC-3NLKNS62R,INFORMANT_TIP,B,6,1
P001249,Ganesh Pawar,Ganesh,Pawar,,M,1979-09-17,46,marathi,Goa,North Goa,Anjuna,LOC000118,,WITNESS,,,,6,0.0,,,0,0,,NIC-ZB2NJ0TT2,PASSPORT_IMMIGRATION,D,4,1
P001250,Yogendra Shukla,Yogendra,Shukla,,M,1965-08-14,60,hindi_belt,Telangana,Hyderabad,Chandrayangutta,LOC000085,,VICTIM,,,,12,0.0,,,0,0,,NIC-DBM5G0SX9,CDR,A,2,1
P001251,Reshma Farooqui,Reshma,Farooqui,,F,1991-04-23,35,muslim,Gujarat,Kutch,Mundra,LOC000073,,COMPLAINANT,,,,3,0.0,,,0,0,,NIC-829DUI6BV,INTELLIGENCE_REPORT,B,5,1
P001252,Prakash Nagar,Prakash,Nagar,,M,1965-10-17,60,hindi_belt,Karnataka,Kalaburagi,Afzalpur,LOC000102,,WITNESS,,,,12,0.0,,,0,0,,NIC-86P2RPQWC,INFORMANT_TIP,D,3,1
P001253,Mousumi Ghosh,Mousumi,Ghosh,,F,1962-09-19,63,bengali,Jharkhand,Deoghar,Sarwan,LOC000043,,COMPLAINANT,,,,10,0.0,,,0,0,,NIC-YRZKQOTOW,SOCIAL_MEDIA_INTEL,C,3,1
P001254,Lekhraj Kashyap,Lekhraj,Kashyap,,M,1975-09-15,50,hindi_belt,Andhra Pradesh,Visakhapatnam,Gajuwaka,LOC000088,,WITNESS,,,,1,0.0,,,0,0,,NIC-A78CNVT0S,INTELLIGENCE_REPORT,B,5,1
P001255,Arun Kushwaha,Arun,Kushwaha,,M,1987-12-19,38,hindi_belt,Rajasthan,Bharatpur,Kaman,LOC000068,,WITNESS,,,,1,0.0,,,0,0,,NIC-F1FLLHVCP,CHARGESHEET,C,3,1
P001256,Alwyn Noronha,Alwyn,Noronha,,M,2000-10-21,25,christian,Odisha,Bhubaneswar,Nayapalli,LOC000109,,WITNESS,,,,0,0.0,,,0,0,,NIC-CTHU7ONNX,BANK_STATEMENT,D,2,1
P001257,Vaishnavi Bhoir,Vaishnavi,Bhoir,,F,1960-01-06,66,marathi,Madhya Pradesh,Khargone,Sanawad,LOC000079,,COMPLAINANT,,,,9,0.0,,,0,0,,NIC-V4M7AGBEL,SOCIAL_MEDIA_INTEL,D,4,1
P001258,Subhas Ghosh,Subhas,Ghosh,,M,1998-05-20,28,bengali,Andhra Pradesh,Visakhapatnam,Gajuwaka,LOC000088,,COMPLAINANT,,,,9,0.0,,,0,0,,NIC-HMZXCWVHG,SEIZURE_MEMO,D,4,1
P001259,Sajitha Pillai,Sajitha,Pillai,,F,2002-08-03,23,malayali,Odisha,Ganjam,Berhampur,LOC000112,,COMPLAINANT,,,,7,0.0,,,0,0,,NIC-A8ATJNK9X,FIR,B,5,1
P001260,Madhuri Salunkhe,Madhuri,Salunkhe,,F,1964-04-09,62,marathi,Punjab,Tarn Taran,Khalra,LOC000055,,VICTIM,,,,9,0.0,,,0,0,,NIC-WKICQCDN4,SEIZURE_MEMO,A,5,1
P001261,Sabitri Adhikari,Sabitri,Adhikari,,F,1960-07-13,65,bengali,Rajasthan,Alwar,Ramgarh,LOC000069,,COMPLAINANT,,,,1,0.0,,,0,0,,NIC-EL0ICODYX,CDR,B,3,1
P001262,Rajesh Thakur,Rajesh,Thakur,,M,1994-02-04,32,hindi_belt,Jammu and Kashmir,Srinagar,Maisuma,LOC000120,,COMPLAINANT,,,,10,0.0,,,0,0,,NIC-IOOMDLUW6,PASSPORT_IMMIGRATION,B,3,1
P001263,Priyanka Chavan,Priyanka,Chavan,,F,1998-07-18,27,marathi,Chhattisgarh,Bijapur,Bhairamgarh,LOC000123,,COMPLAINANT,,,,10,0.0,,,0,0,,NIC-6GBYGZ9DS,CRIMINAL_HISTORY_DB,A,1,1
P001264,Karni Rathore,Karni,Rathore,,M,1985-05-25,41,rajasthani,Odisha,Bhubaneswar,Nayapalli,LOC000109,,WITNESS,,,,1,0.0,,,0,0,,NIC-9AQQ0C8E5,CDR,B,4,1
P001265,Jitendra Rathore,Jitendra,Rathore,,M,1982-01-27,44,hindi_belt,Rajasthan,Alwar,Ramgarh,LOC000069,,WITNESS,,,,6,0.0,,,0,0,,NIC-AV6C0I3QV,INTELLIGENCE_REPORT,B,3,1
P001266,Sekar Pandian,Sekar,Pandian,,M,1969-10-09,56,tamil,Kerala,Kozhikode,Nadakkavu,LOC000106,,WITNESS,,,,1,0.0,,,0,0,,NIC-TJBSW321L,CRIMINAL_HISTORY_DB,D,3,1
P001267,Reshma Zaidi,Reshma,Zaidi,,F,1982-04-02,44,muslim,Uttar Pradesh,Bareilly,Baradari,LOC000032,,VICTIM,,,,1,0.0,,,0,0,,NIC-ZS5I7ZH4S,SEIZURE_MEMO,C,4,1
P001268,Deepa Warrier,Deepa,Warrier,,F,1984-02-04,42,malayali,Goa,South Goa,Vasco,LOC000119,,ASSOCIATE_CIVILIAN,,,,12,0.0,,,0,0,,NIC-YYI8Z1AMT,INFORMANT_TIP,C,2,1
P001269,Hanumanthappa Chikkanna,Hanumanthappa,Chikkanna,,M,1967-07-12,58,kannada,Jammu and Kashmir,Srinagar,Maisuma,LOC000120,,COMPLAINANT,,,,6,0.0,,,0,0,,NIC-K55SCKEX5,BANK_STATEMENT,B,3,1
P001270,Meena Jaiswal,Meena,Jaiswal,,F,1984-01-01,42,hindi_belt,Jharkhand,Dhanbad,Jharia,LOC000044,,WITNESS,,,,8,0.0,,,0,0,,NIC-U7TYE2LGX,FIR,B,1,1
P001271,Jayan Namboothiri,Jayan,Namboothiri,,M,1967-09-09,58,malayali,Uttar Pradesh,Ghaziabad,Loni,LOC000026,,WITNESS,,,,5,0.0,,,0,0,,NIC-0BVOSJPJI,CHARGESHEET,C,1,1
P001272,Girish Hiremath,Girish,Hiremath,,M,1977-12-21,48,kannada,Haryana,Nuh,Punhana,LOC000060,,PUBLIC_SERVANT,,,,12,0.0,,,0,0,,NIC-ERB856OQM,SEIZURE_MEMO,D,2,1
P001273,Mallesh Naidu,Mallesh,Naidu,,M,1967-07-17,58,telugu,Jharkhand,Jamtara,Karmatanr,LOC000042,,COMPLAINANT,,,,2,0.0,,,0,0,,NIC-OFN57F6GA,FIR,D,3,1
P001274,Yusuf Saifi,Yusuf,Saifi,,M,1973-11-11,52,muslim,Odisha,Ganjam,Berhampur,LOC000112,,COMPLAINANT,,,,5,0.0,,,0,0,,NIC-642SWI0NT,TOWER_DUMP,C,3,1
P001275,Hanuman Jhala,Hanuman,Jhala,,M,1971-03-21,55,rajasthani,Gujarat,Kutch,Mundra,LOC000073,,COMPLAINANT,,,,5,0.0,,,0,0,,NIC-MUHE379L9,FIR,B,6,1
P001276,Arif Pathan,Arif,Pathan,,M,1970-01-09,56,muslim,Odisha,Ganjam,Berhampur,LOC000112,,WITNESS,,,,7,0.0,,,0,0,,NIC-Z41YYC8I8,TOWER_DUMP,E,2,1
P001277,Bhavesh Shah,Bhavesh,Shah,,M,1980-04-03,46,gujarati,Jammu and Kashmir,Baramulla,Uri,LOC000121,,VICTIM,,,,10,0.0,,,0,0,,NIC-NY9XMGXIZ,BANK_STATEMENT,A,3,1
P001278,Imran Hussain,Imran,Hussain,,M,1960-11-27,65,muslim,Rajasthan,Bikaner,Nokha,LOC000066,,ASSOCIATE_CIVILIAN,,,,1,0.0,,,0,0,,NIC-AYFRSWJYT,CRIMINAL_HISTORY_DB,C,2,1
P001279,Netrapal Baghel,Netrapal,Baghel,,M,1967-11-12,58,hindi_belt,Kerala,Kochi,Mattancherry,LOC000104,,PUBLIC_SERVANT,,,,3,0.0,,,0,0,,NIC-OPR2K13BF,FIR,D,3,1
P001280,Rubina Zaidi,Rubina,Zaidi,,F,1994-12-12,31,muslim,Kerala,Kozhikode,Nadakkavu,LOC000106,,PUBLIC_SERVANT,,,,8,0.0,,,0,0,,NIC-0E776F46Z,FIR,E,6,1
P001281,Vidyawati Tiwari,Vidyawati,Tiwari,,F,1976-04-15,50,hindi_belt,Kerala,Kannur,Thalassery,LOC000108,,WITNESS,,,,6,0.0,,,0,0,,NIC-O6I5SCNNH,BANK_STATEMENT,A,2,1
P001282,Nazia Khan,Nazia,Khan,,F,1973-11-04,52,muslim,Gujarat,Porbandar,Kutiyana,LOC000074,,VICTIM,,,,4,0.0,,,0,0,,NIC-7NZ93T345,SOCIAL_MEDIA_INTEL,A,1,1
P001283,Swapnil Naik,Swapnil,Naik,,M,2003-08-13,22,marathi,Maharashtra,Mumbai,Dongri,LOC000001,,PUBLIC_SERVANT,,,,11,0.0,,,0,0,,NIC-IK9JHL8IH,INFORMANT_TIP,D,2,1
P001284,Prashant Mhatre,Prashant,Mhatre,,M,1988-03-14,38,marathi,Assam,Dhubri,Golakganj,LOC000114,,COMPLAINANT,,,,4,0.0,,,0,0,,NIC-NNMATX1KC,INTELLIGENCE_REPORT,B,5,1
P001285,Farida Qureshi,Farida,Qureshi,,F,1976-11-09,49,muslim,West Bengal,Kolkata,Rajabazar,LOC000048,,COMPLAINANT,,,,3,0.0,,,0,0,,NIC-V7R9FH7T1,CRIMINAL_HISTORY_DB,A,5,1
P001286,Poonam Kushwaha,Poonam,Kushwaha,,F,1965-08-25,60,hindi_belt,Assam,Karimganj,Sutarkandi,LOC000115,,VICTIM,,,,11,0.0,,,0,0,,NIC-BT9OYQ7GF,CHARGESHEET,B,2,1
P001287,Tanveer Malik,Tanveer,Malik,,M,1970-02-20,56,muslim,Manipur,Churachandpur,Tuibong,LOC000117,,VICTIM,,,,3,0.0,,,0,0,,NIC-5MGN0MZV5,BANK_STATEMENT,B,2,1
P001288,Chhaya Bose,Chhaya,Bose,,F,1964-04-27,62,bengali,Assam,Dhubri,Golakganj,LOC000114,,COMPLAINANT,,,,12,0.0,,,0,0,,NIC-TF5QEWO9B,TOWER_DUMP,C,4,1
P001289,Ranveer Gurjar,Ranveer,Gurjar,,M,2003-08-13,22,rajasthani,Goa,North Goa,Anjuna,LOC000118,,COMPLAINANT,,,,1,0.0,,,0,0,,NIC-XBCGEFOGV,SOCIAL_MEDIA_INTEL,C,1,1
P001290,Baljit Toor,Baljit,Toor,,F,1964-05-19,62,punjabi,Goa,North Goa,Anjuna,LOC000118,,WITNESS,,,,9,0.0,,,0,0,,NIC-AFA7ZGYQ3,CHARGESHEET,C,2,1
P001291,Hitesh Thakor,Hitesh,Thakor,,M,1993-11-01,32,gujarati,Kerala,Malappuram,Tirur,LOC000105,,COMPLAINANT,,,,6,0.0,,,0,0,,NIC-3Y3OY2LCZ,CDR,A,2,1
P001292,Rachna Mishra,Rachna,Mishra,,F,1992-07-19,33,hindi_belt,Delhi,New Delhi,Nangloi,LOC000020,,VICTIM,,,,9,0.0,,,0,0,,NIC-2KRX4GXX2,INFORMANT_TIP,A,4,1
P001293,Shanti Gupta,Shanti,Gupta,,F,1989-11-16,36,hindi_belt,Chhattisgarh,Raipur,Birgaon,LOC000122,,WITNESS,,,,3,0.0,,,0,0,,NIC-L0A16V069,CHARGESHEET,C,3,1
P001294,Kanta Jhala,Kanta,Jhala,,F,1972-06-17,54,rajasthani,Chhattisgarh,Bijapur,Bhairamgarh,LOC000123,,VICTIM,,,,6,0.0,,,0,0,,NIC-4SNM0RR5D,BANK_STATEMENT,B,1,1
P001295,Gautam Barman,Gautam,Barman,,M,1981-09-15,44,bengali,Andhra Pradesh,Guntur,Mangalagiri,LOC000090,,PUBLIC_SERVANT,,,,10,0.0,,,0,0,,NIC-YYQQ2FWWP,SOCIAL_MEDIA_INTEL,D,5,1
P001296,Elango Naicker,Elango,Naicker,,M,1983-04-15,43,tamil,Maharashtra,Aurangabad,Cidco,LOC000013,,PUBLIC_SERVANT,,,,7,0.0,,,0,0,,NIC-KA9R7ZUOQ,CRIMINAL_HISTORY_DB,D,2,1
P001297,Abdul Mansuri,Abdul,Mansuri,,M,1983-04-18,43,muslim,Odisha,Bhubaneswar,Nayapalli,LOC000109,,WITNESS,,,,3,0.0,,,0,0,,NIC-M8XZMLHP0,INFORMANT_TIP,B,6,1
P001298,Harpreet Toor,Harpreet,Toor,,F,1973-01-26,53,punjabi,Haryana,Hisar,Barwala,LOC000063,,COMPLAINANT,,,,4,0.0,,,0,0,,NIC-FWAYNLQBU,CDR,A,3,1
P001299,Afsana Saifi,Afsana,Saifi,,F,1973-04-10,53,muslim,Jammu and Kashmir,Baramulla,Uri,LOC000121,,PUBLIC_SERVANT,,,,6,0.0,,,0,0,,NIC-3R1RZ1CPN,BANK_STATEMENT,E,2,1
P001300,Rajitha Goud,Rajitha,Goud,,F,1964-01-03,62,telugu,Delhi,New Delhi,Najafgarh,LOC000019,,WITNESS,,,,0,0.0,,,0,0,,NIC-L51C48HUH,INTELLIGENCE_REPORT,B,3,1
P001301,Pandurang Kadam,Pandurang,Kadam,,M,1975-01-14,51,marathi,Odisha,Cuttack,Jagatpur,LOC000110,,ASSOCIATE_CIVILIAN,,,,1,0.0,,,0,0,,NIC-QQNU2XR47,INFORMANT_TIP,B,2,1
P001302,Manoj Marar,Manoj,Marar,,M,1989-01-24,37,malayali,Delhi,New Delhi,Jamia Nagar,LOC000017,,WITNESS,,,,6,0.0,,,0,0,,NIC-74V14D4F8,SEIZURE_MEMO,E,5,1
P001303,Naresh Baghel,Naresh,Baghel,,M,1967-03-07,59,hindi_belt,Punjab,Jalandhar,Nakodar,LOC000058,,VICTIM,,,,7,0.0,,,0,0,,NIC-3QX7TGNP5,INTELLIGENCE_REPORT,E,2,1
P001304,Gurpreet Toor,Gurpreet,Toor,,M,1962-11-26,63,punjabi,Manipur,Imphal,Moreh,LOC000116,,WITNESS,,,,12,0.0,,,0,0,,NIC-ZXHB1RC5C,IPDR,C,4,1
P001305,Anwar Chaudhary,Anwar,Chaudhary,,M,1974-05-17,52,muslim,Punjab,Amritsar,Ajnala,LOC000054,,COMPLAINANT,,,,12,0.0,,,0,0,,NIC-W3N1VSASQ,INFORMANT_TIP,A,2,1
P001306,Rajni Bhardwaj,Rajni,Bhardwaj,,F,2002-07-26,23,hindi_belt,Odisha,Cuttack,Jagatpur,LOC000110,,WITNESS,,,,4,0.0,,,0,0,,NIC-PF157U6RQ,SOCIAL_MEDIA_INTEL,D,3,1
P001307,Biju Nair,Biju,Nair,,M,2000-01-15,26,malayali,Punjab,Tarn Taran,Khalra,LOC000055,,COMPLAINANT,,,,10,0.0,,,0,0,,NIC-X1AVJ1DHX,BANK_STATEMENT,B,5,1
P001308,Chandrabhan Shukla,Chandrabhan,Shukla,,M,1972-04-01,54,hindi_belt,Andhra Pradesh,Kurnool,Nandyal,LOC000091,,PUBLIC_SERVANT,,,,9,0.0,,,0,0,,NIC-KPWZWQAPB,IPDR,C,3,1
P001309,Abdul Pathan,Abdul,Pathan,,M,1973-03-01,53,muslim,Chhattisgarh,Bijapur,Bhairamgarh,LOC000123,,WITNESS,,,,1,0.0,,,0,0,,NIC-JWNF9UABS,BANK_STATEMENT,B,3,1
P001310,Bikramjit Sekhon,Bikramjit,Sekhon,,M,1963-05-17,63,punjabi,Odisha,Cuttack,Jagatpur,LOC000110,,VICTIM,,,,1,0.0,,,0,0,,NIC-CPDWT7S2N,TOWER_DUMP,B,4,1
P001311,Jyotsna Patil,Jyotsna,Patil,,F,1981-11-22,44,marathi,Rajasthan,Barmer,Chohtan,LOC000070,,COMPLAINANT,,,,5,0.0,,,0,0,,NIC-P7GXF8K5J,SEIZURE_MEMO,A,3,1
P001312,Sreenivasan Kurup,Sreenivasan,Kurup,,M,1971-06-12,55,malayali,Odisha,Malkangiri,Chitrakonda,LOC000111,,VICTIM,,,,10,0.0,,,0,0,,NIC-3077FVVCP,FIR,E,1,1
P001313,Kulwant Cheema,Kulwant,Cheema,,M,1992-08-13,33,punjabi,Rajasthan,Barmer,Chohtan,LOC000070,,COMPLAINANT,,,,1,0.0,,,0,0,,NIC-VAS69SHUB,TOWER_DUMP,C,3,1
P001314,Jasbir Singh,Jasbir,Singh,,F,1998-06-12,28,punjabi,Karnataka,Kalaburagi,Afzalpur,LOC000102,,VICTIM,,,,12,0.0,,,0,0,,NIC-WNXV66ED6,PASSPORT_IMMIGRATION,C,3,1
P001315,Laxmi Saini,Laxmi,Saini,,F,1983-10-06,42,rajasthani,Kerala,Kozhikode,Nadakkavu,LOC000106,,COMPLAINANT,,,,5,0.0,,,0,0,,NIC-SHIN62JSP,IPDR,C,3,1
P001316,Shanti Dixit,Shanti,Dixit,,F,1978-09-27,47,hindi_belt,Telangana,Nizamabad,Bodhan,LOC000087,,COMPLAINANT,,,,4,0.0,,,0,0,,NIC-03QG11IMV,PASSPORT_IMMIGRATION,B,4,1
P001317,Rafiq Khan,Rafiq,Khan,,M,1988-07-15,37,muslim,West Bengal,Nadia,Karimpur,LOC000053,,ASSOCIATE_CIVILIAN,,,,4,0.0,,,0,0,,NIC-BYTHJJ5J4,INTELLIGENCE_REPORT,B,4,1
P001318,Paresh Solanki,Paresh,Solanki,,M,2000-01-02,26,gujarati,Bihar,Gaya,Chandauti,LOC000038,,ASSOCIATE_CIVILIAN,,,,5,0.0,,,0,0,,NIC-SXV9PSWWV,CRIMINAL_HISTORY_DB,E,4,1
P001319,Nilesh Kadam,Nilesh,Kadam,,M,1986-07-17,39,marathi,Telangana,Warangal,Hanamkonda,LOC000086,,VICTIM,,,,0,0.0,,,0,0,,NIC-9WATFB60D,SOCIAL_MEDIA_INTEL,B,2,1
P001320,Rafiq Pathan,Rafiq,Pathan,,M,1997-08-19,28,muslim,Uttar Pradesh,Azamgarh,Sarai Mir,LOC000033,,VICTIM,,,,3,0.0,,,0,0,,NIC-OZ9YCPE0C,TOWER_DUMP,C,5,1
P001321,Moumita Das,Moumita,Das,,F,1983-09-07,42,bengali,Delhi,New Delhi,Nangloi,LOC000020,,COMPLAINANT,,,,9,0.0,,,0,0,,NIC-FFGXNLCKZ,SOCIAL_MEDIA_INTEL,A,3,1
P001322,Vasanthi Muthusamy,Vasanthi,Muthusamy,,F,1997-01-06,29,tamil,Haryana,Hisar,Barwala,LOC000063,,ASSOCIATE_CIVILIAN,,,,0,0.0,,,0,0,,NIC-P8927KE98,INFORMANT_TIP,B,2,1
P001323,Rohini Kamble,Rohini,Kamble,,F,1975-12-09,50,marathi,Tamil Nadu,Coimbatore,Ukkadam,LOC000096,,COMPLAINANT,,,,12,0.0,,,0,0,,NIC-IA8OT6FLS,BANK_STATEMENT,C,2,1
P001324,Wasim Ahmed,Wasim,Ahmed,,M,1976-08-21,49,muslim,Rajasthan,Jodhpur,Osian,LOC000065,,VICTIM,,,,8,0.0,,,0,0,,NIC-MK510P2U7,CDR,C,3,1
P001325,Nagaratna Kulkarni,Nagaratna,Kulkarni,,F,1988-11-03,37,kannada,Andhra Pradesh,Alluri Sitharama Raju,Chintapalli,LOC000092,,WITNESS,,,,4,0.0,,,0,0,,NIC-QYNVPFUV1,INTELLIGENCE_REPORT,B,1,1
P001326,Nirmala Rajput,Nirmala,Rajput,,F,1995-10-26,30,hindi_belt,Manipur,Imphal,Moreh,LOC000116,,COMPLAINANT,,,,6,0.0,,,0,0,,NIC-RYY07EH8L,BANK_STATEMENT,C,4,1
P001327,Hanuman Ranawat,Hanuman,Ranawat,,M,1991-03-06,35,rajasthani,Andhra Pradesh,Alluri Sitharama Raju,Chintapalli,LOC000092,,VICTIM,,,,0,0.0,,,0,0,,NIC-O3NO59RDY,SEIZURE_MEMO,C,2,1
P001328,Sanoop Joseph,Sanoop,Joseph,,M,1975-01-09,51,malayali,Kerala,Kannur,Thalassery,LOC000108,,ASSOCIATE_CIVILIAN,,,,12,0.0,,,0,0,,NIC-VUYU2ZX36,INTELLIGENCE_REPORT,C,1,1
P001329,Firoz Shaikh,Firoz,Shaikh,,M,2001-07-09,24,muslim,Jammu and Kashmir,Baramulla,Uri,LOC000121,,VICTIM,,,,10,0.0,,,0,0,,NIC-QQN0OK3CX,INTELLIGENCE_REPORT,A,5,1
P001330,Kumaraswamy Shetty,Kumaraswamy,Shetty,,M,1969-02-22,57,kannada,Delhi,New Delhi,Najafgarh,LOC000019,,WITNESS,,,,8,0.0,,,0,0,,NIC-12Q3GXIDP,CRIMINAL_HISTORY_DB,A,3,1
P001331,Sukumar Pal,Sukumar,Pal,,M,2000-02-08,26,bengali,Tamil Nadu,Madurai,Melur,LOC000095,,ASSOCIATE_CIVILIAN,,,,3,0.0,,,0,0,,NIC-U9UD8FQML,BANK_STATEMENT,C,3,1
P001332,Sumitra Naik,Sumitra,Naik,,F,1963-05-05,63,kannada,Kerala,Kannur,Thalassery,LOC000108,,WITNESS,,,,3,0.0,,,0,0,,NIC-N9GAZC6E5,FIR,A,1,1
P001333,Aparna Sardar,Aparna,Sardar,,F,1999-10-01,26,bengali,Tamil Nadu,Madurai,Melur,LOC000095,,PUBLIC_SERVANT,,,,5,0.0,,,0,0,,NIC-I4BLW1GHS,SURVEILLANCE_REPORT,B,6,1
P001334,Ramesh Tomar,Ramesh,Tomar,,M,1983-02-08,43,hindi_belt,Kerala,Thrissur,Chavakkad,LOC000107,,PUBLIC_SERVANT,,,,0,0.0,,,0,0,,NIC-1EAJIGZ93,SOCIAL_MEDIA_INTEL,B,5,1
P001335,Manoj Srivastava,Manoj,Srivastava,,M,1978-04-03,48,hindi_belt,Jharkhand,Jamtara,Karmatanr,LOC000042,,COMPLAINANT,,,,9,0.0,,,0,0,,NIC-I2SPFL010,CRIMINAL_HISTORY_DB,B,1,1
P001336,Swapnil Gaikwad,Swapnil,Gaikwad,,M,1986-03-09,40,marathi,Odisha,Bhubaneswar,Nayapalli,LOC000109,,COMPLAINANT,,,,7,0.0,,,0,0,,NIC-UVVJ03IDP,INTELLIGENCE_REPORT,C,2,1
P001337,Snehal Shinde,Snehal,Shinde,,F,1995-08-02,30,marathi,Telangana,Warangal,Hanamkonda,LOC000086,,COMPLAINANT,,,,6,0.0,,,0,0,,NIC-AU3EELF7F,INTELLIGENCE_REPORT,B,3,1
P001338,Meena Dubey,Meena,Dubey,,F,1961-11-12,64,hindi_belt,Haryana,Gurugram,Sohna,LOC000061,,COMPLAINANT,,,,4,0.0,,,0,0,,NIC-7SUF0V4D2,INFORMANT_TIP,B,1,1
P001339,Aparna Biswas,Aparna,Biswas,,F,1986-12-17,39,bengali,Andhra Pradesh,Guntur,Mangalagiri,LOC000090,,COMPLAINANT,,,,12,0.0,,,0,0,,NIC-VVHBJCTEE,CRIMINAL_HISTORY_DB,C,3,1
P001340,Farida Mirza,Farida,Mirza,,F,1983-12-08,42,muslim,Gujarat,Porbandar,Kutiyana,LOC000074,,WITNESS,,,,3,0.0,,,0,0,,NIC-0MPAU4XTM,IPDR,C,1,1
P001341,Tapasi Chakraborty,Tapasi,Chakraborty,,F,1988-01-21,38,bengali,Haryana,Hisar,Barwala,LOC000063,,COMPLAINANT,,,,10,0.0,,,0,0,,NIC-JG3AR2DHL,CRIMINAL_HISTORY_DB,C,4,1
P001342,Prakash Patil,Prakash,Patil,,M,1965-08-21,60,kannada,Jammu and Kashmir,Baramulla,Uri,LOC000121,,WITNESS,,,,8,0.0,,,0,0,,NIC-XY7G3Y2XC,CRIMINAL_HISTORY_DB,C,3,1
P001343,Jagabandhu Sahoo,Jagabandhu,Sahoo,,M,1963-11-12,62,odia,Uttarakhand,Dehradun,Clement Town,LOC000124,,VICTIM,,,,11,0.0,,,0,0,,NIC-XFY9MPE5N,INTELLIGENCE_REPORT,B,3,1
P001344,Baljit Sidhu,Baljit,Sidhu,,F,2000-05-12,26,punjabi,Andhra Pradesh,Guntur,Mangalagiri,LOC000090,,COMPLAINANT,,,,2,0.0,,,0,0,,NIC-VMX3B5YXA,INFORMANT_TIP,B,1,1
P001345,Bimal Halder,Bimal,Halder,,M,1988-02-19,38,bengali,Jammu and Kashmir,Srinagar,Maisuma,LOC000120,,COMPLAINANT,,,,10,0.0,,,0,0,,NIC-K0BIYEH91,TOWER_DUMP,D,1,1
P001346,Xavier Coutinho,Xavier,Coutinho,,M,2001-02-19,25,christian,Maharashtra,Pune,Kondhwa,LOC000010,,COMPLAINANT,,,,4,0.0,,,0,0,,NIC-A9E3DDMI5,CHARGESHEET,B,1,1
P001347,Sanoop Kartha,Sanoop,Kartha,,M,1991-01-03,35,malayali,Karnataka,Kalaburagi,Afzalpur,LOC000102,,ASSOCIATE_CIVILIAN,,,,4,0.0,,,0,0,,NIC-3IY6IGGV1,SEIZURE_MEMO,C,3,1
P001348,Nazia Saifi,Nazia,Saifi,,F,1980-10-12,45,muslim,Punjab,Bathinda,Rampura Phul,LOC000059,,WITNESS,,,,6,0.0,,,0,0,,NIC-HKJCWHNXZ,SURVEILLANCE_REPORT,D,3,1
P001349,Jaswant Sarao,Jaswant,Sarao,,M,1982-01-02,44,punjabi,Chhattisgarh,Raipur,Birgaon,LOC000122,,WITNESS,,,,7,0.0,,,0,0,,NIC-WG13R704M,CRIMINAL_HISTORY_DB,C,3,1
P001350,Arindam Adhikari,Arindam,Adhikari,,M,1988-10-08,37,bengali,Gujarat,Porbandar,Kutiyana,LOC000074,,PUBLIC_SERVANT,,,,5,0.0,,,0,0,,NIC-V9TN8PXY4,PASSPORT_IMMIGRATION,A,2,1
P001351,Nilesh Trivedi,Nilesh,Trivedi,,M,2000-10-04,25,gujarati,Rajasthan,Bharatpur,Kaman,LOC000068,,COMPLAINANT,,,,2,0.0,,,0,0,,NIC-Y5HF0MNXP,SEIZURE_MEMO,A,3,1
P001352,Srinivas Prasad,Srinivas,Prasad,,M,1993-03-17,33,telugu,Jammu and Kashmir,Baramulla,Uri,LOC000121,,PUBLIC_SERVANT,,,,12,0.0,,,0,0,,NIC-4XOPVVL1K,FIR,A,3,1
P001353,Kuni Nayak,Kuni,Nayak,,F,1995-03-13,31,odia,Bihar,Munger,Kasim Bazaar,LOC000036,,VICTIM,,,,9,0.0,,,0,0,,NIC-MSXH2OKII,INFORMANT_TIP,B,2,1
P001354,Sachin Salunkhe,Sachin,Salunkhe,,M,2003-12-26,22,marathi,Manipur,Churachandpur,Tuibong,LOC000117,,WITNESS,,,,7,0.0,,,0,0,,NIC-XDUU454F3,SOCIAL_MEDIA_INTEL,B,5,1
P001355,Ajay Kashyap,Ajay,Kashyap,,M,1964-02-23,62,hindi_belt,Haryana,Faridabad,Ballabgarh,LOC000064,,WITNESS,,,,5,0.0,,,0,0,,NIC-5WCJ3KDR6,FIR,C,2,1
P001356,Chandru Bellad,Chandru,Bellad,,M,1976-04-07,50,kannada,West Bengal,North 24 Parganas,Bongaon,LOC000051,,COMPLAINANT,,,,9,0.0,,,0,0,,NIC-G08Y3A78U,CRIMINAL_HISTORY_DB,A,3,1
P001357,Devi Lal Ranawat,Devi Lal,Ranawat,,M,1964-01-10,62,rajasthani,Bihar,Patna,Kadamkuan,LOC000035,,VICTIM,,,,2,0.0,,,0,0,,NIC-54QMWRJHA,CDR,D,4,1
P001358,Ravi Patil,Ravi,Patil,,M,1975-06-15,51,kannada,Jharkhand,Giridih,Bengabad,LOC000046,,VICTIM,,,,5,0.0,,,0,0,,NIC-N7T6EGFU5,FIR,D,2,1
P001359,Sarita Gupta,Sarita,Gupta,,F,1984-03-10,42,hindi_belt,Chhattisgarh,Raipur,Birgaon,LOC000122,,WITNESS,,,,5,0.0,,,0,0,,NIC-US0KALHOV,CHARGESHEET,B,2,1
P001360,Har Prasad Gupta,Har Prasad,Gupta,,M,1965-08-08,60,hindi_belt,Maharashtra,Navi Mumbai,Vashi,LOC000008,,VICTIM,,,,10,0.0,,,0,0,,NIC-SORYYDVQ4,SEIZURE_MEMO,A,3,1
P001361,Suman Bhati,Suman,Bhati,,F,1988-10-25,37,rajasthani,Uttar Pradesh,Lucknow,Aminabad,LOC000023,,WITNESS,,,,5,0.0,,,0,0,,NIC-GZMVIEQFL,FIR,E,1,1
P001362,Tapasi Sen,Tapasi,Sen,,F,1987-05-22,39,bengali,Delhi,New Delhi,Nangloi,LOC000020,,VICTIM,,,,1,0.0,,,0,0,,NIC-7VRHMNM1Z,CRIMINAL_HISTORY_DB,C,1,1
P001363,Peter Menezes,Peter,Menezes,,M,1980-09-04,45,christian,Tamil Nadu,Trichy,Srirangam,LOC000098,,WITNESS,,,,7,0.0,,,0,0,,NIC-GX49KDVLT,INFORMANT_TIP,A,1,1
P001364,Hariom Gupta,Hariom,Gupta,,M,1997-10-09,28,hindi_belt,West Bengal,North 24 Parganas,Bongaon,LOC000051,,WITNESS,,,,8,0.0,,,0,0,,NIC-HSHSAFN6X,CHARGESHEET,C,5,1
P001365,Sujatha Setty,Sujatha,Setty,,F,1960-02-27,66,telugu,Madhya Pradesh,Indore,Rau,LOC000078,,VICTIM,,,,2,0.0,,,0,0,,NIC-BG2TCJD6T,CHARGESHEET,B,3,1
P001366,Sasmita Barik,Sasmita,Barik,,F,1964-12-18,61,odia,Gujarat,Rajkot,Gondal,LOC000075,,WITNESS,,,,2,0.0,,,0,0,,NIC-3LHPY3UG0,SOCIAL_MEDIA_INTEL,E,3,1
P001367,Temjen Basumatary,Temjen,Basumatary,,M,1995-11-01,30,northeast,Jharkhand,Jamtara,Karmatanr,LOC000042,,COMPLAINANT,,,,1,0.0,,,0,0,,NIC-GMD7UINGW,INTELLIGENCE_REPORT,D,3,1
P001368,Kuni Mohanty,Kuni,Mohanty,,F,1968-03-24,58,odia,Uttarakhand,Dehradun,Clement Town,LOC000124,,ASSOCIATE_CIVILIAN,,,,11,0.0,,,0,0,,NIC-QZLZ4FPKA,BANK_STATEMENT,B,5,1
P001369,Pushpalatha Angadi,Pushpalatha,Angadi,,F,1990-07-01,35,kannada,Delhi,New Delhi,Paharganj,LOC000022,,VICTIM,,,,4,0.0,,,0,0,,NIC-IM851Z4TD,TOWER_DUMP,C,4,1
P001370,Chandrakala Bhat,Chandrakala,Bhat,,F,1978-12-02,47,kannada,West Bengal,Nadia,Karimpur,LOC000053,,VICTIM,,,,0,0.0,,,0,0,,NIC-PNCXEB5JS,PASSPORT_IMMIGRATION,B,6,1
P001371,Kavita Prajapati,Kavita,Prajapati,,F,1997-03-16,29,hindi_belt,Chhattisgarh,Raipur,Birgaon,LOC000122,,ASSOCIATE_CIVILIAN,,,,6,0.0,,,0,0,,NIC-O9ULO9G9K,PASSPORT_IMMIGRATION,E,3,1
P001372,Dhanapal Chettiar,Dhanapal,Chettiar,,M,2001-07-17,24,tamil,Karnataka,Ballari,Sandur,LOC000103,,COMPLAINANT,,,,0,0.0,,,0,0,,NIC-4CRLOW3OF,TOWER_DUMP,C,2,1
P001373,Alpesh Barot,Alpesh,Barot,,M,1965-11-07,60,gujarati,West Bengal,Siliguri,Matigara,LOC000052,,WITNESS,,,,5,0.0,,,0,0,,NIC-PT3DWA4A5,IPDR,B,3,1
P001374,Bhagwati Poonia,Bhagwati,Poonia,,F,1972-06-15,54,rajasthani,Goa,South Goa,Vasco,LOC000119,,PUBLIC_SERVANT,,,,6,0.0,,,0,0,,NIC-600IEP8AU,INFORMANT_TIP,B,3,1
P001375,Yellaiah Yadav,Yellaiah,Yadav,,M,1997-06-11,29,telugu,West Bengal,Malda,Kaliachak,LOC000049,,ASSOCIATE_CIVILIAN,,,,1,0.0,,,0,0,,NIC-MMCUEWSG0,SURVEILLANCE_REPORT,C,2,1
P001376,Gurpreet Kang,Gurpreet,Kang,,M,1979-06-04,47,punjabi,Tamil Nadu,Coimbatore,Ukkadam,LOC000096,,ASSOCIATE_CIVILIAN,,,,10,0.0,,,0,0,,NIC-O1OZWAVBQ,CDR,B,3,1
P001377,Rekha Prajapati,Rekha,Prajapati,,F,1992-08-02,33,hindi_belt,Uttarakhand,Haridwar,Jwalapur,LOC000125,,PUBLIC_SERVANT,,,,11,0.0,,,0,0,,NIC-MLN8HI7F2,CDR,D,4,1
P001378,Palanisamy Subramanian,Palanisamy,Subramanian,,M,1988-12-22,37,tamil,Gujarat,Vadodara,Karelibaug,LOC000076,,COMPLAINANT,,,,11,0.0,,,0,0,,NIC-UIHEK2U1P,PASSPORT_IMMIGRATION,D,4,1
P001379,Ajay Chauhan,Ajay,Chauhan,,M,1994-09-13,31,hindi_belt,Bihar,Patna,Kadamkuan,LOC000035,,WITNESS,,,,2,0.0,,,0,0,,NIC-PD1VQBBP8,CDR,C,1,1
P001380,Aslam Sheikh,Aslam,Sheikh,,M,1962-03-03,64,muslim,Chhattisgarh,Raipur,Birgaon,LOC000122,,COMPLAINANT,,,,8,0.0,,,0,0,,NIC-JTEQB8F2C,BANK_STATEMENT,C,6,1
P001381,Ilango Pillai,Ilango,Pillai,,M,1964-05-19,62,tamil,West Bengal,Nadia,Karimpur,LOC000053,,VICTIM,,,,9,0.0,,,0,0,,NIC-4ANIBRMT5,SOCIAL_MEDIA_INTEL,B,2,1
P001382,Kavita Baghel,Kavita,Baghel,,F,1978-07-01,47,hindi_belt,Delhi,New Delhi,Chandni Chowk,LOC000015,,COMPLAINANT,,,,1,0.0,,,0,0,,NIC-ASHMHPVXV,CHARGESHEET,B,2,1
P001383,Debashish Halder,Debashish,Halder,,M,1998-06-14,28,bengali,Chhattisgarh,Raipur,Birgaon,LOC000122,,PUBLIC_SERVANT,,,,12,0.0,,,0,0,,NIC-3IF5YE799,IPDR,C,5,1
P001384,Palash Bose,Palash,Bose,,M,1992-08-15,33,bengali,Uttar Pradesh,Ghaziabad,Loni,LOC000026,,COMPLAINANT,,,,10,0.0,,,0,0,,NIC-EIN8F8O3K,FIR,B,2,1
P001385,Rafiq Rahman,Rafiq,Rahman,,M,1992-02-21,34,muslim,Odisha,Ganjam,Berhampur,LOC000112,,COMPLAINANT,,,,11,0.0,,,0,0,,NIC-3ORH89B5Z,PASSPORT_IMMIGRATION,B,3,1
P001386,Tamilselvi Sundaram,Tamilselvi,Sundaram,,F,1999-04-19,27,tamil,Odisha,Malkangiri,Chitrakonda,LOC000111,,COMPLAINANT,,,,1,0.0,,,0,0,,NIC-8UPZICXRT,INFORMANT_TIP,A,2,1
P001387,Arun Yadav,Arun,Yadav,,M,1993-06-14,33,hindi_belt,Tamil Nadu,Chennai,Kodungaiyur,LOC000094,,ASSOCIATE_CIVILIAN,,,,7,0.0,,,0,0,,NIC-AID3EWM39,SEIZURE_MEMO,B,1,1
P001388,Haroon Rahman,Haroon,Rahman,,M,1977-05-25,49,muslim,Haryana,Sonipat,Gohana,LOC000062,,ASSOCIATE_CIVILIAN,,,,0,0.0,,,0,0,,NIC-27033678K,SEIZURE_MEMO,C,3,1
P001389,Kishan Shekhawat,Kishan,Shekhawat,,M,2003-11-01,22,rajasthani,Karnataka,Bengaluru,Yeshwanthpur,LOC000100,,WITNESS,,,,4,0.0,,,0,0,,NIC-BT5EHLSZG,CHARGESHEET,B,3,1
P001390,Naresh Srivastava,Naresh,Srivastava,,M,1979-09-14,46,hindi_belt,Maharashtra,Nashik,Panchavati,LOC000012,,ASSOCIATE_CIVILIAN,,,,6,0.0,,,0,0,,NIC-4F70QRJ1I,PASSPORT_IMMIGRATION,B,4,1
P001391,Ramkali Prajapati,Ramkali,Prajapati,,F,1967-01-04,59,hindi_belt,Kerala,Kochi,Mattancherry,LOC000104,,PUBLIC_SERVANT,,,,8,0.0,,,0,0,,NIC-33AOPKU3D,CHARGESHEET,B,2,1
P001392,Kamla Thakur,Kamla,Thakur,,F,1993-10-20,32,hindi_belt,Andhra Pradesh,Kurnool,Nandyal,LOC000091,,VICTIM,,,,7,0.0,,,0,0,,NIC-QDNDQO6G3,IPDR,C,4,1
P001393,Swaroopa Vemula,Swaroopa,Vemula,,F,1989-01-10,37,telugu,West Bengal,Malda,Kaliachak,LOC000049,,ASSOCIATE_CIVILIAN,,,,8,0.0,,,0,0,,NIC-HGMDF61SP,BANK_STATEMENT,B,4,1
P001394,Saravanan Gounder,Saravanan,Gounder,,M,1983-10-03,42,tamil,West Bengal,Murshidabad,Jalangi,LOC000050,,VICTIM,,,,7,0.0,,,0,0,,NIC-DBPRP3RMJ,CRIMINAL_HISTORY_DB,D,4,1
P001395,Satish Pandey,Satish,Pandey,,M,1980-02-21,46,hindi_belt,Andhra Pradesh,Vijayawada,Gunadala,LOC000089,,WITNESS,,,,10,0.0,,,0,0,,NIC-JNHEVQGEH,INFORMANT_TIP,D,5,1
P001396,Savita Chauhan,Savita,Chauhan,,F,1973-01-26,53,hindi_belt,Andhra Pradesh,Alluri Sitharama Raju,Chintapalli,LOC000092,,WITNESS,,,,0,0.0,,,0,0,,NIC-XILETQK12,SEIZURE_MEMO,F,2,1
P001397,Bhavesh Thakor,Bhavesh,Thakor,,M,1967-07-04,58,gujarati,Tamil Nadu,Chennai,Vyasarpadi,LOC000093,,ASSOCIATE_CIVILIAN,,,,10,0.0,,,0,0,,NIC-UTRJ0F8RV,CRIMINAL_HISTORY_DB,B,4,1
P001398,Sajid Chaudhary,Sajid,Chaudhary,,M,1983-01-18,43,muslim,Jharkhand,Giridih,Bengabad,LOC000046,,VICTIM,,,,1,0.0,,,0,0,,NIC-RTCLMIMW9,CRIMINAL_HISTORY_DB,C,4,1
P001399,Rachhpal Mann,Rachhpal,Mann,,M,1992-09-01,33,punjabi,Jammu and Kashmir,Srinagar,Maisuma,LOC000120,,COMPLAINANT,,,,5,0.0,,,0,0,,NIC-B5UC56F2N,CRIMINAL_HISTORY_DB,B,4,1
P001400,Sudha Bhadauria,Sudha,Bhadauria,,F,1991-08-09,34,hindi_belt,Kerala,Thrissur,Chavakkad,LOC000107,,WITNESS,,,,4,0.0,,,0,0,,NIC-RYQPCT1SD,FIR,B,2,1
P001401,Aparna Gayen,Aparna,Gayen,,F,2002-08-12,23,bengali,Tamil Nadu,Chennai,Kodungaiyur,LOC000094,,COMPLAINANT,,,,12,0.0,,,0,0,,NIC-XN53O9WSY,FIR,C,1,1
P001402,Falguni Bhatt,Falguni,Bhatt,,F,1972-10-14,53,gujarati,Rajasthan,Jaipur,Chomu,LOC000067,,VICTIM,,,,0,0.0,,,0,0,,NIC-F1DOJQ3B2,INFORMANT_TIP,A,5,1
P001403,Ratheesh Varghese,Ratheesh,Varghese,,M,2003-07-25,22,malayali,Punjab,Amritsar,Ajnala,LOC000054,,VICTIM,,,,0,0.0,,,0,0,,NIC-NIXDOTP67,SOCIAL_MEDIA_INTEL,E,5,1
P001404,Vijaya Setty,Vijaya,Setty,,F,1997-05-19,29,telugu,Uttar Pradesh,Prayagraj,Dhoomanganj,LOC000030,,VICTIM,,,,6,0.0,,,0,0,,NIC-QVTWW36HL,IPDR,C,3,1
P001405,Nagesh Angadi,Nagesh,Angadi,,M,1974-03-05,52,kannada,Bihar,Siwan,Mahadeva,LOC000039,,COMPLAINANT,,,,10,0.0,,,0,0,,NIC-RBKNNZI4Y,CDR,B,5,1
P001406,Mahesh Rathore,Mahesh,Rathore,,M,2002-06-04,24,hindi_belt,Andhra Pradesh,Guntur,Mangalagiri,LOC000090,,PUBLIC_SERVANT,,,,1,0.0,,,0,0,,NIC-K9YO6FHBW,FIR,E,3,1
P001407,Bikash Majumdar,Bikash,Majumdar,,M,2003-11-11,22,bengali,Jammu and Kashmir,Baramulla,Uri,LOC000121,,WITNESS,,,,9,0.0,,,0,0,,NIC-WK7I2054R,BANK_STATEMENT,B,2,1
P001408,Udaiveer Dixit,Udaiveer,Dixit,,M,1968-12-15,57,hindi_belt,Karnataka,Bengaluru,Yeshwanthpur,LOC000100,,COMPLAINANT,,,,8,0.0,,,0,0,,NIC-N0LFWHCAI,INTELLIGENCE_REPORT,A,2,1
P001409,Ashfaq Hussain,Ashfaq,Hussain,,M,1996-11-26,29,muslim,Uttarakhand,Haridwar,Jwalapur,LOC000125,,WITNESS,,,,6,0.0,,,0,0,,NIC-VN5EXW4PH,FIR,B,1,1
P001410,Sanjay Yadav,Sanjay,Yadav,,M,1963-08-20,62,hindi_belt,Chhattisgarh,Bijapur,Bhairamgarh,LOC000123,,COMPLAINANT,,,,3,0.0,,,0,0,,NIC-O32OGI4MR,CDR,C,3,1
P001411,Clara Almeida,Clara,Almeida,,F,1998-11-27,27,christian,Chhattisgarh,Bijapur,Bhairamgarh,LOC000123,,WITNESS,,,,11,0.0,,,0,0,,NIC-B7J08BAD4,BANK_STATEMENT,A,3,1
P001412,Savita Saini,Savita,Saini,,F,1982-03-08,44,hindi_belt,Manipur,Churachandpur,Tuibong,LOC000117,,VICTIM,,,,9,0.0,,,0,0,,NIC-U0CIPNEU7,CHARGESHEET,B,2,1
P001413,Nilesh Deshmukh,Nilesh,Deshmukh,,M,1995-09-18,30,marathi,Punjab,Amritsar,Ajnala,LOC000054,,COMPLAINANT,,,,0,0.0,,,0,0,,NIC-1ASE3VAKR,CDR,E,5,1
P001414,Sujoy Bose,Sujoy,Bose,,M,1980-06-22,46,bengali,Odisha,Ganjam,Berhampur,LOC000112,,WITNESS,,,,8,0.0,,,0,0,,NIC-VAVGTVCS2,BANK_STATEMENT,E,2,1
P001415,Poongodi Muthusamy,Poongodi,Muthusamy,,F,1994-02-10,32,tamil,Madhya Pradesh,Bhopal,Bairagarh,LOC000077,,VICTIM,,,,12,0.0,,,0,0,,NIC-ICTO9RUCQ,INTELLIGENCE_REPORT,A,3,1
P001416,Kannan Pillai,Kannan,Pillai,,M,1966-07-26,59,tamil,Manipur,Churachandpur,Tuibong,LOC000117,,ASSOCIATE_CIVILIAN,,,,11,0.0,,,0,0,,NIC-Y2QC29906,CHARGESHEET,D,5,1
P001417,Bhagaban Mohanty,Bhagaban,Mohanty,,M,1965-01-13,61,odia,Goa,North Goa,Anjuna,LOC000118,,ASSOCIATE_CIVILIAN,,,,10,0.0,,,0,0,,NIC-13J1SF62P,SEIZURE_MEMO,C,3,1
P001418,Dinesh Srivastava,Dinesh,Srivastava,,M,1996-04-27,30,hindi_belt,West Bengal,Malda,Kaliachak,LOC000049,,COMPLAINANT,,,,1,0.0,,,0,0,,NIC-1RW7JQP28,FIR,B,1,1
P001419,Malathi Nadar,Malathi,Nadar,,F,1983-07-26,42,tamil,Odisha,Ganjam,Berhampur,LOC000112,,VICTIM,,,,9,0.0,,,0,0,,NIC-L1IDOK4NV,PASSPORT_IMMIGRATION,B,1,1
P001420,Rupa Halder,Rupa,Halder,,F,1961-09-25,64,bengali,Haryana,Nuh,Punhana,LOC000060,,COMPLAINANT,,,,5,0.0,,,0,0,,NIC-36WHXOJTL,CRIMINAL_HISTORY_DB,D,2,1
P001421,Sukumar Pal,Sukumar,Pal,,M,1973-07-21,52,bengali,Kerala,Kannur,Thalassery,LOC000108,,VICTIM,,,,9,0.0,,,0,0,,NIC-CNBMREPZV,SEIZURE_MEMO,A,3,1
P001422,Sukhdev Kang,Sukhdev,Kang,,M,1961-12-16,64,punjabi,Karnataka,Kalaburagi,Afzalpur,LOC000102,,COMPLAINANT,,,,12,0.0,,,0,0,,NIC-C1CB5RYGR,PASSPORT_IMMIGRATION,B,4,1
P001423,Vidyawati Verma,Vidyawati,Verma,,F,1979-05-07,47,hindi_belt,Chhattisgarh,Bijapur,Bhairamgarh,LOC000123,,WITNESS,,,,6,0.0,,,0,0,,NIC-92FYP631L,CDR,E,4,1
P001424,Nathu Ranawat,Nathu,Ranawat,,M,1987-07-04,38,rajasthani,Telangana,Nizamabad,Bodhan,LOC000087,,COMPLAINANT,,,,8,0.0,,,0,0,,NIC-JS85TERK5,TOWER_DUMP,B,2,1
P001425,Shyamlal Saini,Shyamlal,Saini,,M,1986-04-23,40,hindi_belt,Kerala,Malappuram,Tirur,LOC000105,,VICTIM,,,,4,0.0,,,0,0,,NIC-LFKINO7KH,CRIMINAL_HISTORY_DB,C,1,1
P001426,Falguni Patel,Falguni,Patel,,F,1977-09-09,48,gujarati,Gujarat,Vadodara,Karelibaug,LOC000076,,COMPLAINANT,,,,12,0.0,,,0,0,,NIC-W034EXRH3,SEIZURE_MEMO,C,2,1
P001427,Amol Dalvi,Amol,Dalvi,,M,1985-11-27,40,marathi,Uttar Pradesh,Kanpur,Chakeri,LOC000024,,COMPLAINANT,,,,11,0.0,,,0,0,,NIC-TX2Z52ZX4,CHARGESHEET,B,2,1
P001428,Sheryl Pereira,Sheryl,Pereira,,F,2002-12-11,23,christian,Maharashtra,Pune,Yerwada,LOC000009,,VICTIM,,,,10,0.0,,,0,0,,NIC-I1TVULE5X,FIR,B,3,1
P001429,Arindam Majumdar,Arindam,Majumdar,,M,1983-05-24,43,bengali,Jharkhand,Ranchi,Hatia,LOC000045,,VICTIM,,,,4,0.0,,,0,0,,NIC-JKA1E9XC0,INFORMANT_TIP,A,4,1
P001430,Rajendran Naicker,Rajendran,Naicker,,M,1984-08-05,41,tamil,Delhi,New Delhi,Chandni Chowk,LOC000015,,COMPLAINANT,,,,4,0.0,,,0,0,,NIC-01MCPKFQP,FIR,A,3,1
P001431,Chandra Shekar Reddy,Chandra Shekar,Reddy,,M,1967-09-09,58,telugu,Uttar Pradesh,Kanpur,Chakeri,LOC000024,,COMPLAINANT,,,,10,0.0,,,0,0,,NIC-BZWQ68UV7,IPDR,B,1,1
P001432,Shanti Verma,Shanti,Verma,,F,1986-10-15,39,hindi_belt,Rajasthan,Bikaner,Nokha,LOC000066,,COMPLAINANT,,,,4,0.0,,,0,0,,NIC-W37NUE28M,SEIZURE_MEMO,C,3,1
P001433,Reshma Idrisi,Reshma,Idrisi,,F,1975-11-07,50,muslim,Goa,South Goa,Vasco,LOC000119,,COMPLAINANT,,,,12,0.0,,,0,0,,NIC-8W81QE38J,CRIMINAL_HISTORY_DB,E,2,1
P001434,Triloki Singh,Triloki,Singh,,M,1976-07-20,49,hindi_belt,Tamil Nadu,Chennai,Kodungaiyur,LOC000094,,VICTIM,,,,4,0.0,,,0,0,,NIC-40KMZ8SI1,TOWER_DUMP,D,4,1
P001435,Mangamma Vemula,Mangamma,Vemula,,F,1965-01-05,61,telugu,Goa,North Goa,Anjuna,LOC000118,,PUBLIC_SERVANT,,,,10,0.0,,,0,0,,NIC-5EDUIAM83,BANK_STATEMENT,A,1,1
P001436,Alpesh Shah,Alpesh,Shah,,M,1982-12-26,43,gujarati,Jammu and Kashmir,Baramulla,Uri,LOC000121,,PUBLIC_SERVANT,,,,6,0.0,,,0,0,,NIC-KTR0LJCGZ,CRIMINAL_HISTORY_DB,B,2,1
P001437,Prabhakar Naidu,Prabhakar,Naidu,,M,1978-04-24,48,telugu,Odisha,Cuttack,Jagatpur,LOC000110,,ASSOCIATE_CIVILIAN,,,,2,0.0,,,0,0,,NIC-YIUP8FRAP,FIR,C,2,1
P001438,Mallesh Rao,Mallesh,Rao,,M,1970-01-05,56,telugu,Chhattisgarh,Bijapur,Bhairamgarh,LOC000123,,WITNESS,,,,4,0.0,,,0,0,,NIC-7TMWD5RXA,PASSPORT_IMMIGRATION,E,3,1
P001439,Shabana Farooqui,Shabana,Farooqui,,F,1961-03-09,65,muslim,Jammu and Kashmir,Baramulla,Uri,LOC000121,,VICTIM,,,,4,0.0,,,0,0,,NIC-ATMFBA34G,SEIZURE_MEMO,C,2,1
P001440,Elango Annadurai,Elango,Annadurai,,M,1991-07-12,34,tamil,Kerala,Malappuram,Tirur,LOC000105,,ASSOCIATE_CIVILIAN,,,,5,0.0,,,0,0,,NIC-Q2ZE2I2W4,SURVEILLANCE_REPORT,B,2,1
P001441,Javed Shaikh,Javed,Shaikh,,M,1966-06-22,60,muslim,Tamil Nadu,Coimbatore,Ukkadam,LOC000096,,ASSOCIATE_CIVILIAN,,,,3,0.0,,,0,0,,NIC-NIRL3DIEW,FIR,E,1,1
P001442,Bhavna Barot,Bhavna,Barot,,F,1970-08-20,55,gujarati,Delhi,New Delhi,Sangam Vihar,LOC000021,,PUBLIC_SERVANT,,,,11,0.0,,,0,0,,NIC-8V6LS24MN,CHARGESHEET,D,3,1
P001443,Srinivas Varma,Srinivas,Varma,,M,1998-02-05,28,telugu,Karnataka,Bengaluru,KG Halli,LOC000099,,WITNESS,,,,7,0.0,,,0,0,,NIC-WPXU3FSLF,PASSPORT_IMMIGRATION,C,2,1
P001444,Clara Coutinho,Clara,Coutinho,,F,1998-02-02,28,christian,Jammu and Kashmir,Baramulla,Uri,LOC000121,,PUBLIC_SERVANT,,,,0,0.0,,,0,0,,NIC-RQMZQNZRS,SOCIAL_MEDIA_INTEL,B,1,1
P001445,Jyoti Solanki,Jyoti,Solanki,,F,1960-11-02,65,gujarati,Jharkhand,Deoghar,Sarwan,LOC000043,,ASSOCIATE_CIVILIAN,,,,7,0.0,,,0,0,,NIC-JK2Z6PUK3,TOWER_DUMP,A,3,1
P001446,Jayan Achari,Jayan,Achari,,M,1998-04-07,28,malayali,Bihar,Patna,Kadamkuan,LOC000035,,WITNESS,,,,8,0.0,,,0,0,,NIC-XNCACCD1N,SEIZURE_MEMO,F,2,1
P001447,Tanaji Gaikwad,Tanaji,Gaikwad,,M,1983-09-14,42,marathi,Gujarat,Porbandar,Kutiyana,LOC000074,,COMPLAINANT,,,,1,0.0,,,0,0,,NIC-4K9T3BPSR,PASSPORT_IMMIGRATION,B,2,1
P001448,Reshma Chaudhary,Reshma,Chaudhary,,F,1981-05-24,45,muslim,Gujarat,Ahmedabad,Juhapura,LOC000071,,PUBLIC_SERVANT,,,,6,0.0,,,0,0,,NIC-MVH3U5NUE,TOWER_DUMP,B,4,1
P001449,Swapan Bose,Swapan,Bose,,M,1997-07-11,28,bengali,Uttarakhand,Haridwar,Jwalapur,LOC000125,,VICTIM,,,,12,0.0,,,0,0,,NIC-0ACOO2UJL,INFORMANT_TIP,D,3,1
P001450,Chitra Chettiar,Chitra,Chettiar,,F,1980-02-24,46,tamil,West Bengal,Kolkata,Rajabazar,LOC000048,,COMPLAINANT,,,,4,0.0,,,0,0,,NIC-VW4XM3IO5,INTELLIGENCE_REPORT,B,2,1
P001451,Sindhu Panicker,Sindhu,Panicker,,F,1962-09-03,63,malayali,Goa,South Goa,Vasco,LOC000119,,ASSOCIATE_CIVILIAN,,,,3,0.0,,,0,0,,NIC-5JL9JHBMX,SEIZURE_MEMO,D,2,1
P001452,Preeti Tomar,Preeti,Tomar,,F,1965-12-22,60,hindi_belt,Telangana,Hyderabad,Charminar,LOC000083,,VICTIM,,,,10,0.0,,,0,0,,NIC-TZI9QB31V,SURVEILLANCE_REPORT,C,5,1
P001453,Unnikrishnan Achari,Unnikrishnan,Achari,,M,2003-10-01,22,malayali,Andhra Pradesh,Kurnool,Nandyal,LOC000091,,VICTIM,,,,0,0.0,,,0,0,,NIC-26JTTZ1ZY,INFORMANT_TIP,B,3,1
P001454,Chitra Kurup,Chitra,Kurup,,F,1986-09-06,39,tamil,Punjab,Jalandhar,Nakodar,LOC000058,,VICTIM,,,,10,0.0,,,0,0,,NIC-WB7UVLV1K,INFORMANT_TIP,B,2,1
P001455,Kesar Jhala,Kesar,Jhala,,F,1991-04-21,35,rajasthani,Karnataka,Bengaluru,Yeshwanthpur,LOC000100,,WITNESS,,,,4,0.0,,,0,0,,NIC-08K4DR3LM,PASSPORT_IMMIGRATION,C,2,1
P001456,Hanumanthappa Kamath,Hanumanthappa,Kamath,,M,1982-02-10,44,kannada,Bihar,Patna,Kadamkuan,LOC000035,,VICTIM,,,,9,0.0,,,0,0,,NIC-YF8DY6ZK6,TOWER_DUMP,B,3,1
P001457,Nepal Biswas,Nepal,Biswas,,M,1998-05-01,28,bengali,Rajasthan,Jaipur,Chomu,LOC000067,,WITNESS,,,,12,0.0,,,0,0,,NIC-PXF71U0FO,SEIZURE_MEMO,B,1,1
P001458,Sanjib Sarkar,Sanjib,Sarkar,,M,1994-01-04,32,bengali,Assam,Guwahati,Paltan Bazaar,LOC000113,,ASSOCIATE_CIVILIAN,,,,6,0.0,,,0,0,,NIC-MR40EIN55,INFORMANT_TIP,E,2,1
P001459,Sujatha Yadav,Sujatha,Yadav,,F,1984-04-04,42,telugu,Maharashtra,Mumbai,Dharavi,LOC000002,,PUBLIC_SERVANT,,,,8,0.0,,,0,0,,NIC-XLBAJPGXJ,SURVEILLANCE_REPORT,A,2,1
P001460,Nilesh Jadhav,Nilesh,Jadhav,,M,1997-09-06,28,marathi,Gujarat,Ahmedabad,Juhapura,LOC000071,,WITNESS,,,,1,0.0,,,0,0,,NIC-K5CLPH914,BANK_STATEMENT,A,1,1
P001461,Chandra Shekar Choudary,Chandra Shekar,Choudary,,M,1991-11-11,34,telugu,Chhattisgarh,Bijapur,Bhairamgarh,LOC000123,,VICTIM,,,,6,0.0,,,0,0,,NIC-AAAGF3YVN,PASSPORT_IMMIGRATION,A,2,1
P001462,Shyamlal Awasthi,Shyamlal,Awasthi,,M,1983-02-11,43,hindi_belt,Kerala,Kochi,Mattancherry,LOC000104,,ASSOCIATE_CIVILIAN,,,,4,0.0,,,0,0,,NIC-5T1HH3D92,FIR,A,1,1
P001463,Sudheer Menon,Sudheer,Menon,,M,2002-12-24,23,malayali,Goa,North Goa,Anjuna,LOC000118,,VICTIM,,,,8,0.0,,,0,0,,NIC-A8MSHLNKH,INTELLIGENCE_REPORT,C,1,1
P001464,Sathish Sharma,Sathish,Sharma,,M,1994-04-05,32,telugu,Uttarakhand,Dehradun,Clement Town,LOC000124,,VICTIM,,,,10,0.0,,,0,0,,NIC-WL2YKXJCK,CDR,B,1,1
P001465,Afsana Mirza,Afsana,Mirza,,F,1991-11-01,34,muslim,West Bengal,Murshidabad,Jalangi,LOC000050,,COMPLAINANT,,,,1,0.0,,,0,0,,NIC-FZ26HH138,INTELLIGENCE_REPORT,C,5,1
P001466,Afsana Shaikh,Afsana,Shaikh,,F,1987-08-08,38,muslim,Rajasthan,Bikaner,Nokha,LOC000066,,WITNESS,,,,12,0.0,,,0,0,,NIC-BKKCTF4VN,SEIZURE_MEMO,D,2,1
P001467,Rubina Chaudhary,Rubina,Chaudhary,,F,1963-11-11,62,muslim,Rajasthan,Jodhpur,Osian,LOC000065,,VICTIM,,,,0,0.0,,,0,0,,NIC-2UUA7Q6UK,TOWER_DUMP,B,5,1
P001468,Arun Prajapati,Arun,Prajapati,,M,1991-01-24,35,hindi_belt,Karnataka,Ballari,Sandur,LOC000103,,ASSOCIATE_CIVILIAN,,,,0,0.0,,,0,0,,NIC-9OB2ZRSCV,TOWER_DUMP,B,2,1
P001469,Sandeep Mishra,Sandeep,Mishra,,M,1988-04-24,38,hindi_belt,Karnataka,Ballari,Sandur,LOC000103,,PUBLIC_SERVANT,,,,2,0.0,,,0,0,,NIC-9LBH9PIAX,CDR,A,1,1
P001470,Nadeem Shaikh,Nadeem,Shaikh,,M,1964-10-20,61,muslim,Assam,Guwahati,Paltan Bazaar,LOC000113,,COMPLAINANT,,,,0,0.0,,,0,0,,NIC-XBLTCZUEE,SEIZURE_MEMO,B,3,1
P001471,Sudarshan Swain,Sudarshan,Swain,,M,1977-09-12,48,odia,Delhi,New Delhi,Sangam Vihar,LOC000021,,COMPLAINANT,,,,12,0.0,,,0,0,,NIC-2169ZMFKQ,FIR,B,3,1
P001472,Karthik Mudaliar,Karthik,Mudaliar,,M,1993-02-19,33,tamil,Assam,Karimganj,Sutarkandi,LOC000115,,VICTIM,,,,0,0.0,,,0,0,,NIC-HGRV05Z32,INTELLIGENCE_REPORT,E,3,1
P001473,Shabana Qureshi,Shabana,Qureshi,,F,1996-03-26,30,muslim,Kerala,Kochi,Mattancherry,LOC000104,,COMPLAINANT,,,,1,0.0,,,0,0,,NIC-21TVE43CI,BANK_STATEMENT,C,3,1
P001474,Joseph Almeida,Joseph,Almeida,,M,1988-08-22,37,christian,Odisha,Cuttack,Jagatpur,LOC000110,,VICTIM,,,,2,0.0,,,0,0,,NIC-UMJDWL8R7,INFORMANT_TIP,C,4,1
P001475,Bandana Biswas,Bandana,Biswas,,F,1973-11-24,52,bengali,Goa,North Goa,Anjuna,LOC000118,,VICTIM,,,,5,0.0,,,0,0,,NIC-4BKQBP6Z1,SURVEILLANCE_REPORT,C,4,1
P001476,Sandip Patil,Sandip,Patil,,M,1975-10-18,50,marathi,Chhattisgarh,Bijapur,Bhairamgarh,LOC000123,,ASSOCIATE_CIVILIAN,,,,3,0.0,,,0,0,,NIC-UZWIPE990,SEIZURE_MEMO,B,1,1
P001477,Chhaya Bhattacharya,Chhaya,Bhattacharya,,F,1984-11-06,41,bengali,Gujarat,Ahmedabad,Juhapura,LOC000071,,VICTIM,,,,0,0.0,,,0,0,,NIC-G01MPRDHQ,CHARGESHEET,D,1,1
P001478,Satish Mishra,Satish,Mishra,,M,1985-03-26,41,hindi_belt,Tamil Nadu,Chennai,Kodungaiyur,LOC000094,,WITNESS,,,,8,0.0,,,0,0,,NIC-90LNMX3CS,SOCIAL_MEDIA_INTEL,B,2,1
P001479,Jaswant Sandhu,Jaswant,Sandhu,,M,1969-02-03,57,punjabi,Rajasthan,Jaipur,Chomu,LOC000067,,WITNESS,,,,1,0.0,,,0,0,,NIC-3VQQSV4SK,PASSPORT_IMMIGRATION,D,3,1
P001480,Ibrahim Ahmed,Ibrahim,Ahmed,,M,1992-02-12,34,muslim,Andhra Pradesh,Vijayawada,Gunadala,LOC000089,,VICTIM,,,,1,0.0,,,0,0,,NIC-KHH0R5LQY,SOCIAL_MEDIA_INTEL,A,3,1
P001481,Vaishnavi Gaikwad,Vaishnavi,Gaikwad,,F,1999-10-17,26,marathi,Punjab,Bathinda,Rampura Phul,LOC000059,,COMPLAINANT,,,,7,0.0,,,0,0,,NIC-XHXPAD3UH,SOCIAL_MEDIA_INTEL,B,5,1
P001482,Sujoy Sardar,Sujoy,Sardar,,M,1975-01-11,51,bengali,West Bengal,Siliguri,Matigara,LOC000052,,ASSOCIATE_CIVILIAN,,,,7,0.0,,,0,0,,NIC-9KQUMEB6F,BANK_STATEMENT,B,6,1
P001483,Udaiveer Sengar,Udaiveer,Sengar,,M,1979-04-24,47,hindi_belt,Andhra Pradesh,Vijayawada,Gunadala,LOC000089,,VICTIM,,,,0,0.0,,,0,0,,NIC-ER0A10YHB,INTELLIGENCE_REPORT,D,3,1
P001484,Sukhdev Dhillon,Sukhdev,Dhillon,,M,1993-08-20,32,punjabi,Jharkhand,Jamtara,Karmatanr,LOC000042,,ASSOCIATE_CIVILIAN,,,,11,0.0,,,0,0,,NIC-CYVA1ER2F,CRIMINAL_HISTORY_DB,C,1,1
P001485,Farida Sheikh,Farida,Sheikh,,F,1960-05-25,66,muslim,Tamil Nadu,Chennai,Vyasarpadi,LOC000093,,VICTIM,,,,0,0.0,,,0,0,,NIC-L4K9806OI,CDR,E,1,1
P001486,Netrapal Bhardwaj,Netrapal,Bhardwaj,,M,1983-01-15,43,hindi_belt,Gujarat,Surat,Varachha,LOC000072,,COMPLAINANT,,,,9,0.0,,,0,0,,NIC-ZY26QKCDE,SOCIAL_MEDIA_INTEL,A,4,1
P001487,Amol Mhatre,Amol,Mhatre,,M,1994-07-03,31,marathi,West Bengal,Kolkata,Rajabazar,LOC000048,,ASSOCIATE_CIVILIAN,,,,11,0.0,,,0,0,,NIC-WXK7UR3U4,CHARGESHEET,B,4,1
P001488,Manpreet Bains,Manpreet,Bains,,M,1981-06-16,45,punjabi,Haryana,Nuh,Punhana,LOC000060,,WITNESS,,,,7,0.0,,,0,0,,NIC-48NY21B4T,CHARGESHEET,C,1,1
P001489,Narsimha Prasad,Narsimha,Prasad,,M,1977-04-19,49,telugu,Maharashtra,Aurangabad,Cidco,LOC000013,,WITNESS,,,,0,0.0,,,0,0,,NIC-PV1BI7W90,INFORMANT_TIP,C,2,1
P001490,Renuka Kulkarni,Renuka,Kulkarni,,F,1985-01-16,41,kannada,Chhattisgarh,Bijapur,Bhairamgarh,LOC000123,,PUBLIC_SERVANT,,,,5,0.0,,,0,0,,NIC-FKFDF6SIY,BANK_STATEMENT,C,2,1
P001491,Shabana Siddiqui,Shabana,Siddiqui,,F,1997-05-02,29,muslim,Rajasthan,Jaipur,Chomu,LOC000067,,PUBLIC_SERVANT,,,,8,0.0,,,0,0,,NIC-WOUZXPVKR,SEIZURE_MEMO,B,4,1
P001492,Basanti Dash,Basanti,Dash,,F,1983-06-15,43,odia,Tamil Nadu,Trichy,Srirangam,LOC000098,,PUBLIC_SERVANT,,,,3,0.0,,,0,0,,NIC-5Q9WJVEKK,CRIMINAL_HISTORY_DB,E,3,1
P001493,Nitin Jadhav,Nitin,Jadhav,,M,1980-03-06,46,marathi,Chhattisgarh,Bijapur,Bhairamgarh,LOC000123,,WITNESS,,,,7,0.0,,,0,0,,NIC-LR1UKNZ5Q,SEIZURE_MEMO,D,5,1
P001494,Poonam Sengar,Poonam,Sengar,,F,1977-01-15,49,hindi_belt,Odisha,Malkangiri,Chitrakonda,LOC000111,,ASSOCIATE_CIVILIAN,,,,0,0.0,,,0,0,,NIC-D9QFVFISJ,INTELLIGENCE_REPORT,C,2,1
P001495,Satish Verma,Satish,Verma,,M,2003-10-16,22,hindi_belt,Uttarakhand,Dehradun,Clement Town,LOC000124,,VICTIM,,,,6,0.0,,,0,0,,NIC-PVKS0ETI1,CHARGESHEET,A,2,1
P001496,Poonam Pandey,Poonam,Pandey,,F,1964-02-17,62,hindi_belt,Rajasthan,Bharatpur,Kaman,LOC000068,,COMPLAINANT,,,,9,0.0,,,0,0,,NIC-575M2J7LY,CRIMINAL_HISTORY_DB,F,4,1
P001497,Deepak Singh,Deepak,Singh,,M,1990-02-26,36,hindi_belt,Uttarakhand,Dehradun,Clement Town,LOC000124,,COMPLAINANT,,,,12,0.0,,,0,0,,NIC-YDPMOD6XS,SOCIAL_MEDIA_INTEL,A,3,1
P001498,Selvam Chettiar,Selvam,Chettiar,,M,2000-10-07,25,tamil,Chhattisgarh,Raipur,Birgaon,LOC000122,,ASSOCIATE_CIVILIAN,,,,1,0.0,,,0,0,,NIC-O498DKECP,INTELLIGENCE_REPORT,B,6,1
P001499,Palash Adhikari,Palash,Adhikari,,M,1981-08-13,44,bengali,Haryana,Hisar,Barwala,LOC000063,,COMPLAINANT,,,,4,0.0,,,0,0,,NIC-WWTVDNQ6H,INFORMANT_TIP,B,4,1
P001500,Salim Qureshi,Salim,Qureshi,,M,1984-10-07,41,muslim,Delhi,New Delhi,Jamia Nagar,LOC000017,,COMPLAINANT,,,,9,0.0,,,0,0,,NIC-UXNPD8IMP,SURVEILLANCE_REPORT,C,4,1
P001501,P. Majumdar,P.,Majumdar,,M,1993-07-14,32,bengali,Telangana,Hyderabad,Charminar,LOC000083,,CRIMINAL,FIELD_OPERATIVE,,UNAFFILIATED,51,0.251,AT_LARGE,2017,0,0,P000997,NIC-5MPVHFW7N,FIR,B,1,1
P001502,M. Sisodia,M.,Sisodia,Master,M,1976-12-01,50,rajasthani,Haryana,Hisar,Barwala,LOC000063,,CRIMINAL,CORRUPT_OFFICIAL,ORG000002,SYN-HER,56,0.689,IN_JUDICIAL_CUSTODY,2002,0,0,P000161,NIC-GY0DKKP9H,INFORMANT_TIP,B,3,1
P001503,Netrapal,Netrapal,,,M,1989-03-09,38,hindi_belt,Tamil Nadu,Chennai,Vyasarpadi,LOC000093,,CRIMINAL,MULE,ORG000005,SYN-MIN,39,0.073,IN_JUDICIAL_CUSTODY,2022,0,0,P000399,NIC-VIX6AO52Q,CHARGESHEET,C,4,1
P001504,Shukla Balbir,Shukla,Balbir,Seth,M,1963-02-16,63,hindi_belt,Uttar Pradesh,Lucknow,Aminabad,LOC000023,,CRIMINAL,FIELD_OPERATIVE,ORG000013,SYN-KDN,50,0.292,IN_JUDICIAL_CUSTODY,2022,0,0,P000766,NIC-L0BPXJXKO,CHARGESHEET,A,2,1
P001505,R. Awasthi,R.,Awasthi,Kallu,M,1980-02-23,46,hindi_belt,Manipur,Churachandpur,Tuibong,LOC000117,,CRIMINAL,MULE,,UNAFFILIATED,27,0.066,AT_LARGE,2022,0,0,P000936,NIC-M2KL92XQ2,INFORMANT_TIP,F,4,1
P001506,N. Khan,N.,Khan,Nadeem Bandook,M,1993-02-18,33,muslim,Punjab,Jalandhar,Nakodar,LOC000058,,CRIMINAL,FIELD_OPERATIVE,ORG000002,SYN-HER,35,0.233,IN_JUDICIAL_CUSTODY,2015,0,0,P000143,NIC-2IPPAO26M,FIR,B,3,1
P001507,Balbir,Balbir,,,M,1983-08-06,41,hindi_belt,Bihar,Begusarai,Barauni,LOC000040,,CRIMINAL,FIELD_OPERATIVE,ORG000013,SYN-KDN,46,0.233,AT_LARGE,2013,0,0,P000767,NIC-INKEY6GMX,CRIMINAL_HISTORY_DB,B,2,1
P001508,Pandurang Deshmuk,Pandurang,Deshmuk,Pandurang Chikna,M,2003-04-02,23,marathi,Karnataka,Bengaluru,Yeshwanthpur,LOC000100,,CRIMINAL,FIELD_OPERATIVE,ORG000001,SYN-EXT,42,0.219,IN_JUDICIAL_CUSTODY,2022,0,0,P000050,NIC-TR1F9GNT3,CHARGESHEET,F,2,1
P001509,Khan Altaf,Khan,Altaf,Bandook Altaf,M,1992-10-19,33,muslim,Delhi,New Delhi,Paharganj,LOC000022,,CRIMINAL,LIEUTENANT,ORG000012,SYN-BET,82,0.704,IN_JUDICIAL_CUSTODY,2020,0,0,P000725,NIC-4KS69MJW1,FIR,C,5,1
P001510,Solanki Mitesh,Solanki,Mitesh,,M,1990-05-15,36,gujarati,Odisha,Cuttack,Jagatpur,LOC000110,,CRIMINAL,FIELD_OPERATIVE,,UNAFFILIATED,55,0.261,AT_LARGE,2014,0,0,P000940,NIC-5D44PLNEB,CHARGESHEET,D,2,1
P001511,Nepal,Nepal,,,M,1980-07-21,45,bengali,Bihar,Muzaffarpur,Mithanpura,LOC000037,,CRIMINAL,LIEUTENANT,ORG000009,SYN-FIC,75,0.801,AT_LARGE,1998,0,0,P000580,NIC-V08UWRLQO,INFORMANT_TIP,B,5,1
P001512,Goud Rambabu,Goud,Rambabu,,M,1988-05-06,39,telugu,Manipur,Churachandpur,Tuibong,LOC000117,,CRIMINAL,FIELD_OPERATIVE,ORG000015,SYN-WLD,43,0.228,AT_LARGE,2013,0,0,P000864,NIC-ERPMR8XZD,FIR,C,3,1
P001513,Yadav Rambabu,Yadav,Rambabu,,M,1990-01-25,36,telugu,Tamil Nadu,Chennai,Vyasarpadi,LOC000093,,CRIMINAL,COURIER,,UNAFFILIATED,40,0.169,IN_JUDICIAL_CUSTODY,2023,0,0,P000942,NIC-ESHJDNOSP,FIR,B,3,1
P001514,Pathan Shakeel,Pathan,Shakeel,,M,1981-06-25,45,muslim,Bihar,Begusarai,Barauni,LOC000040,,CRIMINAL,TECH_HANDLER,ORG000013,SYN-KDN,52,0.427,ABSCONDING,2017,0,0,P000799,NIC-ZG5PTY54Z,INFORMANT_TIP,A,2,1
P001515,M. Annadurai,M.,Annadurai,,M,1961-03-09,65,tamil,Karnataka,Mangaluru,Ullal,LOC000101,,CRIMINAL,FIELD_OPERATIVE,ORG000005,SYN-MIN,39,0.258,ABSCONDING,2000,0,0,P000374,NIC-O3VQOCP16,INFORMANT_TIP,C,1,1
P001516,Subramanian Rajendran,Subramanian,Rajendran,,M,1999-01-06,27,tamil,Karnataka,Mangaluru,Ullal,LOC000101,,CRIMINAL,TECH_HANDLER,ORG000005,SYN-MIN,56,0.413,AT_LARGE,2025,0,0,P000401,NIC-S7F82Q4UE,CHARGESHEET,C,2,1
P001517,Rafiq Shaikh,Rafiq,Shaikh,,M,1964-08-13,61,muslim,Jharkhand,Dhanbad,Jharia,LOC000044,,CRIMINAL,LOGISTICS,ORG000007,SYN-ARM,62,0.433,AT_LARGE,1996,0,0,P000514,NIC-5B1N7BT7G,FIR,A,3,1
P001518,Amutha,Amutha,,Amutha Chhota,F,1968-03-01,58,tamil,Tamil Nadu,Chennai,Vyasarpadi,LOC000093,,CRIMINAL,RECRUITER,ORG000010,SYN-GAN,51,0.54,AT_LARGE,2017,0,0,P000627,NIC-62QGWDSUR,FIR,B,3,1
P001519,Menon Manoj,Menon,Manoj,,M,1999-08-01,27,malayali,West Bengal,Siliguri,Matigara,LOC000052,,CRIMINAL,FIELD_OPERATIVE,ORG000004,SYN-HAW,46,0.231,AT_LARGE,2020,0,0,P000291,NIC-LZCW7KQXZ,FIR,B,5,1
P001520,Sasmita,Sasmita,,Tempo Sasmita,F,1968-01-07,58,odia,Tamil Nadu,Trichy,Srirangam,LOC000098,,CRIMINAL,MULE,ORG000010,SYN-GAN,29,0.081,IN_JUDICIAL_CUSTODY,2003,0,0,P000639,NIC-7XM6U3DDE,FIR,E,4,1
P001521,Har Prasad,Har Prasad,,,M,1986-06-14,40,hindi_belt,Madhya Pradesh,Indore,Rau,LOC000078,,CRIMINAL,FIELD_OPERATIVE,ORG000007,SYN-ARM,50,0.217,AT_LARGE,2013,0,0,P000496,NIC-GN7A2CPAX,CHARGESHEET,B,1,1
P001522,P. Rai,P.,Rai,,M,1967-08-13,57,kannada,Haryana,Sonipat,Gohana,LOC000062,,CRIMINAL,FIELD_OPERATIVE,,UNAFFILIATED,58,0.26,UNDER_SURVEILLANCE,2009,0,0,P000972,NIC-IAWJV1NVH,CHARGESHEET,B,2,1
P001523,Bhagaban,Bhagaban,,,M,1998-12-24,26,odia,Maharashtra,Pune,Yerwada,LOC000009,,CRIMINAL,FIELD_OPERATIVE,ORG000010,SYN-GAN,66,0.261,ON_BAIL,2023,0,0,P000657,NIC-4M6UW76WX,FIR,A,4,1
P001524,Saini Netrapal,Saini,Netrapal,,M,2002-09-10,23,hindi_belt,Gujarat,Vadodara,Karelibaug,LOC000076,,CRIMINAL,RECRUITER,ORG000012,SYN-BET,51,0.528,IN_JUDICIAL_CUSTODY,2019,0,0,P000728,NIC-W545OJY4S,CRIMINAL_HISTORY_DB,A,4,1
P001525,D. Vaghela,D.,Vaghela,Kaana,M,1961-03-24,65,gujarati,Karnataka,Bengaluru,KG Halli,LOC000099,,CRIMINAL,MULE,ORG000012,SYN-BET,26,0.087,ON_BAIL,1996,0,0,P000714,NIC-KPSZROQL8,FIR,C,2,1
P001526,A. Saifi,A.,Saifi,,M,1960-10-20,65,muslim,Andhra Pradesh,Vijayawada,Gunadala,LOC000089,,CRIMINAL,FIELD_OPERATIVE,,UNAFFILIATED,38,0.28,DECLARED_PO,2015,0,0,P000970,NIC-8EMOR06EP,CRIMINAL_HISTORY_DB,A,2,1
P001527,Sahoo Sabita,Sahoo,Sabita,,F,1971-01-01,55,odia,Andhra Pradesh,Vijayawada,Gunadala,LOC000089,,CRIMINAL,RECRUITER,ORG000010,SYN-GAN,50,0.479,AT_LARGE,2005,0,0,P000663,NIC-LIYK0S6O1,FIR,A,1,1
P001528,N. Parmar,N.,Parmar,,M,1984-03-11,42,gujarati,Maharashtra,Aurangabad,Cidco,LOC000013,,CRIMINAL,MULE,ORG000004,SYN-HAW,40,0.093,AT_LARGE,2023,0,0,P000324,NIC-UVQV65P3Y,FIR,A,2,1
P001529,Ansari Aslam,Ansari,Aslam,Aslam Kallu,M,1989-03-18,36,muslim,Tamil Nadu,Chennai,Kodungaiyur,LOC000094,,CRIMINAL,MULE,,UNAFFILIATED,18,0.073,AT_LARGE,2019,0,0,P000969,NIC-0CAE1VDXE,INFORMANT_TIP,D,1,1
P001530,Jitendra,Jitendra,,,M,1962-11-21,64,hindi_belt,Maharashtra,Mumbai,Malad,LOC000006,,CRIMINAL,COURIER,ORG000014,SYN-SHK,39,0.193,ABSCONDING,1997,0,0,P000825,NIC-NJET8XON3,FIR,B,2,1
P001531,Sengar Rekha,Sengar,Rekha,Tempo,F,1993-02-13,33,hindi_belt,Jammu and Kashmir,Baramulla,Uri,LOC000121,,CRIMINAL,COURIER,,UNAFFILIATED,54,0.193,AT_LARGE,2016,0,0,P000954,NIC-DLQL5N3VD,FIR,C,2,1
P001532,Tanveer,Tanveer,,Kabootar,M,1983-04-13,42,muslim,Bihar,Muzaffarpur,Mithanpura,LOC000037,,CRIMINAL,MULE,ORG000007,SYN-ARM,32,0.078,ABSCONDING,2002,0,0,P000486,NIC-DGNGPTX5Y,CHARGESHEET,D,3,1
P001533,S. Mudaliar,S.,Mudaliar,,M,1977-08-06,48,tamil,Bihar,Purnia,Khajanchi Hat,LOC000041,,CRIMINAL,MULE,ORG000005,SYN-MIN,20,0.076,IN_JUDICIAL_CUSTODY,2001,0,0,P000373,NIC-ZVITB671A,FIR,B,1,1
P001534,Kurup Anoop,Kurup,Anoop,Baba Anoop,M,1961-03-12,65,malayali,Gujarat,Vadodara,Karelibaug,LOC000076,,CRIMINAL,HAWALA_OPERATOR,ORG000004,SYN-HAW,84,0.934,IN_JUDICIAL_CUSTODY,2019,0,1,P000312,NIC-K4NLWQS4J,FIR,E,3,1
P001535,Sarfaraz Kureshi,Sarfaraz,Kureshi,,M,1973-12-19,52,muslim,Maharashtra,Mumbai,Bhendi Bazaar,LOC000004,,CRIMINAL,FIXER,ORG000001,SYN-EXT,70,0.692,UNDER_SURVEILLANCE,2022,0,0,P000069,NIC-GJOI4R56T,CHARGESHEET,A,2,1
P001536,Gill Nirmal,Gill,Nirmal,,M,1967-01-08,59,punjabi,Delhi,New Delhi,Jamia Nagar,LOC000017,,CRIMINAL,LIEUTENANT,ORG000008,SYN-VEH,74,0.885,DECLARED_PO,2004,0,0,P000561,NIC-6UYO5OZSQ,CRIMINAL_HISTORY_DB,A,3,1
P001537,Shabana,Shabana,,,F,1972-04-25,53,muslim,Bihar,Munger,Kasim Bazaar,LOC000036,,CRIMINAL,FIELD_OPERATIVE,ORG000009,SYN-FIC,57,0.233,AT_LARGE,2013,0,0,P000587,NIC-8SAC5LDJ6,FIR,C,4,1
P001538,Dinesh,Dinesh,,,M,1999-12-07,27,hindi_belt,Assam,Karimganj,Sutarkandi,LOC000115,,CRIMINAL,MULE,ORG000011,SYN-PON,37,0.087,ABSCONDING,2016,0,0,P000687,NIC-PZKIIQ4KG,CRIMINAL_HISTORY_DB,B,2,1
P001539,H. Idrisi,H.,Idrisi,,M,1976-06-13,51,muslim,Uttar Pradesh,Ghaziabad,Loni,LOC000026,,CRIMINAL,FIELD_OPERATIVE,ORG000003,SYN-CYB,49,0.258,DECLARED_PO,2018,0,0,P000210,NIC-OT5D224E6,CHARGESHEET,B,4,1
P001540,Om Prakash Rathod,Om Prakash,Rathod,Om Tinku,M,1992-04-21,34,hindi_belt,Delhi,New Delhi,Chandni Chowk,LOC000015,,CRIMINAL,MULE,ORG000008,SYN-VEH,31,0.089,ABSCONDING,2009,0,0,P000546,NIC-7CJOW62A5,INFORMANT_TIP,B,4,1
P001541,Tandel Swapnil,Tandel,Swapnil,,M,1968-07-21,56,marathi,Karnataka,Ballari,Sandur,LOC000103,,CRIMINAL,FIELD_OPERATIVE,ORG000001,SYN-EXT,41,0.26,IN_JUDICIAL_CUSTODY,2016,0,0,P000017,NIC-WRD1B91HE,CHARGESHEET,B,5,1
P001542,Idrisi Shakeel,Idrisi,Shakeel,,M,1975-08-04,50,muslim,Bihar,Patna,Kadamkuan,LOC000035,,CRIMINAL,FIELD_OPERATIVE,ORG000013,SYN-KDN,41,0.265,AT_LARGE,2017,0,0,P000775,NIC-IJRUB8J0C,FIR,C,4,1
P001543,Ganesh,Ganesh,,,M,1991-04-17,35,marathi,Odisha,Malkangiri,Chitrakonda,LOC000111,,CRIMINAL,FIELD_OPERATIVE,,UNAFFILIATED,47,0.231,DECLARED_PO,2018,0,0,P000968,NIC-H9O6ELSOD,CRIMINAL_HISTORY_DB,C,5,1
P001544,R. Jadhav,R.,Jadhav,,M,1995-11-12,30,marathi,Delhi,New Delhi,Seelampur,LOC000016,,CRIMINAL,SHOOTER,ORG000001,SYN-EXT,79,0.401,DECLARED_PO,2016,0,0,P000030,NIC-PSX1XSGXU,CRIMINAL_HISTORY_DB,C,3,1
P001545,N. Bhoir,N.,Bhoir,,M,1987-09-03,38,marathi,Karnataka,Mangaluru,Ullal,LOC000101,,CRIMINAL,MULE,ORG000012,SYN-BET,39,0.09,UNDER_SURVEILLANCE,2020,0,0,P000755,NIC-JIBO6GUW9,CRIMINAL_HISTORY_DB,A,2,1
P001546,J. Parmar,J.,Parmar,Jignesh Tiger,M,1994-05-21,32,gujarati,Madhya Pradesh,Bhopal,Bairagarh,LOC000077,,CRIMINAL,FIELD_OPERATIVE,,UNAFFILIATED,46,0.221,ON_BAIL,2022,0,0,P000922,NIC-A0IIN0UGS,CHARGESHEET,C,2,1
P001547,Sandeep,Sandeep,,,M,1987-05-12,39,hindi_belt,Punjab,Amritsar,Ajnala,LOC000054,,CRIMINAL,FENCE,ORG000008,SYN-VEH,47,0.298,AT_LARGE,2008,0,0,P000539,NIC-SUY8AD6RF,INFORMANT_TIP,B,3,1
P001548,Udaiveer,Udaiveer,,,M,1988-08-23,36,hindi_belt,Delhi,New Delhi,Seelampur,LOC000016,,CRIMINAL,FIXER,ORG000009,SYN-FIC,56,0.686,IN_JUDICIAL_CUSTODY,2025,0,0,P000607,NIC-Z1SV7Z8TO,CRIMINAL_HISTORY_DB,D,2,1
P001549,Zaidi Shakeel,Zaidi,Shakeel,,M,1981-10-24,44,muslim,Jharkhand,Dhanbad,Jharia,LOC000044,,CRIMINAL,FIELD_OPERATIVE,ORG000003,SYN-CYB,59,0.272,IN_JUDICIAL_CUSTODY,2014,0,0,P000241,NIC-QPR6MTY9O,FIR,D,1,1
P001550,R. Naskar,R.,Naskar,,F,1968-12-17,57,bengali,Uttar Pradesh,Kanpur,Chakeri,LOC000024,,CRIMINAL,FIELD_OPERATIVE,ORG000003,SYN-CYB,52,0.224,UNDER_SURVEILLANCE,1996,0,0,P000277,NIC-YDN011Y9N,CHARGESHEET,B,3,1
P001551,D. Makwana,D.,Makwana,Chacha,M,2000-10-16,25,gujarati,Karnataka,Bengaluru,Yeshwanthpur,LOC000100,,CRIMINAL,FIELD_OPERATIVE,ORG000012,SYN-BET,40,0.257,AT_LARGE,2017,0,0,P000754,NIC-VBXJXUCNI,CHARGESHEET,F,6,1
P001552,Shah Mitesh,Shah,Mitesh,,M,1995-06-16,31,gujarati,Karnataka,Ballari,Sandur,LOC000103,,CRIMINAL,FIELD_OPERATIVE,ORG000012,SYN-BET,49,0.28,UNDER_SURVEILLANCE,2022,0,0,P000752,NIC-G1JD516Y2,CHARGESHEET,C,2,1
P001553,Vipul Chouhan,Vipul,Chouhan,,M,1984-12-12,40,gujarati,Maharashtra,Aurangabad,Cidco,LOC000013,,CRIMINAL,TECH_HANDLER,ORG000004,SYN-HAW,49,0.342,UNDER_SURVEILLANCE,2003,0,0,P000350,NIC-YXFB3D43X,CRIMINAL_HISTORY_DB,A,3,1
P001554,Raja Palanisamy,Raja,Palanisamy,,M,1972-09-20,53,tamil,Uttar Pradesh,Lucknow,Aminabad,LOC000023,,CRIMINAL,MULE,ORG000005,SYN-MIN,27,0.087,EXTRADITION_PENDING,2015,0,0,P000392,NIC-IW3XWPCCW,CHARGESHEET,A,1,1
P001555,Bhagaban,Bhagaban,,,M,1994-03-13,31,odia,Uttarakhand,Dehradun,Clement Town,LOC000124,,CRIMINAL,FIELD_OPERATIVE,,UNAFFILIATED,52,0.293,IN_JUDICIAL_CUSTODY,2013,0,0,P000904,NIC-9MGM1XJZQ,INFORMANT_TIP,C,4,1
P001556,Y. Pandey,Y.,Pandey,,M,1985-08-24,39,hindi_belt,Jharkhand,Ranchi,Hatia,LOC000045,,CRIMINAL,INFORMANT,ORG000007,SYN-ARM,34,0.188,IN_JUDICIAL_CUSTODY,2015,0,0,P000494,NIC-RLS0C7C8V,INFORMANT_TIP,C,4,1
P001557,Ketan,Ketan,,Kaana Ketan,M,1963-03-02,63,gujarati,Kerala,Kozhikode,Nadakkavu,LOC000106,,CRIMINAL,LOGISTICS,ORG000004,SYN-HAW,45,0.415,ABSCONDING,2013,0,0,P000333,NIC-IDPT8FK38,CRIMINAL_HISTORY_DB,A,1,1
P001558,J. Solanki,J.,Solanki,,M,1986-11-27,40,hindi_belt,Madhya Pradesh,Indore,Rau,LOC000078,,CRIMINAL,SHOOTER,ORG000007,SYN-ARM,88,0.323,AT_LARGE,2024,0,0,P000504,NIC-9ZC5CZ6DR,INFORMANT_TIP,A,3,1
P001559,D. Gupta,D.,Gupta,,M,1997-08-12,28,hindi_belt,Bihar,Patna,Kadamkuan,LOC000035,,CRIMINAL,LIEUTENANT,ORG000005,SYN-MIN,80,0.79,IN_JUDICIAL_CUSTODY,2022,0,0,P000384,NIC-IJ0W7BRMW,CRIMINAL_HISTORY_DB,C,4,1
P001560,S. Mudaliar,S.,Mudaliar,Raja,M,1983-02-12,43,tamil,Karnataka,Kalaburagi,Afzalpur,LOC000102,,CRIMINAL,INFORMANT,ORG000005,SYN-MIN,37,0.199,AT_LARGE,2009,0,0,P000403,NIC-KRDRVWAYA,FIR,B,2,1
P001561,Sandhu Rachhpal,Sandhu,Rachhpal,Chikna Rachhpal,M,1989-08-21,36,punjabi,Punjab,Tarn Taran,Khalra,LOC000055,,CRIMINAL,LOGISTICS,ORG000014,SYN-SHK,57,0.514,AT_LARGE,2015,0,0,P000817,NIC-4W7VDRC51,FIR,A,2,1
P001562,Shukla Girdhari,Shukla,Girdhari,,M,1996-09-17,29,hindi_belt,Haryana,Gurugram,Sohna,LOC000061,,CRIMINAL,RECRUITER,ORG000006,SYN-TRF,49,0.475,AT_LARGE,2025,0,0,P000470,NIC-DLIDDJJNF,FIR,E,3,1
P001563,S. Purohit,S.,Purohit,Tinku,M,1993-04-28,33,rajasthani,Maharashtra,Pune,Yerwada,LOC000009,,CRIMINAL,LOGISTICS,ORG000014,SYN-SHK,68,0.482,IN_JUDICIAL_CUSTODY,2020,0,0,P000811,NIC-D7JROFPKN,FIR,C,4,1
P001564,S. Prasad,S.,Prasad,,M,1973-12-07,52,telugu,Andhra Pradesh,Visakhapatnam,Gajuwaka,LOC000088,,CRIMINAL,LIEUTENANT,ORG000010,SYN-GAN,83,0.793,IN_JUDICIAL_CUSTODY,1999,0,0,P000612,NIC-M25EWW18B,CRIMINAL_HISTORY_DB,C,3,1
P001565,J. Dave,J.,Dave,,M,1981-03-25,45,gujarati,Tamil Nadu,Trichy,Srirangam,LOC000098,,CRIMINAL,MULE,ORG000004,SYN-HAW,35,0.077,ABSCONDING,2015,0,0,P000344,NIC-9XOCHJJGP,CHARGESHEET,C,2,1
P001566,G. Pal,G.,Pal,,M,1960-07-19,64,bengali,Delhi,New Delhi,Sangam Vihar,LOC000021,,CRIMINAL,CORRUPT_OFFICIAL,ORG000006,SYN-TRF,59,0.535,UNDER_SURVEILLANCE,2024,0,0,P000459,NIC-MCUHK9VND,FIR,D,5,1
P001567,A. Dhillon,A.,Dhillon,,M,1987-06-01,39,punjabi,Rajasthan,Barmer,Chohtan,LOC000070,,CRIMINAL,MULE,ORG000002,SYN-HER,20,0.082,UNDER_SURVEILLANCE,2013,0,0,P000162,NIC-OH4WKDO15,FIR,B,3,1
P001568,T. Rabari,T.,Rabari,,F,2001-03-26,26,gujarati,Delhi,New Delhi,Jamia Nagar,LOC000017,,CRIMINAL,LOGISTICS,ORG000001,SYN-EXT,56,0.497,EXTRADITION_PENDING,2022,0,0,P000042,NIC-TBW9AJCEZ,CHARGESHEET,D,1,1
P001569,Manikandan,Manikandan,,,M,1994-01-04,32,tamil,Odisha,Bhubaneswar,Nayapalli,LOC000109,,CRIMINAL,MULE,ORG000010,SYN-GAN,30,0.086,UNDER_SURVEILLANCE,2018,0,0,P000654,NIC-C72GFAWTV,CRIMINAL_HISTORY_DB,A,3,1
P001570,V. Kadam,V.,Kadam,,F,1977-03-09,48,marathi,Delhi,New Delhi,Paharganj,LOC000022,,CRIMINAL,FIELD_OPERATIVE,ORG000012,SYN-BET,61,0.226,IN_JUDICIAL_CUSTODY,2023,0,0,P000716,NIC-X4DMQKA00,CRIMINAL_HISTORY_DB,C,1,1
P001571,Baghel Jitendra,Baghel,Jitendra,Chacha Jitendra,M,1969-02-12,57,hindi_belt,Jharkhand,Jamtara,Karmatanr,LOC000042,,CRIMINAL,FIELD_OPERATIVE,ORG000013,SYN-KDN,39,0.278,DECLARED_PO,1996,0,0,P000793,NIC-F0CWSEGQN,CRIMINAL_HISTORY_DB,A,1,1
P001572,Afsana,Afsana,,,F,1975-08-12,50,muslim,Jharkhand,Dhanbad,Jharia,LOC000044,,CRIMINAL,TECH_HANDLER,ORG000003,SYN-CYB,64,0.467,ON_BAIL,2001,0,0,P000248,NIC-EB9GYOCM2,CRIMINAL_HISTORY_DB,A,1,1
P001573,Kushwaha Shanti,Kushwaha,Shanti,,F,1977-06-01,49,hindi_belt,Bihar,Begusarai,Barauni,LOC000040,,CRIMINAL,LIEUTENANT,ORG000009,SYN-FIC,73,0.881,ON_BAIL,2013,0,0,P000579,NIC-OKLFAA14O,CRIMINAL_HISTORY_DB,A,4,1
P001574,Alpesh,Alpesh,,,M,1961-07-08,64,gujarati,Karnataka,Mangaluru,Ullal,LOC000101,,CRIMINAL,FIELD_OPERATIVE,ORG000001,SYN-EXT,35,0.257,ON_BAIL,2020,0,0,P000058,NIC-T3GP5GH1V,CRIMINAL_HISTORY_DB,B,4,1
P001575,Manoj,Manoj,,,M,1998-07-26,27,hindi_belt,West Bengal,Siliguri,Matigara,LOC000052,,CRIMINAL,LIEUTENANT,ORG000007,SYN-ARM,84,0.667,UNDER_SURVEILLANCE,2018,0,0,P000472,NIC-N167K99R6,CHARGESHEET,C,2,1
P001576,P. Singh,P.,Singh,,M,2000-07-11,25,hindi_belt,Maharashtra,Mumbai,Dharavi,LOC000002,,CRIMINAL,LOGISTICS,ORG000007,SYN-ARM,64,0.402,ABSCONDING,2024,0,0,P000474,NIC-6OOUK4VXL,CRIMINAL_HISTORY_DB,A,2,1
P001577,Yumnam,Yumnam,,Pehalwan Yumnam,M,1971-08-14,55,northeast,Delhi,New Delhi,Najafgarh,LOC000019,,CRIMINAL,FENCE,ORG000015,SYN-WLD,55,0.338,DECLARED_PO,2024,0,0,P000875,NIC-86JBD6LSY,FIR,F,3,1
P001578,H. Sekhon,H.,Sekhon,,M,1989-08-26,36,punjabi,Rajasthan,Jodhpur,Osian,LOC000065,,CRIMINAL,LOGISTICS,ORG000002,SYN-HER,63,0.42,IN_JUDICIAL_CUSTODY,2025,0,0,P000120,NIC-UN69DZHT6,FIR,D,5,1
P001579,Prakash,Prakash,,,M,1962-08-20,63,hindi_belt,Telangana,Nizamabad,Bodhan,LOC000087,,CRIMINAL,FIELD_OPERATIVE,ORG000004,SYN-HAW,66,0.235,UNDER_SURVEILLANCE,2012,0,0,P000328,NIC-7ZCR0NM6M,CHARGESHEET,B,1,1
P001580,Devendra,Devendra,,Tempo,M,2002-04-22,24,hindi_belt,Maharashtra,Mumbai,Andheri,LOC000005,UAE,CRIMINAL,FINANCIER,ORG000014,SYN-SHK,68,0.824,ABSCONDING,2020,0,0,P000829,NIC-K0P1ZX6TP,FIR,A,3,1
P001581,Chandra Shekar,Chandra Shekar,,,M,1988-12-10,37,telugu,Tamil Nadu,Trichy,Srirangam,LOC000098,,CRIMINAL,MULE,ORG000010,SYN-GAN,35,0.076,AT_LARGE,2008,0,0,P000617,NIC-UL80CJBXC,CHARGESHEET,C,4,1
P001582,Yadav Balbir,Yadav,Balbir,,M,1984-01-05,41,hindi_belt,Rajasthan,Bharatpur,Kaman,LOC000068,,CRIMINAL,FIELD_OPERATIVE,ORG000005,SYN-MIN,54,0.226,ABSCONDING,2024,0,0,P000383,NIC-32WCEEJ2Y,FIR,C,1,1
P001583,Nathu Chaudhary,Nathu,Chaudhary,Nanha,M,1963-01-05,64,rajasthani,Punjab,Amritsar,Ajnala,LOC000054,,CRIMINAL,HAWALA_OPERATOR,ORG000002,SYN-HER,65,0.752,ON_BAIL,2009,0,0,P000117,NIC-CNY1DQIU4,FIR,C,2,1
P001584,Vaghela Paresh,Vaghela,Paresh,Gullu,M,1971-08-24,54,gujarati,Telangana,Hyderabad,Charminar,LOC000083,,CRIMINAL,MULE,ORG000004,SYN-HAW,27,0.09,UNDER_SURVEILLANCE,2018,0,0,P000315,NIC-7TKRLZFZM,CHARGESHEET,C,2,1
P001585,Shukla Naresh,Shukla,Naresh,,M,1981-05-24,45,hindi_belt,West Bengal,Kolkata,Rajabazar,LOC000048,,CRIMINAL,MULE,ORG000011,SYN-PON,29,0.067,ABSCONDING,1999,0,0,P000675,NIC-SPIGLTU1L,CRIMINAL_HISTORY_DB,A,1,1
P001586,A. Tiwari,A.,Tiwari,,M,1994-02-22,32,hindi_belt,Haryana,Gurugram,Sohna,LOC000061,,CRIMINAL,MULE,ORG000003,SYN-CYB,30,0.087,ON_BAIL,2013,0,0,P000213,NIC-94Z3NJJHZ,CHARGESHEET,B,2,1
P001587,Prajapati Rajesh,Prajapati,Rajesh,Rajesh Kaana,M,1987-05-22,38,hindi_belt,Haryana,Sonipat,Gohana,LOC000062,,CRIMINAL,FIELD_OPERATIVE,ORG000003,SYN-CYB,46,0.205,IN_JUDICIAL_CUSTODY,2017,0,0,P000175,NIC-0T3LC3LI9,FIR,C,2,1
P001588,D. Baghel,D.,Baghel,,M,1965-10-25,59,hindi_belt,West Bengal,Murshidabad,Jalangi,LOC000050,,CRIMINAL,RECRUITER,ORG000003,SYN-CYB,61,0.522,ON_BAIL,1996,0,0,P000284,NIC-0H7D7PK57,CHARGESHEET,C,1,1
P001589,M. Annadurai,M.,Annadurai,,M,1967-09-02,58,tamil,Odisha,Cuttack,Jagatpur,LOC000110,,CRIMINAL,MULE,ORG000010,SYN-GAN,25,0.088,AT_LARGE,2022,0,0,P000635,NIC-R1H0CSOE6,FIR,C,3,1
P001590,Yadav Manju,Yadav,Manju,,F,1987-08-04,38,hindi_belt,Haryana,Faridabad,Ballabgarh,LOC000064,,CRIMINAL,FIELD_OPERATIVE,ORG000008,SYN-VEH,44,0.205,AT_LARGE,2021,0,0,P000552,NIC-ZGNW2TWBU,CHARGESHEET,B,1,1
P001591,Rajendran,Rajendran,,,M,1988-12-11,37,tamil,Madhya Pradesh,Bhind,Mehgaon,LOC000081,,CRIMINAL,MULE,ORG000005,SYN-MIN,31,0.086,ON_BAIL,2008,0,0,P000380,NIC-TCHR6ZLRC,CRIMINAL_HISTORY_DB,E,2,1
P001592,Ahmed Aslam,Ahmed,Aslam,Aslam Tiger,M,1977-07-23,48,muslim,Madhya Pradesh,Jabalpur,Gorakhpur,LOC000082,,CRIMINAL,MULE,ORG000007,SYN-ARM,15,0.09,DECLARED_PO,2024,0,0,P000488,NIC-PIA57ANGZ,FIR,C,1,1
P001593,Shahnawaz,Shahnawaz,,,M,1994-07-21,30,muslim,Karnataka,Bengaluru,KG Halli,LOC000099,,CRIMINAL,MULE,ORG000006,SYN-TRF,26,0.079,ON_BAIL,2011,0,0,P000420,NIC-8G570C3XI,CHARGESHEET,B,3,1
P001594,Swapnil,Swapnil,,,M,1976-08-26,49,marathi,Delhi,New Delhi,Jamia Nagar,LOC000017,,CRIMINAL,LIEUTENANT,ORG000001,SYN-EXT,81,0.754,ON_BAIL,1999,0,0,P000015,NIC-ZYLJ3JTHB,CHARGESHEET,B,2,1
P001595,R. Trivedi,R.,Trivedi,,M,1982-08-20,43,gujarati,Maharashtra,Mumbai,Malad,LOC000006,,CRIMINAL,FIELD_OPERATIVE,ORG000001,SYN-EXT,46,0.269,ON_BAIL,2011,0,0,P000079,NIC-T3WSLHLUZ,CRIMINAL_HISTORY_DB,C,3,1
P001596,Vipin,Vipin,,Vipin Ustad,M,1989-03-08,36,malayali,Maharashtra,Mumbai,Malad,LOC000006,,CRIMINAL,FIELD_OPERATIVE,ORG000004,SYN-HAW,38,0.216,IN_JUDICIAL_CUSTODY,2010,0,0,P000341,NIC-ZGYK3LZOE,CHARGESHEET,A,2,1
P001597,F. Rahman,F.,Rahman,,M,2002-03-18,24,muslim,Delhi,New Delhi,Nangloi,LOC000020,,CRIMINAL,COURIER,ORG000006,SYN-TRF,53,0.15,UNDER_SURVEILLANCE,2025,0,0,P000467,NIC-0RMS6N452,CHARGESHEET,B,3,1
P001598,K. Prajapati,K.,Prajapati,Kalpesh Tempo,M,1998-05-16,28,gujarati,Jammu and Kashmir,Baramulla,Uri,LOC000121,,CRIMINAL,FIELD_OPERATIVE,,UNAFFILIATED,35,0.259,ON_BAIL,2022,0,0,P000998,NIC-O3AFPTZBR,FIR,B,1,1
P001599,Ibrahim Kureshi,Ibrahim,Kureshi,Bandook Ibrahim,M,1999-07-15,25,muslim,Maharashtra,Mumbai,Dongri,LOC000001,,CRIMINAL,COURIER,,UNAFFILIATED,47,0.197,AT_LARGE,2018,0,0,P000915,NIC-4VH3LFTSA,CHARGESHEET,C,1,1
P001600,B. Baghel,B.,Baghel,,M,2001-02-18,25,hindi_belt,Odisha,Bhubaneswar,Nayapalli,LOC000109,,CRIMINAL,FIELD_OPERATIVE,ORG000011,SYN-PON,38,0.23,AT_LARGE,2018,0,0,P000706,NIC-DI7LLUMGN,FIR,A,4,1
P001601,S. Rahman,S.,Rahman,Shakeel Baba,M,1997-04-12,30,muslim,Uttar Pradesh,Ghaziabad,Loni,LOC000026,,CRIMINAL,SHOOTER,ORG000008,SYN-VEH,79,0.339,AT_LARGE,2020,0,0,P000532,NIC-BKA4K3BDM,INFORMANT_TIP,B,2,1
P001602,Ibrahim,Ibrahim,,Doctor Ibrahim,M,1989-05-01,37,muslim,Bihar,Munger,Kasim Bazaar,LOC000036,,CRIMINAL,LIEUTENANT,ORG000006,SYN-TRF,75,0.696,AT_LARGE,2008,0,0,P000426,NIC-XMB0LWQ9P,INFORMANT_TIP,B,2,1
P001603,Mohd. Baig,Mohd.,Baig,,M,1973-08-27,51,muslim,Assam,Guwahati,Paltan Bazaar,LOC000113,,CRIMINAL,RECRUITER,ORG000006,SYN-TRF,51,0.567,AT_LARGE,2020,0,0,P000469,NIC-8FOCLD1LE,FIR,A,3,1
P001604,Ashfaq Shaikh,Ashfaq,Shaikh,,M,2001-12-20,23,muslim,Bihar,Patna,Kadamkuan,LOC000035,,CRIMINAL,FIELD_OPERATIVE,ORG000013,SYN-KDN,66,0.254,ON_BAIL,2022,0,0,P000784,NIC-ID0JLVLA7,INFORMANT_TIP,B,3,1
P001605,Munna,Munna,,,M,1970-08-25,55,hindi_belt,Tamil Nadu,Chennai,Vyasarpadi,LOC000093,,CRIMINAL,COURIER,ORG000004,SYN-HAW,46,0.187,AT_LARGE,2023,0,0,P000336,NIC-VPEMG2GBW,INFORMANT_TIP,C,2,1
P001606,Rajput Om Prakash,Rajput,Om Prakash,Nanha,M,1964-12-21,61,hindi_belt,Tamil Nadu,Chennai,Kodungaiyur,LOC000094,,CRIMINAL,FIELD_OPERATIVE,ORG000004,SYN-HAW,44,0.271,UNDER_SURVEILLANCE,2010,0,0,P000357,NIC-AC0I63QLI,FIR,C,1,1
P001607,M. Khan,M.,Khan,,M,1982-05-04,44,muslim,Rajasthan,Bikaner,Nokha,LOC000066,,CRIMINAL,FIELD_OPERATIVE,ORG000002,SYN-HER,41,0.211,AT_LARGE,2022,0,0,P000113,NIC-89L1J4S9G,CRIMINAL_HISTORY_DB,F,3,1
P001608,Mansuri Iqbal,Mansuri,Iqbal,,M,1977-04-24,50,muslim,Maharashtra,Mumbai,Malad,LOC000006,,CRIMINAL,COURIER,ORG000001,SYN-EXT,50,0.155,ON_BAIL,2006,0,0,P000073,NIC-X313D6GLY,FIR,F,1,1
P001609,P. Rai,P.,Rai,Prakash Chacha,M,1968-09-05,57,kannada,Bihar,Purnia,Khajanchi Hat,LOC000041,,CRIMINAL,LOGISTICS,ORG000005,SYN-MIN,65,0.471,ON_BAIL,1996,0,0,P000358,NIC-8E5VA9EZ7,CHARGESHEET,C,3,1
P001610,Kulwant,Kulwant,,,M,1970-02-13,55,punjabi,Maharashtra,Mumbai,Andheri,LOC000005,,CRIMINAL,HAWALA_OPERATOR,ORG000014,SYN-SHK,67,1.0,AT_LARGE,2019,0,1,P000820,NIC-WCZ9R0104,CHARGESHEET,D,3,1
P001611,Sikha Halder,Sikha,Halder,,M,1961-06-18,65,malayali,Delhi,New Delhi,Karol Bagh,LOC000018,,CRIMINAL,RECRUITER,ORG000004,SYN-HAW,63,0.576,AT_LARGE,2019,0,0,,NIC-DWXIS3J90,SURVEILLANCE_REPORT,B,2,1
P001612,Palanisamy Gounder,Palanisamy,Gounder,,M,1992-06-08,34,muslim,Maharashtra,Thane,Mumbra,LOC000007,,CRIMINAL,FIELD_OPERATIVE,ORG000001,SYN-EXT,59,0.239,IN_JUDICIAL_CUSTODY,2023,0,0,,NIC-BUGVJICS4,CHARGESHEET,D,4,1
P001613,Ganesh Pawar,Ganesh,Pawar,,M,1993-06-25,33,punjabi,Punjab,Ferozepur,Mamdot,LOC000057,,CRIMINAL,COURIER,ORG000002,SYN-HER,48,0.211,UNDER_SURVEILLANCE,2020,0,0,,NIC-GPPR8DOYW,BANK_STATEMENT,A,3,1
P001614,Deepak Sengar,Deepak,Sengar,,M,2002-08-16,23,kannada,Madhya Pradesh,Khargone,Sanawad,LOC000079,,CRIMINAL,FIELD_OPERATIVE,ORG000005,SYN-MIN,60,0.214,ABSCONDING,2023,0,0,,NIC-HS02UP1HL,IPDR,E,3,1
P001615,Rasik Joshi,Rasik,Joshi,,M,1967-02-07,59,muslim,Bihar,Begusarai,Barauni,LOC000040,,CRIMINAL,FIELD_OPERATIVE,ORG000013,SYN-KDN,63,0.269,ABSCONDING,1997,0,0,,NIC-B4K9727A4,BANK_STATEMENT,D,3,1
P001616,Vinod Rajput,Vinod,Rajput,,M,1967-05-25,59,marathi,Karnataka,Ballari,Sandur,LOC000103,,CRIMINAL,RECRUITER,ORG000001,SYN-EXT,56,0.449,ABSCONDING,2006,0,0,,NIC-S5MHIE2L2,CDR,D,5,1
P001617,Jasbir Virk,Jasbir,Virk,,F,1980-07-15,45,hindi_belt,Jharkhand,Ranchi,Hatia,LOC000045,,CRIMINAL,LOGISTICS,ORG000007,SYN-ARM,59,0.431,ON_BAIL,2000,0,0,,NIC-BIUYJZXA1,PASSPORT_IMMIGRATION,D,5,1
P001618,Karamjit Bajwa,Karamjit,Bajwa,,M,1977-03-08,49,odia,Bihar,Purnia,Khajanchi Hat,LOC000041,,CRIMINAL,FIELD_OPERATIVE,ORG000011,SYN-PON,58,0.258,UNDER_SURVEILLANCE,2001,0,0,,NIC-HRLYHSDQ8,INFORMANT_TIP,A,4,1
P001619,Kannan Annadurai,Kannan,Annadurai,,M,1997-09-08,28,hindi_belt,West Bengal,Kolkata,Metiabruz,LOC000047,,CRIMINAL,MULE,,UNAFFILIATED,27,0.078,UNDER_SURVEILLANCE,2018,0,0,,NIC-314HBWI62,IPDR,A,3,1
P001620,Bikram Basumatary,Bikram,Basumatary,,M,1961-08-03,64,gujarati,Maharashtra,Thane,Mumbra,LOC000007,,CRIMINAL,MULE,ORG000001,SYN-EXT,25,0.084,IN_JUDICIAL_CUSTODY,2014,0,0,,NIC-SHZBUK3XF,INTELLIGENCE_REPORT,D,2,1
P001621,Bhavesh Thakor,Bhavesh,Thakor,,M,1986-08-26,39,muslim,Bihar,Begusarai,Barauni,LOC000040,,CRIMINAL,MULE,ORG000003,SYN-CYB,37,0.079,ON_BAIL,2024,0,0,,NIC-192YWOL1A,INFORMANT_TIP,B,3,1
P001622,Jasbir Virk,Jasbir,Virk,,M,1999-08-07,26,marathi,Delhi,New Delhi,Najafgarh,LOC000019,,CRIMINAL,FINANCIER,ORG000001,SYN-EXT,73,0.823,DECLARED_PO,2021,0,0,,NIC-N5U4W9RSH,INFORMANT_TIP,C,2,1
P001623,Sachin Naik,Sachin,Naik,,M,2002-02-22,24,punjabi,Delhi,New Delhi,Sangam Vihar,LOC000021,,CRIMINAL,COURIER,ORG000002,SYN-HER,46,0.175,IN_JUDICIAL_CUSTODY,2021,0,0,,NIC-G6HSHG5MM,PASSPORT_IMMIGRATION,B,3,1
P001624,Dharmesh Makwana,Dharmesh,Makwana,,M,1984-03-12,42,gujarati,Maharashtra,Aurangabad,Cidco,LOC000013,,CRIMINAL,MULE,ORG000004,SYN-HAW,40,0.093,AT_LARGE,2023,0,0,,NIC-89Z4IQA6J,SEIZURE_MEMO,A,2,1
P001625,Bharat Gohil,Bharat,Gohil,,M,1968-09-10,57,marathi,Gujarat,Ahmedabad,Juhapura,LOC000071,,CRIMINAL,FIELD_OPERATIVE,ORG000001,SYN-EXT,49,0.271,ABSCONDING,2024,0,0,,NIC-UUPTJ7O0T,SOCIAL_MEDIA_INTEL,A,5,1
P001626,Rambabu Kumar,Rambabu,Kumar,,M,1982-09-24,43,hindi_belt,Haryana,Sonipat,Gohana,LOC000062,,CRIMINAL,FENCE,ORG000014,SYN-SHK,42,0.333,AT_LARGE,1998,0,0,,NIC-U2QRZXPHZ,FIR,C,4,1
P001627,Basanta Behera,Basanta,Behera,,M,1984-12-25,41,tamil,Andhra Pradesh,Kurnool,Nandyal,LOC000091,,CRIMINAL,LOGISTICS,ORG000015,SYN-WLD,64,0.464,ABSCONDING,2013,0,0,,NIC-O4J9JY9OO,SOCIAL_MEDIA_INTEL,E,3,1
P001628,Vishal Gaikwad,Vishal,Gaikwad,,M,1977-04-09,49,hindi_belt,Haryana,Hisar,Barwala,LOC000063,,CRIMINAL,LOGISTICS,ORG000006,SYN-TRF,60,0.504,UNDER_SURVEILLANCE,2020,0,0,,NIC-XJTVWU2T1,INFORMANT_TIP,B,2,1
P001629,Rajni Awasthi,Rajni,Awasthi,,M,1963-05-10,63,hindi_belt,Delhi,New Delhi,Karol Bagh,LOC000018,,CRIMINAL,FIELD_OPERATIVE,ORG000008,SYN-VEH,40,0.254,AT_LARGE,1997,0,0,,NIC-8T9TGZCT0,CDR,C,2,1
P001630,Balwinder Dhaliwal,Balwinder,Dhaliwal,,M,1964-06-27,62,tamil,Odisha,Ganjam,Berhampur,LOC000112,,CRIMINAL,KINGPIN,ORG000010,SYN-GAN,90,1.134,AT_LARGE,2012,0,0,,NIC-FBJKWBFTM,IPDR,B,4,1
P001631,Rodney Fernandes,Rodney,Fernandes,,M,1985-05-15,41,gujarati,Gujarat,Vadodara,Karelibaug,LOC000076,,CRIMINAL,COURIER,ORG000001,SYN-EXT,32,0.158,AT_LARGE,2018,0,0,,NIC-043NVJUUW,INTELLIGENCE_REPORT,A,2,1
P001632,Manoj Menon,Manoj,Menon,,M,1962-10-18,63,bengali,Bihar,Muzaffarpur,Mithanpura,LOC000037,,CRIMINAL,COURIER,,UNAFFILIATED,55,0.153,ON_BAIL,2005,0,0,,NIC-DE15NCEQ8,CDR,A,1,1
P001633,Bala Gounder,Bala,Gounder,,M,2002-10-20,23,telugu,Maharashtra,Mumbai,Bhendi Bazaar,LOC000004,,CRIMINAL,MULE,ORG000010,SYN-GAN,26,0.089,ABSCONDING,2022,0,0,,NIC-GO3HJRM1W,TOWER_DUMP,B,2,1
P001634,Harpreet Sidhu,Harpreet,Sidhu,,M,1979-10-26,46,bengali,Uttar Pradesh,Varanasi,Chetganj,LOC000028,,CRIMINAL,MULE,ORG000003,SYN-CYB,36,0.086,DECLARED_PO,2013,0,0,,NIC-WFA6ZISDX,TOWER_DUMP,E,1,1
P001635,Sarfaraz Mansuri,Sarfaraz,Mansuri,,M,1969-08-20,56,muslim,Rajasthan,Bharatpur,Kaman,LOC000068,,CRIMINAL,MULE,ORG000012,SYN-BET,34,0.091,ON_BAIL,2022,0,0,,NIC-DLRXNDFLO,CHARGESHEET,C,4,1
P001636,Swapnil Bhoir,Swapnil,Bhoir,,M,1970-11-02,55,punjabi,Rajasthan,Alwar,Ramgarh,LOC000069,UAE,CRIMINAL,FINANCIER,ORG000002,SYN-HER,65,0.638,EXTRADITION_PENDING,2013,0,0,,NIC-RZWZZM7AE,CDR,C,3,1
P001637,Bikram Jamir,Bikram,Jamir,,M,1986-02-17,40,hindi_belt,Uttar Pradesh,Varanasi,Chetganj,LOC000028,,CRIMINAL,FIELD_OPERATIVE,ORG000008,SYN-VEH,58,0.242,IN_JUDICIAL_CUSTODY,2012,0,0,,NIC-BSULFI7GX,CDR,A,2,1
P001638,Swapnil Bhoir,Swapnil,Bhoir,,M,1976-05-19,50,muslim,Jammu and Kashmir,Baramulla,Uri,LOC000121,,CRIMINAL,FIXER,ORG000002,SYN-HER,66,0.798,ABSCONDING,2018,0,1,,NIC-IHO2KGN6Z,PASSPORT_IMMIGRATION,B,3,1
P001639,Firoz Mansuri,Firoz,Mansuri,,M,1976-10-14,49,hindi_belt,Jharkhand,Ranchi,Hatia,LOC000045,,CRIMINAL,FIELD_OPERATIVE,ORG000013,SYN-KDN,48,0.281,AT_LARGE,1997,0,0,,NIC-JLSAQNL0G,CDR,C,3,1
P001640,Shakeel Malik,Shakeel,Malik,,F,1977-02-15,49,muslim,West Bengal,Siliguri,Matigara,LOC000052,,CRIMINAL,LOGISTICS,ORG000007,SYN-ARM,57,0.497,DECLARED_PO,2000,0,0,,NIC-RJXD4POAU,CRIMINAL_HISTORY_DB,D,3,1
P001641,Tanveer Rahman,Tanveer,Rahman,,M,1970-01-18,56,punjabi,Madhya Pradesh,Bhopal,Bairagarh,LOC000077,,CRIMINAL,CORRUPT_OFFICIAL,ORG000014,SYN-SHK,50,0.749,ON_BAIL,1997,0,0,,NIC-KCKLEXTPC,SOCIAL_MEDIA_INTEL,B,3,1
P001642,Sunil Sharma,Sunil,Sharma,,M,1967-09-22,58,punjabi,Rajasthan,Jodhpur,Osian,LOC000065,,CRIMINAL,LOGISTICS,ORG000008,SYN-VEH,53,0.5,ON_BAIL,2016,0,0,,NIC-UP4NM444N,CDR,A,3,1
P001643,Malkiat Virk,Malkiat,Virk,,M,1978-12-26,47,hindi_belt,Maharashtra,Mumbai,Malad,LOC000006,,CRIMINAL,FIELD_OPERATIVE,ORG000007,SYN-ARM,40,0.206,AT_LARGE,2016,0,0,,NIC-0KXQM6R7B,IPDR,B,1,1
P001644,Mallesh Naidu,Mallesh,Naidu,,M,1975-12-14,50,muslim,Delhi,New Delhi,Seelampur,LOC000016,,CRIMINAL,RECRUITER,ORG000012,SYN-BET,49,0.559,UNDER_SURVEILLANCE,1998,0,0,,NIC-G6HCSUDIT,SURVEILLANCE_REPORT,C,2,1
P001645,Rupa Das,Rupa,Das,,M,1991-03-03,35,hindi_belt,Delhi,New Delhi,Seelampur,LOC000016,,CRIMINAL,FENCE,ORG000008,SYN-VEH,62,0.272,AT_LARGE,2009,0,0,,NIC-ZTN8GMBBB,SOCIAL_MEDIA_INTEL,A,2,1
P001646,Gopal Naskar,Gopal,Naskar,,M,1966-03-21,60,bengali,West Bengal,Siliguri,Matigara,LOC000052,,CRIMINAL,FIELD_OPERATIVE,ORG000003,SYN-CYB,58,0.223,ON_BAIL,2007,0,0,,NIC-0AP4VS6KF,SOCIAL_MEDIA_INTEL,B,4,1
P001647,Shahnawaz Ansari,Shahnawaz,Ansari,,M,1966-01-18,60,hindi_belt,Bihar,Munger,Kasim Bazaar,LOC000036,,CRIMINAL,FINANCIER,ORG000006,SYN-TRF,66,0.761,IN_JUDICIAL_CUSTODY,2020,0,0,,NIC-EUUONMTK1,SOCIAL_MEDIA_INTEL,B,5,1
P001648,Gurmeet Bajwa,Gurmeet,Bajwa,,M,2003-09-24,22,kannada,Bihar,Siwan,Mahadeva,LOC000039,,CRIMINAL,MULE,ORG000005,SYN-MIN,37,0.082,ON_BAIL,2019,0,0,,NIC-5IOJTTA5M,CDR,A,1,1
P001649,Imran Qureshi,Imran,Qureshi,,M,1984-06-23,42,marathi,Telangana,Warangal,Hanamkonda,LOC000086,,CRIMINAL,KINGPIN,ORG000012,SYN-BET,94,1.133,ON_BAIL,2013,0,0,,NIC-GIU2NT6KV,CRIMINAL_HISTORY_DB,B,2,1
P001650,Velu Nadar,Velu,Nadar,,M,1965-09-24,60,gujarati,Gujarat,Vadodara,Karelibaug,LOC000076,,CRIMINAL,LOGISTICS,ORG000001,SYN-EXT,56,0.381,IN_JUDICIAL_CUSTODY,2017,0,0,,NIC-ZUBR25OW9,INTELLIGENCE_REPORT,B,3,1
P001651,Ashok Verma,Ashok,Verma,,M,1961-01-13,65,hindi_belt,Assam,Guwahati,Paltan Bazaar,LOC000113,,CRIMINAL,MULE,ORG000011,SYN-PON,30,0.07,AT_LARGE,2008,0,0,,NIC-UANKWAE5N,INTELLIGENCE_REPORT,B,1,1
P001652,Ratheesh Menon,Ratheesh,Menon,,M,1983-06-14,43,muslim,Delhi,New Delhi,Karol Bagh,LOC000018,,CRIMINAL,MULE,ORG000001,SYN-EXT,16,0.066,AT_LARGE,2009,0,0,,NIC-90SJMVOYP,IPDR,C,5,1
P001653,Shanti Dubey,Shanti,Dubey,,F,1990-04-04,36,hindi_belt,Delhi,New Delhi,Seelampur,LOC000016,,CRIMINAL,FIXER,ORG000006,SYN-TRF,72,0.615,ON_BAIL,2021,0,0,,NIC-1H2M3AQ0R,IPDR,C,2,1
P001654,Pradeep Maurya,Pradeep,Maurya,,M,1985-04-13,41,muslim,Gujarat,Kutch,Mundra,LOC000073,,CRIMINAL,LIEUTENANT,ORG000004,SYN-HAW,73,0.695,DECLARED_PO,2006,0,0,,NIC-353EF9P2I,IPDR,D,4,1
P001655,Sarfaraz Chaudhary,Sarfaraz,Chaudhary,,M,1988-10-14,37,bengali,Odisha,Bhubaneswar,Nayapalli,LOC000109,,CRIMINAL,FIELD_OPERATIVE,ORG000011,SYN-PON,49,0.246,IN_JUDICIAL_CUSTODY,2021,0,0,,NIC-GBB8H57WK,BANK_STATEMENT,E,1,1
P001656,Netrapal Saini,Netrapal,Saini,,M,1997-08-17,28,muslim,Rajasthan,Barmer,Chohtan,LOC000070,,CRIMINAL,COURIER,,UNAFFILIATED,46,0.152,ON_BAIL,2024,0,0,,NIC-ASAUSP251,INTELLIGENCE_REPORT,A,2,1
P001657,Girdhari Prajapati,Girdhari,Prajapati,,M,1993-04-26,33,hindi_belt,Bihar,Siwan,Mahadeva,LOC000039,,CRIMINAL,LIEUTENANT,ORG000003,SYN-CYB,80,0.784,IN_JUDICIAL_CUSTODY,2020,0,0,,NIC-F6ZM5U6DX,INTELLIGENCE_REPORT,A,4,1
P001658,Sanjay Nagar,Sanjay,Nagar,,M,1985-05-25,41,tamil,Odisha,Ganjam,Berhampur,LOC000112,,CRIMINAL,LIEUTENANT,ORG000010,SYN-GAN,74,0.813,AT_LARGE,2017,0,0,,NIC-7GX2GJBGV,CHARGESHEET,A,1,1
P001659,Zubair Sheikh,Zubair,Sheikh,,F,1995-11-06,30,punjabi,Delhi,New Delhi,Najafgarh,LOC000019,,CRIMINAL,LOGISTICS,ORG000008,SYN-VEH,68,0.448,ON_BAIL,2021,0,0,,NIC-UX9Z7ZOW0,CHARGESHEET,D,1,1
P001660,Altaf Khan,Altaf,Khan,,M,1977-11-17,48,telugu,Assam,Karimganj,Sutarkandi,LOC000115,,CRIMINAL,FIXER,ORG000015,SYN-WLD,78,0.655,IN_JUDICIAL_CUSTODY,2024,0,0,,NIC-IU7Z6RG0K,SURVEILLANCE_REPORT,C,2,1
P001661,Subhas Naskar,Subhas,Naskar,,M,1970-02-10,56,hindi_belt,West Bengal,Siliguri,Matigara,LOC000052,,CRIMINAL,FIELD_OPERATIVE,ORG000004,SYN-HAW,40,0.208,ON_BAIL,2008,0,0,,NIC-P45GADRAC,CDR,B,4,1
P001662,Mahesh Pandey,Mahesh,Pandey,,M,1985-05-25,41,tamil,Odisha,Ganjam,Berhampur,LOC000112,,CRIMINAL,LIEUTENANT,ORG000010,SYN-GAN,74,0.813,AT_LARGE,2017,0,0,,NIC-7GX2GJBGV,CHARGESHEET,A,1,1
P001663,Saravanan Mudaliar,Saravanan,Mudaliar,,M,1993-01-11,33,muslim,Punjab,Ludhiana,Jamalpur,LOC000056,,CRIMINAL,MULE,ORG000002,SYN-HER,32,0.072,ON_BAIL,2010,0,0,,NIC-DZ26FO1SZ,BANK_STATEMENT,A,1,1
P001664,Abdul Shaikh,Abdul,Shaikh,,M,1963-05-12,63,marathi,Maharashtra,Mumbai,Malad,LOC000006,,CRIMINAL,LIEUTENANT,ORG000001,SYN-EXT,83,0.819,AT_LARGE,2017,0,0,,NIC-LKLFYP5JO,IPDR,C,2,1
P001665,Anwar Qureshi,Anwar,Qureshi,,M,1998-05-01,28,hindi_belt,West Bengal,Murshidabad,Jalangi,LOC000050,,CRIMINAL,FIELD_OPERATIVE,ORG000013,SYN-KDN,44,0.24,DECEASED,2024,0,0,,NIC-C7W6E5QUI,IPDR,B,5,1
P001666,Nirmal Barman,Nirmal,Barman,,M,1991-01-13,35,hindi_belt,Uttar Pradesh,Azamgarh,Sarai Mir,LOC000033,,CRIMINAL,RECRUITER,ORG000008,SYN-VEH,49,0.547,AT_LARGE,2022,0,0,,NIC-F4Q8FFPG3,INTELLIGENCE_REPORT,C,2,1
P001667,Sarfaraz Chaudhary,Sarfaraz,Chaudhary,,M,1960-11-12,65,muslim,Punjab,Amritsar,Ajnala,LOC000054,,CRIMINAL,TECH_HANDLER,ORG000008,SYN-VEH,67,0.328,UNDER_SURVEILLANCE,2015,0,0,,NIC-46MNJV6R7,INTELLIGENCE_REPORT,D,6,1
P001668,Shailendra Kashyap,Shailendra,Kashyap,,M,1975-06-14,51,gujarati,Jammu and Kashmir,Srinagar,Maisuma,LOC000120,,CRIMINAL,FENCE,,UNAFFILIATED,60,0.287,AT_LARGE,2019,0,0,,NIC-MAFDDCD7P,CDR,C,3,1
P001669,Mukesh Baghel,Mukesh,Baghel,,M,1998-01-04,28,kannada,Bihar,Purnia,Khajanchi Hat,LOC000041,,CRIMINAL,FIELD_OPERATIVE,ORG000005,SYN-MIN,54,0.281,ON_BAIL,2014,0,0,,NIC-23B2A3CW4,SEIZURE_MEMO,D,2,1
P001670,Mallikarjun Desai,Mallikarjun,Desai,,M,2000-04-23,26,hindi_belt,Bihar,Patna,Kadamkuan,LOC000035,,CRIMINAL,FIELD_OPERATIVE,ORG000003,SYN-CYB,49,0.271,IN_JUDICIAL_CUSTODY,2020,0,0,,NIC-VYNZLAXAE,CRIMINAL_HISTORY_DB,A,1,1
P001671,Bimal Adhikari,Bimal,Adhikari,,M,1991-04-17,35,marathi,Odisha,Malkangiri,Chitrakonda,LOC000111,,CRIMINAL,FIELD_OPERATIVE,,UNAFFILIATED,47,0.231,DECLARED_PO,2018,0,0,,NIC-FQ1CFOUGF,IPDR,C,5,1
P001672,Ajay Tiwari,Ajay,Tiwari,,M,2003-09-17,22,hindi_belt,Bihar,Muzaffarpur,Mithanpura,LOC000037,,CRIMINAL,FIELD_OPERATIVE,ORG000006,SYN-TRF,54,0.215,UNDER_SURVEILLANCE,2019,0,0,,NIC-L5AU645KL,CDR,D,3,1
P001673,Sarfaraz Zaidi,Sarfaraz,Zaidi,,M,2000-07-14,25,muslim,Maharashtra,Mumbai,Dongri,LOC000001,,CRIMINAL,COURIER,,UNAFFILIATED,47,0.197,AT_LARGE,2018,0,0,,NIC-5I8JA40KM,TOWER_DUMP,C,1,1
P001674,Bikramjit Sidhu,Bikramjit,Sidhu,,M,1963-05-12,63,marathi,Maharashtra,Mumbai,Malad,LOC000006,,CRIMINAL,LIEUTENANT,ORG000001,SYN-EXT,83,0.819,AT_LARGE,2017,0,0,,NIC-LKLFYP5JO,IPDR,C,2,1
P001675,Manju Yadav,Manju,Yadav,,M,2003-12-06,22,bengali,Delhi,New Delhi,Nangloi,LOC000020,,CRIMINAL,FIELD_OPERATIVE,ORG000003,SYN-CYB,55,0.211,UNDER_SURVEILLANCE,2019,0,0,,NIC-0G7G2WOSQ,SURVEILLANCE_REPORT,A,3,1
P001676,Tushar Zala,Tushar,Zala,,M,2002-06-24,24,muslim,Gujarat,Vadodara,Karelibaug,LOC000076,,CRIMINAL,TECH_HANDLER,ORG000012,SYN-BET,61,0.395,UNDER_SURVEILLANCE,2020,0,0,,NIC-AUMIZBHHP,PASSPORT_IMMIGRATION,C,1,1
P001677,Aslam Ansari,Aslam,Ansari,,M,1972-09-12,53,marathi,Karnataka,Bengaluru,KG Halli,LOC000099,,CRIMINAL,LOGISTICS,ORG000001,SYN-EXT,64,0.47,ABSCONDING,2003,0,0,,NIC-DNR9IS25H,FIR,F,3,1
P001678,Farida Khan,Farida,Khan,,M,1996-02-27,30,bengali,Andhra Pradesh,Kurnool,Nandyal,LOC000091,,CRIMINAL,FIELD_OPERATIVE,,UNAFFILIATED,51,0.25,IN_JUDICIAL_CUSTODY,2018,0,0,,NIC-0YSPJBNF5,CHARGESHEET,A,3,1
P001679,Satnam Sandhu,Satnam,Sandhu,,M,1973-10-23,52,muslim,Rajasthan,Bikaner,Nokha,LOC000066,,CRIMINAL,MULE,ORG000002,SYN-HER,24,0.092,ABSCONDING,2009,0,0,,NIC-IL68UHW94,INFORMANT_TIP,C,3,1
P001680,Jignesh Patel,Jignesh,Patel,,M,1967-05-25,59,marathi,Karnataka,Ballari,Sandur,LOC000103,,CRIMINAL,RECRUITER,ORG000001,SYN-EXT,56,0.449,ABSCONDING,2006,0,0,,NIC-S5MHIE2L2,CDR,D,5,1
P001681,Manoj Menon,Manoj,Menon,,M,1972-03-08,54,punjabi,Punjab,Tarn Taran,Khalra,LOC000055,,CRIMINAL,SHOOTER,ORG000014,SYN-SHK,83,0.363,ON_BAIL,2001,0,0,,NIC-70SEIXT5L,BANK_STATEMENT,C,5,1
P001682,Pramod Shukla,Pramod,Shukla,,M,1972-09-20,53,tamil,Uttar Pradesh,Lucknow,Aminabad,LOC000023,,CRIMINAL,MULE,ORG000005,SYN-MIN,27,0.087,EXTRADITION_PENDING,2015,0,0,,NIC-94DYYI119,BANK_STATEMENT,A,1,1
P001683,Mallikarjun Desai,Mallikarjun,Desai,,M,1960-01-11,66,hindi_belt,Bihar,Siwan,Mahadeva,LOC000039,,CRIMINAL,COURIER,ORG000007,SYN-ARM,42,0.184,AT_LARGE,2014,0,0,,NIC-ELM5L8NWG,SEIZURE_MEMO,E,3,1
P001684,Bhagaban Patra,Bhagaban,Patra,,M,2001-08-10,24,muslim,Bihar,Siwan,Mahadeva,LOC000039,,CRIMINAL,FENCE,ORG000007,SYN-ARM,64,0.291,AT_LARGE,2019,0,0,,NIC-MNV9KY71L,IPDR,A,2,1
P001685,Prakash Srivastava,Prakash,Srivastava,,M,1969-01-16,57,punjabi,Rajasthan,Jodhpur,Osian,LOC000065,,CRIMINAL,LOGISTICS,ORG000002,SYN-HER,51,0.45,UNDER_SURVEILLANCE,2024,0,0,,NIC-X3CVFJDRZ,CDR,C,2,1
P001686,Prakash Awasthi,Prakash,Awasthi,,M,1993-04-27,33,rajasthani,Maharashtra,Pune,Yerwada,LOC000009,,CRIMINAL,LOGISTICS,ORG000014,SYN-SHK,68,0.482,IN_JUDICIAL_CUSTODY,2020,0,0,,NIC-4IZLB6RZ4,BANK_STATEMENT,C,4,1
P001687,Imran Hussain,Imran,Hussain,,M,1996-02-27,30,bengali,Andhra Pradesh,Kurnool,Nandyal,LOC000091,,CRIMINAL,FIELD_OPERATIVE,,UNAFFILIATED,51,0.25,IN_JUDICIAL_CUSTODY,2018,0,0,,NIC-0YSPJBNF5,CHARGESHEET,A,3,1
P001688,Aslam Khan,Aslam,Khan,,M,1984-07-11,41,muslim,Karnataka,Bengaluru,KG Halli,LOC000099,,CRIMINAL,FIELD_OPERATIVE,ORG000003,SYN-CYB,38,0.245,ABSCONDING,2014,0,0,,NIC-5MZL5GJ81,SURVEILLANCE_REPORT,C,1,1
P001689,Nagaraju Nallamothu,Nagaraju,Nallamothu,,M,1972-02-14,54,punjabi,Punjab,Ludhiana,Jamalpur,LOC000056,,CRIMINAL,FIELD_OPERATIVE,,UNAFFILIATED,38,0.256,AT_LARGE,2024,0,0,,NIC-G5GN8YDFU,PASSPORT_IMMIGRATION,B,4,1
P001690,Ranveer Kumawat,Ranveer,Kumawat,,M,1986-06-02,40,bengali,Odisha,Bhubaneswar,Nayapalli,LOC000109,,CRIMINAL,FIELD_OPERATIVE,ORG000011,SYN-PON,61,0.294,ABSCONDING,2004,0,0,,NIC-DWO233WZG,INFORMANT_TIP,C,1,1
P001691,Nathu Ranawat,Nathu,Ranawat,,M,1968-03-10,58,muslim,Chhattisgarh,Bijapur,Bhairamgarh,LOC000123,,CRIMINAL,MULE,,UNAFFILIATED,38,0.066,UNDER_SURVEILLANCE,2009,0,0,,NIC-04CGUEQUJ,FIR,A,4,1
P001692,Firoz Chaudhary,Firoz,Chaudhary,,M,1969-08-16,56,hindi_belt,Haryana,Faridabad,Ballabgarh,LOC000064,,CRIMINAL,SHOOTER,ORG000014,SYN-SHK,71,0.403,IN_JUDICIAL_CUSTODY,2014,0,0,,NIC-0D41IZSN7,CHARGESHEET,E,1,1
P001693,Ganesh Dalvi,Ganesh,Dalvi,,M,2001-09-02,24,tamil,Chhattisgarh,Raipur,Birgaon,LOC000122,,CRIMINAL,LOGISTICS,ORG000010,SYN-GAN,70,0.467,AT_LARGE,2019,0,0,,NIC-YPCQVMCYO,CRIMINAL_HISTORY_DB,C,3,1
P001694,Netrapal Nishad,Netrapal,Nishad,,M,2002-07-08,23,odia,Jharkhand,Dhanbad,Jharia,LOC000044,,CRIMINAL,LIEUTENANT,ORG000011,SYN-PON,90,0.792,IN_JUDICIAL_CUSTODY,2019,0,0,,NIC-XYEUR4CXU,SOCIAL_MEDIA_INTEL,C,4,1
