phone_id,msisdn,operator,circle,subscriber_person_id,subscriber_name_on_record,kyc_status,activation_date,deactivation_date,is_burner,imsi
PH000001,8073213678,MTNL,Delhi,P000001,Anwar Ahmed,VERIFIED,2020-09-09,,0,404064555261510
PH000002,9599058081,Vi,Delhi,P000002,Shabana Baig,VERIFIED,2021-08-18,,0,404003340508105
PH000003,7707248764,Jio,Gujarat,P000003,Dattatray Waghmare,VERIFIED,2019-06-18,,0,404026139557458
PH000004,7693408354,Vi,Gujarat,P000003,ADDRESS INCOMPLETE,BULK_ISSUED,2018-02-24,,1,404059881920696
PH000005,9477727745,BSNL,Delhi,P000004,Nilesh Vaghela,VERIFIED,2019-06-09,,0,404050218852114
PH000006,7796878842,Jio,Delhi,P000004,NOT AVAILABLE,BULK_ISSUED,2018-05-23,2019-03-05,1,404098358947706
PH000007,7585320254,BSNL,Delhi,P000004,Nilesh Vaghela,VERIFIED,2020-09-28,,0,404016794677818
PH000008,8948305171,MTNL,Karnataka,P000005,Aslam Ahmed,VERIFIED,2025-11-22,,0,404072512343353
PH000009,7642658750,Airtel,Karnataka,P000005,Mushtaq Sheikh,UNVERIFIED,2025-07-29,2026-03-28,1,404097914077128
PH000010,8907466697,Vi,Karnataka,P000005,Aslam Ahmed,VERIFIED,2018-12-16,,0,404072171243566
PH000011,9704811353,BSNL,Karnataka,P000006,Zubair Sheikh,VERIFIED,2022-12-30,,0,404039652729598
PH000012,8933528789,BSNL,Karnataka,P000007,Bhaskar Kamble,VERIFIED,2024-02-19,,0,404015359647268
PH000013,7855072831,Jio,Karnataka,P000007,Bhaskar Kamble,VERIFIED,2023-08-06,,0,404018508808756
PH000014,9873450521,MTNL,Maharashtra,P000008,Tanveer Idrisi,VERIFIED,2021-04-03,,0,404040504726097
PH000015,7245977366,Jio,Maharashtra,P000008,Tanveer Idrisi,VERIFIED,2022-10-16,,0,404098591981747
PH000016,9088587489,Vi,Maharashtra,P000008,NOT AVAILABLE,FORGED_KYC,2022-11-21,,1,404031984449616
PH000017,7877743721,Airtel,Maharashtra,P000008,Tanveer Idrisi,VERIFIED,2020-01-12,,0,404038487756191
PH000018,8179832290,Jio,Maharashtra,P000008,Tanveer Idrisi,VERIFIED,2023-10-28,,0,404005905451736
PH000019,7172962901,Jio,Delhi,P000009,Sandip Rane,VERIFIED,2021-02-10,,0,404079322652782
PH000020,9356711775,Airtel,Delhi,P000009,Bhaskar Kamble,UNVERIFIED,2018-03-06,2018-04-30,1,404058198708840
PH000021,9505365972,BSNL,Delhi,P000009,Sandip Rane,VERIFIED,2020-04-01,,0,404083950705130
PH000022,9289881085,Vi,Maharashtra,P000010,Amol Rane,VERIFIED,2018-06-10,,0,404087235784572
PH000023,7250749316,BSNL,Maharashtra,P000010,ADDRESS INCOMPLETE,FORGED_KYC,2021-03-26,,1,404061155661340
PH000024,8084089227,Jio,Maharashtra,P000010,ADDRESS INCOMPLETE,BULK_ISSUED,2025-05-04,2025-10-25,1,404006494935658
PH000025,8431253612,BSNL,Delhi,P000011,Hitesh Zala,VERIFIED,2022-04-27,,0,404069876229579
PH000026,9089717331,Vi,Delhi,P000011,NOT AVAILABLE,FORGED_KYC,2022-01-30,2022-11-29,1,404042614471650
PH000027,8182969454,Jio,Delhi,P000011,Alpesh Mehta,BULK_ISSUED,2019-03-06,2019-08-13,1,404078049876209
PH000028,9324276074,Jio,Delhi,P000011,NOT AVAILABLE,UNVERIFIED,2020-02-27,2020-08-26,1,404002613534255
PH000029,9321384155,Jio,Delhi,P000011,ADDRESS INCOMPLETE,UNVERIFIED,2020-03-19,,1,404042527505688
PH000030,9207271263,Airtel,Delhi,P000011,ADDRESS INCOMPLETE,BULK_ISSUED,2021-01-26,2021-05-09,1,404029378132672
PH000031,7480193889,Vi,Maharashtra,P000012,Vishal Shinde,VERIFIED,2019-10-08,,0,404031154397815
PH000032,7066086236,Vi,Maharashtra,P000012,NOT AVAILABLE,FORGED_KYC,2018-12-21,,1,404026224789225
PH000033,8079888921,Airtel,Gujarat,P000013,Mushtaq Baig,VERIFIED,2021-03-15,,0,404027381522932
PH000034,7349384754,Airtel,Gujarat,P000013,ADDRESS INCOMPLETE,BULK_ISSUED,2025-08-13,2025-09-16,1,404064594780079
PH000035,8269837555,Jio,Gujarat,P000013,Mushtaq Baig,VERIFIED,2026-06-14,,0,404045838750077
PH000036,7372113598,Jio,Gujarat,P000013,Mushtaq Baig,VERIFIED,2018-08-11,,0,404043331569640
PH000037,9133520622,BSNL,Gujarat,P000013,Abdul Farooqui,FORGED_KYC,2022-07-20,,1,404064266331614
PH000038,7950857034,Jio,Maharashtra,P000014,Jayesh Barot,VERIFIED,2022-07-06,,0,404011761706130
PH000039,7718172035,BSNL,Maharashtra,P000014,Jayesh Barot,VERIFIED,2023-01-26,,0,404096564001915
PH000040,9778241164,Airtel,Maharashtra,P000014,NOT AVAILABLE,BULK_ISSUED,2022-06-22,,1,404011475466248
PH000041,9842116846,Jio,Maharashtra,P000014,ADDRESS INCOMPLETE,UNVERIFIED,2018-09-13,,1,404015923466521
PH000042,7835973697,Jio,Delhi,P000015,Swapnil Bhoir,VERIFIED,2023-08-04,,0,404016852531750
PH000043,7385968974,Jio,Delhi,P000015,ADDRESS INCOMPLETE,FORGED_KYC,2024-04-27,2025-05-29,1,404055095792818
PH000044,7163992416,Jio,Delhi,P000015,Swapnil Bhoir,VERIFIED,2022-05-19,,0,404019540627890
PH000045,9531121795,MTNL,Delhi,P000015,Mangesh Tandel,FORGED_KYC,2026-04-02,2026-12-30,1,404033125677250
PH000046,7650246948,Vi,Karnataka,P000016,Hardik Barot,VERIFIED,2018-05-01,,0,404012322232087
PH000047,9118082938,Vi,Karnataka,P000017,Swapnil Tandel,VERIFIED,2024-03-10,,0,404002847798258
PH000048,7353307066,BSNL,Karnataka,P000017,ADDRESS INCOMPLETE,BULK_ISSUED,2023-03-18,2023-08-30,1,404063311916119
PH000049,8531340377,MTNL,Karnataka,P000017,Swapnil Tandel,VERIFIED,2018-04-15,,0,404017037930618
PH000050,8067409201,BSNL,Maharashtra,P000018,Salim Saifi,VERIFIED,2022-02-24,,0,404075993001341
PH000051,8509144654,MTNL,Maharashtra,P000018,Anwar Khan,FORGED_KYC,2026-04-10,2027-03-13,1,404004004645497
PH000052,9463103231,MTNL,Gujarat,P000019,Bhaskar Bhosale,VERIFIED,2023-05-25,,0,404076702546168
PH000053,8692441832,MTNL,Gujarat,P000019,Sagar Jadhav,UNVERIFIED,2022-04-05,2023-03-15,1,404024479297591
PH000054,7900946584,BSNL,Gujarat,P000019,Amol Dalvi,BULK_ISSUED,2021-05-11,,1,404048878073767
PH000055,9276633542,Jio,Delhi,P000020,Nitin Bhoir,VERIFIED,2021-10-10,,0,404050953072772
PH000056,8858870894,Airtel,Delhi,P000020,Nitin Bhoir,VERIFIED,2019-08-09,,0,404066036698027
PH000057,9094350079,BSNL,Delhi,P000020,Nitin Bhoir,VERIFIED,2020-12-18,,0,404016537778424
PH000058,7220339059,BSNL,Karnataka,P000021,Kishor Makwana,VERIFIED,2024-08-14,,0,404066942394383
PH000059,9828846377,Airtel,Karnataka,P000021,ADDRESS INCOMPLETE,UNVERIFIED,2025-07-31,,1,404003027721793
PH000060,7567992448,Airtel,Karnataka,P000021,NOT AVAILABLE,BULK_ISSUED,2022-01-05,2022-05-01,1,404077938894912
PH000061,9631370017,Vi,Karnataka,P000022,Nasreen Sheikh,VERIFIED,2022-02-21,,0,404093175607302
PH000062,8433970101,Vi,Karnataka,P000022,Nasreen Sheikh,VERIFIED,2025-11-08,,0,404092621892240
PH000063,8866025143,Vi,Karnataka,P000022,NOT AVAILABLE,UNVERIFIED,2020-05-04,2021-05-08,1,404011800450153
PH000064,7816981420,BSNL,Gujarat,P000023,Hardik Barot,VERIFIED,2018-06-26,,0,404068170068143
PH000065,7797661054,Jio,Gujarat,P000023,Hardik Barot,VERIFIED,2019-09-24,,0,404071500760175
PH000066,9978428455,BSNL,Gujarat,P000023,ADDRESS INCOMPLETE,BULK_ISSUED,2026-04-30,2026-12-30,1,404067706672192
PH000067,7830921527,Airtel,Gujarat,P000023,ADDRESS INCOMPLETE,FORGED_KYC,2020-08-10,,1,404036740891205
PH000068,9702536873,Airtel,Delhi,P000024,Bharat Gohil,VERIFIED,2026-05-15,,0,404009225450806
PH000069,9638718341,Jio,Delhi,P000024,NOT AVAILABLE,UNVERIFIED,2022-12-04,,1,404058484393004
PH000070,8797064937,Vi,Delhi,P000024,NOT AVAILABLE,UNVERIFIED,2021-07-06,2022-07-18,1,404079058304702
PH000071,8113005019,MTNL,Delhi,P000024,NOT AVAILABLE,UNVERIFIED,2018-04-07,2018-09-03,1,404073880842740
PH000072,7189514631,MTNL,Karnataka,P000025,Ganesh Chavan,VERIFIED,2024-03-10,,0,404079897633023
PH000073,8631960250,MTNL,Karnataka,P000025,Mangesh Mhatre,UNVERIFIED,2020-05-10,2021-02-14,1,404000438666847
PH000074,8457896636,MTNL,Karnataka,P000025,Sachin Sawant,UNVERIFIED,2019-09-18,,1,404038088233097
PH000075,7977075186,Airtel,Karnataka,P000025,Ganesh Chavan,VERIFIED,2024-07-06,,0,404010986367828
PH000076,8606664059,MTNL,Maharashtra,P000026,Hitesh Trivedi,VERIFIED,2020-06-05,,0,404074308780378
PH000077,8310356574,MTNL,Gujarat,P000027,Vishal Gaikwad,VERIFIED,2024-04-25,,0,404008437149262
PH000078,7101266460,MTNL,Gujarat,P000027,Vishal Gaikwad,VERIFIED,2018-01-17,,0,404061490910091
PH000079,8350534774,Jio,Delhi,P000028,Alpesh Thakor,VERIFIED,2021-10-18,,0,404016028595388
PH000080,8820415528,Airtel,Delhi,P000028,Chirag Shah,UNVERIFIED,2024-09-21,2025-03-17,1,404043032977444
PH000081,7957867404,BSNL,Delhi,P000028,Alpesh Thakor,VERIFIED,2019-08-19,,0,404072464972834
PH000082,9810099784,Vi,Delhi,P000028,Alpesh Thakor,VERIFIED,2022-08-07,,0,404029829931642
PH000083,8033317931,Airtel,Gujarat,P000029,Ashwin Zala,VERIFIED,2019-02-09,,0,404047561961765
PH000084,8664995870,Jio,Gujarat,P000029,ADDRESS INCOMPLETE,FORGED_KYC,2018-03-25,2018-12-20,1,404053806319053
PH000085,7587927462,Airtel,Gujarat,P000029,Ashwin Zala,VERIFIED,2022-04-19,,0,404068975311524
PH000086,8457931444,MTNL,Gujarat,P000029,ADDRESS INCOMPLETE,BULK_ISSUED,2023-07-09,,1,404096459624384
PH000087,7700971547,Vi,Delhi,P000030,Rahul Jadhav,VERIFIED,2023-08-20,,0,404095013367211
PH000088,7582464913,BSNL,Delhi,P000030,NOT AVAILABLE,FORGED_KYC,2026-03-17,2026-12-31,1,404094231596378
PH000089,9313690047,MTNL,Delhi,P000030,NOT AVAILABLE,BULK_ISSUED,2025-05-01,2026-02-02,1,404044940581519
PH000090,8811926890,Jio,Delhi,P000030,Rahul Jadhav,VERIFIED,2019-09-30,,0,404098606814416
PH000091,8759426823,MTNL,Karnataka,P000031,Vipul Desai,VERIFIED,2025-10-27,,0,404055434482138
PH000092,8941513985,Vi,Karnataka,P000031,Chirag Parmar,UNVERIFIED,2021-07-07,2022-02-14,1,404050839731752
PH000093,9221395796,Vi,Karnataka,P000031,ADDRESS INCOMPLETE,FORGED_KYC,2026-01-17,2026-06-09,1,404073350064558
PH000094,9840782862,Vi,Karnataka,P000031,Vipul Desai,VERIFIED,2023-10-25,,0,404058729370625
PH000095,9160699399,Vi,Gujarat,P000032,Rasik Joshi,VERIFIED,2023-01-08,,0,404051068382921
PH000096,8875684218,Jio,Karnataka,P000033,Arif Chaudhary,VERIFIED,2018-07-11,,0,404080187472913
PH000097,7960302312,Jio,Karnataka,P000033,Zubair Chaudhary,UNVERIFIED,2022-05-02,,1,404004232758881
PH000098,7790363857,Vi,Maharashtra,P000034,Mohammed Idrisi,VERIFIED,2022-08-27,,0,404033919580008
PH000099,9246831465,Jio,Maharashtra,P000034,Altaf Khan,BULK_ISSUED,2025-08-24,2025-10-25,1,404045584642018
PH000100,7620165198,MTNL,Maharashtra,P000034,Mohammed Idrisi,VERIFIED,2024-09-14,,0,404090609175075
PH000101,9677504616,Airtel,Maharashtra,P000034,Mohammed Idrisi,VERIFIED,2024-06-27,,0,404028439656887
PH000102,8053134176,Airtel,Gujarat,P000035,Sachin Bhosale,VERIFIED,2019-12-12,,0,404028095417540
PH000103,7882817393,Airtel,Gujarat,P000035,ADDRESS INCOMPLETE,FORGED_KYC,2023-01-14,2023-11-06,1,404008296561206
PH000104,9656250845,Jio,Gujarat,P000035,Sagar Chavan,BULK_ISSUED,2022-08-02,2023-05-28,1,404099257099286
PH000105,7343825520,Airtel,Gujarat,P000035,NOT AVAILABLE,UNVERIFIED,2021-11-11,,1,404091819805283
PH000106,8443738013,Jio,Karnataka,P000036,Shahnaz Alam,VERIFIED,2022-10-19,,0,404084341357168
PH000107,7073478735,Vi,Karnataka,P000036,NOT AVAILABLE,UNVERIFIED,2019-03-22,2019-07-02,1,404064731168859
PH000108,7427818155,Airtel,Delhi,P000037,Ganesh Dalvi,VERIFIED,2026-03-02,,0,404092588302136
PH000109,9978760287,Vi,Delhi,P000037,Sachin Mhatre,UNVERIFIED,2025-04-23,2025-06-14,1,404048810503916
PH000110,7241280447,Jio,Delhi,P000038,Tushar Zala,VERIFIED,2022-04-29,,0,404020836248748
PH000111,8317327760,BSNL,Delhi,P000038,ADDRESS INCOMPLETE,FORGED_KYC,2023-01-12,,1,404036899065741
PH000112,9866337561,MTNL,Delhi,P000038,Tushar Zala,VERIFIED,2020-10-25,,0,404045357777859
PH000113,8614336975,BSNL,Gujarat,P000039,Sagar Rane,VERIFIED,2025-11-16,,0,404055460683426
PH000114,7999696608,Jio,Gujarat,P000039,NOT AVAILABLE,BULK_ISSUED,2023-11-20,,1,404080414036348
PH000115,9837902293,Jio,Gujarat,P000039,Vishal Chavan,FORGED_KYC,2019-07-20,2020-05-18,1,404021345579990
PH000116,9787230636,Vi,Gujarat,P000039,Tanaji Bhoir,UNVERIFIED,2021-11-04,,1,404015104136777
PH000117,7872874075,Jio,Maharashtra,P000040,Shahnawaz Pathan,VERIFIED,2018-09-07,,0,404093914603782
PH000118,9605365045,BSNL,Karnataka,P000041,Pandurang Bhoir,VERIFIED,2025-07-24,,0,404086969001923
PH000119,9623465546,Jio,Delhi,P000042,Trupti Rabari,VERIFIED,2025-02-28,,0,404020384672644
PH000120,9891435354,Airtel,Delhi,P000042,Ashwin Dave,BULK_ISSUED,2024-10-01,2025-07-04,1,404060781384751
PH000121,9032926205,Vi,Maharashtra,P000043,Bharat Dave,VERIFIED,2025-02-09,,0,404055628497565
PH000122,7793994310,MTNL,Maharashtra,P000043,ADDRESS INCOMPLETE,BULK_ISSUED,2025-10-03,,1,404085787828095
PH000123,8483018986,Vi,Maharashtra,P000043,Bharat Dave,VERIFIED,2023-09-19,,0,404098460745625
PH000124,7408313001,BSNL,Gujarat,P000044,Hitesh Solanki,VERIFIED,2021-10-31,,0,404018321529007
PH000125,9243086042,MTNL,Gujarat,P000044,Hitesh Solanki,VERIFIED,2022-04-19,,0,404031672324644
PH000126,7777889214,Jio,Gujarat,P000044,Tushar Mehta,FORGED_KYC,2018-07-17,2019-06-26,1,404072908479801
PH000127,9065857579,Jio,Gujarat,P000044,NOT AVAILABLE,BULK_ISSUED,2026-03-29,2026-12-07,1,404075947910999
PH000128,7986523080,Vi,Gujarat,P000044,Hitesh Solanki,VERIFIED,2026-04-29,,0,404053343049820
PH000129,9967371107,Jio,Gujarat,P000045,Dharmesh Zala,VERIFIED,2018-12-16,,0,404068686464147
PH000130,7674252577,BSNL,Gujarat,P000045,ADDRESS INCOMPLETE,BULK_ISSUED,2024-10-21,2025-04-25,1,404077395166032
PH000131,7987092951,BSNL,Gujarat,P000046,Sandip Kamble,VERIFIED,2023-12-04,,0,404028908454826
PH000132,7558128766,Airtel,Gujarat,P000046,NOT AVAILABLE,FORGED_KYC,2020-04-22,,1,404097447652246
PH000133,8551713528,Vi,Gujarat,P000046,ADDRESS INCOMPLETE,UNVERIFIED,2021-09-18,2021-11-06,1,404005005745807
PH000134,9131276078,Airtel,Gujarat,P000046,ADDRESS INCOMPLETE,UNVERIFIED,2023-02-26,2023-12-17,1,404082245248816
PH000135,9923865626,Jio,Maharashtra,P000047,Swapnil Pawar,VERIFIED,2019-06-15,,0,404008059801888
PH000136,9937828687,Airtel,Maharashtra,P000047,Swapnil Pawar,VERIFIED,2018-01-01,,0,404020307108169
PH000137,8466215415,Jio,Maharashtra,P000047,Swapnil Pawar,VERIFIED,2020-04-19,,0,404098070272929
PH000138,8335834926,Airtel,Maharashtra,P000047,Swapnil Pawar,VERIFIED,2019-09-26,,0,404089874955910
PH000139,8309577248,BSNL,Delhi,P000048,Tanaji Tandel,VERIFIED,2025-10-15,,0,404074763083572
PH000140,9500634741,MTNL,Delhi,P000048,Tanaji Tandel,VERIFIED,2024-12-06,,0,404004202230597
PH000141,9428765755,Vi,Delhi,P000048,ADDRESS INCOMPLETE,UNVERIFIED,2020-05-29,,1,404085685066487
PH000142,9798592714,Airtel,Delhi,P000049,Bhavesh Thakor,VERIFIED,2024-02-13,,0,404069474934768
PH000143,7287764580,MTNL,Delhi,P000049,Dharmesh Chauhan,BULK_ISSUED,2023-09-03,2024-09-29,1,404065217900531
PH000144,7902845958,BSNL,Delhi,P000049,NOT AVAILABLE,UNVERIFIED,2022-02-26,,1,404091268130783
PH000145,8164162987,Jio,Karnataka,P000050,Pandurang Deshmukh,VERIFIED,2020-05-02,,0,404025215143517
PH000146,9348526023,Vi,Karnataka,P000050,Vishal Mhatre,FORGED_KYC,2022-04-11,2023-05-04,1,404040553061139
PH000147,8552340870,Vi,Karnataka,P000050,ADDRESS INCOMPLETE,FORGED_KYC,2025-05-11,,1,404035556385981
PH000148,7986980055,BSNL,Karnataka,P000050,ADDRESS INCOMPLETE,FORGED_KYC,2020-12-03,2021-07-30,1,404079266094044
PH000149,7543023200,Jio,Delhi,P000051,Bhaskar Gaikwad,VERIFIED,2026-04-12,,0,404013278928243
PH000150,9235329561,BSNL,Delhi,P000051,Bhaskar Gaikwad,VERIFIED,2023-06-24,,0,404062948467640
PH000151,7661408307,Jio,Delhi,P000051,Nitin Naik,FORGED_KYC,2024-09-07,2025-03-26,1,404060273156726
PH000152,7065432614,Airtel,Delhi,P000052,Vishal Jadhav,VERIFIED,2020-03-24,,0,404040371524310
PH000153,7095312252,BSNL,Delhi,P000052,NOT AVAILABLE,UNVERIFIED,2022-08-12,,1,404078706764428
PH000154,9107810101,Airtel,Delhi,P000052,Vishal Jadhav,VERIFIED,2020-08-11,,0,404044805694211
PH000155,8094925434,Vi,Gujarat,P000053,Mangesh Shinde,VERIFIED,2021-06-06,,0,404002664273869
PH000156,9810512927,Airtel,Gujarat,P000053,Mangesh Shinde,VERIFIED,2021-02-14,,0,404043067779836
PH000157,7808935133,Jio,Gujarat,P000053,ADDRESS INCOMPLETE,FORGED_KYC,2018-02-17,2018-05-11,1,404008236616201
PH000158,8012660869,BSNL,Gujarat,P000053,Mangesh Shinde,VERIFIED,2019-09-11,,0,404011084039092
PH000159,8455004375,Airtel,Maharashtra,P000054,Dharmesh Shah,VERIFIED,2019-05-03,,0,404015752295083
PH000160,7290764449,Jio,Gujarat,P000055,Ibrahim Mirza,VERIFIED,2019-04-12,,0,404043946162227
PH000161,7054026028,Vi,Gujarat,P000055,Ibrahim Mirza,VERIFIED,2019-06-26,,0,404065592189568
PH000162,9739745391,MTNL,Gujarat,P000055,Abdul Pathan,BULK_ISSUED,2020-10-21,,1,404048761444337
PH000163,9708575379,Vi,Gujarat,P000055,Naseer Shaikh,FORGED_KYC,2025-03-23,,1,404083429002492
PH000164,8614742507,Vi,Maharashtra,P000056,Swapnil Salunkhe,VERIFIED,2020-03-27,,0,404038203950078
PH000165,7657603673,Airtel,Maharashtra,P000056,NOT AVAILABLE,FORGED_KYC,2021-09-25,2022-03-23,1,404047415163295
PH000166,7572477115,BSNL,Karnataka,P000057,Sagar Bhoir,VERIFIED,2020-03-27,,0,404087378156162
PH000167,8673140319,Jio,Karnataka,P000057,NOT AVAILABLE,BULK_ISSUED,2022-03-29,2023-04-27,1,404016246988967
PH000168,8492247686,BSNL,Karnataka,P000057,Nitin Kamble,UNVERIFIED,2026-04-05,2026-09-26,1,404071489579257
PH000169,8980093413,BSNL,Karnataka,P000057,Sagar Bhoir,VERIFIED,2020-02-27,,0,404034542471155
PH000170,8881063267,Airtel,Karnataka,P000058,Alpesh Shah,VERIFIED,2026-01-25,,0,404092060429429
PH000171,7874350697,MTNL,Karnataka,P000058,ADDRESS INCOMPLETE,BULK_ISSUED,2018-11-09,,1,404038721120382
PH000172,9690150595,Vi,Karnataka,P000058,Alpesh Shah,VERIFIED,2020-02-26,,0,404076168068030
PH000173,8801680115,Airtel,Karnataka,P000059,Bharat Bhatt,VERIFIED,2022-06-18,,0,404060964394534
PH000174,8301535305,Airtel,Karnataka,P000059,NOT AVAILABLE,BULK_ISSUED,2019-06-01,,1,404024888804970
PH000175,7148541234,MTNL,Gujarat,P000060,Rasik Vaghela,VERIFIED,2023-07-18,,0,404010945255396
PH000176,9665567323,MTNL,Gujarat,P000061,Amol Tandel,VERIFIED,2022-09-16,,0,404036841434462
PH000177,7703024130,Jio,Karnataka,P000062,Dattatray Tandel,VERIFIED,2019-07-16,,0,404011314644214
PH000178,9105592277,Jio,Karnataka,P000062,Dattatray Tandel,VERIFIED,2023-08-19,,0,404026049769799
PH000179,8864113507,BSNL,Karnataka,P000062,ADDRESS INCOMPLETE,UNVERIFIED,2023-01-17,2024-01-10,1,404072763396800
PH000180,8005220112,BSNL,Karnataka,P000062,Dattatray Tandel,VERIFIED,2024-11-27,,0,404004225933238
PH000181,7878750805,BSNL,Gujarat,P000063,Dattatray Tandel,VERIFIED,2023-01-01,,0,404011784440027
PH000182,7843793666,Jio,Gujarat,P000063,Dattatray Tandel,VERIFIED,2024-10-03,,0,404044867118816
PH000183,9029856724,Jio,Maharashtra,P000064,Rafiq Ahmed,VERIFIED,2024-08-04,,0,404055525177485
PH000184,9443742822,Jio,Maharashtra,P000064,Javed Siddiqui,UNVERIFIED,2025-04-16,,1,404010649607265
PH000185,8309673725,Jio,Maharashtra,P000064,Abdul Farooqui,FORGED_KYC,2025-09-13,2026-05-22,1,404019569320506
PH000186,9360176787,Airtel,Delhi,P000065,Shahnawaz Mansuri,VERIFIED,2021-04-15,,0,404088011130529
PH000187,7437750448,Jio,Delhi,P000065,ADDRESS INCOMPLETE,FORGED_KYC,2020-06-30,,1,404044896846041
PH000188,9355427933,MTNL,Delhi,P000065,Shahnawaz Mansuri,VERIFIED,2022-09-09,,0,404097021461690
PH000189,8965441904,Airtel,Delhi,P000065,Shahnawaz Mansuri,VERIFIED,2018-10-26,,0,404077029670503
PH000190,9692668668,Jio,Karnataka,P000066,Ashfaq Mansuri,VERIFIED,2025-02-16,,0,404080795653000
PH000191,9104709280,Airtel,Karnataka,P000066,Shakeel Saifi,UNVERIFIED,2022-02-02,2022-09-14,1,404021374727939
PH000192,9795427629,Airtel,Karnataka,P000066,NOT AVAILABLE,BULK_ISSUED,2022-07-28,2023-01-01,1,404098324072819
PH000193,9161809809,MTNL,Karnataka,P000066,Ashfaq Mansuri,VERIFIED,2019-03-06,,0,404080409336272
PH000194,7669851676,Vi,Maharashtra,P000067,Pandurang Mhatre,VERIFIED,2018-08-11,,0,404059991966976
PH000195,8895143704,Airtel,Maharashtra,P000067,NOT AVAILABLE,BULK_ISSUED,2020-03-19,,1,404016263177744
PH000196,7397381903,Vi,Maharashtra,P000067,Tanaji Kadam,UNVERIFIED,2020-02-01,2021-01-11,1,404051029583850
PH000197,8931453651,Airtel,Gujarat,P000068,Reshma Saifi,VERIFIED,2022-02-21,,0,404038613674616
PH000198,7770736712,BSNL,Gujarat,P000068,Reshma Saifi,VERIFIED,2021-07-29,,0,404047069531217
PH000199,8185991977,BSNL,Maharashtra,P000069,Sarfaraz Qureshi,VERIFIED,2021-06-18,,0,404038586922543
PH000200,7271653595,Vi,Maharashtra,P000069,NOT AVAILABLE,UNVERIFIED,2022-09-21,2022-11-24,1,404006989582948
PH000201,8230779975,Jio,Gujarat,P000070,Ashwin Trivedi,VERIFIED,2020-10-27,,0,404009065194072
PH000202,8104117082,MTNL,Gujarat,P000070,Ashwin Trivedi,VERIFIED,2021-02-22,,0,404022092513900
PH000203,9314747299,Jio,Gujarat,P000070,Ashwin Trivedi,VERIFIED,2018-07-03,,0,404055523783904
PH000204,8783697025,BSNL,Maharashtra,P000071,Chirag Desai,VERIFIED,2019-09-24,,0,404095356441193
PH000205,7517759902,Vi,Delhi,P000072,Jayesh Desai,VERIFIED,2020-02-13,,0,404049839103204
PH000206,7519295909,MTNL,Maharashtra,P000073,Iqbal Mansuri,VERIFIED,2022-06-18,,0,404044147537637
PH000207,9948586476,BSNL,Maharashtra,P000073,Iqbal Mansuri,VERIFIED,2019-12-20,,0,404095577051865
PH000208,8345115905,MTNL,Maharashtra,P000073,NOT AVAILABLE,BULK_ISSUED,2023-03-16,,1,404070426469795
PH000209,8963360989,Jio,Karnataka,P000074,Ashwin Parmar,VERIFIED,2018-11-22,,0,404005045961974
PH000210,7535120945,MTNL,Gujarat,P000075,Nisha Zala,VERIFIED,2019-05-25,,0,404069157349438
PH000211,8559849138,BSNL,Gujarat,P000075,Nisha Zala,VERIFIED,2022-09-30,,0,404087018811133
PH000212,7614324170,BSNL,Gujarat,P000075,Nisha Zala,VERIFIED,2025-07-01,,0,404012787963387
PH000213,7232208220,Vi,Gujarat,P000075,Nisha Zala,VERIFIED,2018-06-17,,0,404048435197881
PH000214,9052979685,Vi,Karnataka,P000076,Divyesh Shah,VERIFIED,2019-10-27,,0,404062116700620
PH000215,8466453629,Airtel,Karnataka,P000076,Divyesh Shah,VERIFIED,2019-06-28,,0,404013501134496
PH000216,7677727154,Airtel,Karnataka,P000077,Dharmesh Thakor,VERIFIED,2023-11-29,,0,404024125038341
PH000217,9920741975,Airtel,Karnataka,P000077,ADDRESS INCOMPLETE,FORGED_KYC,2020-01-10,,1,404063239988773
PH000218,7675582632,Jio,Karnataka,P000077,NOT AVAILABLE,FORGED_KYC,2019-02-02,2019-11-15,1,404008858998181
PH000219,8116650180,Jio,Karnataka,P000078,Prashant Deshmukh,VERIFIED,2023-07-13,,0,404054402776012
PH000220,7036685743,MTNL,Karnataka,P000078,ADDRESS INCOMPLETE,UNVERIFIED,2021-10-22,2021-11-23,1,404071845816302
PH000221,7663725112,MTNL,Karnataka,P000078,Prashant Deshmukh,VERIFIED,2018-11-15,,0,404080310262370
PH000222,9152292546,Vi,Karnataka,P000078,NOT AVAILABLE,FORGED_KYC,2023-02-05,2023-05-20,1,404016914559036
PH000223,7764548759,BSNL,Maharashtra,P000079,Rasik Trivedi,VERIFIED,2021-12-13,,0,404099742542904
PH000224,8585078672,Vi,Maharashtra,P000079,ADDRESS INCOMPLETE,FORGED_KYC,2023-05-10,2024-03-19,1,404058086789451
PH000225,9824671999,Airtel,Maharashtra,P000079,Rasik Trivedi,VERIFIED,2024-10-03,,0,404075237100295
PH000226,8037007001,Jio,Gujarat,P000080,Kalpesh Zala,VERIFIED,2018-01-14,,0,404022212683905
PH000227,9527665484,Airtel,Delhi,P000081,Sandip Salunkhe,VERIFIED,2020-05-30,,0,404074946454030
PH000228,9494538823,Airtel,Delhi,P000081,NOT AVAILABLE,BULK_ISSUED,2019-02-15,2019-08-16,1,404033566822896
PH000229,8920398013,Airtel,Delhi,P000081,Sandip Salunkhe,VERIFIED,2025-07-10,,0,404076191577014
PH000230,7362315394,Airtel,Delhi,P000081,Bhaskar Jadhav,UNVERIFIED,2018-11-20,,1,404087650916397
PH000231,9421510981,Jio,Delhi,P000081,NOT AVAILABLE,UNVERIFIED,2022-02-20,,1,404030027732065
PH000232,8708263267,BSNL,Delhi,P000081,Amol More,UNVERIFIED,2023-01-03,,1,404031075398714
PH000233,8736249215,Jio,Karnataka,P000082,Swapnil Jadhav,VERIFIED,2025-06-25,,0,404056944387871
PH000234,8189105482,Vi,Karnataka,P000082,ADDRESS INCOMPLETE,UNVERIFIED,2021-08-18,,1,404039643316120
PH000235,8778427751,Vi,Karnataka,P000082,Swapnil Jadhav,VERIFIED,2024-02-29,,0,404036720975066
PH000236,8126106896,Vi,Karnataka,P000083,Mitesh Joshi,VERIFIED,2018-03-20,,0,404053264741412
PH000237,7983596000,Jio,Karnataka,P000083,Tushar Joshi,BULK_ISSUED,2026-06-10,2027-03-18,1,404071638819392
PH000238,9538198792,Jio,Karnataka,P000083,Mitesh Joshi,VERIFIED,2023-09-04,,0,404065018175760
PH000239,7335033460,BSNL,Maharashtra,P000084,Rafiq Farooqui,VERIFIED,2026-04-12,,0,404049687574465
PH000240,9420670393,Airtel,Maharashtra,P000085,Ibrahim Ansari,VERIFIED,2022-04-16,,0,404067774410843
PH000241,7500340935,MTNL,Maharashtra,P000085,Ibrahim Ansari,VERIFIED,2026-05-28,,0,404027173203106
PH000242,9947887978,MTNL,Maharashtra,P000085,NOT AVAILABLE,BULK_ISSUED,2022-11-20,2023-08-18,1,404079579711491
PH000243,9090692395,Jio,Maharashtra,P000085,Ibrahim Ansari,VERIFIED,2021-04-18,,0,404008327866868
PH000244,9942921017,Airtel,Maharashtra,P000086,Chirag Dave,VERIFIED,2023-04-06,,0,404074821517507
PH000245,9149619651,MTNL,Maharashtra,P000086,Rasik Trivedi,UNVERIFIED,2018-11-25,2019-01-09,1,404014570658686
PH000246,8177171219,MTNL,Maharashtra,P000086,Chirag Dave,VERIFIED,2020-05-27,,0,404093917670700
PH000247,7544527843,Jio,Maharashtra,P000086,Chirag Dave,VERIFIED,2024-06-23,,0,404003987806465
PH000248,9580710024,Vi,Gujarat,P000087,Ibrahim Siddiqui,VERIFIED,2020-04-05,,0,404088641793996
PH000249,9486739718,Jio,Delhi,P000088,Sagar Salunkhe,VERIFIED,2026-04-24,,0,404090597468993
PH000250,7542610332,Vi,Delhi,P000088,NOT AVAILABLE,FORGED_KYC,2025-10-06,2026-05-26,1,404065188491986
PH000251,8172476398,Vi,Delhi,P000088,NOT AVAILABLE,BULK_ISSUED,2019-08-02,2019-12-16,1,404085007284385
PH000252,8998669245,Jio,Delhi,P000088,Sagar Salunkhe,VERIFIED,2018-02-03,,0,404051490487359
PH000253,9649961077,MTNL,Delhi,P000088,Tanaji Kamble,FORGED_KYC,2021-03-21,,1,404022646153300
PH000254,8469933038,Jio,Karnataka,P000089,Tushar Parmar,VERIFIED,2025-05-10,,0,404056959070569
PH000255,9012874081,Jio,Karnataka,P000089,Kishor Chauhan,BULK_ISSUED,2022-11-02,,1,404069938214528
PH000256,9499628930,Airtel,Karnataka,P000089,Tushar Parmar,VERIFIED,2023-10-29,,0,404084052185056
PH000257,9679391947,Vi,Delhi,P000090,Mangesh Tandel,VERIFIED,2024-01-12,,0,404037299035219
PH000258,7027647142,Vi,Delhi,P000090,Mangesh Tandel,VERIFIED,2018-03-16,,0,404032111902662
PH000259,9730983145,Airtel,Delhi,P000090,ADDRESS INCOMPLETE,FORGED_KYC,2025-02-03,,1,404034633287425
PH000260,7158000589,Vi,Delhi,P000090,Nilesh Tandel,UNVERIFIED,2024-03-12,,1,404075015438578
PH000261,7791761968,Airtel,Gujarat,P000091,Shahnawaz Hussain,VERIFIED,2019-12-01,,0,404025885843135
PH000262,8447407397,Airtel,Gujarat,P000091,Shahnawaz Hussain,VERIFIED,2021-05-31,,0,404096175657799
PH000263,7825118095,Vi,Gujarat,P000091,Rafiq Rahman,BULK_ISSUED,2019-05-26,2019-11-05,1,404024152863484
PH000264,7164914453,Airtel,Gujarat,P000091,Shahnawaz Hussain,VERIFIED,2018-12-23,,0,404075201569146
PH000265,7737684091,Airtel,Gujarat,P000091,ADDRESS INCOMPLETE,UNVERIFIED,2025-09-06,2026-05-21,1,404081090719571
PH000266,8563272237,Airtel,Maharashtra,P000092,Ibrahim Qureshi,VERIFIED,2018-08-05,,0,404069504326059
PH000267,7565493053,MTNL,Maharashtra,P000092,NOT AVAILABLE,UNVERIFIED,2021-12-31,,1,404013599642606
PH000268,8389924715,BSNL,Haryana,P000093,Wasim Baig,VERIFIED,2022-09-17,,0,404056108010302
PH000269,7321698323,Airtel,Haryana,P000093,NOT AVAILABLE,FORGED_KYC,2019-07-27,2020-02-13,1,404042263262144
PH000270,7145196787,BSNL,Haryana,P000093,Wasim Baig,VERIFIED,2019-03-12,,0,404088011591326
PH000271,8146903369,Airtel,Haryana,P000093,NOT AVAILABLE,UNVERIFIED,2019-12-18,2020-06-22,1,404019732381545
PH000272,9699666868,Vi,Punjab,P000094,Malkiat Grewal,VERIFIED,2019-06-19,,0,404084311621065
PH000273,8981804099,MTNL,Jammu and Kashmir,P000095,Satnam Bains,VERIFIED,2025-03-17,,0,404015141405085
PH000274,9229636412,Airtel,Jammu and Kashmir,P000095,NOT AVAILABLE,FORGED_KYC,2020-09-18,2021-02-19,1,404054392453960
PH000275,9042539685,Airtel,Jammu and Kashmir,P000095,ADDRESS INCOMPLETE,FORGED_KYC,2018-04-18,2019-04-30,1,404009188122466
PH000276,7615430990,Airtel,Punjab,P000096,Navneet Bajwa,VERIFIED,2022-08-16,,0,404049131565366
PH000277,7651452282,Airtel,Punjab,P000096,ADDRESS INCOMPLETE,FORGED_KYC,2021-06-07,,1,404048529799349
PH000278,8949185147,Vi,Delhi,P000097,Manpreet Sekhon,VERIFIED,2018-10-16,,0,404061603849526
PH000279,9261410966,Jio,Delhi,P000097,ADDRESS INCOMPLETE,FORGED_KYC,2020-01-24,2020-07-17,1,404093257890885
PH000280,9834711202,BSNL,Delhi,P000097,ADDRESS INCOMPLETE,FORGED_KYC,2024-05-17,2025-05-27,1,404038595129207
PH000281,7433989511,Jio,Delhi,P000097,ADDRESS INCOMPLETE,UNVERIFIED,2020-04-18,,1,404073879278767
PH000282,9084229665,Jio,Delhi,P000097,Manpreet Sekhon,VERIFIED,2020-10-04,,0,404044486574306
PH000283,8085118581,Jio,Haryana,P000098,Haroon Rahman,VERIFIED,2024-10-09,,0,404001460235359
PH000284,7181235631,BSNL,Haryana,P000098,NOT AVAILABLE,FORGED_KYC,2023-09-21,2024-02-21,1,404027168927888
PH000285,9113030766,Jio,Haryana,P000099,Shakeel Pathan,VERIFIED,2024-12-08,,0,404070616684648
PH000286,9757126565,BSNL,Jammu and Kashmir,P000100,Ranveer Choudhary,VERIFIED,2023-05-26,,0,404041656667157
PH000287,7170180589,Airtel,Jammu and Kashmir,P000100,Ranveer Choudhary,VERIFIED,2018-12-07,,0,404059679262552
PH000288,9733598480,MTNL,Jammu and Kashmir,P000100,ADDRESS INCOMPLETE,UNVERIFIED,2021-12-02,,1,404083043422997
PH000289,8101391938,BSNL,Delhi,P000101,Ratan Saini,VERIFIED,2023-10-17,,0,404007414201349
PH000290,9828140462,Vi,Delhi,P000101,Ratan Saini,VERIFIED,2021-06-22,,0,404078635723627
PH000291,8044684321,Jio,Delhi,P000101,ADDRESS INCOMPLETE,UNVERIFIED,2023-08-17,2024-02-04,1,404086177307909
PH000292,9084676170,MTNL,Delhi,P000101,Ratan Saini,VERIFIED,2026-02-01,,0,404095110356257
PH000293,9558578564,Vi,Jammu and Kashmir,P000102,Abdul Shaikh,VERIFIED,2025-02-08,,0,404019242793468
PH000294,8116522873,Vi,Jammu and Kashmir,P000102,Abdul Shaikh,VERIFIED,2024-12-01,,0,404011877863414
PH000295,7976397103,Jio,Jammu and Kashmir,P000102,Abdul Shaikh,VERIFIED,2025-06-17,,0,404088727796068
PH000296,7920505784,BSNL,Jammu and Kashmir,P000102,Javed Siddiqui,UNVERIFIED,2022-04-14,,1,404034651865153
PH000297,7184755577,Airtel,Delhi,P000103,Hanuman Beniwal,VERIFIED,2024-09-26,,0,404043282391321
PH000298,8849835980,MTNL,Delhi,P000103,Hanuman Beniwal,VERIFIED,2020-09-14,,0,404046987329758
PH000299,7670244698,Vi,Delhi,P000103,ADDRESS INCOMPLETE,BULK_ISSUED,2019-08-04,,1,404009066094783
PH000300,7087775190,Jio,Haryana,P000104,Devi Lal Vyas,VERIFIED,2020-07-30,,0,404032260734784
PH000301,7710323385,Vi,Haryana,P000104,ADDRESS INCOMPLETE,UNVERIFIED,2020-11-16,2021-10-22,1,404073058582196
PH000302,9545963946,MTNL,Rajasthan,P000105,Mohan Sisodia,VERIFIED,2021-05-07,,0,404045831090358
PH000303,9275027192,BSNL,Rajasthan,P000105,Poonam Chand Meena,BULK_ISSUED,2023-05-05,2023-08-23,1,404002387288073
PH000304,7168885760,Airtel,Rajasthan,P000106,Amarjit Sidhu,VERIFIED,2022-05-26,,0,404073160350245
PH000305,8191186247,MTNL,Punjab,P000107,Mohammed Shaikh,VERIFIED,2018-05-27,,0,404039334891402
PH000306,9831555800,MTNL,Punjab,P000107,Mohammed Shaikh,VERIFIED,2025-07-28,,0,404075757513183
PH000307,9184446850,Jio,Punjab,P000107,Mohammed Shaikh,VERIFIED,2020-02-28,,0,404038138541842
PH000308,8068634549,BSNL,Delhi,P000108,Ranveer Kumawat,VERIFIED,2019-05-07,,0,404042206992558
PH000309,9287563449,Jio,Delhi,P000108,ADDRESS INCOMPLETE,UNVERIFIED,2020-03-22,2021-03-31,1,404034883192727
PH000310,7640793281,MTNL,Delhi,P000108,Ranveer Kumawat,VERIFIED,2022-12-18,,0,404016717711034
PH000311,8074179184,MTNL,Delhi,P000108,Bhanwar Rathore,FORGED_KYC,2023-07-06,2023-12-27,1,404001330214890
PH000312,8448659775,MTNL,Rajasthan,P000109,Firoz Chaudhary,VERIFIED,2025-10-21,,0,404077673800750
PH000313,9473393474,Jio,Rajasthan,P000109,NOT AVAILABLE,UNVERIFIED,2019-06-30,,1,404088657073854
PH000314,9832133058,BSNL,Rajasthan,P000109,ADDRESS INCOMPLETE,FORGED_KYC,2026-05-04,2027-01-09,1,404088022955769
PH000315,7179919062,Airtel,Rajasthan,P000109,NOT AVAILABLE,BULK_ISSUED,2023-11-11,2024-11-10,1,404043449197470
PH000316,7718960503,Vi,Jammu and Kashmir,P000110,Iqbal Pathan,VERIFIED,2019-09-06,,0,404061173417414
PH000317,7223355916,Vi,Jammu and Kashmir,P000110,Iqbal Pathan,VERIFIED,2022-01-31,,0,404091566303633
PH000318,7007443525,Jio,Jammu and Kashmir,P000110,Iqbal Pathan,VERIFIED,2023-09-16,,0,404019165364706
PH000319,7217292335,MTNL,Jammu and Kashmir,P000111,Nirmal Bains,VERIFIED,2023-07-06,,0,404013353153562
PH000320,7481570662,Vi,Punjab,P000112,Rafiq Ansari,VERIFIED,2021-07-27,,0,404001622043771
PH000321,7984926152,MTNL,Punjab,P000112,Rafiq Ansari,VERIFIED,2024-02-23,,0,404030568208082
PH000322,7509252109,Vi,Punjab,P000112,Ibrahim Siddiqui,BULK_ISSUED,2023-08-20,2023-12-06,1,404054791302792
PH000323,7200227982,Vi,Punjab,P000112,Rafiq Ansari,VERIFIED,2018-02-16,,0,404079988359432
PH000324,8648343297,MTNL,Rajasthan,P000113,Mushtaq Khan,VERIFIED,2024-10-02,,0,404067154295995
PH000325,9070071910,Airtel,Rajasthan,P000113,Yusuf Mirza,UNVERIFIED,2024-07-09,,1,404035921723405
PH000326,9066314387,Jio,Rajasthan,P000113,Sajid Qureshi,UNVERIFIED,2021-08-05,,1,404042118895949
PH000327,9426640307,Vi,Rajasthan,P000114,Gayatri Jat,VERIFIED,2022-06-17,,0,404005999064081
PH000328,7432558811,MTNL,Delhi,P000115,Nirmal Singh,VERIFIED,2023-03-17,,0,404012776151807
PH000329,8466675244,Airtel,Haryana,P000116,Kishan Godara,VERIFIED,2024-07-12,,0,404003157997065
PH000330,9577836350,MTNL,Haryana,P000116,Karni Bhati,FORGED_KYC,2019-06-21,,1,404092271662393
PH000331,9093032216,MTNL,Punjab,P000117,Nathu Choudhary,VERIFIED,2022-03-30,,0,404080701821557
PH000332,7451218833,Vi,Punjab,P000117,Nathu Choudhary,VERIFIED,2025-07-20,,0,404001791944557
PH000333,9118222344,MTNL,Rajasthan,P000118,Bikramjit Sidhu,VERIFIED,2025-08-13,,0,404044748485694
PH000334,8429914260,BSNL,Rajasthan,P000118,Harjinder Brar,BULK_ISSUED,2025-11-05,2026-05-27,1,404014382764612
PH000335,9325913720,BSNL,Rajasthan,P000118,Bikramjit Sidhu,VERIFIED,2021-08-14,,0,404077309780399
PH000336,8233845545,Jio,Delhi,P000119,Faizan Alam,VERIFIED,2018-10-13,,0,404012221988481
PH000337,9162595901,Airtel,Rajasthan,P000120,Harbhajan Sekhon,VERIFIED,2025-09-30,,0,404013553012534
PH000338,8406756440,Airtel,Rajasthan,P000120,NOT AVAILABLE,BULK_ISSUED,2026-03-05,2026-07-11,1,404022119457205
PH000339,9585550269,Vi,Rajasthan,P000120,Harbhajan Sekhon,VERIFIED,2019-10-29,,0,404050583607228
PH000340,8994791415,MTNL,Delhi,P000121,Ashfaq Saifi,VERIFIED,2020-07-30,,0,404028427677416
PH000341,8278563716,Vi,Delhi,P000121,Ashfaq Saifi,VERIFIED,2021-02-20,,0,404036111685952
PH000342,8547825634,Airtel,Delhi,P000121,Ashfaq Saifi,VERIFIED,2019-04-27,,0,404025101102883
PH000343,9987086334,Vi,Delhi,P000122,Karni Bishnoi,VERIFIED,2025-11-10,,0,404053975082903
PH000344,9798028440,Airtel,Delhi,P000122,Karni Bishnoi,VERIFIED,2021-08-12,,0,404078362684941
PH000345,9486321337,Vi,Rajasthan,P000123,Bhoma Poonia,VERIFIED,2023-09-14,,0,404021455447227
PH000346,9394056947,BSNL,Rajasthan,P000124,Rafiq Baig,VERIFIED,2020-01-26,,0,404019278120796
PH000347,8378630381,BSNL,Punjab,P000125,Sarfaraz Idrisi,VERIFIED,2020-01-02,,0,404091948670769
PH000348,7891185101,Vi,Punjab,P000125,Sarfaraz Idrisi,VERIFIED,2020-11-16,,0,404042725573018
PH000349,7022727521,Vi,Punjab,P000125,NOT AVAILABLE,BULK_ISSUED,2019-07-10,2019-11-16,1,404023114341663
PH000350,8477198460,Vi,Punjab,P000125,NOT AVAILABLE,BULK_ISSUED,2022-12-04,2023-02-24,1,404057409683486
PH000351,9246292917,BSNL,Punjab,P000125,Sarfaraz Idrisi,VERIFIED,2023-06-29,,0,404036053908110
PH000352,7562251933,Vi,Haryana,P000126,Haroon Baig,VERIFIED,2023-05-13,,0,404062844372828
PH000353,9820043209,Jio,Haryana,P000126,Haroon Baig,VERIFIED,2019-02-11,,0,404082812479666
PH000354,7617294099,Airtel,Haryana,P000126,Haroon Baig,VERIFIED,2023-10-03,,0,404075137684814
PH000355,9718451920,MTNL,Haryana,P000126,ADDRESS INCOMPLETE,BULK_ISSUED,2024-09-05,2025-07-31,1,404065385194056
PH000356,9158484149,Airtel,Delhi,P000127,Nadeem Mirza,VERIFIED,2022-04-16,,0,404028356022935
PH000357,8663693805,MTNL,Delhi,P000127,Anwar Shaikh,UNVERIFIED,2023-06-21,,1,404004351759317
PH000358,9145631479,BSNL,Delhi,P000127,Nadeem Mirza,VERIFIED,2018-09-26,,0,404012650889975
PH000359,9178816680,MTNL,Delhi,P000127,Sajid Rahman,FORGED_KYC,2021-08-03,2022-06-21,1,404098887447321
PH000360,7454859282,Jio,Punjab,P000128,Jasbir Kang,VERIFIED,2024-07-09,,0,404066653479710
PH000361,9826661780,MTNL,Punjab,P000128,NOT AVAILABLE,UNVERIFIED,2024-01-09,2024-05-08,1,404049916277650
PH000362,7112291535,Airtel,Punjab,P000128,Jasbir Kang,VERIFIED,2021-04-23,,0,404075927197661
PH000363,9607017744,BSNL,Punjab,P000128,Gurpreet Dhaliwal,UNVERIFIED,2024-10-18,2024-12-28,1,404086491750783
PH000364,9295253595,Airtel,Delhi,P000129,Kulwant Aulakh,VERIFIED,2020-12-11,,0,404001965497059
PH000365,9818520397,Jio,Haryana,P000130,Sohan Kumawat,VERIFIED,2026-04-18,,0,404001044330509
PH000366,7809600876,MTNL,Haryana,P000130,Sohan Kumawat,VERIFIED,2024-08-03,,0,404048655842252
PH000367,8344292775,Jio,Haryana,P000130,Gopal Beniwal,FORGED_KYC,2023-11-11,2024-11-14,1,404052674942221
PH000368,9142983687,BSNL,Punjab,P000131,Imran Siddiqui,VERIFIED,2021-01-04,,0,404019075056115
PH000369,9503489905,BSNL,Punjab,P000132,Jarnail Sidhu,VERIFIED,2019-05-09,,0,404043172104631
PH000370,9019878350,Vi,Punjab,P000132,NOT AVAILABLE,BULK_ISSUED,2022-05-02,,1,404031813125470
PH000371,9613505407,BSNL,Punjab,P000132,Jarnail Sidhu,VERIFIED,2023-08-09,,0,404047186294368
PH000372,9184257542,Airtel,Punjab,P000133,Gurmeet Bajwa,VERIFIED,2019-02-26,,0,404073534972486
PH000373,9832253502,Airtel,Punjab,P000133,Gurmeet Bajwa,VERIFIED,2025-04-19,,0,404077469033847
PH000374,9875222120,Jio,Punjab,P000133,Rachhpal Cheema,BULK_ISSUED,2023-05-08,2024-01-30,1,404023420338738
PH000375,7102156383,BSNL,Punjab,P000133,Gurmeet Bajwa,VERIFIED,2020-05-10,,0,404066943658694
PH000376,7423094760,Vi,Delhi,P000134,Tanveer Sheikh,VERIFIED,2021-10-02,,0,404096765612498
PH000377,9596938925,Airtel,Delhi,P000134,Sarfaraz Zaidi,UNVERIFIED,2021-05-07,2022-01-25,1,404093735290831
PH000378,8214227404,Vi,Punjab,P000135,Karni Meena,VERIFIED,2023-05-25,,0,404012285893708
PH000379,8423526436,Jio,Punjab,P000136,Amarjit Grewal,VERIFIED,2025-12-01,,0,404013887057162
PH000380,7320465456,Vi,Haryana,P000137,Paramjit Gill,VERIFIED,2021-03-12,,0,404066363638139
PH000381,9704210379,MTNL,Haryana,P000137,Paramjit Gill,VERIFIED,2019-07-30,,0,404082048793701
PH000382,9337759012,MTNL,Haryana,P000137,ADDRESS INCOMPLETE,BULK_ISSUED,2023-01-07,,1,404029201337045
PH000383,8750749113,MTNL,Haryana,P000137,Paramjit Gill,VERIFIED,2026-01-01,,0,404028236964938
PH000384,9844108834,Vi,Delhi,P000138,Rajwinder Sarao,VERIFIED,2018-05-22,,0,404042537424941
PH000385,7123928310,MTNL,Delhi,P000138,NOT AVAILABLE,FORGED_KYC,2024-02-27,,1,404091043979234
PH000386,9588004960,Vi,Haryana,P000139,Chhagan Saini,VERIFIED,2021-08-03,,0,404046905084951
PH000387,9557088328,BSNL,Jammu and Kashmir,P000140,Bhanwari Jat,VERIFIED,2025-07-04,,0,404004161435434
PH000388,9645574643,Airtel,Jammu and Kashmir,P000140,NOT AVAILABLE,FORGED_KYC,2026-06-09,2026-09-09,1,404030581815853
PH000389,7458099491,MTNL,Jammu and Kashmir,P000140,Bhanwari Jat,VERIFIED,2022-10-27,,0,404043733312938
PH000390,9485022080,Vi,Jammu and Kashmir,P000140,Bhanwari Jat,VERIFIED,2021-12-16,,0,404038479279513
PH000391,8018359146,Jio,Jammu and Kashmir,P000140,Bhanwari Jat,VERIFIED,2026-05-02,,0,404020140798340
PH000392,9898826874,Vi,Rajasthan,P000141,Paramjit Grewal,VERIFIED,2024-03-24,,0,404033731402903
PH000393,7211407559,BSNL,Rajasthan,P000141,Gurmeet Virk,FORGED_KYC,2019-03-12,2020-01-31,1,404063484430534
PH000394,9850823828,MTNL,Rajasthan,P000141,Paramjit Grewal,VERIFIED,2025-02-10,,0,404081613719588
PH000395,9463481415,BSNL,Jammu and Kashmir,P000142,Karamjit Bajwa,VERIFIED,2021-08-10,,0,404071807492239
PH000396,9041908274,Vi,Jammu and Kashmir,P000142,NOT AVAILABLE,UNVERIFIED,2019-07-14,2019-09-20,1,404065992507633
PH000397,9626701361,MTNL,Punjab,P000143,Nadeem Khan,VERIFIED,2023-11-23,,0,404016673221775
PH000398,8887735105,MTNL,Jammu and Kashmir,P000144,Yusuf Baig,VERIFIED,2022-04-19,,0,404073446850094
PH000399,9792936166,Airtel,Jammu and Kashmir,P000144,Yusuf Baig,VERIFIED,2023-02-14,,0,404090879296863
PH000400,7480222446,BSNL,Punjab,P000145,Nirmal Singh,VERIFIED,2024-03-12,,0,404016517586662
PH000401,8783392384,Jio,Punjab,P000145,ADDRESS INCOMPLETE,FORGED_KYC,2023-08-02,,1,404026917649857
PH000402,7435522094,Jio,Rajasthan,P000146,Paramjit Sarao,VERIFIED,2020-06-08,,0,404024562120254
PH000403,7313965452,Vi,Rajasthan,P000146,Paramjit Sarao,VERIFIED,2018-04-18,,0,404051765698364
PH000404,8275732514,Jio,Jammu and Kashmir,P000147,Devi Lal Sisodia,VERIFIED,2022-11-29,,0,404056173124321
PH000405,9261740353,Jio,Jammu and Kashmir,P000147,NOT AVAILABLE,BULK_ISSUED,2019-09-23,,1,404041727340697
PH000406,7015089229,MTNL,Jammu and Kashmir,P000147,ADDRESS INCOMPLETE,FORGED_KYC,2020-07-19,2021-08-01,1,404021337045038
PH000407,7811292881,Jio,Punjab,P000148,Bhanwar Saini,VERIFIED,2026-06-18,,0,404042385247965
PH000408,7888598069,Jio,Punjab,P000148,ADDRESS INCOMPLETE,BULK_ISSUED,2021-12-26,2022-06-24,1,404078889994984
PH000409,9569095940,Vi,Punjab,P000148,Bhanwar Saini,VERIFIED,2022-06-09,,0,404021989902077
PH000410,8833367705,Airtel,Punjab,P000148,Ratan Poonia,UNVERIFIED,2023-08-23,2023-11-29,1,404038412791325
PH000411,9898363320,MTNL,Jammu and Kashmir,P000149,Satnam Sandhu,VERIFIED,2022-04-20,,0,404048168531999
PH000412,9987027392,Vi,Jammu and Kashmir,P000149,ADDRESS INCOMPLETE,FORGED_KYC,2018-05-17,2018-07-28,1,404014642508823
PH000413,8347732372,Vi,Jammu and Kashmir,P000149,ADDRESS INCOMPLETE,FORGED_KYC,2020-03-23,,1,404013324061869
PH000414,9593777242,Vi,Delhi,P000150,Sarfaraz Mansuri,VERIFIED,2023-05-11,,0,404027841287612
PH000415,8898779994,MTNL,Delhi,P000150,NOT AVAILABLE,BULK_ISSUED,2022-10-14,2023-10-29,1,404006812756104
PH000416,8086848106,Airtel,Delhi,P000150,Sarfaraz Mansuri,VERIFIED,2023-04-19,,0,404047165693865
PH000417,9705004510,BSNL,Punjab,P000151,Baljinder Mann,VERIFIED,2019-07-20,,0,404066058809592
PH000418,9083225702,Jio,Punjab,P000151,ADDRESS INCOMPLETE,BULK_ISSUED,2025-03-05,2025-12-14,1,404066028928149
PH000419,9117815483,BSNL,Punjab,P000151,NOT AVAILABLE,FORGED_KYC,2021-12-04,,1,404083366449347
PH000420,9168414579,Vi,Rajasthan,P000152,Bhoma Poonia,VERIFIED,2025-09-21,,0,404057381567997
PH000421,7432763916,MTNL,Rajasthan,P000152,NOT AVAILABLE,FORGED_KYC,2021-11-09,2021-12-04,1,404097687659647
PH000422,8612006789,BSNL,Delhi,P000153,Shahnawaz Mansuri,VERIFIED,2020-03-03,,0,404026715691470
PH000423,9494541646,Jio,Delhi,P000153,Shahnawaz Mansuri,VERIFIED,2024-02-03,,0,404071500665285
PH000424,8668592222,Jio,Delhi,P000153,NOT AVAILABLE,BULK_ISSUED,2020-12-02,2021-11-16,1,404097741442018
PH000425,7878348814,BSNL,Jammu and Kashmir,P000154,Nadeem Farooqui,VERIFIED,2020-08-25,,0,404008247407943
PH000426,8266196213,Airtel,Jammu and Kashmir,P000154,Shakeel Farooqui,BULK_ISSUED,2019-04-08,,1,404050197610321
PH000427,8772670511,MTNL,Jammu and Kashmir,P000154,Nadeem Farooqui,VERIFIED,2023-08-20,,0,404038830904581
PH000428,7293042018,Vi,Jammu and Kashmir,P000154,Nadeem Farooqui,VERIFIED,2020-02-04,,0,404090527311876
PH000429,8513538473,Airtel,Delhi,P000155,Ashfaq Shaikh,VERIFIED,2023-10-04,,0,404042057036595
PH000430,9692904699,MTNL,Delhi,P000155,Ibrahim Sheikh,BULK_ISSUED,2018-04-16,2019-01-01,1,404072137026167
PH000431,8502241026,Airtel,Delhi,P000155,Ashfaq Shaikh,VERIFIED,2023-04-30,,0,404010830832091
PH000432,9615311892,Airtel,Delhi,P000155,Abdul Mansuri,FORGED_KYC,2019-05-16,2019-10-08,1,404039729887287
PH000433,9085510889,Airtel,Punjab,P000156,Paramjit Gill,VERIFIED,2022-03-08,,0,404017108748531
PH000434,7960872547,BSNL,Punjab,P000156,Paramjit Gill,VERIFIED,2026-05-26,,0,404075388176835
PH000435,7301621989,BSNL,Punjab,P000156,NOT AVAILABLE,BULK_ISSUED,2023-11-17,,1,404031681516491
PH000436,7716954323,Airtel,Haryana,P000157,Devi Lal Godara,VERIFIED,2019-04-10,,0,404046935516978
PH000437,9404397188,MTNL,Haryana,P000157,NOT AVAILABLE,FORGED_KYC,2023-07-28,,1,404069656455392
PH000438,8245440668,MTNL,Haryana,P000157,NOT AVAILABLE,FORGED_KYC,2020-04-12,2021-02-27,1,404028369308011
PH000439,9401129520,BSNL,Delhi,P000158,Sarfaraz Siddiqui,VERIFIED,2024-08-25,,0,404081874146566
PH000440,8854495697,BSNL,Jammu and Kashmir,P000159,Lakhwinder Brar,VERIFIED,2024-03-11,,0,404055612340015
PH000441,7443088486,Jio,Rajasthan,P000160,Rachhpal Singh,VERIFIED,2020-09-09,,0,404064144250969
PH000442,8801550880,BSNL,Rajasthan,P000160,Rachhpal Singh,VERIFIED,2021-09-21,,0,404039584545052
PH000443,7147680985,BSNL,Rajasthan,P000160,Rachhpal Singh,VERIFIED,2021-11-09,,0,404083505183440
PH000444,8268843316,Vi,Haryana,P000161,Mohan Sisodia,VERIFIED,2025-10-11,,0,404009833812724
PH000445,7381761426,BSNL,Rajasthan,P000162,Amarjit Dhillon,VERIFIED,2021-12-20,,0,404024436770411
PH000446,9849135974,MTNL,Rajasthan,P000162,NOT AVAILABLE,UNVERIFIED,2025-01-31,,1,404025275317791
PH000447,8356337343,Vi,Rajasthan,P000162,Amarjit Dhillon,VERIFIED,2022-12-15,,0,404088919000024
PH000448,7829852704,MTNL,Jammu and Kashmir,P000163,Shahnaz Siddiqui,VERIFIED,2023-10-07,,0,404073444634647
PH000449,7015221815,MTNL,Jammu and Kashmir,P000163,ADDRESS INCOMPLETE,FORGED_KYC,2021-10-17,2021-12-13,1,404023688660882
PH000450,9117286421,Airtel,Delhi,P000164,Gurmeet Aulakh,VERIFIED,2021-12-17,,0,404060171472229
PH000451,7396516441,MTNL,Delhi,P000164,Gurmeet Aulakh,VERIFIED,2021-03-09,,0,404005400853809
PH000452,9299097989,BSNL,Delhi,P000164,ADDRESS INCOMPLETE,FORGED_KYC,2023-03-25,,1,404031187087815
PH000453,7265670986,BSNL,Delhi,P000164,ADDRESS INCOMPLETE,UNVERIFIED,2024-07-22,2025-04-11,1,404016820385285
PH000454,9226292259,Vi,Haryana,P000165,Nadeem Chaudhary,VERIFIED,2024-06-08,,0,404037621098532
PH000455,7115242443,Jio,Punjab,P000166,Faizan Hussain,VERIFIED,2024-04-18,,0,404002993210367
PH000456,9218116076,Airtel,Rajasthan,P000167,Sukhwinder Dhillon,VERIFIED,2019-10-05,,0,404010969262168
PH000457,8916734214,Airtel,Delhi,P000168,Sukhdev Bhullar,VERIFIED,2023-05-02,,0,404011407813664
PH000458,7683942713,Vi,Delhi,P000168,Sukhdev Bhullar,VERIFIED,2018-02-10,,0,404024706492225
PH000459,9840048952,Vi,Delhi,P000168,Sukhdev Bhullar,VERIFIED,2019-02-03,,0,404014345646639
PH000460,7159183765,Airtel,Punjab,P000169,Rukhsana Ahmed,VERIFIED,2021-04-14,,0,404097900578341
PH000461,7265148111,Vi,Haryana,P000170,Gopal Poonia,VERIFIED,2024-07-01,,0,404068726117370
PH000462,8159967313,Jio,Haryana,P000170,Hanuman Bishnoi,FORGED_KYC,2024-02-11,2024-06-09,1,404024346662913
PH000463,7794406014,BSNL,Haryana,P000170,Gopal Poonia,VERIFIED,2020-01-01,,0,404012058498447
PH000464,8548133533,Airtel,Haryana,P000170,Gopal Poonia,VERIFIED,2022-10-10,,0,404069417518007
PH000465,7883868612,Airtel,Haryana,P000170,NOT AVAILABLE,BULK_ISSUED,2024-01-02,,1,404005073090729
PH000466,9536667313,MTNL,Haryana,P000170,Gopal Poonia,VERIFIED,2023-12-07,,0,404062863389754
PH000467,7978745456,Jio,Punjab,P000171,Mohammed Shaikh,VERIFIED,2024-09-21,,0,404031868659279
PH000468,9436518370,Vi,Rajasthan,P000172,Kanta Choudhary,VERIFIED,2022-12-22,,0,404070237125068
PH000469,9935813979,Vi,Rajasthan,P000172,Kanta Choudhary,VERIFIED,2019-07-17,,0,404019624524055
PH000470,9198855229,Airtel,Rajasthan,P000172,Bheru Saini,FORGED_KYC,2020-08-12,2021-06-13,1,404059845855422
PH000471,9929129896,BSNL,Rajasthan,P000172,ADDRESS INCOMPLETE,UNVERIFIED,2026-03-04,,1,404037063230017
PH000472,9755240278,Airtel,Rajasthan,P000173,Ibrahim Ahmed,VERIFIED,2019-02-02,,0,404001581130839
PH000473,7624615522,Vi,Jammu and Kashmir,P000174,Ranveer Gurjar,VERIFIED,2020-07-11,,0,404011341481268
PH000474,9235273839,BSNL,Jammu and Kashmir,P000174,Ranveer Gurjar,VERIFIED,2022-04-25,,0,404088560694568
PH000475,8957996591,Airtel,Jammu and Kashmir,P000174,ADDRESS INCOMPLETE,UNVERIFIED,2018-07-31,2018-09-25,1,404049493078457
PH000476,9323077146,Vi,Jammu and Kashmir,P000174,ADDRESS INCOMPLETE,UNVERIFIED,2020-10-22,,1,404001183769108
PH000477,8713780110,Vi,Jammu and Kashmir,P000174,Ranveer Gurjar,VERIFIED,2024-02-18,,0,404070844445325
PH000478,9303777311,Jio,Haryana,P000175,Rajesh Prajapati,VERIFIED,2024-08-17,,0,404025375933585
PH000479,8260702873,BSNL,Haryana,P000176,Sanjib Gayen,VERIFIED,2022-03-09,,0,404023805712166
PH000480,7573428904,Airtel,Haryana,P000176,NOT AVAILABLE,BULK_ISSUED,2022-05-01,,1,404044606889589
PH000481,9906605808,Vi,Haryana,P000177,Palash Sardar,VERIFIED,2019-04-24,,0,404069028917088
PH000482,8553087722,BSNL,Haryana,P000177,NOT AVAILABLE,UNVERIFIED,2019-07-31,,1,404034958601500
PH000483,8932986536,BSNL,Jharkhand,P000178,Udaiveer Saini,VERIFIED,2022-03-20,,0,404014501818785
PH000484,7803764941,Airtel,West Bengal,P000179,Nepal Mistry,VERIFIED,2019-06-02,,0,404030984552255
PH000485,7428514136,Airtel,West Bengal,P000179,Nepal Mistry,VERIFIED,2025-12-03,,0,404025586133330
PH000486,9037236790,MTNL,West Bengal,P000179,Anup Sarkar,BULK_ISSUED,2025-01-18,2026-01-11,1,404052211118909
PH000487,8893330913,MTNL,West Bengal,P000179,Nepal Mistry,VERIFIED,2018-07-20,,0,404091986020828
PH000488,9348848618,Jio,Bihar,P000180,Sukumar Biswas,VERIFIED,2022-11-17,,0,404074575768263
PH000489,7189730365,MTNL,Bihar,P000180,Sukumar Biswas,VERIFIED,2025-08-14,,0,404007746743340
PH000490,8782763439,Vi,Karnataka,P000181,Satish Rajput,VERIFIED,2023-11-24,,0,404063571886835
PH000491,7972747931,MTNL,Karnataka,P000181,NOT AVAILABLE,FORGED_KYC,2020-08-03,2020-10-13,1,404023367812155
PH000492,7799770414,Vi,Karnataka,P000181,Satish Rajput,VERIFIED,2019-10-17,,0,404088613643235
PH000493,7487755484,Jio,Karnataka,P000181,Satish Rajput,VERIFIED,2018-05-14,,0,404004210997988
PH000494,8367939927,MTNL,Karnataka,P000181,Lekhraj Awasthi,UNVERIFIED,2018-01-19,2019-02-04,1,404007989097892
PH000495,7500822449,Jio,Jharkhand,P000182,Iqbal Pathan,VERIFIED,2025-01-13,,0,404030610855704
PH000496,8241511822,Airtel,Jharkhand,P000182,Iqbal Qureshi,BULK_ISSUED,2020-11-09,,1,404029501023232
PH000497,8828581427,Airtel,Jharkhand,P000182,Iqbal Pathan,VERIFIED,2019-05-11,,0,404050221491610
PH000498,7205978428,Jio,Jharkhand,P000182,ADDRESS INCOMPLETE,FORGED_KYC,2024-07-06,,1,404051941997981
PH000499,7904026166,MTNL,Haryana,P000183,Ranjan Mondal,VERIFIED,2024-02-03,,0,404045015622584
PH000500,7959827814,BSNL,Haryana,P000183,Ranjan Mondal,VERIFIED,2018-03-15,,0,404005649717291
PH000501,9749442283,Airtel,Delhi,P000184,Ramesh Srivastava,VERIFIED,2023-01-29,,0,404099587427963
PH000502,8962577416,Jio,Delhi,P000185,Ashok Bhadauria,VERIFIED,2026-02-04,,0,404065665764063
PH000503,7169679693,MTNL,Delhi,P000185,ADDRESS INCOMPLETE,BULK_ISSUED,2023-09-15,2023-11-12,1,404062344369285
PH000504,7273665667,Airtel,Haryana,P000186,Netrapal Rathore,VERIFIED,2024-12-21,,0,404090607277236
PH000505,9108519838,BSNL,Delhi,P000187,Naresh Jaiswal,VERIFIED,2020-10-14,,0,404006962498956
PH000506,9697586380,Vi,Delhi,P000187,NOT AVAILABLE,UNVERIFIED,2018-06-25,,1,404016166130635
PH000507,7638568369,Vi,Delhi,P000188,Sujoy Sarkar,VERIFIED,2019-01-01,,0,404070015034316
PH000508,7833571205,BSNL,Delhi,P000188,Nirmal Barman,FORGED_KYC,2026-02-25,2026-07-12,1,404038606828972
PH000509,7856453107,BSNL,Delhi,P000188,Sujoy Sarkar,VERIFIED,2023-01-14,,0,404090700960896
PH000510,7857161563,Airtel,Delhi,P000188,NOT AVAILABLE,BULK_ISSUED,2025-03-24,2025-08-01,1,404010132312303
PH000511,9660807539,Airtel,Uttar Pradesh,P000189,Pradip Roy,VERIFIED,2019-05-07,,0,404098567600427
PH000512,8751996832,BSNL,Bihar,P000190,Iqbal Khan,VERIFIED,2025-09-24,,0,404062890823710
PH000513,8604732722,Vi,Bihar,P000190,NOT AVAILABLE,BULK_ISSUED,2019-11-05,,1,404011625969718
PH000514,8231593809,BSNL,Bihar,P000190,ADDRESS INCOMPLETE,UNVERIFIED,2025-07-06,2025-09-20,1,404011891928344
PH000515,7444376292,Jio,Bihar,P000191,Firoz Sheikh,VERIFIED,2019-09-13,,0,404066545667037
PH000516,9955753882,Vi,Bihar,P000191,ADDRESS INCOMPLETE,UNVERIFIED,2018-10-02,,1,404037117185691
PH000517,8685359135,MTNL,Jharkhand,P000192,Faizan Malik,VERIFIED,2024-08-05,,0,404026374788824
PH000518,8432695372,Vi,Jharkhand,P000193,Nirmal Barman,VERIFIED,2020-08-01,,0,404044971226951
PH000519,7500912585,Airtel,Jharkhand,P000193,Nirmal Barman,VERIFIED,2020-09-18,,0,404040297089538
PH000520,9140137489,BSNL,Jharkhand,P000193,Nirmal Barman,VERIFIED,2023-04-18,,0,404078263769246
PH000521,9688682875,BSNL,Bihar,P000194,Bandana Das,VERIFIED,2020-10-29,,0,404019887230755
PH000522,8258413009,Airtel,Bihar,P000194,Bandana Das,VERIFIED,2022-07-25,,0,404022064620667
PH000523,7294102829,BSNL,Bihar,P000194,Bandana Das,VERIFIED,2020-09-11,,0,404038026492803
PH000524,9581772925,BSNL,Bihar,P000194,NOT AVAILABLE,FORGED_KYC,2019-10-23,2020-09-30,1,404068123053252
PH000525,7979905233,Vi,West Bengal,P000195,Anil Thakur,VERIFIED,2022-09-05,,0,404075091783563
PH000526,9158588118,Vi,West Bengal,P000195,NOT AVAILABLE,FORGED_KYC,2021-01-11,,1,404070775766271
PH000527,8489293090,BSNL,Bihar,P000196,Sujoy Chakraborty,VERIFIED,2025-05-20,,0,404072584009062
PH000528,7050689025,Vi,Bihar,P000196,ADDRESS INCOMPLETE,BULK_ISSUED,2021-01-18,2021-08-23,1,404073784070419
PH000529,9417723797,Airtel,Bihar,P000196,Sujoy Chakraborty,VERIFIED,2019-05-10,,0,404009053301925
PH000530,7048550231,Airtel,Bihar,P000196,Sujoy Chakraborty,VERIFIED,2022-10-18,,0,404074471565037
PH000531,8363579038,Jio,Delhi,P000197,Gopal Roy,VERIFIED,2023-06-24,,0,404086832007386
PH000532,7929103749,BSNL,Uttar Pradesh,P000198,Pradip Barman,VERIFIED,2024-01-28,,0,404036456712124
PH000533,9841557213,Jio,Uttar Pradesh,P000198,Pradip Barman,VERIFIED,2022-12-31,,0,404091396839028
PH000534,8511350336,BSNL,Uttar Pradesh,P000198,NOT AVAILABLE,BULK_ISSUED,2023-06-13,2023-07-06,1,404049278367744
PH000535,8576753299,MTNL,Karnataka,P000199,Imran Hussain,VERIFIED,2024-12-09,,0,404083918759905
PH000536,9248246411,MTNL,Karnataka,P000199,Arif Khan,BULK_ISSUED,2019-04-25,,1,404046700616938
PH000537,9553387928,Airtel,Uttar Pradesh,P000200,Kavita Dubey,VERIFIED,2018-04-08,,0,404092912381187
PH000538,8543262843,Airtel,Uttar Pradesh,P000200,Kavita Dubey,VERIFIED,2018-07-05,,0,404037603567294
PH000539,7972833343,Airtel,Uttar Pradesh,P000200,Udaiveer Nishad,BULK_ISSUED,2023-05-26,2024-01-12,1,404032227561758
PH000540,8430981819,Airtel,Uttar Pradesh,P000200,Kavita Dubey,VERIFIED,2025-07-13,,0,404042412963597
PH000541,8967570571,BSNL,Delhi,P000201,Balbir Singh,VERIFIED,2022-04-11,,0,404015918333356
PH000542,7335841034,Jio,Delhi,P000201,Balbir Singh,VERIFIED,2022-03-04,,0,404013732022017
PH000543,8306868663,Jio,Delhi,P000201,Balbir Singh,VERIFIED,2019-12-18,,0,404070996488639
PH000544,8829959110,Airtel,Delhi,P000201,ADDRESS INCOMPLETE,UNVERIFIED,2023-01-30,2023-04-05,1,404093835093275
PH000545,9786320130,BSNL,Delhi,P000201,Balbir Singh,VERIFIED,2022-05-11,,0,404053323969118
PH000546,7710094531,MTNL,Uttar Pradesh,P000202,Sujoy Das,VERIFIED,2022-10-14,,0,404042236532714
PH000547,7076233275,Jio,Uttar Pradesh,P000202,NOT AVAILABLE,UNVERIFIED,2025-10-14,,1,404083174936016
PH000548,9663073722,Vi,Uttar Pradesh,P000202,Sujoy Das,VERIFIED,2023-04-28,,0,404075848363917
PH000549,7029578822,Airtel,Uttar Pradesh,P000202,ADDRESS INCOMPLETE,UNVERIFIED,2020-05-17,2020-07-23,1,404023422342264
PH000550,8948254576,Airtel,Bihar,P000203,Palash Gayen,VERIFIED,2025-10-31,,0,404044782001376
PH000551,7237242046,Vi,Bihar,P000203,Sanjib Pal,FORGED_KYC,2019-10-15,,1,404070572677983
PH000552,9303043307,BSNL,Bihar,P000203,Palash Gayen,VERIFIED,2018-07-14,,0,404090012153238
PH000553,9962718106,Airtel,Bihar,P000203,ADDRESS INCOMPLETE,UNVERIFIED,2024-05-23,2024-06-12,1,404044806676462
PH000554,9945089066,Jio,Delhi,P000204,Jagdish Rajput,VERIFIED,2021-06-01,,0,404036340916169
PH000555,9528043326,Vi,Delhi,P000204,NOT AVAILABLE,BULK_ISSUED,2020-03-20,2020-09-16,1,404016494615286
PH000556,9007949179,Jio,Delhi,P000204,ADDRESS INCOMPLETE,BULK_ISSUED,2024-11-12,2025-04-30,1,404081257060298
PH000557,9871470675,MTNL,Delhi,P000204,Jagdish Rajput,VERIFIED,2020-12-23,,0,404065000219797
PH000558,9070486016,Vi,Delhi,P000204,Jagdish Rajput,VERIFIED,2022-09-23,,0,404061246625695
PH000559,9528026142,Airtel,Delhi,P000204,Jagdish Rajput,VERIFIED,2018-09-30,,0,404084746978513
PH000560,7248764273,Jio,Bihar,P000205,Anup Adhikari,VERIFIED,2021-04-13,,0,404009201887069
PH000561,7111628016,MTNL,Bihar,P000205,Bikash Adhikari,FORGED_KYC,2019-08-29,,1,404081975077218
PH000562,9950565534,Jio,Bihar,P000205,Anup Adhikari,VERIFIED,2018-03-17,,0,404002671617277
PH000563,9831611869,MTNL,Bihar,P000205,Anup Adhikari,VERIFIED,2024-05-08,,0,404014218592930
PH000564,7429468976,Jio,Bihar,P000205,Anup Adhikari,VERIFIED,2025-08-01,,0,404066118570010
PH000565,7611035807,BSNL,Bihar,P000206,Mahesh Shukla,VERIFIED,2023-11-12,,0,404010912045938
PH000566,8035468196,BSNL,Bihar,P000206,Ashok Thakur,BULK_ISSUED,2022-03-23,,1,404000373637570
PH000567,7077833682,BSNL,Bihar,P000206,ADDRESS INCOMPLETE,BULK_ISSUED,2025-10-17,,1,404046455753100
PH000568,7490094017,BSNL,Uttar Pradesh,P000207,Mahesh Sharma,VERIFIED,2019-04-21,,0,404049192832495
PH000569,9670249116,MTNL,Uttar Pradesh,P000207,NOT AVAILABLE,BULK_ISSUED,2024-08-15,,1,404078776297467
PH000570,7378219279,Jio,Uttar Pradesh,P000207,Mahesh Sharma,VERIFIED,2025-10-17,,0,404006846428734
PH000571,8619799111,Airtel,Bihar,P000208,Mushtaq Rahman,VERIFIED,2022-05-06,,0,404007366196719
PH000572,8616266714,Jio,Bihar,P000208,Mushtaq Rahman,VERIFIED,2022-11-03,,0,404068265970073
PH000573,7325983399,Jio,Bihar,P000209,Nadeem Rahman,VERIFIED,2023-07-11,,0,404097936864215
PH000574,8210912827,BSNL,Bihar,P000209,Nadeem Rahman,VERIFIED,2019-07-02,,0,404056539983767
PH000575,8367730142,Airtel,Bihar,P000209,Nadeem Rahman,VERIFIED,2022-09-23,,0,404052794340716
PH000576,8584860564,Jio,Bihar,P000209,Nadeem Rahman,VERIFIED,2022-06-30,,0,404031066602972
PH000577,7951916002,Airtel,Uttar Pradesh,P000210,Haroon Idrisi,VERIFIED,2020-03-11,,0,404026567992662
PH000578,7378148089,BSNL,Uttar Pradesh,P000210,Haroon Idrisi,VERIFIED,2026-01-18,,0,404058614692119
PH000579,8174122876,BSNL,Uttar Pradesh,P000210,Haroon Idrisi,VERIFIED,2024-01-14,,0,404004447186941
PH000580,7672811223,Jio,Karnataka,P000211,Imran Baig,VERIFIED,2021-02-06,,0,404044886366802
PH000581,8897526570,Jio,Karnataka,P000211,Yusuf Idrisi,BULK_ISSUED,2024-02-09,,1,404044329081160
PH000582,9139561361,Vi,Karnataka,P000211,Imran Baig,VERIFIED,2022-08-11,,0,404010037492120
PH000583,7177571555,BSNL,Karnataka,P000211,Imran Baig,VERIFIED,2023-10-01,,0,404023947646914
PH000584,9109519809,Vi,Karnataka,P000211,Rizwan Zaidi,UNVERIFIED,2022-03-13,,1,404060326625103
PH000585,9503302467,BSNL,Karnataka,P000211,Imran Baig,VERIFIED,2018-04-14,,0,404069688706410
PH000586,9292693609,MTNL,Jharkhand,P000212,Mousumi Sen,VERIFIED,2019-06-26,,0,404070739955131
PH000587,8663594123,Jio,Jharkhand,P000212,NOT AVAILABLE,UNVERIFIED,2024-05-17,,1,404045377096422
PH000588,7321914423,MTNL,Jharkhand,P000212,NOT AVAILABLE,UNVERIFIED,2022-01-30,2022-05-26,1,404003274154642
PH000589,7154312226,Vi,Haryana,P000213,Ajay Tiwari,VERIFIED,2020-11-26,,0,404092327244503
PH000590,9049952325,Airtel,Haryana,P000213,Ajay Tiwari,VERIFIED,2021-06-01,,0,404077422671648
PH000591,9946260553,MTNL,Haryana,P000213,Ajay Tiwari,VERIFIED,2019-05-15,,0,404055588599189
PH000592,9015393622,Airtel,West Bengal,P000214,Subhas Dutta,VERIFIED,2022-08-09,,0,404039364695494
PH000593,8785073257,MTNL,West Bengal,P000214,Tapan Mistry,BULK_ISSUED,2024-04-25,2025-02-01,1,404090772692523
PH000594,9825070120,Jio,West Bengal,P000214,Subhas Dutta,UNVERIFIED,2024-11-16,2025-07-20,1,404058822272485
PH000595,8678734053,MTNL,West Bengal,P000214,ADDRESS INCOMPLETE,UNVERIFIED,2018-09-17,,1,404077037379672
PH000596,9573760278,BSNL,Haryana,P000215,Udaiveer Yadav,VERIFIED,2024-02-07,,0,404003321583630
PH000597,9141951307,Vi,Bihar,P000216,Firoz Ahmed,VERIFIED,2026-04-16,,0,404055290035920
PH000598,8130804027,BSNL,Haryana,P000217,Vinod Sharma,VERIFIED,2019-11-28,,0,404017781289332
PH000599,9436770989,Vi,Delhi,P000218,Haroon Baig,VERIFIED,2025-01-04,,0,404034251701358
PH000600,7448993087,Jio,Delhi,P000218,Nadeem Khan,UNVERIFIED,2019-10-06,2020-04-17,1,404018804112126
PH000601,8310296746,MTNL,Delhi,P000218,Haroon Baig,VERIFIED,2025-10-31,,0,404077803493163
PH000602,7755749085,BSNL,Delhi,P000218,Haroon Baig,VERIFIED,2025-10-19,,0,404047177155648
PH000603,7922709557,BSNL,Bihar,P000219,Jagdish Tomar,VERIFIED,2026-01-10,,0,404020053688908
PH000604,9682018776,BSNL,Bihar,P000219,ADDRESS INCOMPLETE,UNVERIFIED,2021-07-07,,1,404041153091270
PH000605,9027244709,MTNL,Bihar,P000219,NOT AVAILABLE,UNVERIFIED,2022-04-29,2022-12-09,1,404007162392526
PH000606,9075768112,Jio,Bihar,P000219,Jagdish Tomar,VERIFIED,2022-02-02,,0,404005655530407
PH000607,8533580582,MTNL,West Bengal,P000220,Yogendra Gupta,VERIFIED,2022-12-31,,0,404098959814880
PH000608,8374642273,Jio,West Bengal,P000220,Yogendra Gupta,VERIFIED,2018-10-01,,0,404006364704870
PH000609,7290322211,Airtel,West Bengal,P000221,Triloki Solanki,VERIFIED,2023-06-15,,0,404088691866070
PH000610,8524168584,Vi,West Bengal,P000221,NOT AVAILABLE,BULK_ISSUED,2025-10-01,,1,404081053405347
PH000611,9181079934,Vi,West Bengal,P000221,Triloki Solanki,VERIFIED,2025-03-07,,0,404065139072674
PH000612,9430200686,Vi,Uttar Pradesh,P000222,Prakash Srivastava,VERIFIED,2018-06-15,,0,404023204204224
PH000613,7985013672,Vi,Uttar Pradesh,P000222,Prakash Srivastava,VERIFIED,2020-12-07,,0,404050893200858
PH000614,9893269446,Vi,Uttar Pradesh,P000222,Prakash Srivastava,VERIFIED,2021-08-16,,0,404031029120976
PH000615,7293041808,Vi,Karnataka,P000223,Har Prasad Yadav,VERIFIED,2020-03-18,,0,404082960462087
PH000616,7356343976,MTNL,Karnataka,P000223,Har Prasad Yadav,VERIFIED,2020-06-22,,0,404025238154743
PH000617,8075538350,BSNL,Karnataka,P000223,Har Prasad Yadav,VERIFIED,2024-10-21,,0,404054139074432
PH000618,8416889729,Airtel,Haryana,P000224,Sunil Bhardwaj,VERIFIED,2022-11-04,,0,404019010185540
PH000619,9838171747,Vi,Haryana,P000224,Jagdish Dixit,UNVERIFIED,2020-11-28,2020-12-24,1,404092328533736
PH000620,7041054589,BSNL,Uttar Pradesh,P000225,Arindam Gayen,VERIFIED,2021-05-11,,0,404001937728675
PH000621,7645710717,MTNL,Uttar Pradesh,P000225,NOT AVAILABLE,UNVERIFIED,2026-04-18,,1,404002647223146
PH000622,9976579667,Vi,Uttar Pradesh,P000225,Arindam Gayen,VERIFIED,2018-07-08,,0,404081343447762
PH000623,8277368523,BSNL,Bihar,P000226,Debashish Roy,VERIFIED,2018-10-31,,0,404047611558497
PH000624,9556088638,Vi,Uttar Pradesh,P000227,Pradip Biswas,VERIFIED,2024-03-29,,0,404019628419447
PH000625,8823218395,BSNL,Uttar Pradesh,P000227,Pradip Biswas,VERIFIED,2026-02-08,,0,404068538933562
PH000626,8763189278,BSNL,Uttar Pradesh,P000227,ADDRESS INCOMPLETE,UNVERIFIED,2021-11-21,,1,404068796737995
PH000627,8966521634,MTNL,Uttar Pradesh,P000227,NOT AVAILABLE,BULK_ISSUED,2018-05-14,2019-05-16,1,404048010511842
PH000628,9936540197,Airtel,Delhi,P000228,Rupa Roy,VERIFIED,2022-11-02,,0,404011120272216
PH000629,8993892733,Vi,Delhi,P000228,ADDRESS INCOMPLETE,UNVERIFIED,2021-04-24,,1,404086354692326
PH000630,8023858972,Vi,Haryana,P000229,Abdul Sheikh,VERIFIED,2025-09-20,,0,404006713223709
PH000631,9939015339,Vi,Haryana,P000229,Tanveer Alam,BULK_ISSUED,2020-09-09,2021-02-20,1,404026509012818
PH000632,7136100460,Vi,Bihar,P000230,Tapan Sarkar,VERIFIED,2020-09-21,,0,404010019950098
PH000633,9875205935,Vi,Bihar,P000230,NOT AVAILABLE,BULK_ISSUED,2021-01-16,2021-09-01,1,404023974247425
PH000634,9874651984,BSNL,Bihar,P000230,Gautam Naskar,BULK_ISSUED,2024-07-08,,1,404016032888948
PH000635,8651640640,Jio,West Bengal,P000231,Swapan Bose,VERIFIED,2018-09-11,,0,404058445128272
PH000636,7216649724,MTNL,West Bengal,P000231,Swapan Bose,VERIFIED,2024-01-02,,0,404032595748591
PH000637,8893345823,MTNL,West Bengal,P000231,Swapan Bose,VERIFIED,2020-04-24,,0,404081871694675
PH000638,7492476807,Airtel,West Bengal,P000231,Swapan Bose,VERIFIED,2024-11-16,,0,404057975131546
PH000639,9606294944,BSNL,West Bengal,P000231,Anup Majumdar,UNVERIFIED,2022-09-26,2023-05-21,1,404055769998751
PH000640,8239960144,BSNL,West Bengal,P000231,ADDRESS INCOMPLETE,BULK_ISSUED,2024-08-22,2024-12-28,1,404099771944595
PH000641,9848875340,BSNL,Karnataka,P000232,Netrapal Singh,VERIFIED,2018-07-14,,0,404032845688932
PH000642,8510822819,Vi,Karnataka,P000232,Netrapal Singh,VERIFIED,2018-09-25,,0,404003349775933
PH000643,8745490867,MTNL,Karnataka,P000232,Netrapal Singh,VERIFIED,2020-08-06,,0,404013823119676
PH000644,7735663882,MTNL,Karnataka,P000232,NOT AVAILABLE,FORGED_KYC,2025-06-22,,1,404069777730842
PH000645,7436810463,BSNL,Karnataka,P000232,Chandrabhan Chauhan,BULK_ISSUED,2018-09-05,2019-08-11,1,404001546121491
PH000646,8373194194,MTNL,Karnataka,P000232,Netrapal Singh,VERIFIED,2024-01-07,,0,404026511858020
PH000647,9367400184,BSNL,Jharkhand,P000233,Naseer Saifi,VERIFIED,2025-05-23,,0,404066995359607
PH000648,9568426336,Jio,Delhi,P000234,Faizan Shaikh,VERIFIED,2020-04-10,,0,404089135596572
PH000649,9541476238,Jio,Delhi,P000234,NOT AVAILABLE,FORGED_KYC,2024-03-11,,1,404094618677164
PH000650,9199129363,Airtel,Delhi,P000234,Firoz Chaudhary,BULK_ISSUED,2022-09-17,,1,404029798013472
PH000651,8766751965,Airtel,Delhi,P000234,NOT AVAILABLE,FORGED_KYC,2024-05-02,,1,404039274991438
PH000652,9517037613,Vi,Haryana,P000235,Dinesh Baghel,VERIFIED,2021-07-07,,0,404024281694538
PH000653,8424475398,BSNL,Haryana,P000235,ADDRESS INCOMPLETE,BULK_ISSUED,2019-10-27,,1,404020148292379
PH000654,9396865066,Jio,Haryana,P000235,Dinesh Baghel,VERIFIED,2022-02-12,,0,404011655865115
PH000655,9100660567,BSNL,Haryana,P000235,Chandrabhan Rajput,BULK_ISSUED,2021-08-19,2022-06-08,1,404013600843800
PH000656,8367845334,Airtel,Karnataka,P000236,Shyamlal Rajput,VERIFIED,2026-03-02,,0,404035784370118
PH000657,7929560302,MTNL,Karnataka,P000237,Tapan Sardar,VERIFIED,2018-09-09,,0,404030958720207
PH000658,7339887842,MTNL,Bihar,P000238,Girdhari Baghel,VERIFIED,2018-10-14,,0,404053371894284
PH000659,9885638028,Vi,Bihar,P000238,Anil Verma,FORGED_KYC,2025-01-15,,1,404004164851559
PH000660,8117274847,MTNL,Karnataka,P000239,Kuldeep Rathore,VERIFIED,2020-07-27,,0,404027059944617
PH000661,8506740912,BSNL,Karnataka,P000239,ADDRESS INCOMPLETE,BULK_ISSUED,2018-08-18,2019-01-28,1,404070071106480
PH000662,7387063378,BSNL,Uttar Pradesh,P000240,Javed Ansari,VERIFIED,2026-01-11,,0,404047267326813
PH000663,7176202820,BSNL,Uttar Pradesh,P000240,NOT AVAILABLE,BULK_ISSUED,2025-05-17,2025-11-05,1,404096241324591
PH000664,7821582545,Jio,Uttar Pradesh,P000240,NOT AVAILABLE,FORGED_KYC,2018-10-26,,1,404082500869920
PH000665,7194315211,MTNL,Jharkhand,P000241,Shakeel Zaidi,VERIFIED,2019-10-03,,0,404097178625615
PH000666,8910303379,MTNL,Uttar Pradesh,P000242,Pradeep Maurya,VERIFIED,2021-02-17,,0,404016185029767
PH000667,8950761404,MTNL,Haryana,P000243,Reshma Hussain,VERIFIED,2019-03-17,,0,404068716907338
PH000668,7349892168,Vi,Haryana,P000243,ADDRESS INCOMPLETE,BULK_ISSUED,2024-09-24,2024-12-03,1,404047939836469
PH000669,8960338223,MTNL,Haryana,P000243,Reshma Hussain,VERIFIED,2025-02-11,,0,404022353755727
PH000670,8875003814,Jio,Uttar Pradesh,P000244,Altaf Baig,VERIFIED,2022-11-03,,0,404043880153150
PH000671,7985842556,Jio,Uttar Pradesh,P000244,ADDRESS INCOMPLETE,UNVERIFIED,2023-12-23,,1,404084376018325
PH000672,8953524693,BSNL,Uttar Pradesh,P000244,Altaf Baig,VERIFIED,2019-04-27,,0,404004259904019
PH000673,8127737481,Jio,West Bengal,P000245,Kartik Adhikari,VERIFIED,2020-06-20,,0,404084487890529
PH000674,7002558782,Vi,West Bengal,P000245,Kartik Adhikari,VERIFIED,2021-03-31,,0,404073130220373
PH000675,9140164785,Jio,West Bengal,P000245,ADDRESS INCOMPLETE,BULK_ISSUED,2018-06-22,2019-06-23,1,404033719865851
PH000676,9646548193,Airtel,West Bengal,P000245,Kartik Adhikari,VERIFIED,2025-10-19,,0,404020615250191
PH000677,8850470062,Airtel,West Bengal,P000245,Kartik Adhikari,VERIFIED,2023-09-21,,0,404050177591748
PH000678,9536044707,Jio,West Bengal,P000245,Bimal Mistry,BULK_ISSUED,2024-09-24,,1,404057965273983
PH000679,7034562155,Vi,West Bengal,P000246,Sunil Sharma,VERIFIED,2023-07-06,,0,404027421691957
PH000680,8804549065,Vi,West Bengal,P000246,Sunil Sharma,VERIFIED,2021-06-01,,0,404078292409886
PH000681,9700749890,Jio,West Bengal,P000246,ADDRESS INCOMPLETE,FORGED_KYC,2025-05-26,2026-01-23,1,404020315567752
PH000682,9524445076,Vi,West Bengal,P000246,Sunil Sharma,VERIFIED,2020-03-11,,0,404047889155939
PH000683,9267623865,MTNL,Uttar Pradesh,P000247,Deepak Nagar,VERIFIED,2022-01-19,,0,404026301618030
PH000684,8184457352,BSNL,Jharkhand,P000248,Afsana Ansari,VERIFIED,2024-11-27,,0,404040714913104
PH000685,7145645431,Airtel,Jharkhand,P000248,Afsana Ansari,VERIFIED,2019-08-10,,0,404090382651294
PH000686,7737009511,Airtel,Jharkhand,P000248,Afsana Ansari,VERIFIED,2019-06-23,,0,404091222761584
PH000687,9474223185,MTNL,Jharkhand,P000248,ADDRESS INCOMPLETE,FORGED_KYC,2018-12-12,,1,404029757034097
PH000688,8281868506,Airtel,Haryana,P000249,Firoz Sheikh,VERIFIED,2018-12-29,,0,404045856977104
PH000689,8726342423,Vi,Haryana,P000249,Firoz Sheikh,VERIFIED,2023-08-30,,0,404092887005251
PH000690,7865899333,Vi,Bihar,P000250,Palash Ghosh,VERIFIED,2019-07-16,,0,404071768538499
PH000691,8597280927,BSNL,Bihar,P000250,Tapan Dutta,FORGED_KYC,2026-03-31,2026-06-29,1,404046408798173
PH000692,7445216420,Jio,Bihar,P000250,Ranjan Sen,BULK_ISSUED,2023-11-21,,1,404029548521121
PH000693,9492559334,MTNL,Karnataka,P000251,Javed Chaudhary,VERIFIED,2021-01-09,,0,404086954680022
PH000694,8253175959,BSNL,Karnataka,P000251,Javed Chaudhary,VERIFIED,2022-12-21,,0,404027423341283
PH000695,7775269685,BSNL,Karnataka,P000251,Javed Chaudhary,VERIFIED,2025-02-21,,0,404053916913946
PH000696,8261639848,Jio,Karnataka,P000251,Javed Chaudhary,VERIFIED,2020-08-21,,0,404017225125748
PH000697,7923352156,Jio,Jharkhand,P000252,Anil Yadav,VERIFIED,2024-03-26,,0,404023247468792
PH000698,7135979780,MTNL,Jharkhand,P000252,ADDRESS INCOMPLETE,UNVERIFIED,2021-12-05,2022-08-16,1,404017867939369
PH000699,9572020352,Jio,Jharkhand,P000252,ADDRESS INCOMPLETE,FORGED_KYC,2026-05-27,,1,404014681389331
PH000700,9034315329,Airtel,Jharkhand,P000253,Ibrahim Shaikh,VERIFIED,2023-11-29,,0,404014939282235
PH000701,9272624719,Airtel,Jharkhand,P000253,Ibrahim Shaikh,VERIFIED,2020-09-19,,0,404091652773087
PH000702,7980025406,Vi,Jharkhand,P000253,Ibrahim Shaikh,VERIFIED,2018-02-11,,0,404067651727753
PH000703,8064414930,Jio,Jharkhand,P000253,ADDRESS INCOMPLETE,FORGED_KYC,2019-06-24,2020-07-19,1,404038240309228
PH000704,7609066958,Jio,Jharkhand,P000253,ADDRESS INCOMPLETE,UNVERIFIED,2022-05-01,2022-12-19,1,404006644651571
PH000705,8530239484,BSNL,Karnataka,P000254,Wasim Sheikh,VERIFIED,2022-12-01,,0,404071467339092
PH000706,7627403169,Vi,Karnataka,P000254,Wasim Sheikh,VERIFIED,2018-06-12,,0,404074341881576
PH000707,8370710601,Jio,Haryana,P000255,Lekhraj Dixit,VERIFIED,2020-10-07,,0,404030322323543
PH000708,9256026741,Airtel,Haryana,P000255,NOT AVAILABLE,FORGED_KYC,2020-11-28,,1,404082459622397
PH000709,8860996079,Airtel,Haryana,P000255,Lekhraj Dixit,VERIFIED,2024-01-11,,0,404091051507108
PH000710,8885153209,Airtel,Haryana,P000255,ADDRESS INCOMPLETE,UNVERIFIED,2022-02-26,,1,404034249501528
PH000711,7357799324,BSNL,Haryana,P000255,NOT AVAILABLE,BULK_ISSUED,2022-09-04,2023-04-16,1,404049289638999
PH000712,8930054764,Airtel,Haryana,P000255,NOT AVAILABLE,UNVERIFIED,2020-01-27,2021-02-14,1,404028281832551
PH000713,9832528744,Jio,West Bengal,P000256,Mahesh Verma,VERIFIED,2018-11-24,,0,404029133227603
PH000714,9965806438,Vi,West Bengal,P000256,Satish Nagar,FORGED_KYC,2019-05-20,,1,404099866318058
PH000715,8290463507,BSNL,West Bengal,P000256,Mahesh Verma,VERIFIED,2018-02-04,,0,404031885937753
PH000716,8345808106,Airtel,Uttar Pradesh,P000257,Sarfaraz Zaidi,VERIFIED,2025-07-01,,0,404055197263445
PH000717,7458459722,Jio,Uttar Pradesh,P000257,Yusuf Ansari,BULK_ISSUED,2024-03-09,2025-01-03,1,404016002684967
PH000718,8876377555,BSNL,Uttar Pradesh,P000257,ADDRESS INCOMPLETE,FORGED_KYC,2026-04-24,2026-07-15,1,404019366711625
PH000719,9960557047,MTNL,Jharkhand,P000258,Subhas Roy,VERIFIED,2018-02-20,,0,404071237287357
PH000720,7496539990,MTNL,Jharkhand,P000258,Subhas Roy,VERIFIED,2022-01-05,,0,404054717741686
PH000721,8215160080,Vi,Jharkhand,P000258,Subhas Roy,VERIFIED,2023-11-23,,0,404043583510067
PH000722,7034530073,Vi,Jharkhand,P000258,Subhas Roy,VERIFIED,2023-01-03,,0,404015274212813
PH000723,7118087537,Vi,Jharkhand,P000258,ADDRESS INCOMPLETE,UNVERIFIED,2021-04-27,,1,404000267458618
PH000724,9672970345,Jio,Haryana,P000259,Rizwan Baig,VERIFIED,2018-09-26,,0,404058820244694
PH000725,9874225779,MTNL,Haryana,P000259,Rizwan Baig,VERIFIED,2024-11-17,,0,404030421453823
PH000726,7686822672,Airtel,Haryana,P000259,Rafiq Idrisi,FORGED_KYC,2026-01-22,,1,404094361475629
PH000727,7618444690,Vi,Haryana,P000259,Arif Chaudhary,UNVERIFIED,2020-10-09,,1,404063471688017
PH000728,8254065002,Airtel,Haryana,P000259,ADDRESS INCOMPLETE,UNVERIFIED,2024-02-11,,1,404014077142105
PH000729,9249799229,Jio,Haryana,P000259,Abdul Baig,UNVERIFIED,2018-12-18,2019-05-01,1,404078585991928
PH000730,9322165981,Jio,Uttar Pradesh,P000260,Gautam Adhikari,VERIFIED,2025-02-14,,0,404057913678953
PH000731,9808989408,Jio,West Bengal,P000261,Sunil Shukla,VERIFIED,2018-04-11,,0,404067233693510
PH000732,7935679415,Vi,West Bengal,P000261,ADDRESS INCOMPLETE,UNVERIFIED,2018-09-15,,1,404061745563780
PH000733,7063409612,MTNL,West Bengal,P000261,NOT AVAILABLE,FORGED_KYC,2019-02-03,2019-02-22,1,404036181579776
PH000734,9152249949,MTNL,Karnataka,P000262,Ibrahim Ansari,VERIFIED,2023-05-24,,0,404097639160076
PH000735,8305999321,MTNL,West Bengal,P000263,Palash Sen,VERIFIED,2021-10-23,,0,404074656382569
PH000736,8629967282,Vi,Karnataka,P000264,Girdhari Prajapati,VERIFIED,2021-10-20,,0,404019786804288
PH000737,8886724195,Vi,Karnataka,P000264,Girdhari Prajapati,VERIFIED,2019-10-25,,0,404015717626967
PH000738,8565551465,MTNL,Karnataka,P000264,Girdhari Prajapati,VERIFIED,2024-05-08,,0,404098314309953
PH000739,8130586548,Airtel,Karnataka,P000264,ADDRESS INCOMPLETE,BULK_ISSUED,2020-08-28,,1,404006719174251
PH000740,9063456450,Vi,Delhi,P000265,Mushtaq Siddiqui,VERIFIED,2019-09-06,,0,404007942592202
PH000741,9664359325,BSNL,Delhi,P000265,Salim Chaudhary,BULK_ISSUED,2025-03-18,2025-11-29,1,404070157744166
PH000742,8135253709,Vi,Uttar Pradesh,P000266,Nepal Adhikari,VERIFIED,2024-06-06,,0,404020659995440
PH000743,9082154963,Jio,Uttar Pradesh,P000266,ADDRESS INCOMPLETE,BULK_ISSUED,2024-07-26,2024-10-28,1,404077251883389
PH000744,7798649354,Vi,Uttar Pradesh,P000266,ADDRESS INCOMPLETE,UNVERIFIED,2024-07-29,2025-02-27,1,404007554538822
PH000745,7586324948,BSNL,Uttar Pradesh,P000267,Sanjib Dutta,VERIFIED,2019-02-06,,0,404083600298455
PH000746,9017270189,Jio,Uttar Pradesh,P000267,ADDRESS INCOMPLETE,UNVERIFIED,2023-08-27,,1,404021728360696
PH000747,8849317332,Airtel,Uttar Pradesh,P000267,Sukumar Mistry,UNVERIFIED,2023-09-01,2024-05-25,1,404080727435856
PH000748,8823239874,Vi,Karnataka,P000268,Deepak Sengar,VERIFIED,2020-06-04,,0,404051227607866
PH000749,7407077135,MTNL,Karnataka,P000268,ADDRESS INCOMPLETE,FORGED_KYC,2025-10-30,2026-10-22,1,404031289985118
PH000750,9663028665,Airtel,Delhi,P000269,Sajid Farooqui,VERIFIED,2025-09-04,,0,404058189857917
PH000751,7347669648,Vi,Jharkhand,P000270,Bhupendra Awasthi,VERIFIED,2019-08-31,,0,404061591014529
PH000752,7879166591,Vi,Haryana,P000271,Ranjan Gayen,VERIFIED,2026-01-24,,0,404044503231248
PH000753,7827425891,Vi,Haryana,P000271,Ranjan Gayen,VERIFIED,2024-05-08,,0,404096545827372
PH000754,7824185048,MTNL,Haryana,P000271,NOT AVAILABLE,FORGED_KYC,2023-09-11,,1,404067087624082
PH000755,7109273385,Airtel,Haryana,P000271,Ranjan Gayen,VERIFIED,2020-06-02,,0,404089257026721
PH000756,7762885701,Vi,Uttar Pradesh,P000272,Abdul Saifi,VERIFIED,2019-01-26,,0,404089671965263
PH000757,8980327399,BSNL,Uttar Pradesh,P000272,Wasim Shaikh,BULK_ISSUED,2025-07-10,,1,404009137412839
PH000758,8535082204,BSNL,Uttar Pradesh,P000272,Mushtaq Alam,FORGED_KYC,2022-12-16,,1,404092490748824
PH000759,8420719014,BSNL,Uttar Pradesh,P000272,ADDRESS INCOMPLETE,FORGED_KYC,2020-05-23,2021-01-07,1,404072208958090
PH000760,8945763433,MTNL,Karnataka,P000273,Sukumar Chakraborty,VERIFIED,2024-08-06,,0,404097123630619
PH000761,8406198780,Jio,Karnataka,P000273,Sukumar Chakraborty,VERIFIED,2026-01-08,,0,404087166993410
PH000762,7493300232,MTNL,Bihar,P000274,Anwar Sheikh,VERIFIED,2022-09-11,,0,404052124006224
PH000763,7106498824,BSNL,Bihar,P000274,Anwar Sheikh,VERIFIED,2026-04-29,,0,404069029027699
PH000764,8124205267,Airtel,Jharkhand,P000275,Arif Shaikh,VERIFIED,2019-08-17,,0,404088907613187
PH000765,7022026788,BSNL,Jharkhand,P000275,Faizan Malik,FORGED_KYC,2025-06-12,2025-07-18,1,404070570273038
PH000766,9103901108,Jio,Jharkhand,P000275,Arif Shaikh,VERIFIED,2018-08-29,,0,404009282103887
PH000767,9950805423,Airtel,Bihar,P000276,Sunil Rajput,VERIFIED,2019-03-24,,0,404057415181342
PH000768,9147399053,BSNL,Bihar,P000276,Sunil Rajput,VERIFIED,2019-04-06,,0,404099915572876
PH000769,7362826136,Airtel,Bihar,P000276,Sunil Rajput,VERIFIED,2019-02-12,,0,404043419173959
PH000770,7971057870,Airtel,Uttar Pradesh,P000277,Rupa Naskar,VERIFIED,2025-09-13,,0,404071311942710
PH000771,8332879881,Vi,Uttar Pradesh,P000277,ADDRESS INCOMPLETE,BULK_ISSUED,2022-04-28,,1,404056069559915
PH000772,8009016153,BSNL,Uttar Pradesh,P000277,Rupa Naskar,VERIFIED,2020-01-09,,0,404044316230030
PH000773,7182350968,MTNL,Uttar Pradesh,P000277,Rupa Naskar,VERIFIED,2025-04-13,,0,404088311496386
PH000774,7242720513,MTNL,West Bengal,P000278,Ramesh Shukla,VERIFIED,2025-10-15,,0,404054149161112
PH000775,8223268625,Jio,West Bengal,P000278,NOT AVAILABLE,FORGED_KYC,2022-08-13,,1,404076905559084
PH000776,8943074982,Jio,West Bengal,P000278,NOT AVAILABLE,BULK_ISSUED,2018-03-03,2018-10-13,1,404068127888901
PH000777,9569229625,MTNL,Bihar,P000279,Bhupendra Awasthi,VERIFIED,2021-04-20,,0,404047072176999
PH000778,9713921170,Vi,Delhi,P000280,Ashim Sardar,VERIFIED,2018-10-21,,0,404094669614797
PH000779,8613352954,Jio,Delhi,P000280,ADDRESS INCOMPLETE,UNVERIFIED,2023-09-20,2024-02-18,1,404053042143166
PH000780,9994036402,MTNL,Delhi,P000280,Ashim Sardar,VERIFIED,2024-08-28,,0,404081687833262
PH000781,8529155152,Jio,Delhi,P000280,Gopal Sen,UNVERIFIED,2025-07-10,2025-12-08,1,404023081726076
PH000782,8448015597,Airtel,Jharkhand,P000281,Subhas Adhikari,VERIFIED,2019-08-20,,0,404005652271926
PH000783,8408338880,BSNL,Jharkhand,P000281,Gopal Adhikari,FORGED_KYC,2022-03-04,2022-10-03,1,404082878991723
PH000784,8715136992,MTNL,Jharkhand,P000281,Subhas Adhikari,VERIFIED,2020-01-16,,0,404071002397704
PH000785,8886830177,BSNL,Jharkhand,P000282,Farida Rahman,VERIFIED,2018-12-06,,0,404026094927453
PH000786,8726069280,Vi,Jharkhand,P000282,ADDRESS INCOMPLETE,BULK_ISSUED,2025-03-30,,1,404058830335003
PH000787,8003847106,MTNL,Jharkhand,P000282,NOT AVAILABLE,FORGED_KYC,2018-05-19,2018-11-10,1,404017367231010
PH000788,9113012073,Jio,Jharkhand,P000282,Farida Rahman,VERIFIED,2024-06-22,,0,404081634811050
PH000789,7369580068,Vi,Karnataka,P000283,Shakeel Sheikh,VERIFIED,2022-06-25,,0,404011602012212
PH000790,7438748489,Airtel,Karnataka,P000283,Shakeel Sheikh,VERIFIED,2021-06-15,,0,404069802250913
PH000791,8713742141,Vi,Karnataka,P000283,Shakeel Sheikh,VERIFIED,2023-03-29,,0,404070995210460
PH000792,8366867348,Jio,West Bengal,P000284,Deepak Baghel,VERIFIED,2023-10-10,,0,404053912219043
PH000793,8069043644,Vi,West Bengal,P000284,Deepak Baghel,VERIFIED,2022-06-30,,0,404069442110670
PH000794,9703261518,BSNL,West Bengal,P000284,Deepak Baghel,VERIFIED,2022-01-14,,0,404010404464638
PH000795,7114497905,BSNL,West Bengal,P000284,Deepak Baghel,VERIFIED,2019-08-01,,0,404035805416318
PH000796,8867025891,Airtel,Delhi,P000285,Vijay Dixit,VERIFIED,2023-04-04,,0,404071773268578
PH000797,8712196573,Vi,Delhi,P000286,Gautam Mondal,VERIFIED,2019-10-19,,0,404015496066076
PH000798,8283485497,Vi,Delhi,P000286,NOT AVAILABLE,BULK_ISSUED,2019-08-26,2020-09-21,1,404080058326973
PH000799,9698210959,Airtel,Delhi,P000286,Sujoy Gayen,BULK_ISSUED,2020-08-07,2021-04-03,1,404032859683451
PH000800,9665151382,Airtel,Delhi,P000286,Gautam Mondal,VERIFIED,2018-11-13,,0,404026293658834
PH000801,7125904754,BSNL,Bihar,P000287,Mahesh Maurya,VERIFIED,2019-01-02,,0,404069171359518
PH000802,8528471271,MTNL,Bihar,P000287,Mahesh Maurya,VERIFIED,2024-07-05,,0,404092724198783
PH000803,8064060564,Airtel,Jharkhand,P000288,Gautam Ghosh,VERIFIED,2022-02-17,,0,404029008895091
PH000804,9463622982,Airtel,Jharkhand,P000288,Gautam Ghosh,VERIFIED,2023-08-06,,0,404050538653123
PH000805,8841844462,Jio,Jharkhand,P000288,NOT AVAILABLE,UNVERIFIED,2025-10-05,,1,404079727313921
PH000806,8865598769,Vi,West Bengal,P000289,Netrapal Dixit,VERIFIED,2026-05-19,,0,404013008710623
PH000807,7618244649,Vi,West Bengal,P000289,Netrapal Dixit,VERIFIED,2019-03-25,,0,404066566020762
PH000808,8020430160,Vi,Kerala,P000290,Alpesh Shah,VERIFIED,2019-07-27,,0,404026375997298
PH000809,8076050575,MTNL,Kerala,P000290,Alpesh Shah,VERIFIED,2022-01-24,,0,404097539291881
PH000810,8129189358,Jio,Kerala,P000290,Ketan Prajapati,FORGED_KYC,2021-02-22,2022-03-15,1,404076820542602
PH000811,9484962743,BSNL,Kerala,P000290,ADDRESS INCOMPLETE,UNVERIFIED,2025-12-02,2026-04-12,1,404007013422355
PH000812,9918893457,BSNL,West Bengal,P000291,Manoj Menon,VERIFIED,2022-02-01,,0,404049478979269
PH000813,9146663266,Airtel,West Bengal,P000291,ADDRESS INCOMPLETE,UNVERIFIED,2025-04-24,2026-04-29,1,404087682458485
PH000814,8080312013,Airtel,Telangana,P000292,Wasim Mansuri,VERIFIED,2025-09-02,,0,404079685596521
PH000815,7028105939,Jio,Telangana,P000292,Shahnawaz Alam,UNVERIFIED,2023-07-01,,1,404041670214929
PH000816,8425021098,Vi,Telangana,P000292,Faizan Mirza,BULK_ISSUED,2020-02-10,2020-10-18,1,404060843829135
PH000817,9031591051,MTNL,Telangana,P000293,Har Prasad Sharma,VERIFIED,2020-05-23,,0,404050797228108
PH000818,9889850003,MTNL,Telangana,P000293,Har Prasad Sharma,VERIFIED,2023-08-30,,0,404089113203609
PH000819,9504997805,Vi,Maharashtra,P000294,Sarfaraz Pathan,VERIFIED,2023-06-13,,0,404001443011167
PH000820,8035354236,Vi,Maharashtra,P000294,NOT AVAILABLE,UNVERIFIED,2019-03-07,2019-11-19,1,404058491282642
PH000821,7027679918,Airtel,Gujarat,P000295,Imran Saifi,VERIFIED,2020-09-30,,0,404044042832420
PH000822,7497967642,BSNL,Gujarat,P000295,ADDRESS INCOMPLETE,FORGED_KYC,2018-12-01,2019-05-15,1,404013256212741
PH000823,8051629772,MTNL,Gujarat,P000295,Imran Saifi,VERIFIED,2021-06-26,,0,404016169349617
PH000824,8620795207,Vi,Gujarat,P000295,NOT AVAILABLE,BULK_ISSUED,2024-02-21,,1,404064837153037
PH000825,8198934432,MTNL,Telangana,P000296,Salim Baig,VERIFIED,2023-07-18,,0,404001940945177
PH000826,9448949505,Airtel,Telangana,P000296,Salim Baig,VERIFIED,2023-06-28,,0,404062360768263
PH000827,9659646521,Vi,Telangana,P000296,Salim Baig,VERIFIED,2018-03-18,,0,404072489566546
PH000828,8593070046,BSNL,Telangana,P000296,Salim Baig,VERIFIED,2023-09-20,,0,404060522612471
PH000829,7291684959,MTNL,Delhi,P000297,Divyesh Patel,VERIFIED,2019-06-19,,0,404026349459053
PH000830,8890495114,Jio,Delhi,P000297,Jayesh Desai,BULK_ISSUED,2025-03-18,,1,404098726905947
PH000831,8269598183,BSNL,Delhi,P000297,ADDRESS INCOMPLETE,UNVERIFIED,2024-08-21,2025-08-25,1,404073125497075
PH000832,9648188264,MTNL,Delhi,P000298,Baiju Marar,VERIFIED,2023-09-14,,0,404009412547246
PH000833,7909430894,Airtel,Delhi,P000298,NOT AVAILABLE,BULK_ISSUED,2020-03-18,2021-04-10,1,404047054719961
PH000834,9606957071,Airtel,Delhi,P000298,Baiju Marar,VERIFIED,2025-08-19,,0,404008028785272
PH000835,9918517530,MTNL,Telangana,P000299,Vinayakan Joseph,VERIFIED,2023-09-26,,0,404072048681820
PH000836,7884171932,Airtel,West Bengal,P000300,Haroon Idrisi,VERIFIED,2021-12-06,,0,404057177918506
PH000837,8363056259,BSNL,Kerala,P000301,Jayan Joseph,VERIFIED,2020-05-14,,0,404022370914428
PH000838,9160496091,Airtel,Kerala,P000301,Jayan Joseph,VERIFIED,2024-01-27,,0,404030772629287
PH000839,9428248580,Airtel,Kerala,P000301,Jayan Joseph,VERIFIED,2022-01-06,,0,404057699858939
PH000840,7917288551,MTNL,Kerala,P000301,Sreenivasan Joseph,BULK_ISSUED,2019-02-24,2019-10-20,1,404045345238521
PH000841,7637971302,BSNL,Tamil Nadu,P000302,Biju Thomas,VERIFIED,2020-06-08,,0,404015133269018
PH000842,8227420860,Jio,Tamil Nadu,P000302,Biju Thomas,VERIFIED,2022-09-18,,0,404021912416447
PH000843,7723174848,BSNL,Tamil Nadu,P000302,NOT AVAILABLE,FORGED_KYC,2023-11-03,2024-09-20,1,404003147548806
PH000844,7783669471,MTNL,Tamil Nadu,P000302,Biju Thomas,VERIFIED,2023-04-14,,0,404034499856472
PH000845,7473459986,Vi,West Bengal,P000303,Balbir Yadav,VERIFIED,2022-02-13,,0,404098989208582
PH000846,9136615928,Airtel,Gujarat,P000304,Afsana Malik,VERIFIED,2019-07-21,,0,404024963825697
PH000847,8054133081,Vi,Gujarat,P000304,Afsana Malik,VERIFIED,2018-11-18,,0,404011300105899
PH000848,9324941561,Airtel,Gujarat,P000304,NOT AVAILABLE,UNVERIFIED,2020-11-04,2021-10-12,1,404039073875656
PH000849,7229490401,Airtel,Gujarat,P000304,Afsana Malik,VERIFIED,2024-04-30,,0,404072419750288
PH000850,7998562757,BSNL,Gujarat,P000304,ADDRESS INCOMPLETE,FORGED_KYC,2020-09-26,2021-04-07,1,404021867337265
PH000851,9573703885,BSNL,Gujarat,P000305,Manoj Chauhan,VERIFIED,2021-11-23,,0,404072603336063
PH000852,9567023175,Jio,Gujarat,P000305,Manoj Chauhan,VERIFIED,2024-08-24,,0,404081053521622
PH000853,8173169562,MTNL,Kerala,P000306,Nadeem Idrisi,VERIFIED,2025-01-13,,0,404059169158209
PH000854,8458082733,BSNL,Kerala,P000306,Nadeem Idrisi,VERIFIED,2020-08-22,,0,404079979315893
PH000855,8087325744,Airtel,Kerala,P000306,NOT AVAILABLE,BULK_ISSUED,2025-03-14,2025-12-20,1,404023414293991
PH000856,8321137596,Vi,Kerala,P000306,Nadeem Idrisi,VERIFIED,2026-03-10,,0,404088720679723
PH000857,7113303422,MTNL,Tamil Nadu,P000307,Ibrahim Idrisi,VERIFIED,2024-05-22,,0,404099518243256
PH000858,7964556990,Airtel,Tamil Nadu,P000307,Ibrahim Idrisi,VERIFIED,2021-03-14,,0,404036545315743
PH000859,9032733299,MTNL,Tamil Nadu,P000307,Ibrahim Idrisi,VERIFIED,2022-02-26,,0,404060432061121
PH000860,9375595839,MTNL,West Bengal,P000308,Netrapal Singh,VERIFIED,2018-10-29,,0,404021570956462
PH000861,8655443644,MTNL,West Bengal,P000308,NOT AVAILABLE,UNVERIFIED,2022-07-09,2022-07-25,1,404090887688384
PH000862,8462894806,Airtel,West Bengal,P000308,ADDRESS INCOMPLETE,BULK_ISSUED,2024-07-07,,1,404018626477880
PH000863,9201190804,BSNL,Tamil Nadu,P000309,Jignesh Thakor,VERIFIED,2022-02-28,,0,404094905158488
PH000864,9820272581,Jio,Tamil Nadu,P000309,Jignesh Thakor,VERIFIED,2023-09-06,,0,404041689506573
PH000865,8874286677,Jio,Tamil Nadu,P000309,Divyesh Shah,FORGED_KYC,2024-01-13,2024-04-07,1,404036828780897
PH000866,9905291775,Jio,Tamil Nadu,P000309,Jignesh Thakor,VERIFIED,2021-06-20,,0,404086392776984
PH000867,8173009746,Vi,Maharashtra,P000310,Anwar Alam,VERIFIED,2018-12-02,,0,404024834831145
PH000868,9356924013,MTNL,Maharashtra,P000310,ADDRESS INCOMPLETE,BULK_ISSUED,2021-07-15,2022-05-30,1,404064684808522
PH000869,9832362982,Vi,Maharashtra,P000310,NOT AVAILABLE,BULK_ISSUED,2023-10-07,,1,404051140684000
PH000870,7976400381,BSNL,Gujarat,P000311,Naresh Nagar,VERIFIED,2018-12-14,,0,404006032612443
PH000871,7619799123,Jio,Gujarat,P000312,Anoop Kurup,VERIFIED,2020-09-21,,0,404065533517496
PH000872,8371947143,MTNL,Gujarat,P000312,Anoop Kurup,VERIFIED,2024-01-29,,0,404051617240539
PH000873,9236143456,Vi,Gujarat,P000312,Baiju Achari,BULK_ISSUED,2025-02-22,2025-07-03,1,404015395730334
PH000874,7863481869,Vi,Delhi,P000313,Sanjay Rathore,VERIFIED,2018-01-27,,0,404059616891490
PH000875,7849009154,Airtel,Gujarat,P000314,Praveen Kurup,VERIFIED,2023-08-27,,0,404021843230748
PH000876,9501074902,Vi,Gujarat,P000314,Praveen Kurup,VERIFIED,2021-12-10,,0,404073597280466
PH000877,7364998742,BSNL,Gujarat,P000314,ADDRESS INCOMPLETE,BULK_ISSUED,2021-04-23,2021-11-06,1,404097239858798
PH000878,7877492050,Airtel,Telangana,P000315,Paresh Vaghela,VERIFIED,2026-04-23,,0,404018273692191
PH000879,8410866947,MTNL,Telangana,P000315,Paresh Vaghela,VERIFIED,2023-05-18,,0,404038028392781
PH000880,8390300451,Airtel,Telangana,P000315,ADDRESS INCOMPLETE,BULK_ISSUED,2021-12-26,2022-09-30,1,404091671613701
PH000881,9273552784,Vi,Telangana,P000315,Paresh Vaghela,VERIFIED,2019-05-14,,0,404012710538834
PH000882,8424834306,BSNL,West Bengal,P000316,Jitendra Solanki,VERIFIED,2024-10-23,,0,404041671239889
PH000883,8687899724,Airtel,West Bengal,P000316,NOT AVAILABLE,BULK_ISSUED,2024-10-06,2025-05-08,1,404036752356371
PH000884,9973356130,MTNL,West Bengal,P000316,Jitendra Solanki,VERIFIED,2023-09-26,,0,404052471953530
PH000885,9942823766,Airtel,Delhi,P000317,Nishad Panicker,VERIFIED,2025-09-07,,0,404078831306671
PH000886,9833836454,MTNL,Delhi,P000317,Shibu Kartha,BULK_ISSUED,2023-06-23,2023-11-13,1,404095481661498
PH000887,9329682924,Vi,Delhi,P000317,Nishad Panicker,VERIFIED,2019-02-01,,0,404090947215563
PH000888,8188858212,Vi,Delhi,P000317,Nishad Panicker,VERIFIED,2025-10-25,,0,404002381404909
PH000889,9559886000,Jio,Maharashtra,P000318,Sarfaraz Shaikh,VERIFIED,2019-10-16,,0,404004683524150
PH000890,7635701916,Vi,Maharashtra,P000318,Abdul Farooqui,BULK_ISSUED,2025-10-28,,1,404080651527012
PH000891,9024043842,MTNL,Kerala,P000319,Sarfaraz Baig,VERIFIED,2021-05-02,,0,404083351158270
PH000892,8128592344,BSNL,Kerala,P000319,Sarfaraz Baig,VERIFIED,2025-11-19,,0,404033211194701
PH000893,8231901076,Airtel,Kerala,P000319,ADDRESS INCOMPLETE,UNVERIFIED,2019-08-30,2020-07-01,1,404056712301674
PH000894,9420663267,Airtel,Kerala,P000319,Sarfaraz Baig,VERIFIED,2018-05-18,,0,404095894832864
PH000895,8594632951,Vi,West Bengal,P000320,Anoop Mathew,VERIFIED,2023-05-24,,0,404067470237561
PH000896,9662416749,BSNL,West Bengal,P000320,ADDRESS INCOMPLETE,FORGED_KYC,2020-10-22,2021-10-04,1,404096048318211
PH000897,7387996344,Jio,West Bengal,P000320,ADDRESS INCOMPLETE,BULK_ISSUED,2023-10-25,,1,404082479222978
PH000898,7866376828,BSNL,Telangana,P000321,Vipul Chauhan,VERIFIED,2022-08-02,,0,404042594373591
PH000899,9449947662,BSNL,Telangana,P000321,NOT AVAILABLE,FORGED_KYC,2021-12-03,,1,404048863592216
PH000900,8136143269,MTNL,Telangana,P000321,Vipul Chauhan,VERIFIED,2020-07-19,,0,404053768824091
PH000901,9729547034,MTNL,Telangana,P000321,Vipul Chauhan,VERIFIED,2025-01-12,,0,404099319264992
PH000902,7565993878,MTNL,Telangana,P000322,Mushtaq Idrisi,VERIFIED,2021-11-28,,0,404085882818896
PH000903,8650814635,MTNL,Telangana,P000322,Mushtaq Idrisi,VERIFIED,2019-09-07,,0,404008057916339
PH000904,8611862438,Jio,Telangana,P000322,Mushtaq Idrisi,VERIFIED,2024-02-17,,0,404011803865030
PH000905,8057518423,MTNL,Telangana,P000322,Mushtaq Idrisi,VERIFIED,2022-04-02,,0,404014900666322
PH000906,9675529327,BSNL,Maharashtra,P000323,Wasim Sheikh,VERIFIED,2022-05-23,,0,404073302293084
PH000907,7216088621,BSNL,Maharashtra,P000323,Wasim Sheikh,VERIFIED,2026-06-17,,0,404049420278183
PH000908,9076423369,Airtel,Maharashtra,P000324,Nilesh Parmar,VERIFIED,2023-11-16,,0,404090914720080
PH000909,7510567338,Jio,Maharashtra,P000324,NOT AVAILABLE,FORGED_KYC,2023-02-10,,1,404056705534353
PH000910,9345574044,MTNL,Maharashtra,P000324,NOT AVAILABLE,FORGED_KYC,2019-07-25,2019-12-11,1,404010837908798
PH000911,8617322657,Jio,Telangana,P000325,Chirag Dave,VERIFIED,2022-06-13,,0,404014187347778
PH000912,7762017111,Vi,Telangana,P000325,Kalpesh Vaghela,BULK_ISSUED,2024-07-04,2024-12-24,1,404081837260346
PH000913,8902367396,Airtel,Telangana,P000325,Chirag Dave,VERIFIED,2019-05-23,,0,404069969178700
PH000914,9627434184,Airtel,Gujarat,P000326,Jignesh Patel,VERIFIED,2019-12-13,,0,404043504814853
PH000915,7889021772,Jio,Kerala,P000327,Javed Chaudhary,VERIFIED,2021-04-17,,0,404074472276439
PH000916,9675198287,Jio,Kerala,P000327,ADDRESS INCOMPLETE,UNVERIFIED,2019-11-13,,1,404095938978726
PH000917,8266450707,Airtel,Telangana,P000328,Prakash Awasthi,VERIFIED,2018-09-08,,0,404018144210209
PH000918,8544361935,Airtel,Telangana,P000328,Prakash Awasthi,VERIFIED,2025-01-26,,0,404085824068588
PH000919,7742459125,Airtel,Kerala,P000329,Rambabu Yadav,VERIFIED,2026-06-20,,0,404068586433114
PH000920,9220770839,Vi,Kerala,P000329,Rambabu Yadav,VERIFIED,2024-10-10,,0,404040635160984
PH000921,7883038606,Vi,Kerala,P000329,Rambabu Yadav,VERIFIED,2020-10-28,,0,404051281218407
PH000922,8482433616,Jio,Kerala,P000329,ADDRESS INCOMPLETE,FORGED_KYC,2025-11-19,2025-12-10,1,404002583668240
PH000923,9578873812,MTNL,Delhi,P000330,Wasim Rahman,VERIFIED,2024-03-07,,0,404046576024912
PH000924,8281664017,Vi,Delhi,P000330,Tanveer Farooqui,BULK_ISSUED,2018-03-31,,1,404001302878332
PH000925,9214670312,MTNL,Delhi,P000330,Wasim Rahman,VERIFIED,2025-04-10,,0,404069132147525
PH000926,9854277185,Vi,Telangana,P000331,Shakeel Ansari,VERIFIED,2023-10-17,,0,404016877001848
PH000927,8276115640,Vi,Telangana,P000331,Tanveer Mansuri,UNVERIFIED,2025-01-06,2025-07-29,1,404022253861817
PH000928,7120681836,MTNL,Telangana,P000331,NOT AVAILABLE,BULK_ISSUED,2020-07-19,,1,404097137388724
PH000929,7724050491,Jio,Telangana,P000331,Shakeel Ansari,VERIFIED,2018-05-11,,0,404038081813797
PH000930,9017422654,MTNL,Telangana,P000331,Shakeel Ansari,VERIFIED,2019-09-06,,0,404085101021133
PH000931,8725390054,Airtel,Delhi,P000332,Shibu Thomas,VERIFIED,2020-09-17,,0,404016704049222
PH000932,9966064064,BSNL,Delhi,P000332,Shibu Thomas,VERIFIED,2025-05-19,,0,404027886638003
PH000933,8607767758,Airtel,Delhi,P000332,ADDRESS INCOMPLETE,BULK_ISSUED,2023-04-16,,1,404012978552964
PH000934,8661139554,Airtel,Delhi,P000332,Shibu Thomas,VERIFIED,2020-06-09,,0,404040541625580
PH000935,8023621903,BSNL,Kerala,P000333,Ketan Dave,VERIFIED,2026-04-05,,0,404016543844126
PH000936,8246028836,MTNL,Kerala,P000334,Sreenivasan Jacob,VERIFIED,2025-10-07,,0,404057860158043
PH000937,9818696750,Vi,Kerala,P000334,Sreenivasan Jacob,VERIFIED,2023-12-24,,0,404046430772078
PH000938,8221392381,BSNL,Telangana,P000335,Wasim Baig,VERIFIED,2022-08-19,,0,404051424329429
PH000939,7953384524,BSNL,Telangana,P000335,Wasim Baig,VERIFIED,2021-06-10,,0,404099419735718
PH000940,9045370747,Jio,Tamil Nadu,P000336,Munna Baghel,VERIFIED,2022-02-19,,0,404031439692619
PH000941,9093075047,Vi,Tamil Nadu,P000336,Randhir Nagar,BULK_ISSUED,2019-11-25,,1,404074141745011
PH000942,8171975164,Vi,Tamil Nadu,P000336,NOT AVAILABLE,BULK_ISSUED,2022-01-02,2022-10-25,1,404094439762108
PH000943,7885420848,Jio,Tamil Nadu,P000336,Munna Baghel,VERIFIED,2026-03-28,,0,404039519047718
PH000944,7593060898,Jio,Delhi,P000337,Kalpesh Vaghela,VERIFIED,2024-01-01,,0,404092093829635
PH000945,9758788702,Airtel,Delhi,P000337,Kalpesh Vaghela,VERIFIED,2020-08-07,,0,404012446416166
PH000946,8630741399,Jio,Delhi,P000337,Kalpesh Vaghela,VERIFIED,2021-10-16,,0,404045422897434
PH000947,7271396083,MTNL,Delhi,P000337,Kalpesh Vaghela,VERIFIED,2024-08-20,,0,404092166224165
PH000948,7051589527,BSNL,Maharashtra,P000338,Bharat Rabari,VERIFIED,2020-06-30,,0,404083404665046
PH000949,9282326680,MTNL,Maharashtra,P000338,Bharat Rabari,VERIFIED,2020-10-04,,0,404066315271776
PH000950,9903566094,Vi,Maharashtra,P000338,ADDRESS INCOMPLETE,BULK_ISSUED,2022-05-17,,1,404055004796262
PH000951,7838818040,Jio,Kerala,P000339,Nishad Jacob,VERIFIED,2025-02-18,,0,404095639445322
PH000952,9715166175,MTNL,Kerala,P000339,Nishad Jacob,VERIFIED,2025-06-03,,0,404063136439621
PH000953,7693272751,Vi,Kerala,P000339,Nishad Jacob,VERIFIED,2022-04-04,,0,404021454781689
PH000954,9682580298,Airtel,Telangana,P000340,Girdhari Tiwari,VERIFIED,2022-02-20,,0,404051628167279
PH000955,7359693541,MTNL,Maharashtra,P000341,Vipin Panicker,VERIFIED,2018-03-02,,0,404089320989936
PH000956,8262643771,Vi,Maharashtra,P000341,Vipin Panicker,VERIFIED,2021-07-17,,0,404078993703872
PH000957,8931448794,BSNL,Maharashtra,P000341,Baiju Thomas,UNVERIFIED,2019-05-23,2019-08-31,1,404072604490925
PH000958,8680372178,MTNL,Gujarat,P000342,Rasik Mehta,VERIFIED,2021-07-24,,0,404078441505682
PH000959,7502154423,MTNL,Telangana,P000343,Hardik Zala,VERIFIED,2019-12-24,,0,404099347584374
PH000960,7062092275,Jio,Telangana,P000343,Hardik Zala,VERIFIED,2025-05-04,,0,404058955230451
PH000961,7199964124,MTNL,Telangana,P000343,ADDRESS INCOMPLETE,BULK_ISSUED,2022-07-17,2022-09-19,1,404019111291974
PH000962,8423466038,Jio,Telangana,P000343,Alpesh Patel,FORGED_KYC,2021-01-12,2021-03-13,1,404017187180363
PH000963,7132871718,Vi,Telangana,P000343,NOT AVAILABLE,BULK_ISSUED,2020-12-20,2021-10-23,1,404071489815320
PH000964,9155831062,Jio,Telangana,P000343,ADDRESS INCOMPLETE,BULK_ISSUED,2023-04-05,,1,404016940496365
PH000965,8621849580,BSNL,Tamil Nadu,P000344,Jignesh Dave,VERIFIED,2021-02-01,,0,404045996318871
PH000966,9023519609,Vi,Tamil Nadu,P000344,Jignesh Dave,VERIFIED,2024-09-07,,0,404086050558147
PH000967,7357538091,Vi,Tamil Nadu,P000344,Jignesh Dave,VERIFIED,2019-09-29,,0,404088490289104
PH000968,8929362584,Jio,Tamil Nadu,P000344,Jignesh Dave,VERIFIED,2018-07-09,,0,404040933732608
PH000969,7142519952,MTNL,Delhi,P000345,Praveen Jacob,VERIFIED,2023-07-13,,0,404003069569459
PH000970,7387365158,Vi,Delhi,P000345,Praveen Jacob,VERIFIED,2019-04-10,,0,404043459202134
PH000971,9832802873,Vi,Delhi,P000345,Praveen Mathew,FORGED_KYC,2019-12-10,2020-09-06,1,404073717845875
PH000972,7833116478,MTNL,Delhi,P000345,Praveen Jacob,VERIFIED,2024-03-27,,0,404061053607433
PH000973,8850355889,Jio,Maharashtra,P000346,Rajeevan Marar,VERIFIED,2025-08-13,,0,404053325575974
PH000974,8297042202,Vi,Maharashtra,P000346,Rajeevan Marar,VERIFIED,2024-02-08,,0,404045890237024
PH000975,9877664007,Airtel,West Bengal,P000347,Satish Kushwaha,VERIFIED,2025-01-31,,0,404003225857282
PH000976,7357855048,BSNL,West Bengal,P000347,Satish Kushwaha,VERIFIED,2023-06-14,,0,404080498750942
PH000977,8497717593,Jio,West Bengal,P000347,NOT AVAILABLE,FORGED_KYC,2024-06-29,2025-01-27,1,404077894445170
PH000978,9094241452,MTNL,Gujarat,P000348,Firoz Mirza,VERIFIED,2018-04-30,,0,404099914300406
PH000979,8884759518,BSNL,Gujarat,P000348,Rafiq Shaikh,UNVERIFIED,2024-02-15,,1,404003544060053
PH000980,7986971210,BSNL,Gujarat,P000348,Firoz Mirza,VERIFIED,2024-08-19,,0,404098357739783
PH000981,7393344365,MTNL,Tamil Nadu,P000349,Rinku Parmar,VERIFIED,2025-12-10,,0,404015327639568
PH000982,7885513138,Vi,Tamil Nadu,P000349,NOT AVAILABLE,FORGED_KYC,2025-04-18,2025-05-30,1,404013588845775
PH000983,8989001118,Jio,Tamil Nadu,P000349,Alpesh Thakor,UNVERIFIED,2024-08-30,2025-07-26,1,404028589308210
PH000984,8880874563,Vi,Tamil Nadu,P000349,NOT AVAILABLE,FORGED_KYC,2018-06-14,2019-03-08,1,404083009306338
PH000985,8902483896,BSNL,Maharashtra,P000350,Vipul Chauhan,VERIFIED,2019-05-09,,0,404053676307287
PH000986,7618291313,Airtel,Maharashtra,P000350,Vipul Chauhan,VERIFIED,2021-12-26,,0,404086079274622
PH000987,9639639266,MTNL,Maharashtra,P000350,NOT AVAILABLE,BULK_ISSUED,2021-09-02,2022-08-15,1,404063302415984
PH000988,7390117078,Airtel,West Bengal,P000351,Shakeel Mirza,VERIFIED,2021-02-26,,0,404011764399606
PH000989,9512972588,BSNL,West Bengal,P000351,Salim Alam,BULK_ISSUED,2023-03-18,2023-12-04,1,404028754289005
PH000990,7605044839,Jio,West Bengal,P000351,ADDRESS INCOMPLETE,FORGED_KYC,2023-10-28,2024-10-17,1,404008657879704
PH000991,8820770577,Airtel,West Bengal,P000352,Ramesh Tiwari,VERIFIED,2023-07-18,,0,404097533356573
PH000992,8698963277,Vi,Maharashtra,P000353,Ratheesh Menon,VERIFIED,2019-01-01,,0,404040555083484
PH000993,8044479289,BSNL,Maharashtra,P000353,ADDRESS INCOMPLETE,UNVERIFIED,2019-06-05,,1,404089812118588
PH000994,9229578650,MTNL,Maharashtra,P000353,Ratheesh Menon,VERIFIED,2024-10-01,,0,404052563080000
PH000995,7812600910,Airtel,Maharashtra,P000353,ADDRESS INCOMPLETE,FORGED_KYC,2019-03-26,,1,404072994474622
PH000996,9554238291,MTNL,Delhi,P000354,Shailendra Baghel,VERIFIED,2022-07-11,,0,404069880491981
PH000997,9959197707,Vi,Delhi,P000354,Shailendra Baghel,VERIFIED,2025-04-15,,0,404043478217389
PH000998,7920244642,MTNL,Delhi,P000354,NOT AVAILABLE,FORGED_KYC,2018-02-09,,1,404052924209042
PH000999,8813780772,Airtel,Delhi,P000354,Rakesh Rathore,UNVERIFIED,2025-12-23,2026-11-10,1,404063327884593
PH001000,9031688978,Jio,Tamil Nadu,P000355,Randhir Sharma,VERIFIED,2018-09-07,,0,404033231649586
PH001001,8080307146,Jio,Tamil Nadu,P000355,Randhir Sharma,VERIFIED,2018-11-15,,0,404010995872441
PH001002,9330310519,BSNL,Tamil Nadu,P000355,Randhir Sharma,VERIFIED,2020-09-19,,0,404081469107643
PH001003,9631424382,Airtel,Tamil Nadu,P000355,Randhir Sharma,VERIFIED,2026-03-22,,0,404044295153841
PH001004,8991773766,Jio,West Bengal,P000356,Sudha Kushwaha,VERIFIED,2026-02-12,,0,404062593772457
PH001005,9960860489,MTNL,West Bengal,P000356,ADDRESS INCOMPLETE,FORGED_KYC,2019-04-26,,1,404085149687368
PH001006,8218913493,Jio,West Bengal,P000356,Sudha Kushwaha,VERIFIED,2024-10-19,,0,404067550310938
PH001007,9973678988,Jio,West Bengal,P000356,NOT AVAILABLE,FORGED_KYC,2024-12-07,2025-11-03,1,404023142112534
PH001008,9821112596,BSNL,West Bengal,P000356,ADDRESS INCOMPLETE,BULK_ISSUED,2020-12-05,2021-08-11,1,404056113935301
PH001009,9035120045,Jio,Tamil Nadu,P000357,Om Prakash Rajput,VERIFIED,2023-07-08,,0,404058284365685
PH001010,9644302789,Jio,Tamil Nadu,P000357,Om Prakash Rajput,VERIFIED,2022-05-11,,0,404017456185120
PH001011,9376825413,Airtel,Tamil Nadu,P000357,ADDRESS INCOMPLETE,UNVERIFIED,2023-09-12,2024-08-19,1,404007781843939
PH001012,7660827815,BSNL,Bihar,P000358,Prakash Rai,VERIFIED,2020-02-16,,0,404058498755281
PH001013,7352231284,Jio,Uttar Pradesh,P000359,Shivanna Kamath,VERIFIED,2023-07-23,,0,404052776559253
PH001014,9747595762,Vi,Uttar Pradesh,P000359,Shivanna Kamath,VERIFIED,2020-12-26,,0,404092989618752
PH001015,9469753847,Airtel,Uttar Pradesh,P000360,Jagdish Singh,VERIFIED,2024-03-23,,0,404065927661131
PH001016,9286504870,MTNL,Uttar Pradesh,P000360,ADDRESS INCOMPLETE,BULK_ISSUED,2019-05-12,,1,404040106764540
PH001017,8060897365,Vi,Madhya Pradesh,P000361,Ramesh Dixit,VERIFIED,2020-08-27,,0,404077460110843
PH001018,7263587514,BSNL,Madhya Pradesh,P000361,Ramesh Dixit,VERIFIED,2024-07-15,,0,404000253009584
PH001019,8819540177,Vi,Madhya Pradesh,P000361,Ramesh Dixit,VERIFIED,2020-12-30,,0,404095035449253
PH001020,9213551264,Jio,Madhya Pradesh,P000361,ADDRESS INCOMPLETE,BULK_ISSUED,2023-10-31,,1,404038755986806
PH001021,9423492509,BSNL,Madhya Pradesh,P000362,Suresh Jaiswal,VERIFIED,2019-09-22,,0,404018303862898
PH001022,9062884483,Vi,Madhya Pradesh,P000363,Perumal Kurup,VERIFIED,2019-03-18,,0,404075314808102
PH001023,7293002079,Jio,Madhya Pradesh,P000363,NOT AVAILABLE,FORGED_KYC,2025-03-07,2025-10-17,1,404095800817441
PH001024,9289466629,MTNL,Madhya Pradesh,P000363,ADDRESS INCOMPLETE,BULK_ISSUED,2023-03-27,2023-04-23,1,404035843417650
PH001025,7689211634,BSNL,Madhya Pradesh,P000364,Jitendra Prajapati,VERIFIED,2019-11-02,,0,404001654183842
PH001026,7194726216,Airtel,Rajasthan,P000365,Velu Nadar,VERIFIED,2020-03-28,,0,404015776157435
PH001027,7228002431,MTNL,Karnataka,P000366,Har Prasad Yadav,VERIFIED,2026-06-10,,0,404010098253343
PH001028,7693134036,Jio,Bihar,P000367,Ilango Annadurai,VERIFIED,2023-08-26,,0,404073771506138
PH001029,8680733830,Vi,Bihar,P000367,NOT AVAILABLE,BULK_ISSUED,2021-01-11,2021-04-29,1,404041612365289
PH001030,8168867382,Airtel,Tamil Nadu,P000368,Dinesh Rathore,VERIFIED,2018-12-03,,0,404065599933129
PH001031,7530051665,Airtel,Tamil Nadu,P000368,Dinesh Rathore,VERIFIED,2019-05-10,,0,404034319465749
PH001032,7984624314,Airtel,Tamil Nadu,P000368,Dinesh Rathore,VERIFIED,2018-10-05,,0,404056034114625
PH001033,8474340219,BSNL,Tamil Nadu,P000369,Ravichandran Nadar,VERIFIED,2019-02-07,,0,404002063483234
PH001034,7338674171,Vi,Tamil Nadu,P000369,ADDRESS INCOMPLETE,BULK_ISSUED,2020-03-10,2020-06-16,1,404007138456845
PH001035,9588933044,MTNL,Tamil Nadu,P000369,ADDRESS INCOMPLETE,BULK_ISSUED,2019-10-17,2020-02-21,1,404095812386739
PH001036,9352098148,Jio,Bihar,P000370,Yallappa Angadi,VERIFIED,2025-07-15,,0,404085480500985
PH001037,7754107372,Jio,Bihar,P000370,NOT AVAILABLE,UNVERIFIED,2022-03-10,2023-01-11,1,404046544806344
PH001038,7567260188,Jio,Bihar,P000370,NOT AVAILABLE,UNVERIFIED,2019-10-30,2019-11-25,1,404090970782481
PH001039,7294955682,Jio,Karnataka,P000371,Manoj Yadav,VERIFIED,2022-10-06,,0,404006908840387
PH001040,9154679538,Airtel,Karnataka,P000371,ADDRESS INCOMPLETE,FORGED_KYC,2022-01-26,2022-05-21,1,404095740579376
PH001041,8152980024,BSNL,Karnataka,P000371,Manoj Yadav,VERIFIED,2019-08-28,,0,404014122580484
PH001042,7851302999,Jio,Tamil Nadu,P000372,Rajendran Pillai,VERIFIED,2019-02-21,,0,404030372095625
PH001043,7414974210,BSNL,Tamil Nadu,P000372,Rajendran Pillai,VERIFIED,2023-08-02,,0,404064676376076
PH001044,9851519275,Vi,Bihar,P000373,Saravanan Mudaliar,VERIFIED,2022-03-28,,0,404010675858834
PH001045,7919111688,Jio,Bihar,P000373,Saravanan Mudaliar,VERIFIED,2025-10-10,,0,404028125954250
PH001046,7047148908,Jio,Bihar,P000373,ADDRESS INCOMPLETE,UNVERIFIED,2021-04-21,,1,404095343306666
PH001047,9875312847,MTNL,Karnataka,P000374,Murugan Annadurai,VERIFIED,2025-05-15,,0,404043315216644
PH001048,8442178783,Jio,Karnataka,P000374,Murugan Annadurai,VERIFIED,2026-04-06,,0,404005752575836
PH001049,7131591573,Jio,Karnataka,P000375,Satish Kushwaha,VERIFIED,2019-03-16,,0,404043059616050
PH001050,8660400819,MTNL,Karnataka,P000375,ADDRESS INCOMPLETE,FORGED_KYC,2021-09-22,2022-01-19,1,404083280065564
PH001051,8861242226,Jio,Karnataka,P000375,Shailendra Kushwaha,FORGED_KYC,2023-12-10,2024-04-23,1,404066053894452
PH001052,7448064204,MTNL,Madhya Pradesh,P000376,Hanumanthappa Acharya,VERIFIED,2018-08-11,,0,404086332002683
PH001053,7895381013,BSNL,Madhya Pradesh,P000376,Hanumanthappa Acharya,VERIFIED,2018-05-03,,0,404011506475661
PH001054,8564734036,Jio,Madhya Pradesh,P000376,Hanumanthappa Acharya,VERIFIED,2018-10-23,,0,404084061485460
PH001055,9279884554,Airtel,Tamil Nadu,P000377,Veeresh Acharya,VERIFIED,2018-05-03,,0,404073058163081
PH001056,8195726768,BSNL,Tamil Nadu,P000377,Veeresh Acharya,VERIFIED,2019-12-31,,0,404098760591279
PH001057,9020058209,Airtel,Uttar Pradesh,P000378,Malathi Raja,VERIFIED,2023-10-07,,0,404057441814695
PH001058,7258046572,Jio,Uttar Pradesh,P000378,Saravanan Palanivel,BULK_ISSUED,2023-05-04,,1,404084359790356
PH001059,9578403105,MTNL,Uttar Pradesh,P000378,ADDRESS INCOMPLETE,FORGED_KYC,2024-09-15,2025-06-09,1,404025085804267
PH001060,9349474692,Vi,Uttar Pradesh,P000378,Malathi Raja,VERIFIED,2022-05-08,,0,404097692465840
PH001061,7140784437,Jio,Uttar Pradesh,P000378,Selvam Raja,FORGED_KYC,2022-08-02,,1,404053912040806
PH001062,7879576513,MTNL,Tamil Nadu,P000379,Saravanan Naicker,VERIFIED,2024-12-12,,0,404060131321070
PH001063,9212246394,MTNL,Tamil Nadu,P000379,ADDRESS INCOMPLETE,UNVERIFIED,2019-11-30,2020-08-03,1,404098693502850
PH001064,8136866696,Jio,Tamil Nadu,P000379,Ilango Pandian,UNVERIFIED,2024-11-06,,1,404075911072483
PH001065,9401037756,Vi,Tamil Nadu,P000379,Saravanan Naicker,VERIFIED,2026-04-02,,0,404086959467385
PH001066,9458071906,Vi,Tamil Nadu,P000379,ADDRESS INCOMPLETE,FORGED_KYC,2024-07-01,2024-12-03,1,404002462956680
PH001067,9342560351,MTNL,Madhya Pradesh,P000380,Rajendran Gounder,VERIFIED,2019-04-07,,0,404037339184860
PH001068,7987439002,Jio,Madhya Pradesh,P000380,NOT AVAILABLE,FORGED_KYC,2021-09-07,2022-03-25,1,404096466424941
PH001069,8426731293,Vi,Madhya Pradesh,P000381,Perumal Subramanian,VERIFIED,2023-11-22,,0,404004721174560
PH001070,7096317864,MTNL,Madhya Pradesh,P000381,Kannan Palanivel,UNVERIFIED,2023-04-19,2023-07-19,1,404039660098678
PH001071,9490257510,MTNL,Madhya Pradesh,P000381,ADDRESS INCOMPLETE,BULK_ISSUED,2018-09-29,2019-03-11,1,404039015405626
PH001072,8277676391,BSNL,Bihar,P000382,Mallikarjun Rai,VERIFIED,2025-07-01,,0,404010434106286
PH001073,9361147882,Vi,Bihar,P000382,NOT AVAILABLE,UNVERIFIED,2024-10-11,2025-10-25,1,404042643969459
PH001074,9289719551,Vi,Bihar,P000382,Puttaraju Naik,FORGED_KYC,2018-10-29,2019-04-10,1,404013718932766
PH001075,9444014366,Vi,Bihar,P000382,ADDRESS INCOMPLETE,FORGED_KYC,2022-08-13,2023-04-12,1,404024666450299
PH001076,9290970468,Airtel,Rajasthan,P000383,Balbir Yadav,VERIFIED,2023-12-18,,0,404022735947145
PH001077,7110998664,BSNL,Rajasthan,P000383,Balbir Yadav,VERIFIED,2025-02-19,,0,404099073707434
PH001078,9880965590,Vi,Rajasthan,P000383,Ashok Nagar,BULK_ISSUED,2018-06-11,2019-04-11,1,404068516357720
PH001079,7023603165,Jio,Bihar,P000384,Deepak Gupta,VERIFIED,2026-03-27,,0,404087551739920
PH001080,8418887494,Vi,Bihar,P000384,Ashok Pandey,BULK_ISSUED,2018-10-21,,1,404011407319197
PH001081,7726704569,MTNL,Bihar,P000384,Deepak Gupta,VERIFIED,2022-08-28,,0,404076348654722
PH001082,7788705676,MTNL,Bihar,P000384,Rajesh Mishra,FORGED_KYC,2018-04-27,,1,404047233122780
PH001083,8403444807,BSNL,Bihar,P000384,ADDRESS INCOMPLETE,BULK_ISSUED,2024-04-13,,1,404034536535968
PH001084,7722664265,Jio,Tamil Nadu,P000385,Ilango Palanivel,VERIFIED,2022-04-27,,0,404097621266350
PH001085,8001772733,MTNL,Madhya Pradesh,P000386,Thangaraj Naicker,VERIFIED,2018-08-07,,0,404032976911318
PH001086,9927838164,Vi,Madhya Pradesh,P000386,NOT AVAILABLE,UNVERIFIED,2022-04-12,2022-09-15,1,404014180137425
PH001087,9222754109,Vi,Madhya Pradesh,P000386,NOT AVAILABLE,UNVERIFIED,2019-02-09,2019-07-30,1,404085420667124
PH001088,7409860978,Vi,Madhya Pradesh,P000386,ADDRESS INCOMPLETE,BULK_ISSUED,2021-05-30,2021-10-27,1,404039242811236
PH001089,7186296629,Airtel,Uttar Pradesh,P000387,Selvam Naicker,VERIFIED,2020-10-17,,0,404031912266755
PH001090,7657998734,BSNL,Uttar Pradesh,P000387,Selvam Naicker,VERIFIED,2020-03-10,,0,404089391852147
PH001091,8730385472,MTNL,Uttar Pradesh,P000387,ADDRESS INCOMPLETE,BULK_ISSUED,2024-06-25,2024-10-26,1,404042114585619
PH001092,9568643681,Airtel,Rajasthan,P000388,Manjunath Hegde,VERIFIED,2019-05-18,,0,404081173105215
PH001093,7742992647,BSNL,Rajasthan,P000388,Hanumanthappa Bhat,FORGED_KYC,2024-04-03,2024-06-21,1,404001850773095
PH001094,7343691715,MTNL,Rajasthan,P000388,Manjunath Hegde,VERIFIED,2023-07-11,,0,404012046444627
PH001095,8369934649,Jio,Rajasthan,P000388,NOT AVAILABLE,FORGED_KYC,2025-07-27,,1,404007248631134
PH001096,8627086502,Jio,Karnataka,P000389,Shivanna Angadi,VERIFIED,2025-08-05,,0,404036080608317
PH001097,8699881688,Airtel,Karnataka,P000389,Shivanna Angadi,VERIFIED,2023-06-09,,0,404048426250411
PH001098,8773090952,Airtel,Rajasthan,P000390,Chitra Mudaliar,VERIFIED,2022-11-10,,0,404036314546152
PH001099,8557761648,Jio,Rajasthan,P000390,ADDRESS INCOMPLETE,FORGED_KYC,2021-08-14,2022-03-17,1,404000062182358
PH001100,7976236228,MTNL,Karnataka,P000391,Mallikarjun Desai,VERIFIED,2020-06-08,,0,404029607135796
PH001101,8069513947,Vi,Karnataka,P000391,Mallikarjun Desai,VERIFIED,2024-11-09,,0,404094349677873
PH001102,7630062772,BSNL,Karnataka,P000391,Mallikarjun Desai,VERIFIED,2020-01-22,,0,404011356947126
PH001103,8919755549,Jio,Uttar Pradesh,P000392,Palanisamy Raja,VERIFIED,2024-12-10,,0,404047663905652
PH001104,8843800241,Airtel,Uttar Pradesh,P000393,Anbu Muthusamy,VERIFIED,2025-10-21,,0,404060354258595
PH001105,8244739847,Jio,Uttar Pradesh,P000393,Anbu Muthusamy,VERIFIED,2018-10-18,,0,404097486531285
PH001106,7554801031,BSNL,Uttar Pradesh,P000393,ADDRESS INCOMPLETE,BULK_ISSUED,2024-09-22,2025-04-26,1,404070418778630
PH001107,9395935646,Jio,Karnataka,P000394,Pramod Shukla,VERIFIED,2019-11-19,,0,404005614104886
PH001108,8861938107,MTNL,Tamil Nadu,P000395,Kannan Annadurai,VERIFIED,2020-09-17,,0,404028367961207
PH001109,7621418184,Airtel,Tamil Nadu,P000395,Kannan Annadurai,VERIFIED,2018-03-09,,0,404097901740397
PH001110,7821543800,BSNL,Tamil Nadu,P000395,Kannan Annadurai,VERIFIED,2026-04-10,,0,404029236579891
PH001111,7050866109,Jio,Karnataka,P000396,Netrapal Nishad,VERIFIED,2026-06-16,,0,404065049398050
PH001112,7403626533,BSNL,Karnataka,P000396,NOT AVAILABLE,FORGED_KYC,2018-12-24,,1,404069420754255
PH001113,8305285625,Vi,Rajasthan,P000397,Selvam Gounder,VERIFIED,2024-10-30,,0,404081366618800
PH001114,9959552122,Jio,Rajasthan,P000397,Selvam Gounder,VERIFIED,2023-02-18,,0,404055631440456
PH001115,9662691422,MTNL,Rajasthan,P000397,Selvam Gounder,VERIFIED,2023-06-10,,0,404027106976755
PH001116,8723857312,Vi,Bihar,P000398,Girish Hiremath,VERIFIED,2021-11-27,,0,404073340533990
PH001117,8009373001,BSNL,Bihar,P000398,NOT AVAILABLE,UNVERIFIED,2021-10-22,2022-05-30,1,404022010328311
PH001118,7495646947,Jio,Bihar,P000398,NOT AVAILABLE,FORGED_KYC,2020-02-09,2020-10-23,1,404006102834960
PH001119,9348312306,MTNL,Bihar,P000398,Girish Hiremath,VERIFIED,2025-05-12,,0,404012587811025
PH001120,7003316759,Jio,Tamil Nadu,P000399,Netrapal Bhardwaj,VERIFIED,2024-06-06,,0,404062070986795
PH001121,8157754481,BSNL,Tamil Nadu,P000399,NOT AVAILABLE,FORGED_KYC,2018-09-14,,1,404072156639627
PH001122,9164871027,Jio,Tamil Nadu,P000399,Rakesh Shukla,BULK_ISSUED,2025-05-10,2025-06-21,1,404096411774494
PH001123,9607599110,Jio,Tamil Nadu,P000399,Netrapal Bhardwaj,VERIFIED,2022-04-08,,0,404001283702562
PH001124,9487377424,Vi,Tamil Nadu,P000400,Mallikarjun Hiremath,VERIFIED,2019-04-12,,0,404035648078940
PH001125,9564388733,Vi,Tamil Nadu,P000400,Puttaraju Naik,UNVERIFIED,2020-06-17,2021-05-03,1,404064428722313
PH001126,8012948693,Vi,Tamil Nadu,P000400,Mallikarjun Hiremath,VERIFIED,2018-01-08,,0,404004953640352
PH001127,9008782238,Vi,Karnataka,P000401,Rajendran Subramanian,VERIFIED,2019-04-23,,0,404054768476750
PH001128,8409444274,Jio,Karnataka,P000401,Rajendran Subramanian,VERIFIED,2020-03-24,,0,404076644410619
PH001129,7222203876,BSNL,Karnataka,P000401,Rajendran Subramanian,VERIFIED,2025-02-12,,0,404038429184612
PH001130,8943586213,Jio,Rajasthan,P000402,Sanjay Dubey,VERIFIED,2025-06-20,,0,404084180717809
PH001131,7273234251,Airtel,Rajasthan,P000402,NOT AVAILABLE,FORGED_KYC,2022-03-14,2022-08-30,1,404075565173942
PH001132,8319434852,Jio,Rajasthan,P000402,Sanjay Dubey,VERIFIED,2025-03-26,,0,404058470854124
PH001133,7272116244,Airtel,Karnataka,P000403,Saravanan Mudaliar,VERIFIED,2020-07-20,,0,404016961760004
PH001134,9166626089,Vi,Karnataka,P000403,ADDRESS INCOMPLETE,BULK_ISSUED,2020-02-08,2020-09-12,1,404037103558453
PH001135,7904715929,Jio,Karnataka,P000403,Elango Gounder,BULK_ISSUED,2024-05-19,2025-01-27,1,404058870432080
PH001136,9399009886,Vi,Karnataka,P000403,Saravanan Mudaliar,VERIFIED,2022-09-20,,0,404067334598407
PH001137,9501769314,Jio,Bihar,P000404,Elango Annadurai,VERIFIED,2020-04-25,,0,404027849192933
PH001138,8193550629,Vi,Bihar,P000404,Elango Annadurai,VERIFIED,2024-07-13,,0,404020476330112
PH001139,9098427788,Vi,Bihar,P000404,Ilango Nadar,FORGED_KYC,2021-02-15,,1,404027397864516
PH001140,9190752277,Vi,Bihar,P000405,Om Prakash Chauhan,VERIFIED,2026-03-04,,0,404088871436539
PH001141,7904465659,Vi,Bihar,P000405,Munna Tomar,UNVERIFIED,2023-04-08,2024-01-24,1,404079208945612
PH001142,9591882661,BSNL,Bihar,P000405,Om Prakash Chauhan,VERIFIED,2023-04-28,,0,404001363530046
PH001143,8754555041,Vi,Tamil Nadu,P000406,Triloki Dubey,VERIFIED,2024-05-19,,0,404087904806067
PH001144,7849392318,Airtel,Tamil Nadu,P000406,Triloki Dubey,VERIFIED,2026-03-02,,0,404005904684089
PH001145,9879797826,MTNL,Tamil Nadu,P000406,NOT AVAILABLE,UNVERIFIED,2020-11-22,2021-04-22,1,404083140917147
PH001146,9098353362,Airtel,Tamil Nadu,P000406,NOT AVAILABLE,UNVERIFIED,2020-08-24,2021-01-22,1,404050637932554
PH001147,9819329863,Airtel,Rajasthan,P000407,Ajay Prajapati,VERIFIED,2022-11-04,,0,404073112982988
PH001148,7676970863,Airtel,Rajasthan,P000407,NOT AVAILABLE,BULK_ISSUED,2025-10-23,2026-09-22,1,404075849319743
PH001149,7372228304,MTNL,Rajasthan,P000407,NOT AVAILABLE,BULK_ISSUED,2019-02-06,,1,404028853783814
PH001150,7902164667,Jio,Rajasthan,P000407,Ajay Prajapati,VERIFIED,2019-12-22,,0,404093429862482
PH001151,8275503764,BSNL,Karnataka,P000408,Manjunath Gowda,VERIFIED,2024-06-09,,0,404089133900746
PH001152,9894173714,Vi,Uttar Pradesh,P000409,Sanjay Nagar,VERIFIED,2022-06-30,,0,404021402092102
PH001153,8431676987,Vi,Madhya Pradesh,P000410,Arun Maurya,VERIFIED,2021-09-21,,0,404014646062510
PH001154,7274546966,Airtel,Madhya Pradesh,P000410,Arun Maurya,VERIFIED,2019-12-18,,0,404064897301231
PH001155,9837592612,BSNL,Madhya Pradesh,P000411,Kumaraswamy Kulkarni,VERIFIED,2020-11-28,,0,404040407982063
PH001156,8565007449,Jio,Rajasthan,P000412,Lokesh Chikkanna,VERIFIED,2026-06-08,,0,404042234719057
PH001157,9915440987,Vi,Rajasthan,P000412,NOT AVAILABLE,FORGED_KYC,2023-01-01,2023-04-16,1,404099890526981
PH001158,7998724958,Jio,Karnataka,P000413,Selvam Kurup,VERIFIED,2025-07-15,,0,404069530203315
PH001159,8497035491,Vi,Karnataka,P000413,NOT AVAILABLE,FORGED_KYC,2020-04-02,2020-08-04,1,404040444537600
PH001160,8162126137,Jio,Karnataka,P000413,Bala Kurup,FORGED_KYC,2020-09-08,2021-03-29,1,404024873570007
PH001161,9717418786,Jio,Karnataka,P000413,Selvam Kurup,VERIFIED,2022-10-28,,0,404048731460104
PH001162,8713990178,Vi,Bihar,P000414,Thangaraj Rajendran,VERIFIED,2023-08-20,,0,404056657200712
PH001163,7912549601,Airtel,Bihar,P000414,ADDRESS INCOMPLETE,UNVERIFIED,2018-10-14,,1,404036819098776
PH001164,8847125093,BSNL,Bihar,P000414,Thangaraj Rajendran,VERIFIED,2023-01-26,,0,404000911165377
PH001165,8216328396,BSNL,Bihar,P000414,ADDRESS INCOMPLETE,UNVERIFIED,2019-12-11,,1,404029854071499
PH001166,7181722580,Airtel,Karnataka,P000415,Vinod Thakur,VERIFIED,2021-04-12,,0,404097278196236
PH001167,9317578401,Airtel,Karnataka,P000415,Vinod Thakur,VERIFIED,2022-05-11,,0,404066220633606
PH001168,9954253379,MTNL,Karnataka,P000415,NOT AVAILABLE,FORGED_KYC,2023-04-26,,1,404008169578723
PH001169,7364007965,MTNL,Karnataka,P000416,Manikandan Annadurai,VERIFIED,2021-09-10,,0,404091497651901
PH001170,9768111041,Vi,Maharashtra,P000417,Yogendra Tomar,VERIFIED,2023-04-17,,0,404051749064635
PH001171,7901908485,Airtel,Maharashtra,P000417,Yogendra Tomar,VERIFIED,2026-03-17,,0,404093138955717
PH001172,8032327337,MTNL,Maharashtra,P000417,Yogendra Tomar,VERIFIED,2020-08-28,,0,404018025022665
PH001173,9781312243,Jio,Maharashtra,P000417,Yogendra Tomar,VERIFIED,2019-11-28,,0,404049685644132
PH001174,9382314576,Jio,Bihar,P000418,Gopal Naskar,VERIFIED,2023-07-25,,0,404010225144648
PH001175,9207053420,Airtel,Karnataka,P000419,Palash Mistry,VERIFIED,2023-03-05,,0,404063496070851
PH001176,9431553831,BSNL,Karnataka,P000419,Ranjan Bose,BULK_ISSUED,2018-11-26,,1,404008302237796
PH001177,9012092371,BSNL,Karnataka,P000419,Palash Mistry,VERIFIED,2020-04-09,,0,404003548071999
PH001178,8290682870,Jio,Karnataka,P000420,Shahnawaz Hussain,VERIFIED,2024-07-07,,0,404076259962149
PH001179,8119486756,MTNL,Karnataka,P000420,Shahnawaz Hussain,VERIFIED,2025-10-09,,0,404036333193338
PH001180,8685380533,Vi,Maharashtra,P000421,Yusuf Hussain,VERIFIED,2021-07-05,,0,404032658827688
PH001181,9088500299,MTNL,Maharashtra,P000421,Yusuf Hussain,VERIFIED,2021-12-08,,0,404007765828072
PH001182,9358869150,Airtel,Maharashtra,P000421,Mohammed Farooqui,BULK_ISSUED,2022-11-03,2022-12-06,1,404037128379000
PH001183,7779358944,Jio,Maharashtra,P000421,Yusuf Hussain,VERIFIED,2026-02-13,,0,404043725984941
PH001184,8980781216,Jio,Haryana,P000422,Debashish Biswas,VERIFIED,2024-05-01,,0,404049018926500
PH001185,8734347113,Vi,Haryana,P000422,Debashish Biswas,VERIFIED,2018-09-27,,0,404013959274681
PH001186,9937157140,BSNL,Haryana,P000422,NOT AVAILABLE,UNVERIFIED,2022-11-15,,1,404011235173595
PH001187,8463131085,Vi,Haryana,P000422,NOT AVAILABLE,BULK_ISSUED,2021-03-25,,1,404091765494177
PH001188,7092326772,Airtel,Karnataka,P000423,Sikha Halder,VERIFIED,2026-02-06,,0,404076723232907
PH001189,8883664165,Jio,Karnataka,P000424,Shanti Dubey,VERIFIED,2023-10-05,,0,404076567385751
PH001190,9649109053,MTNL,Karnataka,P000424,Suresh Gupta,FORGED_KYC,2021-03-10,2021-04-29,1,404044418176935
PH001191,9000658689,Airtel,Karnataka,P000424,Shanti Dubey,VERIFIED,2025-11-26,,0,404033792063807
PH001192,8178958429,Vi,Karnataka,P000425,Nirmal Chakraborty,VERIFIED,2019-08-29,,0,404024967269619
PH001193,8008335042,Vi,Karnataka,P000425,Nirmal Chakraborty,VERIFIED,2020-03-04,,0,404085386835119
PH001194,8837563885,BSNL,Karnataka,P000425,Subhas Bose,BULK_ISSUED,2025-05-10,,1,404019355642927
PH001195,7668131434,Airtel,Karnataka,P000425,Nirmal Chakraborty,VERIFIED,2023-02-01,,0,404004249397684
PH001196,7000603229,BSNL,Karnataka,P000425,Nirmal Chakraborty,VERIFIED,2023-10-15,,0,404098931456625
PH001197,8835835410,Airtel,Bihar,P000426,Ibrahim Mirza,VERIFIED,2021-10-05,,0,404026788796611
PH001198,7986890637,BSNL,Bihar,P000426,ADDRESS INCOMPLETE,UNVERIFIED,2020-10-28,2020-12-06,1,404048906593793
PH001199,9571699439,Jio,Bihar,P000426,ADDRESS INCOMPLETE,UNVERIFIED,2025-09-02,2026-09-19,1,404068674847586
PH001200,8040657022,Vi,Bihar,P000426,Ibrahim Mirza,VERIFIED,2019-01-19,,0,404058527713059
PH001201,8634822778,MTNL,Assam,P000427,Naseer Baig,VERIFIED,2023-06-25,,0,404034843333624
PH001202,8909387614,BSNL,Assam,P000427,Nadeem Mirza,BULK_ISSUED,2024-06-02,2024-08-06,1,404020633995341
PH001203,9355501453,Jio,Assam,P000427,Naseer Baig,VERIFIED,2026-05-25,,0,404073002290077
PH001204,8104462203,BSNL,Assam,P000427,Naseer Baig,VERIFIED,2022-11-11,,0,404099957538029
PH001205,8995324668,MTNL,West Bengal,P000428,Sajid Farooqui,VERIFIED,2025-03-04,,0,404067613617369
PH001206,8442912930,Vi,West Bengal,P000428,Nadeem Sheikh,BULK_ISSUED,2018-08-14,2019-05-19,1,404030121550017
PH001207,9666418742,MTNL,West Bengal,P000428,Sajid Farooqui,VERIFIED,2019-10-31,,0,404048806406858
PH001208,8323261002,BSNL,Assam,P000429,Tapan Biswas,VERIFIED,2020-03-06,,0,404003144251011
PH001209,8137098617,Airtel,Assam,P000429,Tapan Biswas,VERIFIED,2018-02-08,,0,404092883229837
PH001210,7297175762,MTNL,Assam,P000429,ADDRESS INCOMPLETE,UNVERIFIED,2019-11-26,2020-03-24,1,404075663763733
PH001211,9440189159,MTNL,Assam,P000429,Tapan Biswas,VERIFIED,2020-11-05,,0,404010856886155
PH001212,8820766798,MTNL,Assam,P000429,NOT AVAILABLE,BULK_ISSUED,2018-11-06,2019-11-29,1,404042758466234
PH001213,8397397164,BSNL,Delhi,P000430,Kartik Halder,VERIFIED,2023-11-27,,0,404099097422350
PH001214,7123929149,BSNL,Delhi,P000430,Palash Bhattacharya,FORGED_KYC,2025-01-16,,1,404006009621594
PH001215,9191956393,MTNL,Delhi,P000430,Bimal Pal,UNVERIFIED,2023-10-23,,1,404004869129065
PH001216,9258615843,Vi,Bihar,P000431,Bikash Roy,VERIFIED,2018-06-07,,0,404081491882436
PH001217,9180066227,BSNL,Bihar,P000431,Bikash Roy,VERIFIED,2023-06-09,,0,404012102074321
PH001218,9845574639,MTNL,Bihar,P000432,Mohammed Pathan,VERIFIED,2019-12-21,,0,404004331682077
PH001219,8213419271,Airtel,Bihar,P000432,NOT AVAILABLE,BULK_ISSUED,2023-01-20,2023-02-23,1,404045021453115
PH001220,8246588949,Airtel,Haryana,P000433,Subhas Naskar,VERIFIED,2024-10-06,,0,404014758570409
PH001221,7836902585,Vi,Haryana,P000433,Subhas Naskar,VERIFIED,2026-02-26,,0,404025161295401
PH001222,9698343702,Vi,Haryana,P000433,Subhas Naskar,VERIFIED,2022-01-22,,0,404010528359633
PH001223,7570021005,MTNL,Maharashtra,P000434,Ibrahim Khan,VERIFIED,2023-05-23,,0,404009982626656
PH001224,8785367176,Vi,Maharashtra,P000434,NOT AVAILABLE,FORGED_KYC,2021-03-12,2021-07-08,1,404083521418047
PH001225,7111274705,Vi,Maharashtra,P000434,ADDRESS INCOMPLETE,UNVERIFIED,2018-04-10,,1,404067062154464
PH001226,8461857438,BSNL,Maharashtra,P000434,Ibrahim Khan,VERIFIED,2023-05-10,,0,404062502845181
PH001227,7702156013,MTNL,Assam,P000435,Naseer Zaidi,VERIFIED,2018-09-26,,0,404094765984576
PH001228,7506810696,Jio,Assam,P000435,Naseer Zaidi,VERIFIED,2018-06-28,,0,404038734357110
PH001229,8404729023,MTNL,Assam,P000435,Naseer Zaidi,VERIFIED,2020-07-25,,0,404081393729981
PH001230,7308144093,Jio,Assam,P000435,ADDRESS INCOMPLETE,UNVERIFIED,2019-11-13,,1,404082721484634
PH001231,8781184629,MTNL,Maharashtra,P000436,Shahnawaz Mirza,VERIFIED,2026-04-23,,0,404020107228711
PH001232,8798337320,Airtel,Maharashtra,P000436,NOT AVAILABLE,FORGED_KYC,2023-12-15,,1,404096540278656
PH001233,8135946457,Vi,Haryana,P000437,Farida Khan,VERIFIED,2025-04-07,,0,404026213387960
PH001234,7391646312,Jio,Haryana,P000437,ADDRESS INCOMPLETE,FORGED_KYC,2021-08-16,2021-09-26,1,404031090692951
PH001235,9425944528,BSNL,Haryana,P000438,Kartik Bose,VERIFIED,2019-04-21,,0,404091488134157
PH001236,7871671100,BSNL,Haryana,P000438,NOT AVAILABLE,FORGED_KYC,2019-07-27,2020-05-21,1,404092180439969
PH001237,7617523035,Airtel,Haryana,P000438,Bimal Mondal,UNVERIFIED,2019-05-03,2019-09-26,1,404086966357346
PH001238,7919753328,Vi,Haryana,P000438,Bikash Sardar,BULK_ISSUED,2025-07-22,2025-10-31,1,404042350333656
PH001239,7599578589,Jio,Maharashtra,P000439,Gopal Biswas,VERIFIED,2024-03-15,,0,404001678073956
PH001240,9491470926,Vi,Delhi,P000440,Swapan Gayen,VERIFIED,2018-03-07,,0,404006482379613
PH001241,9683294111,BSNL,Delhi,P000440,NOT AVAILABLE,BULK_ISSUED,2022-07-30,,1,404098909495168
PH001242,7192277286,BSNL,Delhi,P000440,Swapan Gayen,VERIFIED,2021-05-10,,0,404034530047031
PH001243,7843358424,BSNL,Delhi,P000440,ADDRESS INCOMPLETE,UNVERIFIED,2019-03-12,,1,404050437371256
PH001244,8846238363,BSNL,Haryana,P000441,Tanveer Rahman,VERIFIED,2020-02-08,,0,404090507314412
PH001245,9766321603,MTNL,Haryana,P000441,Mohammed Chaudhary,UNVERIFIED,2022-07-10,2022-12-03,1,404036511332744
PH001246,9880330769,Vi,Maharashtra,P000442,Swapan Gayen,VERIFIED,2026-06-05,,0,404000872339517
PH001247,8163700825,Jio,Haryana,P000443,Salim Zaidi,VERIFIED,2023-04-28,,0,404023819626336
PH001248,9447773362,Airtel,Haryana,P000443,Salim Zaidi,VERIFIED,2020-05-21,,0,404042528966064
PH001249,9673824079,Airtel,Haryana,P000443,NOT AVAILABLE,FORGED_KYC,2020-06-13,,1,404089988550592
PH001250,9756265859,BSNL,Bihar,P000444,Haroon Ansari,VERIFIED,2025-08-31,,0,404025608108578
PH001251,8693419961,BSNL,Bihar,P000444,NOT AVAILABLE,UNVERIFIED,2021-06-04,2022-07-02,1,404032907658244
PH001252,8449854850,BSNL,Bihar,P000444,Haroon Ansari,VERIFIED,2023-09-18,,0,404078144649459
PH001253,9210615343,Airtel,Bihar,P000444,NOT AVAILABLE,FORGED_KYC,2025-04-06,,1,404028810791084
PH001254,7163863605,BSNL,Delhi,P000445,Kartik Das,VERIFIED,2020-06-09,,0,404047076703100
PH001255,8313867293,MTNL,Delhi,P000445,ADDRESS INCOMPLETE,UNVERIFIED,2018-12-10,2019-08-15,1,404055812848550
PH001256,9182332941,MTNL,Delhi,P000446,Udaiveer Gupta,VERIFIED,2022-10-25,,0,404046007851815
PH001257,9832409716,Airtel,Karnataka,P000447,Javed Malik,VERIFIED,2023-09-15,,0,404083475480029
PH001258,7088601607,Airtel,Karnataka,P000447,Javed Malik,VERIFIED,2023-07-29,,0,404023897089520
PH001259,7314900187,Jio,Karnataka,P000447,Javed Malik,VERIFIED,2025-12-02,,0,404009126761818
PH001260,7619398103,Vi,Karnataka,P000447,Zubair Ahmed,FORGED_KYC,2025-09-23,2026-09-28,1,404031577073301
PH001261,7257750144,Jio,Delhi,P000448,Gautam Majumdar,VERIFIED,2019-07-17,,0,404069930771232
PH001262,9633926289,Jio,Karnataka,P000449,Sanjib Bhattacharya,VERIFIED,2022-06-04,,0,404083789526492
PH001263,7852524161,BSNL,Karnataka,P000449,Sanjib Bhattacharya,VERIFIED,2026-03-07,,0,404063872395174
PH001264,7726733441,BSNL,Karnataka,P000449,NOT AVAILABLE,BULK_ISSUED,2023-12-17,,1,404092654952797
PH001265,8290615339,MTNL,Delhi,P000450,Neelam Singh,VERIFIED,2025-08-07,,0,404061331725339
PH001266,7433348460,Jio,Delhi,P000450,Pradeep Sharma,FORGED_KYC,2018-09-12,,1,404008638649992
PH001267,9281856091,MTNL,Delhi,P000450,NOT AVAILABLE,FORGED_KYC,2019-06-24,,1,404006925652919
PH001268,7041810754,Airtel,Bihar,P000451,Munna Chauhan,VERIFIED,2021-12-14,,0,404087098378321
PH001269,8603383713,Airtel,Bihar,P000451,Rambabu Dubey,FORGED_KYC,2018-03-20,2018-07-27,1,404032253049100
PH001270,9758230860,BSNL,Bihar,P000451,Munna Chauhan,VERIFIED,2019-04-09,,0,404042772594721
PH001271,7155541398,Jio,Haryana,P000452,Mushtaq Baig,VERIFIED,2018-09-08,,0,404071464213974
PH001272,7004274998,BSNL,Haryana,P000453,Hariom Shukla,VERIFIED,2022-08-13,,0,404013370880404
PH001273,7624203667,Jio,Haryana,P000453,Arun Saini,FORGED_KYC,2018-07-13,2019-02-24,1,404016576285777
PH001274,7741642716,Vi,Haryana,P000453,Hariom Shukla,VERIFIED,2025-12-16,,0,404071932844382
PH001275,7688022278,BSNL,Delhi,P000454,Gautam Halder,VERIFIED,2025-11-18,,0,404092292300319
PH001276,9776426493,MTNL,Karnataka,P000455,Kartik Majumdar,VERIFIED,2019-10-04,,0,404007132975335
PH001277,9408440684,Vi,Karnataka,P000455,Kartik Majumdar,VERIFIED,2019-05-05,,0,404035108683858
PH001278,7101595892,MTNL,Karnataka,P000455,NOT AVAILABLE,BULK_ISSUED,2025-03-12,2025-09-23,1,404009562598349
PH001279,9026082135,MTNL,Haryana,P000456,Manju Prajapati,VERIFIED,2019-01-17,,0,404012923107846
PH001280,7371823273,MTNL,Haryana,P000456,Manju Prajapati,VERIFIED,2021-10-29,,0,404082797413973
PH001281,9626026761,Vi,Bihar,P000457,Naseer Malik,VERIFIED,2022-01-31,,0,404018193310434
PH001282,7095944440,Vi,Maharashtra,P000458,Zubair Ahmed,VERIFIED,2024-05-20,,0,404065551971718
PH001283,7178152778,BSNL,Maharashtra,P000458,Ibrahim Ansari,FORGED_KYC,2026-04-09,,1,404068540277234
PH001284,8221819892,Vi,Maharashtra,P000458,Zubair Ahmed,VERIFIED,2018-09-13,,0,404007786538636
PH001285,8399879045,Vi,Delhi,P000459,Gopal Pal,VERIFIED,2026-06-26,,0,404064373816747
PH001286,7246124465,MTNL,Delhi,P000459,NOT AVAILABLE,BULK_ISSUED,2023-07-28,2024-01-27,1,404021613526425
PH001287,8874808770,Jio,Delhi,P000459,Swapan Barman,BULK_ISSUED,2025-11-29,2026-03-24,1,404084345179296
PH001288,8359593006,MTNL,Bihar,P000460,Anil Pandey,VERIFIED,2021-05-07,,0,404085887138111
PH001289,8355081534,Jio,Bihar,P000460,ADDRESS INCOMPLETE,FORGED_KYC,2024-09-27,2025-02-05,1,404067250739318
PH001290,7438707033,BSNL,Bihar,P000460,Har Prasad Mishra,BULK_ISSUED,2019-01-26,2019-09-14,1,404049472865018
PH001291,8153622809,Airtel,Bihar,P000460,Randhir Kashyap,UNVERIFIED,2022-02-23,2022-06-05,1,404010587254290
PH001292,9448368437,Jio,Haryana,P000461,Palash Sarkar,VERIFIED,2020-01-10,,0,404064061294510
PH001293,9557525156,Vi,Haryana,P000461,Palash Sarkar,VERIFIED,2023-03-30,,0,404061822281073
PH001294,8302804306,BSNL,Assam,P000462,Kuldeep Pandey,VERIFIED,2022-04-17,,0,404038177817031
PH001295,8386796713,Airtel,Assam,P000462,NOT AVAILABLE,FORGED_KYC,2018-11-15,2019-01-13,1,404092892371060
PH001296,7558391807,Airtel,Assam,P000462,Kuldeep Pandey,VERIFIED,2025-09-26,,0,404020998071488
PH001297,8449586723,BSNL,West Bengal,P000463,Ashim Pal,VERIFIED,2023-01-10,,0,404081141115184
PH001298,9208786878,BSNL,West Bengal,P000463,Ashim Pal,VERIFIED,2020-04-30,,0,404089535557059
PH001299,8460783682,MTNL,West Bengal,P000463,Nirmal Mondal,UNVERIFIED,2024-10-10,2025-05-26,1,404083469162730
PH001300,9496714527,Airtel,West Bengal,P000463,Ashim Pal,VERIFIED,2019-10-15,,0,404026194112363
PH001301,9039711477,BSNL,Assam,P000464,Vinod Rajput,VERIFIED,2018-08-29,,0,404068454277221
PH001302,8551625471,Airtel,Assam,P000464,ADDRESS INCOMPLETE,FORGED_KYC,2025-08-31,2026-02-18,1,404028999814952
PH001303,7041768415,Jio,Assam,P000464,Sandeep Sharma,FORGED_KYC,2019-02-20,,1,404069626855084
PH001304,8372221665,Vi,Assam,P000464,Vinod Rajput,VERIFIED,2019-04-06,,0,404087864658159
PH001305,9856225470,BSNL,Assam,P000464,ADDRESS INCOMPLETE,BULK_ISSUED,2024-04-19,2024-05-14,1,404083525789066
PH001306,7796633266,Airtel,Delhi,P000465,Sanjib Das,VERIFIED,2024-04-15,,0,404005256229651
PH001307,8315916866,Jio,Delhi,P000465,NOT AVAILABLE,BULK_ISSUED,2025-04-22,2025-06-06,1,404050294062898
PH001308,7972841295,MTNL,Assam,P000466,Har Prasad Pandey,VERIFIED,2021-10-09,,0,404055300198363
PH001309,8945516091,Jio,Assam,P000466,ADDRESS INCOMPLETE,UNVERIFIED,2022-06-01,2023-03-05,1,404093823287159
PH001310,7752331907,Airtel,Delhi,P000467,Firoz Rahman,VERIFIED,2018-10-07,,0,404097010338948
PH001311,7396226081,MTNL,Delhi,P000467,ADDRESS INCOMPLETE,BULK_ISSUED,2022-07-02,2022-08-11,1,404051867667495
PH001312,8727323776,MTNL,Delhi,P000467,Altaf Alam,BULK_ISSUED,2024-10-23,,1,404068862194611
PH001313,9782572696,BSNL,Delhi,P000467,Firoz Rahman,VERIFIED,2021-10-31,,0,404074565899603
PH001314,7825637997,Airtel,Delhi,P000468,Gopal Naskar,VERIFIED,2026-03-02,,0,404088052850965
PH001315,9447232388,BSNL,Delhi,P000468,ADDRESS INCOMPLETE,FORGED_KYC,2019-04-10,2019-06-28,1,404099806821325
PH001316,7359316493,BSNL,Delhi,P000468,ADDRESS INCOMPLETE,UNVERIFIED,2023-02-08,,1,404007900894157
PH001317,7681021025,Jio,Delhi,P000468,ADDRESS INCOMPLETE,FORGED_KYC,2019-01-21,,1,404037918584678
PH001318,9079825075,Airtel,Delhi,P000468,Gopal Naskar,VERIFIED,2023-05-30,,0,404020815937340
PH001319,8710846842,Vi,Assam,P000469,Mohammed Baig,VERIFIED,2019-06-01,,0,404016831084656
PH001320,7954541913,Vi,Assam,P000469,Mohammed Baig,VERIFIED,2020-01-18,,0,404045422726183
PH001321,9959985101,BSNL,Assam,P000469,Zubair Sheikh,UNVERIFIED,2024-03-10,,1,404067265793721
PH001322,7332748073,Jio,Haryana,P000470,Girdhari Shukla,VERIFIED,2019-09-27,,0,404046374753435
PH001323,8016166019,Airtel,Delhi,P000471,Swapan Dutta,VERIFIED,2024-04-02,,0,404006360304821
PH001324,8918927757,MTNL,Delhi,P000471,Sukumar Naskar,FORGED_KYC,2022-04-14,,1,404020991521595
PH001325,7438553282,Airtel,Delhi,P000471,NOT AVAILABLE,UNVERIFIED,2018-06-01,,1,404014183946695
PH001326,7311440740,Vi,West Bengal,P000472,Manoj Kashyap,VERIFIED,2025-03-28,,0,404022572591300
PH001327,8452994558,Airtel,West Bengal,P000472,Manoj Kashyap,VERIFIED,2020-05-12,,0,404075326237127
PH001328,7192577347,Vi,Maharashtra,P000473,Arun Kashyap,VERIFIED,2019-04-13,,0,404089161972371
PH001329,7098769174,MTNL,Maharashtra,P000473,Arun Kashyap,VERIFIED,2021-07-12,,0,404070652796124
PH001330,7039210161,Vi,Maharashtra,P000473,Arun Kashyap,VERIFIED,2019-11-22,,0,404081176945276
PH001331,8320261386,BSNL,Maharashtra,P000474,Prakash Singh,VERIFIED,2023-09-02,,0,404025283187045
PH001332,9540347633,Vi,Maharashtra,P000474,NOT AVAILABLE,BULK_ISSUED,2023-07-31,,1,404094933316965
PH001333,8509787223,Vi,Jharkhand,P000475,Tanveer Pathan,VERIFIED,2026-05-25,,0,404089140926511
PH001334,7091491687,Vi,Madhya Pradesh,P000476,Imran Rahman,VERIFIED,2025-05-20,,0,404074922200844
PH001335,7909502641,MTNL,Madhya Pradesh,P000477,Tanveer Farooqui,VERIFIED,2018-09-19,,0,404072389696861
PH001336,9642321808,Jio,Madhya Pradesh,P000477,Tanveer Farooqui,VERIFIED,2019-11-25,,0,404016680964860
PH001337,7622349727,MTNL,Madhya Pradesh,P000477,Tanveer Farooqui,VERIFIED,2026-06-02,,0,404008347080429
PH001338,7749342330,Vi,Madhya Pradesh,P000477,Tanveer Farooqui,VERIFIED,2020-01-18,,0,404068211023103
PH001339,7343562825,Jio,Bihar,P000478,Triloki Tiwari,VERIFIED,2019-02-26,,0,404054083563014
PH001340,8374684799,Jio,Bihar,P000478,Shailendra Baghel,UNVERIFIED,2022-07-12,2023-04-02,1,404014593091848
PH001341,7488361956,Airtel,Bihar,P000478,NOT AVAILABLE,UNVERIFIED,2018-09-27,2018-10-29,1,404054950924314
PH001342,9358784678,BSNL,Maharashtra,P000479,Balbir Baghel,VERIFIED,2020-06-26,,0,404091340822410
PH001343,9700578838,Vi,Maharashtra,P000479,NOT AVAILABLE,UNVERIFIED,2018-12-09,,1,404009408720476
PH001344,8487487632,MTNL,Uttar Pradesh,P000480,Tanveer Farooqui,VERIFIED,2019-08-02,,0,404042474938827
PH001345,7654249559,Airtel,Uttar Pradesh,P000480,NOT AVAILABLE,UNVERIFIED,2018-10-03,2019-03-14,1,404094683397131
PH001346,7181636005,Airtel,Madhya Pradesh,P000481,Sajid Mansuri,VERIFIED,2019-05-12,,0,404049383509038
PH001347,8959460641,MTNL,Bihar,P000482,Naresh Mishra,VERIFIED,2023-10-28,,0,404033755215502
PH001348,7575050360,MTNL,West Bengal,P000483,Ibrahim Pathan,VERIFIED,2018-11-25,,0,404036123017650
PH001349,9577212122,BSNL,West Bengal,P000483,Ibrahim Pathan,VERIFIED,2023-12-06,,0,404064251242673
PH001350,7322461746,MTNL,West Bengal,P000483,Ibrahim Pathan,VERIFIED,2019-03-31,,0,404067160356966
PH001351,7588514129,Airtel,West Bengal,P000483,Ibrahim Pathan,VERIFIED,2021-04-03,,0,404075657119958
PH001352,7650678642,Airtel,West Bengal,P000483,Ibrahim Pathan,VERIFIED,2018-07-13,,0,404059135678771
PH001353,7306539039,Jio,Jharkhand,P000484,Tanveer Shaikh,VERIFIED,2019-05-13,,0,404059596038445
PH001354,8935167500,Vi,Jharkhand,P000484,Yusuf Idrisi,UNVERIFIED,2025-12-06,2026-11-24,1,404064873432492
PH001355,8225121802,Vi,Madhya Pradesh,P000485,Pramod Kushwaha,VERIFIED,2022-08-06,,0,404005162432719
PH001356,8260287902,Airtel,Madhya Pradesh,P000485,ADDRESS INCOMPLETE,BULK_ISSUED,2024-02-21,2024-07-23,1,404051775657023
PH001357,9131235852,Jio,Madhya Pradesh,P000485,Munna Sengar,FORGED_KYC,2020-06-25,,1,404097975075808
PH001358,9688244167,Airtel,Madhya Pradesh,P000485,Pramod Kushwaha,VERIFIED,2023-06-07,,0,404098139405357
PH001359,9229239122,Airtel,Bihar,P000486,Tanveer Khan,VERIFIED,2022-08-09,,0,404056309755979
PH001360,9361733911,MTNL,Bihar,P000486,Tanveer Khan,VERIFIED,2023-09-15,,0,404083324823688
PH001361,9198320440,MTNL,Bihar,P000486,NOT AVAILABLE,UNVERIFIED,2019-08-26,2020-09-16,1,404074486896839
PH001362,7334881484,Vi,Bihar,P000486,NOT AVAILABLE,BULK_ISSUED,2019-08-15,,1,404022389367003
PH001363,8063023850,MTNL,Bihar,P000487,Ashfaq Zaidi,VERIFIED,2026-04-21,,0,404092901059678
PH001364,8262690726,Airtel,Madhya Pradesh,P000488,Aslam Ahmed,VERIFIED,2019-12-21,,0,404010681544444
PH001365,9383424110,Vi,Maharashtra,P000489,Jitendra Mishra,VERIFIED,2022-01-14,,0,404088882887248
PH001366,7183086899,Jio,Maharashtra,P000490,Ashok Verma,VERIFIED,2018-05-28,,0,404036370361622
PH001367,7493998740,MTNL,Maharashtra,P000490,ADDRESS INCOMPLETE,FORGED_KYC,2020-10-03,,1,404085254568479
PH001368,7307562692,Airtel,Uttar Pradesh,P000491,Anil Srivastava,VERIFIED,2024-05-22,,0,404068420922136
PH001369,8502372953,Vi,Uttar Pradesh,P000491,ADDRESS INCOMPLETE,FORGED_KYC,2024-11-14,,1,404020476394457
PH001370,8379679272,Vi,Uttar Pradesh,P000491,Anil Srivastava,VERIFIED,2022-05-09,,0,404099849860177
PH001371,7421714674,Jio,Uttar Pradesh,P000491,Anil Srivastava,VERIFIED,2025-12-17,,0,404088050583891
PH001372,7037918944,MTNL,Uttar Pradesh,P000492,Sunil Nagar,VERIFIED,2020-12-22,,0,404097070454821
PH001373,8559935384,MTNL,Uttar Pradesh,P000492,Sunil Nagar,VERIFIED,2021-03-04,,0,404061255592214
PH001374,9687811625,MTNL,Uttar Pradesh,P000492,Sunil Nagar,VERIFIED,2026-06-27,,0,404083913508323
PH001375,9061074644,Airtel,Uttar Pradesh,P000492,ADDRESS INCOMPLETE,FORGED_KYC,2021-09-08,,1,404006110486578
PH001376,8989041902,Vi,Jharkhand,P000493,Yusuf Saifi,VERIFIED,2022-03-29,,0,404011902441361
PH001377,7588209509,BSNL,Jharkhand,P000494,Yogendra Pandey,VERIFIED,2023-06-08,,0,404049905809870
PH001378,8915883452,Vi,Jharkhand,P000494,Yogendra Pandey,VERIFIED,2024-09-04,,0,404054677521082
PH001379,9607828197,Vi,Bihar,P000495,Firoz Mansuri,VERIFIED,2018-07-07,,0,404099230465886
PH001380,9297206881,Vi,Bihar,P000495,ADDRESS INCOMPLETE,UNVERIFIED,2020-01-12,2020-02-09,1,404031264738688
PH001381,7079007748,Vi,Bihar,P000495,Salim Ansari,UNVERIFIED,2022-08-02,2023-07-25,1,404051676834269
PH001382,9126064416,Airtel,Madhya Pradesh,P000496,Har Prasad Rajput,VERIFIED,2018-11-02,,0,404020346843895
PH001383,9404805735,MTNL,Madhya Pradesh,P000496,NOT AVAILABLE,UNVERIFIED,2018-11-16,,1,404048124615709
PH001384,8112417942,Vi,Bihar,P000497,Prakash Thakur,VERIFIED,2018-08-05,,0,404050920301952
PH001385,9547152763,BSNL,Bihar,P000497,ADDRESS INCOMPLETE,UNVERIFIED,2021-10-31,,1,404009890450839
PH001386,8395368922,Airtel,Bihar,P000497,Prakash Thakur,VERIFIED,2020-01-10,,0,404089878326970
PH001387,8128590765,MTNL,Bihar,P000497,ADDRESS INCOMPLETE,FORGED_KYC,2022-01-01,2022-05-04,1,404009539849704
PH001388,7052941914,Vi,Bihar,P000497,ADDRESS INCOMPLETE,FORGED_KYC,2018-09-12,,1,404097082068086
PH001389,7713071695,Airtel,Bihar,P000497,NOT AVAILABLE,BULK_ISSUED,2022-10-16,,1,404005698735269
PH001390,9929206793,MTNL,Madhya Pradesh,P000498,Chandrabhan Srivastava,VERIFIED,2025-03-09,,0,404057359405398
PH001391,7306116389,Vi,Madhya Pradesh,P000498,Chandrabhan Srivastava,VERIFIED,2021-09-17,,0,404049413024937
PH001392,9088227532,BSNL,Madhya Pradesh,P000498,Chandrabhan Srivastava,VERIFIED,2022-10-05,,0,404026120569076
PH001393,7770863829,MTNL,Maharashtra,P000499,Chandrabhan Pandey,VERIFIED,2020-05-16,,0,404085249672111
PH001394,8850019684,BSNL,Maharashtra,P000499,NOT AVAILABLE,FORGED_KYC,2024-03-04,2024-10-10,1,404075616814375
PH001395,8460346117,Airtel,Bihar,P000500,Wasim Rahman,VERIFIED,2021-03-16,,0,404086355631559
PH001396,9407672809,Vi,Bihar,P000500,ADDRESS INCOMPLETE,FORGED_KYC,2021-05-12,2021-07-12,1,404071129063147
PH001397,8575138244,Vi,Bihar,P000500,Javed Zaidi,UNVERIFIED,2020-08-01,2021-08-28,1,404054626657540
PH001398,8911626117,Jio,Uttar Pradesh,P000501,Rafiq Siddiqui,VERIFIED,2022-01-01,,0,404032233168885
PH001399,9192765160,Airtel,Uttar Pradesh,P000501,Yusuf Khan,BULK_ISSUED,2020-04-05,2020-09-22,1,404069744625653
PH001400,8040974344,Jio,Uttar Pradesh,P000501,ADDRESS INCOMPLETE,BULK_ISSUED,2023-10-15,,1,404000719210714
PH001401,9986042019,Jio,Uttar Pradesh,P000501,ADDRESS INCOMPLETE,UNVERIFIED,2026-05-21,,1,404047394061648
PH001402,8261215691,Jio,Bihar,P000502,Ramesh Nagar,VERIFIED,2024-07-25,,0,404085119766496
PH001403,7240045681,Vi,Bihar,P000502,Ramesh Nagar,VERIFIED,2018-12-05,,0,404074367152832
PH001404,7566400914,Jio,Bihar,P000502,Ramesh Nagar,VERIFIED,2022-11-04,,0,404076256320190
PH001405,7003664746,MTNL,Uttar Pradesh,P000503,Kavita Nishad,VERIFIED,2020-05-28,,0,404021227976530
PH001406,7745746523,Airtel,Uttar Pradesh,P000503,Mahesh Bhardwaj,FORGED_KYC,2018-08-22,,1,404056133336576
PH001407,7351392341,MTNL,Uttar Pradesh,P000503,NOT AVAILABLE,BULK_ISSUED,2018-05-05,2019-01-19,1,404074245905641
PH001408,8414374832,Airtel,Uttar Pradesh,P000503,Kavita Nishad,VERIFIED,2018-08-14,,0,404054538006946
PH001409,7442395289,BSNL,Madhya Pradesh,P000504,Jitendra Solanki,VERIFIED,2023-09-02,,0,404069995581324
PH001410,8273032733,Jio,Madhya Pradesh,P000504,ADDRESS INCOMPLETE,BULK_ISSUED,2025-10-09,2025-12-01,1,404041826048591
PH001411,7138899655,MTNL,Madhya Pradesh,P000504,Jitendra Solanki,VERIFIED,2020-06-30,,0,404097679106203
PH001412,9698777356,Vi,Madhya Pradesh,P000504,NOT AVAILABLE,BULK_ISSUED,2018-05-15,,1,404087899958860
PH001413,7144011285,Jio,Maharashtra,P000505,Nazia Khan,VERIFIED,2020-04-14,,0,404079691476049
PH001414,8704133780,Jio,Maharashtra,P000505,ADDRESS INCOMPLETE,UNVERIFIED,2021-04-01,2022-04-14,1,404055095445499
PH001415,9514538747,Jio,Jharkhand,P000506,Urmila Prajapati,VERIFIED,2019-04-20,,0,404055899254026
PH001416,9814537336,MTNL,Jharkhand,P000506,Devendra Sharma,FORGED_KYC,2025-08-17,2026-01-14,1,404040251345796
PH001417,8157953642,Jio,Jharkhand,P000507,Suresh Nishad,VERIFIED,2021-09-09,,0,404037911569971
PH001418,9440766979,Jio,Jharkhand,P000507,Suresh Nishad,VERIFIED,2018-05-22,,0,404078374643803
PH001419,9180538829,BSNL,Madhya Pradesh,P000508,Rizwan Ahmed,VERIFIED,2024-02-03,,0,404023611857779
PH001420,8753933113,Airtel,Uttar Pradesh,P000509,Shakeel Mirza,VERIFIED,2022-03-24,,0,404000820581076
PH001421,8919616185,BSNL,Uttar Pradesh,P000509,NOT AVAILABLE,UNVERIFIED,2025-08-20,2025-11-08,1,404027581908154
PH001422,7610827731,BSNL,Uttar Pradesh,P000509,Shakeel Mirza,VERIFIED,2018-07-13,,0,404040975563400
PH001423,7742866192,Jio,West Bengal,P000510,Nazia Saifi,VERIFIED,2022-03-05,,0,404002995722935
PH001424,7053698570,Vi,West Bengal,P000510,Nazia Saifi,VERIFIED,2025-12-01,,0,404030238545148
PH001425,9992216009,Jio,West Bengal,P000510,Nazia Saifi,VERIFIED,2019-03-24,,0,404000377308711
PH001426,8739746959,BSNL,West Bengal,P000510,NOT AVAILABLE,UNVERIFIED,2020-01-19,2021-02-21,1,404058220434364
PH001427,7766237404,Jio,West Bengal,P000511,Rafiq Zaidi,VERIFIED,2019-03-01,,0,404069457571587
PH001428,8835174126,MTNL,West Bengal,P000511,ADDRESS INCOMPLETE,BULK_ISSUED,2025-02-22,,1,404022399512835
PH001429,7254738248,Vi,West Bengal,P000511,ADDRESS INCOMPLETE,BULK_ISSUED,2021-07-09,2022-01-26,1,404007231750401
PH001430,8195769635,Vi,Maharashtra,P000512,Firoz Saifi,VERIFIED,2023-04-04,,0,404003624089623
PH001431,7710082245,Jio,Maharashtra,P000512,Firoz Saifi,VERIFIED,2018-12-24,,0,404025912987384
PH001432,8316971244,Vi,Maharashtra,P000512,ADDRESS INCOMPLETE,FORGED_KYC,2024-09-29,2025-04-04,1,404085458262715
PH001433,7376263789,Airtel,Bihar,P000513,Devendra Bhardwaj,VERIFIED,2018-02-27,,0,404000109194093
PH001434,7538719727,BSNL,Jharkhand,P000514,Rafiq Sheikh,VERIFIED,2024-04-18,,0,404097678412315
PH001435,7963700446,Vi,Jharkhand,P000514,ADDRESS INCOMPLETE,BULK_ISSUED,2025-09-19,2026-07-04,1,404008156439211
PH001436,9206774680,Airtel,Jharkhand,P000514,Shahnawaz Zaidi,UNVERIFIED,2020-06-27,2021-05-20,1,404056113890406
PH001437,7448876461,Jio,Madhya Pradesh,P000515,Mahesh Chauhan,VERIFIED,2023-10-15,,0,404032988333616
PH001438,9647764637,BSNL,Jharkhand,P000516,Altaf Pathan,VERIFIED,2023-07-02,,0,404022745177630
PH001439,7314123317,Airtel,Jharkhand,P000516,Altaf Pathan,VERIFIED,2018-09-20,,0,404083642855153
PH001440,8573180933,Airtel,Jharkhand,P000516,ADDRESS INCOMPLETE,FORGED_KYC,2022-10-07,,1,404084038364251
PH001441,9787577774,Vi,Jharkhand,P000516,Altaf Pathan,VERIFIED,2024-10-01,,0,404062060901009
PH001442,9678040572,Vi,West Bengal,P000517,Hariom Sengar,VERIFIED,2024-02-28,,0,404058974196453
PH001443,8210995833,Jio,West Bengal,P000517,Bhupendra Sengar,BULK_ISSUED,2024-10-04,,1,404081937175992
PH001444,8493442366,Vi,West Bengal,P000517,NOT AVAILABLE,FORGED_KYC,2018-09-27,,1,404032361789614
PH001445,9964453707,Vi,West Bengal,P000517,Hariom Sengar,VERIFIED,2021-03-08,,0,404022185093206
PH001446,8316265771,Airtel,Madhya Pradesh,P000518,Rukhsana Rahman,VERIFIED,2025-11-25,,0,404029070028558
PH001447,9960190332,BSNL,Madhya Pradesh,P000518,NOT AVAILABLE,UNVERIFIED,2020-07-22,,1,404064163423097
PH001448,9645448808,BSNL,Madhya Pradesh,P000518,Rukhsana Rahman,VERIFIED,2024-06-27,,0,404036126126398
PH001449,8476398572,BSNL,Madhya Pradesh,P000518,Firoz Idrisi,UNVERIFIED,2020-12-03,2021-08-17,1,404061418923411
PH001450,7194221505,BSNL,Uttar Pradesh,P000519,Pramod Jaiswal,VERIFIED,2023-06-08,,0,404044550098619
PH001451,8087200002,Airtel,Delhi,P000520,Simranjit Bains,VERIFIED,2020-08-04,,0,404041432353557
PH001452,8155481244,Airtel,Delhi,P000521,Vijay Bhadauria,VERIFIED,2022-04-10,,0,404022208775462
PH001453,9183222747,BSNL,Bihar,P000522,Wasim Malik,VERIFIED,2021-06-27,,0,404020334828991
PH001454,7983448345,MTNL,Uttar Pradesh,P000523,Triloki Shukla,VERIFIED,2021-07-24,,0,404096194038730
PH001455,7569894506,BSNL,Uttar Pradesh,P000523,Triloki Shukla,VERIFIED,2019-09-11,,0,404055057685344
PH001456,7422596256,Jio,Uttar Pradesh,P000523,NOT AVAILABLE,BULK_ISSUED,2023-04-14,2023-05-22,1,404086249826775
PH001457,7747964690,Jio,Haryana,P000524,Aslam Saifi,VERIFIED,2021-11-17,,0,404094785991136
PH001458,7631736123,BSNL,Haryana,P000524,NOT AVAILABLE,UNVERIFIED,2022-08-04,2023-07-15,1,404061872249795
PH001459,9538236567,Vi,Haryana,P000524,Aslam Saifi,VERIFIED,2020-01-22,,0,404043005368545
PH001460,8690709160,Vi,Haryana,P000525,Naseer Ahmed,VERIFIED,2025-12-04,,0,404044746108280
PH001461,8926699295,Jio,Haryana,P000525,Naseer Ahmed,VERIFIED,2018-04-28,,0,404039820028443
PH001462,9878214127,Vi,Haryana,P000526,Vinod Singh,VERIFIED,2024-08-01,,0,404092571483050
PH001463,8367394197,BSNL,Haryana,P000526,Ramesh Chauhan,FORGED_KYC,2021-01-02,,1,404072710679517
PH001464,7200791456,BSNL,Haryana,P000526,NOT AVAILABLE,BULK_ISSUED,2019-08-27,,1,404045381159576
PH001465,7507955914,MTNL,Haryana,P000527,Harbhajan Sarao,VERIFIED,2019-07-26,,0,404087322916520
PH001466,9907667042,BSNL,Haryana,P000527,Harbhajan Sarao,VERIFIED,2020-11-25,,0,404047056806640
PH001467,9386423645,Vi,Haryana,P000527,Harbhajan Sarao,VERIFIED,2025-04-10,,0,404062542265063
PH001468,7584945352,Vi,Haryana,P000527,Lakhwinder Dhillon,FORGED_KYC,2022-07-11,,1,404069162887508
PH001469,9013131437,BSNL,Rajasthan,P000528,Satnam Sidhu,VERIFIED,2023-06-16,,0,404032563372592
PH001470,7415853654,Vi,Rajasthan,P000529,Pramod Baghel,VERIFIED,2020-01-14,,0,404035929653976
PH001471,9574397116,Jio,Rajasthan,P000529,ADDRESS INCOMPLETE,BULK_ISSUED,2025-07-03,2026-06-27,1,404043393143439
PH001472,8753426301,Vi,Rajasthan,P000529,Pramod Baghel,VERIFIED,2020-06-01,,0,404077940905969
PH001473,8719025448,Airtel,Punjab,P000530,Ranjit Bajwa,VERIFIED,2026-04-12,,0,404006217392230
PH001474,7270384868,Jio,Punjab,P000530,NOT AVAILABLE,BULK_ISSUED,2023-05-13,2023-07-16,1,404014525203193
PH001475,8249408836,MTNL,Uttar Pradesh,P000531,Ashfaq Rahman,VERIFIED,2025-09-11,,0,404056337144118
PH001476,8930052338,Vi,Uttar Pradesh,P000531,Ashfaq Rahman,VERIFIED,2021-08-30,,0,404043896334814
PH001477,7950786409,BSNL,Uttar Pradesh,P000531,Ashfaq Rahman,VERIFIED,2026-06-21,,0,404077774714227
PH001478,7562308136,Vi,Uttar Pradesh,P000531,NOT AVAILABLE,UNVERIFIED,2024-08-14,,1,404075739540927
PH001479,8703924425,Vi,Uttar Pradesh,P000532,Shakeel Rahman,VERIFIED,2020-09-16,,0,404066299978831
PH001480,7858604885,BSNL,Uttar Pradesh,P000532,NOT AVAILABLE,FORGED_KYC,2022-07-29,,1,404088435110992
PH001481,9392270908,BSNL,Uttar Pradesh,P000532,Sarfaraz Idrisi,BULK_ISSUED,2023-10-15,2024-07-09,1,404005407576279
PH001482,7520742925,BSNL,Uttar Pradesh,P000532,ADDRESS INCOMPLETE,BULK_ISSUED,2019-11-21,2020-02-15,1,404027677074068
PH001483,9983484109,Airtel,Haryana,P000533,Jaswant Brar,VERIFIED,2020-08-15,,0,404061848201856
PH001484,7444249198,Vi,Punjab,P000534,Pushpa Awasthi,VERIFIED,2021-01-29,,0,404063637562612
PH001485,9011786434,Vi,Punjab,P000534,Pushpa Awasthi,VERIFIED,2020-09-23,,0,404077287952287
PH001486,8492301376,MTNL,Punjab,P000534,Pushpa Awasthi,VERIFIED,2020-03-14,,0,404085822253423
PH001487,9311323502,Jio,Punjab,P000534,Ajay Kashyap,FORGED_KYC,2021-04-27,2022-04-24,1,404048599027367
PH001488,9942068028,Airtel,Punjab,P000534,Girdhari Maurya,FORGED_KYC,2018-05-03,2019-03-05,1,404053031653933
PH001489,8602130925,BSNL,Uttar Pradesh,P000535,Om Prakash Bhardwaj,VERIFIED,2021-03-26,,0,404066317443860
PH001490,7795911899,BSNL,Uttar Pradesh,P000535,NOT AVAILABLE,BULK_ISSUED,2020-02-29,,1,404033279307830
PH001491,8518789465,Airtel,Haryana,P000536,Javed Shaikh,VERIFIED,2022-04-24,,0,404099043678206
PH001492,8678636707,Airtel,Haryana,P000536,Javed Shaikh,VERIFIED,2022-07-07,,0,404041334453760
PH001493,7416576889,MTNL,Haryana,P000537,Harbhajan Bhullar,VERIFIED,2024-11-21,,0,404083375761182
PH001494,8978153825,Vi,Haryana,P000537,Harbhajan Bhullar,VERIFIED,2018-01-29,,0,404034616950054
PH001495,8179474816,Airtel,Haryana,P000537,NOT AVAILABLE,FORGED_KYC,2021-10-12,2022-04-01,1,404096717845493
PH001496,7333797430,Jio,Rajasthan,P000538,Balwinder Gill,VERIFIED,2021-12-30,,0,404004318912009
PH001497,8559702635,Airtel,Rajasthan,P000538,Balwinder Gill,VERIFIED,2025-02-19,,0,404071775013963
PH001498,9448650736,Airtel,Rajasthan,P000538,Balwinder Gill,VERIFIED,2023-04-07,,0,404061407252408
PH001499,7970821776,Airtel,Punjab,P000539,Sandeep Awasthi,VERIFIED,2021-02-13,,0,404027158111277
PH001500,7346281118,BSNL,Punjab,P000539,ADDRESS INCOMPLETE,UNVERIFIED,2024-08-03,,1,404019208501026
PH001501,8350870797,BSNL,Punjab,P000539,Sandeep Awasthi,VERIFIED,2024-10-26,,0,404048545017075
PH001502,8282776545,Jio,Punjab,P000539,Shyamlal Chauhan,UNVERIFIED,2025-06-18,,1,404093651279948
PH001503,9182632820,BSNL,Rajasthan,P000540,Tarsem Gill,VERIFIED,2025-05-13,,0,404006720007816
PH001504,9544049634,Jio,Delhi,P000541,Javed Alam,VERIFIED,2024-06-25,,0,404086986676344
PH001505,8441247687,Jio,Delhi,P000541,Javed Alam,VERIFIED,2025-07-23,,0,404039159076294
PH001506,7492649868,Airtel,Delhi,P000541,NOT AVAILABLE,BULK_ISSUED,2023-01-09,2023-04-19,1,404006720901191
PH001507,9615980728,Vi,Delhi,P000542,Paramjit Sarao,VERIFIED,2023-04-23,,0,404047894109772
PH001508,9366679812,BSNL,Delhi,P000542,Paramjit Sarao,VERIFIED,2018-12-04,,0,404075998822971
PH001509,8476865486,BSNL,Delhi,P000542,Paramjit Sarao,VERIFIED,2026-04-20,,0,404029981815826
PH001510,8861251031,BSNL,Bihar,P000543,Shahnawaz Mansuri,VERIFIED,2019-12-22,,0,404070861890787
PH001511,8786615455,Jio,Bihar,P000543,Shahnawaz Mansuri,VERIFIED,2025-02-12,,0,404059550176578
PH001512,9017734884,MTNL,Delhi,P000544,Iqbal Malik,VERIFIED,2020-01-03,,0,404054098071524
PH001513,8444107509,Airtel,Delhi,P000544,Iqbal Malik,VERIFIED,2018-07-14,,0,404006860752776
PH001514,9102746449,Jio,Delhi,P000544,NOT AVAILABLE,UNVERIFIED,2018-05-15,2019-03-02,1,404027561838446
PH001515,8978362674,Vi,Haryana,P000545,Abdul Alam,VERIFIED,2022-06-22,,0,404053631824258
PH001516,9311433972,Vi,Haryana,P000545,Abdul Alam,VERIFIED,2021-09-13,,0,404052906069725
PH001517,7195515091,Airtel,Haryana,P000545,ADDRESS INCOMPLETE,FORGED_KYC,2023-03-16,2023-04-15,1,404008138054654
PH001518,8075964950,Jio,Haryana,P000545,Tanveer Rahman,BULK_ISSUED,2021-12-07,2023-01-07,1,404087376379758
PH001519,8219905053,BSNL,Delhi,P000546,Om Prakash Rathore,VERIFIED,2023-10-30,,0,404064277421522
PH001520,8470650859,MTNL,Delhi,P000547,Jarnail Sarao,VERIFIED,2026-02-05,,0,404059418145273
PH001521,7683454211,BSNL,Delhi,P000547,Jarnail Sarao,VERIFIED,2025-11-26,,0,404044681626339
PH001522,8876477311,BSNL,Rajasthan,P000548,Anil Prajapati,VERIFIED,2025-01-16,,0,404012518119988
PH001523,9396898286,Airtel,Bihar,P000549,Tanveer Rahman,VERIFIED,2019-10-05,,0,404087956329399
PH001524,8713729329,Jio,Haryana,P000550,Anwar Qureshi,VERIFIED,2025-09-09,,0,404007213787031
PH001525,9065596727,BSNL,Punjab,P000551,Abdul Idrisi,VERIFIED,2019-06-19,,0,404091922995428
PH001526,7779785455,Jio,Punjab,P000551,Abdul Idrisi,VERIFIED,2023-09-21,,0,404092230636041
PH001527,9820043573,MTNL,Punjab,P000551,Abdul Idrisi,VERIFIED,2021-05-27,,0,404025363922862
PH001528,7984135296,BSNL,Punjab,P000551,NOT AVAILABLE,UNVERIFIED,2021-09-25,,1,404074118156861
PH001529,9343997293,Vi,Punjab,P000551,NOT AVAILABLE,BULK_ISSUED,2025-04-28,,1,404040371417907
PH001530,8971497779,Airtel,Haryana,P000552,Manju Yadav,VERIFIED,2023-09-04,,0,404099613137109
PH001531,9291210494,Jio,Haryana,P000553,Vijay Rajput,VERIFIED,2024-04-04,,0,404032489005625
PH001532,7517406575,BSNL,Haryana,P000553,NOT AVAILABLE,FORGED_KYC,2018-04-03,2018-07-25,1,404022715484113
PH001533,8379727435,Jio,Uttar Pradesh,P000554,Davinder Bhullar,VERIFIED,2025-08-03,,0,404013190624404
PH001534,7012581605,Vi,Uttar Pradesh,P000555,Dinesh Gupta,VERIFIED,2024-10-02,,0,404045746558867
PH001535,8834920978,Airtel,Uttar Pradesh,P000555,ADDRESS INCOMPLETE,FORGED_KYC,2023-03-17,,1,404043493502280
PH001536,8479354893,Jio,Uttar Pradesh,P000555,ADDRESS INCOMPLETE,FORGED_KYC,2023-11-30,2024-03-28,1,404004912412804
PH001537,8483169792,Airtel,Uttar Pradesh,P000555,Dinesh Gupta,VERIFIED,2024-08-13,,0,404030752658228
PH001538,7933622149,Vi,Uttar Pradesh,P000555,Dinesh Gupta,VERIFIED,2025-09-12,,0,404006988352007
PH001539,8991443014,Airtel,Bihar,P000556,Zubair Saifi,VERIFIED,2025-07-14,,0,404087636476439
PH001540,9323336419,Jio,Bihar,P000556,NOT AVAILABLE,FORGED_KYC,2025-01-13,2025-12-19,1,404030501061128
PH001541,8878168647,Airtel,Bihar,P000556,Zubair Saifi,VERIFIED,2021-09-28,,0,404008172223156
PH001542,8712831844,Vi,Bihar,P000556,NOT AVAILABLE,FORGED_KYC,2019-06-02,,1,404058226497107
PH001543,9015209418,Jio,Bihar,P000556,NOT AVAILABLE,BULK_ISSUED,2023-03-30,,1,404062180353068
PH001544,8796621901,Jio,Bihar,P000556,NOT AVAILABLE,UNVERIFIED,2020-07-14,2021-05-04,1,404079996376024
PH001545,7422249304,Vi,Punjab,P000557,Haroon Pathan,VERIFIED,2021-01-01,,0,404098181504978
PH001546,9748723985,BSNL,Punjab,P000557,NOT AVAILABLE,FORGED_KYC,2025-05-03,2025-07-30,1,404001631599100
PH001547,9528977789,Vi,Punjab,P000557,Yusuf Qureshi,FORGED_KYC,2024-01-12,2024-08-03,1,404074716470341
PH001548,9731953192,Jio,Bihar,P000558,Mahesh Kushwaha,VERIFIED,2021-07-21,,0,404006842658171
PH001549,7153043004,Jio,Bihar,P000558,Mahesh Kushwaha,VERIFIED,2023-01-28,,0,404019569580652
PH001550,9941667201,BSNL,Bihar,P000558,NOT AVAILABLE,BULK_ISSUED,2024-05-11,2024-09-08,1,404001724102856
PH001551,8601941667,BSNL,Bihar,P000558,NOT AVAILABLE,BULK_ISSUED,2020-08-07,2021-02-08,1,404093802076156
PH001552,7798100404,Jio,Rajasthan,P000559,Tarsem Singh,VERIFIED,2019-06-15,,0,404097310114884
PH001553,8933534120,BSNL,Rajasthan,P000559,Tarsem Dhillon,FORGED_KYC,2024-07-17,2024-11-14,1,404028428642009
PH001554,9328679500,BSNL,Bihar,P000560,Devendra Bhardwaj,VERIFIED,2021-05-22,,0,404025452531218
PH001555,8341514256,Airtel,Delhi,P000561,Nirmal Gill,VERIFIED,2020-11-11,,0,404019093442617
PH001556,8627613175,Jio,Delhi,P000561,Nirmal Gill,VERIFIED,2020-11-30,,0,404090800600500
PH001557,7713225570,BSNL,Delhi,P000561,Nirmal Gill,VERIFIED,2024-12-04,,0,404050940948954
PH001558,9138303361,MTNL,Delhi,P000561,Manpreet Aulakh,BULK_ISSUED,2025-05-29,2026-03-04,1,404017564316294
PH001559,8846173269,MTNL,Punjab,P000562,Yusuf Pathan,VERIFIED,2018-04-03,,0,404079664912604
PH001560,8844702887,Vi,Punjab,P000562,Yusuf Pathan,VERIFIED,2025-03-26,,0,404080014476223
PH001561,8381436736,Airtel,Bihar,P000563,Malkiat Bains,VERIFIED,2025-07-29,,0,404033341892091
PH001562,8671184000,Airtel,Bihar,P000563,NOT AVAILABLE,FORGED_KYC,2024-02-15,2024-12-24,1,404087308558465
PH001563,9395515172,Jio,Bihar,P000563,NOT AVAILABLE,FORGED_KYC,2022-01-22,2022-04-09,1,404008071313094
PH001564,7012028250,Jio,Bihar,P000563,NOT AVAILABLE,UNVERIFIED,2024-10-14,,1,404099697374206
PH001565,8676150725,MTNL,Uttar Pradesh,P000564,Wasim Khan,VERIFIED,2019-05-26,,0,404097740439684
PH001566,9293770666,Jio,Uttar Pradesh,P000565,Devendra Tiwari,VERIFIED,2022-06-23,,0,404029879879943
PH001567,9899955796,Vi,Uttar Pradesh,P000565,Udaiveer Thakur,UNVERIFIED,2022-01-03,,1,404094680104674
PH001568,8631834884,MTNL,Uttar Pradesh,P000565,Devendra Nishad,BULK_ISSUED,2024-10-03,2025-02-02,1,404088815037858
PH001569,9597725402,MTNL,Delhi,P000566,Ajay Dubey,VERIFIED,2018-06-05,,0,404098293823204
PH001570,7027489752,Vi,Delhi,P000566,Ajay Dubey,VERIFIED,2021-10-30,,0,404036169662890
PH001571,9199878627,MTNL,Delhi,P000566,Pramod Awasthi,FORGED_KYC,2020-08-04,,1,404030172373943
PH001572,8596524326,Vi,Delhi,P000567,Triloki Yadav,VERIFIED,2018-09-23,,0,404043467401342
PH001573,9734929138,MTNL,Bihar,P000568,Lakhwinder Singh,VERIFIED,2023-12-18,,0,404041994288702
PH001574,8917419614,Jio,Bihar,P000568,Tarsem Aulakh,FORGED_KYC,2025-04-27,2025-06-01,1,404087247548892
PH001575,7440743615,MTNL,Bihar,P000568,NOT AVAILABLE,UNVERIFIED,2019-09-15,,1,404063717267887
PH001576,9593066274,BSNL,Bihar,P000568,NOT AVAILABLE,UNVERIFIED,2023-02-06,2023-06-18,1,404041102086138
PH001577,8103033725,BSNL,Bihar,P000568,Gurmeet Cheema,BULK_ISSUED,2021-08-21,2021-12-03,1,404002638001137
PH001578,8627481044,Airtel,Bihar,P000569,Rizwan Qureshi,VERIFIED,2025-03-17,,0,404009478451984
PH001579,8081491171,Vi,Bihar,P000569,Faizan Farooqui,BULK_ISSUED,2023-10-13,2024-06-24,1,404088646636623
PH001580,7287376350,Airtel,Bihar,P000569,Shakeel Saifi,UNVERIFIED,2025-02-12,,1,404082174533145
PH001581,8651516492,Jio,West Bengal,P000570,Dinesh Dubey,VERIFIED,2019-06-01,,0,404010491210447
PH001582,7159093342,BSNL,West Bengal,P000570,NOT AVAILABLE,FORGED_KYC,2020-03-25,,1,404090897171356
PH001583,8213137843,Airtel,Delhi,P000571,Salim Ahmed,VERIFIED,2021-09-13,,0,404060034292861
PH001584,8452989696,Jio,Delhi,P000571,ADDRESS INCOMPLETE,UNVERIFIED,2018-10-21,,1,404002887033736
PH001585,8946960331,Vi,Delhi,P000571,ADDRESS INCOMPLETE,BULK_ISSUED,2026-01-13,,1,404044036841923
PH001586,8807525037,BSNL,Delhi,P000571,NOT AVAILABLE,BULK_ISSUED,2022-09-26,2023-09-20,1,404050336665384
PH001587,8625394788,Jio,West Bengal,P000572,Mohammed Sheikh,VERIFIED,2026-06-22,,0,404084784993688
PH001588,8350764939,BSNL,West Bengal,P000572,Mohammed Sheikh,VERIFIED,2022-10-24,,0,404023902709485
PH001589,7891168976,MTNL,West Bengal,P000572,Aslam Mirza,UNVERIFIED,2025-12-28,2026-03-08,1,404004955831929
PH001590,7953732637,BSNL,Bihar,P000573,Sandeep Dixit,VERIFIED,2023-09-11,,0,404034303544437
PH001591,8143706954,Vi,Bihar,P000573,Sandeep Dixit,VERIFIED,2026-01-18,,0,404095961144995
PH001592,8326083593,MTNL,Delhi,P000574,Ashim Mondal,VERIFIED,2018-05-01,,0,404094409727946
PH001593,7730050682,BSNL,Delhi,P000574,Ashim Mondal,VERIFIED,2021-04-11,,0,404016359322777
PH001594,7287281296,Jio,Delhi,P000574,NOT AVAILABLE,BULK_ISSUED,2026-03-22,,1,404099640063355
PH001595,9348796555,MTNL,Bihar,P000575,Vinod Nagar,VERIFIED,2024-03-29,,0,404047133613911
PH001596,7032619890,BSNL,Bihar,P000575,ADDRESS INCOMPLETE,BULK_ISSUED,2022-04-07,2022-12-15,1,404066932692807
PH001597,7180686403,Vi,Assam,P000576,Anup Chakraborty,VERIFIED,2023-02-01,,0,404063077392476
PH001598,9454143951,BSNL,Assam,P000577,Nirmal Naskar,VERIFIED,2023-06-18,,0,404046372909920
PH001599,9467212489,MTNL,West Bengal,P000578,Nepal Gayen,VERIFIED,2026-05-22,,0,404079017143859
PH001600,9348120431,MTNL,West Bengal,P000578,ADDRESS INCOMPLETE,BULK_ISSUED,2023-09-28,2024-03-17,1,404037588552373
PH001601,7911393938,Jio,Bihar,P000579,Shanti Kushwaha,VERIFIED,2024-12-03,,0,404038022074932
PH001602,8984228911,MTNL,Bihar,P000579,ADDRESS INCOMPLETE,BULK_ISSUED,2021-12-15,2022-06-02,1,404020790783473
PH001603,9176932228,Jio,Bihar,P000579,Shanti Kushwaha,VERIFIED,2022-08-09,,0,404074022465268
PH001604,8548684549,MTNL,Bihar,P000579,Shanti Kushwaha,VERIFIED,2020-12-13,,0,404038497002592
PH001605,8049271523,Airtel,Bihar,P000579,Kuldeep Baghel,BULK_ISSUED,2023-01-31,2023-06-12,1,404036814549123
PH001606,7222918546,MTNL,Bihar,P000580,Nepal Mondal,VERIFIED,2020-09-24,,0,404037515377718
PH001607,7174486270,Jio,Bihar,P000580,Nepal Mondal,VERIFIED,2022-05-22,,0,404026806133655
PH001608,9904362532,MTNL,Bihar,P000580,NOT AVAILABLE,UNVERIFIED,2018-09-19,,1,404002369238599
PH001609,8075629272,Jio,Bihar,P000580,Tapan Das,FORGED_KYC,2024-05-21,2025-02-25,1,404044804263481
PH001610,9399738413,Jio,Uttar Pradesh,P000581,Shahnawaz Ansari,VERIFIED,2022-01-04,,0,404097529067870
PH001611,8130081463,BSNL,Uttar Pradesh,P000581,ADDRESS INCOMPLETE,BULK_ISSUED,2023-07-01,,1,404050724663389
PH001612,7685438938,Vi,Uttar Pradesh,P000581,ADDRESS INCOMPLETE,FORGED_KYC,2020-08-09,2021-01-07,1,404035656254340
PH001613,7159125810,BSNL,Uttar Pradesh,P000581,NOT AVAILABLE,FORGED_KYC,2023-08-12,2024-08-05,1,404075244007979
PH001614,8372292497,MTNL,Uttar Pradesh,P000582,Arindam Bhattacharya,VERIFIED,2018-01-08,,0,404099524800115
PH001615,7666154007,BSNL,Uttar Pradesh,P000582,Arindam Bhattacharya,VERIFIED,2018-03-03,,0,404001312479753
PH001616,8560229405,MTNL,Uttar Pradesh,P000582,Sanjib Biswas,UNVERIFIED,2021-10-01,,1,404028454569651
PH001617,9963393598,BSNL,Uttar Pradesh,P000582,Arindam Bhattacharya,VERIFIED,2019-06-16,,0,404034581269174
PH001618,8376666005,MTNL,Bihar,P000583,Arindam Biswas,VERIFIED,2020-06-10,,0,404046893184680
PH001619,7777443005,Airtel,West Bengal,P000584,Pradip Sen,VERIFIED,2023-01-14,,0,404002922655811
PH001620,9650849857,Jio,West Bengal,P000585,Iqbal Hussain,VERIFIED,2023-05-30,,0,404071770748172
PH001621,9131544130,BSNL,Uttar Pradesh,P000586,Nirmal Mistry,VERIFIED,2022-08-15,,0,404096665246510
PH001622,9002202558,BSNL,Uttar Pradesh,P000586,Nirmal Mistry,VERIFIED,2025-03-01,,0,404086503244967
PH001623,8016600642,MTNL,Bihar,P000587,Shabana Ahmed,VERIFIED,2025-08-24,,0,404027322062784
PH001624,9629009019,Airtel,Bihar,P000587,Shabana Ahmed,VERIFIED,2022-04-18,,0,404043476767287
PH001625,8504483807,Airtel,Bihar,P000587,Shabana Ahmed,VERIFIED,2025-10-04,,0,404062289014547
PH001626,7508303700,Vi,Bihar,P000587,Sajid Hussain,FORGED_KYC,2024-05-31,2024-07-20,1,404028422216291
PH001627,8842584872,Jio,Delhi,P000588,Tapan Roy,VERIFIED,2025-11-04,,0,404057247082768
PH001628,9756201038,Vi,Bihar,P000589,Ramesh Awasthi,VERIFIED,2019-07-29,,0,404018378916551
PH001629,8022894927,Airtel,Assam,P000590,Shailendra Kashyap,VERIFIED,2023-09-20,,0,404039967244600
PH001630,7970981703,BSNL,Assam,P000590,Rakesh Shukla,FORGED_KYC,2023-09-06,2024-04-20,1,404050621611751
PH001631,7642253642,Jio,Assam,P000590,Shailendra Kashyap,VERIFIED,2020-07-06,,0,404073638566978
PH001632,8625296446,Vi,Assam,P000591,Anup Roy,VERIFIED,2018-06-12,,0,404018577839204
PH001633,8504225788,Jio,Assam,P000591,Anup Roy,VERIFIED,2019-05-04,,0,404050212162016
PH001634,7955759418,BSNL,West Bengal,P000592,Sudha Singh,VERIFIED,2019-06-07,,0,404095613900077
PH001635,9583551083,Airtel,West Bengal,P000592,NOT AVAILABLE,FORGED_KYC,2019-12-04,,1,404022404631475
PH001636,7211760217,Jio,West Bengal,P000592,Sudha Singh,VERIFIED,2020-06-23,,0,404060908898742
PH001637,8654878164,BSNL,West Bengal,P000592,Sudha Singh,VERIFIED,2021-05-13,,0,404010612524178
PH001638,9612087416,BSNL,Uttar Pradesh,P000593,Ashim Pal,VERIFIED,2019-04-09,,0,404088638121982
PH001639,9379093393,Jio,Assam,P000594,Sanjib Majumdar,VERIFIED,2025-12-10,,0,404090043696554
PH001640,7019696648,Vi,Assam,P000594,Sanjib Majumdar,VERIFIED,2022-10-26,,0,404025673391197
PH001641,7959976252,MTNL,Assam,P000594,Sanjib Majumdar,VERIFIED,2024-05-11,,0,404020183627207
PH001642,8507579270,Airtel,Delhi,P000595,Faizan Pathan,VERIFIED,2018-08-04,,0,404008449097608
PH001643,9863663346,MTNL,Delhi,P000595,Faizan Pathan,VERIFIED,2024-05-22,,0,404083935452356
PH001644,9278488436,MTNL,Delhi,P000595,ADDRESS INCOMPLETE,FORGED_KYC,2025-06-05,,1,404068776892542
PH001645,7865424730,Vi,Delhi,P000595,NOT AVAILABLE,BULK_ISSUED,2023-02-21,2024-01-08,1,404077356681780
PH001646,8003248182,Jio,Assam,P000596,Afsana Ahmed,VERIFIED,2020-12-24,,0,404039735400543
PH001647,8929965032,Vi,Assam,P000596,Afsana Ahmed,VERIFIED,2023-06-16,,0,404047516309083
PH001648,7822108082,MTNL,Assam,P000596,NOT AVAILABLE,BULK_ISSUED,2020-03-18,2021-02-07,1,404002419621306
PH001649,7305928487,MTNL,Assam,P000596,NOT AVAILABLE,BULK_ISSUED,2021-05-14,2021-10-23,1,404022904699539
PH001650,7856211346,Jio,Assam,P000596,ADDRESS INCOMPLETE,UNVERIFIED,2024-01-28,2025-03-02,1,404042098444041
PH001651,8786190452,Airtel,Uttar Pradesh,P000597,Anup Roy,VERIFIED,2019-03-22,,0,404065677819474
PH001652,9520994494,Jio,Uttar Pradesh,P000597,ADDRESS INCOMPLETE,BULK_ISSUED,2022-08-25,2023-05-05,1,404022616111376
PH001653,8214205334,Jio,Delhi,P000598,Tanveer Siddiqui,VERIFIED,2024-02-29,,0,404086839383983
PH001654,7003330273,MTNL,Delhi,P000598,Tanveer Siddiqui,VERIFIED,2025-07-05,,0,404049685571264
PH001655,9750334314,Airtel,Delhi,P000598,Tanveer Siddiqui,VERIFIED,2026-01-22,,0,404095619598734
PH001656,9010631714,Vi,Delhi,P000598,Tanveer Siddiqui,VERIFIED,2019-08-06,,0,404048762644768
PH001657,7866045514,MTNL,West Bengal,P000599,Satish Awasthi,VERIFIED,2025-02-05,,0,404015496103697
PH001658,8153292861,Airtel,West Bengal,P000599,Rambabu Dixit,FORGED_KYC,2019-07-05,2020-07-13,1,404043638564931
PH001659,8958358115,Vi,West Bengal,P000599,Ashok Gupta,UNVERIFIED,2023-07-23,2024-01-11,1,404099311766545
PH001660,8129262616,Vi,Delhi,P000600,Shabana Qureshi,VERIFIED,2019-06-03,,0,404097859639067
PH001661,7167283381,Vi,Delhi,P000600,Rafiq Qureshi,FORGED_KYC,2018-05-27,2019-06-03,1,404044263008282
PH001662,8550407311,MTNL,Delhi,P000600,Sajid Mirza,BULK_ISSUED,2019-02-20,2020-03-20,1,404047158926609
PH001663,8538578028,Jio,Delhi,P000600,Shabana Qureshi,VERIFIED,2018-05-03,,0,404012891246398
PH001664,7185788298,Airtel,Bihar,P000601,Sarfaraz Chaudhary,VERIFIED,2026-04-08,,0,404044883751857
PH001665,9924996305,Vi,Bihar,P000602,Kuldeep Sengar,VERIFIED,2020-06-30,,0,404061037976294
PH001666,8805244562,MTNL,Bihar,P000602,Kuldeep Sengar,VERIFIED,2025-01-04,,0,404037380649512
PH001667,9306346399,MTNL,Bihar,P000602,ADDRESS INCOMPLETE,FORGED_KYC,2026-04-03,2027-04-01,1,404090905829173
PH001668,9303504969,Airtel,Bihar,P000602,Kuldeep Sengar,VERIFIED,2020-04-27,,0,404095286655807
PH001669,8267553633,Airtel,Uttar Pradesh,P000603,Firoz Rahman,VERIFIED,2026-04-08,,0,404037185662670
PH001670,8563238509,MTNL,Uttar Pradesh,P000603,Firoz Rahman,VERIFIED,2020-04-09,,0,404096428085316
PH001671,7760461102,Jio,Delhi,P000604,Faizan Malik,VERIFIED,2018-08-03,,0,404074849795940
PH001672,7551145503,Airtel,Delhi,P000604,NOT AVAILABLE,BULK_ISSUED,2020-05-23,2021-06-18,1,404082448564001
PH001673,8784672760,Jio,West Bengal,P000605,Pradip Chakraborty,VERIFIED,2024-09-19,,0,404022096539397
PH001674,7578747755,BSNL,West Bengal,P000605,Bimal Gayen,UNVERIFIED,2025-04-13,2025-09-27,1,404061704854351
PH001675,9250171257,MTNL,Delhi,P000606,Tanveer Rahman,VERIFIED,2024-08-03,,0,404038859712037
PH001676,8963473774,Airtel,Delhi,P000606,Faizan Malik,UNVERIFIED,2025-07-30,,1,404068066698819
PH001677,8440076583,Vi,Delhi,P000606,ADDRESS INCOMPLETE,UNVERIFIED,2021-06-08,2021-10-10,1,404034912098769
PH001678,7284945689,MTNL,Delhi,P000607,Udaiveer Prajapati,VERIFIED,2023-04-28,,0,404088847995439
PH001679,7445826848,Jio,Delhi,P000607,ADDRESS INCOMPLETE,FORGED_KYC,2025-03-09,2025-07-01,1,404051501132792
PH001680,8218079724,BSNL,Uttar Pradesh,P000608,Shailendra Sengar,VERIFIED,2019-08-09,,0,404089841474726
PH001681,9820137029,BSNL,Uttar Pradesh,P000608,Shailendra Sengar,VERIFIED,2023-12-26,,0,404078561026572
PH001682,8275379715,Airtel,Assam,P000609,Pradeep Shukla,VERIFIED,2020-07-09,,0,404062907730522
PH001683,8842779563,Vi,Assam,P000609,Pradeep Shukla,VERIFIED,2024-02-26,,0,404046640443237
PH001684,8174949202,BSNL,Assam,P000609,Pradeep Shukla,VERIFIED,2020-11-10,,0,404014481519036
PH001685,8938202071,MTNL,Delhi,P000610,Nirmal Bose,VERIFIED,2025-06-04,,0,404025345899479
PH001686,8200620104,BSNL,Delhi,P000610,NOT AVAILABLE,BULK_ISSUED,2020-03-28,2020-10-04,1,404091650541616
PH001687,9780140047,BSNL,Delhi,P000610,Ashim Gayen,FORGED_KYC,2018-03-10,2019-01-06,1,404002752377801
PH001688,8687212057,Airtel,Delhi,P000610,ADDRESS INCOMPLETE,FORGED_KYC,2023-08-15,,1,404090596180893
PH001689,7787364748,MTNL,Delhi,P000610,Nirmal Bose,VERIFIED,2022-09-23,,0,404017067553834
PH001690,7105640029,BSNL,Delhi,P000610,Nirmal Bose,VERIFIED,2024-02-21,,0,404027799019297
PH001691,7247634190,MTNL,Telangana,P000611,Rambabu Kumar,VERIFIED,2019-12-08,,0,404026828054920
PH001692,9710043328,BSNL,Telangana,P000611,Sudhakar Gupta,BULK_ISSUED,2025-08-21,2026-06-06,1,404096895715481
PH001693,8611132411,MTNL,Andhra Pradesh,P000612,Sudhakar Prasad,VERIFIED,2023-11-04,,0,404049492175594
PH001694,9216841620,BSNL,Andhra Pradesh,P000612,Sudhakar Prasad,VERIFIED,2026-06-07,,0,404035618611891
PH001695,9657910386,Jio,Tamil Nadu,P000613,Sasmita Behera,VERIFIED,2018-04-02,,0,404082436614130
PH001696,7568972129,Vi,Odisha,P000614,Rajendran Muthusamy,VERIFIED,2023-07-18,,0,404080213959900
PH001697,9934755172,Airtel,Odisha,P000614,Selvam Mudaliar,FORGED_KYC,2023-01-19,2023-02-06,1,404080376187819
PH001698,7866791380,Jio,Odisha,P000614,Rajendran Muthusamy,VERIFIED,2021-04-03,,0,404014814192603
PH001699,9701807642,Vi,Karnataka,P000615,Mallesh Yadav,VERIFIED,2018-05-21,,0,404008051208819
PH001700,7585055580,MTNL,Karnataka,P000615,Mallesh Yadav,VERIFIED,2022-12-02,,0,404018622329467
PH001701,7598158029,MTNL,Chhattisgarh,P000616,Sudarshan Mallick,VERIFIED,2018-06-10,,0,404080429456281
PH001702,8197384803,Airtel,Tamil Nadu,P000617,Chandra Shekar Setty,VERIFIED,2020-10-14,,0,404016215975903
PH001703,7731906901,BSNL,Maharashtra,P000618,Basanta Behera,VERIFIED,2021-12-01,,0,404014380611847
PH001704,7530374327,Vi,Maharashtra,P000618,Jagabandhu Bhoi,UNVERIFIED,2018-07-18,,1,404017153714874
PH001705,9186547153,MTNL,Maharashtra,P000618,Basanta Pradhan,UNVERIFIED,2022-03-31,2022-05-10,1,404049331661741
PH001706,9471212336,BSNL,Maharashtra,P000618,Prasanna Sahoo,UNVERIFIED,2025-06-09,2025-11-20,1,404091809193351
PH001707,9514692992,Vi,Andhra Pradesh,P000619,Prasanna Mallick,VERIFIED,2020-05-24,,0,404040167412248
PH001708,8543204763,Vi,Andhra Pradesh,P000619,NOT AVAILABLE,UNVERIFIED,2020-10-06,2020-12-01,1,404038742175005
PH001709,8272498063,MTNL,Andhra Pradesh,P000619,Prasanna Mallick,VERIFIED,2024-08-07,,0,404037964564121
PH001710,7098870344,MTNL,Andhra Pradesh,P000619,Akshaya Munda,UNVERIFIED,2023-09-20,,1,404011969594132
PH001711,8477348221,Vi,Odisha,P000620,Saravanan Rajendran,VERIFIED,2022-09-01,,0,404067045444084
PH001712,8726353162,Vi,Odisha,P000620,Saravanan Rajendran,VERIFIED,2023-05-27,,0,404007356065972
PH001713,7057012708,MTNL,Karnataka,P000621,Revathi Mudaliar,VERIFIED,2023-09-02,,0,404017964192085
PH001714,8102835710,Jio,Karnataka,P000621,Revathi Mudaliar,VERIFIED,2022-12-12,,0,404017872272899
PH001715,7399774737,MTNL,Karnataka,P000621,Revathi Mudaliar,VERIFIED,2020-08-18,,0,404014920273239
PH001716,9308386142,MTNL,Karnataka,P000621,ADDRESS INCOMPLETE,BULK_ISSUED,2024-08-15,,1,404016478604553
PH001717,9595817597,Vi,Karnataka,P000621,Sekar Subramanian,BULK_ISSUED,2019-10-22,2020-02-06,1,404033908877314
PH001718,7199392246,Airtel,Andhra Pradesh,P000622,Trilochan Mohanty,VERIFIED,2018-07-16,,0,404040006094363
PH001719,9724486146,Vi,Tamil Nadu,P000623,Saravanan Pillai,VERIFIED,2024-12-18,,0,404021218168573
PH001720,8816336552,BSNL,Tamil Nadu,P000623,Saravanan Pillai,VERIFIED,2023-06-17,,0,404083374721931
PH001721,8776526456,Jio,Tamil Nadu,P000623,NOT AVAILABLE,BULK_ISSUED,2018-09-11,2018-10-27,1,404026465149898
PH001722,7989515044,Airtel,Tamil Nadu,P000623,Saravanan Pillai,VERIFIED,2019-10-24,,0,404088602076021
PH001723,8926022996,Jio,Karnataka,P000624,Balaraju Nallamothu,VERIFIED,2024-09-01,,0,404039712116428
PH001724,7983326933,Jio,Karnataka,P000624,NOT AVAILABLE,BULK_ISSUED,2019-03-25,2019-12-24,1,404006498481614
PH001725,8874778222,Jio,Karnataka,P000624,Narsimha Rao,UNVERIFIED,2018-03-22,,1,404002944276106
PH001726,7906756873,BSNL,Odisha,P000625,Perumal Sundaram,VERIFIED,2021-06-15,,0,404040959148938
PH001727,8973768227,BSNL,Odisha,P000625,Perumal Sundaram,VERIFIED,2020-03-27,,0,404065677792028
PH001728,7694401070,Vi,Odisha,P000625,Perumal Sundaram,VERIFIED,2021-09-21,,0,404005177090182
PH001729,8635242098,BSNL,Tamil Nadu,P000626,Murugan Muthusamy,VERIFIED,2020-09-04,,0,404022967167590
PH001730,7329063072,Airtel,Tamil Nadu,P000627,Amutha Rajendran,VERIFIED,2023-08-29,,0,404080569223103
PH001731,7065118110,Airtel,Tamil Nadu,P000627,ADDRESS INCOMPLETE,FORGED_KYC,2021-11-06,2021-12-09,1,404023753343132
PH001732,8980102714,Jio,Tamil Nadu,P000627,NOT AVAILABLE,BULK_ISSUED,2020-09-12,2021-03-07,1,404051618278573
PH001733,7676534473,BSNL,Andhra Pradesh,P000628,Vetrivel Gounder,VERIFIED,2024-03-28,,0,404039180537497
PH001734,9816572731,Jio,Andhra Pradesh,P000628,Vetrivel Gounder,VERIFIED,2023-08-16,,0,404049364877946
PH001735,7328581137,Airtel,Andhra Pradesh,P000628,ADDRESS INCOMPLETE,FORGED_KYC,2026-01-25,,1,404062504309099
PH001736,9666126516,Vi,Andhra Pradesh,P000628,Vetrivel Gounder,VERIFIED,2020-07-15,,0,404053202169345
PH001737,8328598340,Airtel,Maharashtra,P000629,Ramulu Reddy,VERIFIED,2026-04-19,,0,404033607726397
PH001738,7537547307,Vi,Maharashtra,P000629,Ramulu Reddy,VERIFIED,2021-11-20,,0,404024229577859
PH001739,7825151140,Vi,Maharashtra,P000629,Chandra Shekar Naidu,FORGED_KYC,2018-09-21,2019-09-24,1,404051793520123
PH001740,7592871052,BSNL,Odisha,P000630,Bibhuti Mohanty,VERIFIED,2022-10-10,,0,404006104726853
PH001741,8848706049,Jio,Chhattisgarh,P000631,Narsimha Prasad,VERIFIED,2024-05-23,,0,404083153307937
PH001742,8150161966,MTNL,Chhattisgarh,P000631,Narsimha Prasad,VERIFIED,2022-08-25,,0,404099870629063
PH001743,9673640475,MTNL,Chhattisgarh,P000631,Narsimha Prasad,VERIFIED,2026-01-01,,0,404006431809032
PH001744,9570157326,Airtel,Chhattisgarh,P000631,Narsimha Prasad,VERIFIED,2025-06-21,,0,404064062494521
PH001745,9760176277,BSNL,Chhattisgarh,P000632,Sekar Subramanian,VERIFIED,2024-07-19,,0,404057024300292
PH001746,8508185068,Jio,Odisha,P000633,Arivazhagan Mudaliar,VERIFIED,2025-09-14,,0,404020815157325
PH001747,7380937697,BSNL,Odisha,P000633,NOT AVAILABLE,FORGED_KYC,2025-12-29,,1,404085191616294
PH001748,9777488756,Jio,Odisha,P000633,NOT AVAILABLE,UNVERIFIED,2020-02-16,2021-03-22,1,404001616250217
PH001749,7193004717,Vi,Odisha,P000633,Arivazhagan Mudaliar,VERIFIED,2025-05-06,,0,404058061150385
PH001750,9338110053,Vi,Odisha,P000633,Arivazhagan Mudaliar,VERIFIED,2022-04-28,,0,404011065667598
PH001751,8824442709,BSNL,Telangana,P000634,Srinivas Bandari,VERIFIED,2019-11-09,,0,404089689222731
PH001752,8262934931,MTNL,Telangana,P000634,Srinivas Bandari,VERIFIED,2019-01-24,,0,404006138363650
PH001753,7486378435,Vi,Telangana,P000634,NOT AVAILABLE,BULK_ISSUED,2019-01-06,,1,404026394691790
PH001754,7470721162,Airtel,Telangana,P000634,Srinivas Bandari,VERIFIED,2018-09-02,,0,404087883337401
PH001755,9840533154,BSNL,Odisha,P000635,Manikandan Annadurai,VERIFIED,2023-01-15,,0,404095364123763
PH001756,7765569589,Vi,Odisha,P000635,Manikandan Annadurai,VERIFIED,2019-06-12,,0,404024620973275
PH001757,8626297598,BSNL,Tamil Nadu,P000636,Lakshmi Sharma,VERIFIED,2026-04-25,,0,404096193156214
PH001758,8160375142,Jio,Tamil Nadu,P000636,NOT AVAILABLE,UNVERIFIED,2023-07-16,,1,404039852664314
PH001759,7848435885,MTNL,Tamil Nadu,P000636,ADDRESS INCOMPLETE,UNVERIFIED,2018-06-29,2019-04-25,1,404012360985813
PH001760,9421431075,Airtel,Karnataka,P000637,Chitra Naicker,VERIFIED,2018-03-29,,0,404095774875585
PH001761,8623772149,Jio,Karnataka,P000637,Chitra Naicker,VERIFIED,2026-02-09,,0,404020382889612
PH001762,7216280095,BSNL,Karnataka,P000637,Mariappan Kurup,BULK_ISSUED,2022-09-08,,1,404042443134795
PH001763,7105529503,Jio,Tamil Nadu,P000638,Mallesh Choudary,VERIFIED,2019-10-25,,0,404009651725728
PH001764,9952403473,BSNL,Tamil Nadu,P000638,Sudhakar Kondapalli,UNVERIFIED,2024-07-09,2025-02-17,1,404083720525118
PH001765,9991057241,MTNL,Tamil Nadu,P000638,ADDRESS INCOMPLETE,BULK_ISSUED,2025-11-07,,1,404046411977134
PH001766,8257053563,Airtel,Tamil Nadu,P000639,Sasmita Behera,VERIFIED,2021-03-19,,0,404052511871650
PH001767,7686628467,Jio,Andhra Pradesh,P000640,Perumal Palanivel,VERIFIED,2022-10-13,,0,404080299967622
PH001768,9626511659,BSNL,Andhra Pradesh,P000640,Anbu Pandian,FORGED_KYC,2021-11-03,,1,404044581915318
PH001769,8859465660,Airtel,Andhra Pradesh,P000640,Perumal Palanivel,VERIFIED,2022-04-22,,0,404033507557615
PH001770,7589004588,MTNL,Andhra Pradesh,P000640,ADDRESS INCOMPLETE,BULK_ISSUED,2022-01-19,2022-10-26,1,404017626240195
PH001771,8170930666,MTNL,Karnataka,P000641,Palanisamy Palanivel,VERIFIED,2022-08-20,,0,404045770929162
PH001772,9192734472,MTNL,Karnataka,P000641,NOT AVAILABLE,UNVERIFIED,2022-06-06,,1,404008455543205
PH001773,7687068829,MTNL,Karnataka,P000641,Palanisamy Palanivel,VERIFIED,2022-04-22,,0,404057644031563
PH001774,9593631742,Vi,Karnataka,P000641,Palanisamy Palanivel,VERIFIED,2022-05-30,,0,404007129366732
PH001775,7889768754,BSNL,Maharashtra,P000642,Bhagaban Panda,VERIFIED,2025-02-03,,0,404033903784411
PH001776,8304976944,BSNL,Andhra Pradesh,P000643,Niranjan Panda,VERIFIED,2018-08-22,,0,404056537108742
PH001777,8569271854,Vi,Tamil Nadu,P000644,Nagaraju Rao,VERIFIED,2024-01-26,,0,404000192711648
PH001778,7373852926,Jio,Tamil Nadu,P000644,Nagaraju Rao,VERIFIED,2018-12-15,,0,404056109742919
PH001779,8212588106,BSNL,Tamil Nadu,P000644,ADDRESS INCOMPLETE,FORGED_KYC,2022-10-04,,1,404006282197729
PH001780,9898811670,Jio,Tamil Nadu,P000645,Prasanna Mohanty,VERIFIED,2022-08-22,,0,404079684153694
PH001781,9709255146,Jio,Tamil Nadu,P000645,Basanta Patra,BULK_ISSUED,2018-09-03,2018-11-11,1,404090060855340
PH001782,8221524728,Vi,Chhattisgarh,P000646,Jagabandhu Sahoo,VERIFIED,2023-05-06,,0,404012994011467
PH001783,7825601529,BSNL,Chhattisgarh,P000646,Jagabandhu Sahoo,VERIFIED,2021-05-26,,0,404099781933273
PH001784,9941783370,BSNL,Maharashtra,P000647,Trilochan Rout,VERIFIED,2019-04-17,,0,404061154023183
PH001785,7091284878,BSNL,Maharashtra,P000647,ADDRESS INCOMPLETE,BULK_ISSUED,2023-11-17,,1,404012811374377
PH001786,8547807729,Vi,Maharashtra,P000648,Saravanan Mudaliar,VERIFIED,2023-06-23,,0,404045241890658
PH001787,7642394453,Airtel,Maharashtra,P000648,ADDRESS INCOMPLETE,UNVERIFIED,2024-01-18,,1,404019605288251
PH001788,9206170365,Airtel,Maharashtra,P000648,Saravanan Mudaliar,VERIFIED,2025-06-21,,0,404040274217955
PH001789,9852047772,Jio,Odisha,P000649,Srinivas Choudary,VERIFIED,2018-02-20,,0,404069310285738
PH001790,9249083631,BSNL,Odisha,P000649,Srinivas Choudary,VERIFIED,2021-03-04,,0,404082313288639
PH001791,8825787491,Vi,Odisha,P000649,Chandra Shekar Vemula,UNVERIFIED,2018-10-28,2019-06-27,1,404020601064935
PH001792,9061979083,BSNL,Odisha,P000649,Srinivas Choudary,VERIFIED,2020-02-26,,0,404031608403459
PH001793,9960781413,Vi,Chhattisgarh,P000650,Kumaresan Muthusamy,VERIFIED,2023-04-09,,0,404072397258797
PH001794,9847687938,Airtel,Chhattisgarh,P000650,Kumaresan Muthusamy,VERIFIED,2025-01-11,,0,404081077311496
PH001795,9709349400,Jio,Chhattisgarh,P000650,Kumaresan Muthusamy,VERIFIED,2022-10-12,,0,404047927335776
PH001796,7819036716,Jio,Chhattisgarh,P000650,ADDRESS INCOMPLETE,BULK_ISSUED,2025-04-06,2025-05-23,1,404055332517313
PH001797,8905068929,BSNL,Chhattisgarh,P000650,Kumaresan Muthusamy,VERIFIED,2020-12-28,,0,404046191512100
PH001798,9872002997,Airtel,Chhattisgarh,P000650,Kumaresan Muthusamy,VERIFIED,2023-10-09,,0,404031669984605
PH001799,7786712572,Airtel,Karnataka,P000651,Yellaiah Kondapalli,VERIFIED,2018-11-16,,0,404048661447381
PH001800,9794323989,Jio,Karnataka,P000651,NOT AVAILABLE,FORGED_KYC,2019-11-13,,1,404057482282186
PH001801,8731242901,Vi,Karnataka,P000651,Yellaiah Kondapalli,VERIFIED,2025-12-04,,0,404083815393466
PH001802,8970444035,Airtel,Tamil Nadu,P000652,Basanta Sahoo,VERIFIED,2022-03-11,,0,404095897745708
PH001803,9095868995,MTNL,Tamil Nadu,P000652,NOT AVAILABLE,FORGED_KYC,2018-06-04,2018-12-21,1,404030098676869
PH001804,8103337514,Vi,Tamil Nadu,P000652,ADDRESS INCOMPLETE,FORGED_KYC,2021-02-08,,1,404037144268402
PH001805,8806603175,Airtel,Tamil Nadu,P000652,ADDRESS INCOMPLETE,UNVERIFIED,2018-11-26,2019-04-20,1,404027773379223
PH001806,8145952189,Airtel,Tamil Nadu,P000652,Basanta Sahoo,VERIFIED,2018-11-30,,0,404072107231995
PH001807,9009300229,Jio,Tamil Nadu,P000652,Basanta Sahoo,VERIFIED,2024-07-27,,0,404099794990007
PH001808,8572910959,BSNL,Andhra Pradesh,P000653,Sudarshan Behera,VERIFIED,2018-03-18,,0,404056702395754
PH001809,7883590404,Vi,Andhra Pradesh,P000653,ADDRESS INCOMPLETE,FORGED_KYC,2019-03-21,2019-08-30,1,404023396941300
PH001810,8577614997,Jio,Andhra Pradesh,P000653,Sudarshan Behera,VERIFIED,2022-12-04,,0,404065163115553
PH001811,8513083741,Vi,Odisha,P000654,Manikandan Rajendran,VERIFIED,2020-03-02,,0,404006211265090
PH001812,8413576807,Vi,Telangana,P000655,Karthik Thevar,VERIFIED,2021-12-11,,0,404089110236808
PH001813,8561574356,Airtel,Telangana,P000655,Karthik Thevar,VERIFIED,2019-06-24,,0,404041900521045
PH001814,8082742945,BSNL,Telangana,P000655,NOT AVAILABLE,UNVERIFIED,2023-05-09,,1,404082024100635
PH001815,7473710528,Airtel,Telangana,P000655,Karthik Thevar,VERIFIED,2021-04-29,,0,404074751769417
PH001816,7541764424,Vi,Maharashtra,P000656,Niranjan Dash,VERIFIED,2023-09-06,,0,404055910358863
PH001817,9038261172,Airtel,Maharashtra,P000656,ADDRESS INCOMPLETE,BULK_ISSUED,2019-08-08,,1,404063113011260
PH001818,8773720564,BSNL,Maharashtra,P000656,Niranjan Dash,VERIFIED,2018-05-25,,0,404059231961076
PH001819,9251582372,BSNL,Maharashtra,P000657,Bhagaban Mohanty,VERIFIED,2024-12-14,,0,404013271477877
PH001820,7269961938,Jio,Maharashtra,P000657,Bhagaban Mohanty,VERIFIED,2023-03-22,,0,404078364961281
PH001821,7880929186,Vi,Maharashtra,P000657,NOT AVAILABLE,UNVERIFIED,2024-05-02,2024-08-29,1,404025268202186
PH001822,8857920452,Airtel,Chhattisgarh,P000658,Karthik Annadurai,VERIFIED,2024-03-18,,0,404027794875989
PH001823,9425214541,Airtel,Chhattisgarh,P000658,ADDRESS INCOMPLETE,BULK_ISSUED,2025-06-27,2025-11-30,1,404068829436106
PH001824,8538638258,Airtel,Chhattisgarh,P000658,Karthik Annadurai,VERIFIED,2021-07-24,,0,404061968748975
PH001825,7171595412,MTNL,Chhattisgarh,P000659,Jagabandhu Munda,VERIFIED,2022-05-11,,0,404095667672022
PH001826,8513049510,Vi,Andhra Pradesh,P000660,Srinivas Kondapalli,VERIFIED,2024-11-04,,0,404020896292870
PH001827,8113974151,BSNL,Andhra Pradesh,P000660,Anjaiah Kondapalli,UNVERIFIED,2023-08-18,,1,404099723821983
PH001828,9333525443,Jio,Andhra Pradesh,P000660,ADDRESS INCOMPLETE,UNVERIFIED,2024-04-29,,1,404073074832497
PH001829,9238970235,BSNL,Andhra Pradesh,P000660,Srinivas Kondapalli,VERIFIED,2019-12-14,,0,404059937595192
PH001830,9547365305,BSNL,Maharashtra,P000661,Rajendran Thevar,VERIFIED,2025-08-22,,0,404092342666619
PH001831,9369111579,BSNL,Karnataka,P000662,Akshaya Jena,VERIFIED,2021-07-11,,0,404023501380390
PH001832,8828473134,Vi,Karnataka,P000662,NOT AVAILABLE,FORGED_KYC,2023-10-21,2024-05-11,1,404078672670755
PH001833,7310490394,BSNL,Karnataka,P000662,Akshaya Jena,VERIFIED,2018-04-06,,0,404005729400125
PH001834,9835409297,Vi,Andhra Pradesh,P000663,Sabita Sahoo,VERIFIED,2019-11-04,,0,404037613324876
PH001835,8221535525,Vi,Telangana,P000664,Mallesh Naidu,VERIFIED,2022-05-31,,0,404029069361336
PH001836,7237295416,Jio,Telangana,P000664,Mallesh Naidu,VERIFIED,2020-07-23,,0,404084204107942
PH001837,7917856148,Vi,Telangana,P000664,Mallesh Naidu,VERIFIED,2024-04-05,,0,404058669291385
PH001838,9132244838,BSNL,Maharashtra,P000665,Pramila Dash,VERIFIED,2021-07-09,,0,404061645701588
PH001839,8093087274,BSNL,Maharashtra,P000665,Pramila Dash,VERIFIED,2026-04-21,,0,404014224774613
PH001840,7476521510,MTNL,Odisha,P000666,Hariom Bhardwaj,VERIFIED,2020-02-01,,0,404068367881276
PH001841,7339056665,BSNL,Odisha,P000666,ADDRESS INCOMPLETE,UNVERIFIED,2018-12-23,2019-08-10,1,404010529202743
PH001842,9693715125,Jio,Odisha,P000666,Hariom Bhardwaj,VERIFIED,2023-04-01,,0,404005097174919
PH001843,8760169103,Airtel,Jharkhand,P000667,Pramod Singh,VERIFIED,2026-05-13,,0,404009959937816
PH001844,7402104464,Jio,Jharkhand,P000667,Pramod Singh,VERIFIED,2023-04-29,,0,404026354436194
PH001845,8092170988,BSNL,Jharkhand,P000667,ADDRESS INCOMPLETE,UNVERIFIED,2020-09-23,,1,404032646662820
PH001846,9996872797,MTNL,Assam,P000668,Sarat Rout,VERIFIED,2021-01-23,,0,404033447572993
PH001847,7428302456,Airtel,Jharkhand,P000669,Tapan Naskar,VERIFIED,2023-07-24,,0,404027336269158
PH001848,9320670975,Vi,Jharkhand,P000670,Bhagaban Sahoo,VERIFIED,2020-09-25,,0,404012230394607
PH001849,8158720113,Jio,Jharkhand,P000670,ADDRESS INCOMPLETE,UNVERIFIED,2020-12-14,,1,404040764689262
PH001850,9132427546,Jio,Bihar,P000671,Basanta Jena,VERIFIED,2018-02-04,,0,404025795335170
PH001851,8030422156,BSNL,Bihar,P000671,Basanta Jena,VERIFIED,2022-02-25,,0,404097975012113
PH001852,7350090442,Vi,Bihar,P000671,Sarat Swain,UNVERIFIED,2024-08-16,2024-12-14,1,404015892712597
PH001853,9990236794,MTNL,Jharkhand,P000672,Sasmita Mallick,VERIFIED,2024-10-11,,0,404051433552330
PH001854,8533703755,Jio,Jharkhand,P000672,ADDRESS INCOMPLETE,FORGED_KYC,2022-03-22,2022-09-21,1,404089378251841
PH001855,9838268160,BSNL,Jharkhand,P000672,Trilochan Rout,UNVERIFIED,2022-05-25,,1,404098392582414
PH001856,8930306066,Jio,Jharkhand,P000673,Vijay Dubey,VERIFIED,2018-09-17,,0,404032779048998
PH001857,8159848294,BSNL,Assam,P000674,Basanta Pradhan,VERIFIED,2020-06-20,,0,404037549557517
PH001858,9991199921,BSNL,Assam,P000674,ADDRESS INCOMPLETE,FORGED_KYC,2025-08-14,2025-09-27,1,404061489801285
PH001859,8409123635,MTNL,Assam,P000674,NOT AVAILABLE,BULK_ISSUED,2025-03-08,,1,404034556467749
PH001860,7836205880,Jio,West Bengal,P000675,Naresh Shukla,VERIFIED,2025-06-02,,0,404090138630065
PH001861,9345581789,BSNL,Assam,P000676,Kartik Sardar,VERIFIED,2024-01-30,,0,404039763287523
PH001862,8356115570,Airtel,Assam,P000676,Kartik Sardar,VERIFIED,2018-11-16,,0,404014166258539
PH001863,9280775332,Jio,Assam,P000676,NOT AVAILABLE,FORGED_KYC,2021-03-16,2022-03-15,1,404044033083921
PH001864,7828230324,BSNL,Odisha,P000677,Bhagaban Dash,VERIFIED,2026-02-24,,0,404064226339312
PH001865,8487848609,Vi,Odisha,P000678,Bibhuti Munda,VERIFIED,2021-05-09,,0,404044497555307
PH001866,9558091819,Jio,Odisha,P000678,Bibhuti Munda,VERIFIED,2023-03-21,,0,404058214451140
PH001867,7148051066,Airtel,Jharkhand,P000679,Bandana Sardar,VERIFIED,2023-08-14,,0,404030901933381
PH001868,9882568131,Vi,Jharkhand,P000679,Bandana Sardar,VERIFIED,2018-06-16,,0,404008363347959
PH001869,7266564337,BSNL,Jharkhand,P000679,Bandana Sardar,VERIFIED,2021-06-28,,0,404007473448049
PH001870,7595525487,MTNL,Jharkhand,P000679,Bandana Sardar,VERIFIED,2024-02-25,,0,404002164400780
PH001871,7451306957,Vi,Assam,P000680,Prakash Dubey,VERIFIED,2019-02-06,,0,404009486690021
PH001872,7218388521,Vi,Assam,P000680,Prakash Dubey,VERIFIED,2018-12-13,,0,404087245730351
PH001873,8254909239,Jio,Assam,P000680,Pramod Sharma,BULK_ISSUED,2021-06-30,2021-09-03,1,404005266476297
PH001874,8659041955,BSNL,Jharkhand,P000681,Ashim Biswas,VERIFIED,2026-06-23,,0,404036971801860
PH001875,9720477229,BSNL,Jharkhand,P000681,ADDRESS INCOMPLETE,UNVERIFIED,2020-05-25,2021-06-05,1,404022455839985
PH001876,9651807617,BSNL,Bihar,P000682,Rupa Das,VERIFIED,2020-03-25,,0,404096800025222
PH001877,7816885883,BSNL,Odisha,P000683,Sanjib Mistry,VERIFIED,2023-10-09,,0,404063672353172
PH001878,9798109297,Jio,Assam,P000684,Sunil Verma,VERIFIED,2018-01-18,,0,404028094551723
PH001879,7845253284,MTNL,Assam,P000684,Sunil Verma,VERIFIED,2025-09-23,,0,404073984743824
PH001880,8879288122,Jio,Assam,P000684,Bhupendra Jaiswal,BULK_ISSUED,2018-09-13,2019-03-12,1,404073611956915
PH001881,9584085270,Vi,Assam,P000684,Sunil Verma,VERIFIED,2021-08-31,,0,404058492863604
PH001882,9865850141,Airtel,West Bengal,P000685,Balbir Mishra,VERIFIED,2024-09-29,,0,404040061826656
PH001883,7306285747,Vi,West Bengal,P000685,Balbir Mishra,VERIFIED,2023-01-25,,0,404095043252602
PH001884,7530675354,BSNL,West Bengal,P000685,Ashok Yadav,FORGED_KYC,2021-07-16,,1,404019016669695
PH001885,9056499702,Airtel,Odisha,P000686,Arindam Halder,VERIFIED,2024-05-04,,0,404086537221845
PH001886,7929865866,BSNL,Odisha,P000686,NOT AVAILABLE,BULK_ISSUED,2020-03-14,,1,404074965576558
PH001887,9543853500,Vi,Odisha,P000686,ADDRESS INCOMPLETE,UNVERIFIED,2024-06-23,2024-09-26,1,404034174609766
PH001888,7658661941,Jio,Odisha,P000686,Arindam Halder,VERIFIED,2020-01-04,,0,404014783228811
PH001889,7818911782,Airtel,Assam,P000687,Dinesh Prajapati,VERIFIED,2023-04-15,,0,404084062193359
PH001890,9563984925,Airtel,Assam,P000687,Dinesh Prajapati,VERIFIED,2018-10-17,,0,404021040784320
PH001891,7497077858,BSNL,Assam,P000687,Jitendra Rajput,FORGED_KYC,2025-10-24,2026-05-13,1,404046770479809
PH001892,7016673822,Vi,Odisha,P000688,Pradip Ghosh,VERIFIED,2020-06-25,,0,404030555284058
PH001893,8460364811,Jio,Odisha,P000688,Subhas Mondal,FORGED_KYC,2020-02-13,,1,404058023923560
PH001894,8091898539,MTNL,Odisha,P000688,Pradip Ghosh,VERIFIED,2023-08-19,,0,404023377164375
PH001895,9413953848,BSNL,Odisha,P000688,Nirmal Biswas,FORGED_KYC,2023-03-29,,1,404090842913482
PH001896,9920378208,Jio,Bihar,P000689,Jagdish Verma,VERIFIED,2018-01-03,,0,404063125908281
PH001897,7007827349,Airtel,Bihar,P000689,Lekhraj Verma,FORGED_KYC,2022-08-22,2023-01-04,1,404020271507432
PH001898,7572473952,Airtel,Bihar,P000689,ADDRESS INCOMPLETE,UNVERIFIED,2024-04-03,,1,404061269178663
PH001899,9724324919,Airtel,Bihar,P000689,Jagdish Verma,VERIFIED,2025-03-12,,0,404049784978086
PH001900,8838489879,Vi,West Bengal,P000690,Bimal Majumdar,VERIFIED,2025-06-26,,0,404060956737275
PH001901,7698918581,Airtel,West Bengal,P000691,Arun Gupta,VERIFIED,2019-12-02,,0,404048348849030
PH001902,8116626623,Vi,Assam,P000692,Bimal Halder,VERIFIED,2022-04-11,,0,404015064603338
PH001903,9116507778,Jio,Assam,P000692,Bimal Halder,FORGED_KYC,2025-11-03,2026-10-17,1,404074752562859
PH001904,7475652272,Airtel,Assam,P000692,ADDRESS INCOMPLETE,BULK_ISSUED,2020-10-23,2021-07-10,1,404092389428778
PH001905,9158654711,BSNL,Odisha,P000693,Arun Chauhan,VERIFIED,2025-01-10,,0,404039526680506
PH001906,8312281505,Vi,Odisha,P000693,NOT AVAILABLE,BULK_ISSUED,2026-03-20,2026-06-17,1,404050172390702
PH001907,7818164241,BSNL,Odisha,P000693,Arun Chauhan,VERIFIED,2023-01-29,,0,404021928595146
PH001908,7917185464,Airtel,Bihar,P000694,Gautam Sen,VERIFIED,2024-02-12,,0,404094385220731
PH001909,9680165984,Airtel,Bihar,P000694,Sujoy Adhikari,UNVERIFIED,2021-06-29,,1,404022303133308
PH001910,8333387180,Jio,Jharkhand,P000695,Basanta Mallick,VERIFIED,2022-01-13,,0,404058211974820
PH001911,9807743181,BSNL,Jharkhand,P000695,Basanta Mallick,VERIFIED,2018-03-23,,0,404057530898399
PH001912,8137763142,MTNL,Jharkhand,P000695,Basanta Mallick,VERIFIED,2023-03-28,,0,404075865830922
PH001913,9341024955,BSNL,Jharkhand,P000695,Basanta Mallick,VERIFIED,2019-04-17,,0,404051607326121
PH001914,9623904412,Airtel,Jharkhand,P000695,ADDRESS INCOMPLETE,FORGED_KYC,2022-10-30,,1,404078531853855
PH001915,9464654962,BSNL,Jharkhand,P000695,Basanta Mallick,VERIFIED,2024-07-19,,0,404031872123370
PH001916,9720218107,Jio,Bihar,P000696,Jagabandhu Sahoo,VERIFIED,2020-06-16,,0,404089842497318
PH001917,7342788173,Airtel,Bihar,P000696,Jagabandhu Sahoo,VERIFIED,2019-05-03,,0,404073586181966
PH001918,8163144973,Vi,Odisha,P000697,Kartik Dutta,VERIFIED,2023-12-23,,0,404016138278718
PH001919,9008839682,MTNL,Odisha,P000697,Kartik Dutta,VERIFIED,2026-06-18,,0,404069867920670
PH001920,7209672914,Airtel,Odisha,P000697,Subhas Mistry,UNVERIFIED,2024-04-30,2024-06-02,1,404042387176472
PH001921,7430840510,MTNL,Odisha,P000697,Kartik Dutta,VERIFIED,2019-12-22,,0,404008722593555
PH001922,8251080368,Airtel,Assam,P000698,Sunil Pandey,VERIFIED,2022-12-18,,0,404015533767279
PH001923,7000393032,Airtel,Assam,P000698,Sunil Pandey,VERIFIED,2022-03-23,,0,404024359429572
PH001924,8548896633,Airtel,Assam,P000698,Sunil Pandey,VERIFIED,2021-05-04,,0,404036485803894
PH001925,7709264256,Jio,Assam,P000698,Sunil Pandey,VERIFIED,2023-08-28,,0,404091458734951
PH001926,9325494503,Vi,Bihar,P000699,Prasanna Jena,VERIFIED,2022-08-26,,0,404029225873520
PH001927,9448168543,Jio,Bihar,P000699,Prasanna Jena,VERIFIED,2020-07-23,,0,404085766493917
PH001928,9638831552,Airtel,Odisha,P000700,Mahesh Yadav,VERIFIED,2021-07-12,,0,404028384935254
PH001929,8273510412,Vi,Odisha,P000700,NOT AVAILABLE,BULK_ISSUED,2020-07-19,2021-02-13,1,404035677299854
PH001930,9221403209,Vi,Odisha,P000700,ADDRESS INCOMPLETE,UNVERIFIED,2020-05-14,,1,404010906967113
PH001931,8062841672,Jio,Odisha,P000700,Mahesh Yadav,VERIFIED,2025-04-05,,0,404076274782194
PH001932,9212343152,Jio,Jharkhand,P000701,Pradip Naskar,VERIFIED,2020-03-22,,0,404039408912625
PH001933,8792407101,BSNL,Jharkhand,P000702,Basanta Jena,VERIFIED,2024-06-20,,0,404063929954823
PH001934,7685538191,Jio,Jharkhand,P000702,NOT AVAILABLE,UNVERIFIED,2021-02-27,2022-02-13,1,404025467546425
PH001935,8710667854,BSNL,Odisha,P000703,Mahesh Saini,VERIFIED,2024-01-19,,0,404061557158489
PH001936,7245464563,MTNL,Odisha,P000703,NOT AVAILABLE,UNVERIFIED,2024-08-04,2025-06-26,1,404021270878869
PH001937,7424189908,MTNL,Odisha,P000703,Mahesh Saini,VERIFIED,2021-10-09,,0,404075674639159
PH001938,9523432096,BSNL,Odisha,P000703,ADDRESS INCOMPLETE,BULK_ISSUED,2019-04-20,,1,404059824889114
PH001939,7173538956,Vi,Odisha,P000704,Udaiveer Srivastava,VERIFIED,2024-06-26,,0,404002568734993
PH001940,9609813774,BSNL,Odisha,P000704,Udaiveer Srivastava,VERIFIED,2025-09-09,,0,404089450847916
PH001941,9781962951,Jio,Odisha,P000704,ADDRESS INCOMPLETE,UNVERIFIED,2024-02-16,,1,404061418945030
PH001942,9455320888,MTNL,West Bengal,P000705,Arindam Mondal,VERIFIED,2020-09-04,,0,404013793257268
PH001943,9958362046,Airtel,West Bengal,P000705,Arindam Mondal,VERIFIED,2018-05-11,,0,404080620275110
PH001944,7365670028,MTNL,West Bengal,P000705,NOT AVAILABLE,FORGED_KYC,2023-01-08,,1,404037492338318
PH001945,7845051949,Jio,Odisha,P000706,Balbir Baghel,VERIFIED,2024-11-01,,0,404000253665744
PH001946,8755456979,Airtel,Odisha,P000706,Balbir Baghel,VERIFIED,2026-04-28,,0,404044681192437
PH001947,7731725564,Vi,Jharkhand,P000707,Akshaya Sahoo,VERIFIED,2020-08-06,,0,404081782007152
PH001948,8481071259,Jio,Jharkhand,P000707,Bibhuti Behera,FORGED_KYC,2022-02-01,2022-08-24,1,404095907492635
PH001949,9663667886,Jio,Jharkhand,P000707,ADDRESS INCOMPLETE,UNVERIFIED,2023-06-30,,1,404021748761520
PH001950,7526453935,Jio,Jharkhand,P000707,Prasanna Barik,UNVERIFIED,2026-05-04,,1,404066280540406
PH001951,8700915051,BSNL,West Bengal,P000708,Rabindra Nayak,VERIFIED,2024-07-16,,0,404098912300305
PH001952,8930874506,Airtel,West Bengal,P000708,NOT AVAILABLE,UNVERIFIED,2021-02-07,,1,404035309809442
PH001953,9625890022,Jio,West Bengal,P000709,Akshaya Sahoo,VERIFIED,2023-07-20,,0,404082905768161
PH001954,7678949858,Airtel,West Bengal,P000709,Akshaya Sahoo,VERIFIED,2019-05-17,,0,404017810517942
PH001955,7463241377,Vi,West Bengal,P000710,Sujoy Bhattacharya,VERIFIED,2018-07-31,,0,404097396781159
PH001956,7391553533,MTNL,West Bengal,P000710,Sujoy Bhattacharya,VERIFIED,2019-02-07,,0,404044444962804
PH001957,7778538297,MTNL,West Bengal,P000710,ADDRESS INCOMPLETE,BULK_ISSUED,2018-08-27,2018-10-05,1,404018913594374
PH001958,9748057935,MTNL,West Bengal,P000710,Sujoy Bhattacharya,VERIFIED,2020-06-21,,0,404090511713816
PH001959,9970760881,BSNL,Jharkhand,P000711,Vijay Singh,VERIFIED,2021-06-25,,0,404016881483166
PH001960,9915561945,BSNL,Bihar,P000712,Basanta Panda,VERIFIED,2026-03-06,,0,404078275986068
PH001961,9640926564,Vi,Rajasthan,P000713,Aarti More,VERIFIED,2019-01-19,,0,404033072696307
PH001962,7510217847,MTNL,Rajasthan,P000713,Aarti More,VERIFIED,2022-07-02,,0,404000889876739
PH001963,8714966616,MTNL,Rajasthan,P000713,Aarti More,VERIFIED,2023-04-24,,0,404061875949435
PH001964,7713663810,MTNL,Rajasthan,P000713,Aarti More,VERIFIED,2025-05-01,,0,404074349985815
PH001965,9798625830,MTNL,Karnataka,P000714,Divyesh Vaghela,VERIFIED,2018-10-19,,0,404069596335049
PH001966,7761890258,Airtel,Karnataka,P000714,Divyesh Vaghela,VERIFIED,2022-06-13,,0,404057212863297
PH001967,8004235865,BSNL,Karnataka,P000714,Divyesh Vaghela,VERIFIED,2024-03-18,,0,404062490636590
PH001968,9502819062,Airtel,Karnataka,P000714,Divyesh Vaghela,VERIFIED,2020-03-07,,0,404038383869617
PH001969,7154021675,MTNL,Karnataka,P000715,Imran Farooqui,VERIFIED,2021-11-11,,0,404012974743485
PH001970,9655515510,BSNL,Delhi,P000716,Vaishnavi Kadam,VERIFIED,2023-12-26,,0,404076069123917
PH001971,8564677740,BSNL,Delhi,P000716,Vaishnavi Kadam,VERIFIED,2022-08-24,,0,404024488027087
PH001972,7799104330,Airtel,Delhi,P000716,Vaishnavi Kadam,VERIFIED,2023-03-09,,0,404017610228384
PH001973,7434385629,MTNL,Delhi,P000716,Vaishnavi Kadam,VERIFIED,2020-05-29,,0,404068863461453
PH001974,7693287306,Airtel,Rajasthan,P000717,Hitesh Zala,VERIFIED,2024-07-27,,0,404043533020568
PH001975,9503745241,Airtel,Maharashtra,P000718,Haroon Pathan,VERIFIED,2021-12-28,,0,404000394904457
PH001976,7599771285,Vi,Maharashtra,P000718,Haroon Pathan,VERIFIED,2023-04-09,,0,404070072353187
PH001977,9114668303,Vi,Rajasthan,P000719,Yusuf Khan,VERIFIED,2020-04-14,,0,404078655648159
PH001978,9241098335,Jio,Rajasthan,P000719,Iqbal Khan,BULK_ISSUED,2022-01-08,2023-01-08,1,404030504672742
PH001979,7678080031,Vi,Rajasthan,P000719,NOT AVAILABLE,UNVERIFIED,2025-01-27,2025-11-17,1,404025093956759
PH001980,8563953982,Jio,Gujarat,P000720,Manisha Patil,VERIFIED,2024-02-07,,0,404096352572033
PH001981,9812421015,Jio,Gujarat,P000720,ADDRESS INCOMPLETE,UNVERIFIED,2021-06-08,2022-02-23,1,404096657035889
PH001982,9787955229,MTNL,Telangana,P000721,Munna Kushwaha,VERIFIED,2022-04-01,,0,404077842253318
PH001983,9809084650,Jio,Telangana,P000721,NOT AVAILABLE,FORGED_KYC,2019-11-29,,1,404072598296529
PH001984,7376572254,MTNL,Telangana,P000721,Munna Kushwaha,VERIFIED,2020-10-05,,0,404072607785625
PH001985,7918297424,Jio,Telangana,P000721,NOT AVAILABLE,FORGED_KYC,2023-06-01,2023-12-05,1,404004452566945
PH001986,8014140617,Jio,Karnataka,P000722,Ashwin Shah,VERIFIED,2023-06-26,,0,404042548727372
PH001987,8438069738,Vi,Karnataka,P000722,Ashwin Shah,VERIFIED,2019-07-01,,0,404051519958306
PH001988,8875106255,MTNL,Rajasthan,P000723,Ketan Prajapati,VERIFIED,2019-06-19,,0,404002360772059
PH001989,8047796002,BSNL,Rajasthan,P000723,ADDRESS INCOMPLETE,FORGED_KYC,2025-12-24,,1,404009069395517
PH001990,9930196516,Airtel,Telangana,P000724,Pandurang Naik,VERIFIED,2023-09-17,,0,404007829386739
PH001991,8615338130,Jio,Delhi,P000725,Altaf Khan,VERIFIED,2022-11-27,,0,404095688665718
PH001992,9490001651,Jio,Delhi,P000725,Mushtaq Chaudhary,BULK_ISSUED,2019-12-02,,1,404040816982860
PH001993,7694594060,MTNL,Delhi,P000725,Imran Shaikh,BULK_ISSUED,2022-02-03,2022-05-14,1,404065557889679
PH001994,7919543921,BSNL,Maharashtra,P000726,Rahul Rane,VERIFIED,2024-10-13,,0,404074248485748
PH001995,9828478300,BSNL,Maharashtra,P000726,Rahul Rane,VERIFIED,2019-04-19,,0,404033248371944
PH001996,7023561173,Jio,Maharashtra,P000726,Rahul Rane,VERIFIED,2018-04-04,,0,404065052310317
PH001997,7635311280,MTNL,Gujarat,P000727,Vishal More,VERIFIED,2021-12-28,,0,404054707520169
PH001998,7358497161,MTNL,Gujarat,P000727,ADDRESS INCOMPLETE,BULK_ISSUED,2026-05-27,2027-03-13,1,404020396634531
PH001999,7325588228,MTNL,Gujarat,P000727,Vishal More,VERIFIED,2020-01-25,,0,404074554350682
PH002000,9492517848,BSNL,Gujarat,P000727,Vishal More,VERIFIED,2025-08-26,,0,404025480831497
PH002001,8842977578,Airtel,Gujarat,P000728,Netrapal Saini,VERIFIED,2025-10-21,,0,404054143499875
PH002002,8602153472,Vi,Gujarat,P000728,Vinod Dubey,FORGED_KYC,2025-01-24,,1,404031386503346
PH002003,8475380157,Jio,Delhi,P000729,Vinod Bhadauria,VERIFIED,2026-02-02,,0,404085219810390
PH002004,7952765646,Vi,Delhi,P000729,Ajay Bhadauria,BULK_ISSUED,2023-04-01,,1,404040074862051
PH002005,7882800738,Jio,Rajasthan,P000730,Arif Mansuri,VERIFIED,2022-04-14,,0,404088487382887
PH002006,7031427404,Jio,Delhi,P000731,Aarti Shinde,VERIFIED,2018-09-07,,0,404000510461244
PH002007,8373216783,Airtel,Delhi,P000731,Aarti Shinde,VERIFIED,2019-01-19,,0,404033738100577
PH002008,7807366559,Vi,Delhi,P000731,ADDRESS INCOMPLETE,BULK_ISSUED,2024-06-10,,1,404057811187462
PH002009,9255894388,Jio,Gujarat,P000732,Bhaskar Shinde,VERIFIED,2025-03-14,,0,404085914923670
PH002010,9903108610,MTNL,Maharashtra,P000733,Kalpesh Solanki,VERIFIED,2023-03-28,,0,404048681758626
PH002011,9308204577,BSNL,Maharashtra,P000733,Chirag Parmar,FORGED_KYC,2018-04-11,2019-01-19,1,404016788415792
PH002012,7745000956,MTNL,Maharashtra,P000733,Alpesh Desai,BULK_ISSUED,2020-12-01,2021-05-23,1,404008078929567
PH002013,8670135507,Airtel,Maharashtra,P000733,Kalpesh Solanki,VERIFIED,2022-10-20,,0,404084045226993
PH002014,7542148585,Airtel,Karnataka,P000734,Bhaskar Kadam,VERIFIED,2024-04-21,,0,404018646440602
PH002015,7943208464,Airtel,Karnataka,P000734,NOT AVAILABLE,UNVERIFIED,2026-05-05,2027-05-10,1,404059452071380
PH002016,9073875243,Vi,Maharashtra,P000735,Vipul Parmar,VERIFIED,2024-06-25,,0,404090878456135
PH002017,9832706469,Vi,Maharashtra,P000735,Chirag Patel,BULK_ISSUED,2025-12-14,2026-05-29,1,404019603024721
PH002018,8100177473,BSNL,Maharashtra,P000735,NOT AVAILABLE,BULK_ISSUED,2025-10-24,2026-05-24,1,404023269796330
PH002019,8868062400,Airtel,Telangana,P000736,Sunil Yadav,VERIFIED,2019-08-14,,0,404097012792754
PH002020,8445930850,Airtel,Telangana,P000737,Sachin Patil,VERIFIED,2020-03-02,,0,404046119695398
PH002021,8508972007,BSNL,Telangana,P000737,ADDRESS INCOMPLETE,FORGED_KYC,2020-08-30,,1,404040684502712
PH002022,7158205787,BSNL,Telangana,P000737,NOT AVAILABLE,FORGED_KYC,2024-11-19,2025-04-13,1,404088203412695
PH002023,7355787436,Jio,Karnataka,P000738,Dharmesh Joshi,VERIFIED,2025-01-20,,0,404060413255501
PH002024,8342100007,Jio,Karnataka,P000738,Dharmesh Joshi,VERIFIED,2024-01-31,,0,404086669548402
PH002025,9737183489,MTNL,Karnataka,P000738,NOT AVAILABLE,BULK_ISSUED,2023-08-15,2023-12-02,1,404023426176386
PH002026,9038606661,Airtel,Karnataka,P000738,ADDRESS INCOMPLETE,UNVERIFIED,2019-07-31,2020-06-06,1,404013912690816
PH002027,8950160414,Vi,Rajasthan,P000739,Har Prasad Gupta,VERIFIED,2023-07-20,,0,404001732621203
PH002028,7006478552,Jio,Gujarat,P000740,Faizan Baig,VERIFIED,2020-05-09,,0,404077297168862
PH002029,8396614674,Jio,Gujarat,P000740,Sajid Ansari,BULK_ISSUED,2022-02-19,2022-07-21,1,404062388980746
PH002030,8708133176,Airtel,Delhi,P000741,Trupti Parmar,VERIFIED,2026-04-26,,0,404000472039798
PH002031,8296756015,Airtel,Delhi,P000741,Trupti Parmar,VERIFIED,2026-01-31,,0,404051355447689
PH002032,7164613916,Vi,Delhi,P000741,Trupti Parmar,VERIFIED,2023-04-06,,0,404095307953526
PH002033,8399313221,Airtel,Delhi,P000741,NOT AVAILABLE,FORGED_KYC,2023-05-07,2023-06-19,1,404099043982471
PH002034,7439402826,MTNL,Delhi,P000741,NOT AVAILABLE,FORGED_KYC,2021-04-17,,1,404081168178658
PH002035,9748660837,Jio,Gujarat,P000742,Smita Sawant,VERIFIED,2018-11-14,,0,404043041516804
PH002036,9898611076,BSNL,Gujarat,P000742,Smita Sawant,VERIFIED,2024-05-28,,0,404033016119944
PH002037,7536381398,Vi,Karnataka,P000743,Har Prasad Sharma,VERIFIED,2020-05-20,,0,404094994913824
PH002038,8596745529,Vi,Rajasthan,P000744,Hardik Thakor,VERIFIED,2019-03-09,,0,404071152723724
PH002039,7348838109,Vi,Rajasthan,P000745,Paresh Rabari,VERIFIED,2025-06-28,,0,404062311074521
PH002040,9159169454,MTNL,Gujarat,P000746,Swapnil Kadam,VERIFIED,2023-04-26,,0,404016234321774
PH002041,8156874868,Jio,Gujarat,P000746,Swapnil Kadam,VERIFIED,2021-09-15,,0,404034508457336
PH002042,7694952079,Airtel,Gujarat,P000746,Dattatray Shinde,UNVERIFIED,2024-10-26,2025-02-16,1,404072339801340
PH002043,9450796093,BSNL,Delhi,P000747,Jitendra Bhardwaj,VERIFIED,2022-09-09,,0,404073033364249
PH002044,9045489465,Jio,Delhi,P000748,Divyesh Desai,VERIFIED,2019-09-07,,0,404035669617173
PH002045,7425433577,Vi,Delhi,P000748,ADDRESS INCOMPLETE,BULK_ISSUED,2022-11-25,2023-05-11,1,404076864892190
PH002046,8736579909,Jio,Delhi,P000748,NOT AVAILABLE,UNVERIFIED,2018-10-17,,1,404019457951079
PH002047,8765378511,MTNL,Gujarat,P000749,Shyamlal Bhardwaj,VERIFIED,2019-12-18,,0,404055886023022
PH002048,8212987530,Jio,Gujarat,P000749,Shyamlal Bhardwaj,VERIFIED,2023-03-22,,0,404026353561045
PH002049,9060147423,MTNL,Gujarat,P000749,Shyamlal Bhardwaj,VERIFIED,2023-04-11,,0,404062499181318
PH002050,7825306300,MTNL,Gujarat,P000749,NOT AVAILABLE,UNVERIFIED,2019-11-14,2020-05-19,1,404056842077815
PH002051,9738691269,Vi,Delhi,P000750,Nadeem Khan,VERIFIED,2018-07-07,,0,404061428276885
PH002052,8211540629,Vi,Delhi,P000750,Nadeem Khan,VERIFIED,2018-08-05,,0,404065452652916
PH002053,8165710354,MTNL,Gujarat,P000751,Devendra Maurya,VERIFIED,2024-07-02,,0,404036354957888
PH002054,7748561737,MTNL,Karnataka,P000752,Mitesh Shah,VERIFIED,2019-04-29,,0,404099642160548
PH002055,7660229983,Airtel,Karnataka,P000752,Mitesh Shah,VERIFIED,2019-09-19,,0,404076018662002
PH002056,8990472683,Vi,Telangana,P000753,Chandrabhan Shukla,VERIFIED,2022-08-30,,0,404071507637149
PH002057,9728862840,Vi,Karnataka,P000754,Dharmesh Makwana,VERIFIED,2019-07-31,,0,404001295820238
PH002058,9257561467,MTNL,Karnataka,P000755,Nilesh Bhoir,VERIFIED,2022-10-13,,0,404026148808518
PH002059,7136121259,MTNL,Karnataka,P000755,Nilesh Bhoir,VERIFIED,2023-02-25,,0,404019687051116
PH002060,8709519002,Jio,Karnataka,P000755,ADDRESS INCOMPLETE,BULK_ISSUED,2025-07-22,2025-10-31,1,404011957713696
PH002061,7466139663,Airtel,Gujarat,P000756,Shakeel Malik,VERIFIED,2023-11-02,,0,404056353448134
PH002062,9075271286,MTNL,Gujarat,P000756,NOT AVAILABLE,BULK_ISSUED,2021-07-01,,1,404035541393573
PH002063,7758035550,BSNL,Gujarat,P000756,Shakeel Malik,VERIFIED,2018-02-27,,0,404088611912011
PH002064,7687373705,Jio,Gujarat,P000756,Salim Mirza,UNVERIFIED,2021-02-28,,1,404034597905144
PH002065,9697194927,BSNL,Gujarat,P000756,ADDRESS INCOMPLETE,UNVERIFIED,2024-11-28,2025-05-25,1,404015913205998
PH002066,7298351312,Jio,Delhi,P000757,Ashfaq Rahman,VERIFIED,2019-07-24,,0,404000843437974
PH002067,8218241800,Airtel,Delhi,P000757,Ashfaq Rahman,VERIFIED,2023-02-27,,0,404082423502327
PH002068,8012637658,Airtel,Delhi,P000757,Ashfaq Rahman,VERIFIED,2019-06-01,,0,404074069435795
PH002069,8949580819,Vi,Delhi,P000757,Ashfaq Rahman,VERIFIED,2020-01-29,,0,404047576501808
PH002070,7955103807,Airtel,Maharashtra,P000758,Ibrahim Shaikh,VERIFIED,2026-01-29,,0,404070247279485
PH002071,7622447884,Vi,Maharashtra,P000758,NOT AVAILABLE,UNVERIFIED,2023-02-20,2023-10-23,1,404030820313064
PH002072,7423556460,Vi,Maharashtra,P000758,Ibrahim Shaikh,VERIFIED,2021-03-29,,0,404010845376553
PH002073,7426362296,BSNL,Karnataka,P000759,Devendra Chauhan,VERIFIED,2019-03-25,,0,404073848762137
PH002074,7093261113,Airtel,Karnataka,P000759,ADDRESS INCOMPLETE,UNVERIFIED,2023-04-14,,1,404052912369278
PH002075,7858692985,Airtel,Karnataka,P000759,Vinod Verma,BULK_ISSUED,2023-10-17,2024-03-01,1,404001778854105
PH002076,7564870340,BSNL,Rajasthan,P000760,Ashfaq Shaikh,VERIFIED,2018-03-29,,0,404021612911419
PH002077,8592234890,BSNL,Rajasthan,P000760,ADDRESS INCOMPLETE,FORGED_KYC,2023-12-25,,1,404091685193230
PH002078,7753011318,Airtel,Telangana,P000761,Mahesh Pandey,VERIFIED,2022-07-23,,0,404039093324050
PH002079,8970271203,BSNL,Telangana,P000761,Mahesh Sharma,UNVERIFIED,2026-04-12,2026-08-19,1,404022392637548
PH002080,7553610763,Airtel,Karnataka,P000762,Nilesh Shinde,VERIFIED,2019-01-28,,0,404073140804088
PH002081,9391908976,MTNL,Karnataka,P000762,Prashant Bhosale,UNVERIFIED,2025-01-15,2025-05-22,1,404036332493318
PH002082,8813911848,Vi,Karnataka,P000762,Nilesh Shinde,VERIFIED,2019-04-15,,0,404059444027154
PH002083,7156151923,Jio,Karnataka,P000762,Nilesh Shinde,VERIFIED,2025-08-24,,0,404044367263173
PH002084,8349060496,Vi,Rajasthan,P000763,Randhir Tiwari,VERIFIED,2023-10-14,,0,404006696198101
PH002085,7822653165,MTNL,Rajasthan,P000763,ADDRESS INCOMPLETE,BULK_ISSUED,2020-06-09,2020-07-15,1,404032229153254
PH002086,7394529326,Jio,Rajasthan,P000763,Randhir Tiwari,VERIFIED,2024-01-04,,0,404048236310808
PH002087,9811604114,Airtel,Rajasthan,P000763,Randhir Tiwari,VERIFIED,2018-01-04,,0,404051501920118
PH002088,7389134471,Jio,Jharkhand,P000764,Om Prakash Maurya,VERIFIED,2018-10-10,,0,404084650318618
PH002089,7962286655,BSNL,Jharkhand,P000764,ADDRESS INCOMPLETE,UNVERIFIED,2022-07-11,,1,404077279190299
PH002090,7625942599,Jio,Jharkhand,P000764,Munna Bhadauria,FORGED_KYC,2018-05-18,2018-07-02,1,404004007763657
PH002091,7458223732,BSNL,Jharkhand,P000765,Salim Shaikh,VERIFIED,2021-04-06,,0,404084511813541
PH002092,7809772707,Airtel,Jharkhand,P000765,Salim Shaikh,VERIFIED,2025-07-25,,0,404075615013252
PH002093,9968162121,Vi,Jharkhand,P000765,Salim Shaikh,VERIFIED,2022-12-14,,0,404011474826847
PH002094,7409681303,MTNL,Jharkhand,P000765,Faizan Alam,UNVERIFIED,2021-09-17,2022-10-04,1,404068312820470
PH002095,9573768859,Airtel,Uttar Pradesh,P000766,Balbir Shukla,VERIFIED,2018-03-08,,0,404045341330944
PH002096,9757269068,Vi,Uttar Pradesh,P000766,Balbir Shukla,VERIFIED,2026-01-23,,0,404097914854137
PH002097,8626099142,Vi,Bihar,P000767,Balbir Dixit,VERIFIED,2021-04-26,,0,404064549177750
PH002098,9230026387,MTNL,Bihar,P000767,NOT AVAILABLE,UNVERIFIED,2020-12-22,,1,404029778570511
PH002099,8151143719,MTNL,Jharkhand,P000768,Prakash Gupta,VERIFIED,2018-05-30,,0,404029482425449
PH002100,9556072312,Vi,Jharkhand,P000768,NOT AVAILABLE,BULK_ISSUED,2021-08-13,2022-06-21,1,404093676602602
PH002101,9625014781,Airtel,Jharkhand,P000768,Prakash Gupta,VERIFIED,2024-10-23,,0,404092332093705
PH002102,7938696242,Vi,Delhi,P000769,Shakeel Siddiqui,VERIFIED,2022-12-13,,0,404082201759847
PH002103,8928490625,Jio,Delhi,P000770,Pradeep Bhardwaj,VERIFIED,2022-07-12,,0,404095847666655
PH002104,7933053692,Airtel,Bihar,P000771,Chandrabhan Bhardwaj,VERIFIED,2021-06-17,,0,404000258221527
PH002105,8314014740,Vi,Bihar,P000771,NOT AVAILABLE,FORGED_KYC,2018-11-26,2019-07-20,1,404003419285051
PH002106,9336851318,Vi,Bihar,P000771,NOT AVAILABLE,BULK_ISSUED,2018-10-12,,1,404062899116426
PH002107,7551403648,MTNL,Jharkhand,P000772,Abdul Chaudhary,VERIFIED,2020-01-26,,0,404017855953770
PH002108,8653582097,Vi,Jharkhand,P000773,Shakuntala Nishad,VERIFIED,2021-02-27,,0,404018641902103
PH002109,7813067013,Airtel,West Bengal,P000774,Naseer Farooqui,VERIFIED,2019-08-02,,0,404015814634639
PH002110,9821671866,Airtel,West Bengal,P000774,NOT AVAILABLE,BULK_ISSUED,2020-01-29,,1,404046287813270
PH002111,8191949151,BSNL,West Bengal,P000774,ADDRESS INCOMPLETE,BULK_ISSUED,2018-11-11,,1,404078212697046
PH002112,7292328181,Vi,Bihar,P000775,Shakeel Idrisi,VERIFIED,2023-11-23,,0,404010387868881
PH002113,9806319426,BSNL,Bihar,P000775,Shakeel Idrisi,VERIFIED,2018-02-01,,0,404089557864945
PH002114,7557109974,BSNL,Bihar,P000775,Shakeel Idrisi,VERIFIED,2024-05-06,,0,404089557163703
PH002115,7831942909,MTNL,Uttar Pradesh,P000776,Ibrahim Alam,VERIFIED,2020-08-13,,0,404081527052479
PH002116,8105336073,Airtel,West Bengal,P000777,Hariom Chauhan,VERIFIED,2020-01-27,,0,404062986699659
PH002117,9226617864,Jio,Delhi,P000778,Shakeel Malik,VERIFIED,2026-03-12,,0,404085805771575
PH002118,7387406019,Airtel,Delhi,P000778,NOT AVAILABLE,FORGED_KYC,2025-04-12,2025-06-26,1,404023525513872
PH002119,9845301913,BSNL,Delhi,P000778,Nadeem Alam,UNVERIFIED,2021-04-04,2022-01-17,1,404079477076836
PH002120,8601706567,Jio,Uttar Pradesh,P000779,Shakeel Ansari,VERIFIED,2022-07-19,,0,404011687036062
PH002121,9678005313,Vi,Uttar Pradesh,P000779,Shakeel Ansari,VERIFIED,2023-07-13,,0,404049441622881
PH002122,7446514673,MTNL,Uttar Pradesh,P000780,Pradeep Prajapati,VERIFIED,2018-06-08,,0,404085686791486
PH002123,9504235120,BSNL,Uttar Pradesh,P000780,NOT AVAILABLE,UNVERIFIED,2025-12-12,2026-01-15,1,404095782027911
PH002124,7408286054,MTNL,Uttar Pradesh,P000780,Randhir Nagar,FORGED_KYC,2020-07-19,2021-03-03,1,404027772634827
PH002125,9504969595,BSNL,Uttar Pradesh,P000780,Pradeep Prajapati,VERIFIED,2022-03-24,,0,404014638483097
PH002126,8589783563,MTNL,Uttar Pradesh,P000780,Sunil Gupta,BULK_ISSUED,2025-11-30,2026-01-24,1,404013874116560
PH002127,9272960332,MTNL,Jharkhand,P000781,Prakash Maurya,VERIFIED,2022-09-22,,0,404074621727140
PH002128,8707670167,Jio,Jharkhand,P000781,ADDRESS INCOMPLETE,UNVERIFIED,2018-08-07,,1,404009543828594
PH002129,8000048350,Vi,Uttar Pradesh,P000782,Sarfaraz Siddiqui,VERIFIED,2021-06-16,,0,404059364570291
PH002130,9630620025,BSNL,Uttar Pradesh,P000782,Sarfaraz Siddiqui,VERIFIED,2024-01-12,,0,404032912562986
PH002131,9635172946,BSNL,Jharkhand,P000783,Firoz Siddiqui,VERIFIED,2019-09-04,,0,404022156065555
PH002132,8615966546,Airtel,Jharkhand,P000783,Firoz Siddiqui,VERIFIED,2022-08-14,,0,404089678323840
PH002133,9763526727,MTNL,Jharkhand,P000783,Firoz Siddiqui,VERIFIED,2020-08-24,,0,404065895465873
PH002134,8013727486,BSNL,Jharkhand,P000783,NOT AVAILABLE,UNVERIFIED,2024-04-13,,1,404023347409612
PH002135,7537778554,Vi,Bihar,P000784,Ashfaq Sheikh,VERIFIED,2024-11-11,,0,404097693986425
PH002136,7483613094,Vi,Bihar,P000784,NOT AVAILABLE,FORGED_KYC,2019-02-20,2019-08-05,1,404073637739757
PH002137,9080489756,MTNL,Uttar Pradesh,P000785,Girdhari Saini,VERIFIED,2022-10-07,,0,404081109622733
PH002138,7167271407,BSNL,Uttar Pradesh,P000786,Shailendra Sharma,VERIFIED,2025-04-23,,0,404024684084945
PH002139,9144392854,Airtel,Uttar Pradesh,P000786,ADDRESS INCOMPLETE,UNVERIFIED,2025-07-21,2025-08-06,1,404053838182795
PH002140,8569398805,MTNL,Uttar Pradesh,P000786,Shailendra Sharma,VERIFIED,2021-09-16,,0,404078103198363
PH002141,9077154912,MTNL,Uttar Pradesh,P000787,Shabana Mirza,VERIFIED,2019-10-05,,0,404065673853313
PH002142,8934073735,MTNL,Uttar Pradesh,P000787,ADDRESS INCOMPLETE,BULK_ISSUED,2019-12-17,2020-04-09,1,404052406245148
PH002143,9224862359,Airtel,Uttar Pradesh,P000787,ADDRESS INCOMPLETE,UNVERIFIED,2024-02-17,2024-09-10,1,404035714009647
PH002144,8432513558,BSNL,Uttar Pradesh,P000787,ADDRESS INCOMPLETE,UNVERIFIED,2021-01-08,2021-09-18,1,404056779387625
PH002145,9863217405,Jio,Bihar,P000788,Rafiq Malik,VERIFIED,2019-02-24,,0,404050285877484
PH002146,7640289230,Airtel,Bihar,P000788,ADDRESS INCOMPLETE,FORGED_KYC,2024-05-07,,1,404027321387493
PH002147,9821251267,Vi,Bihar,P000788,Rafiq Malik,VERIFIED,2021-08-15,,0,404082178438371
PH002148,9271973541,Jio,Bihar,P000788,ADDRESS INCOMPLETE,UNVERIFIED,2023-04-16,2023-11-15,1,404024367547985
PH002149,7507580665,Vi,Delhi,P000789,Wasim Qureshi,VERIFIED,2019-04-26,,0,404025319305840
PH002150,8676459485,Airtel,Delhi,P000789,Yusuf Zaidi,UNVERIFIED,2018-03-18,2018-09-09,1,404045809397585
PH002151,8003585510,Airtel,Delhi,P000789,Wasim Qureshi,VERIFIED,2025-01-18,,0,404088983727573
PH002152,9828125200,MTNL,Bihar,P000790,Deepak Bhardwaj,VERIFIED,2026-01-08,,0,404010845435412
PH002153,9776694116,Jio,Bihar,P000790,Deepak Bhardwaj,VERIFIED,2026-02-27,,0,404050619914184
PH002154,7244301776,Airtel,Bihar,P000790,NOT AVAILABLE,FORGED_KYC,2022-07-03,2023-06-14,1,404022929930123
PH002155,7640249041,MTNL,Uttar Pradesh,P000791,Sarfaraz Saifi,VERIFIED,2022-03-03,,0,404022213060396
PH002156,9100014180,Vi,Uttar Pradesh,P000791,NOT AVAILABLE,FORGED_KYC,2019-12-26,,1,404005967192205
PH002157,7589908678,Vi,Uttar Pradesh,P000791,Sarfaraz Saifi,VERIFIED,2018-04-01,,0,404037354602335
PH002158,8626536326,Airtel,Jharkhand,P000792,Nazia Khan,VERIFIED,2025-08-03,,0,404038752376661
PH002159,8370814064,Jio,Jharkhand,P000792,Nazia Khan,VERIFIED,2025-11-12,,0,404021652578408
PH002160,9360566887,MTNL,Jharkhand,P000792,ADDRESS INCOMPLETE,UNVERIFIED,2023-05-23,2024-04-10,1,404024185236998
PH002161,7213830216,Jio,Jharkhand,P000793,Jitendra Baghel,VERIFIED,2024-09-16,,0,404051798174135
PH002162,8635006583,Vi,Jharkhand,P000794,Wasim Hussain,VERIFIED,2023-10-03,,0,404075669108471
PH002163,8302992540,Vi,Jharkhand,P000794,Wasim Hussain,VERIFIED,2023-03-23,,0,404080205341961
PH002164,9893170845,Jio,Bihar,P000795,Zubair Chaudhary,VERIFIED,2019-09-16,,0,404025199144469
PH002165,8226622580,Jio,Bihar,P000795,Salim Rahman,FORGED_KYC,2020-05-08,,1,404081254549961
PH002166,9030033769,Airtel,Bihar,P000795,NOT AVAILABLE,BULK_ISSUED,2021-01-17,2022-01-31,1,404049506958879
PH002167,9572889611,Vi,Bihar,P000796,Abdul Malik,VERIFIED,2021-04-25,,0,404011502711484
PH002168,7940015391,Jio,Bihar,P000796,Abdul Malik,VERIFIED,2025-09-04,,0,404071330012992
PH002169,7117349382,BSNL,Bihar,P000796,Abdul Malik,VERIFIED,2020-03-21,,0,404038376552242
PH002170,7765267775,Airtel,Bihar,P000796,Altaf Siddiqui,BULK_ISSUED,2022-01-21,2022-12-01,1,404092266914199
PH002171,8089276834,MTNL,Bihar,P000796,Abdul Malik,VERIFIED,2019-05-06,,0,404084990842242
PH002172,8113888756,Vi,West Bengal,P000797,Imran Ahmed,VERIFIED,2020-02-27,,0,404031182938733
PH002173,7397424537,Vi,West Bengal,P000797,ADDRESS INCOMPLETE,FORGED_KYC,2026-04-03,2027-01-18,1,404094061283860
PH002174,8867096789,Vi,West Bengal,P000797,ADDRESS INCOMPLETE,BULK_ISSUED,2019-07-29,,1,404004940684912
PH002175,8607921314,Vi,West Bengal,P000797,Zubair Alam,UNVERIFIED,2021-12-31,2022-09-21,1,404090247827556
PH002176,8785065001,Airtel,West Bengal,P000797,NOT AVAILABLE,UNVERIFIED,2023-07-01,2024-01-19,1,404083753107151
PH002177,9587510272,BSNL,West Bengal,P000797,Imran Ahmed,VERIFIED,2022-01-01,,0,404061922283108
PH002178,9952077139,BSNL,Bihar,P000798,Firoz Mansuri,VERIFIED,2023-08-25,,0,404055488744816
PH002179,9996840273,MTNL,Bihar,P000798,ADDRESS INCOMPLETE,FORGED_KYC,2025-04-20,2026-03-26,1,404049112551799
PH002180,9352256042,Vi,Bihar,P000799,Shakeel Pathan,VERIFIED,2025-02-14,,0,404010610412508
PH002181,9038475943,Jio,Bihar,P000799,Shakeel Pathan,VERIFIED,2018-04-23,,0,404000302550228
PH002182,8080358707,Airtel,Bihar,P000799,Rizwan Ansari,BULK_ISSUED,2024-03-30,2024-04-14,1,404079858350519
PH002183,8091309629,Airtel,Bihar,P000799,Shakeel Pathan,VERIFIED,2020-12-16,,0,404034974913572
PH002184,7882346194,Jio,West Bengal,P000800,Haroon Mansuri,VERIFIED,2018-06-07,,0,404019963028815
PH002185,8283094777,Vi,West Bengal,P000800,Salim Malik,BULK_ISSUED,2026-06-06,2027-02-18,1,404048552236151
PH002186,8592839373,Airtel,West Bengal,P000800,Haroon Mansuri,VERIFIED,2021-04-01,,0,404045956782952
PH002187,8328795506,BSNL,West Bengal,P000800,Altaf Mirza,FORGED_KYC,2023-06-29,,1,404077883967759
PH002188,7261046019,BSNL,Haryana,P000801,Nathu Ranawat,VERIFIED,2019-05-05,,0,404081349151664
PH002189,9068922930,BSNL,Haryana,P000801,Sohan Jat,FORGED_KYC,2025-03-16,2026-04-07,1,404014842413951
PH002190,7347607718,Jio,Haryana,P000801,Nathu Ranawat,VERIFIED,2026-03-27,,0,404039067288267
PH002191,8287228935,Airtel,Haryana,P000801,ADDRESS INCOMPLETE,BULK_ISSUED,2023-03-01,,1,404010067948934
PH002192,7836969952,Jio,Madhya Pradesh,P000802,Kishan Jat,VERIFIED,2021-03-08,,0,404034798867596
PH002193,7141147945,MTNL,Madhya Pradesh,P000802,Kishan Jat,VERIFIED,2020-03-31,,0,404094507674485
PH002194,9938979048,Vi,Madhya Pradesh,P000802,ADDRESS INCOMPLETE,FORGED_KYC,2021-07-10,,1,404066705035335
PH002195,9583641492,MTNL,Madhya Pradesh,P000802,Kishan Jat,VERIFIED,2020-07-04,,0,404035582636071
PH002196,7438581602,Airtel,Madhya Pradesh,P000803,Malkiat Virk,VERIFIED,2023-08-25,,0,404015943091949
PH002197,8179129235,MTNL,Madhya Pradesh,P000803,Malkiat Virk,VERIFIED,2025-07-06,,0,404052931256707
PH002198,8324634146,Airtel,Uttar Pradesh,P000804,Yogendra Srivastava,VERIFIED,2021-05-25,,0,404046473474017
PH002199,7440970580,Airtel,Uttar Pradesh,P000804,Yogendra Srivastava,VERIFIED,2023-02-24,,0,404022113328859
PH002200,9133188966,BSNL,Uttar Pradesh,P000804,ADDRESS INCOMPLETE,BULK_ISSUED,2020-04-04,,1,404029246983983
PH002201,9587211398,Vi,Uttar Pradesh,P000804,NOT AVAILABLE,BULK_ISSUED,2025-04-08,,1,404070899850119
PH002202,8540960196,BSNL,Uttar Pradesh,P000805,Ranveer Beniwal,VERIFIED,2020-05-22,,0,404031836474621
PH002203,8771994091,Jio,Uttar Pradesh,P000805,Ranveer Beniwal,VERIFIED,2024-11-07,,0,404061561343258
PH002204,8352201892,MTNL,Uttar Pradesh,P000805,Mohan Chouhan,UNVERIFIED,2020-07-08,2020-08-04,1,404067668309925
PH002205,9175246746,BSNL,Haryana,P000806,Hanuman Shekhawat,VERIFIED,2023-08-11,,0,404040849658647
PH002206,8610239752,BSNL,Haryana,P000807,Bikramjit Brar,VERIFIED,2020-01-10,,0,404052306543411
PH002207,8776134373,MTNL,Haryana,P000807,Bikramjit Brar,VERIFIED,2024-04-01,,0,404066635906679
PH002208,9317135440,MTNL,Haryana,P000807,Bikramjit Brar,VERIFIED,2024-04-20,,0,404019965553464
PH002209,7538272239,Vi,Haryana,P000807,Bikramjit Brar,VERIFIED,2023-03-21,,0,404089521826377
PH002210,9633948224,Vi,Haryana,P000807,Gurmeet Grewal,FORGED_KYC,2024-12-12,,1,404012560001720
PH002211,8497227658,Vi,Haryana,P000807,Bikramjit Brar,VERIFIED,2024-02-06,,0,404021808324898
PH002212,7583284534,Airtel,Maharashtra,P000808,Sunil Sengar,VERIFIED,2023-01-22,,0,404098604667507
PH002213,8883161891,BSNL,Maharashtra,P000808,ADDRESS INCOMPLETE,BULK_ISSUED,2019-09-05,2020-07-11,1,404099519598887
PH002214,7852955055,Airtel,Maharashtra,P000808,Sunil Sengar,VERIFIED,2024-03-11,,0,404088590845477
PH002215,7343200303,BSNL,Delhi,P000809,Sandeep Maurya,VERIFIED,2025-08-23,,0,404014582829292
PH002216,9187102139,Jio,Delhi,P000809,NOT AVAILABLE,BULK_ISSUED,2019-06-27,2020-02-27,1,404015564118465
PH002217,8098047085,MTNL,Delhi,P000809,Sandeep Maurya,VERIFIED,2023-10-25,,0,404013940507111
PH002218,9890986334,Jio,Delhi,P000809,NOT AVAILABLE,UNVERIFIED,2018-11-29,2019-05-30,1,404048308756775
PH002219,7326008325,Vi,Punjab,P000810,Kishan Choudhary,VERIFIED,2019-08-28,,0,404057734669313
PH002220,8597113401,BSNL,Punjab,P000810,Kishan Choudhary,VERIFIED,2022-01-29,,0,404028849577906
PH002221,7119755873,BSNL,Maharashtra,P000811,Sohan Purohit,VERIFIED,2020-10-06,,0,404005458284428
PH002222,7652088192,Vi,Rajasthan,P000812,Udaiveer Baghel,VERIFIED,2018-01-02,,0,404063068996170
PH002223,7864284841,Airtel,Rajasthan,P000812,Udaiveer Baghel,VERIFIED,2019-04-04,,0,404076769849790
PH002224,9601666598,Vi,Rajasthan,P000812,ADDRESS INCOMPLETE,FORGED_KYC,2026-02-01,,1,404014838740685
PH002225,9116007817,Airtel,Rajasthan,P000812,Udaiveer Sharma,BULK_ISSUED,2023-11-29,2024-09-11,1,404023839730680
PH002226,9608667985,Jio,Uttar Pradesh,P000813,Mukesh Baghel,VERIFIED,2023-02-07,,0,404007745451141
PH002227,7512814939,Airtel,Uttar Pradesh,P000813,ADDRESS INCOMPLETE,UNVERIFIED,2020-07-23,2021-07-07,1,404034209884075
PH002228,9128170199,Vi,Uttar Pradesh,P000813,ADDRESS INCOMPLETE,BULK_ISSUED,2026-03-24,,1,404018783096505
PH002229,8542496699,BSNL,Rajasthan,P000814,Balbir Thakur,VERIFIED,2022-03-07,,0,404082135321526
PH002230,7295941275,Vi,Rajasthan,P000814,Jitendra Dubey,BULK_ISSUED,2018-08-17,2019-06-09,1,404076754079974
PH002231,7410398165,Vi,Haryana,P000815,Kuldeep Srivastava,VERIFIED,2019-06-01,,0,404099807786539
PH002232,8573879525,BSNL,Haryana,P000815,Yogendra Nishad,BULK_ISSUED,2025-02-26,2025-06-19,1,404019583731471
PH002233,7466972333,BSNL,Haryana,P000815,Sanjay Shukla,FORGED_KYC,2020-02-07,2020-09-25,1,404038477397062
PH002234,9250974177,Jio,Haryana,P000815,Kuldeep Srivastava,VERIFIED,2024-03-08,,0,404003953252740
PH002235,8763336668,Vi,Haryana,P000815,Kuldeep Srivastava,VERIFIED,2019-06-02,,0,404056115778625
PH002236,7549292855,Jio,Haryana,P000816,Tarsem Virk,VERIFIED,2022-10-07,,0,404050756120476
PH002237,9389013776,MTNL,Haryana,P000816,Harbhajan Grewal,BULK_ISSUED,2021-06-11,,1,404049932892624
PH002238,9640099150,Airtel,Haryana,P000816,NOT AVAILABLE,BULK_ISSUED,2025-01-23,,1,404062181443482
PH002239,7545366387,Airtel,Punjab,P000817,Rachhpal Sandhu,VERIFIED,2024-12-10,,0,404021174098307
PH002240,8644564605,MTNL,Punjab,P000817,Rachhpal Sandhu,VERIFIED,2020-07-31,,0,404009522538706
PH002241,9901511061,Jio,Delhi,P000818,Gopal Saini,VERIFIED,2018-04-04,,0,404008197660491
PH002242,7415454335,Vi,Delhi,P000818,Gopal Saini,VERIFIED,2024-06-30,,0,404073122142225
PH002243,8782615233,Vi,Rajasthan,P000819,Bhanwar Meena,VERIFIED,2019-11-13,,0,404030120128450
PH002244,7192527424,Vi,Rajasthan,P000819,NOT AVAILABLE,FORGED_KYC,2020-01-23,2020-04-14,1,404080115467743
PH002245,7349220182,MTNL,Rajasthan,P000819,NOT AVAILABLE,UNVERIFIED,2022-02-23,,1,404082909160739
PH002246,8782403073,Airtel,Rajasthan,P000819,NOT AVAILABLE,FORGED_KYC,2022-12-01,2023-03-02,1,404016776210581
PH002247,7026142185,Jio,Maharashtra,P000820,Kulwant Toor,VERIFIED,2020-11-18,,0,404044419147873
PH002248,9182448725,Jio,Maharashtra,P000820,Kulwant Toor,VERIFIED,2020-11-27,,0,404029462466108
PH002249,9483414504,Airtel,Maharashtra,P000820,Lakhwinder Singh,FORGED_KYC,2019-01-18,2020-01-31,1,404030745978003
PH002250,9121817216,Jio,Rajasthan,P000821,Girdhari Rathore,VERIFIED,2022-01-07,,0,404027664100585
PH002251,8007110998,Airtel,Rajasthan,P000821,NOT AVAILABLE,FORGED_KYC,2025-12-26,,1,404037875624794
PH002252,7184241741,MTNL,Rajasthan,P000821,Girdhari Rathore,VERIFIED,2023-11-21,,0,404009936376133
PH002253,9080077851,Vi,Rajasthan,P000821,Girdhari Rathore,VERIFIED,2019-05-17,,0,404060087770920
PH002254,7940112828,Airtel,Rajasthan,P000821,Girdhari Rathore,VERIFIED,2018-03-11,,0,404085425328356
PH002255,9545557935,MTNL,Rajasthan,P000822,Harjinder Sarao,VERIFIED,2022-05-29,,0,404052035592489
PH002256,7840006728,BSNL,Rajasthan,P000822,NOT AVAILABLE,BULK_ISSUED,2018-04-30,,1,404009564931904
PH002257,7134393141,Vi,Rajasthan,P000822,Jarnail Sarao,FORGED_KYC,2018-06-01,2018-07-18,1,404041344746833
PH002258,8565427855,Jio,Rajasthan,P000822,Harjinder Sarao,VERIFIED,2023-11-30,,0,404033423853114
PH002259,9318193635,MTNL,Rajasthan,P000822,Malkiat Sekhon,FORGED_KYC,2018-02-15,2018-12-14,1,404066816780446
PH002260,9603890054,Vi,Maharashtra,P000823,Harpreet Brar,VERIFIED,2020-09-21,,0,404072037497422
PH002261,8805828428,Airtel,Maharashtra,P000823,Sukhdev Sidhu,FORGED_KYC,2023-12-27,,1,404046623872910
PH002262,9377631337,Vi,Maharashtra,P000823,NOT AVAILABLE,BULK_ISSUED,2018-08-13,2018-11-08,1,404086972006051
PH002263,8059997163,Jio,Haryana,P000824,Gopal Beniwal,VERIFIED,2024-02-10,,0,404082150315099
PH002264,8022667696,BSNL,Haryana,P000824,ADDRESS INCOMPLETE,UNVERIFIED,2025-06-30,2025-12-19,1,404089855026870
PH002265,8858107128,Airtel,Haryana,P000824,Madan Chouhan,FORGED_KYC,2019-05-08,,1,404064212197609
PH002266,7227757794,Vi,Haryana,P000824,Gopal Beniwal,VERIFIED,2022-01-22,,0,404031803199212
PH002267,8447484964,Airtel,Maharashtra,P000825,Jitendra Rajput,VERIFIED,2019-12-19,,0,404011350117473
PH002268,8447895693,Jio,Maharashtra,P000825,Sanjay Tiwari,FORGED_KYC,2025-12-17,,1,404062523788210
PH002269,8818806958,MTNL,Maharashtra,P000825,Jitendra Rajput,VERIFIED,2019-11-11,,0,404013177503832
PH002270,7421451030,Jio,Punjab,P000826,Jarnail Singh,VERIFIED,2018-02-18,,0,404027999651532
PH002271,8881629714,BSNL,Punjab,P000826,ADDRESS INCOMPLETE,FORGED_KYC,2018-06-06,2019-03-05,1,404021944976322
PH002272,7259253607,Airtel,Punjab,P000826,Jarnail Singh,VERIFIED,2018-11-09,,0,404006737177835
PH002273,7918139879,BSNL,Rajasthan,P000827,Prakash Shukla,VERIFIED,2022-11-02,,0,404044017857811
PH002274,8220892566,Vi,Rajasthan,P000827,Prakash Shukla,VERIFIED,2019-06-11,,0,404096328959827
PH002275,7175168539,BSNL,Rajasthan,P000828,Harjinder Kang,VERIFIED,2023-03-31,,0,404082749505512
PH002276,8769100029,BSNL,Rajasthan,P000828,Harjinder Kang,VERIFIED,2023-01-13,,0,404024087364971
PH002277,7559894970,Jio,Rajasthan,P000828,ADDRESS INCOMPLETE,FORGED_KYC,2019-03-01,2019-07-22,1,404018319925078
PH002278,9188877509,MTNL,Maharashtra,P000829,Devendra Srivastava,VERIFIED,2026-03-18,,0,404029226444277
PH002279,7959610092,Airtel,Maharashtra,P000829,NOT AVAILABLE,FORGED_KYC,2019-08-19,,1,404072812108644
PH002280,9754363139,Vi,Maharashtra,P000829,Har Prasad Sharma,FORGED_KYC,2019-12-07,2020-06-18,1,404023501996265
PH002281,9093764349,MTNL,Maharashtra,P000829,Devendra Srivastava,VERIFIED,2026-01-30,,0,404019596659100
PH002282,9563670460,Jio,Haryana,P000830,Harpreet Sandhu,VERIFIED,2019-07-10,,0,404045427771908
PH002283,9844438773,Jio,Haryana,P000830,Harpreet Sandhu,VERIFIED,2019-09-14,,0,404055820669456
PH002284,9071161203,BSNL,Haryana,P000830,Harpreet Sandhu,VERIFIED,2020-09-29,,0,404048762477627
PH002285,8716342805,Airtel,Haryana,P000830,Harpreet Sandhu,VERIFIED,2026-02-22,,0,404045442602107
PH002286,9554067452,BSNL,Haryana,P000830,ADDRESS INCOMPLETE,FORGED_KYC,2025-12-07,2026-05-14,1,404057127441716
PH002287,9736955509,Vi,Haryana,P000830,Harpreet Sandhu,VERIFIED,2026-02-13,,0,404025121301897
PH002288,8364958398,BSNL,Haryana,P000831,Bheru Ranawat,VERIFIED,2023-09-11,,0,404037110405148
PH002289,9233872429,Jio,Uttar Pradesh,P000832,Kuldeep Virk,VERIFIED,2023-02-07,,0,404002018234677
PH002290,9757788582,Jio,Uttar Pradesh,P000832,Kuldeep Virk,VERIFIED,2022-09-11,,0,404051236458994
PH002291,9915258804,Airtel,Delhi,P000833,Sukhdev Singh,VERIFIED,2018-11-06,,0,404047581281133
PH002292,8891612987,BSNL,Delhi,P000833,Sukhdev Singh,VERIFIED,2021-08-20,,0,404001953171424
PH002293,8591508575,MTNL,Delhi,P000833,Sukhdev Singh,VERIFIED,2024-04-01,,0,404030095592749
PH002294,7578746666,BSNL,Delhi,P000833,Sukhdev Singh,VERIFIED,2023-11-14,,0,404077015407953
PH002295,7129865540,BSNL,Delhi,P000833,NOT AVAILABLE,FORGED_KYC,2023-10-01,2023-10-27,1,404072353293918
PH002296,8459488214,Jio,Maharashtra,P000834,Jasbir Brar,VERIFIED,2022-05-08,,0,404088890324967
PH002297,9157668007,MTNL,Maharashtra,P000834,Jasbir Brar,VERIFIED,2020-08-16,,0,404057474506989
PH002298,8685920557,Jio,Maharashtra,P000834,Satnam Sarao,FORGED_KYC,2020-12-11,2021-03-08,1,404011374794137
PH002299,7316221260,Jio,Maharashtra,P000834,Tarsem Toor,BULK_ISSUED,2018-11-30,2018-12-30,1,404044611861955
PH002300,8887607382,BSNL,Maharashtra,P000834,Amarjit Grewal,FORGED_KYC,2024-10-26,,1,404069846578366
PH002301,8498067628,BSNL,Punjab,P000835,Bikramjit Sekhon,VERIFIED,2024-04-27,,0,404011229219269
PH002302,9888001757,BSNL,Punjab,P000835,ADDRESS INCOMPLETE,UNVERIFIED,2026-04-24,2026-12-18,1,404027575279032
PH002303,8916980701,Airtel,Punjab,P000835,Bikramjit Sekhon,VERIFIED,2019-04-22,,0,404085601586976
PH002304,8190230573,Jio,Punjab,P000835,Bikramjit Sekhon,VERIFIED,2018-07-28,,0,404065754335470
PH002305,7786249642,Jio,Punjab,P000835,Rachhpal Brar,UNVERIFIED,2022-02-13,,1,404095281851379
PH002306,7393222114,Jio,Delhi,P000836,Lakhwinder Bains,VERIFIED,2023-04-11,,0,404075462341877
PH002307,9076433718,Airtel,Delhi,P000837,Ratan Kumawat,VERIFIED,2019-06-19,,0,404019068087557
PH002308,8162436304,BSNL,Delhi,P000837,Ratan Kumawat,VERIFIED,2020-07-19,,0,404081423459130
PH002309,8316268488,Vi,Punjab,P000838,Chandrabhan Bhadauria,VERIFIED,2024-04-02,,0,404080549958753
PH002310,8566630968,Airtel,Punjab,P000838,Chandrabhan Bhadauria,VERIFIED,2018-08-01,,0,404056110042624
PH002311,7145525774,Jio,Haryana,P000839,Ratan Jat,VERIFIED,2023-04-27,,0,404079495540125
PH002312,7698778790,Airtel,Haryana,P000839,Ratan Jat,VERIFIED,2018-07-22,,0,404009901079305
PH002313,7069853310,Jio,Haryana,P000839,NOT AVAILABLE,UNVERIFIED,2025-08-17,2026-01-10,1,404013310903778
PH002314,8234224941,Jio,Rajasthan,P000840,Sukhwinder Kang,VERIFIED,2025-10-28,,0,404092951093772
PH002315,7943237999,Vi,Rajasthan,P000840,Jaswant Sidhu,BULK_ISSUED,2021-03-27,2022-01-18,1,404018144917881
PH002316,7210184796,Jio,Rajasthan,P000840,Sukhwinder Kang,VERIFIED,2020-03-15,,0,404069351491939
PH002317,8796112048,MTNL,Rajasthan,P000840,ADDRESS INCOMPLETE,BULK_ISSUED,2021-11-25,,1,404007097063232
PH002318,9579226124,BSNL,Delhi,P000841,Paramjit Virk,VERIFIED,2020-09-02,,0,404007723570554
PH002319,9635978043,Airtel,Delhi,P000841,Paramjit Virk,VERIFIED,2021-03-02,,0,404044787079489
PH002320,8067462990,MTNL,Delhi,P000841,Paramjit Virk,VERIFIED,2022-04-23,,0,404033344806446
PH002321,9562916498,BSNL,Delhi,P000841,Baljinder Randhawa,FORGED_KYC,2026-01-08,,1,404083645203231
PH002322,9134754553,MTNL,Haryana,P000842,Madan Bishnoi,VERIFIED,2020-08-26,,0,404070781575330
PH002323,7942832024,BSNL,Haryana,P000842,Poonam Chand Meena,FORGED_KYC,2021-09-22,,1,404053853107407
PH002324,8334190865,Vi,Haryana,P000843,Ranveer Kumawat,VERIFIED,2023-04-06,,0,404027618528070
PH002325,7218519592,BSNL,Haryana,P000843,Ranveer Kumawat,VERIFIED,2021-04-17,,0,404047435227623
PH002326,7684066199,Jio,Haryana,P000843,ADDRESS INCOMPLETE,BULK_ISSUED,2018-07-05,2019-07-13,1,404033917026095
PH002327,9425135007,MTNL,Haryana,P000843,Bheru Sisodia,UNVERIFIED,2022-12-08,,1,404048251773987
PH002328,9065574887,Jio,Haryana,P000843,NOT AVAILABLE,UNVERIFIED,2020-06-23,,1,404061397610815
PH002329,9259868980,MTNL,Punjab,P000844,Gurpreet Toor,VERIFIED,2023-07-11,,0,404047376127705
PH002330,8323940368,Airtel,Punjab,P000844,Gurpreet Toor,VERIFIED,2023-06-17,,0,404086423015939
PH002331,7407032673,BSNL,Punjab,P000844,ADDRESS INCOMPLETE,BULK_ISSUED,2023-03-18,2023-04-27,1,404079894987679
PH002332,9007543007,MTNL,Punjab,P000844,Kulwant Bhullar,FORGED_KYC,2020-12-06,2021-01-03,1,404016301732420
PH002333,7970728666,Jio,Haryana,P000845,Yogendra Saini,VERIFIED,2025-04-27,,0,404041427522771
PH002334,8649797874,Vi,Haryana,P000845,Yogendra Saini,VERIFIED,2020-03-03,,0,404061268915588
PH002335,9569473489,Airtel,Tamil Nadu,P000846,Mahesh Shukla,VERIFIED,2020-11-24,,0,404008809440834
PH002336,9562689111,MTNL,Tamil Nadu,P000846,ADDRESS INCOMPLETE,UNVERIFIED,2018-05-11,2019-03-30,1,404067751406232
PH002337,8796184195,Airtel,Tamil Nadu,P000846,Mahesh Shukla,VERIFIED,2023-02-09,,0,404058811272576
PH002338,9962894412,Airtel,Tamil Nadu,P000846,Mahesh Shukla,VERIFIED,2024-10-02,,0,404059067875638
PH002339,8325605367,MTNL,Tamil Nadu,P000847,Yumnam Marak,VERIFIED,2022-07-05,,0,404069736145875
PH002340,8819157903,MTNL,Tamil Nadu,P000847,ADDRESS INCOMPLETE,BULK_ISSUED,2025-02-02,2025-07-13,1,404027114315131
PH002341,8447629240,MTNL,Tamil Nadu,P000847,Yumnam Marak,VERIFIED,2021-02-25,,0,404055191037203
PH002342,8616398624,MTNL,Tamil Nadu,P000847,Temjen Sangma,BULK_ISSUED,2024-10-21,2025-05-28,1,404090198871256
PH002343,8570244194,MTNL,Andhra Pradesh,P000848,Nagaraju Gupta,VERIFIED,2020-07-04,,0,404060811448789
PH002344,8730791270,Vi,Andhra Pradesh,P000848,Ramulu Choudary,FORGED_KYC,2025-12-30,2026-11-29,1,404011898161339
PH002345,7345948668,Jio,Andhra Pradesh,P000848,NOT AVAILABLE,UNVERIFIED,2023-04-14,,1,404074063701408
PH002346,8281474284,MTNL,West Bengal,P000849,Bikram Sangma,VERIFIED,2019-01-15,,0,404068583688932
PH002347,8244556044,Vi,West Bengal,P000850,Nagaraju Nallamothu,VERIFIED,2024-08-24,,0,404073420567955
PH002348,9910114432,Airtel,West Bengal,P000850,Nagaraju Nallamothu,VERIFIED,2019-12-21,,0,404082043724649
PH002349,7447626806,BSNL,West Bengal,P000850,Mallesh Kumar,FORGED_KYC,2021-05-05,2022-01-23,1,404011324094215
PH002350,7963191666,Jio,West Bengal,P000850,Nagaraju Nallamothu,VERIFIED,2023-09-02,,0,404028776892119
PH002351,7462658494,MTNL,Delhi,P000851,Ilango Subramanian,VERIFIED,2024-01-08,,0,404076931709884
PH002352,7648733504,BSNL,Delhi,P000851,Ilango Subramanian,VERIFIED,2020-04-05,,0,404064048986990
PH002353,9370709185,BSNL,Delhi,P000851,Ilango Subramanian,VERIFIED,2026-03-15,,0,404071411025418
PH002354,7632347765,Vi,Madhya Pradesh,P000852,Mallesh Kumar,VERIFIED,2020-05-28,,0,404035274605304
PH002355,8561975540,MTNL,Madhya Pradesh,P000852,Mallesh Kumar,VERIFIED,2020-04-25,,0,404026785735029
PH002356,7461862040,BSNL,Madhya Pradesh,P000852,NOT AVAILABLE,UNVERIFIED,2021-12-24,,1,404023210252907
PH002357,9965682741,BSNL,Madhya Pradesh,P000852,Ramulu Choudary,UNVERIFIED,2026-05-22,,1,404053133020706
PH002358,9365901611,Airtel,West Bengal,P000853,Rajesh Jaiswal,VERIFIED,2021-03-06,,0,404034685694598
PH002359,9964883304,Airtel,West Bengal,P000853,NOT AVAILABLE,FORGED_KYC,2022-05-07,,1,404047085988012
PH002360,7300565968,Airtel,West Bengal,P000853,ADDRESS INCOMPLETE,UNVERIFIED,2025-06-09,,1,404073142459830
PH002361,8278146562,Airtel,West Bengal,P000853,Rajesh Jaiswal,VERIFIED,2025-06-02,,0,404075912443323
PH002362,8066783131,BSNL,Madhya Pradesh,P000854,Bikram Devi,VERIFIED,2019-12-28,,0,404044890839587
PH002363,7144580474,Jio,Madhya Pradesh,P000854,ADDRESS INCOMPLETE,BULK_ISSUED,2018-08-27,,1,404015400829215
PH002364,8384674205,Vi,Madhya Pradesh,P000854,Bikram Devi,VERIFIED,2021-08-07,,0,404009882201860
PH002365,7999335402,Jio,Andhra Pradesh,P000855,Alemba Momin,VERIFIED,2021-02-26,,0,404085464675138
PH002366,8960490079,Jio,Andhra Pradesh,P000855,Alemba Momin,VERIFIED,2021-05-17,,0,404076734352909
PH002367,8586901635,MTNL,Andhra Pradesh,P000855,Alemba Momin,VERIFIED,2022-01-01,,0,404035493745967
PH002368,9591615585,MTNL,Andhra Pradesh,P000855,Zothanpuia Jamir,FORGED_KYC,2025-04-02,,1,404081017560992
PH002369,8645385353,MTNL,Delhi,P000856,Bala Gounder,VERIFIED,2019-04-27,,0,404026928520651
PH002370,9563479730,Vi,Tamil Nadu,P000857,Narsimha Vemula,VERIFIED,2018-03-01,,0,404078560785157
PH002371,7648078511,MTNL,Delhi,P000858,Randhir Nishad,VERIFIED,2024-10-11,,0,404054512447872
PH002372,7835662270,Jio,Delhi,P000858,Randhir Nishad,VERIFIED,2024-08-23,,0,404082887387724
PH002373,7879130653,Jio,Madhya Pradesh,P000859,Thangaraj Naicker,VERIFIED,2026-06-04,,0,404064310589065
PH002374,8214038912,MTNL,Madhya Pradesh,P000859,Thangaraj Naicker,VERIFIED,2025-01-20,,0,404060775937807
PH002375,8316816840,Airtel,Madhya Pradesh,P000859,Anbu Mudaliar,UNVERIFIED,2022-03-21,,1,404063970314421
PH002376,9592894012,Jio,Madhya Pradesh,P000859,Thangaraj Naicker,VERIFIED,2018-06-28,,0,404068133184339
PH002377,8176525544,BSNL,Madhya Pradesh,P000859,ADDRESS INCOMPLETE,FORGED_KYC,2024-04-01,2024-10-23,1,404042240379275
PH002378,8844025934,BSNL,Andhra Pradesh,P000860,Chandra Shekar Choudary,VERIFIED,2021-04-18,,0,404007146670217
PH002379,7048133946,Airtel,Andhra Pradesh,P000860,Chandra Shekar Choudary,VERIFIED,2021-09-28,,0,404053050569642
PH002380,7317513255,Vi,Andhra Pradesh,P000860,ADDRESS INCOMPLETE,FORGED_KYC,2021-01-20,,1,404073171543090
PH002381,8428807754,Jio,Andhra Pradesh,P000860,Krishnaiah Mudiraj,FORGED_KYC,2023-08-26,,1,404018065266189
PH002382,7004310526,MTNL,Manipur,P000861,Balbir Yadav,VERIFIED,2021-05-27,,0,404070691418112
PH002383,8750631536,Jio,Assam,P000862,Ngangbam Brahma,VERIFIED,2021-12-03,,0,404030873363350
PH002384,8040814663,Airtel,Assam,P000862,NOT AVAILABLE,FORGED_KYC,2022-10-09,,1,404013192780508
PH002385,8962428540,Jio,Delhi,P000863,Lalthanga Momin,VERIFIED,2026-05-18,,0,404068661848634
PH002386,9452478391,MTNL,Delhi,P000863,Lalthanga Momin,VERIFIED,2024-04-30,,0,404081392791970
PH002387,9387973187,BSNL,Delhi,P000863,ADDRESS INCOMPLETE,BULK_ISSUED,2020-04-15,,1,404025119817630
PH002388,7856573057,MTNL,Delhi,P000863,NOT AVAILABLE,FORGED_KYC,2021-06-08,2022-07-03,1,404075507272645
PH002389,9955632240,Airtel,Manipur,P000864,Rambabu Goud,VERIFIED,2020-03-28,,0,404051632463048
PH002390,9100526690,Airtel,West Bengal,P000865,Padma Yadav,VERIFIED,2024-10-14,,0,404009501874460
PH002391,8646964592,MTNL,West Bengal,P000865,ADDRESS INCOMPLETE,BULK_ISSUED,2024-10-09,2024-11-27,1,404028111683447
PH002392,9258556531,Jio,West Bengal,P000865,NOT AVAILABLE,BULK_ISSUED,2025-10-03,2025-11-19,1,404033504438638
PH002393,7733892181,BSNL,Andhra Pradesh,P000866,Chinnadurai Annadurai,VERIFIED,2021-08-21,,0,404054602931442
PH002394,7805952035,Jio,Andhra Pradesh,P000866,Chinnadurai Annadurai,VERIFIED,2021-11-01,,0,404024720938317
PH002395,8715331808,MTNL,Tamil Nadu,P000867,Lekhraj Bhardwaj,VERIFIED,2021-12-13,,0,404006307493408
PH002396,7907563947,Vi,Tamil Nadu,P000867,Lekhraj Bhardwaj,VERIFIED,2019-01-31,,0,404068389459738
PH002397,8161965263,Airtel,Tamil Nadu,P000867,ADDRESS INCOMPLETE,BULK_ISSUED,2018-01-15,2018-05-29,1,404011027865798
PH002398,8308085603,Vi,Tamil Nadu,P000867,NOT AVAILABLE,BULK_ISSUED,2020-11-25,,1,404067368167179
PH002399,7144033937,Vi,West Bengal,P000868,Satish Maurya,VERIFIED,2018-10-29,,0,404068238319834
PH002400,7568754095,MTNL,West Bengal,P000868,Satish Maurya,VERIFIED,2023-07-23,,0,404096617923353
PH002401,8453028835,Jio,West Bengal,P000868,Prakash Pandey,FORGED_KYC,2018-01-21,,1,404026007796666
PH002402,7918271556,Vi,Andhra Pradesh,P000869,Selvam Subramanian,VERIFIED,2018-04-01,,0,404092938053443
PH002403,9212588138,Airtel,Andhra Pradesh,P000869,ADDRESS INCOMPLETE,UNVERIFIED,2019-02-25,2020-03-18,1,404029056550406
PH002404,7133631316,Vi,Andhra Pradesh,P000869,Selvam Subramanian,VERIFIED,2019-01-30,,0,404019493365920
PH002405,8664550567,MTNL,Andhra Pradesh,P000869,ADDRESS INCOMPLETE,FORGED_KYC,2022-02-13,,1,404036257733752
PH002406,9447246318,Vi,West Bengal,P000870,Mariappan Pandian,VERIFIED,2024-06-04,,0,404018054871335
PH002407,9308686604,BSNL,West Bengal,P000871,Temjen Momin,VERIFIED,2022-01-20,,0,404068936629748
PH002408,9733856065,Airtel,Tamil Nadu,P000872,Bikram Jamir,VERIFIED,2022-05-08,,0,404069231913108
PH002409,9045645615,BSNL,Tamil Nadu,P000872,ADDRESS INCOMPLETE,BULK_ISSUED,2019-09-16,2020-09-10,1,404074507862287
PH002410,9270937789,MTNL,Tamil Nadu,P000872,NOT AVAILABLE,FORGED_KYC,2021-09-30,,1,404033549706002
PH002411,9932535473,Jio,Tamil Nadu,P000873,Bikram Basumatary,VERIFIED,2018-03-28,,0,404048031673857
PH002412,9431112480,Vi,Tamil Nadu,P000873,Bikram Basumatary,VERIFIED,2021-01-08,,0,404071185436686
PH002413,9078183011,BSNL,Assam,P000874,Ramulu Nallamothu,VERIFIED,2020-01-01,,0,404090160554575
PH002414,8024426439,MTNL,Delhi,P000875,Yumnam Rabha,VERIFIED,2018-03-15,,0,404052811454308
PH002415,8359658165,Jio,Delhi,P000875,NOT AVAILABLE,FORGED_KYC,2024-12-18,2025-06-24,1,404019623216979
PH002416,8934258136,BSNL,Madhya Pradesh,P000876,Krishnaiah Goud,VERIFIED,2020-05-14,,0,404052124101002
PH002417,9907880731,BSNL,Madhya Pradesh,P000876,Narsimha Naidu,UNVERIFIED,2022-05-27,,1,404003793537128
PH002418,8479253565,Jio,Madhya Pradesh,P000876,Krishnaiah Goud,VERIFIED,2024-08-18,,0,404091036880882
PH002419,8632300400,Airtel,Madhya Pradesh,P000876,Krishnaiah Goud,VERIFIED,2019-02-20,,0,404022062372408
PH002420,7618059564,BSNL,West Bengal,P000877,Palanisamy Annadurai,VERIFIED,2022-09-05,,0,404018573440401
PH002421,9843039285,BSNL,West Bengal,P000878,Srinivas Bandari,VERIFIED,2021-12-21,,0,404021576938531
PH002422,8620174055,MTNL,West Bengal,P000878,Mallesh Varma,UNVERIFIED,2020-03-17,,1,404044955079731
PH002423,7488580708,Airtel,West Bengal,P000878,Kondaiah Mudiraj,UNVERIFIED,2022-05-21,2023-03-09,1,404006198724261
PH002424,9411792480,BSNL,West Bengal,P000878,NOT AVAILABLE,BULK_ISSUED,2021-08-24,2022-08-13,1,404038082464131
PH002425,7402868725,MTNL,Assam,P000879,Velu Annadurai,VERIFIED,2018-03-09,,0,404054428525023
PH002426,9353413418,MTNL,Assam,P000879,NOT AVAILABLE,FORGED_KYC,2021-01-27,2021-11-04,1,404089428337526
PH002427,9379067975,Airtel,Assam,P000879,Karthik Nadar,FORGED_KYC,2018-01-07,2018-10-03,1,404036132310824
PH002428,8907380660,Jio,Assam,P000879,Velu Annadurai,VERIFIED,2026-05-16,,0,404003201734690
PH002429,9827317516,Jio,Assam,P000879,Velu Annadurai,VERIFIED,2018-05-12,,0,404076694969614
PH002430,8482347630,Vi,Andhra Pradesh,P000880,Murugan Annadurai,VERIFIED,2025-10-07,,0,404012335708232
PH002431,9365828859,BSNL,Andhra Pradesh,P000880,NOT AVAILABLE,UNVERIFIED,2021-10-31,2022-06-29,1,404022776841326
PH002432,7210855306,Airtel,Andhra Pradesh,P000880,Ilango Pandian,FORGED_KYC,2022-01-24,2022-09-05,1,404058666064630
PH002433,8816201292,Vi,Andhra Pradesh,P000880,NOT AVAILABLE,UNVERIFIED,2018-04-01,2019-02-09,1,404036109019003
PH002434,9209078899,MTNL,Tamil Nadu,P000881,Rajitha Naidu,VERIFIED,2024-05-08,,0,404004227164075
PH002435,7596668622,Jio,Tamil Nadu,P000881,NOT AVAILABLE,UNVERIFIED,2021-07-23,2022-06-03,1,404030578641970
PH002436,9741827621,BSNL,Tamil Nadu,P000881,NOT AVAILABLE,UNVERIFIED,2024-01-23,,1,404091109713331
PH002437,8495481024,Airtel,Tamil Nadu,P000881,Ramulu Yadav,UNVERIFIED,2020-06-16,2021-01-18,1,404056297994256
PH002438,8162632229,MTNL,Madhya Pradesh,P000882,Lekhraj Baghel,VERIFIED,2018-10-07,,0,404033968319159
PH002439,9523923801,BSNL,Haryana,P000883,Ravi Poojary,VERIFIED,2022-07-19,,0,404027959240897
PH002440,9914663445,Vi,Haryana,P000883,ADDRESS INCOMPLETE,UNVERIFIED,2023-12-31,2024-03-03,1,404052288850753
PH002441,8156380151,BSNL,Manipur,P000884,Wasim Mansuri,VERIFIED,2023-09-07,,0,404067316821194
PH002442,9283996004,Vi,Manipur,P000884,ADDRESS INCOMPLETE,FORGED_KYC,2019-11-18,,1,404011072570621
PH002443,9124687654,Vi,Manipur,P000884,Haroon Alam,UNVERIFIED,2022-06-23,,1,404007449932516
PH002444,7619463300,BSNL,Chhattisgarh,P000885,Nepal Halder,VERIFIED,2026-03-27,,0,404051448718794
PH002445,9774621080,Airtel,Chhattisgarh,P000885,Nepal Halder,VERIFIED,2025-12-06,,0,404067458781557
PH002446,7260418755,Airtel,Chhattisgarh,P000885,Palash Barman,UNVERIFIED,2024-03-10,,1,404090896790047
PH002447,8710106960,Vi,Assam,P000886,Rachhpal Grewal,VERIFIED,2025-12-12,,0,404006122558445
PH002448,9659038435,Airtel,Assam,P000886,Rachhpal Grewal,VERIFIED,2019-12-08,,0,404078559172974
PH002449,9365000171,BSNL,Assam,P000886,Rachhpal Grewal,VERIFIED,2018-08-06,,0,404054997939065
PH002450,8720617207,Airtel,Maharashtra,P000887,Anoop Kartha,VERIFIED,2020-01-28,,0,404003570463441
PH002451,9406456549,Airtel,Maharashtra,P000887,Sajeev Varghese,UNVERIFIED,2021-03-26,,1,404031561122352
PH002452,7048604249,Airtel,Maharashtra,P000887,Anoop Kartha,VERIFIED,2019-07-25,,0,404024547791748
PH002453,7749886179,Vi,Maharashtra,P000887,NOT AVAILABLE,BULK_ISSUED,2021-06-15,2021-10-01,1,404045729977105
PH002454,8944568164,Airtel,Andhra Pradesh,P000888,Balwinder Dhaliwal,VERIFIED,2025-03-03,,0,404006452297125
PH002455,9179863847,MTNL,Andhra Pradesh,P000888,NOT AVAILABLE,BULK_ISSUED,2020-07-28,,1,404049185057393
PH002456,8506559252,BSNL,Andhra Pradesh,P000888,ADDRESS INCOMPLETE,UNVERIFIED,2020-02-23,,1,404094388046164
PH002457,7130793094,Airtel,Andhra Pradesh,P000888,Balwinder Dhaliwal,VERIFIED,2019-11-30,,0,404002997169930
PH002458,9340462851,Jio,Haryana,P000889,Shubhangi Naik,VERIFIED,2024-04-21,,0,404012152220340
PH002459,8188257128,MTNL,Haryana,P000889,Bhaskar Rane,FORGED_KYC,2024-06-21,,1,404040519947876
PH002460,8588602416,BSNL,Andhra Pradesh,P000890,Vishal Bhosale,VERIFIED,2020-04-14,,0,404098052772805
PH002461,8123398794,MTNL,Andhra Pradesh,P000890,Vishal Bhosale,VERIFIED,2023-08-14,,0,404006692889543
PH002462,9227821230,Airtel,Goa,P000891,Hariom Nishad,VERIFIED,2022-06-25,,0,404086491465093
PH002463,7724468903,Vi,Goa,P000891,Hariom Nishad,VERIFIED,2019-09-24,,0,404061884494180
PH002464,7720405635,BSNL,Goa,P000891,Hariom Nishad,VERIFIED,2025-09-04,,0,404021837947090
PH002465,9986220065,MTNL,Goa,P000891,Hariom Nishad,VERIFIED,2018-06-26,,0,404019725960728
PH002466,7782335074,Jio,Gujarat,P000892,Rakesh Solanki,VERIFIED,2023-06-21,,0,404087492349310
PH002467,8486890326,Airtel,Gujarat,P000892,Rakesh Solanki,VERIFIED,2022-09-27,,0,404086042362512
PH002468,7746850178,Jio,Gujarat,P000892,Rakesh Solanki,VERIFIED,2023-08-02,,0,404010266594813
PH002469,9882460814,Vi,Gujarat,P000892,Rakesh Solanki,VERIFIED,2023-04-15,,0,404096819916512
PH002470,7906201015,Airtel,Rajasthan,P000893,Imran Qureshi,VERIFIED,2025-07-24,,0,404045533524745
PH002471,9941639092,Vi,Rajasthan,P000893,Imran Qureshi,VERIFIED,2023-04-18,,0,404000247142235
PH002472,7890680619,Airtel,Rajasthan,P000893,Imran Qureshi,VERIFIED,2024-05-03,,0,404087373416945
PH002473,8589174553,Airtel,Kerala,P000894,Aslam Baig,VERIFIED,2021-10-06,,0,404041987047950
PH002474,9793450650,Airtel,Kerala,P000894,ADDRESS INCOMPLETE,FORGED_KYC,2024-09-03,2025-02-09,1,404084386650286
PH002475,8031707319,MTNL,Kerala,P000894,ADDRESS INCOMPLETE,BULK_ISSUED,2025-07-10,2026-02-17,1,404035057006935
PH002476,7751240154,Jio,Tamil Nadu,P000895,Palash Ghosh,VERIFIED,2019-11-30,,0,404044662734084
PH002477,8139556309,Vi,Tamil Nadu,P000895,Nirmal Pal,FORGED_KYC,2019-06-25,,1,404041086189023
PH002478,9038647954,BSNL,Chhattisgarh,P000896,Aslam Khan,VERIFIED,2026-01-06,,0,404022573962636
PH002479,7070667487,Jio,Chhattisgarh,P000896,NOT AVAILABLE,UNVERIFIED,2025-04-25,2026-03-16,1,404055849845498
PH002480,8552551818,Jio,Chhattisgarh,P000896,Aslam Khan,VERIFIED,2018-11-19,,0,404054279463084
PH002481,9911002471,Jio,Jharkhand,P000897,Pramod Baghel,VERIFIED,2026-02-21,,0,404079711136738
PH002482,8417452595,Jio,Jharkhand,P000897,NOT AVAILABLE,UNVERIFIED,2022-11-02,,1,404099061124670
PH002483,7408665925,Vi,West Bengal,P000898,Ashok Kashyap,VERIFIED,2023-01-08,,0,404007174284281
PH002484,7716803287,BSNL,West Bengal,P000898,Ashok Kashyap,VERIFIED,2021-02-14,,0,404031403126667
PH002485,8300966699,Jio,West Bengal,P000898,ADDRESS INCOMPLETE,BULK_ISSUED,2018-06-13,,1,404043447894537
PH002486,9160677898,MTNL,West Bengal,P000898,ADDRESS INCOMPLETE,BULK_ISSUED,2018-12-04,,1,404092905978461
PH002487,8075489470,Vi,Rajasthan,P000899,Pradeep Pandey,VERIFIED,2022-05-05,,0,404007939399996
PH002488,9244892130,BSNL,Rajasthan,P000899,Pradeep Pandey,VERIFIED,2021-06-06,,0,404056047482814
PH002489,9630315226,Jio,Rajasthan,P000899,ADDRESS INCOMPLETE,FORGED_KYC,2020-03-31,,1,404077286663437
PH002490,9023338895,Vi,Kerala,P000900,Sagar Bhosale,VERIFIED,2020-11-09,,0,404024110054964
PH002491,9913238790,Airtel,Madhya Pradesh,P000901,Yogesh Rane,VERIFIED,2021-02-26,,0,404044388645780
PH002492,9025936980,BSNL,Madhya Pradesh,P000901,Yogesh Rane,VERIFIED,2020-11-30,,0,404029786206667
PH002493,7615644922,BSNL,Madhya Pradesh,P000901,ADDRESS INCOMPLETE,FORGED_KYC,2020-10-22,2020-12-01,1,404061825018122
PH002494,9811162497,MTNL,Madhya Pradesh,P000901,Yogesh Rane,VERIFIED,2023-11-23,,0,404052430430380
PH002495,9212163533,Vi,Madhya Pradesh,P000901,Yogesh Rane,VERIFIED,2025-09-27,,0,404027168713199
PH002496,9186649499,Vi,Madhya Pradesh,P000902,Manjunath Desai,VERIFIED,2019-04-06,,0,404034084183499
PH002497,7068022409,Vi,Odisha,P000903,Lekhraj Srivastava,VERIFIED,2025-11-02,,0,404012058760219
PH002498,8888383437,Vi,Odisha,P000903,Lekhraj Srivastava,VERIFIED,2025-02-23,,0,404097906924822
PH002499,9956349726,MTNL,Uttarakhand,P000904,Bhagaban Patra,VERIFIED,2020-03-09,,0,404052791673906
PH002500,9800449536,Airtel,Uttarakhand,P000904,NOT AVAILABLE,BULK_ISSUED,2023-10-10,2024-05-17,1,404007480167995
PH002501,8933804077,Airtel,Uttarakhand,P000904,NOT AVAILABLE,UNVERIFIED,2020-05-31,2021-03-18,1,404031937395556
PH002502,8569067488,Airtel,Bihar,P000905,Amarjit Kang,VERIFIED,2020-04-03,,0,404026145218919
PH002503,7549095960,Airtel,Delhi,P000906,Palanisamy Gounder,VERIFIED,2024-09-11,,0,404080867400157
PH002504,9730850353,MTNL,Bihar,P000907,Ashim Gayen,VERIFIED,2021-07-29,,0,404041410479610
PH002505,8044852068,Vi,Bihar,P000907,Bikash Mondal,FORGED_KYC,2024-08-23,,1,404008924950762
PH002506,9229247242,Jio,Gujarat,P000908,Harpreet Sidhu,VERIFIED,2020-01-10,,0,404006991089345
PH002507,7425865608,BSNL,Gujarat,P000908,ADDRESS INCOMPLETE,UNVERIFIED,2023-06-20,,1,404003610512672
PH002508,8357337135,Jio,Gujarat,P000908,Karamjit Mann,BULK_ISSUED,2025-11-02,2025-12-15,1,404047648313066
PH002509,8861958249,BSNL,Gujarat,P000908,ADDRESS INCOMPLETE,BULK_ISSUED,2025-07-13,2025-08-12,1,404070009905232
PH002510,7029602755,Vi,Punjab,P000909,Balwinder Sidhu,VERIFIED,2026-04-27,,0,404089735769919
PH002511,8268484210,Vi,Chhattisgarh,P000910,Ranjan Sardar,VERIFIED,2025-11-20,,0,404088554617008
PH002512,7893100062,Airtel,Chhattisgarh,P000910,Ranjan Sardar,VERIFIED,2024-08-30,,0,404095948894461
PH002513,8232761507,Airtel,Chhattisgarh,P000910,NOT AVAILABLE,BULK_ISSUED,2020-02-14,2020-03-08,1,404054035735879
PH002514,9072651097,MTNL,Odisha,P000911,Pradeep Maurya,VERIFIED,2026-06-10,,0,404088038750132
PH002515,9447538433,Airtel,Odisha,P000911,Pradeep Maurya,VERIFIED,2021-06-29,,0,404041602518510
PH002516,9626861864,BSNL,Odisha,P000911,Mukesh Dubey,FORGED_KYC,2024-10-21,,1,404089284872551
PH002517,7675360577,MTNL,Delhi,P000912,Ajay Jaiswal,VERIFIED,2019-06-17,,0,404037632015599
PH002518,9091732543,Airtel,Delhi,P000912,ADDRESS INCOMPLETE,UNVERIFIED,2022-08-08,,1,404056700786211
PH002519,9343128700,Airtel,Odisha,P000913,Sandip Bhoir,VERIFIED,2023-03-31,,0,404036988926920
PH002520,7382021317,Vi,Jharkhand,P000914,Shivanna Angadi,VERIFIED,2023-03-04,,0,404098531643490
PH002521,7242187879,Vi,Jharkhand,P000914,ADDRESS INCOMPLETE,UNVERIFIED,2020-05-20,2020-12-15,1,404096195702579
PH002522,7573352948,Vi,Maharashtra,P000915,Ibrahim Qureshi,VERIFIED,2019-06-26,,0,404009402399720
PH002523,7509932021,BSNL,Maharashtra,P000915,Nadeem Saifi,BULK_ISSUED,2019-09-13,,1,404088629660905
PH002524,8978469239,Jio,Maharashtra,P000915,Aslam Sheikh,FORGED_KYC,2023-06-23,,1,404080511745991
PH002525,9511129253,Jio,Maharashtra,P000916,Anil Gupta,VERIFIED,2023-12-03,,0,404021355825480
PH002526,9834123194,MTNL,Maharashtra,P000916,ADDRESS INCOMPLETE,BULK_ISSUED,2025-02-27,,1,404024742024047
PH002527,8978181436,Jio,Punjab,P000917,Gurpreet Mann,VERIFIED,2018-10-28,,0,404063501916171
PH002528,9367354547,BSNL,Punjab,P000917,Gurpreet Mann,VERIFIED,2024-03-13,,0,404033399049789
PH002529,9158363234,MTNL,Uttarakhand,P000918,Deepak Awasthi,VERIFIED,2020-01-19,,0,404056188029445
PH002530,9822823247,Jio,Uttarakhand,P000918,Sandeep Gupta,FORGED_KYC,2024-02-03,2024-10-27,1,404059873172600
PH002531,8022077887,MTNL,Uttarakhand,P000918,Kuldeep Singh,BULK_ISSUED,2022-11-27,2023-02-09,1,404018810834013
PH002532,9499854215,Jio,Assam,P000919,Sreenivasan Achari,VERIFIED,2023-01-19,,0,404013914961274
PH002533,7800247129,BSNL,Manipur,P000920,Aruna Yadav,VERIFIED,2020-09-08,,0,404087045751746
PH002534,8700126236,Airtel,Manipur,P000920,Chandra Shekar Varma,FORGED_KYC,2023-09-24,,1,404051253445288
PH002535,7205766381,Airtel,Jharkhand,P000921,Reshma Rahman,VERIFIED,2025-07-06,,0,404094305578293
PH002536,7608916548,Vi,Madhya Pradesh,P000922,Jignesh Parmar,VERIFIED,2025-09-12,,0,404056540381653
PH002537,7752654920,Vi,Madhya Pradesh,P000922,Bharat Vaghela,FORGED_KYC,2026-03-31,,1,404037452717121
PH002538,8879980744,Vi,Maharashtra,P000923,Sarfaraz Farooqui,VERIFIED,2018-06-17,,0,404085819661835
PH002539,9019999729,Jio,Maharashtra,P000923,ADDRESS INCOMPLETE,BULK_ISSUED,2022-04-08,2022-12-29,1,404042944105560
PH002540,7533310956,Airtel,Maharashtra,P000923,Sarfaraz Farooqui,VERIFIED,2026-02-22,,0,404058122589789
PH002541,7400072620,MTNL,Tamil Nadu,P000924,Aarti Waghmare,VERIFIED,2024-06-13,,0,404086182069446
PH002542,7807583352,BSNL,Tamil Nadu,P000924,NOT AVAILABLE,BULK_ISSUED,2026-02-18,,1,404014906323753
PH002543,8392832759,Airtel,Tamil Nadu,P000924,Aarti Waghmare,VERIFIED,2023-12-09,,0,404085203723107
PH002544,8298825752,Airtel,Haryana,P000925,Sachin Naik,VERIFIED,2024-12-11,,0,404038659688364
PH002545,9172628228,BSNL,Haryana,P000925,Sachin Naik,VERIFIED,2025-08-19,,0,404057195929007
PH002546,7500038867,Vi,Haryana,P000925,Sandip More,FORGED_KYC,2023-03-17,2023-06-30,1,404021308121373
PH002547,8018134410,BSNL,Haryana,P000925,Sachin Naik,VERIFIED,2023-11-18,,0,404096826567332
PH002548,9590661493,BSNL,Uttar Pradesh,P000926,Mariappan Annadurai,VERIFIED,2019-10-29,,0,404007416194179
PH002549,9671451663,Jio,Uttar Pradesh,P000926,Mariappan Annadurai,VERIFIED,2021-12-27,,0,404005492155624
PH002550,9464816031,Jio,Uttar Pradesh,P000926,ADDRESS INCOMPLETE,BULK_ISSUED,2023-06-25,2024-01-20,1,404034459185285
PH002551,9028683196,Jio,Maharashtra,P000927,Mangesh Salunkhe,VERIFIED,2023-07-25,,0,404045191850489
PH002552,8942421987,Airtel,Maharashtra,P000927,ADDRESS INCOMPLETE,UNVERIFIED,2023-06-26,2024-06-07,1,404090884636455
PH002553,8228351976,Airtel,Maharashtra,P000927,Mangesh Salunkhe,VERIFIED,2023-03-06,,0,404004672619072
PH002554,8059060640,Vi,Maharashtra,P000927,ADDRESS INCOMPLETE,BULK_ISSUED,2023-12-22,,1,404049861194470
PH002555,9989969852,Airtel,Maharashtra,P000927,Mangesh Salunkhe,VERIFIED,2026-05-08,,0,404098216234624
PH002556,9058187727,BSNL,Goa,P000928,Vijay Sengar,VERIFIED,2021-12-03,,0,404027116057255
PH002557,7403142217,Airtel,Goa,P000928,NOT AVAILABLE,UNVERIFIED,2023-01-14,2023-03-21,1,404003826581609
PH002558,9764700263,Jio,Jharkhand,P000929,Nitin Patil,VERIFIED,2023-02-05,,0,404042033243023
PH002559,8420693649,Airtel,Jharkhand,P000929,Amol Deshmukh,UNVERIFIED,2026-06-18,,1,404017636805675
PH002560,7674058491,Vi,Jharkhand,P000929,Nitin Patil,VERIFIED,2021-02-17,,0,404022902925837
PH002561,8386696882,Airtel,Tamil Nadu,P000930,Yallappa Acharya,VERIFIED,2023-02-17,,0,404075927311809
PH002562,9205128066,Jio,Jammu and Kashmir,P000931,Jagdish Sengar,VERIFIED,2020-03-10,,0,404008511133929
PH002563,8363954216,Jio,Maharashtra,P000932,Chandrabhan Baghel,VERIFIED,2018-09-07,,0,404017773752902
PH002564,7417047758,Jio,Maharashtra,P000932,Sandeep Rajput,UNVERIFIED,2020-09-18,2021-05-04,1,404037435497129
PH002565,8476057129,MTNL,Maharashtra,P000932,ADDRESS INCOMPLETE,UNVERIFIED,2025-07-16,2026-01-01,1,404073469062897
PH002566,9639378812,Airtel,Kerala,P000933,Sajid Zaidi,VERIFIED,2020-11-24,,0,404034920683465
PH002567,8301153546,Vi,Kerala,P000933,Sajid Zaidi,VERIFIED,2018-12-08,,0,404089691244373
PH002568,7844344461,BSNL,Kerala,P000933,Sajid Zaidi,VERIFIED,2025-08-08,,0,404092346677058
PH002569,8393970019,Airtel,Jharkhand,P000934,Bikash Mistry,VERIFIED,2022-05-05,,0,404059993761622
PH002570,9364657883,MTNL,Jharkhand,P000934,Bikash Mistry,VERIFIED,2024-07-31,,0,404065408403160
PH002571,7186182181,Jio,Jharkhand,P000934,Bikash Mistry,VERIFIED,2026-01-28,,0,404095139766865
PH002572,9917642044,Jio,Jharkhand,P000934,Pradip Gayen,UNVERIFIED,2018-12-02,2019-12-28,1,404097311581585
PH002573,8923232694,Airtel,Telangana,P000935,Bhanwar Charan,VERIFIED,2023-11-29,,0,404073422541451
PH002574,7073906200,Jio,Manipur,P000936,Rajesh Awasthi,VERIFIED,2019-03-22,,0,404004647159983
PH002575,9847198132,Jio,Manipur,P000936,Rajesh Awasthi,VERIFIED,2022-12-17,,0,404018054109044
PH002576,8005258289,Vi,Manipur,P000936,Rajesh Awasthi,VERIFIED,2022-10-07,,0,404095798023919
PH002577,9922330465,BSNL,Manipur,P000936,Sunil Nagar,FORGED_KYC,2021-07-10,2021-09-16,1,404074042255901
PH002578,9138859998,Vi,Odisha,P000937,Vipul Rabari,VERIFIED,2019-07-17,,0,404018733750205
PH002579,9995226843,BSNL,Odisha,P000937,Vipul Rabari,VERIFIED,2021-12-11,,0,404015536843494
PH002580,9450090860,Vi,Odisha,P000937,ADDRESS INCOMPLETE,BULK_ISSUED,2026-02-28,,1,404089158593503
PH002581,8295651402,Jio,Chhattisgarh,P000938,Shanti Tomar,VERIFIED,2019-09-07,,0,404085867059029
PH002582,7845075063,MTNL,Assam,P000939,Chandru Shetty,VERIFIED,2019-12-23,,0,404057642549964
PH002583,7963310987,Vi,Assam,P000939,Chandru Shetty,VERIFIED,2023-08-17,,0,404094846606363
PH002584,9495029155,Vi,Odisha,P000940,Mitesh Solanki,VERIFIED,2025-06-21,,0,404091390527416
PH002585,9066073981,Airtel,Odisha,P000940,Mitesh Solanki,VERIFIED,2022-07-05,,0,404091086628681
PH002586,7855597055,BSNL,Chhattisgarh,P000941,Bhagaban Mallick,VERIFIED,2019-04-29,,0,404004473170720
PH002587,8051889908,MTNL,Chhattisgarh,P000941,Bhagaban Mallick,VERIFIED,2019-04-15,,0,404070128477717
PH002588,8429496398,MTNL,Tamil Nadu,P000942,Rambabu Yadav,VERIFIED,2025-02-18,,0,404052296517414
PH002589,9509018886,MTNL,Tamil Nadu,P000942,Rambabu Yadav,VERIFIED,2023-02-28,,0,404002328946153
PH002590,8423903726,MTNL,Tamil Nadu,P000942,Rambabu Yadav,VERIFIED,2020-06-02,,0,404083610855171
PH002591,8540064411,MTNL,Tamil Nadu,P000942,Rambabu Yadav,VERIFIED,2018-01-25,,0,404078307188051
PH002592,9827916026,BSNL,Odisha,P000943,Ashfaq Farooqui,VERIFIED,2020-01-02,,0,404034790847302
PH002593,8952045670,Airtel,Odisha,P000943,Sajid Mirza,FORGED_KYC,2018-08-28,2019-06-15,1,404064413539315
PH002594,8454824122,Jio,Odisha,P000943,Ashfaq Farooqui,VERIFIED,2025-11-07,,0,404057148090973
PH002595,7388760897,Vi,West Bengal,P000944,Siddaraju Patil,VERIFIED,2026-04-07,,0,404038018901441
PH002596,7161295639,Jio,Kerala,P000945,Bhaskar Dalvi,VERIFIED,2023-03-31,,0,404083969919435
PH002597,7155412216,MTNL,Kerala,P000945,Bhaskar Dalvi,VERIFIED,2025-07-08,,0,404069362422666
PH002598,9092361062,MTNL,Kerala,P000945,Bhaskar Dalvi,VERIFIED,2020-01-27,,0,404057393795881
PH002599,8551371393,BSNL,Kerala,P000945,Bhaskar Dalvi,VERIFIED,2023-08-28,,0,404025953773180
PH002600,9114370629,Vi,Uttar Pradesh,P000946,Rajni Awasthi,VERIFIED,2024-07-20,,0,404033331867679
PH002601,9463196246,Airtel,Andhra Pradesh,P000947,Ratheesh Kurup,VERIFIED,2019-08-31,,0,404019751035894
PH002602,7328942924,Jio,Andhra Pradesh,P000947,Baiju Warrier,FORGED_KYC,2021-09-08,,1,404094260834763
PH002603,9087844412,Jio,Andhra Pradesh,P000947,Ratheesh Kurup,VERIFIED,2019-04-30,,0,404059718785725
PH002604,7018333194,Jio,Andhra Pradesh,P000947,Ratheesh Kurup,VERIFIED,2020-11-14,,0,404021530662660
PH002605,7326571470,Vi,Goa,P000948,Xavier Almeida,VERIFIED,2024-06-22,,0,404001163223121
PH002606,8988054122,Airtel,Delhi,P000949,Sudha Singh,VERIFIED,2023-09-21,,0,404014338700407
PH002607,8707095000,BSNL,Delhi,P000949,NOT AVAILABLE,BULK_ISSUED,2018-03-12,2018-05-05,1,404055182207707
PH002608,9636860283,Jio,Andhra Pradesh,P000950,Nirmal Sardar,VERIFIED,2020-09-05,,0,404096671261709
PH002609,9939886133,MTNL,Andhra Pradesh,P000950,Nirmal Sardar,VERIFIED,2023-11-30,,0,404040032430942
PH002610,8198940399,Jio,Andhra Pradesh,P000950,Nirmal Sardar,VERIFIED,2025-10-29,,0,404004313567215
PH002611,7746804081,Airtel,Manipur,P000951,Nathu Ranawat,VERIFIED,2020-04-16,,0,404065490644048
PH002612,9076100537,Airtel,Manipur,P000951,Nathu Ranawat,VERIFIED,2020-09-22,,0,404077587093318
PH002613,9928381403,BSNL,Manipur,P000951,NOT AVAILABLE,UNVERIFIED,2018-10-15,2019-10-25,1,404055443829840
PH002614,8065642691,Vi,Jammu and Kashmir,P000952,Paresh Shah,VERIFIED,2023-09-15,,0,404046826212459
PH002615,9725995690,Jio,Jammu and Kashmir,P000952,Ketan Zala,FORGED_KYC,2021-04-04,2021-11-05,1,404092346541343
PH002616,9931048986,Vi,Odisha,P000953,Bibhuti Behera,VERIFIED,2018-06-17,,0,404041632399998
PH002617,7772896458,Jio,Odisha,P000953,NOT AVAILABLE,FORGED_KYC,2022-01-18,,1,404055066424280
PH002618,9702059662,Vi,Odisha,P000953,Jagabandhu Patra,UNVERIFIED,2020-09-03,2020-12-27,1,404050872983081
PH002619,8148102365,Airtel,Odisha,P000953,NOT AVAILABLE,FORGED_KYC,2020-03-12,2021-01-26,1,404058333057941
PH002620,7206646058,BSNL,Jammu and Kashmir,P000954,Rekha Sengar,VERIFIED,2021-05-28,,0,404072941540976
PH002621,8944137877,MTNL,Gujarat,P000955,Balaraju Nallamothu,VERIFIED,2026-04-02,,0,404034301412743
PH002622,7207621172,Airtel,Gujarat,P000955,Balaraju Nallamothu,VERIFIED,2020-01-14,,0,404088293753602
PH002623,8609257918,BSNL,Gujarat,P000955,Balaraju Naidu,FORGED_KYC,2025-03-30,,1,404091663040970
PH002624,9500279553,Airtel,Gujarat,P000955,Balaraju Nallamothu,VERIFIED,2019-08-05,,0,404072936272326
PH002625,8929964341,BSNL,Tamil Nadu,P000956,Bhaskar Kadam,VERIFIED,2023-03-07,,0,404012446223126
PH002626,7868683076,Vi,Tamil Nadu,P000956,Bhaskar Kadam,VERIFIED,2021-04-18,,0,404046564655385
PH002627,8636989473,BSNL,Tamil Nadu,P000956,Bhaskar Kadam,VERIFIED,2025-12-20,,0,404066601960349
PH002628,8997349634,MTNL,Madhya Pradesh,P000957,Harjinder Sekhon,VERIFIED,2026-03-06,,0,404026507863664
PH002629,7748447735,MTNL,Madhya Pradesh,P000957,Harjinder Sekhon,VERIFIED,2018-07-21,,0,404093782266094
PH002630,9251288161,Airtel,Assam,P000958,Bhupendra Srivastava,VERIFIED,2019-05-01,,0,404035993919487
PH002631,7770964729,Vi,Odisha,P000959,Mitesh Rabari,VERIFIED,2018-08-17,,0,404077739078975
PH002632,9619751679,Airtel,Odisha,P000959,Mitesh Rabari,VERIFIED,2022-08-03,,0,404094571665794
PH002633,8465524119,Airtel,Madhya Pradesh,P000960,Sushila Jat,VERIFIED,2024-04-12,,0,404068868314676
PH002634,7025767639,Vi,Madhya Pradesh,P000960,Sushila Jat,VERIFIED,2023-06-09,,0,404048464316294
PH002635,8133241095,Jio,Punjab,P000961,Rambabu Tomar,VERIFIED,2018-05-20,,0,404060092739206
PH002636,8178774621,Vi,Punjab,P000961,Rambabu Tomar,VERIFIED,2025-11-16,,0,404042426444519
PH002637,7915778314,Airtel,Punjab,P000961,Rambabu Tomar,VERIFIED,2024-07-25,,0,404086054541703
PH002638,8147592291,Airtel,Tamil Nadu,P000962,Divyesh Bhatt,VERIFIED,2020-10-20,,0,404041223012127
PH002639,7491322413,BSNL,Tamil Nadu,P000962,Divyesh Bhatt,VERIFIED,2022-06-02,,0,404010214613288
PH002640,7363988722,Jio,Tamil Nadu,P000962,ADDRESS INCOMPLETE,UNVERIFIED,2018-11-17,,1,404013151614200
PH002641,8558970477,MTNL,Tamil Nadu,P000962,Ashwin Dave,FORGED_KYC,2026-03-30,2026-05-15,1,404043087861030
PH002642,7180692177,Airtel,Punjab,P000963,Sandip Bhoir,VERIFIED,2021-03-03,,0,404068150359692
PH002643,9084305627,MTNL,Punjab,P000963,ADDRESS INCOMPLETE,BULK_ISSUED,2022-09-13,2023-09-27,1,404073537264792
PH002644,9436042351,Vi,Punjab,P000963,Sandip Bhoir,VERIFIED,2018-07-08,,0,404078733148774
PH002645,9538146893,BSNL,Punjab,P000963,NOT AVAILABLE,BULK_ISSUED,2024-01-31,2024-11-12,1,404061816263613
PH002646,7176203952,BSNL,Gujarat,P000964,Kiran Waghmare,VERIFIED,2020-03-04,,0,404018965074742
PH002647,7100666376,MTNL,Karnataka,P000965,Nabam Konyak,VERIFIED,2018-09-06,,0,404011158660329
PH002648,8847575809,MTNL,Karnataka,P000965,NOT AVAILABLE,FORGED_KYC,2026-02-08,,1,404099755807537
PH002649,8212635425,Airtel,Karnataka,P000965,Nabam Konyak,VERIFIED,2024-05-25,,0,404006448310742
PH002650,8014739008,Jio,Madhya Pradesh,P000966,Sarita Tiwari,VERIFIED,2020-06-03,,0,404045636661011
PH002651,7332903634,BSNL,Madhya Pradesh,P000966,NOT AVAILABLE,BULK_ISSUED,2023-05-16,,1,404040606032876
PH002652,9124233993,Vi,Madhya Pradesh,P000966,Sarita Tiwari,VERIFIED,2021-09-29,,0,404034091408744
PH002653,8953225578,Vi,Madhya Pradesh,P000966,NOT AVAILABLE,FORGED_KYC,2021-12-28,2022-12-26,1,404049120979648
PH002654,8434635872,Jio,Goa,P000967,Jagmal Saini,VERIFIED,2025-05-25,,0,404040723417656
PH002655,9410517736,Airtel,Goa,P000967,Jagmal Saini,VERIFIED,2018-02-28,,0,404075125116076
PH002656,7441448784,BSNL,Odisha,P000968,Ganesh Pawar,VERIFIED,2021-05-17,,0,404094387572527
PH002657,7467741413,Jio,Tamil Nadu,P000969,Aslam Ansari,VERIFIED,2023-06-12,,0,404090444028070
PH002658,9670513600,Airtel,Tamil Nadu,P000969,NOT AVAILABLE,UNVERIFIED,2018-03-10,2018-07-24,1,404073295667188
PH002659,7604181867,Vi,Tamil Nadu,P000969,Aslam Ansari,VERIFIED,2020-11-15,,0,404097990474736
PH002660,9580208413,BSNL,Andhra Pradesh,P000970,Ashfaq Saifi,VERIFIED,2021-10-01,,0,404012625950688
PH002661,7892060901,Airtel,Andhra Pradesh,P000970,ADDRESS INCOMPLETE,UNVERIFIED,2023-11-25,2024-04-04,1,404087238146430
PH002662,8435315294,BSNL,Andhra Pradesh,P000970,ADDRESS INCOMPLETE,UNVERIFIED,2019-12-27,2020-05-09,1,404015461241034
PH002663,7479507076,MTNL,Haryana,P000971,Bimal Adhikari,VERIFIED,2021-03-15,,0,404068515079596
PH002664,7943667770,Jio,Haryana,P000971,NOT AVAILABLE,FORGED_KYC,2020-06-02,2020-12-24,1,404093839945150
PH002665,9807016465,Jio,Haryana,P000972,Prakash Rai,VERIFIED,2020-09-16,,0,404041244568082
PH002666,9947340035,Airtel,Haryana,P000972,Prakash Rai,VERIFIED,2026-03-02,,0,404093210080452
PH002667,9459249088,MTNL,Haryana,P000972,ADDRESS INCOMPLETE,BULK_ISSUED,2019-08-28,,1,404087299148453
PH002668,7915715796,BSNL,Chhattisgarh,P000973,Shabana Pathan,VERIFIED,2019-02-14,,0,404099569720700
PH002669,8755915728,Airtel,Chhattisgarh,P000973,Shabana Pathan,VERIFIED,2020-05-18,,0,404096530065711
PH002670,7265587594,BSNL,Chhattisgarh,P000973,ADDRESS INCOMPLETE,UNVERIFIED,2024-03-04,2025-02-14,1,404008826192571
PH002671,7280619051,Vi,Chhattisgarh,P000973,Shakeel Saifi,FORGED_KYC,2024-09-27,2025-10-26,1,404017296611871
PH002672,7196979868,Jio,West Bengal,P000974,Netrapal Tiwari,VERIFIED,2020-03-08,,0,404076526152005
PH002673,9615772521,Vi,Rajasthan,P000975,Rajwinder Sidhu,VERIFIED,2024-11-28,,0,404060599777533
PH002674,7680008549,MTNL,Maharashtra,P000976,Snehal Bhosale,VERIFIED,2023-02-27,,0,404088101589662
PH002675,7387014280,Vi,Maharashtra,P000976,Snehal Bhosale,VERIFIED,2019-02-07,,0,404075934933310
PH002676,8097052462,BSNL,Maharashtra,P000976,Snehal Bhosale,VERIFIED,2023-02-23,,0,404028718633281
PH002677,7697758980,MTNL,Haryana,P000977,Rahul More,VERIFIED,2025-05-20,,0,404039250708986
PH002678,7673707334,Jio,Haryana,P000977,ADDRESS INCOMPLETE,BULK_ISSUED,2024-03-20,,1,404057413773480
PH002679,7463236545,Vi,Maharashtra,P000978,Kuldeep Thakur,VERIFIED,2019-03-12,,0,404004093708474
PH002680,9251351306,BSNL,Maharashtra,P000978,Rambabu Nishad,FORGED_KYC,2024-03-02,2024-05-29,1,404008378684199
PH002681,7581661775,Vi,Karnataka,P000979,Zubair Khan,VERIFIED,2019-02-06,,0,404087517243180
PH002682,7266516078,Vi,Tamil Nadu,P000980,Manikandan Subramanian,VERIFIED,2018-04-02,,0,404039033231602
PH002683,9767278350,Jio,Karnataka,P000981,Ibrahim Shaikh,VERIFIED,2021-04-02,,0,404070984589300
PH002684,8516265926,MTNL,Karnataka,P000981,ADDRESS INCOMPLETE,FORGED_KYC,2025-02-06,2025-09-18,1,404010559541988
PH002685,8977901681,MTNL,Uttar Pradesh,P000982,Nirmal Sarkar,VERIFIED,2024-12-17,,0,404093809695244
PH002686,8486528292,Airtel,Uttar Pradesh,P000982,Anup Gayen,BULK_ISSUED,2020-01-13,2020-03-18,1,404013503049184
PH002687,8610186599,BSNL,Uttar Pradesh,P000982,ADDRESS INCOMPLETE,FORGED_KYC,2021-05-07,2021-08-30,1,404039933923603
PH002688,9626703308,BSNL,Uttar Pradesh,P000982,ADDRESS INCOMPLETE,FORGED_KYC,2020-06-28,,1,404074987536997
PH002689,7972301466,Vi,Punjab,P000983,Rodney Fernandes,VERIFIED,2023-07-23,,0,404005713510961
PH002690,7341298062,BSNL,Punjab,P000983,Rodney Fernandes,VERIFIED,2023-03-12,,0,404070950688356
PH002691,7592579111,Vi,Punjab,P000983,Rodney Fernandes,VERIFIED,2026-01-01,,0,404046330987173
PH002692,8622240146,Vi,Chhattisgarh,P000984,Manju Awasthi,VERIFIED,2024-11-30,,0,404002483707899
PH002693,9424370529,Vi,Manipur,P000985,Arindam Chakraborty,VERIFIED,2024-09-07,,0,404043842207582
PH002694,9006535123,MTNL,Manipur,P000985,NOT AVAILABLE,UNVERIFIED,2019-02-20,2019-11-13,1,404052182554104
PH002695,8479437113,Vi,Uttar Pradesh,P000986,Venkatesh Setty,VERIFIED,2020-05-28,,0,404094933518422
PH002696,9832822200,Jio,Kerala,P000987,Karni Gurjar,VERIFIED,2018-04-06,,0,404076382544865
PH002697,9101502471,BSNL,Kerala,P000987,NOT AVAILABLE,UNVERIFIED,2022-06-02,2023-02-26,1,404073634593605
PH002698,9333902383,Vi,Kerala,P000987,ADDRESS INCOMPLETE,UNVERIFIED,2022-08-30,,1,404059549490604
PH002699,8682546310,Jio,Tamil Nadu,P000988,Bikramjit Sandhu,VERIFIED,2021-10-14,,0,404030570767485
PH002700,8968029562,Airtel,Tamil Nadu,P000988,Bikramjit Sandhu,VERIFIED,2024-02-10,,0,404089505216792
PH002701,8566726677,Jio,Bihar,P000989,Basanta Patra,VERIFIED,2024-12-10,,0,404045316733086
PH002702,7925050342,Airtel,Uttarakhand,P000990,Ravi Naik,VERIFIED,2018-05-22,,0,404005952445580
PH002703,7891191602,Jio,Uttarakhand,P000990,NOT AVAILABLE,UNVERIFIED,2018-03-27,,1,404007008638020
PH002704,8154566262,Jio,Delhi,P000991,Nathu Beniwal,VERIFIED,2020-03-13,,0,404041876283917
PH002705,7587158577,MTNL,Uttarakhand,P000992,Murugan Annadurai,VERIFIED,2023-12-09,,0,404089296509092
PH002706,7671847072,Airtel,Uttarakhand,P000992,Murugan Annadurai,VERIFIED,2025-10-24,,0,404053075158485
PH002707,8413915835,BSNL,Assam,P000993,Gurpreet Dhillon,VERIFIED,2022-09-10,,0,404093840953745
PH002708,9341520837,Vi,Assam,P000993,Gurpreet Dhillon,VERIFIED,2023-05-05,,0,404099827464755
PH002709,7382595684,Vi,Assam,P000993,Malkiat Sandhu,BULK_ISSUED,2023-10-09,2024-06-14,1,404038883075897
PH002710,9680606526,Vi,Assam,P000993,Gurpreet Dhillon,VERIFIED,2021-04-11,,0,404005500244587
PH002711,8708465574,Airtel,Rajasthan,P000994,Jasbir Virk,VERIFIED,2022-04-29,,0,404081784219763
PH002712,9648198877,MTNL,Jammu and Kashmir,P000995,Dinesh Yadav,VERIFIED,2020-07-28,,0,404041595539525
PH002713,7577315729,Airtel,Assam,P000996,Udaiveer Thakur,VERIFIED,2021-03-14,,0,404094139125543
PH002714,9100918539,Vi,Assam,P000996,Udaiveer Thakur,VERIFIED,2018-04-23,,0,404050327453388
PH002715,8742321799,MTNL,Telangana,P000997,Pradip Majumdar,VERIFIED,2018-12-15,,0,404000212555371
PH002716,8288720903,Vi,Telangana,P000997,Pradip Majumdar,VERIFIED,2022-01-25,,0,404037981899967
PH002717,7007777692,MTNL,Telangana,P000997,NOT AVAILABLE,BULK_ISSUED,2026-06-08,2026-12-03,1,404092375411904
PH002718,9252832483,Vi,Jammu and Kashmir,P000998,Kalpesh Prajapati,VERIFIED,2020-11-07,,0,404027634723066
PH002719,8457233218,MTNL,Jharkhand,P000999,Satish Rathore,VERIFIED,2024-04-24,,0,404044223354483
PH002720,8772972114,Vi,Uttar Pradesh,P001000,Bhagya Angadi,VERIFIED,2018-06-20,,0,404097705506418
PH002721,8360779329,Airtel,Uttar Pradesh,P001000,Bhagya Angadi,VERIFIED,2018-08-09,,0,404060955930690
PH002722,7025515015,BSNL,Uttar Pradesh,P001000,ADDRESS INCOMPLETE,FORGED_KYC,2018-12-31,,1,404096489225169
PH002723,7621644712,Airtel,Uttar Pradesh,P001000,Bhagya Angadi,VERIFIED,2025-12-12,,0,404057895632760
PH002724,8489088379,BSNL,Chhattisgarh,P001001,Trilochan Swain,VERIFIED,2025-03-13,,0,404071811496181
PH002725,7824839121,Vi,Kerala,P001002,Suman Sisodia,VERIFIED,2023-12-05,,0,404078014713262
PH002726,8120674097,MTNL,Haryana,P001003,Rachna Baghel,VERIFIED,2024-10-28,,0,404021247535710
PH002727,7894939387,Jio,Odisha,P001004,Manjunath Bhat,VERIFIED,2019-01-04,,0,404066986286055
PH002728,7224025274,MTNL,Karnataka,P001005,Aslam Mansuri,VERIFIED,2018-12-31,,0,404015882421918
PH002729,7009877347,MTNL,Uttarakhand,P001006,Kavya Raju,VERIFIED,2022-05-13,,0,404097554798534
PH002730,8422831120,BSNL,Tamil Nadu,P001007,Naseer Saifi,VERIFIED,2025-12-31,,0,404045802610502
PH002731,9951010472,BSNL,Gujarat,P001008,Yasmin Alam,VERIFIED,2021-09-29,,0,404039667659215
PH002732,7990238537,Airtel,Karnataka,P001009,Balbir Prajapati,VERIFIED,2018-09-22,,0,404099717747795
PH002733,7862638065,Jio,Tamil Nadu,P001010,Tarsem Sidhu,VERIFIED,2021-11-26,,0,404095123770705
PH002734,7351191465,Jio,Delhi,P001011,Pushpalatha Bellad,VERIFIED,2023-05-26,,0,404012633934766
PH002735,8123372029,BSNL,Assam,P001012,Harjinder Gill,VERIFIED,2018-07-30,,0,404089330908832
PH002736,8112472019,Jio,Karnataka,P001013,Sachin Bhosale,VERIFIED,2021-06-10,,0,404044042426306
PH002737,8486715742,Jio,Haryana,P001014,Sanjay Bhadauria,VERIFIED,2024-12-07,,0,404078231730714
PH002738,8233578301,BSNL,Andhra Pradesh,P001015,Nasreen Baig,VERIFIED,2023-12-02,,0,404064385197192
PH002739,7682288038,BSNL,Gujarat,P001016,Preeti Rathore,VERIFIED,2022-04-13,,0,404090861078426
PH002740,8199726738,MTNL,Telangana,P001017,Meena Awasthi,VERIFIED,2026-04-26,,0,404099683183979
PH002741,9608015938,Vi,Kerala,P001018,Kesar Bishnoi,VERIFIED,2025-11-21,,0,404039201938087
PH002742,9861249394,MTNL,Punjab,P001019,Rubina Pathan,VERIFIED,2024-12-16,,0,404091517062965
PH002743,9558418882,Airtel,Bihar,P001020,Mallesh Yadav,VERIFIED,2024-09-04,,0,404055497332714
PH002744,8122147160,MTNL,Jammu and Kashmir,P001021,Priyanka Gaikwad,VERIFIED,2021-05-19,,0,404045230296188
PH002745,7700211786,BSNL,Goa,P001022,Kuldeep Kashyap,VERIFIED,2019-11-09,,0,404032320075715
PH002746,8412326821,Airtel,Delhi,P001023,Siddaraju Poojary,VERIFIED,2026-05-14,,0,404039412702290
PH002747,9960327103,Jio,Bihar,P001024,Revathi Thevar,VERIFIED,2026-04-10,,0,404056925464773
PH002748,9487685981,Vi,Maharashtra,P001025,Ramulu Reddy,VERIFIED,2021-04-21,,0,404000219318954
PH002749,9842919208,MTNL,Jharkhand,P001026,Lissy Achari,VERIFIED,2019-03-29,,0,404023793548659
PH002750,7578566647,MTNL,Delhi,P001027,Murugan Rajendran,VERIFIED,2024-09-10,,0,404028378612246
PH002751,8818798238,BSNL,Uttar Pradesh,P001028,Arun Baghel,VERIFIED,2018-05-14,,0,404090160603565
PH002752,9512465184,MTNL,Karnataka,P001029,Arindam Sen,VERIFIED,2021-04-07,,0,404030916755128
PH002753,8563451946,Vi,Manipur,P001030,Aruna Mudiraj,VERIFIED,2022-10-27,,0,404019463333724
PH002754,7177461521,Airtel,Uttar Pradesh,P001031,Mallesh Kumar,VERIFIED,2022-07-28,,0,404066384716583
PH002755,7367676328,BSNL,Chhattisgarh,P001032,Sanjay Tiwari,VERIFIED,2019-06-05,,0,404050865813292
PH002756,7737026060,Airtel,Uttarakhand,P001033,Thangaraj Chettiar,VERIFIED,2025-05-06,,0,404049957641253
PH002757,8792584377,BSNL,Maharashtra,P001034,Bandana Sen,VERIFIED,2024-08-28,,0,404073096928618
PH002758,8116091750,Airtel,Jammu and Kashmir,P001035,Kartik Barman,VERIFIED,2024-06-18,,0,404027565646549
PH002759,9255278536,Vi,Goa,P001036,Nasreen Zaidi,VERIFIED,2025-12-25,,0,404093338030343
PH002760,8647147844,Vi,Telangana,P001037,Sindhu Namboothiri,VERIFIED,2026-02-14,,0,404000845321738
PH002761,8851547327,Airtel,West Bengal,P001038,Charanjit Kang,VERIFIED,2021-01-23,,0,404022780569709
PH002762,8580101175,Airtel,Haryana,P001039,Sanjay Kushwaha,VERIFIED,2026-05-21,,0,404067506776191
PH002763,7340091534,Jio,Jammu and Kashmir,P001040,Girish Kamath,VERIFIED,2025-04-09,,0,404078553503817
PH002764,8197584778,BSNL,Uttar Pradesh,P001041,Hansa Parmar,VERIFIED,2020-06-11,,0,404039998191107
PH002765,9741607780,BSNL,Kerala,P001042,Yusuf Shaikh,VERIFIED,2019-12-16,,0,404065701945427
PH002766,8255085959,MTNL,Gujarat,P001043,Mallesh Choudary,VERIFIED,2022-07-19,,0,404045806551297
PH002767,7324292819,Vi,Kerala,P001044,Faizan Ansari,VERIFIED,2022-01-16,,0,404017721805775
PH002768,9720462217,Airtel,Goa,P001045,Vidyawati Rathore,VERIFIED,2023-04-06,,0,404047127114500
PH002769,7040146599,MTNL,Goa,P001046,Shakeel Ahmed,VERIFIED,2026-03-03,,0,404074646865221
PH002770,8652132213,Vi,Bihar,P001047,Mariappan Kurup,VERIFIED,2024-11-12,,0,404012426227714
PH002771,9688736929,BSNL,Goa,P001048,Prabhakar Mudiraj,VERIFIED,2025-06-30,,0,404004635980894
PH002772,9377765810,MTNL,Maharashtra,P001049,Sabita Mohanty,VERIFIED,2018-08-03,,0,404084537918086
PH002773,8372146240,Jio,Uttarakhand,P001050,Aparna Bose,VERIFIED,2024-12-28,,0,404067011864473
PH002774,7725281238,Airtel,Delhi,P001051,Sandip Dalvi,VERIFIED,2025-11-11,,0,404078880472520
PH002775,7078489373,Vi,Chhattisgarh,P001052,Bheru Vyas,VERIFIED,2024-11-20,,0,404002320600376
PH002776,7441166221,MTNL,Bihar,P001053,Jagmal Purohit,VERIFIED,2018-10-10,,0,404066170371256
PH002777,8664718421,MTNL,Karnataka,P001054,Gopal Mistry,VERIFIED,2025-03-31,,0,404085414157704
PH002778,7046311118,MTNL,Haryana,P001055,Mushtaq Idrisi,VERIFIED,2022-08-31,,0,404028865871101
PH002779,7787175151,Jio,West Bengal,P001056,Sunil Jaiswal,VERIFIED,2021-09-10,,0,404022512742801
PH002780,7739185902,BSNL,Gujarat,P001057,Shanti Rathore,VERIFIED,2019-01-17,,0,404075529411277
PH002781,9820622757,Airtel,Karnataka,P001058,Ravichandran Pillai,VERIFIED,2025-09-29,,0,404077802979482
PH002782,8082170615,Vi,West Bengal,P001059,Salim Qureshi,VERIFIED,2021-09-27,,0,404069815393072
PH002783,8048153719,Airtel,Karnataka,P001060,Arivazhagan Mudaliar,VERIFIED,2024-09-17,,0,404010029503442
PH002784,9810394185,MTNL,Odisha,P001061,Manisha More,VERIFIED,2021-03-05,,0,404035410069858
PH002785,8187317947,Airtel,Chhattisgarh,P001062,Ranjit Kang,VERIFIED,2025-05-10,,0,404059333764974
PH002786,7139779269,BSNL,Assam,P001063,Nadeem Shaikh,VERIFIED,2019-02-11,,0,404081102016089
PH002787,8215315788,BSNL,Tamil Nadu,P001064,Aarti More,VERIFIED,2025-02-21,,0,404084913306343
PH002788,8199605863,MTNL,Tamil Nadu,P001065,Karthik Raja,VERIFIED,2025-08-03,,0,404049201693981
PH002789,8696139336,Airtel,Punjab,P001066,Shibu Thomas,VERIFIED,2019-07-13,,0,404098352191032
PH002790,7772378026,Jio,Uttar Pradesh,P001067,Gopal Dutta,VERIFIED,2026-06-27,,0,404099234815487
PH002791,8320251592,BSNL,Karnataka,P001068,Kondaiah Bandari,VERIFIED,2021-02-25,,0,404079402641086
PH002792,9954773290,Airtel,Kerala,P001069,Baljinder Mann,VERIFIED,2021-06-30,,0,404020492737070
PH002793,8427656217,MTNL,Karnataka,P001070,Nazia Ansari,VERIFIED,2018-04-03,,0,404070903011411
PH002794,9644752517,Vi,Odisha,P001071,Surinder Bajwa,VERIFIED,2020-12-13,,0,404077359344786
PH002795,7403273908,Jio,Manipur,P001072,Manjit Sekhon,VERIFIED,2018-04-15,,0,404089990540335
PH002796,9770533201,Airtel,Andhra Pradesh,P001073,Rajendran Thevar,VERIFIED,2025-03-15,,0,404021421860224
PH002797,8915710605,BSNL,West Bengal,P001074,Hariom Awasthi,VERIFIED,2018-02-26,,0,404036056967276
PH002798,7466604780,Vi,Uttarakhand,P001075,Alpesh Solanki,VERIFIED,2025-08-14,,0,404071714332120
PH002799,9509217586,Jio,Rajasthan,P001076,Bikash Naskar,VERIFIED,2019-08-23,,0,404024925586060
PH002800,7458128224,Jio,Tamil Nadu,P001077,Chhaya Adhikari,VERIFIED,2023-11-22,,0,404016424773506
PH002801,8350431612,BSNL,Uttar Pradesh,P001078,Pramila Munda,VERIFIED,2019-10-26,,0,404016382939162
PH002802,8572373548,Vi,West Bengal,P001079,Dinesh Rathore,VERIFIED,2025-09-04,,0,404003523895456
PH002803,9762137190,BSNL,Uttar Pradesh,P001080,Sukumar Pal,VERIFIED,2025-03-14,,0,404082656163637
PH002804,7769278794,BSNL,Goa,P001081,Afsana Mansuri,VERIFIED,2021-04-22,,0,404059075782504
PH002805,9237113463,Jio,Delhi,P001082,Shakeel Shaikh,VERIFIED,2026-06-05,,0,404046429858258
PH002806,7875980880,BSNL,Rajasthan,P001083,Kavita Baghel,VERIFIED,2022-04-26,,0,404015349753139
PH002807,7277485752,MTNL,Kerala,P001084,Davinder Kang,VERIFIED,2020-05-19,,0,404003465706129
PH002808,7869921618,Vi,Kerala,P001085,Alpesh Chauhan,VERIFIED,2021-02-25,,0,404002115598525
PH002809,8437859823,Vi,Karnataka,P001086,Rajni Jaiswal,VERIFIED,2024-05-07,,0,404075796515289
PH002810,8907369437,Airtel,Karnataka,P001087,Shahnawaz Mansuri,VERIFIED,2018-03-13,,0,404034298744252
PH002811,7968449746,BSNL,Bihar,P001088,Prabhakar Mudiraj,VERIFIED,2019-09-03,,0,404021105567720
PH002812,8290839079,BSNL,Gujarat,P001089,Anita Dubey,VERIFIED,2019-11-16,,0,404017029304656
PH002813,7140917080,Vi,Delhi,P001090,Rekha Awasthi,VERIFIED,2022-09-18,,0,404035493715628
PH002814,9446878731,BSNL,Madhya Pradesh,P001091,Sandip Mhatre,VERIFIED,2021-01-16,,0,404080501563370
PH002815,9707999624,Airtel,Goa,P001092,Dhanapal Sundaram,VERIFIED,2021-11-22,,0,404015937741496
PH002816,7412845396,BSNL,Goa,P001093,Farida Siddiqui,VERIFIED,2025-06-18,,0,404005511021001
PH002817,8083130152,Vi,West Bengal,P001094,Shabana Ahmed,VERIFIED,2024-02-01,,0,404093844618931
PH002818,9193322506,Jio,Chhattisgarh,P001095,Meena Nagar,VERIFIED,2020-12-20,,0,404073662307095
PH002819,7823691306,MTNL,Delhi,P001096,Mushtaq Mirza,VERIFIED,2024-03-31,,0,404099392001622
PH002820,9735032927,Jio,Delhi,P001097,Nasreen Shaikh,VERIFIED,2024-02-29,,0,404040278362782
PH002821,7601324957,Jio,Madhya Pradesh,P001098,Kuldeep Cheema,VERIFIED,2018-06-14,,0,404036627299273
PH002822,9715249606,MTNL,Telangana,P001099,Yusuf Khan,VERIFIED,2022-01-10,,0,404072217517368
PH002823,7397094910,BSNL,Haryana,P001100,Revathi Muthusamy,VERIFIED,2025-08-17,,0,404068718158250
PH002824,9790763283,Airtel,Assam,P001101,Shanti Shukla,VERIFIED,2021-05-13,,0,404020933909014
PH002825,8923657971,Airtel,Bihar,P001102,Kuldeep Nagar,VERIFIED,2024-10-03,,0,404023717409892
PH002826,9788823155,Vi,Bihar,P001103,Om Prakash Saini,VERIFIED,2021-07-09,,0,404079463297081
PH002827,7496778422,Vi,Maharashtra,P001104,Girdhari Sharma,VERIFIED,2023-03-30,,0,404073319468655
PH002828,7799338456,Airtel,Haryana,P001105,Gurpreet Dhaliwal,VERIFIED,2018-01-18,,0,404022762560598
PH002829,9303709498,Vi,Tamil Nadu,P001106,Kuni Dash,VERIFIED,2023-12-11,,0,404040853641003
PH002830,9359285809,BSNL,Delhi,P001107,Lalrinpuii Ao,VERIFIED,2021-05-25,,0,404066240980492
PH002831,8774165376,Jio,Uttarakhand,P001108,Nirmala Maurya,VERIFIED,2019-09-20,,0,404071982706871
PH002832,7555964684,MTNL,Chhattisgarh,P001109,Sasmita Sahoo,VERIFIED,2026-03-26,,0,404081183525418
PH002833,9199198128,Jio,Odisha,P001110,Kamla Chauhan,VERIFIED,2026-06-26,,0,404044321864664
PH002834,8117512360,Airtel,Rajasthan,P001111,Ravinder Prasad,VERIFIED,2024-06-06,,0,404024634416608
PH002835,9792222286,Vi,Haryana,P001112,Anita Tiwari,VERIFIED,2022-12-06,,0,404083312071185
PH002836,7369186046,Airtel,Uttar Pradesh,P001113,Bhanwar Jhala,VERIFIED,2024-12-24,,0,404005547476405
PH002837,7395292494,BSNL,Madhya Pradesh,P001114,Ravinder Rao,VERIFIED,2018-09-29,,0,404041779107880
PH002838,9385237523,Airtel,Haryana,P001115,Amol Kamble,VERIFIED,2023-03-26,,0,404039445302749
PH002839,8213553993,Airtel,Rajasthan,P001116,Padma Reddy,VERIFIED,2021-08-20,,0,404069274352731
PH002840,8164145017,Jio,Uttar Pradesh,P001117,Sabita Mohanty,VERIFIED,2019-05-17,,0,404098138629649
PH002841,7200648515,Airtel,Tamil Nadu,P001118,Arif Malik,VERIFIED,2026-04-22,,0,404046171505609
PH002842,9786704796,Jio,Kerala,P001119,Anwar Rahman,VERIFIED,2023-11-16,,0,404017972739988
PH002843,7538835632,BSNL,Haryana,P001120,Basanta Jena,VERIFIED,2025-04-06,,0,404044844231621
PH002844,7109770610,Airtel,Delhi,P001121,Archana Bhardwaj,VERIFIED,2025-04-03,,0,404094668959481
PH002845,7323451329,Airtel,Odisha,P001122,Nazia Ahmed,VERIFIED,2025-01-06,,0,404080660130302
PH002846,9437137213,Airtel,Uttar Pradesh,P001123,Randhir Yadav,VERIFIED,2021-02-15,,0,404029720931744
PH002847,9615061836,BSNL,West Bengal,P001124,Hardik Patel,VERIFIED,2024-09-01,,0,404083874589471
PH002848,7788202000,BSNL,Manipur,P001125,Remya Thomas,VERIFIED,2020-09-19,,0,404002665777926
PH002849,9348794008,MTNL,Bihar,P001126,Baljinder Brar,VERIFIED,2020-07-19,,0,404037497179982
PH002850,7083860964,Jio,Assam,P001127,Vaishali Trivedi,VERIFIED,2022-06-19,,0,404064800593836
PH002851,9740979113,Vi,Goa,P001128,Mousumi Adhikari,VERIFIED,2018-03-23,,0,404000261591946
PH002852,8205126676,Vi,Telangana,P001129,Aruna Prasad,VERIFIED,2024-04-14,,0,404085733852559
PH002853,9713325661,Airtel,Delhi,P001130,Seema Nishad,VERIFIED,2020-10-12,,0,404047579212186
PH002854,7012801523,MTNL,Uttar Pradesh,P001131,Harjinder Bajwa,VERIFIED,2021-05-20,,0,404091186648447
PH002855,7467280213,BSNL,Bihar,P001132,Pushpa Saini,VERIFIED,2019-02-18,,0,404052102189727
PH002856,7819397986,Jio,Bihar,P001133,Madan Charan,VERIFIED,2024-11-15,,0,404080166504439
PH002857,8531006717,Airtel,Rajasthan,P001134,Mangamma Setty,VERIFIED,2024-09-16,,0,404011980907300
PH002858,7290908844,MTNL,West Bengal,P001135,Sudhakar Yadav,VERIFIED,2019-02-14,,0,404004891489984
PH002859,9938765854,BSNL,Tamil Nadu,P001136,Shakeel Ansari,VERIFIED,2021-11-09,,0,404072779171286
PH002860,9274857071,BSNL,Odisha,P001137,Poongodi Annadurai,VERIFIED,2020-09-26,,0,404033121618895
PH002861,9369937155,Vi,Odisha,P001138,Rajwinder Mann,VERIFIED,2022-04-25,,0,404085881356020
PH002862,9425521136,Airtel,Karnataka,P001139,Nagaraju Sharma,VERIFIED,2023-04-14,,0,404020255602775
PH002863,9342603890,Jio,West Bengal,P001140,Ramkali Gupta,VERIFIED,2022-09-07,,0,404017917964830
PH002864,8193148561,Airtel,Delhi,P001141,Prashant More,VERIFIED,2024-02-09,,0,404073409515468
PH002865,9912958077,BSNL,Gujarat,P001142,Suresh Bhardwaj,VERIFIED,2024-03-22,,0,404092740748238
PH002866,9327197070,Jio,Telangana,P001143,Suresh Srivastava,VERIFIED,2022-07-23,,0,404003492175336
PH002867,9077490877,Vi,Jammu and Kashmir,P001144,Rekha Nagar,VERIFIED,2019-03-13,,0,404013327526223
PH002868,9041144974,MTNL,Haryana,P001145,Pushpalatha Kamath,VERIFIED,2023-07-13,,0,404011248095990
PH002869,7437187828,Airtel,Maharashtra,P001146,Vidyawati Kushwaha,VERIFIED,2018-12-02,,0,404068888912710
PH002870,8467542918,Vi,Bihar,P001147,Nirmal Sarkar,VERIFIED,2024-08-07,,0,404004450767087
PH002871,8625773608,Vi,Odisha,P001148,Kishan Jhala,VERIFIED,2022-06-24,,0,404012092232488
PH002872,8082766664,Airtel,Madhya Pradesh,P001149,Savita Awasthi,VERIFIED,2019-06-07,,0,404072118708471
PH002873,7204716078,Vi,Telangana,P001150,Venkatesh Sharma,VERIFIED,2019-09-25,,0,404034737622299
PH002874,9675316144,Jio,Delhi,P001151,Rizwan Pathan,VERIFIED,2020-11-28,,0,404031306408098
PH002875,8709613254,Jio,Chhattisgarh,P001152,Joseph Menezes,VERIFIED,2025-06-15,,0,404016389397971
PH002876,7090431559,Vi,Rajasthan,P001153,Kanta Gurjar,VERIFIED,2022-11-29,,0,404012428033015
PH002877,8782457098,BSNL,Bihar,P001154,Nagaraju Bandari,VERIFIED,2023-06-12,,0,404009005946096
PH002878,8199009985,BSNL,Rajasthan,P001155,Padma Kondapalli,VERIFIED,2019-06-20,,0,404038509987937
PH002879,8078212378,Airtel,Bihar,P001156,Vetrivel Naicker,VERIFIED,2022-06-09,,0,404027410463050
PH002880,7442939730,Airtel,Manipur,P001157,Praveen Joseph,VERIFIED,2024-05-22,,0,404064817309436
PH002881,9921027958,Airtel,Punjab,P001158,Saroja Kumar,VERIFIED,2021-08-26,,0,404055005010500
PH002882,9509606634,MTNL,Jharkhand,P001159,Rina Biswas,VERIFIED,2021-05-20,,0,404098345715954
PH002883,8319996312,Jio,Chhattisgarh,P001160,Pramod Awasthi,VERIFIED,2022-10-16,,0,404000339647826
PH002884,9763553140,MTNL,Delhi,P001161,Rina Pal,VERIFIED,2022-03-15,,0,404025555946326
PH002885,7128818198,Vi,Andhra Pradesh,P001162,Anitha Achari,VERIFIED,2020-07-17,,0,404022895721351
PH002886,7034180284,MTNL,Jammu and Kashmir,P001163,Hariom Chauhan,VERIFIED,2026-05-03,,0,404008744721467
PH002887,8994878709,MTNL,Maharashtra,P001164,Sasmita Rout,VERIFIED,2021-06-03,,0,404031272880280
PH002888,9770121782,Airtel,Andhra Pradesh,P001165,Harbhajan Bains,VERIFIED,2024-08-09,,0,404048164491243
PH002889,8279823199,Vi,Chhattisgarh,P001166,Bindu Joseph,VERIFIED,2021-02-10,,0,404044086430587
PH002890,9869473037,MTNL,Goa,P001167,Palanisamy Nadar,VERIFIED,2025-10-18,,0,404038504083893
PH002891,8188981877,MTNL,Jammu and Kashmir,P001168,Krishnaiah Varma,VERIFIED,2022-12-13,,0,404033637297286
PH002892,9560257684,Jio,Chhattisgarh,P001169,Seema Bhadauria,VERIFIED,2023-08-12,,0,404020803757499
PH002893,9640864140,BSNL,Rajasthan,P001170,Hansa Dave,VERIFIED,2018-04-30,,0,404018083335047
PH002894,7718786426,Jio,Madhya Pradesh,P001171,Sandip Rane,VERIFIED,2023-11-12,,0,404013587695273
PH002895,9513372037,Airtel,Uttarakhand,P001172,Swapan Das,VERIFIED,2020-04-16,,0,404005209674919
PH002896,9156578883,Jio,Gujarat,P001173,Sarla Vyas,VERIFIED,2019-04-25,,0,404056912080372
PH002897,9508715499,BSNL,Uttar Pradesh,P001174,Shahnawaz Khan,VERIFIED,2026-06-22,,0,404089285003889
PH002898,9351183020,MTNL,Kerala,P001175,Nagaratna Shetty,VERIFIED,2024-04-07,,0,404079033448419
PH002899,9076083088,MTNL,Madhya Pradesh,P001176,Amutha Pandian,VERIFIED,2024-08-05,,0,404006491675251
PH002900,9066937261,BSNL,Uttarakhand,P001177,Thangaraj Mudaliar,VERIFIED,2019-05-24,,0,404047295981770
PH002901,8147702498,Airtel,Jharkhand,P001178,Javed Malik,VERIFIED,2022-10-25,,0,404003614507362
PH002902,9810844484,Jio,Punjab,P001179,Chhagan Chouhan,VERIFIED,2020-01-02,,0,404091504708424
PH002903,7802867453,BSNL,Odisha,P001180,Bhanwari Purohit,VERIFIED,2021-12-30,,0,404055460954695
PH002904,8678347852,MTNL,Manipur,P001181,Shahnaz Khan,VERIFIED,2025-10-22,,0,404045434825555
PH002905,7087519984,Airtel,Odisha,P001182,Jhunu Rout,VERIFIED,2023-12-14,,0,404069409285445
PH002906,8921051808,MTNL,Jharkhand,P001183,Shobha Poojary,VERIFIED,2020-01-30,,0,404086861324093
PH002907,7106572221,MTNL,Chhattisgarh,P001184,Mallesh Mudiraj,VERIFIED,2019-04-12,,0,404068324676576
PH002908,7742522213,BSNL,Tamil Nadu,P001185,Peter Lobo,VERIFIED,2022-08-11,,0,404038093480448
PH002909,9569677732,MTNL,Madhya Pradesh,P001186,Balaraju Mudiraj,VERIFIED,2022-01-22,,0,404012966706002
PH002910,9113430988,Jio,Chhattisgarh,P001187,Bhagaban Pradhan,VERIFIED,2019-08-25,,0,404042848837446
PH002911,8346753809,Vi,Tamil Nadu,P001188,Nasreen Malik,VERIFIED,2024-07-01,,0,404060397833533
PH002912,8164463695,Vi,Haryana,P001189,Jaswant Brar,VERIFIED,2019-09-28,,0,404012763485116
PH002913,8027798767,MTNL,Maharashtra,P001190,Ramkali Bhadauria,VERIFIED,2018-04-06,,0,404067476906127
PH002914,9811129403,MTNL,Maharashtra,P001191,Imran Chaudhary,VERIFIED,2018-02-07,,0,404091981498216
PH002915,8197131533,Jio,Gujarat,P001192,Kavya Nallamothu,VERIFIED,2019-11-03,,0,404060704770736
PH002916,8124683867,Vi,West Bengal,P001193,Palash Das,VERIFIED,2021-12-29,,0,404007189789274
PH002917,7346230468,Jio,Andhra Pradesh,P001194,Arif Saifi,VERIFIED,2019-07-21,,0,404017979821879
PH002918,7940453016,Vi,Haryana,P001195,Malathi Annadurai,VERIFIED,2024-07-04,,0,404067317720634
PH002919,8261427960,Airtel,Jammu and Kashmir,P001196,Jagabandhu Dash,VERIFIED,2020-12-21,,0,404029011970331
PH002920,9942950791,Airtel,Jammu and Kashmir,P001197,Bheru Kumawat,VERIFIED,2018-04-01,,0,404028374285498
PH002921,7948932024,MTNL,Odisha,P001198,Iqbal Hussain,VERIFIED,2018-05-23,,0,404062300383147
PH002922,7606609583,Airtel,Chhattisgarh,P001199,Sunil Chauhan,VERIFIED,2019-12-23,,0,404034320416322
PH002923,8055667644,MTNL,Odisha,P001200,Rajwinder Bains,VERIFIED,2019-10-31,,0,404088447155522
PH002924,7374349415,Airtel,Bihar,P001201,Kanta Rathore,VERIFIED,2019-01-18,,0,404064122777603
PH002925,8168839661,BSNL,Uttarakhand,P001202,Swapnil Kamble,VERIFIED,2021-04-19,,0,404032609050238
PH002926,8641184732,Vi,Assam,P001203,Nirmal Das,VERIFIED,2022-09-23,,0,404080869686891
PH002927,7955716029,Airtel,Gujarat,P001204,Kumaraswamy Hegde,VERIFIED,2023-12-13,,0,404007453308458
PH002928,9442021911,MTNL,Telangana,P001205,Vijay Thakur,VERIFIED,2019-09-07,,0,404003429583235
PH002929,8515213653,Jio,Assam,P001206,Mukesh Thakur,VERIFIED,2021-06-15,,0,404049401236725
PH002930,8446443371,Airtel,Assam,P001207,Sunita Verma,VERIFIED,2023-11-21,,0,404066866191214
PH002931,7698271866,MTNL,West Bengal,P001208,Hanumanthappa Hegde,VERIFIED,2018-11-09,,0,404011139198841
PH002932,9610920123,MTNL,Assam,P001209,Saroja Naidu,VERIFIED,2019-12-09,,0,404098537609867
PH002933,9543294479,MTNL,Karnataka,P001210,Nilesh More,VERIFIED,2022-07-23,,0,404031804445464
PH002934,7978799353,MTNL,Bihar,P001211,Mangi Rathore,VERIFIED,2019-05-05,,0,404010715259693
PH002935,7778641356,BSNL,Telangana,P001212,Malkiat Bajwa,VERIFIED,2022-04-21,,0,404096446228151
PH002936,9070846415,BSNL,Maharashtra,P001213,Sandeep Baghel,VERIFIED,2023-10-24,,0,404068460655894
PH002937,8714203700,Airtel,Punjab,P001214,Mangesh Salunkhe,VERIFIED,2020-05-28,,0,404011575249114
PH002938,9696117515,Jio,Assam,P001215,Nirmala Jaiswal,VERIFIED,2022-03-02,,0,404051076743933
PH002939,8809404428,MTNL,Madhya Pradesh,P001216,Gautam Gayen,VERIFIED,2019-11-17,,0,404054996376958
PH002940,8628321732,BSNL,Jharkhand,P001217,Navneet Sandhu,VERIFIED,2019-09-08,,0,404075740533628
PH002941,9105220096,BSNL,Uttar Pradesh,P001218,Rajwinder Toor,VERIFIED,2023-12-02,,0,404068395639905
PH002942,7861399545,MTNL,Uttar Pradesh,P001219,Arun Rajput,VERIFIED,2023-03-11,,0,404085451512402
PH002943,9615127108,Vi,Maharashtra,P001220,Nagaratna Kamath,VERIFIED,2025-07-02,,0,404067436433109
PH002944,7722508645,BSNL,Uttar Pradesh,P001221,Rodney Almeida,VERIFIED,2026-01-13,,0,404063290899549
PH002945,8821786569,BSNL,Kerala,P001222,Prasanna Behera,VERIFIED,2018-09-28,,0,404024558036558
PH002946,8942439617,Airtel,Manipur,P001223,Balaraju Reddy,VERIFIED,2022-07-09,,0,404061207925903
PH002947,7793701650,BSNL,Jammu and Kashmir,P001224,Bhagwati Bhati,VERIFIED,2024-07-25,,0,404021671201849
PH002948,7797096856,MTNL,Manipur,P001225,Reshma Idrisi,VERIFIED,2022-12-17,,0,404029117493108
PH002949,9050282296,BSNL,Karnataka,P001226,Lalthanga Debbarma,VERIFIED,2025-08-10,,0,404048145606958
PH002950,9116496656,BSNL,Delhi,P001227,Tapan Ghosh,VERIFIED,2019-01-16,,0,404085971766152
PH002951,7735048463,BSNL,Jammu and Kashmir,P001228,Yasmin Pathan,VERIFIED,2025-10-30,,0,404039663835668
PH002952,8638542975,MTNL,Madhya Pradesh,P001229,Poongodi Muthusamy,VERIFIED,2023-12-10,,0,404037338913279
PH002953,9994816746,Airtel,Manipur,P001230,Lakshmi Mudiraj,VERIFIED,2022-06-06,,0,404034662215239
PH002954,9943803383,Jio,Chhattisgarh,P001231,Rambabu Pandey,VERIFIED,2020-02-05,,0,404050241954607
PH002955,8993844713,Airtel,Jammu and Kashmir,P001232,Sunil Verma,VERIFIED,2022-11-18,,0,404037663262554
PH002956,9346569297,Vi,Uttar Pradesh,P001233,Techi Jamir,VERIFIED,2019-06-16,,0,404080549820981
PH002957,7135456569,MTNL,Uttarakhand,P001234,Kuldeep Awasthi,VERIFIED,2025-12-08,,0,404095443097651
PH002958,7452505350,Vi,Delhi,P001235,Deepa Jacob,VERIFIED,2022-07-15,,0,404033256001328
PH002959,7859813401,BSNL,Kerala,P001236,Gopal Chakraborty,VERIFIED,2019-11-20,,0,404055562849342
PH002960,8454073342,MTNL,Rajasthan,P001237,Devendra Sengar,VERIFIED,2026-01-10,,0,404048160144604
PH002961,9811687767,Airtel,Bihar,P001238,Nazia Malik,VERIFIED,2025-07-13,,0,404068596555171
PH002962,8562298852,MTNL,Andhra Pradesh,P001239,Yogendra Bhadauria,VERIFIED,2018-09-17,,0,404054196480173
PH002963,9362983454,BSNL,Uttarakhand,P001240,Gurpreet Dhaliwal,VERIFIED,2018-04-26,,0,404013853118917
PH002964,7377090475,BSNL,Jammu and Kashmir,P001241,Gautam Naskar,VERIFIED,2024-12-21,,0,404022720318901
PH002965,7574876650,Airtel,Jammu and Kashmir,P001242,Bhaskar Shinde,VERIFIED,2018-07-28,,0,404065658689296
PH002966,9380214307,Jio,Jammu and Kashmir,P001243,Rajni Pandey,VERIFIED,2023-06-06,,0,404099054055388
PH002967,9265994490,Jio,Uttar Pradesh,P001244,Velu Pillai,VERIFIED,2024-07-04,,0,404064476633370
PH002968,8193152802,MTNL,Andhra Pradesh,P001245,Nirmal Sidhu,VERIFIED,2021-09-13,,0,404003773877043
PH002969,9192668908,BSNL,Andhra Pradesh,P001246,Sabitri Majumdar,VERIFIED,2021-10-12,,0,404009104960205
PH002970,8810417086,MTNL,Tamil Nadu,P001247,Wasim Malik,VERIFIED,2022-01-04,,0,404039977570819
PH002971,7406339238,Jio,Chhattisgarh,P001248,Basanti Jena,VERIFIED,2024-03-12,,0,404052991336892
PH002972,9613857717,Jio,Goa,P001249,Ganesh Pawar,VERIFIED,2021-10-18,,0,404077165540516
PH002973,7760631231,Airtel,Telangana,P001250,Yogendra Shukla,VERIFIED,2024-08-10,,0,404044136503966
PH002974,7902934988,MTNL,Gujarat,P001251,Reshma Farooqui,VERIFIED,2022-07-08,,0,404031296696434
PH002975,7014541892,Airtel,Karnataka,P001252,Prakash Nagar,VERIFIED,2026-03-13,,0,404002384610567
PH002976,8944122163,MTNL,Jharkhand,P001253,Mousumi Ghosh,VERIFIED,2024-01-24,,0,404025762598723
PH002977,7981574302,Airtel,Andhra Pradesh,P001254,Lekhraj Kashyap,VERIFIED,2025-08-27,,0,404018356704566
PH002978,7419505440,Jio,Rajasthan,P001255,Arun Kushwaha,VERIFIED,2019-04-10,,0,404013220618744
PH002979,7438821218,Vi,Odisha,P001256,Alwyn Noronha,VERIFIED,2026-06-02,,0,404073831036312
PH002980,9770442908,MTNL,Madhya Pradesh,P001257,Vaishnavi Bhoir,VERIFIED,2021-04-08,,0,404059882384403
PH002981,9834804429,Jio,Andhra Pradesh,P001258,Subhas Ghosh,VERIFIED,2026-04-04,,0,404091038426646
PH002982,9591892202,Vi,Odisha,P001259,Sajitha Pillai,VERIFIED,2020-10-03,,0,404045562711008
PH002983,7377740366,BSNL,Punjab,P001260,Madhuri Salunkhe,VERIFIED,2024-09-08,,0,404087121838171
PH002984,9764024865,BSNL,Rajasthan,P001261,Sabitri Adhikari,VERIFIED,2018-12-28,,0,404096382110805
PH002985,9550948459,Jio,Jammu and Kashmir,P001262,Rajesh Thakur,VERIFIED,2021-12-07,,0,404027710505202
PH002986,9377116460,Airtel,Chhattisgarh,P001263,Priyanka Chavan,VERIFIED,2023-10-15,,0,404014678441175
PH002987,7634176294,Jio,Odisha,P001264,Karni Rathore,VERIFIED,2025-10-01,,0,404063392339901
PH002988,7389538863,BSNL,Rajasthan,P001265,Jitendra Rathore,VERIFIED,2019-01-17,,0,404045580692850
PH002989,9680949070,MTNL,Kerala,P001266,Sekar Pandian,VERIFIED,2025-12-29,,0,404004574977018
PH002990,8068693586,Vi,Uttar Pradesh,P001267,Reshma Zaidi,VERIFIED,2023-10-31,,0,404038937432964
PH002991,7366869804,BSNL,Goa,P001268,Deepa Warrier,VERIFIED,2023-10-14,,0,404066294552448
PH002992,8853475326,Vi,Jammu and Kashmir,P001269,Hanumanthappa Chikkanna,VERIFIED,2019-10-02,,0,404022649397504
PH002993,9786851433,Jio,Jharkhand,P001270,Meena Jaiswal,VERIFIED,2024-02-01,,0,404026957362763
PH002994,7683603243,MTNL,Uttar Pradesh,P001271,Jayan Namboothiri,VERIFIED,2022-04-12,,0,404046082206814
PH002995,8778556781,Jio,Haryana,P001272,Girish Hiremath,VERIFIED,2019-04-21,,0,404027956715584
PH002996,7354787571,Jio,Jharkhand,P001273,Mallesh Naidu,VERIFIED,2026-03-18,,0,404094900031784
PH002997,9897850497,Vi,Odisha,P001274,Yusuf Saifi,VERIFIED,2019-02-07,,0,404092726430684
PH002998,7921320696,Airtel,Gujarat,P001275,Hanuman Jhala,VERIFIED,2024-11-26,,0,404061081038772
PH002999,9951917325,MTNL,Odisha,P001276,Arif Pathan,VERIFIED,2021-10-22,,0,404029262635645
PH003000,8320697940,Airtel,Jammu and Kashmir,P001277,Bhavesh Shah,VERIFIED,2023-09-04,,0,404002936653666
PH003001,7471599814,BSNL,Rajasthan,P001278,Imran Hussain,VERIFIED,2024-01-21,,0,404040013027407
PH003002,8102310549,MTNL,Kerala,P001279,Netrapal Baghel,VERIFIED,2024-11-27,,0,404024878412132
PH003003,9103273892,Vi,Kerala,P001280,Rubina Zaidi,VERIFIED,2020-06-15,,0,404076499160415
PH003004,9085993190,Vi,Kerala,P001281,Vidyawati Tiwari,VERIFIED,2020-11-06,,0,404082468629839
PH003005,7071533236,BSNL,Gujarat,P001282,Nazia Khan,VERIFIED,2020-12-22,,0,404056078212401
PH003006,8868785312,BSNL,Maharashtra,P001283,Swapnil Naik,VERIFIED,2025-07-23,,0,404043924673184
PH003007,9243195312,BSNL,Assam,P001284,Prashant Mhatre,VERIFIED,2023-06-19,,0,404001334032789
PH003008,7406435979,MTNL,West Bengal,P001285,Farida Qureshi,VERIFIED,2021-06-19,,0,404004233965354
PH003009,8117700915,MTNL,Assam,P001286,Poonam Kushwaha,VERIFIED,2022-07-31,,0,404075195388591
PH003010,8040944070,Vi,Manipur,P001287,Tanveer Malik,VERIFIED,2021-06-04,,0,404056171137126
PH003011,9592066754,MTNL,Assam,P001288,Chhaya Bose,VERIFIED,2021-08-06,,0,404013912959864
PH003012,9414827043,MTNL,Goa,P001289,Ranveer Gurjar,VERIFIED,2025-08-22,,0,404007541149380
PH003013,9108673237,Jio,Goa,P001290,Baljit Toor,VERIFIED,2021-02-22,,0,404098471354001
PH003014,9889010417,MTNL,Kerala,P001291,Hitesh Thakor,VERIFIED,2018-08-07,,0,404068278354518
PH003015,9258386802,BSNL,Delhi,P001292,Rachna Mishra,VERIFIED,2020-08-19,,0,404050438727531
PH003016,8986338609,Vi,Chhattisgarh,P001293,Shanti Gupta,VERIFIED,2023-07-01,,0,404055169192869
PH003017,8088584106,Airtel,Chhattisgarh,P001294,Kanta Jhala,VERIFIED,2018-12-30,,0,404089921838662
PH003018,9013294949,MTNL,Andhra Pradesh,P001295,Gautam Barman,VERIFIED,2025-02-11,,0,404095100581046
PH003019,7398388628,BSNL,Maharashtra,P001296,Elango Naicker,VERIFIED,2020-09-23,,0,404066098824084
PH003020,8269668566,Jio,Odisha,P001297,Abdul Mansuri,VERIFIED,2021-09-17,,0,404059828019747
PH003021,7257049712,MTNL,Haryana,P001298,Harpreet Toor,VERIFIED,2025-09-10,,0,404046715133157
PH003022,9149875725,Airtel,Jammu and Kashmir,P001299,Afsana Saifi,VERIFIED,2019-06-19,,0,404042422994237
PH003023,8449481478,Vi,Delhi,P001300,Rajitha Goud,VERIFIED,2018-09-09,,0,404031495537686
PH003024,9737870582,BSNL,Odisha,P001301,Pandurang Kadam,VERIFIED,2024-08-06,,0,404099586548261
PH003025,7911542688,Vi,Delhi,P001302,Manoj Marar,VERIFIED,2021-03-21,,0,404044196600596
PH003026,7841897960,MTNL,Punjab,P001303,Naresh Baghel,VERIFIED,2022-01-16,,0,404094999343097
PH003027,7510674843,Airtel,Manipur,P001304,Gurpreet Toor,VERIFIED,2023-05-26,,0,404031334605034
PH003028,8990934826,BSNL,Punjab,P001305,Anwar Chaudhary,VERIFIED,2021-11-12,,0,404009661079330
PH003029,8221147459,Jio,Odisha,P001306,Rajni Bhardwaj,VERIFIED,2020-05-09,,0,404050633421780
PH003030,9256555222,MTNL,Punjab,P001307,Biju Nair,VERIFIED,2020-11-14,,0,404097928031610
PH003031,8494178333,Airtel,Andhra Pradesh,P001308,Chandrabhan Shukla,VERIFIED,2025-07-18,,0,404052747461978
PH003032,9255748660,Vi,Chhattisgarh,P001309,Abdul Pathan,VERIFIED,2023-07-16,,0,404023908232928
PH003033,8937663662,MTNL,Odisha,P001310,Bikramjit Sekhon,VERIFIED,2021-08-04,,0,404076228323880
PH003034,8825102946,MTNL,Rajasthan,P001311,Jyotsna Patil,VERIFIED,2026-02-01,,0,404017885087234
PH003035,8633983241,Jio,Odisha,P001312,Sreenivasan Kurup,VERIFIED,2026-06-24,,0,404017175452087
PH003036,9093506330,MTNL,Rajasthan,P001313,Kulwant Cheema,VERIFIED,2023-10-10,,0,404057346978028
PH003037,8935176681,Vi,Karnataka,P001314,Jasbir Singh,VERIFIED,2024-02-18,,0,404019982201543
PH003038,8530217149,Vi,Kerala,P001315,Laxmi Saini,VERIFIED,2018-04-16,,0,404084968508877
PH003039,7070862811,MTNL,Telangana,P001316,Shanti Dixit,VERIFIED,2026-01-15,,0,404095843011576
PH003040,7524687058,Jio,West Bengal,P001317,Rafiq Khan,VERIFIED,2023-04-09,,0,404085862144907
PH003041,8313857532,BSNL,Bihar,P001318,Paresh Solanki,VERIFIED,2021-06-18,,0,404068747643804
PH003042,8957202548,Vi,Telangana,P001319,Nilesh Kadam,VERIFIED,2020-06-18,,0,404046444982938
PH003043,9364300438,BSNL,Uttar Pradesh,P001320,Rafiq Pathan,VERIFIED,2021-07-23,,0,404017838522051
PH003044,8481563772,MTNL,Delhi,P001321,Moumita Das,VERIFIED,2026-01-03,,0,404075486241840
PH003045,8921839798,Vi,Haryana,P001322,Vasanthi Muthusamy,VERIFIED,2023-05-09,,0,404079344765517
PH003046,8817362952,Airtel,Tamil Nadu,P001323,Rohini Kamble,VERIFIED,2026-04-28,,0,404090784080075
PH003047,9887767693,MTNL,Rajasthan,P001324,Wasim Ahmed,VERIFIED,2024-09-04,,0,404025611781642
PH003048,8930409975,Jio,Andhra Pradesh,P001325,Nagaratna Kulkarni,VERIFIED,2024-05-31,,0,404039590800676
PH003049,9136133524,Airtel,Manipur,P001326,Nirmala Rajput,VERIFIED,2024-05-03,,0,404088494977183
PH003050,7954341389,Jio,Andhra Pradesh,P001327,Hanuman Ranawat,VERIFIED,2021-01-07,,0,404087481074391
PH003051,8212384619,Airtel,Kerala,P001328,Sanoop Joseph,VERIFIED,2022-04-05,,0,404020222602541
PH003052,7538177939,Airtel,Jammu and Kashmir,P001329,Firoz Shaikh,VERIFIED,2022-10-15,,0,404022838066785
PH003053,8119822247,Jio,Delhi,P001330,Kumaraswamy Shetty,VERIFIED,2019-01-09,,0,404050485535632
PH003054,9243796619,MTNL,Tamil Nadu,P001331,Sukumar Pal,VERIFIED,2024-01-06,,0,404097990553671
PH003055,7115245852,BSNL,Kerala,P001332,Sumitra Naik,VERIFIED,2024-06-26,,0,404004484956584
PH003056,8005899263,MTNL,Tamil Nadu,P001333,Aparna Sardar,VERIFIED,2020-02-07,,0,404065409157706
PH003057,8235513725,Airtel,Kerala,P001334,Ramesh Tomar,VERIFIED,2025-03-08,,0,404092140605384
PH003058,8201958891,BSNL,Jharkhand,P001335,Manoj Srivastava,VERIFIED,2026-03-11,,0,404013555026032
PH003059,9991526685,BSNL,Odisha,P001336,Swapnil Gaikwad,VERIFIED,2021-02-10,,0,404018640749094
PH003060,8555080761,Jio,Telangana,P001337,Snehal Shinde,VERIFIED,2022-07-16,,0,404040311511042
PH003061,8678033439,BSNL,Haryana,P001338,Meena Dubey,VERIFIED,2020-06-26,,0,404058979281013
PH003062,7831066679,Airtel,Andhra Pradesh,P001339,Aparna Biswas,VERIFIED,2019-08-03,,0,404035649676447
PH003063,8217250244,Vi,Gujarat,P001340,Farida Mirza,VERIFIED,2023-10-22,,0,404086794892411
PH003064,7738360844,Jio,Haryana,P001341,Tapasi Chakraborty,VERIFIED,2023-09-09,,0,404002978149786
PH003065,8924359913,MTNL,Jammu and Kashmir,P001342,Prakash Patil,VERIFIED,2022-05-26,,0,404018582555205
PH003066,7152546475,Jio,Uttarakhand,P001343,Jagabandhu Sahoo,VERIFIED,2018-01-29,,0,404081387236833
PH003067,9102022640,Jio,Andhra Pradesh,P001344,Baljit Sidhu,VERIFIED,2018-06-21,,0,404073798121049
PH003068,9324857307,MTNL,Jammu and Kashmir,P001345,Bimal Halder,VERIFIED,2018-05-17,,0,404089716962130
PH003069,7176261031,MTNL,Maharashtra,P001346,Xavier Coutinho,VERIFIED,2023-12-29,,0,404067155292033
PH003070,7021716046,Vi,Karnataka,P001347,Sanoop Kartha,VERIFIED,2018-10-17,,0,404022591698538
PH003071,8115868182,MTNL,Punjab,P001348,Nazia Saifi,VERIFIED,2024-11-08,,0,404015147748977
PH003072,9608611515,Vi,Chhattisgarh,P001349,Jaswant Sarao,VERIFIED,2021-05-21,,0,404046626361457
PH003073,7374873222,BSNL,Gujarat,P001350,Arindam Adhikari,VERIFIED,2018-07-12,,0,404078682757385
PH003074,9118492293,Airtel,Rajasthan,P001351,Nilesh Trivedi,VERIFIED,2019-09-19,,0,404075445619455
PH003075,7846843837,Jio,Jammu and Kashmir,P001352,Srinivas Prasad,VERIFIED,2018-10-31,,0,404018233699275
PH003076,8867437868,Airtel,Bihar,P001353,Kuni Nayak,VERIFIED,2023-06-02,,0,404081051329807
PH003077,7601004718,MTNL,Manipur,P001354,Sachin Salunkhe,VERIFIED,2023-09-05,,0,404075496743038
PH003078,8830311640,Vi,Haryana,P001355,Ajay Kashyap,VERIFIED,2018-03-06,,0,404072207757417
PH003079,9417051244,BSNL,West Bengal,P001356,Chandru Bellad,VERIFIED,2020-12-08,,0,404057732017703
PH003080,7659897156,MTNL,Bihar,P001357,Devi Lal Ranawat,VERIFIED,2021-03-30,,0,404033231408663
PH003081,7116488051,Vi,Jharkhand,P001358,Ravi Patil,VERIFIED,2022-05-25,,0,404047529538229
PH003082,8346393219,Vi,Chhattisgarh,P001359,Sarita Gupta,VERIFIED,2019-04-14,,0,404039692993277
PH003083,9461252602,Jio,Maharashtra,P001360,Har Prasad Gupta,VERIFIED,2023-06-18,,0,404091106891534
PH003084,7758828442,Jio,Uttar Pradesh,P001361,Suman Bhati,VERIFIED,2019-09-10,,0,404035091714797
PH003085,9795051471,Airtel,Delhi,P001362,Tapasi Sen,VERIFIED,2020-10-15,,0,404097978827712
PH003086,9828998910,BSNL,Tamil Nadu,P001363,Peter Menezes,VERIFIED,2021-01-30,,0,404055497923842
PH003087,9044079164,Vi,West Bengal,P001364,Hariom Gupta,VERIFIED,2023-06-14,,0,404036053499429
PH003088,8591688735,MTNL,Madhya Pradesh,P001365,Sujatha Setty,VERIFIED,2021-01-16,,0,404079855211524
PH003089,9033190340,BSNL,Gujarat,P001366,Sasmita Barik,VERIFIED,2019-01-03,,0,404008221044433
PH003090,8327032916,Airtel,Jharkhand,P001367,Temjen Basumatary,VERIFIED,2025-12-13,,0,404068646513978
PH003091,9150852886,Vi,Uttarakhand,P001368,Kuni Mohanty,VERIFIED,2025-06-09,,0,404082211280546
PH003092,9111527582,Vi,Delhi,P001369,Pushpalatha Angadi,VERIFIED,2020-02-26,,0,404025875826616
PH003093,7702625836,Vi,West Bengal,P001370,Chandrakala Bhat,VERIFIED,2023-12-05,,0,404081907440063
PH003094,7987658900,Jio,Chhattisgarh,P001371,Kavita Prajapati,VERIFIED,2022-12-04,,0,404042010689151
PH003095,9594995031,Vi,Karnataka,P001372,Dhanapal Chettiar,VERIFIED,2020-01-06,,0,404092421186755
PH003096,8141375781,Vi,West Bengal,P001373,Alpesh Barot,VERIFIED,2020-08-06,,0,404072979037193
PH003097,8541416368,Vi,Goa,P001374,Bhagwati Poonia,VERIFIED,2024-02-15,,0,404064184656771
PH003098,7179962296,MTNL,West Bengal,P001375,Yellaiah Yadav,VERIFIED,2019-10-13,,0,404093366238945
PH003099,7178010513,MTNL,Tamil Nadu,P001376,Gurpreet Kang,VERIFIED,2020-08-07,,0,404094236108259
PH003100,8302504215,Vi,Uttarakhand,P001377,Rekha Prajapati,VERIFIED,2022-04-02,,0,404052491135778
PH003101,8083338198,BSNL,Gujarat,P001378,Palanisamy Subramanian,VERIFIED,2018-02-14,,0,404024086278141
PH003102,7569259354,BSNL,Bihar,P001379,Ajay Chauhan,VERIFIED,2026-01-24,,0,404038276651759
PH003103,9154646476,Jio,Chhattisgarh,P001380,Aslam Sheikh,VERIFIED,2021-07-08,,0,404095000865117
PH003104,7184471127,Vi,West Bengal,P001381,Ilango Pillai,VERIFIED,2023-02-03,,0,404043428932943
PH003105,8012325913,Jio,Delhi,P001382,Kavita Baghel,VERIFIED,2025-12-10,,0,404008498687643
PH003106,7916972375,Airtel,Chhattisgarh,P001383,Debashish Halder,VERIFIED,2019-12-26,,0,404089775016190
PH003107,8275528147,BSNL,Uttar Pradesh,P001384,Palash Bose,VERIFIED,2018-04-22,,0,404066171823167
PH003108,9146016585,MTNL,Odisha,P001385,Rafiq Rahman,VERIFIED,2024-06-16,,0,404026455754979
PH003109,7479819193,Jio,Odisha,P001386,Tamilselvi Sundaram,VERIFIED,2019-02-01,,0,404029814704324
PH003110,8892620987,Vi,Tamil Nadu,P001387,Arun Yadav,VERIFIED,2021-11-23,,0,404069893456011
PH003111,9907692028,Vi,Haryana,P001388,Haroon Rahman,VERIFIED,2018-11-09,,0,404033223470663
PH003112,8040939232,Airtel,Karnataka,P001389,Kishan Shekhawat,VERIFIED,2025-12-23,,0,404041411544094
PH003113,8168229616,Airtel,Maharashtra,P001390,Naresh Srivastava,VERIFIED,2025-05-30,,0,404085477997863
PH003114,8224603190,BSNL,Kerala,P001391,Ramkali Prajapati,VERIFIED,2021-07-08,,0,404068462339555
PH003115,7331287194,MTNL,Andhra Pradesh,P001392,Kamla Thakur,VERIFIED,2021-08-19,,0,404054169571770
PH003116,7411013459,Vi,West Bengal,P001393,Swaroopa Vemula,VERIFIED,2024-12-25,,0,404030683585568
PH003117,7544416595,Jio,West Bengal,P001394,Saravanan Gounder,VERIFIED,2026-05-13,,0,404043305432277
PH003118,8633664973,Jio,Andhra Pradesh,P001395,Satish Pandey,VERIFIED,2020-08-06,,0,404060910972785
PH003119,7219623695,MTNL,Andhra Pradesh,P001396,Savita Chauhan,VERIFIED,2024-12-08,,0,404066953233674
PH003120,9465936198,BSNL,Tamil Nadu,P001397,Bhavesh Thakor,VERIFIED,2019-05-10,,0,404015848158512
PH003121,9360389229,Airtel,Jharkhand,P001398,Sajid Chaudhary,VERIFIED,2025-04-10,,0,404048495569158
PH003122,9477741899,BSNL,Jammu and Kashmir,P001399,Rachhpal Mann,VERIFIED,2018-02-25,,0,404010791829218
PH003123,7074752373,Vi,Kerala,P001400,Sudha Bhadauria,VERIFIED,2026-05-01,,0,404000154487501
PH003124,7063499790,Airtel,Tamil Nadu,P001401,Aparna Gayen,VERIFIED,2023-04-15,,0,404007713098789
PH003125,9742157671,Jio,Rajasthan,P001402,Falguni Bhatt,VERIFIED,2019-12-24,,0,404051538695147
PH003126,8549449718,Jio,Punjab,P001403,Ratheesh Varghese,VERIFIED,2025-12-22,,0,404003935300348
PH003127,7769824765,Airtel,Uttar Pradesh,P001404,Vijaya Setty,VERIFIED,2026-03-28,,0,404063110611309
PH003128,7556088936,Jio,Bihar,P001405,Nagesh Angadi,VERIFIED,2023-05-20,,0,404071656766652
PH003129,9029803418,Vi,Andhra Pradesh,P001406,Mahesh Rathore,VERIFIED,2018-10-21,,0,404028363499435
PH003130,8208792675,MTNL,Jammu and Kashmir,P001407,Bikash Majumdar,VERIFIED,2018-06-30,,0,404032497116254
PH003131,7045639748,BSNL,Karnataka,P001408,Udaiveer Dixit,VERIFIED,2022-08-21,,0,404032355148211
PH003132,8981009514,Jio,Uttarakhand,P001409,Ashfaq Hussain,VERIFIED,2019-02-19,,0,404040028132346
PH003133,7728641041,MTNL,Chhattisgarh,P001410,Sanjay Yadav,VERIFIED,2021-09-03,,0,404067083676264
PH003134,8458883695,Vi,Chhattisgarh,P001411,Clara Almeida,VERIFIED,2025-06-15,,0,404020111429325
PH003135,8648451738,BSNL,Manipur,P001412,Savita Saini,VERIFIED,2018-03-02,,0,404071352606386
PH003136,9370039711,Airtel,Punjab,P001413,Nilesh Deshmukh,VERIFIED,2021-03-03,,0,404081051312400
PH003137,9953418394,BSNL,Odisha,P001414,Sujoy Bose,VERIFIED,2021-10-07,,0,404052615267834
PH003138,7349022989,BSNL,Madhya Pradesh,P001415,Poongodi Muthusamy,VERIFIED,2025-11-02,,0,404058031699495
PH003139,8505452709,Jio,Manipur,P001416,Kannan Pillai,VERIFIED,2021-10-04,,0,404081291873287
PH003140,8030174768,Vi,Goa,P001417,Bhagaban Mohanty,VERIFIED,2018-04-17,,0,404080547357738
PH003141,9792737625,Airtel,West Bengal,P001418,Dinesh Srivastava,VERIFIED,2018-10-19,,0,404078973808811
PH003142,7694920746,BSNL,Odisha,P001419,Malathi Nadar,VERIFIED,2024-10-01,,0,404048068302633
PH003143,8016935153,Vi,Haryana,P001420,Rupa Halder,VERIFIED,2025-09-15,,0,404038447034865
PH003144,9069888627,Jio,Kerala,P001421,Sukumar Pal,VERIFIED,2024-05-02,,0,404018533326167
PH003145,9809387700,BSNL,Karnataka,P001422,Sukhdev Kang,VERIFIED,2019-12-13,,0,404034206505652
PH003146,8558969745,MTNL,Chhattisgarh,P001423,Vidyawati Verma,VERIFIED,2020-12-21,,0,404080295064852
PH003147,9885119184,BSNL,Telangana,P001424,Nathu Ranawat,VERIFIED,2024-10-01,,0,404029124243304
PH003148,7558711251,Jio,Kerala,P001425,Shyamlal Saini,VERIFIED,2021-05-04,,0,404034507100754
PH003149,9208927767,Vi,Gujarat,P001426,Falguni Patel,VERIFIED,2025-06-27,,0,404022700491083
PH003150,9816965741,BSNL,Uttar Pradesh,P001427,Amol Dalvi,VERIFIED,2021-06-04,,0,404087456213276
PH003151,9533829483,MTNL,Maharashtra,P001428,Sheryl Pereira,VERIFIED,2022-09-20,,0,404059507007788
PH003152,9447232558,Jio,Jharkhand,P001429,Arindam Majumdar,VERIFIED,2022-12-23,,0,404080582360956
PH003153,7974477558,BSNL,Delhi,P001430,Rajendran Naicker,VERIFIED,2021-03-15,,0,404040162475943
PH003154,7134351823,MTNL,Uttar Pradesh,P001431,Chandra Shekar Reddy,VERIFIED,2020-06-04,,0,404097417969343
PH003155,9057504213,MTNL,Rajasthan,P001432,Shanti Verma,VERIFIED,2024-03-20,,0,404027689580469
PH003156,9364268385,Vi,Goa,P001433,Reshma Idrisi,VERIFIED,2019-08-05,,0,404086146028261
PH003157,7621320643,Airtel,Tamil Nadu,P001434,Triloki Singh,VERIFIED,2025-06-05,,0,404033491498271
PH003158,8842222583,Jio,Goa,P001435,Mangamma Vemula,VERIFIED,2019-01-03,,0,404075065177782
PH003159,7814811571,MTNL,Jammu and Kashmir,P001436,Alpesh Shah,VERIFIED,2025-10-18,,0,404066427876128
PH003160,7416022750,Airtel,Odisha,P001437,Prabhakar Naidu,VERIFIED,2019-03-18,,0,404060440269392
PH003161,7651645014,Jio,Chhattisgarh,P001438,Mallesh Rao,VERIFIED,2022-07-06,,0,404099089572258
PH003162,9681561880,Jio,Jammu and Kashmir,P001439,Shabana Farooqui,VERIFIED,2018-08-10,,0,404070939908860
PH003163,8416135924,Jio,Kerala,P001440,Elango Annadurai,VERIFIED,2025-12-16,,0,404047710917660
PH003164,8093909924,BSNL,Tamil Nadu,P001441,Javed Shaikh,VERIFIED,2026-05-14,,0,404061741640121
PH003165,8482006995,Vi,Delhi,P001442,Bhavna Barot,VERIFIED,2019-09-06,,0,404051512064512
PH003166,9797075918,BSNL,Karnataka,P001443,Srinivas Varma,VERIFIED,2018-07-08,,0,404003579714679
PH003167,7095621269,Jio,Jammu and Kashmir,P001444,Clara Coutinho,VERIFIED,2020-04-08,,0,404086040963415
PH003168,7778303484,Airtel,Jharkhand,P001445,Jyoti Solanki,VERIFIED,2020-07-26,,0,404046378501093
PH003169,9614250275,BSNL,Bihar,P001446,Jayan Achari,VERIFIED,2023-01-16,,0,404064930141735
PH003170,9885220998,MTNL,Gujarat,P001447,Tanaji Gaikwad,VERIFIED,2019-04-17,,0,404002262191574
PH003171,9474728446,Jio,Gujarat,P001448,Reshma Chaudhary,VERIFIED,2021-04-05,,0,404087273513051
PH003172,7555870914,Jio,Uttarakhand,P001449,Swapan Bose,VERIFIED,2024-01-31,,0,404093784031224
PH003173,8851879088,BSNL,West Bengal,P001450,Chitra Chettiar,VERIFIED,2024-09-30,,0,404010970540352
PH003174,7958045437,MTNL,Goa,P001451,Sindhu Panicker,VERIFIED,2020-02-13,,0,404074556705381
PH003175,9768049497,BSNL,Telangana,P001452,Preeti Tomar,VERIFIED,2019-02-13,,0,404079194649983
PH003176,9386010181,Vi,Andhra Pradesh,P001453,Unnikrishnan Achari,VERIFIED,2025-11-05,,0,404001108377632
PH003177,7100118944,Jio,Punjab,P001454,Chitra Kurup,VERIFIED,2023-08-07,,0,404065459709677
PH003178,9112838245,Airtel,Karnataka,P001455,Kesar Jhala,VERIFIED,2022-08-31,,0,404099593811447
PH003179,8223046337,Airtel,Bihar,P001456,Hanumanthappa Kamath,VERIFIED,2019-06-01,,0,404047266201789
PH003180,7255738130,BSNL,Rajasthan,P001457,Nepal Biswas,VERIFIED,2018-01-23,,0,404075405485066
PH003181,8299787641,Jio,Assam,P001458,Sanjib Sarkar,VERIFIED,2019-02-01,,0,404093476553161
PH003182,8456577525,MTNL,Maharashtra,P001459,Sujatha Yadav,VERIFIED,2020-03-04,,0,404017474287393
PH003183,9119519649,Vi,Gujarat,P001460,Nilesh Jadhav,VERIFIED,2019-08-21,,0,404017039156785
PH003184,7790768489,MTNL,Chhattisgarh,P001461,Chandra Shekar Choudary,VERIFIED,2021-04-06,,0,404088400377217
PH003185,8909416795,Jio,Kerala,P001462,Shyamlal Awasthi,VERIFIED,2022-12-06,,0,404003472124261
PH003186,7510405426,Airtel,Goa,P001463,Sudheer Menon,VERIFIED,2026-03-04,,0,404001902524393
PH003187,7211116998,Airtel,Uttarakhand,P001464,Sathish Sharma,VERIFIED,2025-06-30,,0,404018952069687
PH003188,7997015815,Jio,West Bengal,P001465,Afsana Mirza,VERIFIED,2019-05-29,,0,404058468903397
PH003189,8873334839,MTNL,Rajasthan,P001466,Afsana Shaikh,VERIFIED,2025-03-27,,0,404085906338199
PH003190,9674927138,Vi,Rajasthan,P001467,Rubina Chaudhary,VERIFIED,2023-09-20,,0,404004323428967
PH003191,8815205004,Airtel,Karnataka,P001468,Arun Prajapati,VERIFIED,2019-09-12,,0,404008974843598
PH003192,7838782034,MTNL,Karnataka,P001469,Sandeep Mishra,VERIFIED,2020-02-25,,0,404045053128834
PH003193,7410009509,BSNL,Assam,P001470,Nadeem Shaikh,VERIFIED,2021-06-11,,0,404016593237602
PH003194,8736601012,Airtel,Delhi,P001471,Sudarshan Swain,VERIFIED,2020-02-01,,0,404074650856428
PH003195,7746527595,Jio,Assam,P001472,Karthik Mudaliar,VERIFIED,2024-08-11,,0,404048588013700
PH003196,8693057561,Vi,Kerala,P001473,Shabana Qureshi,VERIFIED,2024-03-14,,0,404081859064004
PH003197,9312250332,BSNL,Odisha,P001474,Joseph Almeida,VERIFIED,2021-10-15,,0,404006708372560
PH003198,9031980087,Vi,Goa,P001475,Bandana Biswas,VERIFIED,2018-03-19,,0,404085605705924
PH003199,8608086227,MTNL,Chhattisgarh,P001476,Sandip Patil,VERIFIED,2026-05-14,,0,404035491198844
PH003200,9925476620,BSNL,Gujarat,P001477,Chhaya Bhattacharya,VERIFIED,2022-09-09,,0,404042454834813
PH003201,8429953973,Vi,Tamil Nadu,P001478,Satish Mishra,VERIFIED,2022-02-10,,0,404009716003395
PH003202,7072028560,BSNL,Rajasthan,P001479,Jaswant Sandhu,VERIFIED,2020-12-25,,0,404069893260769
PH003203,8916036441,BSNL,Andhra Pradesh,P001480,Ibrahim Ahmed,VERIFIED,2024-02-27,,0,404030719600362
PH003204,9043232885,BSNL,Punjab,P001481,Vaishnavi Gaikwad,VERIFIED,2018-06-07,,0,404093052718319
PH003205,7881306577,Airtel,West Bengal,P001482,Sujoy Sardar,VERIFIED,2021-06-22,,0,404070435944911
PH003206,9705002021,Airtel,Andhra Pradesh,P001483,Udaiveer Sengar,VERIFIED,2018-12-06,,0,404045160731458
PH003207,8988483382,Jio,Jharkhand,P001484,Sukhdev Dhillon,VERIFIED,2022-09-26,,0,404069830003443
PH003208,9627644714,Jio,Tamil Nadu,P001485,Farida Sheikh,VERIFIED,2025-08-24,,0,404000553947334
PH003209,9985366775,MTNL,Gujarat,P001486,Netrapal Bhardwaj,VERIFIED,2023-08-25,,0,404031089731152
PH003210,8104821098,Airtel,West Bengal,P001487,Amol Mhatre,VERIFIED,2024-08-27,,0,404006910677499
PH003211,8310957025,BSNL,Haryana,P001488,Manpreet Bains,VERIFIED,2022-02-14,,0,404092986776664
PH003212,9352595677,Jio,Maharashtra,P001489,Narsimha Prasad,VERIFIED,2019-07-21,,0,404075473301478
PH003213,9014496405,BSNL,Chhattisgarh,P001490,Renuka Kulkarni,VERIFIED,2025-05-21,,0,404051184275395
PH003214,8845199704,Airtel,Rajasthan,P001491,Shabana Siddiqui,VERIFIED,2018-06-04,,0,404030050771698
PH003215,9290810904,MTNL,Tamil Nadu,P001492,Basanti Dash,VERIFIED,2018-10-04,,0,404082361959212
PH003216,8728347616,BSNL,Chhattisgarh,P001493,Nitin Jadhav,VERIFIED,2025-09-22,,0,404005454744878
PH003217,8942692522,Airtel,Odisha,P001494,Poonam Sengar,VERIFIED,2022-12-12,,0,404069353012752
PH003218,7844724377,Vi,Uttarakhand,P001495,Satish Verma,VERIFIED,2021-02-11,,0,404052925943326
PH003219,7634299726,BSNL,Rajasthan,P001496,Poonam Pandey,VERIFIED,2025-04-26,,0,404041787804290
PH003220,9921509856,Vi,Uttarakhand,P001497,Deepak Singh,VERIFIED,2020-11-30,,0,404012163268845
PH003221,7715120008,BSNL,Chhattisgarh,P001498,Selvam Chettiar,VERIFIED,2019-02-18,,0,404001895330793
PH003222,7766082770,Airtel,Haryana,P001499,Palash Adhikari,VERIFIED,2024-09-25,,0,404062086611810
PH003223,9912159863,Vi,Delhi,P001500,Salim Qureshi,VERIFIED,2018-09-20,,0,404018125468271
