anomaly_id,pattern,entity_type,entity_ids,linked_incident_id,window_start,window_end,description,detect_with
ANOM000001,PRE_INCIDENT_CALL_BURST,PERSON_SET,P000810|P000802,INC000353,2022-06-06T18:33,2022-06-08T18:33,"26 calls among 2 accused inside the 48h preceding ATTEMPT_TO_MURDER at Punhana, Nuh; traffic drops to zero afterwards.",Temporal edge-density spike / burst detection on CDR
ANOM000002,PRE_INCIDENT_CALL_BURST,PERSON_SET,P000698|P000708,INC000361,2022-10-17T09:21,2022-10-19T09:21,"34 calls among 2 accused inside the 48h preceding MONEY_LAUNDERING at Nayapalli, Bhubaneswar; traffic drops to zero afterwards.",Temporal edge-density spike / burst detection on CDR
ANOM000003,PRE_INCIDENT_CALL_BURST,PERSON_SET,P000388|P000394,INC002169,2024-10-28T13:19,2024-10-30T13:19,"26 calls among 2 accused inside the 48h preceding ATTEMPT_TO_MURDER at Kadamkuan, Patna; traffic drops to zero afterwards.",Temporal edge-density spike / burst detection on CDR
ANOM000004,PRE_INCIDENT_CALL_BURST,PERSON_SET,P000910|P000922|P000964,INC002016,2021-09-19T12:46,2021-09-21T12:46,"36 calls among 3 accused inside the 48h preceding ARMS_ACT at Kadamkuan, Patna; traffic drops to zero afterwards.",Temporal edge-density spike / burst detection on CDR
ANOM000005,PRE_INCIDENT_CALL_BURST,PERSON_SET,P000572|P000596|P000600|P000588|P000580,INC001812,2024-12-19T08:47,2024-12-21T08:47,"19 calls among 5 accused inside the 48h preceding FICN_COUNTERFEIT at Kadamkuan, Patna; traffic drops to zero afterwards.",Temporal edge-density spike / burst detection on CDR
ANOM000006,PRE_INCIDENT_CALL_BURST,PERSON_SET,P000499|P000498,INC000400,2023-12-21T11:04,2023-12-23T11:04,"25 calls among 2 accused inside the 48h preceding ARMS_ACT at Morar, Gwalior; traffic drops to zero afterwards.",Temporal edge-density spike / burst detection on CDR
ANOM000007,PRE_INCIDENT_CALL_BURST,PERSON_SET,P000654|P000656|P000653|P000652,INC001411,2022-12-05T13:47,2022-12-07T13:47,"16 calls among 4 accused inside the 48h preceding ARMS_ACT at Berhampur, Ganjam; traffic drops to zero afterwards.",Temporal edge-density spike / burst detection on CDR
ANOM000008,PRE_INCIDENT_CALL_BURST,PERSON_SET,P000572|P000605|P000597|P000579,INC001414,2025-07-28T22:47,2025-07-30T22:47,"14 calls among 4 accused inside the 48h preceding FICN_COUNTERFEIT at Paltan Bazaar, Guwahati; traffic drops to zero afterwards.",Temporal edge-density spike / burst detection on CDR
ANOM000009,PRE_INCIDENT_CALL_BURST,PERSON_SET,P000393|P000377,INC000627,2024-06-01T22:45,2024-06-03T22:45,"35 calls among 2 accused inside the 48h preceding MURDER at Osian, Jodhpur; traffic drops to zero afterwards.",Temporal edge-density spike / burst detection on CDR
ANOM000010,PRE_INCIDENT_CALL_BURST,PERSON_SET,P000160|P000152,INC000149,2024-09-03T02:39,2024-09-05T02:39,"36 calls among 2 accused inside the 48h preceding NDPS_TRAFFICKING at Najafgarh, New Delhi; traffic drops to zero afterwards.",Temporal edge-density spike / burst detection on CDR
ANOM000011,PRE_INCIDENT_CALL_BURST,PERSON_SET,P000714|P000739,INC001499,2025-08-21T16:36,2025-08-23T16:36,"22 calls among 2 accused inside the 48h preceding EXTORTION at Varachha, Surat; traffic drops to zero afterwards.",Temporal edge-density spike / burst detection on CDR
ANOM000012,PRE_INCIDENT_CALL_BURST,PERSON_SET,P000537|P000558,INC001538,2023-03-09T22:05,2023-03-11T22:05,"39 calls among 2 accused inside the 48h preceding ROBBERY at Sohna, Gurugram; traffic drops to zero afterwards.",Temporal edge-density spike / burst detection on CDR
ANOM000013,PRE_INCIDENT_CALL_BURST,PERSON_SET,P000776|P000795|P000779,INC000633,2024-02-08T01:29,2024-02-10T01:29,"30 calls among 3 accused inside the 48h preceding ARMS_ACT at Hatia, Ranchi; traffic drops to zero afterwards.",Temporal edge-density spike / burst detection on CDR
ANOM000014,PRE_INCIDENT_CALL_BURST,PERSON_SET,P000999|P000896|P000900|P000989,INC001390,2025-09-02T06:51,2025-09-04T06:51,"12 calls among 4 accused inside the 48h preceding DACOITY at Chintapalli, Alluri Sitharama Raju; traffic drops to zero afterwards.",Temporal edge-density spike / burst detection on CDR
ANOM000015,PRE_INCIDENT_CALL_BURST,PERSON_SET,P000385|P000366|P000399|P000406,INC000011,2025-04-07T14:26,2025-04-09T14:26,"37 calls among 4 accused inside the 48h preceding ATTEMPT_TO_MURDER at Rajghat, Gorakhpur; traffic drops to zero afterwards.",Temporal edge-density spike / burst detection on CDR
ANOM000016,PRE_INCIDENT_CALL_BURST,PERSON_SET,P000155|P000150|P000128|P000171|P000110|P000173|P000119,INC001865,2022-10-28T16:08,2022-10-30T16:08,"29 calls among 7 accused inside the 48h preceding NDPS_TRAFFICKING at Chohtan, Barmer; traffic drops to zero afterwards.",Temporal edge-density spike / burst detection on CDR
ANOM000017,PRE_INCIDENT_CALL_BURST,PERSON_SET,P000966|P000987|P000916,INC001891,2025-11-24T04:05,2025-11-26T04:05,"15 calls among 3 accused inside the 48h preceding ORGANISED_CRIME at Maisuma, Srinagar; traffic drops to zero afterwards.",Temporal edge-density spike / burst detection on CDR
ANOM000018,PRE_INCIDENT_CALL_BURST,PERSON_SET,P000781|P000765|P000794|P000789|P000799,INC001427,2022-06-06T01:59,2022-06-08T01:59,"24 calls among 5 accused inside the 48h preceding KIDNAP_FOR_RANSOM at Sarwan, Deoghar; traffic drops to zero afterwards.",Temporal edge-density spike / burst detection on CDR
ANOM000019,PRE_INCIDENT_CALL_BURST,PERSON_SET,P000558|P000550|P000557|P000540|P000543|P000525|P000528,INC001782,2025-12-31T01:15,2026-01-02T01:15,"22 calls among 7 accused inside the 48h preceding ROBBERY at Rajghat, Gorakhpur; traffic drops to zero afterwards.",Temporal edge-density spike / burst detection on CDR
ANOM000020,PRE_INCIDENT_CALL_BURST,PERSON_SET,P000981|P000910|P000945|P000887|P000998,INC001147,2023-08-17T02:52,2023-08-19T02:52,"35 calls among 5 accused inside the 48h preceding ARMS_ACT at Ramgarh, Alwar; traffic drops to zero afterwards.",Temporal edge-density spike / burst detection on CDR
ANOM000021,PRE_INCIDENT_CALL_BURST,PERSON_SET,P000370|P000398,INC001598,2024-08-22T13:59,2024-08-24T13:59,"30 calls among 2 accused inside the 48h preceding EXTORTION at Mahadeva, Siwan; traffic drops to zero afterwards.",Temporal edge-density spike / burst detection on CDR
ANOM000022,PRE_INCIDENT_CALL_BURST,PERSON_SET,P000580|P000582|P000573|P000577|P000583,INC001851,2024-06-22T12:36,2024-06-24T12:36,"20 calls among 5 accused inside the 48h preceding FICN_COUNTERFEIT at Sutarkandi, Karimganj; traffic drops to zero afterwards.",Temporal edge-density spike / burst detection on CDR
ANOM000023,PRE_INCIDENT_CALL_BURST,PERSON_SET,P000098|P000159|P000158|P000110|P000165,INC001654,2026-06-24T05:36,2026-06-26T05:36,"19 calls among 5 accused inside the 48h preceding ARMS_ACT at Chandni Chowk, New Delhi; traffic drops to zero afterwards.",Temporal edge-density spike / burst detection on CDR
ANOM000024,PRE_INCIDENT_CALL_BURST,PERSON_SET,P000115|P000126|P000133,INC000087,2025-08-20T11:04,2025-08-22T11:04,"26 calls among 3 accused inside the 48h preceding ARMS_ACT at Karol Bagh, New Delhi; traffic drops to zero afterwards.",Temporal edge-density spike / burst detection on CDR
ANOM000025,PRE_INCIDENT_CALL_BURST,PERSON_SET,P000386|P000405,INC001177,2022-04-17T16:13,2022-04-19T16:13,"19 calls among 2 accused inside the 48h preceding MURDER at Dhoomanganj, Prayagraj; traffic drops to zero afterwards.",Temporal edge-density spike / burst detection on CDR
ANOM000026,PRE_INCIDENT_CALL_BURST,PERSON_SET,P000255|P000184|P000251|P000243|P000227,INC000442,2022-05-24T04:03,2022-05-26T04:03,"13 calls among 5 accused inside the 48h preceding MONEY_LAUNDERING at Yeshwanthpur, Bengaluru; traffic drops to zero afterwards.",Temporal edge-density spike / burst detection on CDR
ANOM000027,PRE_INCIDENT_CALL_BURST,PERSON_SET,P000376|P000361|P000385,INC000724,2024-10-04T15:29,2024-10-06T15:29,"15 calls among 3 accused inside the 48h preceding EXTORTION at KG Halli, Bengaluru; traffic drops to zero afterwards.",Temporal edge-density spike / burst detection on CDR
ANOM000028,PRE_INCIDENT_CALL_BURST,PERSON_SET,P000350|P000344|P000309,INC000269,2020-06-06T19:34,2020-06-08T19:34,"34 calls among 3 accused inside the 48h preceding MONEY_LAUNDERING at Kaliachak, Malda; traffic drops to zero afterwards.",Temporal edge-density spike / burst detection on CDR
ANOM000029,PRE_INCIDENT_CALL_BURST,PERSON_SET,P000777|P000800|P000775,INC001078,2024-02-12T08:02,2024-02-14T08:02,"33 calls among 3 accused inside the 48h preceding MURDER at Karol Bagh, New Delhi; traffic drops to zero afterwards.",Temporal edge-density spike / burst detection on CDR
ANOM000030,PRE_INCIDENT_CALL_BURST,PERSON_SET,P000767|P000790,INC001743,2022-08-31T13:18,2022-09-02T13:18,"20 calls among 2 accused inside the 48h preceding KIDNAP_FOR_RANSOM at Paharganj, New Delhi; traffic drops to zero afterwards.",Temporal edge-density spike / burst detection on CDR
ANOM000031,PRE_INCIDENT_CALL_BURST,PERSON_SET,P000673|P000685|P000711,INC000788,2025-04-10T04:42,2025-04-12T04:42,"29 calls among 3 accused inside the 48h preceding CHIT_FUND_PONZI at Karmatanr, Jamtara; traffic drops to zero afterwards.",Temporal edge-density spike / burst detection on CDR
ANOM000032,PRE_INCIDENT_CALL_BURST,PERSON_SET,P000998|P000981,INC001576,2023-04-26T02:42,2023-04-28T02:42,"36 calls among 2 accused inside the 48h preceding ARMS_ACT at Thalassery, Kannur; traffic drops to zero afterwards.",Temporal edge-density spike / burst detection on CDR
ANOM000033,PRE_INCIDENT_CALL_BURST,PERSON_SET,P000820|P000822|P000811|P000829,INC000075,2022-06-20T12:01,2022-06-22T12:01,"25 calls among 4 accused inside the 48h preceding ORGANISED_CRIME at Sarai Mir, Azamgarh; traffic drops to zero afterwards.",Temporal edge-density spike / burst detection on CDR
ANOM000034,PRE_INCIDENT_CALL_BURST,PERSON_SET,P000494|P000485,INC001588,2026-05-21T14:50,2026-05-23T14:50,"13 calls among 2 accused inside the 48h preceding ARMS_ACT at Morar, Gwalior; traffic drops to zero afterwards.",Temporal edge-density spike / burst detection on CDR
ANOM000035,PRE_INCIDENT_CALL_BURST,PERSON_SET,P000324|P000295,INC000714,2026-06-25T10:17,2026-06-27T10:17,"30 calls among 2 accused inside the 48h preceding MONEY_LAUNDERING at Charminar, Hyderabad; traffic drops to zero afterwards.",Temporal edge-density spike / burst detection on CDR
ANOM000036,PRE_INCIDENT_CALL_BURST,PERSON_SET,P000112|P000122|P000162|P000097|P000159,INC002182,2026-06-07T04:46,2026-06-09T04:46,"23 calls among 5 accused inside the 48h preceding MONEY_LAUNDERING at Chomu, Jaipur; traffic drops to zero afterwards.",Temporal edge-density spike / burst detection on CDR
ANOM000037,PRE_INCIDENT_CALL_BURST,PERSON_SET,P000393|P000369|P000409,INC001508,2025-12-14T15:39,2025-12-16T15:39,"37 calls among 3 accused inside the 48h preceding EXTORTION at Chomu, Jaipur; traffic drops to zero afterwards.",Temporal edge-density spike / burst detection on CDR
ANOM000038,PRE_INCIDENT_CALL_BURST,PERSON_SET,P000765|P000792|P000772,INC001216,2025-03-02T11:19,2025-03-04T11:19,"21 calls among 3 accused inside the 48h preceding ORGANISED_CRIME at Nangloi, New Delhi; traffic drops to zero afterwards.",Temporal edge-density spike / burst detection on CDR
ANOM000039,PRE_INCIDENT_CALL_BURST,PERSON_SET,P000497|P000492,INC001205,2026-06-08T10:28,2026-06-10T10:28,"14 calls among 2 accused inside the 48h preceding ARMS_ACT at Sarwan, Deoghar; traffic drops to zero afterwards.",Temporal edge-density spike / burst detection on CDR
ANOM000040,PRE_INCIDENT_CALL_BURST,PERSON_SET,P000573|P000609|P000592|P000598,INC001161,2025-02-17T03:07,2025-02-19T03:07,"39 calls among 4 accused inside the 48h preceding FICN_COUNTERFEIT at Baradari, Bareilly; traffic drops to zero afterwards.",Temporal edge-density spike / burst detection on CDR
ANOM000041,PRE_INCIDENT_CALL_BURST,PERSON_SET,P000728|P000736|P000718|P000759|P000758,INC001252,2024-04-07T03:11,2024-04-09T03:11,"25 calls among 5 accused inside the 48h preceding EXTORTION at Hanamkonda, Warangal; traffic drops to zero afterwards.",Temporal edge-density spike / burst detection on CDR
ANOM000042,PRE_INCIDENT_CALL_BURST,PERSON_SET,P000972|P000884|P000947,INC000467,2022-12-31T11:49,2023-01-02T11:49,"37 calls among 3 accused inside the 48h preceding DACOITY at Hanamkonda, Warangal; traffic drops to zero afterwards.",Temporal edge-density spike / burst detection on CDR
ANOM000043,PRE_INCIDENT_CALL_BURST,PERSON_SET,P000383|P000375|P000395,INC001083,2020-02-20T05:44,2020-02-22T05:44,"23 calls among 3 accused inside the 48h preceding ATTEMPT_TO_MURDER at Khajanchi Hat, Purnia; traffic drops to zero afterwards.",Temporal edge-density spike / burst detection on CDR
ANOM000044,PRE_INCIDENT_CALL_BURST,PERSON_SET,P000968|P000993|P000965,INC000040,2026-02-07T21:08,2026-02-09T21:08,"30 calls among 3 accused inside the 48h preceding ORGANISED_CRIME at Yeshwanthpur, Bengaluru; traffic drops to zero afterwards.",Temporal edge-density spike / burst detection on CDR
ANOM000045,PRE_INCIDENT_CALL_BURST,PERSON_SET,P000676|P000690|P000678|P000712|P000693,INC001937,2023-05-23T04:44,2023-05-25T04:44,"33 calls among 5 accused inside the 48h preceding CHIT_FUND_PONZI at Chitrakonda, Malkangiri; traffic drops to zero afterwards.",Temporal edge-density spike / burst detection on CDR
ANOM000046,PRE_INCIDENT_CALL_BURST,PERSON_SET,P000952|P000888,INC000084,2021-04-29T22:30,2021-05-01T22:30,"16 calls among 2 accused inside the 48h preceding DACOITY at Maisuma, Srinagar; traffic drops to zero afterwards.",Temporal edge-density spike / burst detection on CDR
ANOM000047,PRE_INCIDENT_CALL_BURST,PERSON_SET,P000654|P000644|P000627|P000624,INC000626,2023-12-09T13:22,2023-12-11T13:22,"15 calls among 4 accused inside the 48h preceding ARMS_ACT at Charminar, Hyderabad; traffic drops to zero afterwards.",Temporal edge-density spike / burst detection on CDR
ANOM000048,PRE_INCIDENT_CALL_BURST,PERSON_SET,P000149|P000104,INC000789,2026-03-04T21:42,2026-03-06T21:42,"27 calls among 2 accused inside the 48h preceding MONEY_LAUNDERING at Kaman, Bharatpur; traffic drops to zero afterwards.",Temporal edge-density spike / burst detection on CDR
ANOM000049,PRE_INCIDENT_CALL_BURST,PERSON_SET,P000617|P000627|P000629|P000635|P000618,INC000265,2024-10-26T03:35,2024-10-28T03:35,"14 calls among 5 accused inside the 48h preceding ARMS_ACT at Kukatpally, Hyderabad; traffic drops to zero afterwards.",Temporal edge-density spike / burst detection on CDR
ANOM000050,PRE_INCIDENT_CALL_BURST,PERSON_SET,P000687|P000680|P000676,INC000048,2025-06-20T10:32,2025-06-22T10:32,"13 calls among 3 accused inside the 48h preceding MONEY_LAUNDERING at Kadamkuan, Patna; traffic drops to zero afterwards.",Temporal edge-density spike / burst detection on CDR
ANOM000051,PRE_INCIDENT_CALL_BURST,PERSON_SET,P000054|P000005,INC001303,2019-05-20T00:27,2019-05-22T00:27,"28 calls among 2 accused inside the 48h preceding ATTEMPT_TO_MURDER at Afzalpur, Kalaburagi; traffic drops to zero afterwards.",Temporal edge-density spike / burst detection on CDR
ANOM000052,PRE_INCIDENT_CALL_BURST,PERSON_SET,P000098|P000122|P000120,INC002124,2021-11-15T01:48,2021-11-17T01:48,"31 calls among 3 accused inside the 48h preceding MONEY_LAUNDERING at Ajnala, Amritsar; traffic drops to zero afterwards.",Temporal edge-density spike / burst detection on CDR
ANOM000053,PRE_INCIDENT_CALL_BURST,PERSON_SET,P000566|P000553,INC001084,2022-06-14T01:31,2022-06-16T01:31,"16 calls among 2 accused inside the 48h preceding ROBBERY at Kadamkuan, Patna; traffic drops to zero afterwards.",Temporal edge-density spike / burst detection on CDR
ANOM000054,PRE_INCIDENT_CALL_BURST,PERSON_SET,P000504|P000475|P000497|P000513|P000472,INC001241,2023-04-12T15:30,2023-04-14T15:30,"18 calls among 5 accused inside the 48h preceding ARMS_ACT at Kondhwa, Pune; traffic drops to zero afterwards.",Temporal edge-density spike / burst detection on CDR
ANOM000055,PRE_INCIDENT_CALL_BURST,PERSON_SET,P000918|P000954|P000982|P000904,INC000871,2021-07-29T13:33,2021-07-31T13:33,"39 calls among 4 accused inside the 48h preceding DACOITY at Ramgarh, Alwar; traffic drops to zero afterwards.",Temporal edge-density spike / burst detection on CDR
ANOM000056,PRE_INCIDENT_CALL_BURST,PERSON_SET,P000828|P000841|P000814|P000840,INC001900,2025-04-08T10:41,2025-04-10T10:41,"13 calls among 4 accused inside the 48h preceding EXTORTION at Kurla, Mumbai; traffic drops to zero afterwards.",Temporal edge-density spike / burst detection on CDR
ANOM000057,PRE_INCIDENT_CALL_BURST,PERSON_SET,P000988|P000945,INC000726,2026-03-16T19:36,2026-03-18T19:36,"40 calls among 2 accused inside the 48h preceding ORGANISED_CRIME at Paltan Bazaar, Guwahati; traffic drops to zero afterwards.",Temporal edge-density spike / burst detection on CDR
ANOM000058,PRE_INCIDENT_CALL_BURST,PERSON_SET,P000662|P000638|P000655|P000639,INC000797,2021-10-06T20:43,2021-10-08T20:43,"16 calls among 4 accused inside the 48h preceding NDPS_TRAFFICKING at Ukkadam, Coimbatore; traffic drops to zero afterwards.",Temporal edge-density spike / burst detection on CDR
ANOM000059,PRE_INCIDENT_CALL_BURST,PERSON_SET,P000585|P000576,INC001206,2019-10-30T21:14,2019-11-01T21:14,"13 calls among 2 accused inside the 48h preceding FICN_COUNTERFEIT at Line Bazaar, Jaunpur; traffic drops to zero afterwards.",Temporal edge-density spike / burst detection on CDR
ANOM000060,PRE_INCIDENT_CALL_BURST,PERSON_SET,P000105|P000117|P000104,INC002053,2025-02-22T06:16,2025-02-24T06:16,"13 calls among 3 accused inside the 48h preceding MONEY_LAUNDERING at Nakodar, Jalandhar; traffic drops to zero afterwards.",Temporal edge-density spike / burst detection on CDR
ANOM000061,PRE_INCIDENT_CALL_BURST,PERSON_SET,P000536|P000524,INC000689,2024-03-13T17:51,2024-03-15T17:51,"25 calls among 2 accused inside the 48h preceding ROBBERY at Mithanpura, Muzaffarpur; traffic drops to zero afterwards.",Temporal edge-density spike / burst detection on CDR
ANOM000062,PRE_INCIDENT_CALL_BURST,PERSON_SET,P000797|P000779|P000789|P000795|P000796,INC000355,2025-02-27T19:15,2025-03-01T19:15,"27 calls among 5 accused inside the 48h preceding EXTORTION at Rajabazar, Kolkata; traffic drops to zero afterwards.",Temporal edge-density spike / burst detection on CDR
ANOM000063,PRE_INCIDENT_CALL_BURST,PERSON_SET,P000928|P000959|P000979|P000925|P000901,INC001875,2023-07-20T15:27,2023-07-22T15:27,"36 calls among 5 accused inside the 48h preceding KIDNAP_FOR_RANSOM at Yeshwanthpur, Bengaluru; traffic drops to zero afterwards.",Temporal edge-density spike / burst detection on CDR
ANOM000064,PRE_INCIDENT_CALL_BURST,PERSON_SET,P000779|P000786|P000793,INC001192,2024-03-05T11:14,2024-03-07T11:14,"18 calls among 3 accused inside the 48h preceding ORGANISED_CRIME at Bengabad, Giridih; traffic drops to zero afterwards.",Temporal edge-density spike / burst detection on CDR
ANOM000065,PRE_INCIDENT_CALL_BURST,PERSON_SET,P000845|P000828|P000841,INC001396,2025-12-07T08:03,2025-12-09T08:03,"12 calls among 3 accused inside the 48h preceding ATTEMPT_TO_MURDER at Nakodar, Jalandhar; traffic drops to zero afterwards.",Temporal edge-density spike / burst detection on CDR
ANOM000066,PRE_INCIDENT_CALL_BURST,PERSON_SET,P000010|P000003|P000075|P000081,INC001170,2023-11-18T05:38,2023-11-20T05:38,"40 calls among 4 accused inside the 48h preceding EXTORTION at Chandni Chowk, New Delhi; traffic drops to zero afterwards.",Temporal edge-density spike / burst detection on CDR
ANOM000067,PRE_INCIDENT_CALL_BURST,PERSON_SET,P000572|P000575|P000607,INC000604,2024-12-20T13:52,2024-12-22T13:52,"25 calls among 3 accused inside the 48h preceding FICN_COUNTERFEIT at Najafgarh, New Delhi; traffic drops to zero afterwards.",Temporal edge-density spike / burst detection on CDR
ANOM000068,PRE_INCIDENT_CALL_BURST,PERSON_SET,P000792|P000783|P000781,INC001333,2023-11-07T11:07,2023-11-09T11:07,"37 calls among 3 accused inside the 48h preceding ORGANISED_CRIME at Karmatanr, Jamtara; traffic drops to zero afterwards.",Temporal edge-density spike / burst detection on CDR
ANOM000069,PRE_INCIDENT_CALL_BURST,PERSON_SET,P000023|P000069|P000052|P000028|P000064|P000006|P000015,INC001897,2024-08-11T21:43,2024-08-13T21:43,"39 calls among 7 accused inside the 48h preceding EXTORTION at KG Halli, Bengaluru; traffic drops to zero afterwards.",Temporal edge-density spike / burst detection on CDR
ANOM000070,PRE_INCIDENT_CALL_BURST,PERSON_SET,P000032|P000057|P000050|P000052|P000058,INC001898,2026-04-27T11:41,2026-04-29T11:41,"34 calls among 5 accused inside the 48h preceding ORGANISED_CRIME at Kurla, Mumbai; traffic drops to zero afterwards.",Temporal edge-density spike / burst detection on CDR
ANOM000071,PRE_INCIDENT_CALL_BURST,PERSON_SET,P000996|P000970|P000905,INC000997,2025-03-03T18:23,2025-03-05T18:23,"31 calls among 3 accused inside the 48h preceding MONEY_LAUNDERING at Varachha, Surat; traffic drops to zero afterwards.",Temporal edge-density spike / burst detection on CDR
ANOM000072,PRE_INCIDENT_CALL_BURST,PERSON_SET,P000995|P000984|P000938,INC001873,2026-05-02T11:08,2026-05-04T11:08,"31 calls among 3 accused inside the 48h preceding ORGANISED_CRIME at Anjuna, North Goa; traffic drops to zero afterwards.",Temporal edge-density spike / burst detection on CDR
ANOM000073,PRE_INCIDENT_CALL_BURST,PERSON_SET,P000899|P000896|P000980|P000946,INC000329,2025-12-12T12:02,2025-12-14T12:02,"38 calls among 4 accused inside the 48h preceding DACOITY at Bongaon, North 24 Parganas; traffic drops to zero afterwards.",Temporal edge-density spike / burst detection on CDR
ANOM000074,PRE_INCIDENT_CALL_BURST,PERSON_SET,P000400|P000410|P000409|P000380|P000364|P000406|P000359,INC001305,2024-02-12T00:43,2024-02-14T00:43,"28 calls among 7 accused inside the 48h preceding EXTORTION at Lisari Gate, Meerut; traffic drops to zero afterwards.",Temporal edge-density spike / burst detection on CDR
ANOM000075,PRE_INCIDENT_CALL_BURST,PERSON_SET,P000128|P000097,INC001947,2021-02-09T23:20,2021-02-11T23:20,"34 calls among 2 accused inside the 48h preceding MONEY_LAUNDERING at Chomu, Jaipur; traffic drops to zero afterwards.",Temporal edge-density spike / burst detection on CDR
ANOM000076,PRE_INCIDENT_CALL_BURST,PERSON_SET,P000767|P000780|P000782|P000790,INC000340,2026-02-07T14:25,2026-02-09T14:25,"17 calls among 4 accused inside the 48h preceding MURDER at Mahadeva, Siwan; traffic drops to zero afterwards.",Temporal edge-density spike / burst detection on CDR
ANOM000077,PRE_INCIDENT_CALL_BURST,PERSON_SET,P000427|P000423,INC000696,2026-01-14T18:28,2026-01-16T18:28,"34 calls among 2 accused inside the 48h preceding HUMAN_TRAFFICKING at Kasim Bazaar, Munger; traffic drops to zero afterwards.",Temporal edge-density spike / burst detection on CDR
ANOM000078,PRE_INCIDENT_CALL_BURST,PERSON_SET,P000791|P000777|P000793|P000781,INC000713,2020-01-24T12:49,2020-01-26T12:49,"12 calls among 4 accused inside the 48h preceding ARMS_ACT at Bongaon, North 24 Parganas; traffic drops to zero afterwards.",Temporal edge-density spike / burst detection on CDR
ANOM000079,PRE_INCIDENT_CALL_BURST,PERSON_SET,P000275|P000246,INC002181,2022-06-18T00:27,2022-06-20T00:27,"32 calls among 2 accused inside the 48h preceding MONEY_LAUNDERING at Hatia, Ranchi; traffic drops to zero afterwards.",Temporal edge-density spike / burst detection on CDR
ANOM000080,PRE_INCIDENT_CALL_BURST,PERSON_SET,P000237|P000245|P000182|P000252|P000261|P000203|P000215,INC001012,2022-10-18T22:49,2022-10-20T22:49,"16 calls among 7 accused inside the 48h preceding MONEY_LAUNDERING at KG Halli, Bengaluru; traffic drops to zero afterwards.",Temporal edge-density spike / burst detection on CDR
ANOM000081,PRE_INCIDENT_CALL_BURST,PERSON_SET,P000905|P000923,INC000940,2021-08-16T09:15,2021-08-18T09:15,"35 calls among 2 accused inside the 48h preceding DACOITY at Nayapalli, Bhubaneswar; traffic drops to zero afterwards.",Temporal edge-density spike / burst detection on CDR
ANOM000082,PRE_INCIDENT_CALL_BURST,PERSON_SET,P000904|P000974|P000899|P000895|P000920,INC002086,2026-06-17T08:26,2026-06-19T08:26,"25 calls among 5 accused inside the 48h preceding ORGANISED_CRIME at Gunadala, Vijayawada; traffic drops to zero afterwards.",Temporal edge-density spike / burst detection on CDR
ANOM000083,PRE_INCIDENT_CALL_BURST,PERSON_SET,P000693|P000703|P000704|P000677|P000695,INC001917,2021-03-22T09:05,2021-03-24T09:05,"38 calls among 5 accused inside the 48h preceding CHIT_FUND_PONZI at Mahadeva, Siwan; traffic drops to zero afterwards.",Temporal edge-density spike / burst detection on CDR
ANOM000084,PRE_INCIDENT_CALL_BURST,PERSON_SET,P000621|P000658,INC000946,2025-05-27T02:30,2025-05-29T02:30,"17 calls among 2 accused inside the 48h preceding NDPS_TRAFFICKING at Bhairamgarh, Bijapur; traffic drops to zero afterwards.",Temporal edge-density spike / burst detection on CDR
ANOM000085,PRE_INCIDENT_CALL_BURST,PERSON_SET,P000696|P000706|P000691|P000710,INC001482,2025-01-06T08:44,2025-01-08T08:44,"35 calls among 4 accused inside the 48h preceding MONEY_LAUNDERING at Karimpur, Nadia; traffic drops to zero afterwards.",Temporal edge-density spike / burst detection on CDR
ANOM000086,PRE_INCIDENT_CALL_BURST,PERSON_SET,P000886|P000881,INC002123,2026-05-20T16:03,2026-05-22T16:03,"16 calls among 2 accused inside the 48h preceding CHIT_FUND_PONZI at Mundra, Kutch; traffic drops to zero afterwards.",Temporal edge-density spike / burst detection on CDR
ANOM000087,PRE_INCIDENT_CALL_BURST,PERSON_SET,P000438|P000446|P000455,INC000261,2025-03-26T05:39,2025-03-28T05:39,"34 calls among 3 accused inside the 48h preceding HUMAN_TRAFFICKING at Chandauti, Gaya; traffic drops to zero afterwards.",Temporal edge-density spike / burst detection on CDR
ANOM000088,PRE_INCIDENT_CALL_BURST,PERSON_SET,P000038|P000030|P000043,INC000686,2026-01-16T09:14,2026-01-18T09:14,"24 calls among 3 accused inside the 48h preceding ATTEMPT_TO_MURDER at Kamptee, Nagpur; traffic drops to zero afterwards.",Temporal edge-density spike / burst detection on CDR
ANOM000089,PRE_INCIDENT_CALL_BURST,PERSON_SET,P000848|P000866|P000865|P000868|P000874|P000862|P000858,INC001666,2025-10-03T20:14,2025-10-05T20:14,"21 calls among 7 accused inside the 48h preceding WILDLIFE_TRAFFICKING at Mehgaon, Bhind; traffic drops to zero afterwards.",Temporal edge-density spike / burst detection on CDR
ANOM000090,PRE_INCIDENT_CALL_BURST,PERSON_SET,P000516|P000511|P000517,INC001679,2023-03-05T15:19,2023-03-07T15:19,"17 calls among 3 accused inside the 48h preceding MURDER at Bengabad, Giridih; traffic drops to zero afterwards.",Temporal edge-density spike / burst detection on CDR
ANOM000091,PRE_INCIDENT_CALL_BURST,PERSON_SET,P000099|P000126,INC000259,2023-05-11T12:27,2023-05-13T12:27,"24 calls among 2 accused inside the 48h preceding MONEY_LAUNDERING at Punhana, Nuh; traffic drops to zero afterwards.",Temporal edge-density spike / burst detection on CDR
ANOM000092,PRE_INCIDENT_CALL_BURST,PERSON_SET,P000614|P000638,INC000769,2020-06-24T05:12,2020-06-26T05:12,"23 calls among 2 accused inside the 48h preceding ARMS_ACT at Bhairamgarh, Bijapur; traffic drops to zero afterwards.",Temporal edge-density spike / burst detection on CDR
ANOM000093,PRE_INCIDENT_CALL_BURST,PERSON_SET,P000657|P000611|P000651|P000658|P000654|P000646|P000640,INC002186,2024-06-11T12:32,2024-06-13T12:32,"32 calls among 7 accused inside the 48h preceding NDPS_TRAFFICKING at Nayapalli, Bhubaneswar; traffic drops to zero afterwards.",Temporal edge-density spike / burst detection on CDR
ANOM000094,BURNER_SIM_ROTATION,PERSON,P000341,,2022-11-03T12:06,2023-07-01T12:06,Vipin Panicker discards one MSISDN and continues the same contact set on another; handset IMEI is the stitching key (3 SIMs on file).,IMEI-based SIM stitching + contact-set Jaccard similarity
ANOM000095,BURNER_SIM_ROTATION,PERSON,P000463,,2023-08-21T14:27,2024-04-17T14:27,Ashim Pal discards one MSISDN and continues the same contact set on another; handset IMEI is the stitching key (4 SIMs on file).,IMEI-based SIM stitching + contact-set Jaccard similarity
ANOM000096,BURNER_SIM_ROTATION,PERSON,P000686,,2023-04-13T23:04,2023-12-09T23:04,Arindam Halder discards one MSISDN and continues the same contact set on another; handset IMEI is the stitching key (4 SIMs on file).,IMEI-based SIM stitching + contact-set Jaccard similarity
ANOM000097,BURNER_SIM_ROTATION,PERSON,P000704,,2022-10-10T12:13,2023-06-07T12:13,Udaiveer Srivastava discards one MSISDN and continues the same contact set on another; handset IMEI is the stitching key (3 SIMs on file).,IMEI-based SIM stitching + contact-set Jaccard similarity
ANOM000098,BURNER_SIM_ROTATION,PERSON,P000047,,2021-07-25T08:47,2022-03-22T08:47,Swapnil Pawar discards one MSISDN and continues the same contact set on another; handset IMEI is the stitching key (4 SIMs on file).,IMEI-based SIM stitching + contact-set Jaccard similarity
ANOM000099,BURNER_SIM_ROTATION,PERSON,P000908,,2024-11-01T04:53,2025-06-29T04:53,Harpreet Sidhu discards one MSISDN and continues the same contact set on another; handset IMEI is the stitching key (4 SIMs on file).,IMEI-based SIM stitching + contact-set Jaccard similarity
ANOM000100,BURNER_SIM_ROTATION,PERSON,P000130,,2020-09-21T02:46,2021-05-19T02:46,Sohan Kumawat discards one MSISDN and continues the same contact set on another; handset IMEI is the stitching key (3 SIMs on file).,IMEI-based SIM stitching + contact-set Jaccard similarity
ANOM000101,BURNER_SIM_ROTATION,PERSON,P000859,,2019-08-14T18:24,2020-04-10T18:24,Thangaraj Naicker discards one MSISDN and continues the same contact set on another; handset IMEI is the stitching key (5 SIMs on file).,IMEI-based SIM stitching + contact-set Jaccard similarity
ANOM000102,BURNER_SIM_ROTATION,PERSON,P000283,,2025-05-29T22:57,2026-01-24T22:57,Shakeel Sheikh discards one MSISDN and continues the same contact set on another; handset IMEI is the stitching key (3 SIMs on file).,IMEI-based SIM stitching + contact-set Jaccard similarity
ANOM000103,BURNER_SIM_ROTATION,PERSON,P000339,,2020-07-28T06:18,2021-03-25T06:18,Nishad Jacob discards one MSISDN and continues the same contact set on another; handset IMEI is the stitching key (3 SIMs on file).,IMEI-based SIM stitching + contact-set Jaccard similarity
ANOM000104,BURNER_SIM_ROTATION,PERSON,P000527,,2024-06-03T07:40,2025-01-29T07:40,Harbhajan Sarao discards one MSISDN and continues the same contact set on another; handset IMEI is the stitching key (4 SIMs on file).,IMEI-based SIM stitching + contact-set Jaccard similarity
ANOM000105,BURNER_SIM_ROTATION,PERSON,P000768,,2023-05-02T04:32,2023-12-28T04:32,Prakash Gupta discards one MSISDN and continues the same contact set on another; handset IMEI is the stitching key (3 SIMs on file).,IMEI-based SIM stitching + contact-set Jaccard similarity
ANOM000106,BURNER_SIM_ROTATION,PERSON,P000361,,2025-01-19T17:51,2025-09-16T17:51,Ramesh Dixit discards one MSISDN and continues the same contact set on another; handset IMEI is the stitching key (4 SIMs on file).,IMEI-based SIM stitching + contact-set Jaccard similarity
ANOM000107,BURNER_SIM_ROTATION,PERSON,P000497,,2025-05-05T17:11,2025-12-31T17:11,Prakash Thakur discards one MSISDN and continues the same contact set on another; handset IMEI is the stitching key (6 SIMs on file).,IMEI-based SIM stitching + contact-set Jaccard similarity
ANOM000108,BURNER_SIM_ROTATION,PERSON,P000972,,2022-10-13T17:35,2023-06-10T17:35,Prakash Rai discards one MSISDN and continues the same contact set on another; handset IMEI is the stitching key (3 SIMs on file).,IMEI-based SIM stitching + contact-set Jaccard similarity
ANOM000109,BURNER_SIM_ROTATION,PERSON,P000531,,2022-01-19T22:17,2022-09-16T22:17,Ashfaq Rahman discards one MSISDN and continues the same contact set on another; handset IMEI is the stitching key (4 SIMs on file).,IMEI-based SIM stitching + contact-set Jaccard similarity
ANOM000110,BURNER_SIM_ROTATION,PERSON,P000315,,2020-05-01T04:26,2020-12-27T04:26,Paresh Vaghela discards one MSISDN and continues the same contact set on another; handset IMEI is the stitching key (4 SIMs on file).,IMEI-based SIM stitching + contact-set Jaccard similarity
ANOM000111,BURNER_SIM_ROTATION,PERSON,P000961,,2025-01-13T23:41,2025-09-10T23:41,Rambabu Tomar discards one MSISDN and continues the same contact set on another; handset IMEI is the stitching key (3 SIMs on file).,IMEI-based SIM stitching + contact-set Jaccard similarity
ANOM000112,BURNER_SIM_ROTATION,PERSON,P000693,,2019-04-09T09:54,2019-12-05T09:54,Arun Chauhan discards one MSISDN and continues the same contact set on another; handset IMEI is the stitching key (3 SIMs on file).,IMEI-based SIM stitching + contact-set Jaccard similarity
ANOM000113,BURNER_SIM_ROTATION,PERSON,P000400,,2018-11-27T22:27,2019-07-25T22:27,Mallikarjun Hiremath discards one MSISDN and continues the same contact set on another; handset IMEI is the stitching key (3 SIMs on file).,IMEI-based SIM stitching + contact-set Jaccard similarity
ANOM000114,BURNER_SIM_ROTATION,PERSON,P000812,,2021-12-26T04:10,2022-08-23T04:10,Udaiveer Baghel discards one MSISDN and continues the same contact set on another; handset IMEI is the stitching key (4 SIMs on file).,IMEI-based SIM stitching + contact-set Jaccard similarity
ANOM000115,BURNER_SIM_ROTATION,PERSON,P000517,,2021-02-26T06:31,2021-10-24T06:31,Hariom Sengar discards one MSISDN and continues the same contact set on another; handset IMEI is the stitching key (4 SIMs on file).,IMEI-based SIM stitching + contact-set Jaccard similarity
ANOM000116,BURNER_SIM_ROTATION,PERSON,P000881,,2022-12-21T20:49,2023-08-18T20:49,Rajitha Naidu discards one MSISDN and continues the same contact set on another; handset IMEI is the stitching key (4 SIMs on file).,IMEI-based SIM stitching + contact-set Jaccard similarity
ANOM000117,BURNER_SIM_ROTATION,PERSON,P000765,,2019-01-05T20:46,2019-09-02T20:46,Salim Shaikh discards one MSISDN and continues the same contact set on another; handset IMEI is the stitching key (4 SIMs on file).,IMEI-based SIM stitching + contact-set Jaccard similarity
ANOM000118,BURNER_SIM_ROTATION,PERSON,P000109,,2021-12-06T15:10,2022-08-03T15:10,Firoz Chaudhary discards one MSISDN and continues the same contact set on another; handset IMEI is the stitching key (4 SIMs on file).,IMEI-based SIM stitching + contact-set Jaccard similarity
ANOM000119,BURNER_SIM_ROTATION,PERSON,P000700,,2022-11-03T12:26,2023-07-01T12:26,Mahesh Yadav discards one MSISDN and continues the same contact set on another; handset IMEI is the stitching key (4 SIMs on file).,IMEI-based SIM stitching + contact-set Jaccard similarity
ANOM000120,BURNER_SIM_ROTATION,PERSON,P000869,,2021-08-26T23:41,2022-04-23T23:41,Selvam Subramanian discards one MSISDN and continues the same contact set on another; handset IMEI is the stitching key (4 SIMs on file).,IMEI-based SIM stitching + contact-set Jaccard similarity
ANOM000121,BURNER_SIM_ROTATION,PERSON,P000324,,2020-12-08T06:09,2021-08-05T06:09,Nilesh Parmar discards one MSISDN and continues the same contact set on another; handset IMEI is the stitching key (3 SIMs on file).,IMEI-based SIM stitching + contact-set Jaccard similarity
ANOM000122,BURNER_SIM_ROTATION,PERSON,P000835,,2020-11-27T17:35,2021-07-25T17:35,Bikramjit Sekhon discards one MSISDN and continues the same contact set on another; handset IMEI is the stitching key (5 SIMs on file).,IMEI-based SIM stitching + contact-set Jaccard similarity
ANOM000123,BURNER_SIM_ROTATION,PERSON,P000053,,2019-04-18T16:53,2019-12-14T16:53,Mangesh Shinde discards one MSISDN and continues the same contact set on another; handset IMEI is the stitching key (4 SIMs on file).,IMEI-based SIM stitching + contact-set Jaccard similarity
ANOM000124,BURNER_SIM_ROTATION,PERSON,P000010,,2019-08-07T04:01,2020-04-03T04:01,Amol Rane discards one MSISDN and continues the same contact set on another; handset IMEI is the stitching key (3 SIMs on file).,IMEI-based SIM stitching + contact-set Jaccard similarity
ANOM000125,BURNER_SIM_ROTATION,PERSON,P000312,,2021-03-03T03:23,2021-10-29T03:23,Anoop Kurup discards one MSISDN and continues the same contact set on another; handset IMEI is the stitching key (3 SIMs on file).,IMEI-based SIM stitching + contact-set Jaccard similarity
ANOM000126,BURNER_SIM_ROTATION,PERSON,P000843,,2019-04-19T13:03,2019-12-15T13:03,Ranveer Kumawat discards one MSISDN and continues the same contact set on another; handset IMEI is the stitching key (5 SIMs on file).,IMEI-based SIM stitching + contact-set Jaccard similarity
ANOM000127,BURNER_SIM_ROTATION,PERSON,P000286,,2019-12-15T21:20,2020-08-11T21:20,Gautam Mondal discards one MSISDN and continues the same contact set on another; handset IMEI is the stitching key (4 SIMs on file).,IMEI-based SIM stitching + contact-set Jaccard similarity
ANOM000128,BURNER_SIM_ROTATION,PERSON,P000801,,2024-02-26T21:12,2024-10-23T21:12,Nathu Ranawat discards one MSISDN and continues the same contact set on another; handset IMEI is the stitching key (4 SIMs on file).,IMEI-based SIM stitching + contact-set Jaccard similarity
ANOM000129,BURNER_SIM_ROTATION,PERSON,P000574,,2022-08-17T23:59,2023-04-14T23:59,Ashim Mondal discards one MSISDN and continues the same contact set on another; handset IMEI is the stitching key (3 SIMs on file).,IMEI-based SIM stitching + contact-set Jaccard similarity
ANOM000130,BURNER_SIM_ROTATION,PERSON,P000725,,2019-01-07T10:49,2019-09-04T10:49,Altaf Khan discards one MSISDN and continues the same contact set on another; handset IMEI is the stitching key (3 SIMs on file).,IMEI-based SIM stitching + contact-set Jaccard similarity
ANOM000131,BURNER_SIM_ROTATION,PERSON,P000826,,2020-08-06T15:43,2021-04-03T15:43,Jarnail Singh discards one MSISDN and continues the same contact set on another; handset IMEI is the stitching key (3 SIMs on file).,IMEI-based SIM stitching + contact-set Jaccard similarity
ANOM000132,BURNER_SIM_ROTATION,PERSON,P000255,,2019-02-17T19:11,2019-10-15T19:11,Lekhraj Dixit discards one MSISDN and continues the same contact set on another; handset IMEI is the stitching key (6 SIMs on file).,IMEI-based SIM stitching + contact-set Jaccard similarity
ANOM000133,BURNER_SIM_ROTATION,PERSON,P000571,,2022-10-06T04:55,2023-06-03T04:55,Salim Ahmed discards one MSISDN and continues the same contact set on another; handset IMEI is the stitching key (4 SIMs on file).,IMEI-based SIM stitching + contact-set Jaccard similarity
ANOM000134,BURNER_SIM_ROTATION,PERSON,P000386,,2025-02-19T00:21,2025-10-17T00:21,Thangaraj Naicker discards one MSISDN and continues the same contact set on another; handset IMEI is the stitching key (4 SIMs on file).,IMEI-based SIM stitching + contact-set Jaccard similarity
ANOM000135,BURNER_SIM_ROTATION,PERSON,P000636,,2020-11-12T12:29,2021-07-10T12:29,Lakshmi Sharma discards one MSISDN and continues the same contact set on another; handset IMEI is the stitching key (3 SIMs on file).,IMEI-based SIM stitching + contact-set Jaccard similarity
ANOM000136,BURNER_SIM_ROTATION,PERSON,P000792,,2022-06-04T00:42,2023-01-30T00:42,Nazia Khan discards one MSISDN and continues the same contact set on another; handset IMEI is the stitching key (3 SIMs on file).,IMEI-based SIM stitching + contact-set Jaccard similarity
ANOM000137,BURNER_SIM_ROTATION,PERSON,P000108,,2021-07-31T12:40,2022-03-28T12:40,Ranveer Kumawat discards one MSISDN and continues the same contact set on another; handset IMEI is the stitching key (4 SIMs on file).,IMEI-based SIM stitching + contact-set Jaccard similarity
ANOM000138,BURNER_SIM_ROTATION,PERSON,P000460,,2024-02-05T10:17,2024-10-02T10:17,Anil Pandey discards one MSISDN and continues the same contact set on another; handset IMEI is the stitching key (4 SIMs on file).,IMEI-based SIM stitching + contact-set Jaccard similarity
ANOM000139,BURNER_SIM_ROTATION,PERSON,P000545,,2020-03-27T00:07,2020-11-22T00:07,Abdul Alam discards one MSISDN and continues the same contact set on another; handset IMEI is the stitching key (4 SIMs on file).,IMEI-based SIM stitching + contact-set Jaccard similarity
ANOM000140,BURNER_SIM_ROTATION,PERSON,P000125,,2022-11-23T20:37,2023-07-21T20:37,Sarfaraz Idrisi discards one MSISDN and continues the same contact set on another; handset IMEI is the stitching key (5 SIMs on file).,IMEI-based SIM stitching + contact-set Jaccard similarity
ANOM000141,BURNER_SIM_ROTATION,PERSON,P000008,,2022-05-24T08:52,2023-01-19T08:52,Tanveer Idrisi discards one MSISDN and continues the same contact set on another; handset IMEI is the stitching key (5 SIMs on file).,IMEI-based SIM stitching + contact-set Jaccard similarity
ANOM000142,BURNER_SIM_ROTATION,PERSON,P000097,,2020-03-10T05:53,2020-11-05T05:53,Manpreet Sekhon discards one MSISDN and continues the same contact set on another; handset IMEI is the stitching key (5 SIMs on file).,IMEI-based SIM stitching + contact-set Jaccard similarity
ANOM000143,BURNER_SIM_ROTATION,PERSON,P000156,,2024-02-21T19:45,2024-10-18T19:45,Paramjit Gill discards one MSISDN and continues the same contact set on another; handset IMEI is the stitching key (3 SIMs on file).,IMEI-based SIM stitching + contact-set Jaccard similarity
ANOM000144,BURNER_SIM_ROTATION,PERSON,P000660,,2020-12-22T22:24,2021-08-19T22:24,Srinivas Kondapalli discards one MSISDN and continues the same contact set on another; handset IMEI is the stitching key (4 SIMs on file).,IMEI-based SIM stitching + contact-set Jaccard similarity
ANOM000145,BURNER_SIM_ROTATION,PERSON,P000028,,2019-08-14T21:34,2020-04-10T21:34,Alpesh Thakor discards one MSISDN and continues the same contact set on another; handset IMEI is the stitching key (4 SIMs on file).,IMEI-based SIM stitching + contact-set Jaccard similarity
ANOM000146,BURNER_SIM_ROTATION,PERSON,P000344,,2022-01-20T00:46,2022-09-17T00:46,Jignesh Dave discards one MSISDN and continues the same contact set on another; handset IMEI is the stitching key (4 SIMs on file).,IMEI-based SIM stitching + contact-set Jaccard similarity
ANOM000147,BURNER_SIM_ROTATION,PERSON,P000733,,2023-03-22T10:10,2023-11-17T10:10,Kalpesh Solanki discards one MSISDN and continues the same contact set on another; handset IMEI is the stitching key (4 SIMs on file).,IMEI-based SIM stitching + contact-set Jaccard similarity
ANOM000148,BURNER_SIM_ROTATION,PERSON,P000672,,2022-01-20T10:11,2022-09-17T10:11,Sasmita Mallick discards one MSISDN and continues the same contact set on another; handset IMEI is the stitching key (3 SIMs on file).,IMEI-based SIM stitching + contact-set Jaccard similarity
ANOM000149,BURNER_SIM_ROTATION,PERSON,P000082,,2022-07-07T01:21,2023-03-04T01:21,Swapnil Jadhav discards one MSISDN and continues the same contact set on another; handset IMEI is the stitching key (3 SIMs on file).,IMEI-based SIM stitching + contact-set Jaccard similarity
ANOM000150,BURNER_SIM_ROTATION,PERSON,P000658,,2024-02-16T05:20,2024-10-13T05:20,Karthik Annadurai discards one MSISDN and continues the same contact set on another; handset IMEI is the stitching key (3 SIMs on file).,IMEI-based SIM stitching + contact-set Jaccard similarity
ANOM000151,BURNER_SIM_ROTATION,PERSON,P000276,,2023-03-30T13:50,2023-11-25T13:50,Sunil Rajput discards one MSISDN and continues the same contact set on another; handset IMEI is the stitching key (3 SIMs on file).,IMEI-based SIM stitching + contact-set Jaccard similarity
ANOM000152,BURNER_SIM_ROTATION,PERSON,P000256,,2023-06-15T20:14,2024-02-10T20:14,Mahesh Verma discards one MSISDN and continues the same contact set on another; handset IMEI is the stitching key (3 SIMs on file).,IMEI-based SIM stitching + contact-set Jaccard similarity
ANOM000153,STRUCTURING_SMURFING,ACCOUNT,AC000291,,2022-07-05T11:43,2022-07-30T11:43,"8 cash deposits each just below the Rs.50,000 reporting threshold, aggregating Rs.3,74,189, into the account of Sanjib Gayen across 25 days.",Threshold-proximity clustering + deposit-count velocity
ANOM000154,STRUCTURING_SMURFING,ACCOUNT,AC000180,,2023-12-02T07:18,2023-12-27T07:18,"12 cash deposits each just below the Rs.10,00,000 reporting threshold, aggregating Rs.1,19,58,352, into the account of Ranveer Choudhary across 25 days.",Threshold-proximity clustering + deposit-count velocity
ANOM000155,STRUCTURING_SMURFING,ACCOUNT,AC001448,,2019-02-18T05:57,2019-03-15T05:57,"8 cash deposits each just below the Rs.50,000 reporting threshold, aggregating Rs.3,83,230, into the account of Devendra Srivastava across 25 days.",Threshold-proximity clustering + deposit-count velocity
ANOM000156,STRUCTURING_SMURFING,ACCOUNT,AC000350,,2023-02-02T15:10,2023-02-27T15:10,"22 cash deposits each just below the Rs.10,00,000 reporting threshold, aggregating Rs.2,19,22,210, into the account of Mahesh Sharma across 25 days.",Threshold-proximity clustering + deposit-count velocity
ANOM000157,STRUCTURING_SMURFING,ACCOUNT,AC000817,,2021-12-01T08:02,2021-12-26T08:02,"17 cash deposits each just below the Rs.50,000 reporting threshold, aggregating Rs.7,97,741, into the account of Palash Sarkar across 25 days.",Threshold-proximity clustering + deposit-count velocity
ANOM000158,STRUCTURING_SMURFING,ACCOUNT,AC000921,,2022-08-25T12:40,2022-09-19T12:40,"15 cash deposits each just below the Rs.10,00,000 reporting threshold, aggregating Rs.1,49,46,139, into the account of Aslam Saifi across 25 days.",Threshold-proximity clustering + deposit-count velocity
ANOM000159,STRUCTURING_SMURFING,ACCOUNT,AC000837,,2023-10-19T13:41,2023-11-13T13:41,"9 cash deposits each just below the Rs.50,000 reporting threshold, aggregating Rs.4,23,167, into the account of Arun Kashyap across 25 days.",Threshold-proximity clustering + deposit-count velocity
ANOM000160,STRUCTURING_SMURFING,ACCOUNT,AC001520,,2018-07-29T04:43,2018-08-23T04:43,"19 cash deposits each just below the Rs.10,00,000 reporting threshold, aggregating Rs.1,89,25,928, into the account of Chinnadurai Annadurai across 25 days.",Threshold-proximity clustering + deposit-count velocity
ANOM000161,STRUCTURING_SMURFING,ACCOUNT,AC000039,,2025-08-15T17:06,2025-09-09T17:06,"7 cash deposits each just below the Rs.50,000 reporting threshold, aggregating Rs.3,23,744, into the account of Bharat Gohil across 25 days.",Threshold-proximity clustering + deposit-count velocity
ANOM000162,STRUCTURING_SMURFING,ACCOUNT,AC001599,,2019-01-25T08:39,2019-02-19T08:39,"15 cash deposits each just below the Rs.50,000 reporting threshold, aggregating Rs.7,04,639, into the account of Reshma Rahman across 25 days.",Threshold-proximity clustering + deposit-count velocity
ANOM000163,STRUCTURING_SMURFING,ACCOUNT,AC001428,,2020-02-29T16:30,2020-03-25T16:30,"20 cash deposits each just below the Rs.50,000 reporting threshold, aggregating Rs.9,37,457, into the account of Tarsem Virk across 25 days.",Threshold-proximity clustering + deposit-count velocity
ANOM000164,STRUCTURING_SMURFING,ACCOUNT,AC000320,,2020-04-19T18:04,2020-05-14T18:04,"13 cash deposits each just below the Rs.50,000 reporting threshold, aggregating Rs.6,06,781, into the account of Firoz Sheikh across 25 days.",Threshold-proximity clustering + deposit-count velocity
ANOM000165,STRUCTURING_SMURFING,ACCOUNT,AC000335,,2019-05-31T19:11,2019-06-25T19:11,"18 cash deposits each just below the Rs.50,000 reporting threshold, aggregating Rs.8,48,328, into the account of Pradip Barman across 25 days.",Threshold-proximity clustering + deposit-count velocity
ANOM000166,STRUCTURING_SMURFING,ACCOUNT,AC000110,,2025-01-25T14:10,2025-02-19T14:10,"11 cash deposits each just below the Rs.10,00,000 reporting threshold, aggregating Rs.1,09,66,072, into the account of Swapnil Salunkhe across 25 days.",Threshold-proximity clustering + deposit-count velocity
ANOM000167,STRUCTURING_SMURFING,ACCOUNT,AC000696,,2020-09-08T14:58,2020-10-03T14:58,"18 cash deposits each just below the Rs.50,000 reporting threshold, aggregating Rs.8,48,592, into the account of Palanisamy Raja across 25 days.",Threshold-proximity clustering + deposit-count velocity
ANOM000168,STRUCTURING_SMURFING,ACCOUNT,AC000947,,2019-10-16T04:12,2019-11-10T04:12,"11 cash deposits each just below the Rs.50,000 reporting threshold, aggregating Rs.5,17,561, into the account of Javed Alam across 25 days.",Threshold-proximity clustering + deposit-count velocity
ANOM000169,STRUCTURING_SMURFING,ACCOUNT,AC000582,,2024-05-17T14:39,2024-06-11T14:39,"13 cash deposits each just below the Rs.50,000 reporting threshold, aggregating Rs.6,10,037, into the account of Shakeel Ansari across 25 days.",Threshold-proximity clustering + deposit-count velocity
ANOM000170,STRUCTURING_SMURFING,ACCOUNT,AC000004,,2021-03-24T03:42,2021-04-18T03:42,"17 cash deposits each just below the Rs.50,000 reporting threshold, aggregating Rs.8,01,590, into the account of Shabana Baig across 25 days.",Threshold-proximity clustering + deposit-count velocity
ANOM000171,STRUCTURING_SMURFING,ACCOUNT,AC001551,,2021-02-07T21:15,2021-03-04T21:15,"10 cash deposits each just below the Rs.10,00,000 reporting threshold, aggregating Rs.99,66,465, into the account of Nepal Halder across 25 days.",Threshold-proximity clustering + deposit-count velocity
ANOM000172,STRUCTURING_SMURFING,ACCOUNT,AC000397,,2022-06-16T12:51,2022-07-11T12:51,"7 cash deposits each just below the Rs.10,00,000 reporting threshold, aggregating Rs.69,73,522, into the account of Dinesh Baghel across 25 days.",Threshold-proximity clustering + deposit-count velocity
ANOM000173,STRUCTURING_SMURFING,ACCOUNT,AC000905,,2023-11-23T12:10,2023-12-18T12:10,"16 cash deposits each just below the Rs.10,00,000 reporting threshold, aggregating Rs.1,59,41,414, into the account of Mahesh Chauhan across 25 days.",Threshold-proximity clustering + deposit-count velocity
ANOM000174,STRUCTURING_SMURFING,ACCOUNT,AC001038,,2020-08-08T19:35,2020-09-02T19:35,"15 cash deposits each just below the Rs.10,00,000 reporting threshold, aggregating Rs.1,49,60,874, into the account of Anup Roy across 25 days.",Threshold-proximity clustering + deposit-count velocity
ANOM000175,STRUCTURING_SMURFING,ACCOUNT,AC000937,,2023-07-18T02:19,2023-08-12T02:19,"19 cash deposits each just below the Rs.50,000 reporting threshold, aggregating Rs.8,85,693, into the account of Jaswant Brar across 25 days.",Threshold-proximity clustering + deposit-count velocity
ANOM000176,STRUCTURING_SMURFING,ACCOUNT,AC001293,,2021-02-07T18:55,2021-03-04T18:55,"16 cash deposits each just below the Rs.10,00,000 reporting threshold, aggregating Rs.1,59,39,774, into the account of Dharmesh Joshi across 25 days.",Threshold-proximity clustering + deposit-count velocity
ANOM000177,STRUCTURING_SMURFING,ACCOUNT,AC001096,,2018-06-05T00:52,2018-06-30T00:52,"15 cash deposits each just below the Rs.50,000 reporting threshold, aggregating Rs.6,95,262, into the account of Narsimha Prasad across 25 days.",Threshold-proximity clustering + deposit-count velocity
ANOM000178,STRUCTURING_SMURFING,ACCOUNT,AC000862,,2020-09-15T02:19,2020-10-10T02:19,"10 cash deposits each just below the Rs.50,000 reporting threshold, aggregating Rs.4,66,840, into the account of Jitendra Mishra across 25 days.",Threshold-proximity clustering + deposit-count velocity
ANOM000179,STRUCTURING_SMURFING,ACCOUNT,AC001609,,2019-04-09T15:25,2019-05-04T15:25,"9 cash deposits each just below the Rs.50,000 reporting threshold, aggregating Rs.4,16,215, into the account of Yallappa Acharya across 25 days.",Threshold-proximity clustering + deposit-count velocity
ANOM000180,STRUCTURING_SMURFING,ACCOUNT,AC000588,,2023-03-29T12:49,2023-04-23T12:49,"16 cash deposits each just below the Rs.50,000 reporting threshold, aggregating Rs.7,38,018, into the account of Shibu Thomas across 25 days.",Threshold-proximity clustering + deposit-count velocity
ANOM000181,STRUCTURING_SMURFING,ACCOUNT,AC001014,,2023-10-27T16:13,2023-11-21T16:13,"6 cash deposits each just below the Rs.50,000 reporting threshold, aggregating Rs.2,71,873, into the account of Vinod Nagar across 25 days.",Threshold-proximity clustering + deposit-count velocity
ANOM000182,STRUCTURING_SMURFING,ACCOUNT,AC001001,,2025-02-23T03:52,2025-03-20T03:52,"15 cash deposits each just below the Rs.10,00,000 reporting threshold, aggregating Rs.1,49,55,606, into the account of Triloki Yadav across 25 days.",Threshold-proximity clustering + deposit-count velocity
ANOM000183,STRUCTURING_SMURFING,ACCOUNT,AC000528,,2025-08-04T22:08,2025-08-29T22:08,"9 cash deposits each just below the Rs.50,000 reporting threshold, aggregating Rs.4,14,424, into the account of Afsana Malik across 25 days.",Threshold-proximity clustering + deposit-count velocity
ANOM000184,STRUCTURING_SMURFING,ACCOUNT,AC000735,,2021-08-02T01:23,2021-08-27T01:23,"7 cash deposits each just below the Rs.10,00,000 reporting threshold, aggregating Rs.69,70,149, into the account of Manikandan Annadurai across 25 days.",Threshold-proximity clustering + deposit-count velocity
ANOM000185,STRUCTURING_SMURFING,ACCOUNT,AC001484,,2018-03-14T03:00,2018-04-08T03:00,"17 cash deposits each just below the Rs.50,000 reporting threshold, aggregating Rs.8,01,862, into the account of Nagaraju Nallamothu across 25 days.",Threshold-proximity clustering + deposit-count velocity
ANOM000186,STRUCTURING_SMURFING,ACCOUNT,AC000981,,2020-04-29T13:41,2020-05-24T13:41,"15 cash deposits each just below the Rs.50,000 reporting threshold, aggregating Rs.7,00,943, into the account of Mahesh Kushwaha across 25 days.",Threshold-proximity clustering + deposit-count velocity
ANOM000187,STRUCTURING_SMURFING,ACCOUNT,AC001173,,2024-05-24T19:42,2024-06-18T19:42,"21 cash deposits each just below the Rs.50,000 reporting threshold, aggregating Rs.9,77,632, into the account of Kartik Sardar across 25 days.",Threshold-proximity clustering + deposit-count velocity
ANOM000188,STRUCTURING_SMURFING,ACCOUNT,AC000331,,2018-03-29T17:00,2018-04-23T17:00,"7 cash deposits each just below the Rs.50,000 reporting threshold, aggregating Rs.3,26,644, into the account of Sujoy Chakraborty across 25 days.",Threshold-proximity clustering + deposit-count velocity
ANOM000189,STRUCTURING_SMURFING,ACCOUNT,AC001598,,2024-09-01T16:33,2024-09-26T16:33,"14 cash deposits each just below the Rs.10,00,000 reporting threshold, aggregating Rs.1,39,53,690, into the account of Aruna Yadav across 25 days.",Threshold-proximity clustering + deposit-count velocity
ANOM000190,STRUCTURING_SMURFING,ACCOUNT,AC000316,,2020-03-09T22:40,2020-04-03T22:40,"15 cash deposits each just below the Rs.50,000 reporting threshold, aggregating Rs.6,90,903, into the account of Iqbal Khan across 25 days.",Threshold-proximity clustering + deposit-count velocity
ANOM000191,STRUCTURING_SMURFING,ACCOUNT,AC000908,,2022-04-17T12:05,2022-05-12T12:05,"9 cash deposits each just below the Rs.50,000 reporting threshold, aggregating Rs.4,18,191, into the account of Hariom Sengar across 25 days.",Threshold-proximity clustering + deposit-count velocity
ANOM000192,STRUCTURING_SMURFING,ACCOUNT,AC000566,,2022-10-08T13:13,2022-11-02T13:13,"10 cash deposits each just below the Rs.50,000 reporting threshold, aggregating Rs.4,71,368, into the account of Vipul Chauhan across 25 days.",Threshold-proximity clustering + deposit-count velocity
ANOM000193,STRUCTURING_SMURFING,ACCOUNT,AC000335,,2025-07-12T05:14,2025-08-06T05:14,"18 cash deposits each just below the Rs.50,000 reporting threshold, aggregating Rs.8,58,031, into the account of Pradip Barman across 25 days.",Threshold-proximity clustering + deposit-count velocity
ANOM000194,STRUCTURING_SMURFING,ACCOUNT,AC001502,,2023-01-16T01:21,2023-02-10T01:21,"6 cash deposits each just below the Rs.10,00,000 reporting threshold, aggregating Rs.59,78,810, into the account of Randhir Nishad across 25 days.",Threshold-proximity clustering + deposit-count velocity
ANOM000195,STRUCTURING_SMURFING,ACCOUNT,AC001075,,2025-08-27T13:30,2025-09-21T13:30,"16 cash deposits each just below the Rs.10,00,000 reporting threshold, aggregating Rs.1,59,46,976, into the account of Chandra Shekar Setty across 25 days.",Threshold-proximity clustering + deposit-count velocity
ANOM000196,STRUCTURING_SMURFING,ACCOUNT,AC000737,,2025-08-06T05:47,2025-08-31T05:47,"12 cash deposits each just below the Rs.10,00,000 reporting threshold, aggregating Rs.1,19,65,387, into the account of Manikandan Annadurai across 25 days.",Threshold-proximity clustering + deposit-count velocity
ANOM000197,STRUCTURING_SMURFING,ACCOUNT,AC000363,,2023-09-13T05:08,2023-10-08T05:08,"10 cash deposits each just below the Rs.10,00,000 reporting threshold, aggregating Rs.99,75,603, into the account of Udaiveer Yadav across 25 days.",Threshold-proximity clustering + deposit-count velocity
ANOM000198,STRUCTURING_SMURFING,ACCOUNT,AC001539,,2022-12-25T14:48,2023-01-19T14:48,"20 cash deposits each just below the Rs.50,000 reporting threshold, aggregating Rs.9,43,211, into the account of Yumnam Rabha across 25 days.",Threshold-proximity clustering + deposit-count velocity
ANOM000199,STRUCTURING_SMURFING,ACCOUNT,AC001001,,2019-01-13T05:41,2019-02-07T05:41,"20 cash deposits each just below the Rs.10,00,000 reporting threshold, aggregating Rs.1,99,42,280, into the account of Triloki Yadav across 25 days.",Threshold-proximity clustering + deposit-count velocity
ANOM000200,STRUCTURING_SMURFING,ACCOUNT,AC000018,,2024-08-15T20:34,2024-09-09T20:34,"20 cash deposits each just below the Rs.50,000 reporting threshold, aggregating Rs.9,33,840, into the account of Amol Rane across 25 days.",Threshold-proximity clustering + deposit-count velocity
ANOM000201,STRUCTURING_SMURFING,ACCOUNT,AC000908,,2025-10-11T00:43,2025-11-05T00:43,"11 cash deposits each just below the Rs.10,00,000 reporting threshold, aggregating Rs.1,09,67,926, into the account of Hariom Sengar across 25 days.",Threshold-proximity clustering + deposit-count velocity
ANOM000202,STRUCTURING_SMURFING,ACCOUNT,AC000227,,2018-01-29T15:52,2018-02-23T15:52,"13 cash deposits each just below the Rs.50,000 reporting threshold, aggregating Rs.6,05,732, into the account of Kulwant Aulakh across 25 days.",Threshold-proximity clustering + deposit-count velocity
ANOM000203,STRUCTURING_SMURFING,ACCOUNT,AC000174,,2022-09-04T20:14,2022-09-29T20:14,"8 cash deposits each just below the Rs.10,00,000 reporting threshold, aggregating Rs.79,65,280, into the account of Navneet Bajwa across 25 days.",Threshold-proximity clustering + deposit-count velocity
ANOM000204,STRUCTURING_SMURFING,ACCOUNT,AC001189,,2024-01-02T05:21,2024-01-27T05:21,"11 cash deposits each just below the Rs.10,00,000 reporting threshold, aggregating Rs.1,09,65,234, into the account of Balbir Mishra across 25 days.",Threshold-proximity clustering + deposit-count velocity
ANOM000205,STRUCTURING_SMURFING,ACCOUNT,AC001528,,2025-03-23T23:50,2025-04-17T23:50,"22 cash deposits each just below the Rs.10,00,000 reporting threshold, aggregating Rs.2,19,40,845, into the account of Satish Maurya across 25 days.",Threshold-proximity clustering + deposit-count velocity
ANOM000206,STRUCTURING_SMURFING,ACCOUNT,AC001372,,2018-05-26T11:29,2018-06-20T11:29,"16 cash deposits each just below the Rs.50,000 reporting threshold, aggregating Rs.7,49,800, into the account of Firoz Siddiqui across 25 days.",Threshold-proximity clustering + deposit-count velocity
ANOM000207,STRUCTURING_SMURFING,ACCOUNT,AC000603,,2023-04-07T21:11,2023-05-02T21:11,"7 cash deposits each just below the Rs.50,000 reporting threshold, aggregating Rs.3,23,333, into the account of Nishad Jacob across 25 days.",Threshold-proximity clustering + deposit-count velocity
ANOM000208,STRUCTURING_SMURFING,ACCOUNT,AC001168,,2020-03-12T08:15,2020-04-06T08:15,"11 cash deposits each just below the Rs.10,00,000 reporting threshold, aggregating Rs.1,09,70,056, into the account of Sasmita Mallick across 25 days.",Threshold-proximity clustering + deposit-count velocity
ANOM000209,STRUCTURING_SMURFING,ACCOUNT,AC000148,,2021-09-11T01:59,2021-10-06T01:59,"20 cash deposits each just below the Rs.10,00,000 reporting threshold, aggregating Rs.1,99,43,216, into the account of Kalpesh Zala across 25 days.",Threshold-proximity clustering + deposit-count velocity
ANOM000210,STRUCTURING_SMURFING,ACCOUNT,AC001223,,2019-07-23T00:01,2019-08-17T00:01,"7 cash deposits each just below the Rs.50,000 reporting threshold, aggregating Rs.3,32,035, into the account of Pradip Naskar across 25 days.",Threshold-proximity clustering + deposit-count velocity
ANOM000211,STRUCTURING_SMURFING,ACCOUNT,AC000981,,2020-08-13T15:34,2020-09-07T15:34,"11 cash deposits each just below the Rs.50,000 reporting threshold, aggregating Rs.5,16,069, into the account of Mahesh Kushwaha across 25 days.",Threshold-proximity clustering + deposit-count velocity
ANOM000212,STRUCTURING_SMURFING,ACCOUNT,AC001201,,2024-07-24T08:04,2024-08-18T08:04,"13 cash deposits each just below the Rs.50,000 reporting threshold, aggregating Rs.6,13,613, into the account of Bimal Majumdar across 25 days.",Threshold-proximity clustering + deposit-count velocity
ANOM000213,STRUCTURING_SMURFING,ACCOUNT,AC001436,,2025-10-13T15:31,2025-11-07T15:31,"9 cash deposits each just below the Rs.50,000 reporting threshold, aggregating Rs.4,20,677, into the account of Kulwant Toor across 25 days.",Threshold-proximity clustering + deposit-count velocity
ANOM000214,STRUCTURING_SMURFING,ACCOUNT,AC000513,,2018-02-23T15:06,2018-03-20T15:06,"6 cash deposits each just below the Rs.50,000 reporting threshold, aggregating Rs.2,75,804, into the account of Divyesh Patel across 25 days.",Threshold-proximity clustering + deposit-count velocity
ANOM000215,STRUCTURING_SMURFING,ACCOUNT,AC000814,,2024-12-23T08:28,2025-01-17T08:28,"15 cash deposits each just below the Rs.10,00,000 reporting threshold, aggregating Rs.1,49,52,022, into the account of Anil Pandey across 25 days.",Threshold-proximity clustering + deposit-count velocity
ANOM000216,STRUCTURING_SMURFING,ACCOUNT,AC000422,,2020-04-11T20:44,2020-05-06T20:44,"6 cash deposits each just below the Rs.10,00,000 reporting threshold, aggregating Rs.59,78,415, into the account of Firoz Sheikh across 25 days.",Threshold-proximity clustering + deposit-count velocity
ANOM000217,STRUCTURING_SMURFING,ACCOUNT,AC001672,,2018-05-01T07:58,2018-05-26T07:58,"10 cash deposits each just below the Rs.10,00,000 reporting threshold, aggregating Rs.99,63,685, into the account of Netrapal Tiwari across 25 days.",Threshold-proximity clustering + deposit-count velocity
ANOM000218,STRUCTURING_SMURFING,ACCOUNT,AC000915,,2023-10-10T18:58,2023-11-04T18:58,"11 cash deposits each just below the Rs.10,00,000 reporting threshold, aggregating Rs.1,09,69,480, into the account of Vijay Bhadauria across 25 days.",Threshold-proximity clustering + deposit-count velocity
ANOM000219,STRUCTURING_SMURFING,ACCOUNT,AC001126,,2023-04-19T23:51,2023-05-14T23:51,"10 cash deposits each just below the Rs.10,00,000 reporting threshold, aggregating Rs.99,69,910, into the account of Jagabandhu Sahoo across 25 days.",Threshold-proximity clustering + deposit-count velocity
ANOM000220,STRUCTURING_SMURFING,ACCOUNT,AC000167,,2018-06-26T12:01,2018-07-21T12:01,"10 cash deposits each just below the Rs.10,00,000 reporting threshold, aggregating Rs.99,70,928, into the account of Ibrahim Qureshi across 25 days.",Threshold-proximity clustering + deposit-count velocity
ANOM000221,STRUCTURING_SMURFING,ACCOUNT,AC001298,,2025-08-15T20:40,2025-09-09T20:40,"13 cash deposits each just below the Rs.50,000 reporting threshold, aggregating Rs.6,00,279, into the account of Trupti Parmar across 25 days.",Threshold-proximity clustering + deposit-count velocity
ANOM000222,STRUCTURING_SMURFING,ACCOUNT,AC000114,,2025-01-24T00:17,2025-02-18T00:17,"7 cash deposits each just below the Rs.50,000 reporting threshold, aggregating Rs.3,30,655, into the account of Bharat Bhatt across 25 days.",Threshold-proximity clustering + deposit-count velocity
ANOM000223,LAYERING_CHAIN,ACCOUNT_PATH,AC001630|AC000966|AC001362|AC000767,,,2019-02-06T16:39,"4-hop rapid pass-through with ~5-10% commission shaved at each hop, completed inside 120 hours.",Directed path search with time-ordering + value-decay test
ANOM000224,LAYERING_CHAIN,ACCOUNT_PATH,AC001217|AC001607|AC000765|AC001049|AC001675|AC000671,,,2025-04-12T08:57,"6-hop rapid pass-through with ~5-10% commission shaved at each hop, completed inside 180 hours.",Directed path search with time-ordering + value-decay test
ANOM000225,LAYERING_CHAIN,ACCOUNT_PATH,AC000636|AC000078|AC000740|AC001535,,,2020-03-18T15:59,"4-hop rapid pass-through with ~5-10% commission shaved at each hop, completed inside 120 hours.",Directed path search with time-ordering + value-decay test
ANOM000226,LAYERING_CHAIN,ACCOUNT_PATH,AC000495|AC000536|AC000467|AC000290|AC000015,,,2020-02-25T12:01,"5-hop rapid pass-through with ~5-10% commission shaved at each hop, completed inside 150 hours.",Directed path search with time-ordering + value-decay test
ANOM000227,LAYERING_CHAIN,ACCOUNT_PATH,AC000422|AC001369|AC001233|AC000638,,,2021-11-09T19:59,"4-hop rapid pass-through with ~5-10% commission shaved at each hop, completed inside 120 hours.",Directed path search with time-ordering + value-decay test
ANOM000228,LAYERING_CHAIN,ACCOUNT_PATH,AC000089|AC001456|AC000379|AC000042|AC001531|AC001537|AC000365,,,2024-09-13T05:49,"7-hop rapid pass-through with ~5-10% commission shaved at each hop, completed inside 210 hours.",Directed path search with time-ordering + value-decay test
ANOM000229,LAYERING_CHAIN,ACCOUNT_PATH,AC000027|AC000947|AC001395|AC000423|AC000336|AC001442|AC000825,,,2022-10-03T10:08,"7-hop rapid pass-through with ~5-10% commission shaved at each hop, completed inside 210 hours.",Directed path search with time-ordering + value-decay test
ANOM000230,LAYERING_CHAIN,ACCOUNT_PATH,AC001180|AC000453|AC001614|AC001554|AC001464|AC000249,,,2018-06-14T22:29,"6-hop rapid pass-through with ~5-10% commission shaved at each hop, completed inside 180 hours.",Directed path search with time-ordering + value-decay test
ANOM000231,LAYERING_CHAIN,ACCOUNT_PATH,AC000474|AC001605|AC000195|AC001246|AC001230|AC000127,,,2020-01-28T07:33,"6-hop rapid pass-through with ~5-10% commission shaved at each hop, completed inside 180 hours.",Directed path search with time-ordering + value-decay test
ANOM000232,LAYERING_CHAIN,ACCOUNT_PATH,AC001237|AC001016|AC000763|AC001523|AC000801,,,2024-10-19T12:53,"5-hop rapid pass-through with ~5-10% commission shaved at each hop, completed inside 150 hours.",Directed path search with time-ordering + value-decay test
ANOM000233,LAYERING_CHAIN,ACCOUNT_PATH,AC001374|AC000062|AC000246|AC001177|AC001660,,,2020-03-10T13:38,"5-hop rapid pass-through with ~5-10% commission shaved at each hop, completed inside 150 hours.",Directed path search with time-ordering + value-decay test
ANOM000234,LAYERING_CHAIN,ACCOUNT_PATH,AC001597|AC000121|AC001253|AC001069|AC000288|AC000969,,,2018-09-14T00:21,"6-hop rapid pass-through with ~5-10% commission shaved at each hop, completed inside 180 hours.",Directed path search with time-ordering + value-decay test
ANOM000235,LAYERING_CHAIN,ACCOUNT_PATH,AC000513|AC001307|AC000447|AC000991,,,2025-08-17T12:13,"4-hop rapid pass-through with ~5-10% commission shaved at each hop, completed inside 120 hours.",Directed path search with time-ordering + value-decay test
ANOM000236,LAYERING_CHAIN,ACCOUNT_PATH,AC000403|AC000797|AC000031|AC001430|AC000068|AC000567|AC000425,,,2023-12-16T03:51,"7-hop rapid pass-through with ~5-10% commission shaved at each hop, completed inside 210 hours.",Directed path search with time-ordering + value-decay test
ANOM000237,LAYERING_CHAIN,ACCOUNT_PATH,AC001531|AC000625|AC000304|AC001094|AC001591|AC000846|AC000522,,,2023-07-26T02:52,"7-hop rapid pass-through with ~5-10% commission shaved at each hop, completed inside 210 hours.",Directed path search with time-ordering + value-decay test
ANOM000238,LAYERING_CHAIN,ACCOUNT_PATH,AC000490|AC000106|AC000717|AC001138|AC000731,,,2023-06-30T11:42,"5-hop rapid pass-through with ~5-10% commission shaved at each hop, completed inside 150 hours.",Directed path search with time-ordering + value-decay test
ANOM000239,LAYERING_CHAIN,ACCOUNT_PATH,AC000260|AC000057|AC001708|AC000076|AC001327,,,2026-03-15T23:12,"5-hop rapid pass-through with ~5-10% commission shaved at each hop, completed inside 150 hours.",Directed path search with time-ordering + value-decay test
ANOM000240,LAYERING_CHAIN,ACCOUNT_PATH,AC000408|AC001163|AC001690|AC000404|AC000475,,,2026-05-19T00:21,"5-hop rapid pass-through with ~5-10% commission shaved at each hop, completed inside 150 hours.",Directed path search with time-ordering + value-decay test
ANOM000241,LAYERING_CHAIN,ACCOUNT_PATH,AC001695|AC000311|AC000905|AC000545|AC000447,,,2026-04-05T04:26,"5-hop rapid pass-through with ~5-10% commission shaved at each hop, completed inside 150 hours.",Directed path search with time-ordering + value-decay test
ANOM000242,LAYERING_CHAIN,ACCOUNT_PATH,AC000104|AC000522|AC001283|AC000891|AC001546|AC001359|AC000858,,,2024-02-05T19:25,"7-hop rapid pass-through with ~5-10% commission shaved at each hop, completed inside 210 hours.",Directed path search with time-ordering + value-decay test
ANOM000243,LAYERING_CHAIN,ACCOUNT_PATH,AC001450|AC000796|AC000433|AC001241|AC001629|AC000807|AC000222,,,2023-12-06T03:57,"7-hop rapid pass-through with ~5-10% commission shaved at each hop, completed inside 210 hours.",Directed path search with time-ordering + value-decay test
ANOM000244,LAYERING_CHAIN,ACCOUNT_PATH,AC001094|AC001232|AC001082|AC001075|AC000639|AC001062|AC000173,,,2026-02-13T10:59,"7-hop rapid pass-through with ~5-10% commission shaved at each hop, completed inside 210 hours.",Directed path search with time-ordering + value-decay test
ANOM000245,LAYERING_CHAIN,ACCOUNT_PATH,AC000020|AC001185|AC001048|AC000011|AC000334|AC001486,,,2019-09-20T23:15,"6-hop rapid pass-through with ~5-10% commission shaved at each hop, completed inside 180 hours.",Directed path search with time-ordering + value-decay test
ANOM000246,LAYERING_CHAIN,ACCOUNT_PATH,AC000344|AC000611|AC001044|AC001388|AC001160|AC000079|AC001486,,,2023-11-29T12:18,"7-hop rapid pass-through with ~5-10% commission shaved at each hop, completed inside 210 hours.",Directed path search with time-ordering + value-decay test
ANOM000247,LAYERING_CHAIN,ACCOUNT_PATH,AC000751|AC000352|AC000617|AC001108|AC001411,,,2019-09-12T23:41,"5-hop rapid pass-through with ~5-10% commission shaved at each hop, completed inside 150 hours.",Directed path search with time-ordering + value-decay test
ANOM000248,LAYERING_CHAIN,ACCOUNT_PATH,AC001080|AC001498|AC001436|AC001031|AC000838|AC001622|AC001562,,,2020-04-30T14:11,"7-hop rapid pass-through with ~5-10% commission shaved at each hop, completed inside 210 hours.",Directed path search with time-ordering + value-decay test
ANOM000249,LAYERING_CHAIN,ACCOUNT_PATH,AC000155|AC001308|AC001063|AC000579|AC001357|AC001188,,,2024-04-25T13:56,"6-hop rapid pass-through with ~5-10% commission shaved at each hop, completed inside 180 hours.",Directed path search with time-ordering + value-decay test
ANOM000250,LAYERING_CHAIN,ACCOUNT_PATH,AC000355|AC000872|AC001161|AC001545|AC000258|AC000552,,,2022-11-25T15:35,"6-hop rapid pass-through with ~5-10% commission shaved at each hop, completed inside 180 hours.",Directed path search with time-ordering + value-decay test
ANOM000251,LAYERING_CHAIN,ACCOUNT_PATH,AC001231|AC001257|AC001114|AC001111|AC000731|AC000637|AC000162,,,2025-07-01T06:57,"7-hop rapid pass-through with ~5-10% commission shaved at each hop, completed inside 210 hours.",Directed path search with time-ordering + value-decay test
ANOM000252,LAYERING_CHAIN,ACCOUNT_PATH,AC001557|AC001652|AC001112|AC001445|AC001161|AC001594,,,2019-08-28T16:23,"6-hop rapid pass-through with ~5-10% commission shaved at each hop, completed inside 180 hours.",Directed path search with time-ordering + value-decay test
ANOM000253,LAYERING_CHAIN,ACCOUNT_PATH,AC000742|AC000737|AC001109|AC001638|AC001607,,,2025-05-22T03:03,"5-hop rapid pass-through with ~5-10% commission shaved at each hop, completed inside 150 hours.",Directed path search with time-ordering + value-decay test
ANOM000254,LAYERING_CHAIN,ACCOUNT_PATH,AC000512|AC000638|AC001678|AC000912|AC000334|AC001607,,,2020-01-08T20:15,"6-hop rapid pass-through with ~5-10% commission shaved at each hop, completed inside 180 hours.",Directed path search with time-ordering + value-decay test
ANOM000255,LAYERING_CHAIN,ACCOUNT_PATH,AC000731|AC000120|AC001367|AC001328,,,2024-06-18T19:44,"4-hop rapid pass-through with ~5-10% commission shaved at each hop, completed inside 120 hours.",Directed path search with time-ordering + value-decay test
ANOM000256,LAYERING_CHAIN,ACCOUNT_PATH,AC001031|AC000466|AC001188|AC000817,,,2018-11-10T09:44,"4-hop rapid pass-through with ~5-10% commission shaved at each hop, completed inside 120 hours.",Directed path search with time-ordering + value-decay test
ANOM000257,LAYERING_CHAIN,ACCOUNT_PATH,AC000459|AC001567|AC000433|AC000159|AC000732|AC001001,,,2023-09-26T20:15,"6-hop rapid pass-through with ~5-10% commission shaved at each hop, completed inside 180 hours.",Directed path search with time-ordering + value-decay test
ANOM000258,LAYERING_CHAIN,ACCOUNT_PATH,AC000335|AC001189|AC001565|AC000469|AC000879|AC001041|AC001231,,,2019-11-30T21:39,"7-hop rapid pass-through with ~5-10% commission shaved at each hop, completed inside 210 hours.",Directed path search with time-ordering + value-decay test
ANOM000259,LAYERING_CHAIN,ACCOUNT_PATH,AC001443|AC000946|AC000611|AC001003|AC000242,,,2020-06-25T06:59,"5-hop rapid pass-through with ~5-10% commission shaved at each hop, completed inside 150 hours.",Directed path search with time-ordering + value-decay test
ANOM000260,LAYERING_CHAIN,ACCOUNT_PATH,AC000243|AC001312|AC001599|AC001305|AC000993|AC000748,,,2022-11-23T13:48,"6-hop rapid pass-through with ~5-10% commission shaved at each hop, completed inside 180 hours.",Directed path search with time-ordering + value-decay test
ANOM000261,LAYERING_CHAIN,ACCOUNT_PATH,AC000616|AC000250|AC000695|AC001047|AC001334|AC000273|AC001582,,,2026-05-13T19:34,"7-hop rapid pass-through with ~5-10% commission shaved at each hop, completed inside 210 hours.",Directed path search with time-ordering + value-decay test
ANOM000262,LAYERING_CHAIN,ACCOUNT_PATH,AC001368|AC000247|AC001543|AC001112,,,2026-05-26T18:46,"4-hop rapid pass-through with ~5-10% commission shaved at each hop, completed inside 120 hours.",Directed path search with time-ordering + value-decay test
ANOM000263,LAYERING_CHAIN,ACCOUNT_PATH,AC000192|AC000695|AC000697|AC001100|AC000987|AC001683|AC001270,,,2020-04-19T05:55,"7-hop rapid pass-through with ~5-10% commission shaved at each hop, completed inside 210 hours.",Directed path search with time-ordering + value-decay test
ANOM000264,LAYERING_CHAIN,ACCOUNT_PATH,AC000031|AC001325|AC000819|AC001168|AC001224|AC001629,,,2021-06-11T21:09,"6-hop rapid pass-through with ~5-10% commission shaved at each hop, completed inside 180 hours.",Directed path search with time-ordering + value-decay test
ANOM000265,LAYERING_CHAIN,ACCOUNT_PATH,AC000977|AC001117|AC001338|AC001166|AC000350,,,2022-11-15T10:47,"5-hop rapid pass-through with ~5-10% commission shaved at each hop, completed inside 150 hours.",Directed path search with time-ordering + value-decay test
ANOM000266,LAYERING_CHAIN,ACCOUNT_PATH,AC001127|AC000476|AC001147|AC001317|AC001406|AC000681,,,2019-07-03T06:12,"6-hop rapid pass-through with ~5-10% commission shaved at each hop, completed inside 180 hours.",Directed path search with time-ordering + value-decay test
ANOM000267,LAYERING_CHAIN,ACCOUNT_PATH,AC000083|AC000366|AC001368|AC000674|AC000632|AC001431|AC000381,,,2020-03-20T01:29,"7-hop rapid pass-through with ~5-10% commission shaved at each hop, completed inside 210 hours.",Directed path search with time-ordering + value-decay test
ANOM000268,LAYERING_CHAIN,ACCOUNT_PATH,AC001690|AC000799|AC000031|AC000172|AC000851|AC000151|AC001272,,,2018-07-20T18:58,"7-hop rapid pass-through with ~5-10% commission shaved at each hop, completed inside 210 hours.",Directed path search with time-ordering + value-decay test
ANOM000269,LAYERING_CHAIN,ACCOUNT_PATH,AC000540|AC000116|AC000430|AC001226,,,2022-06-18T05:32,"4-hop rapid pass-through with ~5-10% commission shaved at each hop, completed inside 120 hours.",Directed path search with time-ordering + value-decay test
ANOM000270,LAYERING_CHAIN,ACCOUNT_PATH,AC000929|AC000444|AC001696|AC000419|AC001240,,,2024-09-15T09:46,"5-hop rapid pass-through with ~5-10% commission shaved at each hop, completed inside 150 hours.",Directed path search with time-ordering + value-decay test
ANOM000271,LAYERING_CHAIN,ACCOUNT_PATH,AC000261|AC001111|AC000105|AC000718,,,2023-04-14T08:50,"4-hop rapid pass-through with ~5-10% commission shaved at each hop, completed inside 120 hours.",Directed path search with time-ordering + value-decay test
ANOM000272,LAYERING_CHAIN,ACCOUNT_PATH,AC000437|AC000184|AC000256|AC000929|AC000827,,,2025-01-08T07:20,"5-hop rapid pass-through with ~5-10% commission shaved at each hop, completed inside 150 hours.",Directed path search with time-ordering + value-decay test
ANOM000273,LAYERING_CHAIN,ACCOUNT_PATH,AC001321|AC000801|AC000281|AC001227,,,2022-09-23T07:52,"4-hop rapid pass-through with ~5-10% commission shaved at each hop, completed inside 120 hours.",Directed path search with time-ordering + value-decay test
ANOM000274,LAYERING_CHAIN,ACCOUNT_PATH,AC001675|AC000134|AC001294|AC000858,,,2019-03-07T22:02,"4-hop rapid pass-through with ~5-10% commission shaved at each hop, completed inside 120 hours.",Directed path search with time-ordering + value-decay test
ANOM000275,LAYERING_CHAIN,ACCOUNT_PATH,AC000652|AC000958|AC000131|AC000675,,,2020-02-25T17:43,"4-hop rapid pass-through with ~5-10% commission shaved at each hop, completed inside 120 hours.",Directed path search with time-ordering + value-decay test
ANOM000276,LAYERING_CHAIN,ACCOUNT_PATH,AC001538|AC001560|AC000245|AC000607|AC000789|AC000580|AC001623,,,2020-09-04T01:40,"7-hop rapid pass-through with ~5-10% commission shaved at each hop, completed inside 210 hours.",Directed path search with time-ordering + value-decay test
ANOM000277,LAYERING_CHAIN,ACCOUNT_PATH,AC000692|AC000161|AC001022|AC000765|AC000423|AC001349,,,2024-06-08T19:43,"6-hop rapid pass-through with ~5-10% commission shaved at each hop, completed inside 180 hours.",Directed path search with time-ordering + value-decay test
ANOM000278,MULE_FANOUT,ACCOUNT,AC000370,,2020-09-12T16:36,2020-09-13T07:36,"Single hub account fans 8 sub-Rs.50,000 transfers to distinct mule accounts within 4 hours; each mule withdraws in cash within 15 hours.",Out-degree burst + downstream cash-out latency
ANOM000279,MULE_FANOUT,ACCOUNT,AC000357,,2020-03-28T02:32,2020-03-28T17:32,"Single hub account fans 8 sub-Rs.50,000 transfers to distinct mule accounts within 4 hours; each mule withdraws in cash within 15 hours.",Out-degree burst + downstream cash-out latency
ANOM000280,MULE_FANOUT,ACCOUNT,AC000476,,2024-10-18T15:14,2024-10-19T06:14,"Single hub account fans 17 sub-Rs.50,000 transfers to distinct mule accounts within 4 hours; each mule withdraws in cash within 15 hours.",Out-degree burst + downstream cash-out latency
ANOM000281,MULE_FANOUT,ACCOUNT,AC000411,,2021-03-11T19:26,2021-03-12T10:26,"Single hub account fans 6 sub-Rs.50,000 transfers to distinct mule accounts within 4 hours; each mule withdraws in cash within 15 hours.",Out-degree burst + downstream cash-out latency
ANOM000282,MULE_FANOUT,ACCOUNT,AC000458,,2022-08-23T12:57,2022-08-24T03:57,"Single hub account fans 17 sub-Rs.50,000 transfers to distinct mule accounts within 4 hours; each mule withdraws in cash within 15 hours.",Out-degree burst + downstream cash-out latency
ANOM000283,MULE_FANOUT,ACCOUNT,AC000489,,2019-09-28T16:42,2019-09-29T07:42,"Single hub account fans 14 sub-Rs.50,000 transfers to distinct mule accounts within 4 hours; each mule withdraws in cash within 15 hours.",Out-degree burst + downstream cash-out latency
ANOM000284,MULE_FANOUT,ACCOUNT,AC000443,,2018-08-23T21:06,2018-08-24T12:06,"Single hub account fans 7 sub-Rs.50,000 transfers to distinct mule accounts within 4 hours; each mule withdraws in cash within 15 hours.",Out-degree burst + downstream cash-out latency
ANOM000285,MULE_FANOUT,ACCOUNT,AC000370,,2020-12-11T11:00,2020-12-12T02:00,"Single hub account fans 7 sub-Rs.50,000 transfers to distinct mule accounts within 4 hours; each mule withdraws in cash within 15 hours.",Out-degree burst + downstream cash-out latency
ANOM000286,MULE_FANOUT,ACCOUNT,AC000356,,2019-07-31T12:56,2019-08-01T03:56,"Single hub account fans 20 sub-Rs.50,000 transfers to distinct mule accounts within 4 hours; each mule withdraws in cash within 15 hours.",Out-degree burst + downstream cash-out latency
ANOM000287,MULE_FANOUT,ACCOUNT,AC000434,,2023-03-03T16:10,2023-03-04T07:10,"Single hub account fans 12 sub-Rs.50,000 transfers to distinct mule accounts within 4 hours; each mule withdraws in cash within 15 hours.",Out-degree burst + downstream cash-out latency
ANOM000288,MULE_FANOUT,ACCOUNT,AC000327,,2018-10-15T15:01,2018-10-16T06:01,"Single hub account fans 17 sub-Rs.50,000 transfers to distinct mule accounts within 4 hours; each mule withdraws in cash within 15 hours.",Out-degree burst + downstream cash-out latency
ANOM000289,MULE_FANOUT,ACCOUNT,AC000347,,2021-03-22T23:21,2021-03-23T14:21,"Single hub account fans 15 sub-Rs.50,000 transfers to distinct mule accounts within 4 hours; each mule withdraws in cash within 15 hours.",Out-degree burst + downstream cash-out latency
ANOM000290,MULE_FANOUT,ACCOUNT,AC000325,,2019-12-20T04:16,2019-12-20T19:16,"Single hub account fans 6 sub-Rs.50,000 transfers to distinct mule accounts within 4 hours; each mule withdraws in cash within 15 hours.",Out-degree burst + downstream cash-out latency
ANOM000291,MULE_FANOUT,ACCOUNT,AC000317,,2021-05-14T19:17,2021-05-15T10:17,"Single hub account fans 14 sub-Rs.50,000 transfers to distinct mule accounts within 4 hours; each mule withdraws in cash within 15 hours.",Out-degree burst + downstream cash-out latency
ANOM000292,MULE_FANOUT,ACCOUNT,AC000394,,2019-10-08T11:36,2019-10-09T02:36,"Single hub account fans 18 sub-Rs.50,000 transfers to distinct mule accounts within 4 hours; each mule withdraws in cash within 15 hours.",Out-degree burst + downstream cash-out latency
ANOM000293,MULE_FANOUT,ACCOUNT,AC000311,,2021-09-11T16:49,2021-09-12T07:49,"Single hub account fans 7 sub-Rs.50,000 transfers to distinct mule accounts within 4 hours; each mule withdraws in cash within 15 hours.",Out-degree burst + downstream cash-out latency
ANOM000294,MULE_FANOUT,ACCOUNT,AC000457,,2025-07-03T14:26,2025-07-04T05:26,"Single hub account fans 13 sub-Rs.50,000 transfers to distinct mule accounts within 4 hours; each mule withdraws in cash within 15 hours.",Out-degree burst + downstream cash-out latency
ANOM000295,MULE_FANOUT,ACCOUNT,AC000476,,2024-07-24T22:20,2024-07-25T13:20,"Single hub account fans 9 sub-Rs.50,000 transfers to distinct mule accounts within 4 hours; each mule withdraws in cash within 15 hours.",Out-degree burst + downstream cash-out latency
ANOM000296,MULE_FANOUT,ACCOUNT,AC000478,,2024-04-27T07:25,2024-04-27T22:25,"Single hub account fans 6 sub-Rs.50,000 transfers to distinct mule accounts within 4 hours; each mule withdraws in cash within 15 hours.",Out-degree burst + downstream cash-out latency
ANOM000297,MULE_FANOUT,ACCOUNT,AC000413,,2026-01-06T20:27,2026-01-07T11:27,"Single hub account fans 7 sub-Rs.50,000 transfers to distinct mule accounts within 4 hours; each mule withdraws in cash within 15 hours.",Out-degree burst + downstream cash-out latency
ANOM000298,MULE_FANOUT,ACCOUNT,AC000446,,2018-04-27T06:29,2018-04-27T21:29,"Single hub account fans 7 sub-Rs.50,000 transfers to distinct mule accounts within 4 hours; each mule withdraws in cash within 15 hours.",Out-degree burst + downstream cash-out latency
ANOM000299,MULE_FANOUT,ACCOUNT,AC000439,,2018-07-22T21:56,2018-07-23T12:56,"Single hub account fans 9 sub-Rs.50,000 transfers to distinct mule accounts within 4 hours; each mule withdraws in cash within 15 hours.",Out-degree burst + downstream cash-out latency
ANOM000300,MULE_FANOUT,ACCOUNT,AC000418,,2018-08-14T22:31,2018-08-15T13:31,"Single hub account fans 12 sub-Rs.50,000 transfers to distinct mule accounts within 4 hours; each mule withdraws in cash within 15 hours.",Out-degree burst + downstream cash-out latency
ANOM000301,MULE_FANOUT,ACCOUNT,AC000311,,2019-02-16T14:12,2019-02-17T05:12,"Single hub account fans 9 sub-Rs.50,000 transfers to distinct mule accounts within 4 hours; each mule withdraws in cash within 15 hours.",Out-degree burst + downstream cash-out latency
ANOM000302,MULE_FANOUT,ACCOUNT,AC000345,,2023-06-23T13:20,2023-06-24T04:20,"Single hub account fans 7 sub-Rs.50,000 transfers to distinct mule accounts within 4 hours; each mule withdraws in cash within 15 hours.",Out-degree burst + downstream cash-out latency
ANOM000303,MULE_FANOUT,ACCOUNT,AC000387,,2023-08-02T02:59,2023-08-02T17:59,"Single hub account fans 12 sub-Rs.50,000 transfers to distinct mule accounts within 4 hours; each mule withdraws in cash within 15 hours.",Out-degree burst + downstream cash-out latency
ANOM000304,MULE_FANOUT,ACCOUNT,AC000369,,2020-06-06T00:34,2020-06-06T15:34,"Single hub account fans 12 sub-Rs.50,000 transfers to distinct mule accounts within 4 hours; each mule withdraws in cash within 15 hours.",Out-degree burst + downstream cash-out latency
ANOM000305,MULE_FANOUT,ACCOUNT,AC000392,,2024-05-15T18:41,2024-05-16T09:41,"Single hub account fans 6 sub-Rs.50,000 transfers to distinct mule accounts within 4 hours; each mule withdraws in cash within 15 hours.",Out-degree burst + downstream cash-out latency
ANOM000306,MULE_FANOUT,ACCOUNT,AC000490,,2023-03-25T02:05,2023-03-25T17:05,"Single hub account fans 16 sub-Rs.50,000 transfers to distinct mule accounts within 4 hours; each mule withdraws in cash within 15 hours.",Out-degree burst + downstream cash-out latency
ANOM000307,MULE_FANOUT,ACCOUNT,AC000434,,2022-06-03T02:24,2022-06-03T17:24,"Single hub account fans 7 sub-Rs.50,000 transfers to distinct mule accounts within 4 hours; each mule withdraws in cash within 15 hours.",Out-degree burst + downstream cash-out latency
ANOM000308,MULE_FANOUT,ACCOUNT,AC000443,,2018-07-07T19:39,2018-07-08T10:39,"Single hub account fans 16 sub-Rs.50,000 transfers to distinct mule accounts within 4 hours; each mule withdraws in cash within 15 hours.",Out-degree burst + downstream cash-out latency
ANOM000309,MULE_FANOUT,ACCOUNT,AC000358,,2018-10-15T06:21,2018-10-15T21:21,"Single hub account fans 18 sub-Rs.50,000 transfers to distinct mule accounts within 4 hours; each mule withdraws in cash within 15 hours.",Out-degree burst + downstream cash-out latency
ANOM000310,MULE_FANOUT,ACCOUNT,AC000317,,2024-05-21T08:54,2024-05-21T23:54,"Single hub account fans 10 sub-Rs.50,000 transfers to distinct mule accounts within 4 hours; each mule withdraws in cash within 15 hours.",Out-degree burst + downstream cash-out latency
ANOM000311,MULE_FANOUT,ACCOUNT,AC000387,,2024-01-11T13:16,2024-01-12T04:16,"Single hub account fans 13 sub-Rs.50,000 transfers to distinct mule accounts within 4 hours; each mule withdraws in cash within 15 hours.",Out-degree burst + downstream cash-out latency
ANOM000312,MULE_FANOUT,ACCOUNT,AC000409,,2018-02-27T22:15,2018-02-28T13:15,"Single hub account fans 15 sub-Rs.50,000 transfers to distinct mule accounts within 4 hours; each mule withdraws in cash within 15 hours.",Out-degree burst + downstream cash-out latency
ANOM000313,MULE_FANOUT,ACCOUNT,AC000441,,2019-02-05T08:33,2019-02-05T23:33,"Single hub account fans 7 sub-Rs.50,000 transfers to distinct mule accounts within 4 hours; each mule withdraws in cash within 15 hours.",Out-degree burst + downstream cash-out latency
ANOM000314,MULE_FANOUT,ACCOUNT,AC000413,,2025-05-29T18:14,2025-05-30T09:14,"Single hub account fans 7 sub-Rs.50,000 transfers to distinct mule accounts within 4 hours; each mule withdraws in cash within 15 hours.",Out-degree burst + downstream cash-out latency
ANOM000315,MULE_FANOUT,ACCOUNT,AC000356,,2019-09-10T02:25,2019-09-10T17:25,"Single hub account fans 12 sub-Rs.50,000 transfers to distinct mule accounts within 4 hours; each mule withdraws in cash within 15 hours.",Out-degree burst + downstream cash-out latency
ANOM000316,MULE_FANOUT,ACCOUNT,AC000318,,2018-03-16T18:17,2018-03-17T09:17,"Single hub account fans 11 sub-Rs.50,000 transfers to distinct mule accounts within 4 hours; each mule withdraws in cash within 15 hours.",Out-degree burst + downstream cash-out latency
ANOM000317,MULE_FANOUT,ACCOUNT,AC000411,,2018-12-16T03:41,2018-12-16T18:41,"Single hub account fans 11 sub-Rs.50,000 transfers to distinct mule accounts within 4 hours; each mule withdraws in cash within 15 hours.",Out-degree burst + downstream cash-out latency
ANOM000318,ROUND_TRIPPING,ACCOUNT_CYCLE,AC001030|AC000337|AC001140|AC000355,,,2019-12-06T17:35,"Funds return to the originating account after 4 hops with ~3% attrition, narrated as an advance and refund.",Directed cycle detection with amount tolerance
ANOM000319,ROUND_TRIPPING,ACCOUNT_CYCLE,AC001107|AC001608|AC000453|AC001584,,,2020-03-21T22:14,"Funds return to the originating account after 4 hops with ~3% attrition, narrated as an advance and refund.",Directed cycle detection with amount tolerance
ANOM000320,ROUND_TRIPPING,ACCOUNT_CYCLE,AC000763|AC000336|AC000863|AC000461,,,2024-06-03T07:44,"Funds return to the originating account after 4 hops with ~3% attrition, narrated as an advance and refund.",Directed cycle detection with amount tolerance
ANOM000321,ROUND_TRIPPING,ACCOUNT_CYCLE,AC001109|AC000765|AC000579|AC001189,,,2019-02-22T17:21,"Funds return to the originating account after 4 hops with ~3% attrition, narrated as an advance and refund.",Directed cycle detection with amount tolerance
ANOM000322,ROUND_TRIPPING,ACCOUNT_CYCLE,AC000018|AC000934|AC001309|AC000636,,,2025-03-20T11:42,"Funds return to the originating account after 4 hops with ~3% attrition, narrated as an advance and refund.",Directed cycle detection with amount tolerance
ANOM000323,ROUND_TRIPPING,ACCOUNT_CYCLE,AC000031|AC001157|AC000453|AC000793,,,2021-07-12T21:23,"Funds return to the originating account after 4 hops with ~3% attrition, narrated as an advance and refund.",Directed cycle detection with amount tolerance
ANOM000324,ROUND_TRIPPING,ACCOUNT_CYCLE,AC001611|AC001567|AC000415|AC001594,,,2022-05-31T03:35,"Funds return to the originating account after 4 hops with ~3% attrition, narrated as an advance and refund.",Directed cycle detection with amount tolerance
ANOM000325,ROUND_TRIPPING,ACCOUNT_CYCLE,AC001441|AC001662|AC000776|AC001389,,,2022-05-20T21:22,"Funds return to the originating account after 4 hops with ~3% attrition, narrated as an advance and refund.",Directed cycle detection with amount tolerance
ANOM000326,ROUND_TRIPPING,ACCOUNT_CYCLE,AC000266|AC000087|AC000090|AC001486,,,2020-07-22T01:37,"Funds return to the originating account after 4 hops with ~3% attrition, narrated as an advance and refund.",Directed cycle detection with amount tolerance
ANOM000327,ROUND_TRIPPING,ACCOUNT_CYCLE,AC000080|AC000540|AC001463|AC001441,,,2020-07-19T23:38,"Funds return to the originating account after 4 hops with ~3% attrition, narrated as an advance and refund.",Directed cycle detection with amount tolerance
ANOM000328,ROUND_TRIPPING,ACCOUNT_CYCLE,AC000398|AC000946|AC000269|AC001561,,,2018-05-07T00:18,"Funds return to the originating account after 4 hops with ~3% attrition, narrated as an advance and refund.",Directed cycle detection with amount tolerance
ANOM000329,ROUND_TRIPPING,ACCOUNT_CYCLE,AC000629|AC000289|AC000778|AC000552,,,2021-10-23T13:37,"Funds return to the originating account after 4 hops with ~3% attrition, narrated as an advance and refund.",Directed cycle detection with amount tolerance
ANOM000330,ROUND_TRIPPING,ACCOUNT_CYCLE,AC000155|AC000746|AC000280|AC000290,,,2025-01-23T11:11,"Funds return to the originating account after 4 hops with ~3% attrition, narrated as an advance and refund.",Directed cycle detection with amount tolerance
ANOM000331,ROUND_TRIPPING,ACCOUNT_CYCLE,AC000661|AC000893|AC000303|AC001045,,,2021-04-26T19:39,"Funds return to the originating account after 4 hops with ~3% attrition, narrated as an advance and refund.",Directed cycle detection with amount tolerance
ANOM000332,ROUND_TRIPPING,ACCOUNT_CYCLE,AC000130|AC001547|AC000401|AC000620,,,2021-12-02T18:20,"Funds return to the originating account after 4 hops with ~3% attrition, narrated as an advance and refund.",Directed cycle detection with amount tolerance
ANOM000333,ROUND_TRIPPING,ACCOUNT_CYCLE,AC000195|AC000851|AC001337|AC001352,,,2018-12-01T10:22,"Funds return to the originating account after 4 hops with ~3% attrition, narrated as an advance and refund.",Directed cycle detection with amount tolerance
ANOM000334,ROUND_TRIPPING,ACCOUNT_CYCLE,AC000780|AC000003|AC000930|AC001249,,,2021-05-02T09:29,"Funds return to the originating account after 4 hops with ~3% attrition, narrated as an advance and refund.",Directed cycle detection with amount tolerance
ANOM000335,ROUND_TRIPPING,ACCOUNT_CYCLE,AC000403|AC000116|AC000228|AC001537,,,2022-06-16T19:50,"Funds return to the originating account after 4 hops with ~3% attrition, narrated as an advance and refund.",Directed cycle detection with amount tolerance
ANOM000336,ROUND_TRIPPING,ACCOUNT_CYCLE,AC000075|AC000571|AC001001|AC000758,,,2026-02-13T15:38,"Funds return to the originating account after 4 hops with ~3% attrition, narrated as an advance and refund.",Directed cycle detection with amount tolerance
ANOM000337,ROUND_TRIPPING,ACCOUNT_CYCLE,AC000903|AC001350|AC000172|AC000725,,,2023-08-29T02:33,"Funds return to the originating account after 4 hops with ~3% attrition, narrated as an advance and refund.",Directed cycle detection with amount tolerance
ANOM000338,ROUND_TRIPPING,ACCOUNT_CYCLE,AC000384|AC000038|AC000294|AC000843,,,2021-03-02T21:16,"Funds return to the originating account after 4 hops with ~3% attrition, narrated as an advance and refund.",Directed cycle detection with amount tolerance
ANOM000339,ROUND_TRIPPING,ACCOUNT_CYCLE,AC000925|AC000962|AC000263|AC001465,,,2025-06-20T00:00,"Funds return to the originating account after 4 hops with ~3% attrition, narrated as an advance and refund.",Directed cycle detection with amount tolerance
ANOM000340,ROUND_TRIPPING,ACCOUNT_CYCLE,AC000196|AC001462|AC001498|AC001443,,,2021-07-19T07:29,"Funds return to the originating account after 4 hops with ~3% attrition, narrated as an advance and refund.",Directed cycle detection with amount tolerance
ANOM000341,ROUND_TRIPPING,ACCOUNT_CYCLE,AC001330|AC000395|AC001449|AC000456,,,2021-11-21T18:48,"Funds return to the originating account after 4 hops with ~3% attrition, narrated as an advance and refund.",Directed cycle detection with amount tolerance
ANOM000342,ROUND_TRIPPING,ACCOUNT_CYCLE,AC001367|AC001309|AC000752|AC000996,,,2025-03-16T05:11,"Funds return to the originating account after 4 hops with ~3% attrition, narrated as an advance and refund.",Directed cycle detection with amount tolerance
ANOM000343,DORMANT_REACTIVATION,ACCOUNT,AC000330,,2023-05-30T06:39,2023-06-01T06:39,"Dormant account receives Rs.2,27,24,501 and passes ~98% onward within 30 hours.",Inactivity-gap feature + in/out ratio + hold-time
ANOM000344,DORMANT_REACTIVATION,ACCOUNT,AC001953,,2023-11-14T01:05,2023-11-16T01:05,"Dormant account receives Rs.2,41,61,142 and passes ~98% onward within 30 hours.",Inactivity-gap feature + in/out ratio + hold-time
ANOM000345,DORMANT_REACTIVATION,ACCOUNT,AC000240,,2020-11-01T07:57,2020-11-03T07:57,"Dormant account receives Rs.42,32,923 and passes ~98% onward within 30 hours.",Inactivity-gap feature + in/out ratio + hold-time
ANOM000346,DORMANT_REACTIVATION,ACCOUNT,AC000978,,2024-03-14T02:02,2024-03-16T02:02,"Dormant account receives Rs.2,77,79,995 and passes ~98% onward within 30 hours.",Inactivity-gap feature + in/out ratio + hold-time
ANOM000347,DORMANT_REACTIVATION,ACCOUNT,AC000021,,2021-12-17T10:55,2021-12-19T10:55,"Dormant account receives Rs.2,55,69,589 and passes ~98% onward within 30 hours.",Inactivity-gap feature + in/out ratio + hold-time
ANOM000348,DORMANT_REACTIVATION,ACCOUNT,AC000111,,2026-02-04T08:07,2026-02-06T08:07,"Dormant account receives Rs.1,91,44,317 and passes ~98% onward within 30 hours.",Inactivity-gap feature + in/out ratio + hold-time
ANOM000349,DORMANT_REACTIVATION,ACCOUNT,AC001333,,2020-01-07T23:32,2020-01-09T23:32,"Dormant account receives Rs.1,90,13,808 and passes ~98% onward within 30 hours.",Inactivity-gap feature + in/out ratio + hold-time
ANOM000350,DORMANT_REACTIVATION,ACCOUNT,AC001355,,2020-07-01T12:47,2020-07-03T12:47,"Dormant account receives Rs.94,92,108 and passes ~98% onward within 30 hours.",Inactivity-gap feature + in/out ratio + hold-time
ANOM000351,DORMANT_REACTIVATION,ACCOUNT,AC000828,,2021-07-29T19:23,2021-07-31T19:23,"Dormant account receives Rs.96,66,531 and passes ~98% onward within 30 hours.",Inactivity-gap feature + in/out ratio + hold-time
ANOM000352,DORMANT_REACTIVATION,ACCOUNT,AC000562,,2022-01-09T13:44,2022-01-11T13:44,"Dormant account receives Rs.2,77,80,672 and passes ~98% onward within 30 hours.",Inactivity-gap feature + in/out ratio + hold-time
ANOM000353,DORMANT_REACTIVATION,ACCOUNT,AC001704,,2020-11-20T16:33,2020-11-22T16:33,"Dormant account receives Rs.2,36,88,441 and passes ~98% onward within 30 hours.",Inactivity-gap feature + in/out ratio + hold-time
ANOM000354,DORMANT_REACTIVATION,ACCOUNT,AC000087,,2024-09-23T16:26,2024-09-25T16:26,"Dormant account receives Rs.1,73,74,201 and passes ~98% onward within 30 hours.",Inactivity-gap feature + in/out ratio + hold-time
ANOM000355,DORMANT_REACTIVATION,ACCOUNT,AC000685,,2023-11-10T03:32,2023-11-12T03:32,"Dormant account receives Rs.1,38,55,893 and passes ~98% onward within 30 hours.",Inactivity-gap feature + in/out ratio + hold-time
ANOM000356,DORMANT_REACTIVATION,ACCOUNT,AC000559,,2023-04-21T09:35,2023-04-23T09:35,"Dormant account receives Rs.2,46,34,973 and passes ~98% onward within 30 hours.",Inactivity-gap feature + in/out ratio + hold-time
ANOM000357,DORMANT_REACTIVATION,ACCOUNT,AC001590,,2021-04-22T05:30,2021-04-24T05:30,"Dormant account receives Rs.1,59,11,099 and passes ~98% onward within 30 hours.",Inactivity-gap feature + in/out ratio + hold-time
ANOM000358,DORMANT_REACTIVATION,ACCOUNT,AC000293,,2024-06-26T06:37,2024-06-28T06:37,"Dormant account receives Rs.1,96,88,525 and passes ~98% onward within 30 hours.",Inactivity-gap feature + in/out ratio + hold-time
ANOM000359,DORMANT_REACTIVATION,ACCOUNT,AC000293,,2022-11-29T19:51,2022-12-01T19:51,"Dormant account receives Rs.2,58,63,747 and passes ~98% onward within 30 hours.",Inactivity-gap feature + in/out ratio + hold-time
ANOM000360,DORMANT_REACTIVATION,ACCOUNT,AC001538,,2023-05-14T17:53,2023-05-16T17:53,"Dormant account receives Rs.54,73,929 and passes ~98% onward within 30 hours.",Inactivity-gap feature + in/out ratio + hold-time
ANOM000361,DORMANT_REACTIVATION,ACCOUNT,AC001897,,2025-11-19T09:41,2025-11-21T09:41,"Dormant account receives Rs.2,16,96,079 and passes ~98% onward within 30 hours.",Inactivity-gap feature + in/out ratio + hold-time
ANOM000362,DORMANT_REACTIVATION,ACCOUNT,AC001547,,2021-03-19T11:50,2021-03-21T11:50,"Dormant account receives Rs.1,75,36,029 and passes ~98% onward within 30 hours.",Inactivity-gap feature + in/out ratio + hold-time
ANOM000363,DORMANT_REACTIVATION,ACCOUNT,AC000828,,2023-05-17T04:05,2023-05-19T04:05,"Dormant account receives Rs.2,27,01,519 and passes ~98% onward within 30 hours.",Inactivity-gap feature + in/out ratio + hold-time
ANOM000364,DORMANT_REACTIVATION,ACCOUNT,AC001457,,2019-10-28T22:38,2019-10-30T22:38,"Dormant account receives Rs.2,44,92,320 and passes ~98% onward within 30 hours.",Inactivity-gap feature + in/out ratio + hold-time
ANOM000365,DORMANT_REACTIVATION,ACCOUNT,AC000239,,2026-01-28T13:10,2026-01-30T13:10,"Dormant account receives Rs.2,79,14,000 and passes ~98% onward within 30 hours.",Inactivity-gap feature + in/out ratio + hold-time
ANOM000366,DORMANT_REACTIVATION,ACCOUNT,AC001454,,2022-02-03T23:18,2022-02-05T23:18,"Dormant account receives Rs.31,76,362 and passes ~98% onward within 30 hours.",Inactivity-gap feature + in/out ratio + hold-time
ANOM000367,DORMANT_REACTIVATION,ACCOUNT,AC000812,,2024-02-08T16:01,2024-02-10T16:01,"Dormant account receives Rs.36,72,955 and passes ~98% onward within 30 hours.",Inactivity-gap feature + in/out ratio + hold-time
ANOM000368,DORMANT_REACTIVATION,ACCOUNT,AC001401,,2026-03-22T18:04,2026-03-24T18:04,"Dormant account receives Rs.1,30,35,431 and passes ~98% onward within 30 hours.",Inactivity-gap feature + in/out ratio + hold-time
ANOM000369,DORMANT_REACTIVATION,ACCOUNT,AC000716,,2023-05-31T03:48,2023-06-02T03:48,"Dormant account receives Rs.97,54,628 and passes ~98% onward within 30 hours.",Inactivity-gap feature + in/out ratio + hold-time
ANOM000370,DORMANT_REACTIVATION,ACCOUNT,AC001294,,2023-01-14T09:08,2023-01-16T09:08,"Dormant account receives Rs.1,78,82,402 and passes ~98% onward within 30 hours.",Inactivity-gap feature + in/out ratio + hold-time
ANOM000371,DORMANT_REACTIVATION,ACCOUNT,AC000202,,2025-11-30T06:24,2025-12-02T06:24,"Dormant account receives Rs.81,40,864 and passes ~98% onward within 30 hours.",Inactivity-gap feature + in/out ratio + hold-time
ANOM000372,DORMANT_REACTIVATION,ACCOUNT,AC001224,,2021-04-25T22:20,2021-04-27T22:20,"Dormant account receives Rs.63,01,958 and passes ~98% onward within 30 hours.",Inactivity-gap feature + in/out ratio + hold-time
ANOM000373,DORMANT_REACTIVATION,ACCOUNT,AC001405,,2022-11-23T04:07,2022-11-25T04:07,"Dormant account receives Rs.2,38,66,214 and passes ~98% onward within 30 hours.",Inactivity-gap feature + in/out ratio + hold-time
ANOM000374,DORMANT_REACTIVATION,ACCOUNT,AC001315,,2022-12-20T09:48,2022-12-22T09:48,"Dormant account receives Rs.2,87,03,942 and passes ~98% onward within 30 hours.",Inactivity-gap feature + in/out ratio + hold-time
ANOM000375,DORMANT_REACTIVATION,ACCOUNT,AC001288,,2024-05-17T06:47,2024-05-19T06:47,"Dormant account receives Rs.2,56,65,813 and passes ~98% onward within 30 hours.",Inactivity-gap feature + in/out ratio + hold-time
ANOM000376,DORMANT_REACTIVATION,ACCOUNT,AC000021,,2021-02-23T19:02,2021-02-25T19:02,"Dormant account receives Rs.80,77,420 and passes ~98% onward within 30 hours.",Inactivity-gap feature + in/out ratio + hold-time
ANOM000377,DORMANT_REACTIVATION,ACCOUNT,AC000311,,2019-11-10T21:49,2019-11-12T21:49,"Dormant account receives Rs.1,50,05,354 and passes ~98% onward within 30 hours.",Inactivity-gap feature + in/out ratio + hold-time
ANOM000378,DORMANT_REACTIVATION,ACCOUNT,AC000240,,2025-04-04T02:04,2025-04-06T02:04,"Dormant account receives Rs.1,46,43,340 and passes ~98% onward within 30 hours.",Inactivity-gap feature + in/out ratio + hold-time
ANOM000379,DORMANT_REACTIVATION,ACCOUNT,AC000447,,2021-08-24T15:26,2021-08-26T15:26,"Dormant account receives Rs.2,10,22,763 and passes ~98% onward within 30 hours.",Inactivity-gap feature + in/out ratio + hold-time
ANOM000380,DORMANT_REACTIVATION,ACCOUNT,AC001840,,2022-03-02T00:55,2022-03-04T00:55,"Dormant account receives Rs.1,32,32,634 and passes ~98% onward within 30 hours.",Inactivity-gap feature + in/out ratio + hold-time
ANOM000381,DORMANT_REACTIVATION,ACCOUNT,AC001776,,2024-01-03T05:24,2024-01-05T05:24,"Dormant account receives Rs.65,01,048 and passes ~98% onward within 30 hours.",Inactivity-gap feature + in/out ratio + hold-time
ANOM000382,DORMANT_REACTIVATION,ACCOUNT,AC000235,,2022-03-28T01:45,2022-03-30T01:45,"Dormant account receives Rs.2,85,86,947 and passes ~98% onward within 30 hours.",Inactivity-gap feature + in/out ratio + hold-time
ANOM000383,DORMANT_REACTIVATION,ACCOUNT,AC001943,,2023-07-07T10:39,2023-07-09T10:39,"Dormant account receives Rs.2,69,06,217 and passes ~98% onward within 30 hours.",Inactivity-gap feature + in/out ratio + hold-time
ANOM000384,DORMANT_REACTIVATION,ACCOUNT,AC000174,,2024-03-26T01:26,2024-03-28T01:26,"Dormant account receives Rs.87,08,590 and passes ~98% onward within 30 hours.",Inactivity-gap feature + in/out ratio + hold-time
ANOM000385,DORMANT_REACTIVATION,ACCOUNT,AC001186,,2020-03-19T06:31,2020-03-21T06:31,"Dormant account receives Rs.2,97,69,579 and passes ~98% onward within 30 hours.",Inactivity-gap feature + in/out ratio + hold-time
ANOM000386,DORMANT_REACTIVATION,ACCOUNT,AC000216,,2023-07-10T15:27,2023-07-12T15:27,"Dormant account receives Rs.2,51,10,353 and passes ~98% onward within 30 hours.",Inactivity-gap feature + in/out ratio + hold-time
ANOM000387,DORMANT_REACTIVATION,ACCOUNT,AC000460,,2025-07-29T08:41,2025-07-31T08:41,"Dormant account receives Rs.1,83,90,295 and passes ~98% onward within 30 hours.",Inactivity-gap feature + in/out ratio + hold-time
