person_id,location_id,association,observed_on,source_type,confidence
P000978,LOC000026,PRESENT_AT_INCIDENT,2024-07-13,FIR,0.62
P000883,LOC000026,PRESENT_AT_INCIDENT,2024-07-13,FIR,0.65
P000932,LOC000026,PRESENT_AT_INCIDENT,2024-07-13,FIR,0.64
P000586,LOC000115,PRESENT_AT_INCIDENT,2025-08-23,FIR,0.77
P000591,LOC000115,PRESENT_AT_INCIDENT,2025-08-23,FIR,0.65
P000610,LOC000115,PRESENT_AT_INCIDENT,2025-08-23,FIR,0.92
P000718,LOC000002,PRESENT_AT_INCIDENT,2026-04-02,FIR,0.74
P000759,LOC000002,PRESENT_AT_INCIDENT,2026-04-02,FIR,0.88
P000753,LOC000002,PRESENT_AT_INCIDENT,2026-04-02,FIR,0.76
P000735,LOC000002,PRESENT_AT_INCIDENT,2026-04-02,FIR,0.65
P000834,LOC000059,PRESENT_AT_INCIDENT,2024-08-10,FIR,0.9
P000826,LOC000059,PRESENT_AT_INCIDENT,2024-08-10,FIR,0.91
P000828,LOC000059,PRESENT_AT_INCIDENT,2024-08-10,FIR,0.84
P000803,LOC000059,PRESENT_AT_INCIDENT,2024-08-10,FIR,0.93
P000172,LOC000057,PRESENT_AT_INCIDENT,2019-01-27,FIR,0.81
P000337,LOC000009,PRESENT_AT_INCIDENT,2024-03-10,FIR,0.64
P000298,LOC000009,PRESENT_AT_INCIDENT,2024-03-10,FIR,0.87
P000725,LOC000084,PRESENT_AT_INCIDENT,2021-06-21,FIR,0.68
P000713,LOC000084,PRESENT_AT_INCIDENT,2021-06-21,FIR,0.96
P000728,LOC000084,PRESENT_AT_INCIDENT,2021-06-21,FIR,0.9
P000749,LOC000084,PRESENT_AT_INCIDENT,2021-06-21,FIR,0.62
P000758,LOC000084,PRESENT_AT_INCIDENT,2021-06-21,FIR,0.75
P000165,LOC000016,PRESENT_AT_INCIDENT,2023-08-20,FIR,0.91
P000158,LOC000016,PRESENT_AT_INCIDENT,2023-08-20,FIR,0.84
P000886,LOC000059,PRESENT_AT_INCIDENT,2019-03-08,FIR,0.75
P000928,LOC000059,PRESENT_AT_INCIDENT,2019-03-08,FIR,0.96
P000973,LOC000059,PRESENT_AT_INCIDENT,2019-03-08,FIR,0.75
P000534,LOC000058,PRESENT_AT_INCIDENT,2025-05-06,FIR,0.65
P000540,LOC000058,PRESENT_AT_INCIDENT,2025-05-06,FIR,0.67
P000568,LOC000058,PRESENT_AT_INCIDENT,2025-05-06,FIR,0.9
P000523,LOC000058,PRESENT_AT_INCIDENT,2025-05-06,FIR,0.67
P000544,LOC000058,PRESENT_AT_INCIDENT,2025-05-06,FIR,0.7
P000598,LOC000041,PRESENT_AT_INCIDENT,2024-02-29,FIR,0.68
P000752,LOC000017,PRESENT_AT_INCIDENT,2023-08-02,FIR,0.96
P000740,LOC000017,PRESENT_AT_INCIDENT,2023-08-02,FIR,0.7
P000749,LOC000017,PRESENT_AT_INCIDENT,2023-08-02,FIR,0.82
P000759,LOC000017,PRESENT_AT_INCIDENT,2023-08-02,FIR,0.75
P000735,LOC000017,PRESENT_AT_INCIDENT,2023-08-02,FIR,0.93
P000036,LOC000007,PRESENT_AT_INCIDENT,2025-08-02,FIR,0.91
P000744,LOC000071,PRESENT_AT_INCIDENT,2025-08-21,FIR,0.86
P000753,LOC000071,PRESENT_AT_INCIDENT,2025-08-21,FIR,0.93
P000689,LOC000040,PRESENT_AT_INCIDENT,2021-09-14,FIR,0.86
P000511,LOC000040,PRESENT_AT_INCIDENT,2026-06-17,FIR,0.66
P000482,LOC000040,PRESENT_AT_INCIDENT,2026-06-17,FIR,0.6
P000478,LOC000040,PRESENT_AT_INCIDENT,2026-06-17,FIR,0.89
P000475,LOC000040,PRESENT_AT_INCIDENT,2026-06-17,FIR,0.64
P000945,LOC000121,PRESENT_AT_INCIDENT,2025-01-24,FIR,0.97
P000882,LOC000121,PRESENT_AT_INCIDENT,2025-01-24,FIR,0.94
P000958,LOC000121,PRESENT_AT_INCIDENT,2025-01-24,FIR,0.97
P000985,LOC000121,PRESENT_AT_INCIDENT,2025-01-24,FIR,0.79
P000887,LOC000121,PRESENT_AT_INCIDENT,2025-01-24,FIR,0.76
P000871,LOC000116,PRESENT_AT_INCIDENT,2025-05-31,FIR,0.88
P000846,LOC000116,PRESENT_AT_INCIDENT,2025-05-31,FIR,0.6
P000878,LOC000116,PRESENT_AT_INCIDENT,2025-05-31,FIR,0.73
P000098,LOC000054,PRESENT_AT_INCIDENT,2023-05-28,FIR,0.86
P000167,LOC000054,PRESENT_AT_INCIDENT,2023-05-28,FIR,0.82
P000118,LOC000054,PRESENT_AT_INCIDENT,2023-05-28,FIR,0.95
P000927,LOC000117,PRESENT_AT_INCIDENT,2023-01-15,FIR,0.62
P000893,LOC000117,PRESENT_AT_INCIDENT,2023-01-15,FIR,0.97
P000931,LOC000117,PRESENT_AT_INCIDENT,2023-01-15,FIR,0.68
P000913,LOC000117,PRESENT_AT_INCIDENT,2023-01-15,FIR,0.65
P000567,LOC000021,PRESENT_AT_INCIDENT,2026-04-03,FIR,0.71
P000548,LOC000021,PRESENT_AT_INCIDENT,2026-04-03,FIR,0.81
P000526,LOC000021,PRESENT_AT_INCIDENT,2026-04-03,FIR,0.89
P000559,LOC000021,PRESENT_AT_INCIDENT,2026-04-03,FIR,0.64
P000490,LOC000035,PRESENT_AT_INCIDENT,2026-01-28,FIR,0.87
P000504,LOC000035,PRESENT_AT_INCIDENT,2026-01-28,FIR,0.61
P000475,LOC000035,PRESENT_AT_INCIDENT,2026-01-28,FIR,0.94
P000488,LOC000012,PRESENT_AT_INCIDENT,2026-03-14,FIR,0.83
P000480,LOC000012,PRESENT_AT_INCIDENT,2026-03-14,FIR,0.68
P000514,LOC000012,PRESENT_AT_INCIDENT,2026-03-14,FIR,0.85
P000792,LOC000018,PRESENT_AT_INCIDENT,2024-05-12,FIR,0.78
P000765,LOC000018,PRESENT_AT_INCIDENT,2024-05-12,FIR,0.95
P000786,LOC000018,PRESENT_AT_INCIDENT,2024-05-12,FIR,0.68
P000844,LOC000016,PRESENT_AT_INCIDENT,2025-06-07,FIR,0.67
P000715,LOC000015,PRESENT_AT_INCIDENT,2026-06-10,FIR,0.63
P000730,LOC000015,PRESENT_AT_INCIDENT,2026-06-10,FIR,0.72
P000755,LOC000015,PRESENT_AT_INCIDENT,2026-06-10,FIR,0.85
P000737,LOC000015,PRESENT_AT_INCIDENT,2026-06-10,FIR,0.78
P000963,LOC000020,PRESENT_AT_INCIDENT,2025-09-03,FIR,0.71
P000947,LOC000020,PRESENT_AT_INCIDENT,2025-09-03,FIR,0.93
P000915,LOC000020,PRESENT_AT_INCIDENT,2025-09-03,FIR,0.71
P000629,LOC000122,PRESENT_AT_INCIDENT,2026-06-03,FIR,0.94
P000657,LOC000122,PRESENT_AT_INCIDENT,2026-06-03,FIR,0.72
P000661,LOC000122,PRESENT_AT_INCIDENT,2026-06-03,FIR,0.85
P000613,LOC000122,PRESENT_AT_INCIDENT,2026-06-03,FIR,0.73
P000612,LOC000122,PRESENT_AT_INCIDENT,2026-06-03,FIR,0.76
P000731,LOC000099,PRESENT_AT_INCIDENT,2026-06-01,FIR,0.97
P000718,LOC000099,PRESENT_AT_INCIDENT,2026-06-01,FIR,0.71
P000556,LOC000062,PRESENT_AT_INCIDENT,2021-07-21,FIR,0.77
P000520,LOC000062,PRESENT_AT_INCIDENT,2021-07-21,FIR,0.84
P000853,LOC000021,PRESENT_AT_INCIDENT,2024-11-21,FIR,0.65
P000846,LOC000021,PRESENT_AT_INCIDENT,2024-11-21,FIR,0.65
P000867,LOC000021,PRESENT_AT_INCIDENT,2024-11-21,FIR,0.89
P000868,LOC000021,PRESENT_AT_INCIDENT,2024-11-21,FIR,0.86
P000008,LOC000020,PRESENT_AT_INCIDENT,2024-06-16,FIR,0.65
P000076,LOC000020,PRESENT_AT_INCIDENT,2024-06-16,FIR,0.65
P000091,LOC000020,PRESENT_AT_INCIDENT,2024-06-16,FIR,0.65
P000012,LOC000020,PRESENT_AT_INCIDENT,2024-06-16,FIR,0.85
P000128,LOC000017,PRESENT_AT_INCIDENT,2026-06-25,FIR,0.61
P000123,LOC000017,PRESENT_AT_INCIDENT,2026-06-25,FIR,0.86
P000110,LOC000017,PRESENT_AT_INCIDENT,2026-06-25,FIR,0.94
P000418,LOC000014,PRESENT_AT_INCIDENT,2023-02-20,FIR,0.93
P000455,LOC000014,PRESENT_AT_INCIDENT,2023-02-20,FIR,0.69
P000456,LOC000014,PRESENT_AT_INCIDENT,2023-02-20,FIR,0.72
P000461,LOC000014,PRESENT_AT_INCIDENT,2023-02-20,FIR,0.61
P000544,LOC000057,PRESENT_AT_INCIDENT,2022-02-05,FIR,0.78
P000537,LOC000057,PRESENT_AT_INCIDENT,2022-02-05,FIR,0.91
P000847,LOC000050,PRESENT_AT_INCIDENT,2024-04-24,FIR,0.78
P000865,LOC000050,PRESENT_AT_INCIDENT,2024-04-24,FIR,0.73
P000878,LOC000050,PRESENT_AT_INCIDENT,2024-04-24,FIR,0.8
P000864,LOC000050,PRESENT_AT_INCIDENT,2024-04-24,FIR,0.7
P000862,LOC000050,PRESENT_AT_INCIDENT,2024-04-24,FIR,0.67
P000704,LOC000113,PRESENT_AT_INCIDENT,2023-05-27,FIR,0.65
P000706,LOC000113,PRESENT_AT_INCIDENT,2023-05-27,FIR,0.95
P000712,LOC000113,PRESENT_AT_INCIDENT,2023-05-27,FIR,0.84
P000724,LOC000019,PRESENT_AT_INCIDENT,2025-10-17,FIR,0.69
P000729,LOC000019,PRESENT_AT_INCIDENT,2025-10-17,FIR,0.81
P000744,LOC000019,PRESENT_AT_INCIDENT,2025-10-17,FIR,0.83
P000732,LOC000019,PRESENT_AT_INCIDENT,2025-10-17,FIR,0.65
P000714,LOC000085,PRESENT_AT_INCIDENT,2026-05-22,FIR,0.68
P000719,LOC000085,PRESENT_AT_INCIDENT,2026-05-22,FIR,0.62
P000735,LOC000085,PRESENT_AT_INCIDENT,2026-05-22,FIR,0.67
P000743,LOC000071,PRESENT_AT_INCIDENT,2026-06-22,FIR,0.96
P000760,LOC000071,PRESENT_AT_INCIDENT,2026-06-22,FIR,0.86
P000755,LOC000071,PRESENT_AT_INCIDENT,2026-06-22,FIR,0.92
P000756,LOC000071,PRESENT_AT_INCIDENT,2026-06-22,FIR,0.96
P000719,LOC000071,PRESENT_AT_INCIDENT,2026-06-22,FIR,0.68
P000757,LOC000071,PRESENT_AT_INCIDENT,2026-06-22,FIR,0.8
P000746,LOC000071,PRESENT_AT_INCIDENT,2026-06-22,FIR,0.74
P000673,LOC000041,PRESENT_AT_INCIDENT,2025-07-12,FIR,0.89
P000702,LOC000041,PRESENT_AT_INCIDENT,2025-07-12,FIR,0.95
P000680,LOC000041,PRESENT_AT_INCIDENT,2025-07-12,FIR,0.95
P000681,LOC000041,PRESENT_AT_INCIDENT,2025-07-12,FIR,0.75
P000708,LOC000041,PRESENT_AT_INCIDENT,2025-07-12,FIR,0.86
P000035,LOC000018,PRESENT_AT_INCIDENT,2020-05-27,FIR,0.7
P000709,LOC000036,PRESENT_AT_INCIDENT,2023-06-27,FIR,0.94
P000707,LOC000041,PRESENT_AT_INCIDENT,2024-01-16,FIR,0.69
P000676,LOC000041,PRESENT_AT_INCIDENT,2024-01-16,FIR,0.95
P000702,LOC000041,PRESENT_AT_INCIDENT,2024-01-16,FIR,0.83
P000865,LOC000114,PRESENT_AT_INCIDENT,2023-09-25,FIR,0.98
P000850,LOC000114,PRESENT_AT_INCIDENT,2023-09-25,FIR,0.69
P000860,LOC000114,PRESENT_AT_INCIDENT,2023-09-25,FIR,0.64
P000846,LOC000114,PRESENT_AT_INCIDENT,2023-09-25,FIR,0.91
P000858,LOC000114,PRESENT_AT_INCIDENT,2023-09-25,FIR,0.78
P000605,LOC000025,PRESENT_AT_INCIDENT,2026-06-23,FIR,0.69
P000606,LOC000025,PRESENT_AT_INCIDENT,2026-06-23,FIR,0.9
P000985,LOC000123,PRESENT_AT_INCIDENT,2023-12-17,FIR,0.94
P000991,LOC000123,PRESENT_AT_INCIDENT,2023-12-17,FIR,0.72
P000891,LOC000014,PRESENT_AT_INCIDENT,2025-07-30,FIR,0.76
P000972,LOC000014,PRESENT_AT_INCIDENT,2025-07-30,FIR,0.64
P000963,LOC000025,PRESENT_AT_INCIDENT,2022-07-19,FIR,0.96
P000926,LOC000025,PRESENT_AT_INCIDENT,2022-07-19,FIR,0.84
P000899,LOC000025,PRESENT_AT_INCIDENT,2022-07-19,FIR,0.75
P000518,LOC000033,PRESENT_AT_INCIDENT,2020-08-05,FIR,0.75
P000981,LOC000036,PRESENT_AT_INCIDENT,2026-05-11,FIR,0.83
P000971,LOC000036,PRESENT_AT_INCIDENT,2026-05-11,FIR,0.86
P000989,LOC000036,PRESENT_AT_INCIDENT,2026-05-11,FIR,0.61
P000079,LOC000100,PRESENT_AT_INCIDENT,2023-09-12,FIR,0.94
P000029,LOC000100,PRESENT_AT_INCIDENT,2023-09-12,FIR,0.86
P000481,LOC000047,PRESENT_AT_INCIDENT,2023-01-16,FIR,0.71
P000505,LOC000047,PRESENT_AT_INCIDENT,2023-01-16,FIR,0.74
P000476,LOC000047,PRESENT_AT_INCIDENT,2023-01-16,FIR,0.89
P000504,LOC000047,PRESENT_AT_INCIDENT,2023-01-16,FIR,0.66
P000945,LOC000092,PRESENT_AT_INCIDENT,2019-09-21,FIR,0.8
P000901,LOC000092,PRESENT_AT_INCIDENT,2019-09-21,FIR,0.64
P000992,LOC000092,PRESENT_AT_INCIDENT,2019-09-21,FIR,0.75
P000990,LOC000092,PRESENT_AT_INCIDENT,2019-09-21,FIR,0.66
P000944,LOC000092,PRESENT_AT_INCIDENT,2019-09-21,FIR,0.94
P000914,LOC000092,PRESENT_AT_INCIDENT,2019-09-21,FIR,0.96
P000921,LOC000092,PRESENT_AT_INCIDENT,2019-09-21,FIR,0.73
P000213,LOC000022,PRESENT_AT_INCIDENT,2025-11-17,FIR,0.88
P000220,LOC000022,PRESENT_AT_INCIDENT,2025-11-17,FIR,0.94
P000985,LOC000108,PRESENT_AT_INCIDENT,2023-06-17,FIR,0.8
P000917,LOC000108,PRESENT_AT_INCIDENT,2023-06-17,FIR,0.89
P000947,LOC000053,PRESENT_AT_INCIDENT,2025-06-12,FIR,0.81
P000885,LOC000053,PRESENT_AT_INCIDENT,2025-06-12,FIR,0.7
P000948,LOC000053,PRESENT_AT_INCIDENT,2025-06-12,FIR,0.82
P000916,LOC000053,PRESENT_AT_INCIDENT,2025-06-12,FIR,0.62
P001000,LOC000053,PRESENT_AT_INCIDENT,2025-06-12,FIR,0.92
P000996,LOC000053,PRESENT_AT_INCIDENT,2025-06-12,FIR,0.64
P000939,LOC000053,PRESENT_AT_INCIDENT,2025-06-12,FIR,0.72
P000440,LOC000061,PRESENT_AT_INCIDENT,2023-04-15,FIR,0.95
P000453,LOC000061,PRESENT_AT_INCIDENT,2023-04-15,FIR,0.65
P000847,LOC000080,PRESENT_AT_INCIDENT,2026-05-11,FIR,0.85
P000870,LOC000080,PRESENT_AT_INCIDENT,2026-05-11,FIR,0.82
P000848,LOC000080,PRESENT_AT_INCIDENT,2026-05-11,FIR,0.97
P000867,LOC000080,PRESENT_AT_INCIDENT,2026-05-11,FIR,0.95
P000691,LOC000110,PRESENT_AT_INCIDENT,2026-02-05,FIR,0.76
P000677,LOC000110,PRESENT_AT_INCIDENT,2026-02-05,FIR,0.68
P000713,LOC000007,PRESENT_AT_INCIDENT,2026-06-22,FIR,0.93
P000758,LOC000007,PRESENT_AT_INCIDENT,2026-06-22,FIR,0.9
P000745,LOC000007,PRESENT_AT_INCIDENT,2026-06-22,FIR,0.68
P000469,LOC000113,PRESENT_AT_INCIDENT,2023-03-13,FIR,0.8
P000424,LOC000113,PRESENT_AT_INCIDENT,2023-03-13,FIR,0.86
P000461,LOC000113,PRESENT_AT_INCIDENT,2023-03-13,FIR,0.64
P000406,LOC000069,PRESENT_AT_INCIDENT,2026-02-25,FIR,0.87
P000390,LOC000069,PRESENT_AT_INCIDENT,2026-02-25,FIR,0.9
P000386,LOC000069,PRESENT_AT_INCIDENT,2026-02-25,FIR,0.78
P000387,LOC000069,PRESENT_AT_INCIDENT,2026-02-25,FIR,0.65
P000761,LOC000099,PRESENT_AT_INCIDENT,2023-10-24,FIR,0.93
P000757,LOC000099,PRESENT_AT_INCIDENT,2023-10-24,FIR,0.78
P000929,LOC000114,PRESENT_AT_INCIDENT,2019-02-28,FIR,0.86
P000950,LOC000114,PRESENT_AT_INCIDENT,2019-02-28,FIR,0.93
P000978,LOC000091,PRESENT_AT_INCIDENT,2021-06-13,FIR,0.92
P000926,LOC000091,PRESENT_AT_INCIDENT,2021-06-13,FIR,0.8
P000962,LOC000045,PRESENT_AT_INCIDENT,2021-08-17,FIR,0.72
P000881,LOC000045,PRESENT_AT_INCIDENT,2021-08-17,FIR,0.88
P000982,LOC000045,PRESENT_AT_INCIDENT,2021-08-17,FIR,0.79
P000943,LOC000045,PRESENT_AT_INCIDENT,2021-08-17,FIR,0.81
P000938,LOC000045,PRESENT_AT_INCIDENT,2021-08-17,FIR,0.96
P000957,LOC000045,PRESENT_AT_INCIDENT,2021-08-17,FIR,0.95
P000917,LOC000045,PRESENT_AT_INCIDENT,2021-08-17,FIR,0.61
P000869,LOC000048,PRESENT_AT_INCIDENT,2022-10-31,FIR,0.81
P000853,LOC000048,PRESENT_AT_INCIDENT,2022-10-31,FIR,0.89
P000877,LOC000048,PRESENT_AT_INCIDENT,2022-10-31,FIR,0.83
P000855,LOC000098,PRESENT_AT_INCIDENT,2025-06-20,FIR,0.75
P000852,LOC000098,PRESENT_AT_INCIDENT,2025-06-20,FIR,0.89
P000871,LOC000098,PRESENT_AT_INCIDENT,2025-06-20,FIR,0.95
P000853,LOC000098,PRESENT_AT_INCIDENT,2025-06-20,FIR,0.9
P000859,LOC000047,PRESENT_AT_INCIDENT,2020-06-12,FIR,0.76
P000850,LOC000047,PRESENT_AT_INCIDENT,2020-06-12,FIR,0.91
P000679,LOC000045,PRESENT_AT_INCIDENT,2023-05-24,FIR,0.89
P000668,LOC000045,PRESENT_AT_INCIDENT,2023-05-24,FIR,0.65
P000822,LOC000061,PRESENT_AT_INCIDENT,2024-12-09,FIR,0.63
P000838,LOC000061,PRESENT_AT_INCIDENT,2024-12-09,FIR,0.67
P000812,LOC000061,PRESENT_AT_INCIDENT,2024-12-09,FIR,0.79
P000828,LOC000061,PRESENT_AT_INCIDENT,2024-12-09,FIR,0.93
P000851,LOC000115,PRESENT_AT_INCIDENT,2023-09-22,FIR,0.61
P000855,LOC000115,PRESENT_AT_INCIDENT,2023-09-22,FIR,0.61
P000900,LOC000118,PRESENT_AT_INCIDENT,2022-09-18,FIR,0.84
P000885,LOC000118,PRESENT_AT_INCIDENT,2022-09-18,FIR,0.8
P000967,LOC000118,PRESENT_AT_INCIDENT,2022-09-18,FIR,0.97
P000693,LOC000042,PRESENT_AT_INCIDENT,2021-01-01,FIR,0.7
P000595,LOC000049,PRESENT_AT_INCIDENT,2024-02-15,FIR,0.92
P000603,LOC000049,PRESENT_AT_INCIDENT,2024-02-15,FIR,0.83
P000573,LOC000049,PRESENT_AT_INCIDENT,2024-02-15,FIR,0.61
P000609,LOC000049,PRESENT_AT_INCIDENT,2024-02-15,FIR,0.82
P000628,LOC000085,PRESENT_AT_INCIDENT,2025-07-15,FIR,0.65
P000616,LOC000085,PRESENT_AT_INCIDENT,2025-07-15,FIR,0.83
P000644,LOC000085,PRESENT_AT_INCIDENT,2025-07-15,FIR,0.72
P000654,LOC000085,PRESENT_AT_INCIDENT,2025-07-15,FIR,0.64
P000750,LOC000071,PRESENT_AT_INCIDENT,2025-06-23,FIR,0.71
P000725,LOC000071,PRESENT_AT_INCIDENT,2025-06-23,FIR,0.95
P000996,LOC000122,PRESENT_AT_INCIDENT,2022-05-25,FIR,0.63
P000945,LOC000122,PRESENT_AT_INCIDENT,2022-05-25,FIR,0.96
P000983,LOC000122,PRESENT_AT_INCIDENT,2022-05-25,FIR,0.93
P000679,LOC000114,PRESENT_AT_INCIDENT,2025-12-27,FIR,0.85
P000997,LOC000043,PRESENT_AT_INCIDENT,2026-06-03,FIR,0.96
P000911,LOC000043,PRESENT_AT_INCIDENT,2026-06-03,FIR,0.74
P000103,LOC000021,PRESENT_AT_INCIDENT,2026-06-26,FIR,0.79
P000162,LOC000021,PRESENT_AT_INCIDENT,2026-06-26,FIR,0.82
P000119,LOC000021,PRESENT_AT_INCIDENT,2026-06-26,FIR,0.87
P000718,LOC000068,PRESENT_AT_INCIDENT,2025-10-16,FIR,0.89
P000742,LOC000068,PRESENT_AT_INCIDENT,2025-10-16,FIR,0.69
P000722,LOC000068,PRESENT_AT_INCIDENT,2025-10-16,FIR,0.71
P000731,LOC000068,PRESENT_AT_INCIDENT,2025-10-16,FIR,0.76
P000751,LOC000068,PRESENT_AT_INCIDENT,2025-10-16,FIR,0.93
P000455,LOC000005,PRESENT_AT_INCIDENT,2023-12-09,FIR,0.82
P000428,LOC000005,PRESENT_AT_INCIDENT,2023-12-09,FIR,0.65
P000444,LOC000005,PRESENT_AT_INCIDENT,2023-12-09,FIR,0.66
P000418,LOC000005,PRESENT_AT_INCIDENT,2023-12-09,FIR,0.9
P000952,LOC000004,PRESENT_AT_INCIDENT,2024-10-19,FIR,0.75
P000934,LOC000004,PRESENT_AT_INCIDENT,2024-10-19,FIR,0.75
P000963,LOC000004,PRESENT_AT_INCIDENT,2024-10-19,FIR,0.98
P000933,LOC000004,PRESENT_AT_INCIDENT,2024-10-19,FIR,0.69
P000454,LOC000004,PRESENT_AT_INCIDENT,2025-11-28,FIR,0.75
P000443,LOC000004,PRESENT_AT_INCIDENT,2025-11-28,FIR,0.62
P000449,LOC000004,PRESENT_AT_INCIDENT,2025-11-28,FIR,0.83
P000436,LOC000004,PRESENT_AT_INCIDENT,2025-11-28,FIR,0.85
P000863,LOC000113,PRESENT_AT_INCIDENT,2025-11-25,FIR,0.81
P000753,LOC000015,PRESENT_AT_INCIDENT,2020-11-07,FIR,0.61
P000748,LOC000015,PRESENT_AT_INCIDENT,2020-11-07,FIR,0.7
P000487,LOC000049,PRESENT_AT_INCIDENT,2025-07-24,FIR,0.74
P000482,LOC000049,PRESENT_AT_INCIDENT,2025-07-24,FIR,0.82
P000930,LOC000091,PRESENT_AT_INCIDENT,2026-05-03,FIR,0.85
P000881,LOC000091,PRESENT_AT_INCIDENT,2026-05-03,FIR,0.97
P000913,LOC000046,PRESENT_AT_INCIDENT,2023-01-12,FIR,0.98
P000332,LOC000104,PRESENT_AT_INCIDENT,2020-01-17,FIR,0.71
P000324,LOC000104,PRESENT_AT_INCIDENT,2020-01-17,FIR,0.95
P000091,LOC000018,PRESENT_AT_INCIDENT,2025-06-19,FIR,0.7
P000071,LOC000018,PRESENT_AT_INCIDENT,2025-06-19,FIR,0.67
P000021,LOC000018,PRESENT_AT_INCIDENT,2025-06-19,FIR,0.9
P000383,LOC000036,PRESENT_AT_INCIDENT,2024-09-08,FIR,0.97
P000408,LOC000036,PRESENT_AT_INCIDENT,2024-09-08,FIR,0.7
P000385,LOC000036,PRESENT_AT_INCIDENT,2024-09-08,FIR,0.79
P000391,LOC000036,PRESENT_AT_INCIDENT,2024-09-08,FIR,0.84
P000360,LOC000036,PRESENT_AT_INCIDENT,2024-09-08,FIR,0.94
P000716,LOC000002,PRESENT_AT_INCIDENT,2021-07-16,FIR,0.86
P000733,LOC000002,PRESENT_AT_INCIDENT,2021-07-16,FIR,0.97
P000715,LOC000002,PRESENT_AT_INCIDENT,2021-07-16,FIR,0.77
P000725,LOC000002,PRESENT_AT_INCIDENT,2021-07-16,FIR,0.89
P000722,LOC000002,PRESENT_AT_INCIDENT,2021-07-16,FIR,0.64
P000927,LOC000037,PRESENT_AT_INCIDENT,2025-02-03,FIR,0.64
P000374,LOC000102,PRESENT_AT_INCIDENT,2025-01-30,FIR,0.84
P000384,LOC000102,PRESENT_AT_INCIDENT,2025-01-30,FIR,0.89
P000392,LOC000102,PRESENT_AT_INCIDENT,2025-01-30,FIR,0.93
P000403,LOC000102,PRESENT_AT_INCIDENT,2025-01-30,FIR,0.71
P000364,LOC000102,PRESENT_AT_INCIDENT,2025-01-30,FIR,0.74
P000393,LOC000102,PRESENT_AT_INCIDENT,2025-01-30,FIR,0.84
P000404,LOC000102,PRESENT_AT_INCIDENT,2025-01-30,FIR,0.68
P000847,LOC000089,PRESENT_AT_INCIDENT,2024-03-13,FIR,0.8
P000873,LOC000089,PRESENT_AT_INCIDENT,2024-03-13,FIR,0.88
P000768,LOC000024,PRESENT_AT_INCIDENT,2026-01-12,FIR,0.97
P000780,LOC000024,PRESENT_AT_INCIDENT,2026-01-12,FIR,0.64
P000362,LOC000034,PRESENT_AT_INCIDENT,2023-07-08,FIR,0.66
P000379,LOC000034,PRESENT_AT_INCIDENT,2023-07-08,FIR,0.93
P000363,LOC000034,PRESENT_AT_INCIDENT,2023-07-08,FIR,0.89
P000404,LOC000034,PRESENT_AT_INCIDENT,2023-07-08,FIR,0.91
P000413,LOC000034,PRESENT_AT_INCIDENT,2023-07-08,FIR,0.96
P000403,LOC000034,PRESENT_AT_INCIDENT,2023-07-08,FIR,0.73
P000408,LOC000034,PRESENT_AT_INCIDENT,2023-07-08,FIR,0.65
P000461,LOC000015,PRESENT_AT_INCIDENT,2023-02-28,FIR,0.65
P000425,LOC000015,PRESENT_AT_INCIDENT,2023-02-28,FIR,0.72
P000429,LOC000015,PRESENT_AT_INCIDENT,2023-02-28,FIR,0.82
P000988,LOC000058,PRESENT_AT_INCIDENT,2025-10-17,FIR,0.93
P000723,LOC000084,PRESENT_AT_INCIDENT,2024-08-31,FIR,0.68
P000714,LOC000084,PRESENT_AT_INCIDENT,2024-08-31,FIR,0.82
P000760,LOC000084,PRESENT_AT_INCIDENT,2024-08-31,FIR,0.65
P000730,LOC000084,PRESENT_AT_INCIDENT,2024-08-31,FIR,0.8
P000738,LOC000084,PRESENT_AT_INCIDENT,2024-08-31,FIR,0.75
P000741,LOC000084,PRESENT_AT_INCIDENT,2024-08-31,FIR,0.89
P000736,LOC000084,PRESENT_AT_INCIDENT,2024-08-31,FIR,0.91
P000051,LOC000003,PRESENT_AT_INCIDENT,2021-04-27,FIR,0.87
P000461,LOC000001,PRESENT_AT_INCIDENT,2021-06-20,FIR,0.87
P000431,LOC000001,PRESENT_AT_INCIDENT,2021-06-20,FIR,0.89
P000423,LOC000001,PRESENT_AT_INCIDENT,2021-06-20,FIR,0.62
P000970,LOC000043,PRESENT_AT_INCIDENT,2022-08-07,FIR,0.72
P000959,LOC000043,PRESENT_AT_INCIDENT,2022-08-07,FIR,0.69
P000902,LOC000043,PRESENT_AT_INCIDENT,2022-08-07,FIR,0.94
P000900,LOC000043,PRESENT_AT_INCIDENT,2022-08-07,FIR,0.71
P000978,LOC000043,PRESENT_AT_INCIDENT,2022-08-07,FIR,0.83
P000299,LOC000015,PRESENT_AT_INCIDENT,2026-03-20,FIR,0.68
P000315,LOC000015,PRESENT_AT_INCIDENT,2026-03-20,FIR,0.96
P000298,LOC000015,PRESENT_AT_INCIDENT,2026-03-20,FIR,0.79
P000874,LOC000116,PRESENT_AT_INCIDENT,2020-01-27,FIR,0.95
P000847,LOC000116,PRESENT_AT_INCIDENT,2020-01-27,FIR,0.89
P000880,LOC000116,PRESENT_AT_INCIDENT,2020-01-27,FIR,0.69
P000862,LOC000116,PRESENT_AT_INCIDENT,2020-01-27,FIR,0.76
P000851,LOC000116,PRESENT_AT_INCIDENT,2020-01-27,FIR,0.96
P000873,LOC000116,PRESENT_AT_INCIDENT,2020-01-27,FIR,0.93
P000859,LOC000116,PRESENT_AT_INCIDENT,2020-01-27,FIR,0.77
P000726,LOC000086,PRESENT_AT_INCIDENT,2026-01-30,FIR,0.62
P000436,LOC000047,PRESENT_AT_INCIDENT,2023-11-23,FIR,0.91
P000460,LOC000047,PRESENT_AT_INCIDENT,2023-11-23,FIR,0.93
P000445,LOC000047,PRESENT_AT_INCIDENT,2023-11-23,FIR,0.74
P000463,LOC000047,PRESENT_AT_INCIDENT,2023-11-23,FIR,0.69
P000863,LOC000117,PRESENT_AT_INCIDENT,2020-05-15,FIR,0.67
P000873,LOC000117,PRESENT_AT_INCIDENT,2020-05-15,FIR,0.97
P000449,LOC000020,PRESENT_AT_INCIDENT,2023-02-05,FIR,0.97
P000458,LOC000020,PRESENT_AT_INCIDENT,2023-02-05,FIR,0.85
P000292,LOC000093,PRESENT_AT_INCIDENT,2024-05-16,FIR,0.71
P000312,LOC000093,PRESENT_AT_INCIDENT,2024-05-16,FIR,0.65
P000608,LOC000039,PRESENT_AT_INCIDENT,2025-08-08,FIR,0.88
P000578,LOC000039,PRESENT_AT_INCIDENT,2025-08-08,FIR,0.91
P000590,LOC000039,PRESENT_AT_INCIDENT,2025-08-08,FIR,0.67
P000602,LOC000039,PRESENT_AT_INCIDENT,2025-08-08,FIR,0.84
P000595,LOC000039,PRESENT_AT_INCIDENT,2025-08-08,FIR,0.95
P000027,LOC000001,PRESENT_AT_INCIDENT,2025-03-05,FIR,0.65
P000001,LOC000001,PRESENT_AT_INCIDENT,2025-03-05,FIR,0.79
P000071,LOC000001,PRESENT_AT_INCIDENT,2025-03-05,FIR,0.91
P000066,LOC000001,PRESENT_AT_INCIDENT,2025-03-05,FIR,0.75
P000043,LOC000001,PRESENT_AT_INCIDENT,2025-03-05,FIR,0.76
P000618,LOC000092,PRESENT_AT_INCIDENT,2024-01-26,FIR,0.93
P000635,LOC000092,PRESENT_AT_INCIDENT,2024-01-26,FIR,0.62
P000665,LOC000092,PRESENT_AT_INCIDENT,2024-01-26,FIR,0.7
P000645,LOC000092,PRESENT_AT_INCIDENT,2024-01-26,FIR,0.82
P000331,LOC000071,PRESENT_AT_INCIDENT,2020-12-19,FIR,0.95
P000348,LOC000071,PRESENT_AT_INCIDENT,2020-12-19,FIR,0.85
P000347,LOC000071,PRESENT_AT_INCIDENT,2020-12-19,FIR,0.65
P000177,LOC000022,PRESENT_AT_INCIDENT,2025-12-12,FIR,0.86
P000243,LOC000022,PRESENT_AT_INCIDENT,2025-12-12,FIR,0.61
P000228,LOC000022,PRESENT_AT_INCIDENT,2025-12-12,FIR,0.8
P000992,LOC000035,PRESENT_AT_INCIDENT,2026-04-20,FIR,0.93
P000997,LOC000035,PRESENT_AT_INCIDENT,2026-04-20,FIR,0.85
P000667,LOC000112,PRESENT_AT_INCIDENT,2024-05-23,FIR,0.81
P000689,LOC000112,PRESENT_AT_INCIDENT,2024-05-23,FIR,0.81
P000692,LOC000112,PRESENT_AT_INCIDENT,2024-05-23,FIR,0.82
P000691,LOC000040,PRESENT_AT_INCIDENT,2026-03-25,FIR,0.83
P000673,LOC000111,PRESENT_AT_INCIDENT,2026-01-08,FIR,0.8
P000101,LOC000058,PRESENT_AT_INCIDENT,2024-08-22,FIR,0.73
P000042,LOC000008,PRESENT_AT_INCIDENT,2024-02-19,FIR,0.85
P000261,LOC000100,PRESENT_AT_INCIDENT,2025-11-10,FIR,0.93
P000265,LOC000100,PRESENT_AT_INCIDENT,2025-11-10,FIR,0.63
P000185,LOC000100,PRESENT_AT_INCIDENT,2025-11-10,FIR,0.75
P000217,LOC000100,PRESENT_AT_INCIDENT,2025-11-10,FIR,0.86
P000267,LOC000100,PRESENT_AT_INCIDENT,2025-11-10,FIR,0.61
P000809,LOC000069,PRESENT_AT_INCIDENT,2024-05-31,FIR,0.85
P000879,LOC000077,PRESENT_AT_INCIDENT,2023-10-31,FIR,0.85
P000880,LOC000077,PRESENT_AT_INCIDENT,2023-10-31,FIR,0.69
P000846,LOC000077,PRESENT_AT_INCIDENT,2023-10-31,FIR,0.83
P000884,LOC000072,PRESENT_AT_INCIDENT,2023-10-18,FIR,0.73
P000904,LOC000072,PRESENT_AT_INCIDENT,2023-10-18,FIR,0.78
P000891,LOC000072,PRESENT_AT_INCIDENT,2023-10-18,FIR,0.75
P000553,LOC000038,PRESENT_AT_INCIDENT,2026-05-07,FIR,0.98
P000556,LOC000038,PRESENT_AT_INCIDENT,2026-05-07,FIR,0.93
P000307,LOC000107,PRESENT_AT_INCIDENT,2022-10-04,FIR,0.67
P000291,LOC000107,PRESENT_AT_INCIDENT,2022-10-04,FIR,0.81
P000952,LOC000088,PRESENT_AT_INCIDENT,2024-08-22,FIR,0.85
P000899,LOC000088,PRESENT_AT_INCIDENT,2024-08-22,FIR,0.67
P000894,LOC000088,PRESENT_AT_INCIDENT,2024-08-22,FIR,0.64
P000348,LOC000022,PRESENT_AT_INCIDENT,2025-01-14,FIR,0.94
P000954,LOC000052,PRESENT_AT_INCIDENT,2022-03-14,FIR,0.61
P000884,LOC000052,PRESENT_AT_INCIDENT,2022-03-14,FIR,0.79
P000956,LOC000052,PRESENT_AT_INCIDENT,2022-03-14,FIR,0.89
P000947,LOC000052,PRESENT_AT_INCIDENT,2022-03-14,FIR,0.84
P000830,LOC000031,PRESENT_AT_INCIDENT,2023-08-17,FIR,0.72
P000291,LOC000093,PRESENT_AT_INCIDENT,2025-12-31,FIR,0.79
P000353,LOC000096,PRESENT_AT_INCIDENT,2020-12-31,FIR,0.89
P000324,LOC000096,PRESENT_AT_INCIDENT,2020-12-31,FIR,0.82
P000327,LOC000096,PRESENT_AT_INCIDENT,2020-12-31,FIR,0.85
P000350,LOC000096,PRESENT_AT_INCIDENT,2020-12-31,FIR,0.89
P000305,LOC000096,PRESENT_AT_INCIDENT,2020-12-31,FIR,0.78
P000343,LOC000096,PRESENT_AT_INCIDENT,2020-12-31,FIR,0.71
P000342,LOC000096,PRESENT_AT_INCIDENT,2020-12-31,FIR,0.63
P000088,LOC000017,PRESENT_AT_INCIDENT,2025-05-19,FIR,0.7
P000002,LOC000017,PRESENT_AT_INCIDENT,2025-05-19,FIR,0.92
P000853,LOC000093,PRESENT_AT_INCIDENT,2025-10-14,FIR,0.94
P000859,LOC000093,PRESENT_AT_INCIDENT,2025-10-14,FIR,0.65
P000856,LOC000093,PRESENT_AT_INCIDENT,2025-10-14,FIR,0.92
P000872,LOC000093,PRESENT_AT_INCIDENT,2025-10-14,FIR,0.91
P000357,LOC000093,PRESENT_AT_INCIDENT,2026-03-10,FIR,0.75
P000344,LOC000093,PRESENT_AT_INCIDENT,2026-03-10,FIR,0.85
P000324,LOC000093,PRESENT_AT_INCIDENT,2026-03-10,FIR,0.8
P000865,LOC000089,PRESENT_AT_INCIDENT,2023-09-16,FIR,0.9
P000890,LOC000035,PRESENT_AT_INCIDENT,2024-11-11,FIR,0.87
P000941,LOC000035,PRESENT_AT_INCIDENT,2024-11-11,FIR,0.89
P000957,LOC000035,PRESENT_AT_INCIDENT,2024-11-11,FIR,0.9
P000976,LOC000035,PRESENT_AT_INCIDENT,2024-11-11,FIR,0.76
P000964,LOC000035,PRESENT_AT_INCIDENT,2024-11-11,FIR,0.85
P000640,LOC000101,PRESENT_AT_INCIDENT,2023-04-29,FIR,0.78
P000650,LOC000101,PRESENT_AT_INCIDENT,2023-04-29,FIR,0.92
P000664,LOC000101,PRESENT_AT_INCIDENT,2023-04-29,FIR,0.62
P000242,LOC000101,PRESENT_AT_INCIDENT,2024-11-18,FIR,0.8
P000234,LOC000101,PRESENT_AT_INCIDENT,2024-11-18,FIR,0.8
P000272,LOC000101,PRESENT_AT_INCIDENT,2024-11-18,FIR,0.8
P000047,LOC000103,PRESENT_AT_INCIDENT,2021-08-14,FIR,0.75
P000046,LOC000103,PRESENT_AT_INCIDENT,2021-08-14,FIR,0.63
P000110,LOC000017,PRESENT_AT_INCIDENT,2026-02-20,FIR,0.95
P000171,LOC000017,PRESENT_AT_INCIDENT,2026-02-20,FIR,0.69
P000606,LOC000018,PRESENT_AT_INCIDENT,2025-09-14,FIR,0.87
P000610,LOC000018,PRESENT_AT_INCIDENT,2025-09-14,FIR,0.74
P000052,LOC000005,PRESENT_AT_INCIDENT,2020-12-21,FIR,0.73
P000553,LOC000065,PRESENT_AT_INCIDENT,2025-10-13,FIR,0.63
P000564,LOC000065,PRESENT_AT_INCIDENT,2025-10-13,FIR,0.93
P000037,LOC000018,PRESENT_AT_INCIDENT,2023-08-30,FIR,0.96
P000087,LOC000018,PRESENT_AT_INCIDENT,2023-08-30,FIR,0.61
P000695,LOC000046,PRESENT_AT_INCIDENT,2025-08-15,FIR,0.96
P000710,LOC000046,PRESENT_AT_INCIDENT,2025-08-15,FIR,0.79
P000687,LOC000046,PRESENT_AT_INCIDENT,2025-08-15,FIR,0.71
P000932,LOC000029,PRESENT_AT_INCIDENT,2026-02-24,FIR,0.73
P000889,LOC000029,PRESENT_AT_INCIDENT,2026-02-24,FIR,0.87
P000981,LOC000029,PRESENT_AT_INCIDENT,2026-02-24,FIR,0.76
P000896,LOC000029,PRESENT_AT_INCIDENT,2026-02-24,FIR,0.79
P000155,LOC000068,PRESENT_AT_INCIDENT,2024-12-10,FIR,0.81
P000105,LOC000068,PRESENT_AT_INCIDENT,2024-12-10,FIR,0.82
P000370,LOC000023,PRESENT_AT_INCIDENT,2024-10-20,FIR,0.98
P000384,LOC000023,PRESENT_AT_INCIDENT,2024-10-20,FIR,0.94
P000413,LOC000023,PRESENT_AT_INCIDENT,2024-10-20,FIR,0.86
P000871,LOC000080,PRESENT_AT_INCIDENT,2026-02-09,FIR,0.91
P000878,LOC000080,PRESENT_AT_INCIDENT,2026-02-09,FIR,0.83
P000872,LOC000052,PRESENT_AT_INCIDENT,2024-05-31,FIR,0.71
P000852,LOC000052,PRESENT_AT_INCIDENT,2024-05-31,FIR,0.89
P000870,LOC000052,PRESENT_AT_INCIDENT,2024-05-31,FIR,0.63
P000914,LOC000021,PRESENT_AT_INCIDENT,2025-08-17,FIR,0.61
P000920,LOC000021,PRESENT_AT_INCIDENT,2025-08-17,FIR,0.83
P000974,LOC000021,PRESENT_AT_INCIDENT,2025-08-17,FIR,0.68
P000904,LOC000021,PRESENT_AT_INCIDENT,2025-08-17,FIR,0.95
P000991,LOC000021,PRESENT_AT_INCIDENT,2025-08-17,FIR,0.72
P000162,LOC000054,PRESENT_AT_INCIDENT,2021-02-10,FIR,0.98
P000135,LOC000054,PRESENT_AT_INCIDENT,2021-02-10,FIR,0.81
P000156,LOC000054,PRESENT_AT_INCIDENT,2021-02-10,FIR,0.97
P000157,LOC000120,PRESENT_AT_INCIDENT,2022-04-11,FIR,0.85
P000173,LOC000120,PRESENT_AT_INCIDENT,2022-04-11,FIR,0.66
P000100,LOC000120,PRESENT_AT_INCIDENT,2022-04-11,FIR,0.93
P000901,LOC000125,PRESENT_AT_INCIDENT,2020-10-15,FIR,0.92
P000153,LOC000057,PRESENT_AT_INCIDENT,2025-12-16,FIR,0.92
P000947,LOC000057,PRESENT_AT_INCIDENT,2024-05-24,FIR,0.97
P000899,LOC000057,PRESENT_AT_INCIDENT,2024-05-24,FIR,0.7
P000153,LOC000121,PRESENT_AT_INCIDENT,2026-03-26,FIR,0.63
P000738,LOC000065,PRESENT_AT_INCIDENT,2025-07-14,FIR,0.67
P000744,LOC000065,PRESENT_AT_INCIDENT,2025-07-14,FIR,0.89
P000713,LOC000065,PRESENT_AT_INCIDENT,2025-07-14,FIR,0.82
P000920,LOC000051,PRESENT_AT_INCIDENT,2023-11-05,FIR,0.73
P000337,LOC000016,PRESENT_AT_INCIDENT,2023-11-01,FIR,0.74
P000992,LOC000078,PRESENT_AT_INCIDENT,2022-06-10,FIR,0.92
P000898,LOC000078,PRESENT_AT_INCIDENT,2022-06-10,FIR,0.98
P000941,LOC000078,PRESENT_AT_INCIDENT,2022-06-10,FIR,0.86
P000887,LOC000078,PRESENT_AT_INCIDENT,2022-06-10,FIR,0.6
P000455,LOC000113,PRESENT_AT_INCIDENT,2023-01-13,FIR,0.85
P000454,LOC000113,PRESENT_AT_INCIDENT,2023-01-13,FIR,0.71
P000734,LOC000019,PRESENT_AT_INCIDENT,2020-02-12,FIR,0.73
P000112,LOC000066,PRESENT_AT_INCIDENT,2022-06-30,FIR,0.88
P000154,LOC000066,PRESENT_AT_INCIDENT,2022-06-30,FIR,0.83
P000155,LOC000066,PRESENT_AT_INCIDENT,2022-06-30,FIR,0.88
P000767,LOC000024,PRESENT_AT_INCIDENT,2025-09-12,FIR,0.67
P000799,LOC000024,PRESENT_AT_INCIDENT,2025-09-12,FIR,0.98
P000792,LOC000024,PRESENT_AT_INCIDENT,2025-09-12,FIR,0.79
P000795,LOC000024,PRESENT_AT_INCIDENT,2025-09-12,FIR,0.84
P000600,LOC000029,PRESENT_AT_INCIDENT,2024-06-23,FIR,0.88
P000570,LOC000029,PRESENT_AT_INCIDENT,2024-06-23,FIR,0.61
P000553,LOC000056,PRESENT_AT_INCIDENT,2020-10-04,FIR,0.85
P000552,LOC000056,PRESENT_AT_INCIDENT,2020-10-04,FIR,0.8
P000949,LOC000120,PRESENT_AT_INCIDENT,2026-05-01,FIR,0.94
P000999,LOC000120,PRESENT_AT_INCIDENT,2026-05-01,FIR,0.83
P000776,LOC000047,PRESENT_AT_INCIDENT,2025-10-26,FIR,0.68
P000790,LOC000047,PRESENT_AT_INCIDENT,2025-10-26,FIR,0.73
P000291,LOC000048,PRESENT_AT_INCIDENT,2021-08-17,FIR,0.78
P000519,LOC000061,PRESENT_AT_INCIDENT,2024-08-23,FIR,0.78
P000541,LOC000061,PRESENT_AT_INCIDENT,2024-08-23,FIR,0.82
P000548,LOC000061,PRESENT_AT_INCIDENT,2024-08-23,FIR,0.95
P000545,LOC000061,PRESENT_AT_INCIDENT,2024-08-23,FIR,0.63
P000184,LOC000051,PRESENT_AT_INCIDENT,2025-05-23,FIR,0.71
P000175,LOC000051,PRESENT_AT_INCIDENT,2025-05-23,FIR,0.86
P000178,LOC000051,PRESENT_AT_INCIDENT,2025-05-23,FIR,0.89
P000200,LOC000051,PRESENT_AT_INCIDENT,2025-05-23,FIR,0.97
P000281,LOC000051,PRESENT_AT_INCIDENT,2025-05-23,FIR,0.88
P000191,LOC000051,PRESENT_AT_INCIDENT,2025-05-23,FIR,0.82
P000195,LOC000051,PRESENT_AT_INCIDENT,2025-05-23,FIR,0.63
P000145,LOC000069,PRESENT_AT_INCIDENT,2021-06-08,FIR,0.6
P000111,LOC000069,PRESENT_AT_INCIDENT,2021-06-08,FIR,0.89
P000879,LOC000015,PRESENT_AT_INCIDENT,2021-04-14,FIR,0.66
P000864,LOC000015,PRESENT_AT_INCIDENT,2021-04-14,FIR,0.93
P000851,LOC000015,PRESENT_AT_INCIDENT,2021-04-14,FIR,0.87
P000389,LOC000035,PRESENT_AT_INCIDENT,2025-03-23,FIR,0.94
P000412,LOC000035,PRESENT_AT_INCIDENT,2025-03-23,FIR,0.64
P000730,LOC000100,PRESENT_AT_INCIDENT,2026-06-11,FIR,0.97
P000745,LOC000100,PRESENT_AT_INCIDENT,2026-06-11,FIR,0.77
P000721,LOC000100,PRESENT_AT_INCIDENT,2026-06-11,FIR,0.62
P000718,LOC000100,PRESENT_AT_INCIDENT,2026-06-11,FIR,0.82
P000751,LOC000100,PRESENT_AT_INCIDENT,2026-06-11,FIR,0.89
P000732,LOC000100,PRESENT_AT_INCIDENT,2026-06-11,FIR,0.68
P000758,LOC000100,PRESENT_AT_INCIDENT,2026-06-11,FIR,0.65
P000409,LOC000070,PRESENT_AT_INCIDENT,2026-01-21,FIR,0.65
P000375,LOC000070,PRESENT_AT_INCIDENT,2026-01-21,FIR,0.72
P000370,LOC000070,PRESENT_AT_INCIDENT,2026-01-21,FIR,0.78
P000381,LOC000070,PRESENT_AT_INCIDENT,2026-01-21,FIR,0.78
P000389,LOC000070,PRESENT_AT_INCIDENT,2026-01-21,FIR,0.9
P000361,LOC000070,PRESENT_AT_INCIDENT,2026-01-21,FIR,0.62
P000377,LOC000070,PRESENT_AT_INCIDENT,2026-01-21,FIR,0.77
P000095,LOC000022,PRESENT_AT_INCIDENT,2026-06-29,FIR,0.94
P000106,LOC000022,PRESENT_AT_INCIDENT,2026-06-29,FIR,0.74
P000738,LOC000074,PRESENT_AT_INCIDENT,2025-10-23,FIR,0.65
P000757,LOC000074,PRESENT_AT_INCIDENT,2025-10-23,FIR,0.67
P000763,LOC000074,PRESENT_AT_INCIDENT,2025-10-23,FIR,0.8
P000732,LOC000074,PRESENT_AT_INCIDENT,2025-10-23,FIR,0.69
P000736,LOC000074,PRESENT_AT_INCIDENT,2025-10-23,FIR,0.97
P000411,LOC000082,PRESENT_AT_INCIDENT,2025-07-22,FIR,0.8
P000360,LOC000082,PRESENT_AT_INCIDENT,2025-07-22,FIR,0.95
P000382,LOC000082,PRESENT_AT_INCIDENT,2025-07-22,FIR,0.83
P000387,LOC000082,PRESENT_AT_INCIDENT,2025-07-22,FIR,0.87
P000936,LOC000078,PRESENT_AT_INCIDENT,2024-09-02,FIR,0.87
P000945,LOC000078,PRESENT_AT_INCIDENT,2024-09-02,FIR,0.87
P000278,LOC000052,PRESENT_AT_INCIDENT,2025-11-09,FIR,0.93
P000870,LOC000079,PRESENT_AT_INCIDENT,2019-05-01,FIR,0.69
P000881,LOC000071,PRESENT_AT_INCIDENT,2025-06-11,FIR,0.77
P000984,LOC000071,PRESENT_AT_INCIDENT,2025-06-11,FIR,0.7
P000249,LOC000025,PRESENT_AT_INCIDENT,2025-05-06,FIR,0.6
P000176,LOC000025,PRESENT_AT_INCIDENT,2025-05-06,FIR,0.97
P000427,LOC000113,PRESENT_AT_INCIDENT,2019-10-04,FIR,0.79
P000469,LOC000113,PRESENT_AT_INCIDENT,2019-10-04,FIR,0.9
P000426,LOC000113,PRESENT_AT_INCIDENT,2019-10-04,FIR,0.64
P000448,LOC000113,PRESENT_AT_INCIDENT,2019-10-04,FIR,0.97
P000422,LOC000113,PRESENT_AT_INCIDENT,2019-10-04,FIR,0.94
P000904,LOC000096,PRESENT_AT_INCIDENT,2023-04-27,FIR,0.81
P000903,LOC000096,PRESENT_AT_INCIDENT,2023-04-27,FIR,0.94
P000625,LOC000090,PRESENT_AT_INCIDENT,2021-08-03,FIR,0.8
P000655,LOC000090,PRESENT_AT_INCIDENT,2021-08-03,FIR,0.93
P000617,LOC000090,PRESENT_AT_INCIDENT,2021-08-03,FIR,0.91
P000652,LOC000090,PRESENT_AT_INCIDENT,2021-08-03,FIR,0.78
P000725,LOC000072,PRESENT_AT_INCIDENT,2024-10-14,FIR,0.67
P000738,LOC000072,PRESENT_AT_INCIDENT,2024-10-14,FIR,0.81
P000581,LOC000115,PRESENT_AT_INCIDENT,2024-12-07,FIR,0.9
P000609,LOC000115,PRESENT_AT_INCIDENT,2024-12-07,FIR,0.78
P000596,LOC000115,PRESENT_AT_INCIDENT,2024-12-07,FIR,0.66
P000097,LOC000021,PRESENT_AT_INCIDENT,2023-10-09,FIR,0.77
P000157,LOC000021,PRESENT_AT_INCIDENT,2023-10-09,FIR,0.82
P000153,LOC000021,PRESENT_AT_INCIDENT,2023-10-09,FIR,0.92
P000134,LOC000021,PRESENT_AT_INCIDENT,2023-10-09,FIR,0.89
P000170,LOC000021,PRESENT_AT_INCIDENT,2023-10-09,FIR,0.74
P000965,LOC000112,PRESENT_AT_INCIDENT,2020-08-12,FIR,0.91
P000892,LOC000112,PRESENT_AT_INCIDENT,2020-08-12,FIR,0.69
P000120,LOC000121,PRESENT_AT_INCIDENT,2024-09-14,FIR,0.92
P000781,LOC000015,PRESENT_AT_INCIDENT,2025-11-16,FIR,0.75
P000784,LOC000015,PRESENT_AT_INCIDENT,2025-11-16,FIR,0.78
P000769,LOC000015,PRESENT_AT_INCIDENT,2025-11-16,FIR,0.91
P000795,LOC000015,PRESENT_AT_INCIDENT,2025-11-16,FIR,0.71
P000775,LOC000015,PRESENT_AT_INCIDENT,2025-11-16,FIR,0.62
P000793,LOC000015,PRESENT_AT_INCIDENT,2025-11-16,FIR,0.92
P000790,LOC000015,PRESENT_AT_INCIDENT,2025-11-16,FIR,0.66
P000618,LOC000094,PRESENT_AT_INCIDENT,2024-01-06,FIR,0.93
P000629,LOC000094,PRESENT_AT_INCIDENT,2024-01-06,FIR,0.66
P000659,LOC000094,PRESENT_AT_INCIDENT,2024-01-06,FIR,0.84
P000225,LOC000102,PRESENT_AT_INCIDENT,2024-03-20,FIR,0.87
P000226,LOC000102,PRESENT_AT_INCIDENT,2024-03-20,FIR,0.97
P000254,LOC000102,PRESENT_AT_INCIDENT,2024-03-20,FIR,0.94
P000457,LOC000002,PRESENT_AT_INCIDENT,2020-11-16,FIR,0.75
P000454,LOC000002,PRESENT_AT_INCIDENT,2020-11-16,FIR,0.85
P000511,LOC000037,PRESENT_AT_INCIDENT,2024-07-11,FIR,0.84
P000515,LOC000037,PRESENT_AT_INCIDENT,2024-07-11,FIR,0.7
P000485,LOC000037,PRESENT_AT_INCIDENT,2024-07-11,FIR,0.8
P000474,LOC000037,PRESENT_AT_INCIDENT,2024-07-11,FIR,0.77
P000120,LOC000067,PRESENT_AT_INCIDENT,2024-10-19,FIR,0.98
P000859,LOC000022,PRESENT_AT_INCIDENT,2022-06-19,FIR,0.97
P000800,LOC000037,PRESENT_AT_INCIDENT,2024-07-16,FIR,0.71
P000768,LOC000037,PRESENT_AT_INCIDENT,2024-07-16,FIR,0.78
P000794,LOC000037,PRESENT_AT_INCIDENT,2024-07-16,FIR,0.77
P000244,LOC000061,PRESENT_AT_INCIDENT,2025-07-06,FIR,0.68
P000198,LOC000061,PRESENT_AT_INCIDENT,2025-07-06,FIR,0.77
P000326,LOC000084,PRESENT_AT_INCIDENT,2026-06-01,FIR,0.71
P000304,LOC000084,PRESENT_AT_INCIDENT,2026-06-01,FIR,0.7
P000311,LOC000084,PRESENT_AT_INCIDENT,2026-06-01,FIR,0.89
P000158,LOC000066,PRESENT_AT_INCIDENT,2026-04-19,FIR,0.96
P000960,LOC000068,PRESENT_AT_INCIDENT,2024-06-24,FIR,0.88
P000333,LOC000095,PRESENT_AT_INCIDENT,2021-05-27,FIR,0.88
P000319,LOC000095,PRESENT_AT_INCIDENT,2021-05-27,FIR,0.87
P000320,LOC000095,PRESENT_AT_INCIDENT,2021-05-27,FIR,0.66
P000314,LOC000095,PRESENT_AT_INCIDENT,2021-05-27,FIR,0.71
P000303,LOC000095,PRESENT_AT_INCIDENT,2021-05-27,FIR,0.62
P000490,LOC000025,PRESENT_AT_INCIDENT,2026-01-20,FIR,0.96
P000481,LOC000025,PRESENT_AT_INCIDENT,2026-01-20,FIR,0.98
P000903,LOC000042,PRESENT_AT_INCIDENT,2026-02-20,FIR,0.8
P000893,LOC000042,PRESENT_AT_INCIDENT,2026-02-20,FIR,0.82
P000122,LOC000020,PRESENT_AT_INCIDENT,2020-02-07,FIR,0.93
P000110,LOC000020,PRESENT_AT_INCIDENT,2020-02-07,FIR,0.89
P000094,LOC000020,PRESENT_AT_INCIDENT,2020-02-07,FIR,0.86
P000147,LOC000120,PRESENT_AT_INCIDENT,2023-02-03,FIR,0.86
P000096,LOC000120,PRESENT_AT_INCIDENT,2023-02-03,FIR,0.89
P000731,LOC000066,PRESENT_AT_INCIDENT,2020-11-10,FIR,0.6
P000921,LOC000113,PRESENT_AT_INCIDENT,2025-05-08,FIR,0.95
P000947,LOC000085,PRESENT_AT_INCIDENT,2023-08-26,FIR,0.98
P000995,LOC000085,PRESENT_AT_INCIDENT,2023-08-26,FIR,0.67
P000916,LOC000085,PRESENT_AT_INCIDENT,2023-08-26,FIR,0.81
P000998,LOC000085,PRESENT_AT_INCIDENT,2023-08-26,FIR,0.92
P000466,LOC000020,PRESENT_AT_INCIDENT,2022-10-31,FIR,0.74
P000820,LOC000022,PRESENT_AT_INCIDENT,2025-11-23,FIR,0.89
P000689,LOC000046,PRESENT_AT_INCIDENT,2025-01-04,FIR,0.71
P000355,LOC000087,PRESENT_AT_INCIDENT,2025-07-18,FIR,0.86
P000316,LOC000087,PRESENT_AT_INCIDENT,2025-07-18,FIR,0.65
P000306,LOC000087,PRESENT_AT_INCIDENT,2025-07-18,FIR,0.62
P000337,LOC000087,PRESENT_AT_INCIDENT,2025-07-18,FIR,0.96
P000294,LOC000051,PRESENT_AT_INCIDENT,2026-03-12,FIR,0.96
P000299,LOC000051,PRESENT_AT_INCIDENT,2026-03-12,FIR,0.64
P000658,LOC000087,PRESENT_AT_INCIDENT,2024-01-28,FIR,0.76
P000648,LOC000087,PRESENT_AT_INCIDENT,2024-01-28,FIR,0.68
P000960,LOC000074,PRESENT_AT_INCIDENT,2025-09-30,FIR,0.66
P000980,LOC000074,PRESENT_AT_INCIDENT,2025-09-30,FIR,0.74
P000390,LOC000096,PRESENT_AT_INCIDENT,2024-04-27,FIR,0.82
P000393,LOC000096,PRESENT_AT_INCIDENT,2024-04-27,FIR,0.93
P000406,LOC000096,PRESENT_AT_INCIDENT,2024-04-27,FIR,0.82
P000848,LOC000116,PRESENT_AT_INCIDENT,2024-11-30,FIR,0.78
P000853,LOC000116,PRESENT_AT_INCIDENT,2024-11-30,FIR,0.83
P000858,LOC000116,PRESENT_AT_INCIDENT,2024-11-30,FIR,0.86
P000075,LOC000076,PRESENT_AT_INCIDENT,2022-12-07,FIR,0.79
P000017,LOC000076,PRESENT_AT_INCIDENT,2022-12-07,FIR,0.6
P000797,LOC000033,PRESENT_AT_INCIDENT,2026-06-06,FIR,0.93
P000773,LOC000033,PRESENT_AT_INCIDENT,2026-06-06,FIR,0.6
P000792,LOC000033,PRESENT_AT_INCIDENT,2026-06-06,FIR,0.6
P000793,LOC000033,PRESENT_AT_INCIDENT,2026-06-06,FIR,0.83
P000424,LOC000014,PRESENT_AT_INCIDENT,2024-10-21,FIR,0.74
P000443,LOC000014,PRESENT_AT_INCIDENT,2024-10-21,FIR,0.8
P000423,LOC000014,PRESENT_AT_INCIDENT,2024-10-21,FIR,0.95
P000429,LOC000014,PRESENT_AT_INCIDENT,2024-10-21,FIR,0.85
P000322,LOC000083,PRESENT_AT_INCIDENT,2022-01-02,FIR,0.74
P000356,LOC000083,PRESENT_AT_INCIDENT,2022-01-02,FIR,0.64
P000971,LOC000114,PRESENT_AT_INCIDENT,2025-10-12,FIR,0.75
P000955,LOC000114,PRESENT_AT_INCIDENT,2025-10-12,FIR,0.9
P000963,LOC000114,PRESENT_AT_INCIDENT,2025-10-12,FIR,0.61
P000860,LOC000080,PRESENT_AT_INCIDENT,2020-09-01,FIR,0.8
P000859,LOC000080,PRESENT_AT_INCIDENT,2020-09-01,FIR,0.61
P000868,LOC000080,PRESENT_AT_INCIDENT,2020-09-01,FIR,0.79
P000100,LOC000120,PRESENT_AT_INCIDENT,2021-03-30,FIR,0.63
P000134,LOC000120,PRESENT_AT_INCIDENT,2021-03-30,FIR,0.82
P000511,LOC000079,PRESENT_AT_INCIDENT,2026-06-01,FIR,0.63
P000498,LOC000079,PRESENT_AT_INCIDENT,2026-06-01,FIR,0.79
P000512,LOC000079,PRESENT_AT_INCIDENT,2026-06-01,FIR,0.96
P000551,LOC000022,PRESENT_AT_INCIDENT,2021-08-05,FIR,0.69
P000529,LOC000022,PRESENT_AT_INCIDENT,2021-08-05,FIR,0.87
P000373,LOC000068,PRESENT_AT_INCIDENT,2026-02-24,FIR,0.64
P000374,LOC000068,PRESENT_AT_INCIDENT,2026-02-24,FIR,0.88
P000383,LOC000068,PRESENT_AT_INCIDENT,2026-02-24,FIR,0.97
P000360,LOC000068,PRESENT_AT_INCIDENT,2026-02-24,FIR,0.7
P000412,LOC000068,PRESENT_AT_INCIDENT,2026-02-24,FIR,0.86
P000754,LOC000021,PRESENT_AT_INCIDENT,2026-06-14,FIR,0.64
P000755,LOC000021,PRESENT_AT_INCIDENT,2026-06-14,FIR,0.9
P000747,LOC000021,PRESENT_AT_INCIDENT,2026-06-14,FIR,0.83
P000745,LOC000087,PRESENT_AT_INCIDENT,2026-06-16,FIR,0.81
P000719,LOC000087,PRESENT_AT_INCIDENT,2026-06-16,FIR,0.97
P000952,LOC000121,PRESENT_AT_INCIDENT,2024-07-02,FIR,0.81
P000979,LOC000121,PRESENT_AT_INCIDENT,2024-07-02,FIR,0.89
P000999,LOC000121,PRESENT_AT_INCIDENT,2024-07-02,FIR,0.84
P000913,LOC000121,PRESENT_AT_INCIDENT,2024-07-02,FIR,0.72
P000935,LOC000121,PRESENT_AT_INCIDENT,2024-07-02,FIR,0.62
P000880,LOC000022,PRESENT_AT_INCIDENT,2024-01-28,FIR,0.96
P000863,LOC000022,PRESENT_AT_INCIDENT,2024-01-28,FIR,0.85
P000446,LOC000052,PRESENT_AT_INCIDENT,2023-08-05,FIR,0.68
P000876,LOC000017,PRESENT_AT_INCIDENT,2025-02-02,FIR,0.89
P000856,LOC000017,PRESENT_AT_INCIDENT,2025-02-02,FIR,0.9
P000848,LOC000017,PRESENT_AT_INCIDENT,2025-02-02,FIR,0.64
P000879,LOC000017,PRESENT_AT_INCIDENT,2025-02-02,FIR,0.84
P000852,LOC000017,PRESENT_AT_INCIDENT,2025-02-02,FIR,0.64
P000899,LOC000070,PRESENT_AT_INCIDENT,2024-05-06,FIR,0.62
P000926,LOC000070,PRESENT_AT_INCIDENT,2024-05-06,FIR,0.91
P000964,LOC000070,PRESENT_AT_INCIDENT,2024-05-06,FIR,0.68
P000119,LOC000120,PRESENT_AT_INCIDENT,2019-12-04,FIR,0.93
P000140,LOC000120,PRESENT_AT_INCIDENT,2019-12-04,FIR,0.64
P000102,LOC000120,PRESENT_AT_INCIDENT,2019-12-04,FIR,0.61
P000146,LOC000120,PRESENT_AT_INCIDENT,2019-12-04,FIR,0.68
P000015,LOC000002,PRESENT_AT_INCIDENT,2025-06-15,FIR,0.89
P000005,LOC000002,PRESENT_AT_INCIDENT,2025-06-15,FIR,0.84
P000088,LOC000002,PRESENT_AT_INCIDENT,2025-06-15,FIR,0.8
P000083,LOC000002,PRESENT_AT_INCIDENT,2025-06-15,FIR,0.72
P000017,LOC000002,PRESENT_AT_INCIDENT,2025-06-15,FIR,0.78
P000012,LOC000103,PRESENT_AT_INCIDENT,2025-08-02,FIR,0.91
P000036,LOC000103,PRESENT_AT_INCIDENT,2025-08-02,FIR,0.72
P000036,LOC000020,PRESENT_AT_INCIDENT,2020-07-30,FIR,0.74
P000022,LOC000020,PRESENT_AT_INCIDENT,2020-07-30,FIR,0.72
P000061,LOC000020,PRESENT_AT_INCIDENT,2020-07-30,FIR,0.71
P000847,LOC000094,PRESENT_AT_INCIDENT,2023-06-30,FIR,0.81
P000846,LOC000094,PRESENT_AT_INCIDENT,2023-06-30,FIR,0.94
P000851,LOC000094,PRESENT_AT_INCIDENT,2023-06-30,FIR,0.89
P000866,LOC000094,PRESENT_AT_INCIDENT,2023-06-30,FIR,0.65
P000857,LOC000094,PRESENT_AT_INCIDENT,2023-06-30,FIR,0.66
P000778,LOC000043,PRESENT_AT_INCIDENT,2025-06-25,FIR,0.62
P000810,LOC000061,PRESENT_AT_INCIDENT,2024-03-04,FIR,0.89
P000748,LOC000065,PRESENT_AT_INCIDENT,2026-06-25,FIR,0.76
P000900,LOC000087,PRESENT_AT_INCIDENT,2024-01-31,FIR,0.94
P000901,LOC000087,PRESENT_AT_INCIDENT,2024-01-31,FIR,0.92
P000933,LOC000087,PRESENT_AT_INCIDENT,2024-01-31,FIR,0.76
P000111,LOC000121,PRESENT_AT_INCIDENT,2022-09-05,FIR,0.98
P000078,LOC000100,PRESENT_AT_INCIDENT,2023-09-17,FIR,0.89
P000047,LOC000100,PRESENT_AT_INCIDENT,2023-09-17,FIR,0.64
P000029,LOC000100,PRESENT_AT_INCIDENT,2023-09-17,FIR,0.86
P000006,LOC000100,PRESENT_AT_INCIDENT,2023-09-17,FIR,0.74
P000021,LOC000100,PRESENT_AT_INCIDENT,2023-09-17,FIR,0.69
P000424,LOC000017,PRESENT_AT_INCIDENT,2026-02-14,FIR,0.95
P000467,LOC000017,PRESENT_AT_INCIDENT,2026-02-14,FIR,0.96
P000450,LOC000017,PRESENT_AT_INCIDENT,2026-02-14,FIR,0.7
P000435,LOC000017,PRESENT_AT_INCIDENT,2026-02-14,FIR,0.67
P000462,LOC000017,PRESENT_AT_INCIDENT,2026-02-14,FIR,0.88
P000461,LOC000017,PRESENT_AT_INCIDENT,2026-02-14,FIR,0.62
P000468,LOC000017,PRESENT_AT_INCIDENT,2026-02-14,FIR,0.64
P000003,LOC000100,PRESENT_AT_INCIDENT,2024-03-05,FIR,0.92
P000037,LOC000100,PRESENT_AT_INCIDENT,2024-03-05,FIR,0.71
P000054,LOC000100,PRESENT_AT_INCIDENT,2024-03-05,FIR,0.88
P000015,LOC000100,PRESENT_AT_INCIDENT,2024-03-05,FIR,0.81
P000848,LOC000080,PRESENT_AT_INCIDENT,2026-03-25,FIR,0.95
P000861,LOC000080,PRESENT_AT_INCIDENT,2026-03-25,FIR,0.62
P000862,LOC000080,PRESENT_AT_INCIDENT,2026-03-25,FIR,0.64
P000331,LOC000050,PRESENT_AT_INCIDENT,2020-07-04,FIR,0.95
P000324,LOC000050,PRESENT_AT_INCIDENT,2020-07-04,FIR,0.73
P000485,LOC000004,PRESENT_AT_INCIDENT,2026-05-24,FIR,0.63
P000503,LOC000004,PRESENT_AT_INCIDENT,2026-05-24,FIR,0.88
P000824,LOC000080,PRESENT_AT_INCIDENT,2026-06-04,FIR,0.95
P000382,LOC000078,PRESENT_AT_INCIDENT,2022-10-13,FIR,0.83
P000969,LOC000091,PRESENT_AT_INCIDENT,2020-05-09,FIR,0.98
P000948,LOC000091,PRESENT_AT_INCIDENT,2020-05-09,FIR,0.64
P000026,LOC000018,PRESENT_AT_INCIDENT,2026-01-08,FIR,0.88
P000085,LOC000018,PRESENT_AT_INCIDENT,2026-01-08,FIR,0.74
P000512,LOC000051,PRESENT_AT_INCIDENT,2025-10-10,FIR,0.67
P000515,LOC000051,PRESENT_AT_INCIDENT,2025-10-10,FIR,0.62
P000484,LOC000051,PRESENT_AT_INCIDENT,2025-10-10,FIR,0.69
P000501,LOC000051,PRESENT_AT_INCIDENT,2025-10-10,FIR,0.86
P000637,LOC000093,PRESENT_AT_INCIDENT,2024-07-12,FIR,0.79
P000629,LOC000093,PRESENT_AT_INCIDENT,2024-07-12,FIR,0.7
P000636,LOC000093,PRESENT_AT_INCIDENT,2024-07-12,FIR,0.98
P000647,LOC000093,PRESENT_AT_INCIDENT,2024-07-12,FIR,0.84
P000639,LOC000093,PRESENT_AT_INCIDENT,2024-07-12,FIR,0.75
P000619,LOC000093,PRESENT_AT_INCIDENT,2024-07-12,FIR,0.64
P000617,LOC000093,PRESENT_AT_INCIDENT,2024-07-12,FIR,0.89
P000445,LOC000037,PRESENT_AT_INCIDENT,2023-05-12,FIR,0.78
P000734,LOC000068,PRESENT_AT_INCIDENT,2024-05-05,FIR,0.71
P000722,LOC000068,PRESENT_AT_INCIDENT,2024-05-05,FIR,0.66
P000961,LOC000040,PRESENT_AT_INCIDENT,2024-05-17,FIR,0.64
P000951,LOC000040,PRESENT_AT_INCIDENT,2024-05-17,FIR,0.63
P000955,LOC000040,PRESENT_AT_INCIDENT,2024-05-17,FIR,0.87
P000830,LOC000020,PRESENT_AT_INCIDENT,2024-06-08,FIR,0.96
P000826,LOC000020,PRESENT_AT_INCIDENT,2024-06-08,FIR,0.64
P000815,LOC000020,PRESENT_AT_INCIDENT,2024-06-08,FIR,0.8
P000038,LOC000071,PRESENT_AT_INCIDENT,2024-05-25,FIR,0.98
P000351,LOC000084,PRESENT_AT_INCIDENT,2024-04-20,FIR,0.79
P000326,LOC000084,PRESENT_AT_INCIDENT,2024-04-20,FIR,0.96
P000318,LOC000084,PRESENT_AT_INCIDENT,2024-04-20,FIR,0.81
P000858,LOC000117,PRESENT_AT_INCIDENT,2025-07-09,FIR,0.69
P000853,LOC000117,PRESENT_AT_INCIDENT,2025-07-09,FIR,0.77
P000848,LOC000117,PRESENT_AT_INCIDENT,2025-07-09,FIR,0.77
P000588,LOC000017,PRESENT_AT_INCIDENT,2025-04-26,FIR,0.82
P000946,LOC000055,PRESENT_AT_INCIDENT,2024-09-14,FIR,0.7
P000979,LOC000055,PRESENT_AT_INCIDENT,2024-09-14,FIR,0.75
P000963,LOC000055,PRESENT_AT_INCIDENT,2024-09-14,FIR,0.65
P000905,LOC000055,PRESENT_AT_INCIDENT,2024-09-14,FIR,0.66
P000700,LOC000038,PRESENT_AT_INCIDENT,2023-07-19,FIR,0.89
P000934,LOC000125,PRESENT_AT_INCIDENT,2022-05-17,FIR,0.84
P000884,LOC000125,PRESENT_AT_INCIDENT,2022-05-17,FIR,0.88
P000999,LOC000125,PRESENT_AT_INCIDENT,2022-05-17,FIR,0.61
P000908,LOC000125,PRESENT_AT_INCIDENT,2022-05-17,FIR,0.62
P000970,LOC000125,PRESENT_AT_INCIDENT,2022-05-17,FIR,0.86
P000805,LOC000020,PRESENT_AT_INCIDENT,2026-04-10,FIR,0.91
P000807,LOC000020,PRESENT_AT_INCIDENT,2026-04-10,FIR,0.79
P000821,LOC000020,PRESENT_AT_INCIDENT,2026-04-10,FIR,0.63
P000827,LOC000020,PRESENT_AT_INCIDENT,2026-04-10,FIR,0.76
P000838,LOC000020,PRESENT_AT_INCIDENT,2026-04-10,FIR,0.97
P000677,LOC000044,PRESENT_AT_INCIDENT,2025-01-05,FIR,0.66
P000668,LOC000044,PRESENT_AT_INCIDENT,2025-01-05,FIR,0.84
P000048,LOC000100,PRESENT_AT_INCIDENT,2022-07-07,FIR,0.93
P000017,LOC000100,PRESENT_AT_INCIDENT,2022-07-07,FIR,0.71
P000024,LOC000100,PRESENT_AT_INCIDENT,2022-07-07,FIR,0.94
P000079,LOC000100,PRESENT_AT_INCIDENT,2022-07-07,FIR,0.94
P000677,LOC000039,PRESENT_AT_INCIDENT,2024-12-30,FIR,0.77
P000672,LOC000039,PRESENT_AT_INCIDENT,2024-12-30,FIR,0.89
P000680,LOC000039,PRESENT_AT_INCIDENT,2024-12-30,FIR,0.7
P000460,LOC000062,PRESENT_AT_INCIDENT,2025-08-23,FIR,0.69
P000454,LOC000062,PRESENT_AT_INCIDENT,2025-08-23,FIR,0.79
P000742,LOC000086,PRESENT_AT_INCIDENT,2026-06-18,FIR,0.71
P000745,LOC000086,PRESENT_AT_INCIDENT,2026-06-18,FIR,0.93
P000749,LOC000086,PRESENT_AT_INCIDENT,2026-06-18,FIR,0.76
P000756,LOC000086,PRESENT_AT_INCIDENT,2026-06-18,FIR,0.87
P000681,LOC000109,PRESENT_AT_INCIDENT,2023-08-09,FIR,0.66
P000710,LOC000109,PRESENT_AT_INCIDENT,2023-08-09,FIR,0.87
P000002,LOC000021,PRESENT_AT_INCIDENT,2020-09-13,FIR,0.68
P000357,LOC000053,PRESENT_AT_INCIDENT,2018-11-05,FIR,0.9
P000298,LOC000053,PRESENT_AT_INCIDENT,2018-11-05,FIR,0.66
P000305,LOC000053,PRESENT_AT_INCIDENT,2018-11-05,FIR,0.86
P000873,LOC000091,PRESENT_AT_INCIDENT,2024-11-07,FIR,0.75
P000889,LOC000082,PRESENT_AT_INCIDENT,2025-07-16,FIR,0.72
P000940,LOC000082,PRESENT_AT_INCIDENT,2025-07-16,FIR,0.64
P000916,LOC000082,PRESENT_AT_INCIDENT,2025-07-16,FIR,0.66
P000943,LOC000082,PRESENT_AT_INCIDENT,2025-07-16,FIR,0.82
P000909,LOC000119,PRESENT_AT_INCIDENT,2022-10-18,FIR,0.94
P000889,LOC000119,PRESENT_AT_INCIDENT,2022-10-18,FIR,0.74
P000718,LOC000021,PRESENT_AT_INCIDENT,2023-06-20,FIR,0.93
P000737,LOC000021,PRESENT_AT_INCIDENT,2023-06-20,FIR,0.74
P000314,LOC000052,PRESENT_AT_INCIDENT,2022-02-08,FIR,0.62
P000302,LOC000052,PRESENT_AT_INCIDENT,2022-02-08,FIR,0.95
P000320,LOC000052,PRESENT_AT_INCIDENT,2022-02-08,FIR,0.86
P000765,LOC000046,PRESENT_AT_INCIDENT,2025-07-17,FIR,0.61
P000768,LOC000046,PRESENT_AT_INCIDENT,2025-07-17,FIR,0.87
P000797,LOC000046,PRESENT_AT_INCIDENT,2025-07-17,FIR,0.66
P000774,LOC000046,PRESENT_AT_INCIDENT,2025-07-17,FIR,0.81
P000368,LOC000095,PRESENT_AT_INCIDENT,2024-01-08,FIR,0.63
P000372,LOC000095,PRESENT_AT_INCIDENT,2024-01-08,FIR,0.68
P000407,LOC000095,PRESENT_AT_INCIDENT,2024-01-08,FIR,0.94
P000411,LOC000095,PRESENT_AT_INCIDENT,2024-01-08,FIR,0.94
P000408,LOC000095,PRESENT_AT_INCIDENT,2024-01-08,FIR,0.78
P000409,LOC000095,PRESENT_AT_INCIDENT,2024-01-08,FIR,0.96
P000371,LOC000095,PRESENT_AT_INCIDENT,2024-01-08,FIR,0.93
P000497,LOC000047,PRESENT_AT_INCIDENT,2022-01-24,FIR,0.8
P000510,LOC000047,PRESENT_AT_INCIDENT,2022-01-24,FIR,0.93
P000488,LOC000047,PRESENT_AT_INCIDENT,2022-01-24,FIR,0.67
P000966,LOC000091,PRESENT_AT_INCIDENT,2026-05-26,FIR,0.9
P000942,LOC000091,PRESENT_AT_INCIDENT,2026-05-26,FIR,0.76
P000934,LOC000091,PRESENT_AT_INCIDENT,2026-05-26,FIR,0.65
P000905,LOC000091,PRESENT_AT_INCIDENT,2026-05-26,FIR,0.96
P000666,LOC000112,PRESENT_AT_INCIDENT,2024-09-11,FIR,0.62
P000694,LOC000112,PRESENT_AT_INCIDENT,2024-09-11,FIR,0.76
P000675,LOC000112,PRESENT_AT_INCIDENT,2024-09-11,FIR,0.84
P000689,LOC000112,PRESENT_AT_INCIDENT,2024-09-11,FIR,0.9
P000206,LOC000040,PRESENT_AT_INCIDENT,2022-10-09,FIR,0.65
P000214,LOC000040,PRESENT_AT_INCIDENT,2022-10-09,FIR,0.69
P000127,LOC000018,PRESENT_AT_INCIDENT,2022-04-26,FIR,0.86
P000162,LOC000018,PRESENT_AT_INCIDENT,2022-04-26,FIR,0.93
P000131,LOC000018,PRESENT_AT_INCIDENT,2022-04-26,FIR,0.79
P000159,LOC000018,PRESENT_AT_INCIDENT,2022-04-26,FIR,0.86
P000141,LOC000018,PRESENT_AT_INCIDENT,2022-04-26,FIR,0.9
P000747,LOC000013,PRESENT_AT_INCIDENT,2025-10-18,FIR,0.68
P000730,LOC000013,PRESENT_AT_INCIDENT,2025-10-18,FIR,0.97
P000743,LOC000015,PRESENT_AT_INCIDENT,2025-09-08,FIR,0.85
P000727,LOC000015,PRESENT_AT_INCIDENT,2025-09-08,FIR,0.79
P000728,LOC000015,PRESENT_AT_INCIDENT,2025-09-08,FIR,0.85
P000762,LOC000015,PRESENT_AT_INCIDENT,2025-09-08,FIR,0.76
P000763,LOC000015,PRESENT_AT_INCIDENT,2025-09-08,FIR,0.63
P000722,LOC000015,PRESENT_AT_INCIDENT,2025-09-08,FIR,0.61
P000733,LOC000015,PRESENT_AT_INCIDENT,2025-09-08,FIR,0.82
P000558,LOC000054,PRESENT_AT_INCIDENT,2022-04-21,FIR,0.74
P000554,LOC000054,PRESENT_AT_INCIDENT,2022-04-21,FIR,0.97
P000547,LOC000054,PRESENT_AT_INCIDENT,2022-04-21,FIR,0.84
P000690,LOC000110,PRESENT_AT_INCIDENT,2024-08-11,FIR,0.8
P000704,LOC000110,PRESENT_AT_INCIDENT,2024-08-11,FIR,0.64
P000868,LOC000116,PRESENT_AT_INCIDENT,2023-12-26,FIR,0.87
P000879,LOC000116,PRESENT_AT_INCIDENT,2023-12-26,FIR,0.98
P000674,LOC000042,PRESENT_AT_INCIDENT,2025-10-07,FIR,0.98
P000700,LOC000042,PRESENT_AT_INCIDENT,2025-10-07,FIR,0.65
P000693,LOC000042,PRESENT_AT_INCIDENT,2025-10-07,FIR,0.68
P000707,LOC000042,PRESENT_AT_INCIDENT,2025-10-07,FIR,0.95
P000806,LOC000063,PRESENT_AT_INCIDENT,2026-03-21,FIR,0.91
P000818,LOC000063,PRESENT_AT_INCIDENT,2026-03-21,FIR,0.88
P000105,LOC000121,PRESENT_AT_INCIDENT,2026-02-26,FIR,0.71
P000059,LOC000071,PRESENT_AT_INCIDENT,2026-04-10,FIR,0.66
P000026,LOC000071,PRESENT_AT_INCIDENT,2026-04-10,FIR,0.77
P000353,LOC000053,PRESENT_AT_INCIDENT,2025-07-28,FIR,0.86
P000336,LOC000053,PRESENT_AT_INCIDENT,2025-07-28,FIR,0.68
P000349,LOC000053,PRESENT_AT_INCIDENT,2025-07-28,FIR,0.73
P000889,LOC000119,PRESENT_AT_INCIDENT,2023-12-10,FIR,0.79
P000900,LOC000119,PRESENT_AT_INCIDENT,2023-12-10,FIR,0.68
P000940,LOC000119,PRESENT_AT_INCIDENT,2023-12-10,FIR,0.95
P000989,LOC000119,PRESENT_AT_INCIDENT,2023-12-10,FIR,0.91
P000943,LOC000119,PRESENT_AT_INCIDENT,2023-12-10,FIR,0.6
P000124,LOC000022,PRESENT_AT_INCIDENT,2022-02-19,FIR,0.66
P000139,LOC000022,PRESENT_AT_INCIDENT,2022-02-19,FIR,0.72
P000112,LOC000022,PRESENT_AT_INCIDENT,2022-02-19,FIR,0.77
P000719,LOC000001,PRESENT_AT_INCIDENT,2025-01-17,FIR,0.64
P000753,LOC000001,PRESENT_AT_INCIDENT,2025-01-17,FIR,0.65
P000733,LOC000001,PRESENT_AT_INCIDENT,2025-01-17,FIR,0.7
P000156,LOC000070,PRESENT_AT_INCIDENT,2022-09-08,FIR,0.72
P000124,LOC000070,PRESENT_AT_INCIDENT,2022-09-08,FIR,0.96
P000914,LOC000089,PRESENT_AT_INCIDENT,2024-09-16,FIR,0.94
P000255,LOC000038,PRESENT_AT_INCIDENT,2024-03-15,FIR,0.83
P000231,LOC000038,PRESENT_AT_INCIDENT,2024-03-15,FIR,0.82
P000741,LOC000015,PRESENT_AT_INCIDENT,2022-05-25,FIR,0.76
P000864,LOC000116,PRESENT_AT_INCIDENT,2021-07-11,FIR,0.8
P000874,LOC000116,PRESENT_AT_INCIDENT,2021-07-11,FIR,0.68
P000124,LOC000121,PRESENT_AT_INCIDENT,2024-06-27,FIR,0.85
P000099,LOC000121,PRESENT_AT_INCIDENT,2024-06-27,FIR,0.9
P000110,LOC000121,PRESENT_AT_INCIDENT,2024-06-27,FIR,0.65
P000149,LOC000121,PRESENT_AT_INCIDENT,2024-06-27,FIR,0.88
P000107,LOC000020,PRESENT_AT_INCIDENT,2023-04-17,FIR,0.9
P000100,LOC000020,PRESENT_AT_INCIDENT,2023-04-17,FIR,0.93
P000094,LOC000020,PRESENT_AT_INCIDENT,2023-04-17,FIR,0.91
P000906,LOC000122,PRESENT_AT_INCIDENT,2021-10-28,FIR,0.63
P000920,LOC000122,PRESENT_AT_INCIDENT,2021-10-28,FIR,0.98
P000887,LOC000122,PRESENT_AT_INCIDENT,2021-10-28,FIR,0.83
P000881,LOC000122,PRESENT_AT_INCIDENT,2021-10-28,FIR,0.97
P000284,LOC000032,PRESENT_AT_INCIDENT,2025-05-05,FIR,0.88
P000943,LOC000067,PRESENT_AT_INCIDENT,2019-10-18,FIR,0.7
P000994,LOC000067,PRESENT_AT_INCIDENT,2019-10-18,FIR,0.8
P000461,LOC000114,PRESENT_AT_INCIDENT,2024-01-25,FIR,0.67
P000523,LOC000061,PRESENT_AT_INCIDENT,2023-03-18,FIR,0.88
P000561,LOC000061,PRESENT_AT_INCIDENT,2023-03-18,FIR,0.69
P000114,LOC000121,PRESENT_AT_INCIDENT,2026-06-20,FIR,0.86
P000106,LOC000121,PRESENT_AT_INCIDENT,2026-06-20,FIR,0.74
P000326,LOC000047,PRESENT_AT_INCIDENT,2024-06-07,FIR,0.6
P000324,LOC000047,PRESENT_AT_INCIDENT,2024-06-07,FIR,0.86
P000337,LOC000047,PRESENT_AT_INCIDENT,2024-06-07,FIR,0.64
P000330,LOC000047,PRESENT_AT_INCIDENT,2024-06-07,FIR,0.63
P000521,LOC000066,PRESENT_AT_INCIDENT,2026-06-09,FIR,0.66
P000060,LOC000100,PRESENT_AT_INCIDENT,2021-04-02,FIR,0.89
P000489,LOC000025,PRESENT_AT_INCIDENT,2025-09-07,FIR,0.67
P000681,LOC000052,PRESENT_AT_INCIDENT,2024-06-02,FIR,0.7
P000683,LOC000052,PRESENT_AT_INCIDENT,2024-06-02,FIR,0.74
P000700,LOC000052,PRESENT_AT_INCIDENT,2024-06-02,FIR,0.81
P000691,LOC000052,PRESENT_AT_INCIDENT,2024-06-02,FIR,0.82
P000432,LOC000099,PRESENT_AT_INCIDENT,2024-04-13,FIR,0.86
P000434,LOC000099,PRESENT_AT_INCIDENT,2024-04-13,FIR,0.66
P000468,LOC000099,PRESENT_AT_INCIDENT,2024-04-13,FIR,0.74
P000446,LOC000099,PRESENT_AT_INCIDENT,2024-04-13,FIR,0.73
P000460,LOC000113,PRESENT_AT_INCIDENT,2022-06-24,FIR,0.83
P000470,LOC000113,PRESENT_AT_INCIDENT,2022-06-24,FIR,0.61
P000466,LOC000113,PRESENT_AT_INCIDENT,2022-06-24,FIR,0.96
P000445,LOC000113,PRESENT_AT_INCIDENT,2022-06-24,FIR,0.78
P000872,LOC000093,PRESENT_AT_INCIDENT,2024-11-07,FIR,0.74
P000684,LOC000111,PRESENT_AT_INCIDENT,2026-03-31,FIR,0.88
P000501,LOC000001,PRESENT_AT_INCIDENT,2026-04-13,FIR,0.84
P000515,LOC000001,PRESENT_AT_INCIDENT,2026-04-13,FIR,0.69
P000499,LOC000001,PRESENT_AT_INCIDENT,2026-04-13,FIR,0.74
P000326,LOC000108,PRESENT_AT_INCIDENT,2025-03-08,FIR,0.61
P000327,LOC000108,PRESENT_AT_INCIDENT,2025-03-08,FIR,0.82
P000297,LOC000108,PRESENT_AT_INCIDENT,2025-03-08,FIR,0.71
P000752,LOC000018,PRESENT_AT_INCIDENT,2026-02-27,FIR,0.95
P000751,LOC000018,PRESENT_AT_INCIDENT,2026-02-27,FIR,0.69
P000735,LOC000018,PRESENT_AT_INCIDENT,2026-02-27,FIR,0.87
P000737,LOC000018,PRESENT_AT_INCIDENT,2026-02-27,FIR,0.98
P000037,LOC000075,PRESENT_AT_INCIDENT,2021-04-01,FIR,0.81
P000058,LOC000075,PRESENT_AT_INCIDENT,2021-04-01,FIR,0.62
P000010,LOC000075,PRESENT_AT_INCIDENT,2021-04-01,FIR,0.75
P000080,LOC000075,PRESENT_AT_INCIDENT,2021-04-01,FIR,0.66
P000077,LOC000075,PRESENT_AT_INCIDENT,2021-04-01,FIR,0.66
P000959,LOC000082,PRESENT_AT_INCIDENT,2020-10-18,FIR,0.78
P000893,LOC000082,PRESENT_AT_INCIDENT,2020-10-18,FIR,0.86
P000889,LOC000082,PRESENT_AT_INCIDENT,2020-10-18,FIR,0.64
P000948,LOC000082,PRESENT_AT_INCIDENT,2020-10-18,FIR,0.87
P000569,LOC000064,PRESENT_AT_INCIDENT,2026-02-23,FIR,0.78
P000533,LOC000064,PRESENT_AT_INCIDENT,2026-02-23,FIR,0.8
P000565,LOC000064,PRESENT_AT_INCIDENT,2026-02-23,FIR,0.73
P000127,LOC000022,PRESENT_AT_INCIDENT,2019-10-21,FIR,0.64
P000137,LOC000022,PRESENT_AT_INCIDENT,2019-10-21,FIR,0.88
P000145,LOC000022,PRESENT_AT_INCIDENT,2019-10-21,FIR,0.91
P000711,LOC000035,PRESENT_AT_INCIDENT,2024-09-22,FIR,0.85
P000693,LOC000035,PRESENT_AT_INCIDENT,2024-09-22,FIR,0.86
P000697,LOC000035,PRESENT_AT_INCIDENT,2024-09-22,FIR,0.88
P000668,LOC000035,PRESENT_AT_INCIDENT,2024-09-22,FIR,0.86
P000685,LOC000035,PRESENT_AT_INCIDENT,2024-09-22,FIR,0.97
P000704,LOC000035,PRESENT_AT_INCIDENT,2024-09-22,FIR,0.65
P000681,LOC000035,PRESENT_AT_INCIDENT,2024-09-22,FIR,0.63
P000858,LOC000021,PRESENT_AT_INCIDENT,2022-09-03,FIR,0.67
P000866,LOC000021,PRESENT_AT_INCIDENT,2022-09-03,FIR,0.91
P000852,LOC000021,PRESENT_AT_INCIDENT,2022-09-03,FIR,0.79
P000366,LOC000035,PRESENT_AT_INCIDENT,2024-10-13,FIR,0.61
P000370,LOC000035,PRESENT_AT_INCIDENT,2024-10-13,FIR,0.7
P000394,LOC000035,PRESENT_AT_INCIDENT,2024-10-13,FIR,0.8
P000398,LOC000035,PRESENT_AT_INCIDENT,2024-10-13,FIR,0.84
P000888,LOC000101,PRESENT_AT_INCIDENT,2021-04-10,FIR,0.75
P000991,LOC000101,PRESENT_AT_INCIDENT,2021-04-10,FIR,0.82
P000340,LOC000097,PRESENT_AT_INCIDENT,2025-12-24,FIR,0.83
P000946,LOC000018,PRESENT_AT_INCIDENT,2023-12-11,FIR,0.74
P000902,LOC000018,PRESENT_AT_INCIDENT,2023-12-11,FIR,0.74
P000645,LOC000123,PRESENT_AT_INCIDENT,2019-10-16,FIR,0.87
P000639,LOC000123,PRESENT_AT_INCIDENT,2019-10-16,FIR,0.89
P000724,LOC000087,PRESENT_AT_INCIDENT,2025-07-30,FIR,0.61
P000716,LOC000087,PRESENT_AT_INCIDENT,2025-07-30,FIR,0.77
P000231,LOC000063,PRESENT_AT_INCIDENT,2024-01-09,FIR,0.67
P000489,LOC000027,PRESENT_AT_INCIDENT,2020-12-06,FIR,0.73
P000798,LOC000048,PRESENT_AT_INCIDENT,2026-06-03,FIR,0.83
P000766,LOC000048,PRESENT_AT_INCIDENT,2026-06-03,FIR,0.98
P000409,LOC000095,PRESENT_AT_INCIDENT,2025-03-11,FIR,0.8
P000358,LOC000095,PRESENT_AT_INCIDENT,2025-03-11,FIR,0.73
P000108,LOC000121,PRESENT_AT_INCIDENT,2020-06-26,FIR,0.67
P000168,LOC000121,PRESENT_AT_INCIDENT,2020-06-26,FIR,0.87
P000554,LOC000038,PRESENT_AT_INCIDENT,2024-08-08,FIR,0.62
P000553,LOC000038,PRESENT_AT_INCIDENT,2024-08-08,FIR,0.87
P000566,LOC000038,PRESENT_AT_INCIDENT,2024-08-08,FIR,0.66
P000534,LOC000038,PRESENT_AT_INCIDENT,2024-08-08,FIR,0.82
P000546,LOC000038,PRESENT_AT_INCIDENT,2024-08-08,FIR,0.81
P000734,LOC000086,PRESENT_AT_INCIDENT,2022-03-13,FIR,0.93
P000751,LOC000086,PRESENT_AT_INCIDENT,2022-03-13,FIR,0.9
P000397,LOC000102,PRESENT_AT_INCIDENT,2025-09-06,FIR,0.65
P000415,LOC000102,PRESENT_AT_INCIDENT,2025-09-06,FIR,0.91
P000406,LOC000102,PRESENT_AT_INCIDENT,2025-09-06,FIR,0.86
P000857,LOC000088,PRESENT_AT_INCIDENT,2023-01-12,FIR,0.7
P000847,LOC000088,PRESENT_AT_INCIDENT,2023-01-12,FIR,0.62
P000707,LOC000113,PRESENT_AT_INCIDENT,2023-04-30,FIR,0.96
P000677,LOC000113,PRESENT_AT_INCIDENT,2023-04-30,FIR,0.88
P000685,LOC000113,PRESENT_AT_INCIDENT,2023-04-30,FIR,0.91
P000670,LOC000113,PRESENT_AT_INCIDENT,2023-04-30,FIR,0.87
P000683,LOC000113,PRESENT_AT_INCIDENT,2023-04-30,FIR,0.77
P000234,LOC000064,PRESENT_AT_INCIDENT,2026-06-02,FIR,0.6
P000189,LOC000064,PRESENT_AT_INCIDENT,2026-06-02,FIR,0.68
P000151,LOC000015,PRESENT_AT_INCIDENT,2025-12-24,FIR,0.81
P000102,LOC000067,PRESENT_AT_INCIDENT,2024-03-30,FIR,0.89
P000118,LOC000067,PRESENT_AT_INCIDENT,2024-03-30,FIR,0.8
P000131,LOC000067,PRESENT_AT_INCIDENT,2024-03-30,FIR,0.92
P000161,LOC000067,PRESENT_AT_INCIDENT,2024-03-30,FIR,0.96
P000163,LOC000067,PRESENT_AT_INCIDENT,2024-03-30,FIR,0.75
P000869,LOC000015,PRESENT_AT_INCIDENT,2018-06-07,FIR,0.91
P000802,LOC000055,PRESENT_AT_INCIDENT,2024-02-20,FIR,0.84
P000810,LOC000055,PRESENT_AT_INCIDENT,2024-02-20,FIR,0.95
P000823,LOC000055,PRESENT_AT_INCIDENT,2024-02-20,FIR,0.66
P000808,LOC000055,PRESENT_AT_INCIDENT,2024-02-20,FIR,0.84
P000813,LOC000055,PRESENT_AT_INCIDENT,2024-02-20,FIR,0.8
P000826,LOC000055,PRESENT_AT_INCIDENT,2024-02-20,FIR,0.83
P000832,LOC000055,PRESENT_AT_INCIDENT,2024-02-20,FIR,0.82
P000317,LOC000096,PRESENT_AT_INCIDENT,2025-11-11,FIR,0.89
P000429,LOC000047,PRESENT_AT_INCIDENT,2026-02-02,FIR,0.67
P000438,LOC000047,PRESENT_AT_INCIDENT,2026-02-02,FIR,0.94
P000442,LOC000047,PRESENT_AT_INCIDENT,2026-02-02,FIR,0.71
P000988,LOC000118,PRESENT_AT_INCIDENT,2026-06-29,FIR,0.77
P000944,LOC000118,PRESENT_AT_INCIDENT,2026-06-29,FIR,0.79
P000775,LOC000040,PRESENT_AT_INCIDENT,2022-11-07,FIR,0.82
P000774,LOC000040,PRESENT_AT_INCIDENT,2022-11-07,FIR,0.68
P000793,LOC000040,PRESENT_AT_INCIDENT,2022-11-07,FIR,0.61
P000718,LOC000085,PRESENT_AT_INCIDENT,2026-01-21,FIR,0.88
P000745,LOC000085,PRESENT_AT_INCIDENT,2026-01-21,FIR,0.78
P000748,LOC000085,PRESENT_AT_INCIDENT,2026-01-21,FIR,0.71
P000752,LOC000085,PRESENT_AT_INCIDENT,2026-01-21,FIR,0.78
P000584,LOC000026,PRESENT_AT_INCIDENT,2026-03-29,FIR,0.68
P000593,LOC000026,PRESENT_AT_INCIDENT,2026-03-29,FIR,0.91
P000587,LOC000026,PRESENT_AT_INCIDENT,2026-03-29,FIR,0.96
P000516,LOC000043,PRESENT_AT_INCIDENT,2025-11-02,FIR,0.83
P000504,LOC000043,PRESENT_AT_INCIDENT,2025-11-02,FIR,0.98
P000508,LOC000043,PRESENT_AT_INCIDENT,2025-11-02,FIR,0.69
P000496,LOC000043,PRESENT_AT_INCIDENT,2025-11-02,FIR,0.84
P000946,LOC000117,PRESENT_AT_INCIDENT,2022-06-03,FIR,0.71
P000930,LOC000117,PRESENT_AT_INCIDENT,2022-06-03,FIR,0.66
P000107,LOC000055,PRESENT_AT_INCIDENT,2026-06-21,FIR,0.65
P000096,LOC000055,PRESENT_AT_INCIDENT,2026-06-21,FIR,0.68
P000360,LOC000066,PRESENT_AT_INCIDENT,2020-04-23,FIR,0.91
P000369,LOC000066,PRESENT_AT_INCIDENT,2020-04-23,FIR,0.96
P000404,LOC000066,PRESENT_AT_INCIDENT,2020-04-23,FIR,0.95
P000412,LOC000066,PRESENT_AT_INCIDENT,2020-04-23,FIR,0.93
P000569,LOC000054,PRESENT_AT_INCIDENT,2025-05-14,FIR,0.68
P000538,LOC000054,PRESENT_AT_INCIDENT,2025-05-14,FIR,0.8
P000891,LOC000046,PRESENT_AT_INCIDENT,2021-08-08,FIR,0.94
P000926,LOC000046,PRESENT_AT_INCIDENT,2021-08-08,FIR,0.92
P000972,LOC000046,PRESENT_AT_INCIDENT,2021-08-08,FIR,0.72
P000286,LOC000036,PRESENT_AT_INCIDENT,2024-06-01,FIR,0.61
P000232,LOC000036,PRESENT_AT_INCIDENT,2024-06-01,FIR,0.7
P000206,LOC000036,PRESENT_AT_INCIDENT,2024-06-01,FIR,0.77
P000956,LOC000120,PRESENT_AT_INCIDENT,2024-11-30,FIR,0.8
P000990,LOC000120,PRESENT_AT_INCIDENT,2024-11-30,FIR,0.85
P000724,LOC000020,PRESENT_AT_INCIDENT,2025-07-07,FIR,0.74
P000744,LOC000020,PRESENT_AT_INCIDENT,2025-07-07,FIR,0.81
P000685,LOC000044,PRESENT_AT_INCIDENT,2021-12-11,FIR,0.88
P000672,LOC000044,PRESENT_AT_INCIDENT,2021-12-11,FIR,0.83
P000674,LOC000044,PRESENT_AT_INCIDENT,2021-12-11,FIR,0.97
P000708,LOC000044,PRESENT_AT_INCIDENT,2021-12-11,FIR,0.83
P000758,LOC000016,PRESENT_AT_INCIDENT,2023-09-17,FIR,0.65
P000739,LOC000016,PRESENT_AT_INCIDENT,2023-09-17,FIR,0.67
P000756,LOC000016,PRESENT_AT_INCIDENT,2023-09-17,FIR,0.69
P000998,LOC000035,PRESENT_AT_INCIDENT,2026-03-16,FIR,0.66
P000943,LOC000035,PRESENT_AT_INCIDENT,2026-03-16,FIR,0.88
P000111,LOC000018,PRESENT_AT_INCIDENT,2022-01-26,FIR,0.74
P000895,LOC000118,PRESENT_AT_INCIDENT,2021-06-10,FIR,0.94
P000971,LOC000118,PRESENT_AT_INCIDENT,2021-06-10,FIR,0.93
P000688,LOC000115,PRESENT_AT_INCIDENT,2025-04-19,FIR,0.83
P000679,LOC000115,PRESENT_AT_INCIDENT,2025-04-19,FIR,0.97
P000676,LOC000109,PRESENT_AT_INCIDENT,2023-10-30,FIR,0.67
P000477,LOC000038,PRESENT_AT_INCIDENT,2024-07-29,FIR,0.78
P000505,LOC000038,PRESENT_AT_INCIDENT,2024-07-29,FIR,0.9
P000495,LOC000038,PRESENT_AT_INCIDENT,2024-07-29,FIR,0.71
P000487,LOC000038,PRESENT_AT_INCIDENT,2024-07-29,FIR,0.75
P000472,LOC000038,PRESENT_AT_INCIDENT,2024-07-29,FIR,0.81
P000555,LOC000056,PRESENT_AT_INCIDENT,2025-05-12,FIR,0.98
P000550,LOC000056,PRESENT_AT_INCIDENT,2025-05-12,FIR,0.83
P000745,LOC000087,PRESENT_AT_INCIDENT,2024-01-18,FIR,0.77
P000046,LOC000018,PRESENT_AT_INCIDENT,2022-03-25,FIR,0.77
P000060,LOC000018,PRESENT_AT_INCIDENT,2022-03-25,FIR,0.65
P000369,LOC000077,PRESENT_AT_INCIDENT,2025-08-14,FIR,0.79
P000398,LOC000077,PRESENT_AT_INCIDENT,2025-08-14,FIR,0.63
P000209,LOC000016,PRESENT_AT_INCIDENT,2023-08-16,FIR,0.67
P000188,LOC000016,PRESENT_AT_INCIDENT,2023-08-16,FIR,0.82
P000881,LOC000059,PRESENT_AT_INCIDENT,2022-12-28,FIR,0.66
P000937,LOC000059,PRESENT_AT_INCIDENT,2022-12-28,FIR,0.84
P000895,LOC000059,PRESENT_AT_INCIDENT,2022-12-28,FIR,0.86
P000969,LOC000089,PRESENT_AT_INCIDENT,2026-04-11,FIR,0.89
P000909,LOC000089,PRESENT_AT_INCIDENT,2026-04-11,FIR,0.75
P000982,LOC000089,PRESENT_AT_INCIDENT,2026-04-11,FIR,0.93
P000897,LOC000089,PRESENT_AT_INCIDENT,2026-04-11,FIR,0.87
P000892,LOC000089,PRESENT_AT_INCIDENT,2026-04-11,FIR,0.7
P000774,LOC000037,PRESENT_AT_INCIDENT,2025-11-29,FIR,0.66
P000786,LOC000037,PRESENT_AT_INCIDENT,2025-11-29,FIR,0.67
P000775,LOC000037,PRESENT_AT_INCIDENT,2025-11-29,FIR,0.86
P001000,LOC000107,PRESENT_AT_INCIDENT,2022-12-25,FIR,0.65
P000945,LOC000107,PRESENT_AT_INCIDENT,2022-12-25,FIR,0.79
P000345,LOC000096,PRESENT_AT_INCIDENT,2023-08-16,FIR,0.82
P000591,LOC000025,PRESENT_AT_INCIDENT,2023-01-29,FIR,0.9
P000572,LOC000025,PRESENT_AT_INCIDENT,2023-01-29,FIR,0.8
P000592,LOC000025,PRESENT_AT_INCIDENT,2023-01-29,FIR,0.68
P000584,LOC000025,PRESENT_AT_INCIDENT,2023-01-29,FIR,0.63
P000536,LOC000022,PRESENT_AT_INCIDENT,2022-08-17,FIR,0.74
P000564,LOC000022,PRESENT_AT_INCIDENT,2022-08-17,FIR,0.66
P000550,LOC000022,PRESENT_AT_INCIDENT,2022-08-17,FIR,0.74
P000520,LOC000022,PRESENT_AT_INCIDENT,2022-08-17,FIR,0.78
P000539,LOC000022,PRESENT_AT_INCIDENT,2022-08-17,FIR,0.96
P000540,LOC000022,PRESENT_AT_INCIDENT,2022-08-17,FIR,0.97
P000569,LOC000022,PRESENT_AT_INCIDENT,2022-08-17,FIR,0.68
P000925,LOC000082,PRESENT_AT_INCIDENT,2026-05-07,FIR,0.97
P000586,LOC000019,PRESENT_AT_INCIDENT,2024-12-08,FIR,0.71
P000587,LOC000019,PRESENT_AT_INCIDENT,2024-12-08,FIR,0.87
P000584,LOC000019,PRESENT_AT_INCIDENT,2024-12-08,FIR,0.82
P000581,LOC000019,PRESENT_AT_INCIDENT,2024-12-08,FIR,0.62
P000083,LOC000073,PRESENT_AT_INCIDENT,2022-12-18,FIR,0.67
P000034,LOC000073,PRESENT_AT_INCIDENT,2022-12-18,FIR,0.92
P000060,LOC000073,PRESENT_AT_INCIDENT,2022-12-18,FIR,0.9
P000074,LOC000073,PRESENT_AT_INCIDENT,2022-12-18,FIR,0.62
P000005,LOC000010,PRESENT_AT_INCIDENT,2025-09-27,FIR,0.8
P000724,LOC000004,PRESENT_AT_INCIDENT,2026-06-11,FIR,0.69
P000125,LOC000121,PRESENT_AT_INCIDENT,2023-05-24,FIR,0.95
P000109,LOC000121,PRESENT_AT_INCIDENT,2023-05-24,FIR,0.92
P000118,LOC000121,PRESENT_AT_INCIDENT,2023-05-24,FIR,0.62
P000064,LOC000100,PRESENT_AT_INCIDENT,2020-07-04,FIR,0.91
P000076,LOC000100,PRESENT_AT_INCIDENT,2020-07-04,FIR,0.72
P000063,LOC000100,PRESENT_AT_INCIDENT,2020-07-04,FIR,0.94
P000757,LOC000065,PRESENT_AT_INCIDENT,2022-06-28,FIR,0.83
P000742,LOC000065,PRESENT_AT_INCIDENT,2022-06-28,FIR,0.86
P000977,LOC000083,PRESENT_AT_INCIDENT,2026-06-24,FIR,0.95
P000967,LOC000083,PRESENT_AT_INCIDENT,2026-06-24,FIR,0.64
P000776,LOC000035,PRESENT_AT_INCIDENT,2022-07-01,FIR,0.93
P000764,LOC000035,PRESENT_AT_INCIDENT,2022-07-01,FIR,0.82
P000762,LOC000011,PRESENT_AT_INCIDENT,2023-09-20,FIR,0.66
P000752,LOC000011,PRESENT_AT_INCIDENT,2023-09-20,FIR,0.78
P000616,LOC000092,PRESENT_AT_INCIDENT,2024-01-08,FIR,0.72
P000647,LOC000092,PRESENT_AT_INCIDENT,2024-01-08,FIR,0.78
P000661,LOC000092,PRESENT_AT_INCIDENT,2024-01-08,FIR,0.67
P000452,LOC000115,PRESENT_AT_INCIDENT,2025-06-28,FIR,0.76
P000447,LOC000115,PRESENT_AT_INCIDENT,2025-06-28,FIR,0.92
P000746,LOC000022,PRESENT_AT_INCIDENT,2025-07-31,FIR,0.86
P000940,LOC000075,PRESENT_AT_INCIDENT,2022-06-03,FIR,0.72
P000959,LOC000075,PRESENT_AT_INCIDENT,2022-06-03,FIR,0.74
P000915,LOC000075,PRESENT_AT_INCIDENT,2022-06-03,FIR,0.89
P000476,LOC000045,PRESENT_AT_INCIDENT,2026-02-28,FIR,0.85
P000490,LOC000045,PRESENT_AT_INCIDENT,2026-02-28,FIR,0.97
P000497,LOC000036,PRESENT_AT_INCIDENT,2022-11-01,FIR,0.62
P000515,LOC000036,PRESENT_AT_INCIDENT,2022-11-01,FIR,0.73
P000479,LOC000036,PRESENT_AT_INCIDENT,2022-11-01,FIR,0.77
P000989,LOC000070,PRESENT_AT_INCIDENT,2022-04-29,FIR,0.69
P000979,LOC000070,PRESENT_AT_INCIDENT,2022-04-29,FIR,0.89
P000919,LOC000070,PRESENT_AT_INCIDENT,2022-04-29,FIR,0.78
P000677,LOC000113,PRESENT_AT_INCIDENT,2025-07-01,FIR,0.8
P000690,LOC000113,PRESENT_AT_INCIDENT,2025-07-01,FIR,0.64
P000692,LOC000113,PRESENT_AT_INCIDENT,2025-07-01,FIR,0.66
P000612,LOC000094,PRESENT_AT_INCIDENT,2026-06-02,FIR,0.6
P000617,LOC000094,PRESENT_AT_INCIDENT,2026-06-02,FIR,0.73
P000663,LOC000094,PRESENT_AT_INCIDENT,2026-06-02,FIR,0.72
P000647,LOC000094,PRESENT_AT_INCIDENT,2026-06-02,FIR,0.93
P000979,LOC000101,PRESENT_AT_INCIDENT,2026-04-15,FIR,0.89
P000888,LOC000101,PRESENT_AT_INCIDENT,2026-04-15,FIR,0.74
P000873,LOC000097,PRESENT_AT_INCIDENT,2024-12-21,FIR,0.75
P000868,LOC000097,PRESENT_AT_INCIDENT,2024-12-21,FIR,0.78
P000878,LOC000097,PRESENT_AT_INCIDENT,2024-12-21,FIR,0.95
P000880,LOC000097,PRESENT_AT_INCIDENT,2024-12-21,FIR,0.9
P000855,LOC000097,PRESENT_AT_INCIDENT,2024-12-21,FIR,0.68
P000525,LOC000063,PRESENT_AT_INCIDENT,2023-12-02,FIR,0.87
P000579,LOC000048,PRESENT_AT_INCIDENT,2026-02-04,FIR,0.97
P000608,LOC000048,PRESENT_AT_INCIDENT,2026-02-04,FIR,0.95
P000603,LOC000048,PRESENT_AT_INCIDENT,2026-02-04,FIR,0.74
P000582,LOC000048,PRESENT_AT_INCIDENT,2026-02-04,FIR,0.84
P000639,LOC000091,PRESENT_AT_INCIDENT,2020-04-15,FIR,0.73
P000661,LOC000091,PRESENT_AT_INCIDENT,2020-04-15,FIR,0.86
P000875,LOC000116,PRESENT_AT_INCIDENT,2020-11-29,FIR,0.63
P000871,LOC000116,PRESENT_AT_INCIDENT,2020-11-29,FIR,0.65
P000850,LOC000116,PRESENT_AT_INCIDENT,2020-11-29,FIR,0.63
P000853,LOC000116,PRESENT_AT_INCIDENT,2020-11-29,FIR,0.9
P000874,LOC000116,PRESENT_AT_INCIDENT,2020-11-29,FIR,0.62
P000873,LOC000116,PRESENT_AT_INCIDENT,2020-11-29,FIR,0.94
P000864,LOC000116,PRESENT_AT_INCIDENT,2020-11-29,FIR,0.71
P000508,LOC000013,PRESENT_AT_INCIDENT,2025-03-20,FIR,0.73
P000862,LOC000113,PRESENT_AT_INCIDENT,2025-01-26,FIR,0.68
P000867,LOC000113,PRESENT_AT_INCIDENT,2025-01-26,FIR,0.62
P000869,LOC000113,PRESENT_AT_INCIDENT,2025-01-26,FIR,0.67
P000692,LOC000113,PRESENT_AT_INCIDENT,2025-06-30,FIR,0.95
P000690,LOC000113,PRESENT_AT_INCIDENT,2025-06-30,FIR,0.67
P000065,LOC000015,PRESENT_AT_INCIDENT,2023-09-08,FIR,0.77
P000052,LOC000015,PRESENT_AT_INCIDENT,2023-09-08,FIR,0.67
P000038,LOC000015,PRESENT_AT_INCIDENT,2023-09-08,FIR,0.91
P000063,LOC000015,PRESENT_AT_INCIDENT,2023-09-08,FIR,0.92
P000031,LOC000015,PRESENT_AT_INCIDENT,2023-09-08,FIR,0.95
P000057,LOC000015,PRESENT_AT_INCIDENT,2023-09-08,FIR,0.77
P000042,LOC000015,PRESENT_AT_INCIDENT,2023-09-08,FIR,0.77
P000849,LOC000017,PRESENT_AT_INCIDENT,2025-02-19,FIR,0.62
P000924,LOC000094,PRESENT_AT_INCIDENT,2024-08-08,FIR,0.77
P000952,LOC000072,PRESENT_AT_INCIDENT,2025-06-25,FIR,0.69
P000991,LOC000019,PRESENT_AT_INCIDENT,2021-06-05,FIR,0.74
P000911,LOC000019,PRESENT_AT_INCIDENT,2021-06-05,FIR,0.64
P000914,LOC000019,PRESENT_AT_INCIDENT,2021-06-05,FIR,0.87
P000554,LOC000030,PRESENT_AT_INCIDENT,2020-12-21,FIR,0.84
P000520,LOC000030,PRESENT_AT_INCIDENT,2020-12-21,FIR,0.73
P000563,LOC000030,PRESENT_AT_INCIDENT,2020-12-21,FIR,0.68
P000543,LOC000062,PRESENT_AT_INCIDENT,2026-01-24,FIR,0.65
P000614,LOC000123,PRESENT_AT_INCIDENT,2023-09-15,FIR,0.82
P000611,LOC000123,PRESENT_AT_INCIDENT,2023-09-15,FIR,0.93
P000656,LOC000123,PRESENT_AT_INCIDENT,2023-09-15,FIR,0.71
P000637,LOC000123,PRESENT_AT_INCIDENT,2023-09-15,FIR,0.96
P000627,LOC000123,PRESENT_AT_INCIDENT,2023-09-15,FIR,0.74
P000617,LOC000123,PRESENT_AT_INCIDENT,2023-09-15,FIR,0.79
P000613,LOC000123,PRESENT_AT_INCIDENT,2023-09-15,FIR,0.79
P000706,LOC000045,PRESENT_AT_INCIDENT,2023-05-29,FIR,0.91
P000692,LOC000045,PRESENT_AT_INCIDENT,2023-05-29,FIR,0.94
P000554,LOC000069,PRESENT_AT_INCIDENT,2020-08-14,FIR,0.88
P000541,LOC000069,PRESENT_AT_INCIDENT,2020-08-14,FIR,0.98
P000562,LOC000069,PRESENT_AT_INCIDENT,2020-08-14,FIR,0.62
P000341,LOC000047,PRESENT_AT_INCIDENT,2025-03-03,FIR,0.92
P000311,LOC000047,PRESENT_AT_INCIDENT,2025-03-03,FIR,0.76
P000293,LOC000047,PRESENT_AT_INCIDENT,2025-03-03,FIR,0.94
P000350,LOC000047,PRESENT_AT_INCIDENT,2025-03-03,FIR,0.77
P000325,LOC000047,PRESENT_AT_INCIDENT,2025-03-03,FIR,0.88
P000353,LOC000098,PRESENT_AT_INCIDENT,2022-03-16,FIR,0.89
P000017,LOC000103,PRESENT_AT_INCIDENT,2019-12-25,FIR,0.79
P000067,LOC000103,PRESENT_AT_INCIDENT,2019-12-25,FIR,0.89
P000090,LOC000103,PRESENT_AT_INCIDENT,2019-12-25,FIR,0.84
P000085,LOC000103,PRESENT_AT_INCIDENT,2019-12-25,FIR,0.9
P000091,LOC000103,PRESENT_AT_INCIDENT,2019-12-25,FIR,0.71
P000350,LOC000010,PRESENT_AT_INCIDENT,2020-07-05,FIR,0.93
P000322,LOC000010,PRESENT_AT_INCIDENT,2020-07-05,FIR,0.65
P000126,LOC000120,PRESENT_AT_INCIDENT,2019-12-29,FIR,0.89
P000111,LOC000120,PRESENT_AT_INCIDENT,2019-12-29,FIR,0.69
P000174,LOC000120,PRESENT_AT_INCIDENT,2019-12-29,FIR,0.97
P000756,LOC000070,PRESENT_AT_INCIDENT,2023-05-04,FIR,0.63
P000733,LOC000070,PRESENT_AT_INCIDENT,2023-05-04,FIR,0.97
P000501,LOC000029,PRESENT_AT_INCIDENT,2026-05-27,FIR,0.76
P000506,LOC000029,PRESENT_AT_INCIDENT,2026-05-27,FIR,0.76
P000517,LOC000029,PRESENT_AT_INCIDENT,2026-05-27,FIR,0.7
P000484,LOC000029,PRESENT_AT_INCIDENT,2026-05-27,FIR,0.73
P000333,LOC000097,PRESENT_AT_INCIDENT,2021-06-14,FIR,0.93
P000301,LOC000097,PRESENT_AT_INCIDENT,2021-06-14,FIR,0.91
P000327,LOC000097,PRESENT_AT_INCIDENT,2021-06-14,FIR,0.62
P000329,LOC000097,PRESENT_AT_INCIDENT,2021-06-14,FIR,0.84
P000618,LOC000086,PRESENT_AT_INCIDENT,2024-07-09,FIR,0.89
P000469,LOC000062,PRESENT_AT_INCIDENT,2025-05-01,FIR,0.91
P000450,LOC000022,PRESENT_AT_INCIDENT,2025-09-05,FIR,0.93
P000459,LOC000022,PRESENT_AT_INCIDENT,2025-09-05,FIR,0.77
P000417,LOC000022,PRESENT_AT_INCIDENT,2025-09-05,FIR,0.73
P000457,LOC000022,PRESENT_AT_INCIDENT,2025-09-05,FIR,0.89
P000422,LOC000022,PRESENT_AT_INCIDENT,2025-09-05,FIR,0.64
P000525,LOC000025,PRESENT_AT_INCIDENT,2025-09-22,FIR,0.71
P000521,LOC000025,PRESENT_AT_INCIDENT,2025-09-22,FIR,0.67
P000533,LOC000025,PRESENT_AT_INCIDENT,2025-09-22,FIR,0.71
P000412,LOC000028,PRESENT_AT_INCIDENT,2025-12-14,FIR,0.77
P000363,LOC000028,PRESENT_AT_INCIDENT,2025-12-14,FIR,0.76
P000359,LOC000028,PRESENT_AT_INCIDENT,2025-12-14,FIR,0.72
P000398,LOC000028,PRESENT_AT_INCIDENT,2025-12-14,FIR,0.82
P000371,LOC000028,PRESENT_AT_INCIDENT,2025-12-14,FIR,0.68
P000376,LOC000028,PRESENT_AT_INCIDENT,2025-12-14,FIR,0.73
P000402,LOC000028,PRESENT_AT_INCIDENT,2025-12-14,FIR,0.64
P000997,LOC000116,PRESENT_AT_INCIDENT,2024-10-02,FIR,0.61
P000896,LOC000116,PRESENT_AT_INCIDENT,2024-10-02,FIR,0.9
P000889,LOC000116,PRESENT_AT_INCIDENT,2024-10-02,FIR,0.89
P000787,LOC000044,PRESENT_AT_INCIDENT,2025-01-09,FIR,0.78
P000767,LOC000044,PRESENT_AT_INCIDENT,2025-01-09,FIR,0.87
P000771,LOC000044,PRESENT_AT_INCIDENT,2025-01-09,FIR,0.85
P000788,LOC000044,PRESENT_AT_INCIDENT,2025-01-09,FIR,0.74
P000273,LOC000043,PRESENT_AT_INCIDENT,2024-09-16,FIR,0.82
P000189,LOC000043,PRESENT_AT_INCIDENT,2024-09-16,FIR,0.75
P000100,LOC000120,PRESENT_AT_INCIDENT,2025-01-24,FIR,0.69
P000121,LOC000120,PRESENT_AT_INCIDENT,2025-01-24,FIR,0.73
P000540,LOC000064,PRESENT_AT_INCIDENT,2026-01-21,FIR,0.65
P000529,LOC000064,PRESENT_AT_INCIDENT,2026-01-21,FIR,0.77
P000533,LOC000064,PRESENT_AT_INCIDENT,2026-01-21,FIR,0.65
P000556,LOC000064,PRESENT_AT_INCIDENT,2026-01-21,FIR,0.74
P000381,LOC000035,PRESENT_AT_INCIDENT,2022-10-07,FIR,0.61
P000394,LOC000035,PRESENT_AT_INCIDENT,2022-10-07,FIR,0.67
P000411,LOC000035,PRESENT_AT_INCIDENT,2022-10-07,FIR,0.74
P000404,LOC000035,PRESENT_AT_INCIDENT,2022-10-07,FIR,0.85
P000501,LOC000039,PRESENT_AT_INCIDENT,2024-05-06,FIR,0.92
P000502,LOC000039,PRESENT_AT_INCIDENT,2024-05-06,FIR,0.95
P000510,LOC000039,PRESENT_AT_INCIDENT,2024-05-06,FIR,0.91
P000516,LOC000039,PRESENT_AT_INCIDENT,2024-05-06,FIR,0.83
P000483,LOC000039,PRESENT_AT_INCIDENT,2024-05-06,FIR,0.68
P000630,LOC000109,PRESENT_AT_INCIDENT,2022-11-09,FIR,0.72
P000647,LOC000109,PRESENT_AT_INCIDENT,2022-11-09,FIR,0.91
P000430,LOC000010,PRESENT_AT_INCIDENT,2026-01-30,FIR,0.75
P000447,LOC000010,PRESENT_AT_INCIDENT,2026-01-30,FIR,0.93
P000995,LOC000068,PRESENT_AT_INCIDENT,2023-06-27,FIR,0.66
P000883,LOC000068,PRESENT_AT_INCIDENT,2023-06-27,FIR,0.92
P000919,LOC000068,PRESENT_AT_INCIDENT,2023-06-27,FIR,0.98
P000885,LOC000068,PRESENT_AT_INCIDENT,2023-06-27,FIR,0.92
P000719,LOC000021,PRESENT_AT_INCIDENT,2025-06-05,FIR,0.71
P000744,LOC000021,PRESENT_AT_INCIDENT,2025-06-05,FIR,0.89
P000752,LOC000021,PRESENT_AT_INCIDENT,2025-06-05,FIR,0.83
P000747,LOC000021,PRESENT_AT_INCIDENT,2025-06-05,FIR,0.94
P000094,LOC000054,PRESENT_AT_INCIDENT,2023-07-29,FIR,0.7
P000172,LOC000054,PRESENT_AT_INCIDENT,2023-07-29,FIR,0.84
P000110,LOC000054,PRESENT_AT_INCIDENT,2023-07-29,FIR,0.81
P000136,LOC000054,PRESENT_AT_INCIDENT,2023-07-29,FIR,0.68
P000579,LOC000031,PRESENT_AT_INCIDENT,2026-06-15,FIR,0.9
P000602,LOC000031,PRESENT_AT_INCIDENT,2026-06-15,FIR,0.83
P000600,LOC000031,PRESENT_AT_INCIDENT,2026-06-15,FIR,0.69
P000572,LOC000031,PRESENT_AT_INCIDENT,2026-06-15,FIR,0.69
P000581,LOC000031,PRESENT_AT_INCIDENT,2026-06-15,FIR,0.83
P000851,LOC000089,PRESENT_AT_INCIDENT,2025-10-31,FIR,0.95
P000870,LOC000089,PRESENT_AT_INCIDENT,2025-10-31,FIR,0.71
P000991,LOC000061,PRESENT_AT_INCIDENT,2024-03-31,FIR,0.62
P000952,LOC000061,PRESENT_AT_INCIDENT,2024-03-31,FIR,0.82
P000905,LOC000061,PRESENT_AT_INCIDENT,2024-03-31,FIR,0.77
P000993,LOC000061,PRESENT_AT_INCIDENT,2024-03-31,FIR,0.87
P000064,LOC000014,PRESENT_AT_INCIDENT,2020-05-18,FIR,0.66
P000063,LOC000014,PRESENT_AT_INCIDENT,2020-05-18,FIR,0.93
P000977,LOC000042,PRESENT_AT_INCIDENT,2023-07-06,FIR,0.66
P000936,LOC000042,PRESENT_AT_INCIDENT,2023-07-06,FIR,0.85
P000950,LOC000042,PRESENT_AT_INCIDENT,2023-07-06,FIR,0.7
P000991,LOC000042,PRESENT_AT_INCIDENT,2023-07-06,FIR,0.62
P000945,LOC000042,PRESENT_AT_INCIDENT,2023-07-06,FIR,0.86
P000953,LOC000087,PRESENT_AT_INCIDENT,2025-07-23,FIR,0.75
P000148,LOC000021,PRESENT_AT_INCIDENT,2021-10-28,FIR,0.79
P000123,LOC000021,PRESENT_AT_INCIDENT,2021-10-28,FIR,0.63
P000111,LOC000021,PRESENT_AT_INCIDENT,2021-10-28,FIR,0.89
P000169,LOC000021,PRESENT_AT_INCIDENT,2021-10-28,FIR,0.95
P000852,LOC000097,PRESENT_AT_INCIDENT,2024-06-21,FIR,0.67
P000876,LOC000097,PRESENT_AT_INCIDENT,2024-06-21,FIR,0.95
P000885,LOC000038,PRESENT_AT_INCIDENT,2026-05-22,FIR,0.9
P000972,LOC000038,PRESENT_AT_INCIDENT,2026-05-22,FIR,0.78
P000922,LOC000038,PRESENT_AT_INCIDENT,2026-05-22,FIR,0.94
P000965,LOC000038,PRESENT_AT_INCIDENT,2026-05-22,FIR,0.66
P000954,LOC000038,PRESENT_AT_INCIDENT,2026-05-22,FIR,0.78
P000831,LOC000022,PRESENT_AT_INCIDENT,2026-05-08,FIR,0.69
P000806,LOC000022,PRESENT_AT_INCIDENT,2026-05-08,FIR,0.62
P000838,LOC000022,PRESENT_AT_INCIDENT,2026-05-08,FIR,0.89
P000482,LOC000049,PRESENT_AT_INCIDENT,2026-04-25,FIR,0.79
P000477,LOC000049,PRESENT_AT_INCIDENT,2026-04-25,FIR,0.63
P000481,LOC000049,PRESENT_AT_INCIDENT,2026-04-25,FIR,0.67
P000479,LOC000049,PRESENT_AT_INCIDENT,2026-04-25,FIR,0.66
P000496,LOC000049,PRESENT_AT_INCIDENT,2026-04-25,FIR,0.77
P000486,LOC000049,PRESENT_AT_INCIDENT,2026-04-25,FIR,0.89
P000492,LOC000049,PRESENT_AT_INCIDENT,2026-04-25,FIR,0.78
P000611,LOC000101,PRESENT_AT_INCIDENT,2022-04-02,FIR,0.69
P000661,LOC000101,PRESENT_AT_INCIDENT,2022-04-02,FIR,0.96
P000619,LOC000101,PRESENT_AT_INCIDENT,2022-04-02,FIR,0.82
P000493,LOC000013,PRESENT_AT_INCIDENT,2023-04-01,FIR,0.74
P000508,LOC000013,PRESENT_AT_INCIDENT,2023-04-01,FIR,0.69
P000860,LOC000081,PRESENT_AT_INCIDENT,2026-01-21,FIR,0.81
P000879,LOC000081,PRESENT_AT_INCIDENT,2026-01-21,FIR,0.93
P000863,LOC000081,PRESENT_AT_INCIDENT,2026-01-21,FIR,0.96
P000875,LOC000081,PRESENT_AT_INCIDENT,2026-01-21,FIR,0.97
P000877,LOC000081,PRESENT_AT_INCIDENT,2026-01-21,FIR,0.86
P000865,LOC000081,PRESENT_AT_INCIDENT,2026-01-21,FIR,0.96
P000872,LOC000081,PRESENT_AT_INCIDENT,2026-01-21,FIR,0.7
P000313,LOC000085,PRESENT_AT_INCIDENT,2021-09-20,FIR,0.83
P000329,LOC000085,PRESENT_AT_INCIDENT,2021-09-20,FIR,0.64
P000619,LOC000091,PRESENT_AT_INCIDENT,2024-10-19,FIR,0.91
P000659,LOC000091,PRESENT_AT_INCIDENT,2024-10-19,FIR,0.75
P000645,LOC000091,PRESENT_AT_INCIDENT,2024-10-19,FIR,0.84
P000643,LOC000091,PRESENT_AT_INCIDENT,2024-10-19,FIR,0.82
P000458,LOC000053,PRESENT_AT_INCIDENT,2022-04-25,FIR,0.87
P000420,LOC000053,PRESENT_AT_INCIDENT,2022-04-25,FIR,0.74
P000464,LOC000053,PRESENT_AT_INCIDENT,2022-04-25,FIR,0.79
P000126,LOC000054,PRESENT_AT_INCIDENT,2024-06-26,FIR,0.81
P000133,LOC000054,PRESENT_AT_INCIDENT,2024-06-26,FIR,0.78
P000128,LOC000054,PRESENT_AT_INCIDENT,2024-06-26,FIR,0.6
P000709,LOC000038,PRESENT_AT_INCIDENT,2025-11-11,FIR,0.71
P000696,LOC000038,PRESENT_AT_INCIDENT,2025-11-11,FIR,0.68
P000676,LOC000038,PRESENT_AT_INCIDENT,2025-11-11,FIR,0.76
P000519,LOC000063,PRESENT_AT_INCIDENT,2023-10-14,FIR,0.68
P000548,LOC000063,PRESENT_AT_INCIDENT,2023-10-14,FIR,0.71
P000567,LOC000063,PRESENT_AT_INCIDENT,2023-10-14,FIR,0.61
P000583,LOC000022,PRESENT_AT_INCIDENT,2023-08-02,FIR,0.73
P000572,LOC000022,PRESENT_AT_INCIDENT,2023-08-02,FIR,0.81
P000577,LOC000022,PRESENT_AT_INCIDENT,2023-08-02,FIR,0.95
P000392,LOC000095,PRESENT_AT_INCIDENT,2019-07-10,FIR,0.84
P000376,LOC000095,PRESENT_AT_INCIDENT,2019-07-10,FIR,0.7
P000429,LOC000052,PRESENT_AT_INCIDENT,2022-09-17,FIR,0.65
P000434,LOC000052,PRESENT_AT_INCIDENT,2022-09-17,FIR,0.67
P000441,LOC000052,PRESENT_AT_INCIDENT,2022-09-17,FIR,0.82
P000446,LOC000052,PRESENT_AT_INCIDENT,2022-09-17,FIR,0.64
P000994,LOC000088,PRESENT_AT_INCIDENT,2026-05-25,FIR,0.82
P000980,LOC000115,PRESENT_AT_INCIDENT,2026-05-05,FIR,0.61
P000952,LOC000115,PRESENT_AT_INCIDENT,2026-05-05,FIR,0.95
P000931,LOC000095,PRESENT_AT_INCIDENT,2024-09-08,FIR,0.61
P000951,LOC000095,PRESENT_AT_INCIDENT,2024-09-08,FIR,0.69
P000909,LOC000095,PRESENT_AT_INCIDENT,2024-09-08,FIR,0.96
P000892,LOC000047,PRESENT_AT_INCIDENT,2025-07-08,FIR,0.73
P000914,LOC000047,PRESENT_AT_INCIDENT,2025-07-08,FIR,0.75
P000540,LOC000024,PRESENT_AT_INCIDENT,2026-03-20,FIR,0.66
P000960,LOC000083,PRESENT_AT_INCIDENT,2025-10-13,FIR,0.84
P000932,LOC000083,PRESENT_AT_INCIDENT,2025-10-13,FIR,0.65
P000704,LOC000110,PRESENT_AT_INCIDENT,2025-07-12,FIR,0.89
P000675,LOC000110,PRESENT_AT_INCIDENT,2025-07-12,FIR,0.6
P000711,LOC000110,PRESENT_AT_INCIDENT,2025-07-12,FIR,0.93
P000425,LOC000002,PRESENT_AT_INCIDENT,2022-09-20,FIR,0.91
P000456,LOC000002,PRESENT_AT_INCIDENT,2022-09-20,FIR,0.69
P000432,LOC000002,PRESENT_AT_INCIDENT,2022-09-20,FIR,0.86
P000423,LOC000002,PRESENT_AT_INCIDENT,2022-09-20,FIR,0.61
P000460,LOC000002,PRESENT_AT_INCIDENT,2022-09-20,FIR,0.63
P000743,LOC000068,PRESENT_AT_INCIDENT,2025-10-11,FIR,0.9
P000719,LOC000068,PRESENT_AT_INCIDENT,2025-10-11,FIR,0.86
P000715,LOC000068,PRESENT_AT_INCIDENT,2025-10-11,FIR,0.72
P000744,LOC000068,PRESENT_AT_INCIDENT,2025-10-11,FIR,0.95
P000578,LOC000016,PRESENT_AT_INCIDENT,2026-03-08,FIR,0.86
P000571,LOC000016,PRESENT_AT_INCIDENT,2026-03-08,FIR,0.7
P000579,LOC000016,PRESENT_AT_INCIDENT,2026-03-08,FIR,0.77
P000605,LOC000016,PRESENT_AT_INCIDENT,2026-03-08,FIR,0.81
P000397,LOC000040,PRESENT_AT_INCIDENT,2026-03-23,FIR,0.95
P000368,LOC000040,PRESENT_AT_INCIDENT,2026-03-23,FIR,0.68
P000391,LOC000040,PRESENT_AT_INCIDENT,2026-03-23,FIR,0.96
P000407,LOC000040,PRESENT_AT_INCIDENT,2026-03-23,FIR,0.67
P000388,LOC000040,PRESENT_AT_INCIDENT,2026-03-23,FIR,0.92
P000366,LOC000040,PRESENT_AT_INCIDENT,2026-03-23,FIR,0.82
P000412,LOC000040,PRESENT_AT_INCIDENT,2026-03-23,FIR,0.89
P000360,LOC000096,PRESENT_AT_INCIDENT,2020-01-10,FIR,0.61
P000405,LOC000096,PRESENT_AT_INCIDENT,2020-01-10,FIR,0.68
P000778,LOC000051,PRESENT_AT_INCIDENT,2024-02-26,FIR,0.86
P000797,LOC000051,PRESENT_AT_INCIDENT,2024-02-26,FIR,0.75
P000775,LOC000051,PRESENT_AT_INCIDENT,2024-02-26,FIR,0.66
P000160,LOC000022,PRESENT_AT_INCIDENT,2025-12-28,FIR,0.64
P000158,LOC000022,PRESENT_AT_INCIDENT,2025-12-28,FIR,0.93
P000866,LOC000092,PRESENT_AT_INCIDENT,2025-11-11,FIR,0.95
P000547,LOC000021,PRESENT_AT_INCIDENT,2022-08-06,FIR,0.68
P000519,LOC000021,PRESENT_AT_INCIDENT,2022-08-06,FIR,0.93
P000527,LOC000021,PRESENT_AT_INCIDENT,2022-08-06,FIR,0.84
P000525,LOC000021,PRESENT_AT_INCIDENT,2022-08-06,FIR,0.65
P000669,LOC000115,PRESENT_AT_INCIDENT,2023-11-10,FIR,0.63
P000365,LOC000033,PRESENT_AT_INCIDENT,2023-04-29,FIR,0.98
P000378,LOC000033,PRESENT_AT_INCIDENT,2023-04-29,FIR,0.77
P000965,LOC000076,PRESENT_AT_INCIDENT,2026-05-14,FIR,0.81
P000982,LOC000076,PRESENT_AT_INCIDENT,2026-05-14,FIR,0.79
P000887,LOC000076,PRESENT_AT_INCIDENT,2026-05-14,FIR,0.93
P000904,LOC000076,PRESENT_AT_INCIDENT,2026-05-14,FIR,0.68
P000135,LOC000121,PRESENT_AT_INCIDENT,2025-11-22,FIR,0.74
P000404,LOC000095,PRESENT_AT_INCIDENT,2023-11-18,FIR,0.7
P000364,LOC000095,PRESENT_AT_INCIDENT,2023-11-18,FIR,0.7
P000867,LOC000080,PRESENT_AT_INCIDENT,2022-11-02,FIR,0.85
P000848,LOC000080,PRESENT_AT_INCIDENT,2022-11-02,FIR,0.63
P000411,LOC000033,PRESENT_AT_INCIDENT,2025-02-28,FIR,0.78
P000348,LOC000096,PRESENT_AT_INCIDENT,2026-03-12,FIR,0.98
P000337,LOC000096,PRESENT_AT_INCIDENT,2026-03-12,FIR,0.92
P000352,LOC000096,PRESENT_AT_INCIDENT,2026-03-12,FIR,0.73
P000728,LOC000086,PRESENT_AT_INCIDENT,2026-06-14,FIR,0.77
P000757,LOC000086,PRESENT_AT_INCIDENT,2026-06-14,FIR,0.94
P000717,LOC000086,PRESENT_AT_INCIDENT,2026-06-14,FIR,0.76
P000755,LOC000086,PRESENT_AT_INCIDENT,2026-06-14,FIR,0.91
P000783,LOC000036,PRESENT_AT_INCIDENT,2025-09-10,FIR,0.77
P000771,LOC000036,PRESENT_AT_INCIDENT,2025-09-10,FIR,0.97
P000778,LOC000036,PRESENT_AT_INCIDENT,2025-09-10,FIR,0.92
P000772,LOC000036,PRESENT_AT_INCIDENT,2025-09-10,FIR,0.96
P000804,LOC000065,PRESENT_AT_INCIDENT,2026-03-10,FIR,0.96
P000827,LOC000065,PRESENT_AT_INCIDENT,2026-03-10,FIR,0.91
P000876,LOC000094,PRESENT_AT_INCIDENT,2021-06-03,FIR,0.8
P000040,LOC000015,PRESENT_AT_INCIDENT,2021-01-09,FIR,0.79
P000072,LOC000015,PRESENT_AT_INCIDENT,2021-01-09,FIR,0.62
P000043,LOC000015,PRESENT_AT_INCIDENT,2021-01-09,FIR,0.77
P000086,LOC000015,PRESENT_AT_INCIDENT,2021-01-09,FIR,0.71
P000056,LOC000015,PRESENT_AT_INCIDENT,2021-01-09,FIR,0.68
P000983,LOC000091,PRESENT_AT_INCIDENT,2024-08-29,FIR,0.76
P000291,LOC000017,PRESENT_AT_INCIDENT,2025-12-01,FIR,0.94
P000569,LOC000064,PRESENT_AT_INCIDENT,2025-12-26,FIR,0.67
P000527,LOC000064,PRESENT_AT_INCIDENT,2025-12-26,FIR,0.72
P000567,LOC000064,PRESENT_AT_INCIDENT,2025-12-26,FIR,0.89
P000532,LOC000064,PRESENT_AT_INCIDENT,2025-12-26,FIR,0.83
P000921,LOC000110,PRESENT_AT_INCIDENT,2025-04-19,FIR,0.74
P000163,LOC000015,PRESENT_AT_INCIDENT,2026-04-12,FIR,0.75
P000116,LOC000015,PRESENT_AT_INCIDENT,2026-04-12,FIR,0.85
P000791,LOC000043,PRESENT_AT_INCIDENT,2020-10-06,FIR,0.81
P000784,LOC000043,PRESENT_AT_INCIDENT,2020-10-06,FIR,0.71
P000765,LOC000043,PRESENT_AT_INCIDENT,2020-10-06,FIR,0.64
P000792,LOC000043,PRESENT_AT_INCIDENT,2020-10-06,FIR,0.98
P000940,LOC000063,PRESENT_AT_INCIDENT,2022-03-29,FIR,0.72
P000901,LOC000077,PRESENT_AT_INCIDENT,2025-03-26,FIR,0.76
P000883,LOC000077,PRESENT_AT_INCIDENT,2025-03-26,FIR,0.63
P000551,LOC000020,PRESENT_AT_INCIDENT,2025-06-20,FIR,0.66
P000530,LOC000020,PRESENT_AT_INCIDENT,2025-06-20,FIR,0.92
P000553,LOC000020,PRESENT_AT_INCIDENT,2025-06-20,FIR,0.85
P000718,LOC000016,PRESENT_AT_INCIDENT,2026-06-22,FIR,0.8
P000727,LOC000016,PRESENT_AT_INCIDENT,2026-06-22,FIR,0.68
P000743,LOC000016,PRESENT_AT_INCIDENT,2026-06-22,FIR,0.69
P000992,LOC000041,PRESENT_AT_INCIDENT,2026-06-12,FIR,0.7
P000882,LOC000041,PRESENT_AT_INCIDENT,2026-06-12,FIR,0.88
P000996,LOC000041,PRESENT_AT_INCIDENT,2026-06-12,FIR,0.74
P000322,LOC000093,PRESENT_AT_INCIDENT,2023-03-19,FIR,0.7
P000314,LOC000093,PRESENT_AT_INCIDENT,2023-03-19,FIR,0.91
P000318,LOC000107,PRESENT_AT_INCIDENT,2024-12-09,FIR,0.67
P000300,LOC000107,PRESENT_AT_INCIDENT,2024-12-09,FIR,0.77
P000356,LOC000107,PRESENT_AT_INCIDENT,2024-12-09,FIR,0.98
P000887,LOC000115,PRESENT_AT_INCIDENT,2026-01-09,FIR,0.62
P000943,LOC000115,PRESENT_AT_INCIDENT,2026-01-09,FIR,0.88
P000900,LOC000115,PRESENT_AT_INCIDENT,2026-01-09,FIR,0.89
P000896,LOC000115,PRESENT_AT_INCIDENT,2026-01-09,FIR,0.61
P000899,LOC000115,PRESENT_AT_INCIDENT,2026-01-09,FIR,0.9
P000918,LOC000115,PRESENT_AT_INCIDENT,2026-01-09,FIR,0.75
P000945,LOC000115,PRESENT_AT_INCIDENT,2026-01-09,FIR,0.78
P000046,LOC000008,PRESENT_AT_INCIDENT,2025-03-16,FIR,0.61
P000090,LOC000008,PRESENT_AT_INCIDENT,2025-03-16,FIR,0.8
P000004,LOC000008,PRESENT_AT_INCIDENT,2025-03-16,FIR,0.88
P000083,LOC000008,PRESENT_AT_INCIDENT,2025-03-16,FIR,0.72
P000462,LOC000052,PRESENT_AT_INCIDENT,2022-09-30,FIR,0.91
P000999,LOC000046,PRESENT_AT_INCIDENT,2023-10-29,FIR,0.7
P000215,LOC000035,PRESENT_AT_INCIDENT,2024-01-02,FIR,0.86
P000245,LOC000035,PRESENT_AT_INCIDENT,2024-01-02,FIR,0.62
P000248,LOC000035,PRESENT_AT_INCIDENT,2024-01-02,FIR,0.91
P000558,LOC000015,PRESENT_AT_INCIDENT,2026-02-06,FIR,0.85
P000551,LOC000015,PRESENT_AT_INCIDENT,2026-02-06,FIR,0.97
P000066,LOC000008,PRESENT_AT_INCIDENT,2026-06-03,FIR,0.62
P000084,LOC000008,PRESENT_AT_INCIDENT,2026-06-03,FIR,0.7
P000042,LOC000008,PRESENT_AT_INCIDENT,2026-06-03,FIR,0.73
P000857,LOC000082,PRESENT_AT_INCIDENT,2026-03-29,FIR,0.82
P000848,LOC000082,PRESENT_AT_INCIDENT,2026-03-29,FIR,0.78
P000877,LOC000082,PRESENT_AT_INCIDENT,2026-03-29,FIR,0.87
P000854,LOC000082,PRESENT_AT_INCIDENT,2026-03-29,FIR,0.72
P000536,LOC000063,PRESENT_AT_INCIDENT,2026-01-11,FIR,0.61
P000530,LOC000063,PRESENT_AT_INCIDENT,2026-01-11,FIR,0.81
P000547,LOC000063,PRESENT_AT_INCIDENT,2026-01-11,FIR,0.68
P000439,LOC000060,PRESENT_AT_INCIDENT,2026-06-03,FIR,0.94
P000426,LOC000060,PRESENT_AT_INCIDENT,2026-06-03,FIR,0.78
P000870,LOC000052,PRESENT_AT_INCIDENT,2026-06-21,FIR,0.86
P000846,LOC000052,PRESENT_AT_INCIDENT,2026-06-21,FIR,0.87
P000295,LOC000021,PRESENT_AT_INCIDENT,2022-04-16,FIR,0.65
P000356,LOC000021,PRESENT_AT_INCIDENT,2022-04-16,FIR,0.71
P000307,LOC000021,PRESENT_AT_INCIDENT,2022-04-16,FIR,0.91
P000300,LOC000021,PRESENT_AT_INCIDENT,2022-04-16,FIR,0.76
P000572,LOC000113,PRESENT_AT_INCIDENT,2025-10-05,FIR,0.73
P000596,LOC000113,PRESENT_AT_INCIDENT,2025-10-05,FIR,0.97
P000610,LOC000113,PRESENT_AT_INCIDENT,2025-10-05,FIR,0.81
P000827,LOC000012,PRESENT_AT_INCIDENT,2026-02-11,FIR,0.82
P000811,LOC000012,PRESENT_AT_INCIDENT,2026-02-11,FIR,0.69
P000821,LOC000012,PRESENT_AT_INCIDENT,2026-02-11,FIR,0.62
P000390,LOC000033,PRESENT_AT_INCIDENT,2026-03-10,FIR,0.95
P000361,LOC000033,PRESENT_AT_INCIDENT,2026-03-10,FIR,0.77
P000400,LOC000033,PRESENT_AT_INCIDENT,2026-03-10,FIR,0.7
P000387,LOC000033,PRESENT_AT_INCIDENT,2026-03-10,FIR,0.61
P000910,LOC000045,PRESENT_AT_INCIDENT,2024-05-10,FIR,0.7
P000996,LOC000045,PRESENT_AT_INCIDENT,2024-05-10,FIR,0.87
P000960,LOC000045,PRESENT_AT_INCIDENT,2024-05-10,FIR,0.65
P000684,LOC000110,PRESENT_AT_INCIDENT,2026-02-09,FIR,0.88
P000705,LOC000110,PRESENT_AT_INCIDENT,2026-02-09,FIR,0.62
P000694,LOC000110,PRESENT_AT_INCIDENT,2026-02-09,FIR,0.84
P000763,LOC000100,PRESENT_AT_INCIDENT,2026-02-13,FIR,0.75
P000740,LOC000100,PRESENT_AT_INCIDENT,2026-02-13,FIR,0.91
P000753,LOC000100,PRESENT_AT_INCIDENT,2026-02-13,FIR,0.72
P000751,LOC000100,PRESENT_AT_INCIDENT,2026-02-13,FIR,0.8
P000743,LOC000068,PRESENT_AT_INCIDENT,2026-02-07,FIR,0.7
P000747,LOC000068,PRESENT_AT_INCIDENT,2026-02-07,FIR,0.76
P000752,LOC000068,PRESENT_AT_INCIDENT,2026-02-07,FIR,0.8
P000424,LOC000062,PRESENT_AT_INCIDENT,2023-09-08,FIR,0.88
P000264,LOC000026,PRESENT_AT_INCIDENT,2021-09-10,FIR,0.81
P000278,LOC000026,PRESENT_AT_INCIDENT,2021-09-10,FIR,0.76
P000965,LOC000110,PRESENT_AT_INCIDENT,2020-05-31,FIR,0.87
P000973,LOC000110,PRESENT_AT_INCIDENT,2020-05-31,FIR,0.96
P000974,LOC000110,PRESENT_AT_INCIDENT,2020-05-31,FIR,0.61
P000897,LOC000110,PRESENT_AT_INCIDENT,2020-05-31,FIR,0.86
P000910,LOC000110,PRESENT_AT_INCIDENT,2020-05-31,FIR,0.82
P000412,LOC000026,PRESENT_AT_INCIDENT,2023-03-02,FIR,0.86
P000389,LOC000026,PRESENT_AT_INCIDENT,2023-03-02,FIR,0.93
P000392,LOC000026,PRESENT_AT_INCIDENT,2023-03-02,FIR,0.93
P000186,LOC000048,PRESENT_AT_INCIDENT,2026-05-24,FIR,0.86
P000286,LOC000048,PRESENT_AT_INCIDENT,2026-05-24,FIR,0.71
P000733,LOC000069,PRESENT_AT_INCIDENT,2025-11-29,FIR,0.66
P000720,LOC000069,PRESENT_AT_INCIDENT,2025-11-29,FIR,0.61
P000838,LOC000010,PRESENT_AT_INCIDENT,2022-06-24,FIR,0.61
P000806,LOC000010,PRESENT_AT_INCIDENT,2022-06-24,FIR,0.8
P000826,LOC000010,PRESENT_AT_INCIDENT,2022-06-24,FIR,0.68
P000475,LOC000080,PRESENT_AT_INCIDENT,2026-06-07,FIR,0.63
P000367,LOC000082,PRESENT_AT_INCIDENT,2026-04-14,FIR,0.93
P000396,LOC000082,PRESENT_AT_INCIDENT,2026-04-14,FIR,0.63
P000985,LOC000091,PRESENT_AT_INCIDENT,2024-12-22,FIR,0.64
P000080,LOC000076,PRESENT_AT_INCIDENT,2023-02-14,FIR,0.91
P000566,LOC000036,PRESENT_AT_INCIDENT,2025-09-15,FIR,0.63
P000519,LOC000036,PRESENT_AT_INCIDENT,2025-09-15,FIR,0.61
P000972,LOC000081,PRESENT_AT_INCIDENT,2022-04-21,FIR,0.83
P000923,LOC000081,PRESENT_AT_INCIDENT,2022-04-21,FIR,0.9
P000603,LOC000039,PRESENT_AT_INCIDENT,2026-05-20,FIR,0.64
P000930,LOC000056,PRESENT_AT_INCIDENT,2026-02-24,FIR,0.92
P000940,LOC000056,PRESENT_AT_INCIDENT,2026-02-24,FIR,0.7
P000941,LOC000014,PRESENT_AT_INCIDENT,2025-09-21,FIR,0.86
P000301,LOC000016,PRESENT_AT_INCIDENT,2026-04-04,FIR,0.61
P000951,LOC000125,PRESENT_AT_INCIDENT,2018-07-15,FIR,0.87
P000946,LOC000125,PRESENT_AT_INCIDENT,2018-07-15,FIR,0.71
P000398,LOC000029,PRESENT_AT_INCIDENT,2019-12-28,FIR,0.6
P000335,LOC000048,PRESENT_AT_INCIDENT,2025-12-19,FIR,0.63
P000330,LOC000048,PRESENT_AT_INCIDENT,2025-12-19,FIR,0.88
P000299,LOC000048,PRESENT_AT_INCIDENT,2025-12-19,FIR,0.7
P000552,LOC000067,PRESENT_AT_INCIDENT,2025-11-27,FIR,0.76
P000530,LOC000067,PRESENT_AT_INCIDENT,2025-11-27,FIR,0.95
P000566,LOC000067,PRESENT_AT_INCIDENT,2025-11-27,FIR,0.85
P000545,LOC000067,PRESENT_AT_INCIDENT,2025-11-27,FIR,0.66
P000787,LOC000037,PRESENT_AT_INCIDENT,2021-04-27,FIR,0.77
P000767,LOC000037,PRESENT_AT_INCIDENT,2021-04-27,FIR,0.74
P000147,LOC000059,PRESENT_AT_INCIDENT,2020-06-18,FIR,0.62
P000114,LOC000059,PRESENT_AT_INCIDENT,2020-06-18,FIR,0.91
P000615,LOC000093,PRESENT_AT_INCIDENT,2025-08-14,FIR,0.9
P000622,LOC000093,PRESENT_AT_INCIDENT,2025-08-14,FIR,0.96
P000644,LOC000093,PRESENT_AT_INCIDENT,2025-08-14,FIR,0.63
P000636,LOC000093,PRESENT_AT_INCIDENT,2025-08-14,FIR,0.83
P000911,LOC000078,PRESENT_AT_INCIDENT,2026-05-24,FIR,0.7
P000941,LOC000078,PRESENT_AT_INCIDENT,2026-05-24,FIR,0.7
P000886,LOC000078,PRESENT_AT_INCIDENT,2026-05-24,FIR,0.71
P000892,LOC000078,PRESENT_AT_INCIDENT,2026-05-24,FIR,0.65
P000922,LOC000078,PRESENT_AT_INCIDENT,2026-05-24,FIR,0.82
P000642,LOC000092,PRESENT_AT_INCIDENT,2022-08-26,FIR,0.7
P000627,LOC000092,PRESENT_AT_INCIDENT,2022-08-26,FIR,0.75
P000638,LOC000092,PRESENT_AT_INCIDENT,2022-08-26,FIR,0.93
P000294,LOC000096,PRESENT_AT_INCIDENT,2026-04-15,FIR,0.63
P000940,LOC000124,PRESENT_AT_INCIDENT,2026-03-02,FIR,0.69
P000954,LOC000124,PRESENT_AT_INCIDENT,2026-03-02,FIR,0.93
P000872,LOC000113,PRESENT_AT_INCIDENT,2018-05-01,FIR,0.74
P000867,LOC000113,PRESENT_AT_INCIDENT,2018-05-01,FIR,0.84
P000854,LOC000096,PRESENT_AT_INCIDENT,2018-06-08,FIR,0.81
P000320,LOC000107,PRESENT_AT_INCIDENT,2026-03-26,FIR,0.85
P000321,LOC000107,PRESENT_AT_INCIDENT,2026-03-26,FIR,0.97
P000062,LOC000074,PRESENT_AT_INCIDENT,2022-02-09,FIR,0.87
P000682,LOC000043,PRESENT_AT_INCIDENT,2025-07-25,FIR,0.73
P000667,LOC000043,PRESENT_AT_INCIDENT,2025-07-25,FIR,0.83
P000068,LOC000099,PRESENT_AT_INCIDENT,2023-03-17,FIR,0.86
P000033,LOC000099,PRESENT_AT_INCIDENT,2023-03-17,FIR,0.86
P000028,LOC000099,PRESENT_AT_INCIDENT,2023-03-17,FIR,0.83
P000053,LOC000099,PRESENT_AT_INCIDENT,2023-03-17,FIR,0.8
P000032,LOC000099,PRESENT_AT_INCIDENT,2023-03-17,FIR,0.91
P000847,LOC000050,PRESENT_AT_INCIDENT,2023-08-17,FIR,0.98
P000877,LOC000050,PRESENT_AT_INCIDENT,2023-08-17,FIR,0.74
P000848,LOC000050,PRESENT_AT_INCIDENT,2023-08-17,FIR,0.87
P000858,LOC000050,PRESENT_AT_INCIDENT,2023-08-17,FIR,0.71
P000749,LOC000084,PRESENT_AT_INCIDENT,2025-02-10,FIR,0.93
P000739,LOC000084,PRESENT_AT_INCIDENT,2025-02-10,FIR,0.77
P000748,LOC000084,PRESENT_AT_INCIDENT,2025-02-10,FIR,0.69
P000296,LOC000009,PRESENT_AT_INCIDENT,2024-04-18,FIR,0.75
P000325,LOC000009,PRESENT_AT_INCIDENT,2024-04-18,FIR,0.74
P000354,LOC000009,PRESENT_AT_INCIDENT,2024-04-18,FIR,0.81
P000353,LOC000009,PRESENT_AT_INCIDENT,2024-04-18,FIR,0.66
P000324,LOC000021,PRESENT_AT_INCIDENT,2025-10-10,FIR,0.74
P000354,LOC000021,PRESENT_AT_INCIDENT,2025-10-10,FIR,0.86
P000357,LOC000021,PRESENT_AT_INCIDENT,2025-10-10,FIR,0.76
P000349,LOC000021,PRESENT_AT_INCIDENT,2025-10-10,FIR,0.92
P000974,LOC000099,PRESENT_AT_INCIDENT,2022-09-14,FIR,0.77
P000545,LOC000063,PRESENT_AT_INCIDENT,2020-06-10,FIR,0.97
P000773,LOC000048,PRESENT_AT_INCIDENT,2022-02-21,FIR,0.64
P000764,LOC000048,PRESENT_AT_INCIDENT,2022-02-21,FIR,0.72
P000776,LOC000048,PRESENT_AT_INCIDENT,2022-02-21,FIR,0.87
P000678,LOC000110,PRESENT_AT_INCIDENT,2024-09-12,FIR,0.66
P000701,LOC000110,PRESENT_AT_INCIDENT,2024-09-12,FIR,0.71
P000708,LOC000110,PRESENT_AT_INCIDENT,2024-09-12,FIR,0.94
P000692,LOC000110,PRESENT_AT_INCIDENT,2024-09-12,FIR,0.93
P000702,LOC000110,PRESENT_AT_INCIDENT,2024-09-12,FIR,0.87
P000847,LOC000116,PRESENT_AT_INCIDENT,2022-03-06,FIR,0.93
P000785,LOC000041,PRESENT_AT_INCIDENT,2026-04-21,FIR,0.63
P000778,LOC000041,PRESENT_AT_INCIDENT,2026-04-21,FIR,0.82
P000799,LOC000041,PRESENT_AT_INCIDENT,2026-04-21,FIR,0.74
P000782,LOC000041,PRESENT_AT_INCIDENT,2026-04-21,FIR,0.76
P000695,LOC000041,PRESENT_AT_INCIDENT,2025-05-23,FIR,0.92
P000687,LOC000041,PRESENT_AT_INCIDENT,2025-05-23,FIR,0.71
P000702,LOC000041,PRESENT_AT_INCIDENT,2025-05-23,FIR,0.92
P000543,LOC000025,PRESENT_AT_INCIDENT,2020-08-23,FIR,0.85
P000797,LOC000017,PRESENT_AT_INCIDENT,2023-10-17,FIR,0.63
P000780,LOC000017,PRESENT_AT_INCIDENT,2023-10-17,FIR,0.68
P000792,LOC000017,PRESENT_AT_INCIDENT,2023-10-17,FIR,0.84
P000774,LOC000017,PRESENT_AT_INCIDENT,2023-10-17,FIR,0.97
P000375,LOC000101,PRESENT_AT_INCIDENT,2025-07-30,FIR,0.76
P000371,LOC000101,PRESENT_AT_INCIDENT,2025-07-30,FIR,0.62
P000960,LOC000088,PRESENT_AT_INCIDENT,2026-01-07,FIR,0.8
P000907,LOC000088,PRESENT_AT_INCIDENT,2026-01-07,FIR,0.67
P000928,LOC000088,PRESENT_AT_INCIDENT,2026-01-07,FIR,0.77
P000866,LOC000048,PRESENT_AT_INCIDENT,2020-08-01,FIR,0.81
P000848,LOC000048,PRESENT_AT_INCIDENT,2020-08-01,FIR,0.63
P000858,LOC000048,PRESENT_AT_INCIDENT,2020-08-01,FIR,0.6
P000869,LOC000048,PRESENT_AT_INCIDENT,2020-08-01,FIR,0.76
P000878,LOC000048,PRESENT_AT_INCIDENT,2020-08-01,FIR,0.75
P000689,LOC000039,PRESENT_AT_INCIDENT,2025-11-01,FIR,0.85
P000709,LOC000039,PRESENT_AT_INCIDENT,2025-11-01,FIR,0.77
P000667,LOC000039,PRESENT_AT_INCIDENT,2025-11-01,FIR,0.92
P000678,LOC000039,PRESENT_AT_INCIDENT,2025-11-01,FIR,0.63
P000276,LOC000101,PRESENT_AT_INCIDENT,2021-09-17,FIR,0.74
P000175,LOC000101,PRESENT_AT_INCIDENT,2021-09-17,FIR,0.67
P000243,LOC000101,PRESENT_AT_INCIDENT,2021-09-17,FIR,0.7
P000182,LOC000101,PRESENT_AT_INCIDENT,2021-09-17,FIR,0.73
P000198,LOC000101,PRESENT_AT_INCIDENT,2021-09-17,FIR,0.92
P000060,LOC000008,PRESENT_AT_INCIDENT,2024-05-03,FIR,0.93
P000061,LOC000008,PRESENT_AT_INCIDENT,2024-05-03,FIR,0.75
P000056,LOC000008,PRESENT_AT_INCIDENT,2024-05-03,FIR,0.7
P000091,LOC000008,PRESENT_AT_INCIDENT,2024-05-03,FIR,0.94
P000369,LOC000102,PRESENT_AT_INCIDENT,2025-04-14,FIR,0.97
P000378,LOC000102,PRESENT_AT_INCIDENT,2025-04-14,FIR,0.95
P000361,LOC000102,PRESENT_AT_INCIDENT,2025-04-14,FIR,0.74
P000668,LOC000111,PRESENT_AT_INCIDENT,2026-03-03,FIR,0.76
P000672,LOC000111,PRESENT_AT_INCIDENT,2026-03-03,FIR,0.82
P000259,LOC000042,PRESENT_AT_INCIDENT,2025-01-11,FIR,0.61
P000254,LOC000042,PRESENT_AT_INCIDENT,2025-01-11,FIR,0.83
P000715,LOC000066,PRESENT_AT_INCIDENT,2026-04-30,FIR,0.65
P000760,LOC000066,PRESENT_AT_INCIDENT,2026-04-30,FIR,0.87
P000425,LOC000100,PRESENT_AT_INCIDENT,2023-06-10,FIR,0.65
P000794,LOC000018,PRESENT_AT_INCIDENT,2025-08-16,FIR,0.64
P000782,LOC000018,PRESENT_AT_INCIDENT,2025-08-16,FIR,0.78
P000780,LOC000018,PRESENT_AT_INCIDENT,2025-08-16,FIR,0.79
P000784,LOC000018,PRESENT_AT_INCIDENT,2025-08-16,FIR,0.64
P000977,LOC000118,PRESENT_AT_INCIDENT,2025-11-07,FIR,0.63
P000776,LOC000040,PRESENT_AT_INCIDENT,2019-12-14,FIR,0.91
P000796,LOC000040,PRESENT_AT_INCIDENT,2019-12-14,FIR,0.9
P000791,LOC000040,PRESENT_AT_INCIDENT,2019-12-14,FIR,0.83
P000765,LOC000040,PRESENT_AT_INCIDENT,2019-12-14,FIR,0.9
P000774,LOC000040,PRESENT_AT_INCIDENT,2019-12-14,FIR,0.73
P000800,LOC000040,PRESENT_AT_INCIDENT,2019-12-14,FIR,0.93
P000778,LOC000040,PRESENT_AT_INCIDENT,2019-12-14,FIR,0.76
P000094,LOC000059,PRESENT_AT_INCIDENT,2021-08-07,FIR,0.93
P000003,LOC000076,PRESENT_AT_INCIDENT,2024-07-11,FIR,0.78
P000005,LOC000076,PRESENT_AT_INCIDENT,2024-07-11,FIR,0.64
P000016,LOC000076,PRESENT_AT_INCIDENT,2024-07-11,FIR,0.96
P000443,LOC000019,PRESENT_AT_INCIDENT,2026-05-27,FIR,0.62
P000169,LOC000018,PRESENT_AT_INCIDENT,2026-06-04,FIR,0.8
P000163,LOC000018,PRESENT_AT_INCIDENT,2026-06-04,FIR,0.94
P000154,LOC000018,PRESENT_AT_INCIDENT,2026-06-04,FIR,0.74
P000143,LOC000018,PRESENT_AT_INCIDENT,2026-06-04,FIR,0.88
P000119,LOC000018,PRESENT_AT_INCIDENT,2026-06-04,FIR,0.88
P000805,LOC000067,PRESENT_AT_INCIDENT,2025-12-31,FIR,0.7
P000839,LOC000067,PRESENT_AT_INCIDENT,2025-12-31,FIR,0.95
P000827,LOC000067,PRESENT_AT_INCIDENT,2025-12-31,FIR,0.82
P000803,LOC000067,PRESENT_AT_INCIDENT,2025-12-31,FIR,0.89
P000806,LOC000067,PRESENT_AT_INCIDENT,2025-12-31,FIR,0.9
P000689,LOC000041,PRESENT_AT_INCIDENT,2025-06-27,FIR,0.84
P000678,LOC000041,PRESENT_AT_INCIDENT,2025-06-27,FIR,0.88
P000361,LOC000041,PRESENT_AT_INCIDENT,2026-05-01,FIR,0.85
P000388,LOC000041,PRESENT_AT_INCIDENT,2026-05-01,FIR,0.77
P000390,LOC000041,PRESENT_AT_INCIDENT,2026-05-01,FIR,0.8
P000396,LOC000041,PRESENT_AT_INCIDENT,2026-05-01,FIR,0.67
P000052,LOC000021,PRESENT_AT_INCIDENT,2024-08-30,FIR,0.84
P000031,LOC000021,PRESENT_AT_INCIDENT,2024-08-30,FIR,0.86
P000709,LOC000113,PRESENT_AT_INCIDENT,2024-09-15,FIR,0.63
P000693,LOC000113,PRESENT_AT_INCIDENT,2024-09-15,FIR,0.82
P000364,LOC000100,PRESENT_AT_INCIDENT,2023-06-07,FIR,0.72
P000410,LOC000100,PRESENT_AT_INCIDENT,2023-06-07,FIR,0.96
P000988,LOC000034,PRESENT_AT_INCIDENT,2020-10-24,FIR,0.87
P000942,LOC000034,PRESENT_AT_INCIDENT,2020-10-24,FIR,0.83
P000096,LOC000066,PRESENT_AT_INCIDENT,2024-01-09,FIR,0.71
P000169,LOC000066,PRESENT_AT_INCIDENT,2024-01-09,FIR,0.68
P000155,LOC000066,PRESENT_AT_INCIDENT,2024-01-09,FIR,0.63
P000117,LOC000066,PRESENT_AT_INCIDENT,2024-01-09,FIR,0.91
P000162,LOC000066,PRESENT_AT_INCIDENT,2024-01-09,FIR,0.69
P000157,LOC000066,PRESENT_AT_INCIDENT,2024-01-09,FIR,0.76
P000133,LOC000066,PRESENT_AT_INCIDENT,2024-01-09,FIR,0.64
P000872,LOC000048,PRESENT_AT_INCIDENT,2021-04-04,FIR,0.64
P000849,LOC000048,PRESENT_AT_INCIDENT,2021-04-04,FIR,0.85
P000851,LOC000017,PRESENT_AT_INCIDENT,2025-08-01,FIR,0.98
P000033,LOC000017,PRESENT_AT_INCIDENT,2023-07-21,FIR,0.94
P000023,LOC000017,PRESENT_AT_INCIDENT,2023-07-21,FIR,0.88
P000030,LOC000017,PRESENT_AT_INCIDENT,2023-07-21,FIR,0.64
P000076,LOC000017,PRESENT_AT_INCIDENT,2023-07-21,FIR,0.73
P000028,LOC000017,PRESENT_AT_INCIDENT,2023-07-21,FIR,0.64
P000089,LOC000017,PRESENT_AT_INCIDENT,2023-07-21,FIR,0.86
P000085,LOC000017,PRESENT_AT_INCIDENT,2023-07-21,FIR,0.85
P000868,LOC000081,PRESENT_AT_INCIDENT,2023-10-23,FIR,0.62
P000733,LOC000074,PRESENT_AT_INCIDENT,2024-10-16,FIR,0.75
P000727,LOC000074,PRESENT_AT_INCIDENT,2024-10-16,FIR,0.98
P000852,LOC000116,PRESENT_AT_INCIDENT,2018-07-14,FIR,0.87
P000875,LOC000116,PRESENT_AT_INCIDENT,2018-07-14,FIR,0.76
P000874,LOC000116,PRESENT_AT_INCIDENT,2018-07-14,FIR,0.78
P000441,LOC000062,PRESENT_AT_INCIDENT,2023-12-05,FIR,0.7
P000432,LOC000062,PRESENT_AT_INCIDENT,2023-12-05,FIR,0.61
P000436,LOC000062,PRESENT_AT_INCIDENT,2023-12-05,FIR,0.95
P000460,LOC000062,PRESENT_AT_INCIDENT,2023-12-05,FIR,0.77
P000812,LOC000070,PRESENT_AT_INCIDENT,2024-10-07,FIR,0.91
P000844,LOC000070,PRESENT_AT_INCIDENT,2024-10-07,FIR,0.87
P000802,LOC000070,PRESENT_AT_INCIDENT,2024-10-07,FIR,0.97
P000809,LOC000070,PRESENT_AT_INCIDENT,2024-10-07,FIR,0.87
P000819,LOC000070,PRESENT_AT_INCIDENT,2024-10-07,FIR,0.64
P000871,LOC000080,PRESENT_AT_INCIDENT,2025-02-07,FIR,0.91
P000846,LOC000080,PRESENT_AT_INCIDENT,2025-02-07,FIR,0.85
P000135,LOC000018,PRESENT_AT_INCIDENT,2023-07-11,FIR,0.88
P000171,LOC000018,PRESENT_AT_INCIDENT,2023-07-11,FIR,0.97
P000173,LOC000018,PRESENT_AT_INCIDENT,2023-07-11,FIR,0.88
P000155,LOC000018,PRESENT_AT_INCIDENT,2023-07-11,FIR,0.61
P000130,LOC000018,PRESENT_AT_INCIDENT,2023-07-11,FIR,0.71
P000735,LOC000072,PRESENT_AT_INCIDENT,2021-11-09,FIR,0.98
P000011,LOC000009,PRESENT_AT_INCIDENT,2025-11-28,FIR,0.62
P000034,LOC000009,PRESENT_AT_INCIDENT,2025-11-28,FIR,0.78
P000015,LOC000009,PRESENT_AT_INCIDENT,2025-11-28,FIR,0.62
P000001,LOC000009,PRESENT_AT_INCIDENT,2025-11-28,FIR,0.65
P000041,LOC000009,PRESENT_AT_INCIDENT,2025-11-28,FIR,0.92
P000151,LOC000056,PRESENT_AT_INCIDENT,2025-03-10,FIR,0.78
P000158,LOC000056,PRESENT_AT_INCIDENT,2025-03-10,FIR,0.92
P000094,LOC000056,PRESENT_AT_INCIDENT,2025-03-10,FIR,0.95
P000457,LOC000018,PRESENT_AT_INCIDENT,2026-02-16,FIR,0.64
P000463,LOC000018,PRESENT_AT_INCIDENT,2026-02-16,FIR,0.88
P000278,LOC000048,PRESENT_AT_INCIDENT,2024-02-26,FIR,0.8
P000198,LOC000048,PRESENT_AT_INCIDENT,2024-02-26,FIR,0.68
P000217,LOC000048,PRESENT_AT_INCIDENT,2024-02-26,FIR,0.83
P000245,LOC000048,PRESENT_AT_INCIDENT,2024-02-26,FIR,0.62
P000847,LOC000113,PRESENT_AT_INCIDENT,2026-03-18,FIR,0.84
P000860,LOC000113,PRESENT_AT_INCIDENT,2026-03-18,FIR,0.63
P000874,LOC000113,PRESENT_AT_INCIDENT,2026-03-18,FIR,0.88
P000879,LOC000113,PRESENT_AT_INCIDENT,2026-03-18,FIR,0.82
P000749,LOC000065,PRESENT_AT_INCIDENT,2026-02-02,FIR,0.91
P000744,LOC000065,PRESENT_AT_INCIDENT,2026-02-02,FIR,0.9
P000748,LOC000065,PRESENT_AT_INCIDENT,2026-02-02,FIR,0.97
P000665,LOC000099,PRESENT_AT_INCIDENT,2026-05-25,FIR,0.6
P000652,LOC000099,PRESENT_AT_INCIDENT,2026-05-25,FIR,0.66
P000651,LOC000099,PRESENT_AT_INCIDENT,2026-05-25,FIR,0.67
P000660,LOC000099,PRESENT_AT_INCIDENT,2026-05-25,FIR,0.63
P000998,LOC000052,PRESENT_AT_INCIDENT,2022-11-30,FIR,0.9
P000979,LOC000052,PRESENT_AT_INCIDENT,2022-11-30,FIR,0.66
P000545,LOC000016,PRESENT_AT_INCIDENT,2020-07-25,FIR,0.95
P000523,LOC000016,PRESENT_AT_INCIDENT,2020-07-25,FIR,0.82
P000520,LOC000016,PRESENT_AT_INCIDENT,2020-07-25,FIR,0.91
P000546,LOC000016,PRESENT_AT_INCIDENT,2020-07-25,FIR,0.8
P000548,LOC000016,PRESENT_AT_INCIDENT,2020-07-25,FIR,0.87
P000882,LOC000077,PRESENT_AT_INCIDENT,2024-09-15,FIR,0.78
P000249,LOC000042,PRESENT_AT_INCIDENT,2022-10-09,FIR,0.89
P000244,LOC000042,PRESENT_AT_INCIDENT,2022-10-09,FIR,0.96
P000212,LOC000042,PRESENT_AT_INCIDENT,2022-10-09,FIR,0.8
P000627,LOC000087,PRESENT_AT_INCIDENT,2024-03-21,FIR,0.92
P000618,LOC000087,PRESENT_AT_INCIDENT,2024-03-21,FIR,0.66
P000635,LOC000087,PRESENT_AT_INCIDENT,2024-03-21,FIR,0.85
P000376,LOC000069,PRESENT_AT_INCIDENT,2023-09-25,FIR,0.68
P000392,LOC000069,PRESENT_AT_INCIDENT,2023-09-25,FIR,0.68
P000379,LOC000069,PRESENT_AT_INCIDENT,2023-09-25,FIR,0.65
P000402,LOC000069,PRESENT_AT_INCIDENT,2023-09-25,FIR,0.96
P000488,LOC000046,PRESENT_AT_INCIDENT,2022-10-18,FIR,0.9
P000510,LOC000046,PRESENT_AT_INCIDENT,2022-10-18,FIR,0.67
P000447,LOC000021,PRESENT_AT_INCIDENT,2023-01-04,FIR,0.72
P000918,LOC000042,PRESENT_AT_INCIDENT,2024-07-26,FIR,0.86
P000893,LOC000042,PRESENT_AT_INCIDENT,2024-07-26,FIR,0.92
P000926,LOC000042,PRESENT_AT_INCIDENT,2024-07-26,FIR,0.6
P000893,LOC000020,PRESENT_AT_INCIDENT,2020-12-27,FIR,0.64
P000925,LOC000020,PRESENT_AT_INCIDENT,2020-12-27,FIR,0.88
P000969,LOC000020,PRESENT_AT_INCIDENT,2020-12-27,FIR,0.75
P000996,LOC000020,PRESENT_AT_INCIDENT,2020-12-27,FIR,0.72
P000158,LOC000022,PRESENT_AT_INCIDENT,2021-11-05,FIR,0.84
P000156,LOC000022,PRESENT_AT_INCIDENT,2021-11-05,FIR,0.65
P000123,LOC000022,PRESENT_AT_INCIDENT,2021-11-05,FIR,0.78
P000385,LOC000069,PRESENT_AT_INCIDENT,2026-05-20,FIR,0.66
P000408,LOC000069,PRESENT_AT_INCIDENT,2026-05-20,FIR,0.88
P000136,LOC000070,PRESENT_AT_INCIDENT,2019-07-16,FIR,0.78
P000134,LOC000070,PRESENT_AT_INCIDENT,2019-07-16,FIR,0.84
P000796,LOC000040,PRESENT_AT_INCIDENT,2025-09-30,FIR,0.69
P000783,LOC000040,PRESENT_AT_INCIDENT,2025-09-30,FIR,0.7
P000791,LOC000040,PRESENT_AT_INCIDENT,2025-09-30,FIR,0.61
P000772,LOC000040,PRESENT_AT_INCIDENT,2025-09-30,FIR,0.88
P000784,LOC000040,PRESENT_AT_INCIDENT,2025-09-30,FIR,0.62
P000770,LOC000040,PRESENT_AT_INCIDENT,2025-09-30,FIR,0.64
P000800,LOC000040,PRESENT_AT_INCIDENT,2025-09-30,FIR,0.68
P000240,LOC000046,PRESENT_AT_INCIDENT,2024-05-09,FIR,0.73
P000759,LOC000021,PRESENT_AT_INCIDENT,2024-02-27,FIR,0.89
P000743,LOC000021,PRESENT_AT_INCIDENT,2024-02-27,FIR,0.74
P000749,LOC000021,PRESENT_AT_INCIDENT,2024-02-27,FIR,0.74
P000758,LOC000021,PRESENT_AT_INCIDENT,2024-02-27,FIR,0.74
P000730,LOC000021,PRESENT_AT_INCIDENT,2024-02-27,FIR,0.87
P000425,LOC000038,PRESENT_AT_INCIDENT,2025-09-11,FIR,0.74
P000462,LOC000038,PRESENT_AT_INCIDENT,2025-09-11,FIR,0.73
P000872,LOC000116,PRESENT_AT_INCIDENT,2024-09-17,FIR,0.78
P000878,LOC000116,PRESENT_AT_INCIDENT,2024-09-17,FIR,0.94
P000548,LOC000068,PRESENT_AT_INCIDENT,2023-05-05,FIR,0.83
P000854,LOC000096,PRESENT_AT_INCIDENT,2026-04-04,FIR,0.62
P000871,LOC000096,PRESENT_AT_INCIDENT,2026-04-04,FIR,0.87
P000964,LOC000118,PRESENT_AT_INCIDENT,2024-11-25,FIR,0.84
P000977,LOC000118,PRESENT_AT_INCIDENT,2024-11-25,FIR,0.66
P000998,LOC000118,PRESENT_AT_INCIDENT,2024-11-25,FIR,0.82
P000850,LOC000090,PRESENT_AT_INCIDENT,2021-10-27,FIR,0.87
P000868,LOC000090,PRESENT_AT_INCIDENT,2021-10-27,FIR,0.96
P000864,LOC000090,PRESENT_AT_INCIDENT,2021-10-27,FIR,0.9
P000870,LOC000090,PRESENT_AT_INCIDENT,2021-10-27,FIR,0.91
P000311,LOC000106,PRESENT_AT_INCIDENT,2024-03-25,FIR,0.89
P000298,LOC000106,PRESENT_AT_INCIDENT,2024-03-25,FIR,0.78
P000355,LOC000106,PRESENT_AT_INCIDENT,2024-03-25,FIR,0.82
P000337,LOC000106,PRESENT_AT_INCIDENT,2024-03-25,FIR,0.84
P000913,LOC000065,PRESENT_AT_INCIDENT,2026-02-15,FIR,0.86
P000702,LOC000115,PRESENT_AT_INCIDENT,2021-08-10,FIR,0.98
P000701,LOC000115,PRESENT_AT_INCIDENT,2021-08-10,FIR,0.85
P000679,LOC000115,PRESENT_AT_INCIDENT,2021-08-10,FIR,0.68
P000707,LOC000115,PRESENT_AT_INCIDENT,2021-08-10,FIR,0.97
P000583,LOC000050,PRESENT_AT_INCIDENT,2023-01-16,FIR,0.93
P000598,LOC000050,PRESENT_AT_INCIDENT,2023-01-16,FIR,0.61
P000148,LOC000120,PRESENT_AT_INCIDENT,2025-12-03,FIR,0.78
P000120,LOC000120,PRESENT_AT_INCIDENT,2025-12-03,FIR,0.92
P000152,LOC000120,PRESENT_AT_INCIDENT,2025-12-03,FIR,0.81
P000173,LOC000120,PRESENT_AT_INCIDENT,2025-12-03,FIR,0.73
P000725,LOC000084,PRESENT_AT_INCIDENT,2022-06-26,FIR,0.78
P000728,LOC000084,PRESENT_AT_INCIDENT,2022-06-26,FIR,0.8
P000753,LOC000084,PRESENT_AT_INCIDENT,2022-06-26,FIR,0.71
P000751,LOC000084,PRESENT_AT_INCIDENT,2022-06-26,FIR,0.66
P000263,LOC000050,PRESENT_AT_INCIDENT,2025-01-13,FIR,0.64
P000193,LOC000050,PRESENT_AT_INCIDENT,2025-01-13,FIR,0.67
P000215,LOC000050,PRESENT_AT_INCIDENT,2025-01-13,FIR,0.89
P000187,LOC000050,PRESENT_AT_INCIDENT,2025-01-13,FIR,0.81
P000895,LOC000001,PRESENT_AT_INCIDENT,2025-03-10,FIR,0.63
P000938,LOC000001,PRESENT_AT_INCIDENT,2025-03-10,FIR,0.88
P000989,LOC000001,PRESENT_AT_INCIDENT,2025-03-10,FIR,0.93
P000315,LOC000095,PRESENT_AT_INCIDENT,2025-11-29,FIR,0.83
P000319,LOC000095,PRESENT_AT_INCIDENT,2025-11-29,FIR,0.92
P000756,LOC000083,PRESENT_AT_INCIDENT,2026-02-15,FIR,0.94
P000167,LOC000020,PRESENT_AT_INCIDENT,2022-12-29,FIR,0.85
P000133,LOC000020,PRESENT_AT_INCIDENT,2022-12-29,FIR,0.83
P000150,LOC000020,PRESENT_AT_INCIDENT,2022-12-29,FIR,0.63
P000682,LOC000113,PRESENT_AT_INCIDENT,2023-02-14,FIR,0.72
P000709,LOC000113,PRESENT_AT_INCIDENT,2023-02-14,FIR,0.66
P000685,LOC000113,PRESENT_AT_INCIDENT,2023-02-14,FIR,0.71
P000676,LOC000113,PRESENT_AT_INCIDENT,2023-02-14,FIR,0.79
P000701,LOC000113,PRESENT_AT_INCIDENT,2023-02-14,FIR,0.84
P000712,LOC000113,PRESENT_AT_INCIDENT,2023-02-14,FIR,0.74
P000684,LOC000113,PRESENT_AT_INCIDENT,2023-02-14,FIR,0.68
P000853,LOC000077,PRESENT_AT_INCIDENT,2021-07-22,FIR,0.69
P000855,LOC000077,PRESENT_AT_INCIDENT,2021-07-22,FIR,0.85
P000998,LOC000043,PRESENT_AT_INCIDENT,2024-01-22,FIR,0.92
P000928,LOC000043,PRESENT_AT_INCIDENT,2024-01-22,FIR,0.61
P000944,LOC000043,PRESENT_AT_INCIDENT,2024-01-22,FIR,0.69
P000439,LOC000008,PRESENT_AT_INCIDENT,2019-09-08,FIR,0.61
P000457,LOC000008,PRESENT_AT_INCIDENT,2019-09-08,FIR,0.7
P000466,LOC000008,PRESENT_AT_INCIDENT,2019-09-08,FIR,0.96
P000442,LOC000008,PRESENT_AT_INCIDENT,2019-09-08,FIR,0.93
P000445,LOC000007,PRESENT_AT_INCIDENT,2024-07-25,FIR,0.79
P000436,LOC000007,PRESENT_AT_INCIDENT,2024-07-25,FIR,0.94
P000419,LOC000007,PRESENT_AT_INCIDENT,2024-07-25,FIR,0.83
P000446,LOC000007,PRESENT_AT_INCIDENT,2024-07-25,FIR,0.93
P000402,LOC000069,PRESENT_AT_INCIDENT,2025-12-25,FIR,0.83
P000488,LOC000010,PRESENT_AT_INCIDENT,2024-08-21,FIR,0.79
P000802,LOC000024,PRESENT_AT_INCIDENT,2023-03-31,FIR,0.83
P000830,LOC000024,PRESENT_AT_INCIDENT,2023-03-31,FIR,0.91
P000843,LOC000024,PRESENT_AT_INCIDENT,2023-03-31,FIR,0.95
P000426,LOC000009,PRESENT_AT_INCIDENT,2024-06-21,FIR,0.72
P000446,LOC000009,PRESENT_AT_INCIDENT,2024-06-21,FIR,0.85
P000443,LOC000009,PRESENT_AT_INCIDENT,2024-06-21,FIR,0.89
P000423,LOC000009,PRESENT_AT_INCIDENT,2024-06-21,FIR,0.86
P000940,LOC000125,PRESENT_AT_INCIDENT,2025-11-02,FIR,0.74
P000987,LOC000125,PRESENT_AT_INCIDENT,2025-11-02,FIR,0.63
P000999,LOC000125,PRESENT_AT_INCIDENT,2025-11-02,FIR,0.91
P000405,LOC000099,PRESENT_AT_INCIDENT,2023-09-10,FIR,0.63
P000383,LOC000099,PRESENT_AT_INCIDENT,2023-09-10,FIR,0.88
P000852,LOC000080,PRESENT_AT_INCIDENT,2020-12-01,FIR,0.78
P000868,LOC000080,PRESENT_AT_INCIDENT,2020-12-01,FIR,0.73
P000876,LOC000080,PRESENT_AT_INCIDENT,2020-12-01,FIR,0.65
P000956,LOC000116,PRESENT_AT_INCIDENT,2020-07-15,FIR,0.73
P000958,LOC000116,PRESENT_AT_INCIDENT,2020-07-15,FIR,0.91
P000878,LOC000090,PRESENT_AT_INCIDENT,2022-06-09,FIR,0.88
P000292,LOC000022,PRESENT_AT_INCIDENT,2025-04-14,FIR,0.71
P000295,LOC000022,PRESENT_AT_INCIDENT,2025-04-14,FIR,0.68
P000937,LOC000055,PRESENT_AT_INCIDENT,2026-05-28,FIR,0.8
P000967,LOC000055,PRESENT_AT_INCIDENT,2026-05-28,FIR,0.87
P000909,LOC000055,PRESENT_AT_INCIDENT,2026-05-28,FIR,0.62
P000391,LOC000093,PRESENT_AT_INCIDENT,2026-06-07,FIR,0.62
P000364,LOC000093,PRESENT_AT_INCIDENT,2026-06-07,FIR,0.85
P000673,LOC000044,PRESENT_AT_INCIDENT,2024-10-06,FIR,0.77
P000701,LOC000044,PRESENT_AT_INCIDENT,2024-10-06,FIR,0.68
P000677,LOC000044,PRESENT_AT_INCIDENT,2024-10-06,FIR,0.67
P000689,LOC000044,PRESENT_AT_INCIDENT,2024-10-06,FIR,0.84
P000703,LOC000044,PRESENT_AT_INCIDENT,2024-10-06,FIR,0.92
P000672,LOC000044,PRESENT_AT_INCIDENT,2024-10-06,FIR,0.86
P000706,LOC000044,PRESENT_AT_INCIDENT,2024-10-06,FIR,0.72
P000953,LOC000025,PRESENT_AT_INCIDENT,2026-01-21,FIR,0.65
P000927,LOC000025,PRESENT_AT_INCIDENT,2026-01-21,FIR,0.78
P000955,LOC000025,PRESENT_AT_INCIDENT,2026-01-21,FIR,0.93
P000916,LOC000025,PRESENT_AT_INCIDENT,2026-01-21,FIR,0.69
P000972,LOC000104,PRESENT_AT_INCIDENT,2025-01-27,FIR,0.73
P000919,LOC000104,PRESENT_AT_INCIDENT,2025-01-27,FIR,0.81
P000934,LOC000125,PRESENT_AT_INCIDENT,2024-10-10,FIR,0.9
P000974,LOC000125,PRESENT_AT_INCIDENT,2024-10-10,FIR,0.75
P000703,LOC000042,PRESENT_AT_INCIDENT,2023-04-25,FIR,0.61
P000685,LOC000042,PRESENT_AT_INCIDENT,2023-04-25,FIR,0.9
P000699,LOC000042,PRESENT_AT_INCIDENT,2023-04-25,FIR,0.81
P000548,LOC000060,PRESENT_AT_INCIDENT,2021-06-03,FIR,0.82
P000560,LOC000060,PRESENT_AT_INCIDENT,2021-06-03,FIR,0.82
P000958,LOC000123,PRESENT_AT_INCIDENT,2023-11-14,FIR,0.84
P000446,LOC000052,PRESENT_AT_INCIDENT,2026-06-26,FIR,0.83
P000442,LOC000052,PRESENT_AT_INCIDENT,2026-06-26,FIR,0.86
P000456,LOC000052,PRESENT_AT_INCIDENT,2026-06-26,FIR,0.97
P000452,LOC000052,PRESENT_AT_INCIDENT,2026-06-26,FIR,0.68
P000670,LOC000114,PRESENT_AT_INCIDENT,2025-09-14,FIR,0.78
P000709,LOC000114,PRESENT_AT_INCIDENT,2025-09-14,FIR,0.87
P000699,LOC000114,PRESENT_AT_INCIDENT,2025-09-14,FIR,0.72
P000083,LOC000075,PRESENT_AT_INCIDENT,2020-01-22,FIR,0.72
P000091,LOC000075,PRESENT_AT_INCIDENT,2020-01-22,FIR,0.68
P000709,LOC000042,PRESENT_AT_INCIDENT,2024-01-01,FIR,0.86
P000955,LOC000023,PRESENT_AT_INCIDENT,2024-05-16,FIR,0.7
P000950,LOC000023,PRESENT_AT_INCIDENT,2024-05-16,FIR,0.8
P000895,LOC000023,PRESENT_AT_INCIDENT,2024-05-16,FIR,0.74
P000883,LOC000023,PRESENT_AT_INCIDENT,2024-05-16,FIR,0.83
P000309,LOC000051,PRESENT_AT_INCIDENT,2021-09-21,FIR,0.75
P000292,LOC000051,PRESENT_AT_INCIDENT,2021-09-21,FIR,0.73
P000301,LOC000051,PRESENT_AT_INCIDENT,2021-09-21,FIR,0.83
P000294,LOC000051,PRESENT_AT_INCIDENT,2021-09-21,FIR,0.76
P000312,LOC000051,PRESENT_AT_INCIDENT,2021-09-21,FIR,0.73
P000343,LOC000051,PRESENT_AT_INCIDENT,2021-09-21,FIR,0.64
P000355,LOC000051,PRESENT_AT_INCIDENT,2021-09-21,FIR,0.62
P000939,LOC000025,PRESENT_AT_INCIDENT,2024-02-07,FIR,0.88
P000914,LOC000025,PRESENT_AT_INCIDENT,2024-02-07,FIR,0.7
P000888,LOC000025,PRESENT_AT_INCIDENT,2024-02-07,FIR,0.7
P000916,LOC000025,PRESENT_AT_INCIDENT,2024-02-07,FIR,0.64
P000925,LOC000092,PRESENT_AT_INCIDENT,2025-10-23,FIR,0.66
P000934,LOC000092,PRESENT_AT_INCIDENT,2025-10-23,FIR,0.89
P000983,LOC000092,PRESENT_AT_INCIDENT,2025-10-23,FIR,0.74
P000937,LOC000092,PRESENT_AT_INCIDENT,2025-10-23,FIR,0.87
P000998,LOC000092,PRESENT_AT_INCIDENT,2025-10-23,FIR,0.68
P000970,LOC000092,PRESENT_AT_INCIDENT,2025-10-23,FIR,0.65
P000974,LOC000092,PRESENT_AT_INCIDENT,2025-10-23,FIR,0.85
P000164,LOC000120,PRESENT_AT_INCIDENT,2025-07-24,FIR,0.73
P000101,LOC000120,PRESENT_AT_INCIDENT,2025-07-24,FIR,0.72
P000096,LOC000120,PRESENT_AT_INCIDENT,2025-07-24,FIR,0.79
P000112,LOC000120,PRESENT_AT_INCIDENT,2025-07-24,FIR,0.66
P000277,LOC000063,PRESENT_AT_INCIDENT,2025-06-14,FIR,0.87
P000192,LOC000063,PRESENT_AT_INCIDENT,2025-06-14,FIR,0.62
P000246,LOC000063,PRESENT_AT_INCIDENT,2025-06-14,FIR,0.97
P000476,LOC000025,PRESENT_AT_INCIDENT,2021-11-26,FIR,0.65
P000489,LOC000025,PRESENT_AT_INCIDENT,2021-11-26,FIR,0.8
P000875,LOC000080,PRESENT_AT_INCIDENT,2026-06-07,FIR,0.66
P000866,LOC000080,PRESENT_AT_INCIDENT,2026-06-07,FIR,0.82
P000097,LOC000066,PRESENT_AT_INCIDENT,2025-11-16,FIR,0.95
P000103,LOC000066,PRESENT_AT_INCIDENT,2025-11-16,FIR,0.64
P000144,LOC000066,PRESENT_AT_INCIDENT,2025-11-16,FIR,0.64
P000616,LOC000089,PRESENT_AT_INCIDENT,2024-02-08,FIR,0.95
P000625,LOC000089,PRESENT_AT_INCIDENT,2024-02-08,FIR,0.71
P000508,LOC000035,PRESENT_AT_INCIDENT,2025-09-10,FIR,0.81
P000490,LOC000035,PRESENT_AT_INCIDENT,2025-09-10,FIR,0.72
P000989,LOC000109,PRESENT_AT_INCIDENT,2024-01-21,FIR,0.74
P000911,LOC000109,PRESENT_AT_INCIDENT,2024-01-21,FIR,0.78
P000885,LOC000109,PRESENT_AT_INCIDENT,2024-01-21,FIR,0.8
P000948,LOC000109,PRESENT_AT_INCIDENT,2024-01-21,FIR,0.85
P000102,LOC000063,PRESENT_AT_INCIDENT,2024-06-23,FIR,0.75
P000149,LOC000063,PRESENT_AT_INCIDENT,2024-06-23,FIR,0.85
P000956,LOC000049,PRESENT_AT_INCIDENT,2026-06-24,FIR,0.89
P000948,LOC000014,PRESENT_AT_INCIDENT,2024-12-01,FIR,0.89
P000895,LOC000014,PRESENT_AT_INCIDENT,2024-12-01,FIR,0.82
P000881,LOC000014,PRESENT_AT_INCIDENT,2024-12-01,FIR,0.95
P000769,LOC000019,PRESENT_AT_INCIDENT,2025-07-27,FIR,0.69
P000449,LOC000035,PRESENT_AT_INCIDENT,2021-12-16,FIR,0.94
P000470,LOC000035,PRESENT_AT_INCIDENT,2021-12-16,FIR,0.89
P000418,LOC000035,PRESENT_AT_INCIDENT,2021-12-16,FIR,0.8
P000452,LOC000035,PRESENT_AT_INCIDENT,2021-12-16,FIR,0.98
P000130,LOC000015,PRESENT_AT_INCIDENT,2023-03-08,FIR,0.75
P000167,LOC000015,PRESENT_AT_INCIDENT,2023-03-08,FIR,0.78
P000146,LOC000015,PRESENT_AT_INCIDENT,2023-03-08,FIR,0.76
P000673,LOC000038,PRESENT_AT_INCIDENT,2024-05-19,FIR,0.94
P000696,LOC000038,PRESENT_AT_INCIDENT,2024-05-19,FIR,0.96
P000703,LOC000038,PRESENT_AT_INCIDENT,2024-05-19,FIR,0.98
P000098,LOC000015,PRESENT_AT_INCIDENT,2026-06-17,FIR,0.75
P000116,LOC000015,PRESENT_AT_INCIDENT,2026-06-17,FIR,0.86
P000873,LOC000117,PRESENT_AT_INCIDENT,2019-09-20,FIR,0.73
P000863,LOC000117,PRESENT_AT_INCIDENT,2019-09-20,FIR,0.89
P000867,LOC000117,PRESENT_AT_INCIDENT,2019-09-20,FIR,0.72
P000847,LOC000117,PRESENT_AT_INCIDENT,2019-09-20,FIR,0.62
P000962,LOC000058,PRESENT_AT_INCIDENT,2026-02-20,FIR,0.69
P000911,LOC000058,PRESENT_AT_INCIDENT,2026-02-20,FIR,0.66
P000886,LOC000058,PRESENT_AT_INCIDENT,2026-02-20,FIR,0.72
P000887,LOC000058,PRESENT_AT_INCIDENT,2026-02-20,FIR,0.76
P000739,LOC000103,PRESENT_AT_INCIDENT,2024-02-06,FIR,0.61
P000717,LOC000103,PRESENT_AT_INCIDENT,2024-02-06,FIR,0.88
P000436,LOC000101,PRESENT_AT_INCIDENT,2022-12-30,FIR,0.82
P000149,LOC000055,PRESENT_AT_INCIDENT,2026-01-08,FIR,0.62
P000135,LOC000055,PRESENT_AT_INCIDENT,2026-01-08,FIR,0.72
P000132,LOC000055,PRESENT_AT_INCIDENT,2026-01-08,FIR,0.77
P000150,LOC000055,PRESENT_AT_INCIDENT,2026-01-08,FIR,0.69
P000124,LOC000055,PRESENT_AT_INCIDENT,2026-01-08,FIR,0.7
P000557,LOC000038,PRESENT_AT_INCIDENT,2023-01-29,FIR,0.71
P000539,LOC000038,PRESENT_AT_INCIDENT,2023-01-29,FIR,0.97
P000782,LOC000018,PRESENT_AT_INCIDENT,2026-05-16,FIR,0.74
P000552,LOC000039,PRESENT_AT_INCIDENT,2025-05-24,FIR,0.8
P000555,LOC000039,PRESENT_AT_INCIDENT,2025-05-24,FIR,0.62
P000813,LOC000028,PRESENT_AT_INCIDENT,2026-04-29,FIR,0.75
P000062,LOC000100,PRESENT_AT_INCIDENT,2024-08-31,FIR,0.67
P000758,LOC000084,PRESENT_AT_INCIDENT,2023-01-06,FIR,0.74
P000555,LOC000058,PRESENT_AT_INCIDENT,2024-11-24,FIR,0.89
P000677,LOC000039,PRESENT_AT_INCIDENT,2025-11-14,FIR,0.78
P000690,LOC000039,PRESENT_AT_INCIDENT,2025-11-14,FIR,0.68
P000702,LOC000039,PRESENT_AT_INCIDENT,2025-11-14,FIR,0.94
P000636,LOC000008,PRESENT_AT_INCIDENT,2024-10-19,FIR,0.97
P000031,LOC000099,PRESENT_AT_INCIDENT,2024-03-21,FIR,0.97
P000079,LOC000099,PRESENT_AT_INCIDENT,2024-03-21,FIR,0.65
P000046,LOC000099,PRESENT_AT_INCIDENT,2024-03-21,FIR,0.77
P000043,LOC000099,PRESENT_AT_INCIDENT,2024-03-21,FIR,0.63
P000065,LOC000099,PRESENT_AT_INCIDENT,2024-03-21,FIR,0.63
P000807,LOC000064,PRESENT_AT_INCIDENT,2025-09-29,FIR,0.97
P000841,LOC000064,PRESENT_AT_INCIDENT,2025-09-29,FIR,0.89
P000815,LOC000064,PRESENT_AT_INCIDENT,2025-09-29,FIR,0.88
P000874,LOC000088,PRESENT_AT_INCIDENT,2024-08-26,FIR,0.85
P000853,LOC000088,PRESENT_AT_INCIDENT,2024-08-26,FIR,0.67
P000581,LOC000114,PRESENT_AT_INCIDENT,2026-01-18,FIR,0.76
P000691,LOC000045,PRESENT_AT_INCIDENT,2024-08-03,FIR,0.63
P000144,LOC000055,PRESENT_AT_INCIDENT,2019-10-01,FIR,0.97
P000121,LOC000055,PRESENT_AT_INCIDENT,2019-10-01,FIR,0.89
P000105,LOC000055,PRESENT_AT_INCIDENT,2019-10-01,FIR,0.97
P000137,LOC000055,PRESENT_AT_INCIDENT,2019-10-01,FIR,0.67
P000114,LOC000055,PRESENT_AT_INCIDENT,2019-10-01,FIR,0.71
P000964,LOC000076,PRESENT_AT_INCIDENT,2024-05-09,FIR,0.92
P000961,LOC000076,PRESENT_AT_INCIDENT,2024-05-09,FIR,0.85
P000911,LOC000076,PRESENT_AT_INCIDENT,2024-05-09,FIR,0.96
P000923,LOC000076,PRESENT_AT_INCIDENT,2024-05-09,FIR,0.92
P000909,LOC000076,PRESENT_AT_INCIDENT,2024-05-09,FIR,0.9
P000890,LOC000124,PRESENT_AT_INCIDENT,2025-11-06,FIR,0.84
P000948,LOC000124,PRESENT_AT_INCIDENT,2025-11-06,FIR,0.97
P000671,LOC000037,PRESENT_AT_INCIDENT,2023-06-04,FIR,0.61
P000667,LOC000037,PRESENT_AT_INCIDENT,2023-06-04,FIR,0.61
P000674,LOC000037,PRESENT_AT_INCIDENT,2023-06-04,FIR,0.91
P000685,LOC000037,PRESENT_AT_INCIDENT,2023-06-04,FIR,0.8
P000689,LOC000037,PRESENT_AT_INCIDENT,2023-06-04,FIR,0.84
P000608,LOC000114,PRESENT_AT_INCIDENT,2021-11-07,FIR,0.62
P000589,LOC000114,PRESENT_AT_INCIDENT,2021-11-07,FIR,0.82
P000876,LOC000089,PRESENT_AT_INCIDENT,2025-07-20,FIR,0.6
P000882,LOC000124,PRESENT_AT_INCIDENT,2024-07-13,FIR,0.8
P000916,LOC000124,PRESENT_AT_INCIDENT,2024-07-13,FIR,0.74
P000928,LOC000124,PRESENT_AT_INCIDENT,2024-07-13,FIR,0.83
P000886,LOC000124,PRESENT_AT_INCIDENT,2024-07-13,FIR,0.65
P000972,LOC000124,PRESENT_AT_INCIDENT,2024-07-13,FIR,0.89
P000713,LOC000068,PRESENT_AT_INCIDENT,2022-10-27,FIR,0.94
P000761,LOC000068,PRESENT_AT_INCIDENT,2022-10-27,FIR,0.92
P000519,LOC000017,PRESENT_AT_INCIDENT,2023-12-29,FIR,0.67
P000517,LOC000043,PRESENT_AT_INCIDENT,2026-02-28,FIR,0.9
P000499,LOC000043,PRESENT_AT_INCIDENT,2026-02-28,FIR,0.83
P000516,LOC000043,PRESENT_AT_INCIDENT,2026-02-28,FIR,0.86
P000500,LOC000043,PRESENT_AT_INCIDENT,2026-02-28,FIR,0.91
P000494,LOC000043,PRESENT_AT_INCIDENT,2026-02-28,FIR,0.91
P000174,LOC000121,PRESENT_AT_INCIDENT,2026-06-21,FIR,0.79
P000109,LOC000121,PRESENT_AT_INCIDENT,2026-06-21,FIR,0.62
P000118,LOC000121,PRESENT_AT_INCIDENT,2026-06-21,FIR,0.85
P000095,LOC000121,PRESENT_AT_INCIDENT,2026-06-21,FIR,0.84
P000156,LOC000121,PRESENT_AT_INCIDENT,2026-06-21,FIR,0.92
P000796,LOC000039,PRESENT_AT_INCIDENT,2026-02-24,FIR,0.7
P000768,LOC000039,PRESENT_AT_INCIDENT,2026-02-24,FIR,0.71
P000773,LOC000039,PRESENT_AT_INCIDENT,2026-02-24,FIR,0.65
P000987,LOC000044,PRESENT_AT_INCIDENT,2024-01-15,FIR,0.79
P000891,LOC000044,PRESENT_AT_INCIDENT,2024-01-15,FIR,0.68
P000893,LOC000044,PRESENT_AT_INCIDENT,2024-01-15,FIR,0.61
P000966,LOC000122,PRESENT_AT_INCIDENT,2026-02-15,FIR,0.87
P000463,LOC000114,PRESENT_AT_INCIDENT,2022-06-25,FIR,0.66
P000058,LOC000018,PRESENT_AT_INCIDENT,2022-09-23,FIR,0.67
P000046,LOC000018,PRESENT_AT_INCIDENT,2022-09-23,FIR,0.66
P000091,LOC000018,PRESENT_AT_INCIDENT,2022-09-23,FIR,0.79
P000689,LOC000114,PRESENT_AT_INCIDENT,2026-03-14,FIR,0.67
P000859,LOC000052,PRESENT_AT_INCIDENT,2022-01-31,FIR,0.91
P000854,LOC000052,PRESENT_AT_INCIDENT,2022-01-31,FIR,0.86
P000697,LOC000115,PRESENT_AT_INCIDENT,2022-10-22,FIR,0.93
P000699,LOC000115,PRESENT_AT_INCIDENT,2022-10-22,FIR,0.66
P000676,LOC000115,PRESENT_AT_INCIDENT,2022-10-22,FIR,0.93
P000119,LOC000058,PRESENT_AT_INCIDENT,2022-02-26,FIR,0.67
P000174,LOC000058,PRESENT_AT_INCIDENT,2022-02-26,FIR,0.85
P000166,LOC000058,PRESENT_AT_INCIDENT,2022-02-26,FIR,0.65
P000156,LOC000064,PRESENT_AT_INCIDENT,2024-01-21,FIR,0.94
P000117,LOC000064,PRESENT_AT_INCIDENT,2024-01-21,FIR,0.83
P000869,LOC000090,PRESENT_AT_INCIDENT,2025-12-30,FIR,0.82
P000658,LOC000122,PRESENT_AT_INCIDENT,2024-06-15,FIR,0.94
P000622,LOC000122,PRESENT_AT_INCIDENT,2024-06-15,FIR,0.94
P000630,LOC000122,PRESENT_AT_INCIDENT,2024-06-15,FIR,0.66
P000846,LOC000097,PRESENT_AT_INCIDENT,2022-07-15,FIR,0.93
P000903,LOC000045,PRESENT_AT_INCIDENT,2023-09-16,FIR,0.8
P000889,LOC000085,PRESENT_AT_INCIDENT,2026-06-21,FIR,0.87
P000961,LOC000085,PRESENT_AT_INCIDENT,2026-06-21,FIR,0.68
P000896,LOC000085,PRESENT_AT_INCIDENT,2026-06-21,FIR,0.86
P000932,LOC000085,PRESENT_AT_INCIDENT,2026-06-21,FIR,0.71
P000890,LOC000085,PRESENT_AT_INCIDENT,2026-06-21,FIR,0.7
P000797,LOC000047,PRESENT_AT_INCIDENT,2025-04-24,FIR,0.75
P000496,LOC000032,PRESENT_AT_INCIDENT,2025-11-05,FIR,0.69
P000516,LOC000032,PRESENT_AT_INCIDENT,2025-11-05,FIR,0.88
P000062,LOC000072,PRESENT_AT_INCIDENT,2024-08-10,FIR,0.86
P000090,LOC000072,PRESENT_AT_INCIDENT,2024-08-10,FIR,0.64
P000101,LOC000120,PRESENT_AT_INCIDENT,2022-05-16,FIR,0.96
P000096,LOC000120,PRESENT_AT_INCIDENT,2022-05-16,FIR,0.78
P000151,LOC000120,PRESENT_AT_INCIDENT,2022-05-16,FIR,0.77
P000378,LOC000078,PRESENT_AT_INCIDENT,2024-11-16,FIR,0.97
P000392,LOC000078,PRESENT_AT_INCIDENT,2024-11-16,FIR,0.9
P000390,LOC000078,PRESENT_AT_INCIDENT,2024-11-16,FIR,0.94
P000528,LOC000065,PRESENT_AT_INCIDENT,2025-04-27,FIR,0.77
P000894,LOC000118,PRESENT_AT_INCIDENT,2025-04-25,FIR,0.81
P000672,LOC000110,PRESENT_AT_INCIDENT,2025-02-25,FIR,0.73
P000670,LOC000110,PRESENT_AT_INCIDENT,2025-02-25,FIR,0.94
P000684,LOC000110,PRESENT_AT_INCIDENT,2025-02-25,FIR,0.72
P000668,LOC000110,PRESENT_AT_INCIDENT,2025-02-25,FIR,0.88
P000686,LOC000110,PRESENT_AT_INCIDENT,2025-02-25,FIR,0.79
P000105,LOC000066,PRESENT_AT_INCIDENT,2025-11-24,FIR,0.69
P000128,LOC000066,PRESENT_AT_INCIDENT,2025-11-24,FIR,0.85
P000906,LOC000045,PRESENT_AT_INCIDENT,2025-11-16,FIR,0.84
P000686,LOC000045,PRESENT_AT_INCIDENT,2026-03-07,FIR,0.74
P000684,LOC000045,PRESENT_AT_INCIDENT,2026-03-07,FIR,0.87
P000671,LOC000050,PRESENT_AT_INCIDENT,2019-11-26,FIR,0.87
P000691,LOC000050,PRESENT_AT_INCIDENT,2019-11-26,FIR,0.88
P000679,LOC000050,PRESENT_AT_INCIDENT,2019-11-26,FIR,0.7
P000681,LOC000050,PRESENT_AT_INCIDENT,2019-11-26,FIR,0.81
P000290,LOC000049,PRESENT_AT_INCIDENT,2024-03-07,FIR,0.64
P000355,LOC000049,PRESENT_AT_INCIDENT,2024-03-07,FIR,0.81
P000317,LOC000049,PRESENT_AT_INCIDENT,2024-03-07,FIR,0.81
P000138,LOC000067,PRESENT_AT_INCIDENT,2026-02-24,FIR,0.88
P000140,LOC000067,PRESENT_AT_INCIDENT,2026-02-24,FIR,0.96
P000148,LOC000067,PRESENT_AT_INCIDENT,2026-02-24,FIR,0.68
P000014,LOC000014,PRESENT_AT_INCIDENT,2025-01-25,FIR,0.92
P000068,LOC000014,PRESENT_AT_INCIDENT,2025-01-25,FIR,0.91
P000016,LOC000014,PRESENT_AT_INCIDENT,2025-01-25,FIR,0.77
P000507,LOC000080,PRESENT_AT_INCIDENT,2024-07-04,FIR,0.64
P000511,LOC000080,PRESENT_AT_INCIDENT,2024-07-04,FIR,0.72
P000477,LOC000080,PRESENT_AT_INCIDENT,2024-07-04,FIR,0.83
P000508,LOC000080,PRESENT_AT_INCIDENT,2024-07-04,FIR,0.81
P000490,LOC000080,PRESENT_AT_INCIDENT,2024-07-04,FIR,0.82
P000512,LOC000080,PRESENT_AT_INCIDENT,2024-07-04,FIR,0.62
P000513,LOC000080,PRESENT_AT_INCIDENT,2024-07-04,FIR,0.96
P000997,LOC000063,PRESENT_AT_INCIDENT,2018-09-11,FIR,0.9
P000928,LOC000063,PRESENT_AT_INCIDENT,2018-09-11,FIR,0.92
P000913,LOC000063,PRESENT_AT_INCIDENT,2018-09-11,FIR,0.82
P000920,LOC000063,PRESENT_AT_INCIDENT,2018-09-11,FIR,0.72
P000884,LOC000101,PRESENT_AT_INCIDENT,2024-11-05,FIR,0.68
P000908,LOC000101,PRESENT_AT_INCIDENT,2024-11-05,FIR,0.66
P000743,LOC000004,PRESENT_AT_INCIDENT,2019-02-17,FIR,0.83
P000934,LOC000070,PRESENT_AT_INCIDENT,2024-02-09,FIR,0.83
P000951,LOC000070,PRESENT_AT_INCIDENT,2024-02-09,FIR,0.8
P000914,LOC000070,PRESENT_AT_INCIDENT,2024-02-09,FIR,0.84
P000954,LOC000070,PRESENT_AT_INCIDENT,2024-02-09,FIR,0.68
P000947,LOC000070,PRESENT_AT_INCIDENT,2024-02-09,FIR,0.74
P000941,LOC000070,PRESENT_AT_INCIDENT,2024-02-09,FIR,0.71
P000972,LOC000070,PRESENT_AT_INCIDENT,2024-02-09,FIR,0.7
P000513,LOC000031,PRESENT_AT_INCIDENT,2025-04-01,FIR,0.67
P000517,LOC000036,PRESENT_AT_INCIDENT,2025-02-04,FIR,0.91
P000924,LOC000124,PRESENT_AT_INCIDENT,2025-01-13,FIR,0.72
P000890,LOC000124,PRESENT_AT_INCIDENT,2025-01-13,FIR,0.89
P000899,LOC000124,PRESENT_AT_INCIDENT,2025-01-13,FIR,0.94
P000928,LOC000124,PRESENT_AT_INCIDENT,2025-01-13,FIR,0.83
P000912,LOC000124,PRESENT_AT_INCIDENT,2025-01-13,FIR,0.81
P000936,LOC000124,PRESENT_AT_INCIDENT,2025-01-13,FIR,0.96
P000933,LOC000124,PRESENT_AT_INCIDENT,2025-01-13,FIR,0.77
P000987,LOC000087,PRESENT_AT_INCIDENT,2022-07-11,FIR,0.64
P000971,LOC000087,PRESENT_AT_INCIDENT,2022-07-11,FIR,0.83
P000860,LOC000092,PRESENT_AT_INCIDENT,2025-12-16,FIR,0.61
P000852,LOC000092,PRESENT_AT_INCIDENT,2025-12-16,FIR,0.81
P000876,LOC000092,PRESENT_AT_INCIDENT,2025-12-16,FIR,0.65
P000673,LOC000038,PRESENT_AT_INCIDENT,2024-08-08,FIR,0.95
P000693,LOC000038,PRESENT_AT_INCIDENT,2024-08-08,FIR,0.81
P000576,LOC000114,PRESENT_AT_INCIDENT,2026-03-11,FIR,0.71
P000118,LOC000021,PRESENT_AT_INCIDENT,2023-03-01,FIR,0.9
P000160,LOC000021,PRESENT_AT_INCIDENT,2023-03-01,FIR,0.97
P000127,LOC000021,PRESENT_AT_INCIDENT,2023-03-01,FIR,0.75
P000140,LOC000021,PRESENT_AT_INCIDENT,2023-03-01,FIR,0.64
P000159,LOC000021,PRESENT_AT_INCIDENT,2023-03-01,FIR,0.93
P000166,LOC000021,PRESENT_AT_INCIDENT,2023-03-01,FIR,0.9
P000130,LOC000021,PRESENT_AT_INCIDENT,2023-03-01,FIR,0.91
P000371,LOC000040,PRESENT_AT_INCIDENT,2026-03-26,FIR,0.81
P000773,LOC000050,PRESENT_AT_INCIDENT,2024-11-24,FIR,0.94
P000791,LOC000050,PRESENT_AT_INCIDENT,2024-11-24,FIR,0.7
P000775,LOC000050,PRESENT_AT_INCIDENT,2024-11-24,FIR,0.91
P000865,LOC000116,PRESENT_AT_INCIDENT,2025-08-05,FIR,0.62
P000866,LOC000116,PRESENT_AT_INCIDENT,2025-08-05,FIR,0.83
P000876,LOC000116,PRESENT_AT_INCIDENT,2025-08-05,FIR,0.83
P000030,LOC000001,PRESENT_AT_INCIDENT,2019-12-18,FIR,0.95
P000057,LOC000001,PRESENT_AT_INCIDENT,2019-12-18,FIR,0.89
P000084,LOC000001,PRESENT_AT_INCIDENT,2019-12-18,FIR,0.78
P000047,LOC000001,PRESENT_AT_INCIDENT,2019-12-18,FIR,0.66
P000148,LOC000021,PRESENT_AT_INCIDENT,2021-04-26,FIR,0.65
P000117,LOC000021,PRESENT_AT_INCIDENT,2021-04-26,FIR,0.94
P000104,LOC000021,PRESENT_AT_INCIDENT,2021-04-26,FIR,0.74
P000141,LOC000021,PRESENT_AT_INCIDENT,2021-04-26,FIR,0.96
P000147,LOC000021,PRESENT_AT_INCIDENT,2021-04-26,FIR,0.64
P000879,LOC000117,PRESENT_AT_INCIDENT,2026-04-18,FIR,0.92
P000854,LOC000117,PRESENT_AT_INCIDENT,2026-04-18,FIR,0.83
P000876,LOC000117,PRESENT_AT_INCIDENT,2026-04-18,FIR,0.84
P000880,LOC000117,PRESENT_AT_INCIDENT,2026-04-18,FIR,0.91
P000495,LOC000009,PRESENT_AT_INCIDENT,2025-04-15,FIR,0.81
P000383,LOC000031,PRESENT_AT_INCIDENT,2021-09-04,FIR,0.74
P000395,LOC000031,PRESENT_AT_INCIDENT,2021-09-04,FIR,0.9
P000382,LOC000031,PRESENT_AT_INCIDENT,2021-09-04,FIR,0.9
P000315,LOC000050,PRESENT_AT_INCIDENT,2025-10-09,FIR,0.8
P000300,LOC000050,PRESENT_AT_INCIDENT,2025-10-09,FIR,0.66
P000325,LOC000050,PRESENT_AT_INCIDENT,2025-10-09,FIR,0.79
P000337,LOC000050,PRESENT_AT_INCIDENT,2025-10-09,FIR,0.83
P000338,LOC000050,PRESENT_AT_INCIDENT,2025-10-09,FIR,0.94
P000690,LOC000036,PRESENT_AT_INCIDENT,2025-08-12,FIR,0.94
P000695,LOC000036,PRESENT_AT_INCIDENT,2025-08-12,FIR,0.77
P000692,LOC000036,PRESENT_AT_INCIDENT,2025-08-12,FIR,0.83
P000709,LOC000036,PRESENT_AT_INCIDENT,2025-08-12,FIR,0.97
P000678,LOC000036,PRESENT_AT_INCIDENT,2025-08-12,FIR,0.92
P000754,LOC000018,PRESENT_AT_INCIDENT,2026-05-09,FIR,0.68
P000750,LOC000018,PRESENT_AT_INCIDENT,2026-05-09,FIR,0.78
P000548,LOC000057,PRESENT_AT_INCIDENT,2026-02-06,FIR,0.92
P000560,LOC000057,PRESENT_AT_INCIDENT,2026-02-06,FIR,0.88
P000522,LOC000057,PRESENT_AT_INCIDENT,2026-02-06,FIR,0.87
P000529,LOC000057,PRESENT_AT_INCIDENT,2026-02-06,FIR,0.84
P000551,LOC000057,PRESENT_AT_INCIDENT,2026-02-06,FIR,0.83
P000442,LOC000103,PRESENT_AT_INCIDENT,2022-05-12,FIR,0.94
P000421,LOC000103,PRESENT_AT_INCIDENT,2022-05-12,FIR,0.91
P000477,LOC000032,PRESENT_AT_INCIDENT,2026-04-22,FIR,0.97
P000489,LOC000032,PRESENT_AT_INCIDENT,2026-04-22,FIR,0.79
P000930,LOC000114,PRESENT_AT_INCIDENT,2022-10-22,FIR,0.85
P000905,LOC000114,PRESENT_AT_INCIDENT,2022-10-22,FIR,0.97
P000900,LOC000114,PRESENT_AT_INCIDENT,2022-10-22,FIR,0.89
P000586,LOC000016,PRESENT_AT_INCIDENT,2023-05-06,FIR,0.87
P000585,LOC000016,PRESENT_AT_INCIDENT,2023-05-06,FIR,0.96
P000576,LOC000016,PRESENT_AT_INCIDENT,2023-05-06,FIR,0.72
P000597,LOC000016,PRESENT_AT_INCIDENT,2023-05-06,FIR,0.68
P000606,LOC000016,PRESENT_AT_INCIDENT,2023-05-06,FIR,0.93
P000584,LOC000016,PRESENT_AT_INCIDENT,2023-05-06,FIR,0.81
P000595,LOC000016,PRESENT_AT_INCIDENT,2023-05-06,FIR,0.87
P000673,LOC000042,PRESENT_AT_INCIDENT,2025-07-23,FIR,0.74
P000710,LOC000042,PRESENT_AT_INCIDENT,2025-07-23,FIR,0.95
P000692,LOC000042,PRESENT_AT_INCIDENT,2025-07-23,FIR,0.7
P000989,LOC000095,PRESENT_AT_INCIDENT,2021-10-16,FIR,0.77
P000995,LOC000095,PRESENT_AT_INCIDENT,2021-10-16,FIR,0.65
P000930,LOC000095,PRESENT_AT_INCIDENT,2021-10-16,FIR,0.91
P000885,LOC000079,PRESENT_AT_INCIDENT,2020-05-18,FIR,0.9
P000996,LOC000079,PRESENT_AT_INCIDENT,2020-05-18,FIR,0.67
P000829,LOC000066,PRESENT_AT_INCIDENT,2024-01-18,FIR,0.66
P000820,LOC000066,PRESENT_AT_INCIDENT,2024-01-18,FIR,0.66
P000038,LOC000102,PRESENT_AT_INCIDENT,2026-05-12,FIR,0.87
P000083,LOC000102,PRESENT_AT_INCIDENT,2026-05-12,FIR,0.86
P000015,LOC000102,PRESENT_AT_INCIDENT,2026-05-12,FIR,0.7
P000050,LOC000102,PRESENT_AT_INCIDENT,2026-05-12,FIR,0.73
P000436,LOC000099,PRESENT_AT_INCIDENT,2025-03-18,FIR,0.81
P000420,LOC000099,PRESENT_AT_INCIDENT,2025-03-18,FIR,0.63
P000424,LOC000099,PRESENT_AT_INCIDENT,2025-03-18,FIR,0.65
P000431,LOC000099,PRESENT_AT_INCIDENT,2025-03-18,FIR,0.97
P000771,LOC000034,PRESENT_AT_INCIDENT,2023-03-31,FIR,0.73
P000786,LOC000034,PRESENT_AT_INCIDENT,2023-03-31,FIR,0.92
P000768,LOC000034,PRESENT_AT_INCIDENT,2023-03-31,FIR,0.82
P000777,LOC000034,PRESENT_AT_INCIDENT,2023-03-31,FIR,0.77
P000586,LOC000048,PRESENT_AT_INCIDENT,2025-11-25,FIR,0.87
P000592,LOC000048,PRESENT_AT_INCIDENT,2025-11-25,FIR,0.79
P000587,LOC000048,PRESENT_AT_INCIDENT,2025-11-25,FIR,0.61
P000603,LOC000048,PRESENT_AT_INCIDENT,2025-11-25,FIR,0.66
P000469,LOC000061,PRESENT_AT_INCIDENT,2025-08-17,FIR,0.63
P000452,LOC000061,PRESENT_AT_INCIDENT,2025-08-17,FIR,0.69
P000374,LOC000096,PRESENT_AT_INCIDENT,2022-12-19,FIR,0.69
P000385,LOC000096,PRESENT_AT_INCIDENT,2022-12-19,FIR,0.62
P000410,LOC000096,PRESENT_AT_INCIDENT,2022-12-19,FIR,0.91
P000879,LOC000080,PRESENT_AT_INCIDENT,2024-05-26,FIR,0.81
P000853,LOC000080,PRESENT_AT_INCIDENT,2024-05-26,FIR,0.72
P000118,LOC000120,PRESENT_AT_INCIDENT,2024-03-14,FIR,0.85
P000151,LOC000120,PRESENT_AT_INCIDENT,2024-03-14,FIR,0.95
P000299,LOC000084,PRESENT_AT_INCIDENT,2026-04-10,FIR,0.95
P000290,LOC000084,PRESENT_AT_INCIDENT,2026-04-10,FIR,0.87
P000327,LOC000084,PRESENT_AT_INCIDENT,2026-04-10,FIR,0.76
P000336,LOC000084,PRESENT_AT_INCIDENT,2026-04-10,FIR,0.73
P000123,LOC000019,PRESENT_AT_INCIDENT,2022-07-08,FIR,0.79
P000490,LOC000047,PRESENT_AT_INCIDENT,2023-05-27,FIR,0.73
P000508,LOC000047,PRESENT_AT_INCIDENT,2023-05-27,FIR,0.78
P000483,LOC000047,PRESENT_AT_INCIDENT,2023-05-27,FIR,0.7
P000481,LOC000047,PRESENT_AT_INCIDENT,2023-05-27,FIR,0.92
P000338,LOC000002,PRESENT_AT_INCIDENT,2025-04-09,FIR,0.95
P000355,LOC000002,PRESENT_AT_INCIDENT,2025-04-09,FIR,0.84
P000312,LOC000002,PRESENT_AT_INCIDENT,2025-04-09,FIR,0.9
P000810,LOC000004,PRESENT_AT_INCIDENT,2026-06-07,FIR,0.67
P000894,LOC000015,PRESENT_AT_INCIDENT,2025-12-26,FIR,0.71
P000951,LOC000015,PRESENT_AT_INCIDENT,2025-12-26,FIR,0.94
P000849,LOC000019,PRESENT_AT_INCIDENT,2022-04-23,FIR,0.67
P000861,LOC000019,PRESENT_AT_INCIDENT,2022-04-23,FIR,0.84
P000854,LOC000019,PRESENT_AT_INCIDENT,2022-04-23,FIR,0.94
P000878,LOC000019,PRESENT_AT_INCIDENT,2022-04-23,FIR,0.69
P000876,LOC000019,PRESENT_AT_INCIDENT,2022-04-23,FIR,0.87
P000422,LOC000018,PRESENT_AT_INCIDENT,2022-12-15,FIR,0.61
P000438,LOC000018,PRESENT_AT_INCIDENT,2022-12-15,FIR,0.87
P000419,LOC000018,PRESENT_AT_INCIDENT,2022-12-15,FIR,0.98
P000427,LOC000018,PRESENT_AT_INCIDENT,2022-12-15,FIR,0.78
P000963,LOC000119,PRESENT_AT_INCIDENT,2025-06-12,FIR,0.62
P000900,LOC000119,PRESENT_AT_INCIDENT,2025-06-12,FIR,0.71
P000923,LOC000119,PRESENT_AT_INCIDENT,2025-06-12,FIR,0.64
P000960,LOC000119,PRESENT_AT_INCIDENT,2025-06-12,FIR,0.68
P000926,LOC000119,PRESENT_AT_INCIDENT,2025-06-12,FIR,0.96
P000929,LOC000119,PRESENT_AT_INCIDENT,2025-06-12,FIR,0.98
P000943,LOC000119,PRESENT_AT_INCIDENT,2025-06-12,FIR,0.79
P000491,LOC000005,PRESENT_AT_INCIDENT,2026-03-20,FIR,0.64
P000479,LOC000005,PRESENT_AT_INCIDENT,2026-03-20,FIR,0.66
P000759,LOC000086,PRESENT_AT_INCIDENT,2025-05-16,FIR,0.85
P000673,LOC000114,PRESENT_AT_INCIDENT,2025-04-11,FIR,0.73
P000679,LOC000114,PRESENT_AT_INCIDENT,2025-04-11,FIR,0.64
P000990,LOC000011,PRESENT_AT_INCIDENT,2025-04-10,FIR,0.97
P000840,LOC000066,PRESENT_AT_INCIDENT,2025-11-26,FIR,0.91
P000835,LOC000066,PRESENT_AT_INCIDENT,2025-11-26,FIR,0.74
P000806,LOC000066,PRESENT_AT_INCIDENT,2025-11-26,FIR,0.94
P000763,LOC000076,PRESENT_AT_INCIDENT,2026-03-14,FIR,0.87
P000742,LOC000076,PRESENT_AT_INCIDENT,2026-03-14,FIR,0.71
P000739,LOC000076,PRESENT_AT_INCIDENT,2026-03-14,FIR,0.81
P000730,LOC000076,PRESENT_AT_INCIDENT,2026-03-14,FIR,0.85
P000723,LOC000076,PRESENT_AT_INCIDENT,2026-03-14,FIR,0.77
P000747,LOC000070,PRESENT_AT_INCIDENT,2024-06-13,FIR,0.91
P000717,LOC000070,PRESENT_AT_INCIDENT,2024-06-13,FIR,0.94
P000729,LOC000070,PRESENT_AT_INCIDENT,2024-06-13,FIR,0.96
P000741,LOC000070,PRESENT_AT_INCIDENT,2024-06-13,FIR,0.7
P000109,LOC000064,PRESENT_AT_INCIDENT,2024-07-30,FIR,0.85
P000538,LOC000028,PRESENT_AT_INCIDENT,2026-01-23,FIR,0.69
P000561,LOC000028,PRESENT_AT_INCIDENT,2026-01-23,FIR,0.77
P000534,LOC000028,PRESENT_AT_INCIDENT,2026-01-23,FIR,0.62
P000414,LOC000038,PRESENT_AT_INCIDENT,2025-05-06,FIR,0.85
P000380,LOC000038,PRESENT_AT_INCIDENT,2025-05-06,FIR,0.62
P000410,LOC000038,PRESENT_AT_INCIDENT,2025-05-06,FIR,0.7
P000364,LOC000038,PRESENT_AT_INCIDENT,2025-05-06,FIR,0.68
P000385,LOC000038,PRESENT_AT_INCIDENT,2025-05-06,FIR,0.72
P000439,LOC000061,PRESENT_AT_INCIDENT,2020-01-03,FIR,0.88
P000470,LOC000061,PRESENT_AT_INCIDENT,2020-01-03,FIR,0.64
P000909,LOC000074,PRESENT_AT_INCIDENT,2024-02-21,FIR,0.73
P000960,LOC000074,PRESENT_AT_INCIDENT,2024-02-21,FIR,0.92
P000928,LOC000074,PRESENT_AT_INCIDENT,2024-02-21,FIR,0.96
P000953,LOC000074,PRESENT_AT_INCIDENT,2024-02-21,FIR,0.72
P000994,LOC000008,PRESENT_AT_INCIDENT,2025-08-04,FIR,0.96
P000949,LOC000008,PRESENT_AT_INCIDENT,2025-08-04,FIR,0.65
P000413,LOC000030,PRESENT_AT_INCIDENT,2021-06-22,FIR,0.87
P000393,LOC000030,PRESENT_AT_INCIDENT,2021-06-22,FIR,0.82
P000379,LOC000030,PRESENT_AT_INCIDENT,2021-06-22,FIR,0.66
P000392,LOC000030,PRESENT_AT_INCIDENT,2021-06-22,FIR,0.81
P000683,LOC000046,PRESENT_AT_INCIDENT,2019-09-05,FIR,0.7
P000710,LOC000046,PRESENT_AT_INCIDENT,2019-09-05,FIR,0.8
P000667,LOC000046,PRESENT_AT_INCIDENT,2019-09-05,FIR,0.88
P000693,LOC000046,PRESENT_AT_INCIDENT,2019-09-05,FIR,0.94
P000771,LOC000042,PRESENT_AT_INCIDENT,2026-06-08,FIR,0.73
P000928,LOC000123,PRESENT_AT_INCIDENT,2025-11-29,FIR,0.76
P000970,LOC000123,PRESENT_AT_INCIDENT,2025-11-29,FIR,0.94
P000888,LOC000010,PRESENT_AT_INCIDENT,2025-03-28,FIR,0.82
P000960,LOC000010,PRESENT_AT_INCIDENT,2025-03-28,FIR,0.84
P000981,LOC000010,PRESENT_AT_INCIDENT,2025-03-28,FIR,0.94
P000887,LOC000124,PRESENT_AT_INCIDENT,2022-01-31,FIR,0.7
P000929,LOC000124,PRESENT_AT_INCIDENT,2022-01-31,FIR,0.93
P000962,LOC000124,PRESENT_AT_INCIDENT,2022-01-31,FIR,0.86
P000945,LOC000124,PRESENT_AT_INCIDENT,2022-01-31,FIR,0.71
P000803,LOC000024,PRESENT_AT_INCIDENT,2026-05-29,FIR,0.75
P000812,LOC000024,PRESENT_AT_INCIDENT,2026-05-29,FIR,0.71
P000844,LOC000024,PRESENT_AT_INCIDENT,2026-05-29,FIR,0.71
P000830,LOC000024,PRESENT_AT_INCIDENT,2026-05-29,FIR,0.83
P000849,LOC000094,PRESENT_AT_INCIDENT,2025-01-24,FIR,0.78
P000865,LOC000094,PRESENT_AT_INCIDENT,2025-01-24,FIR,0.87
P000877,LOC000094,PRESENT_AT_INCIDENT,2025-01-24,FIR,0.82
P000846,LOC000094,PRESENT_AT_INCIDENT,2025-01-24,FIR,0.87
P000866,LOC000094,PRESENT_AT_INCIDENT,2025-01-24,FIR,0.88
P000238,LOC000017,PRESENT_AT_INCIDENT,2023-08-05,FIR,0.62
P000283,LOC000017,PRESENT_AT_INCIDENT,2023-08-05,FIR,0.74
P000253,LOC000017,PRESENT_AT_INCIDENT,2023-08-05,FIR,0.7
P000197,LOC000017,PRESENT_AT_INCIDENT,2023-08-05,FIR,0.96
P000525,LOC000019,PRESENT_AT_INCIDENT,2020-10-30,FIR,0.63
P000565,LOC000019,PRESENT_AT_INCIDENT,2020-10-30,FIR,0.82
P000562,LOC000019,PRESENT_AT_INCIDENT,2020-10-30,FIR,0.65
P000533,LOC000019,PRESENT_AT_INCIDENT,2020-10-30,FIR,0.81
P000554,LOC000019,PRESENT_AT_INCIDENT,2020-10-30,FIR,0.88
P000487,LOC000047,PRESENT_AT_INCIDENT,2024-08-04,FIR,0.77
P000491,LOC000047,PRESENT_AT_INCIDENT,2024-08-04,FIR,0.85
P000492,LOC000047,PRESENT_AT_INCIDENT,2024-08-04,FIR,0.96
P000513,LOC000047,PRESENT_AT_INCIDENT,2024-08-04,FIR,0.94
P000515,LOC000047,PRESENT_AT_INCIDENT,2024-08-04,FIR,0.97
P000131,LOC000064,PRESENT_AT_INCIDENT,2024-12-08,FIR,0.94
P000722,LOC000075,PRESENT_AT_INCIDENT,2025-02-21,FIR,0.85
P000715,LOC000075,PRESENT_AT_INCIDENT,2025-02-21,FIR,0.91
P000548,LOC000067,PRESENT_AT_INCIDENT,2025-08-25,FIR,0.89
P000995,LOC000117,PRESENT_AT_INCIDENT,2025-02-18,FIR,0.83
P000919,LOC000117,PRESENT_AT_INCIDENT,2025-02-18,FIR,0.87
P000936,LOC000117,PRESENT_AT_INCIDENT,2025-02-18,FIR,0.69
P000884,LOC000117,PRESENT_AT_INCIDENT,2025-02-18,FIR,0.9
P000823,LOC000081,PRESENT_AT_INCIDENT,2024-02-09,FIR,0.7
P000808,LOC000081,PRESENT_AT_INCIDENT,2024-02-09,FIR,0.7
P000826,LOC000081,PRESENT_AT_INCIDENT,2024-02-09,FIR,0.67
P000170,LOC000067,PRESENT_AT_INCIDENT,2025-07-20,FIR,0.93
P000101,LOC000067,PRESENT_AT_INCIDENT,2025-07-20,FIR,0.61
P000119,LOC000067,PRESENT_AT_INCIDENT,2025-07-20,FIR,0.92
P000162,LOC000067,PRESENT_AT_INCIDENT,2025-07-20,FIR,0.67
P000948,LOC000107,PRESENT_AT_INCIDENT,2025-02-09,FIR,0.69
P000814,LOC000066,PRESENT_AT_INCIDENT,2026-01-17,FIR,0.93
P000820,LOC000066,PRESENT_AT_INCIDENT,2026-01-17,FIR,0.87
P000803,LOC000066,PRESENT_AT_INCIDENT,2026-01-17,FIR,0.93
P000123,LOC000121,PRESENT_AT_INCIDENT,2021-11-25,FIR,0.85
P000172,LOC000121,PRESENT_AT_INCIDENT,2021-11-25,FIR,0.93
P000157,LOC000121,PRESENT_AT_INCIDENT,2021-11-25,FIR,0.74
P000149,LOC000121,PRESENT_AT_INCIDENT,2021-11-25,FIR,0.79
P000121,LOC000121,PRESENT_AT_INCIDENT,2021-11-25,FIR,0.83
P000129,LOC000121,PRESENT_AT_INCIDENT,2021-11-25,FIR,0.94
P000096,LOC000121,PRESENT_AT_INCIDENT,2021-11-25,FIR,0.64
P000142,LOC000059,PRESENT_AT_INCIDENT,2024-02-06,FIR,0.75
P000160,LOC000059,PRESENT_AT_INCIDENT,2024-02-06,FIR,0.8
P000121,LOC000059,PRESENT_AT_INCIDENT,2024-02-06,FIR,0.79
P000539,LOC000026,PRESENT_AT_INCIDENT,2026-06-27,FIR,0.62
P000551,LOC000026,PRESENT_AT_INCIDENT,2026-06-27,FIR,0.84
P000566,LOC000026,PRESENT_AT_INCIDENT,2026-06-27,FIR,0.82
P000497,LOC000082,PRESENT_AT_INCIDENT,2026-04-05,FIR,0.68
P000491,LOC000082,PRESENT_AT_INCIDENT,2026-04-05,FIR,0.89
P000492,LOC000082,PRESENT_AT_INCIDENT,2026-04-05,FIR,0.91
P000507,LOC000082,PRESENT_AT_INCIDENT,2026-04-05,FIR,0.82
P000490,LOC000082,PRESENT_AT_INCIDENT,2026-04-05,FIR,0.97
P000484,LOC000082,PRESENT_AT_INCIDENT,2026-04-05,FIR,0.78
P000472,LOC000082,PRESENT_AT_INCIDENT,2026-04-05,FIR,0.74
P000907,LOC000069,PRESENT_AT_INCIDENT,2026-02-16,FIR,0.85
P000536,LOC000059,PRESENT_AT_INCIDENT,2026-01-04,FIR,0.91
P000551,LOC000059,PRESENT_AT_INCIDENT,2026-01-04,FIR,0.66
P000758,LOC000103,PRESENT_AT_INCIDENT,2023-07-04,FIR,0.92
P000745,LOC000103,PRESENT_AT_INCIDENT,2023-07-04,FIR,0.81
P000720,LOC000103,PRESENT_AT_INCIDENT,2023-07-04,FIR,0.84
P000849,LOC000079,PRESENT_AT_INCIDENT,2026-03-10,FIR,0.74
P000874,LOC000079,PRESENT_AT_INCIDENT,2026-03-10,FIR,0.71
P000853,LOC000079,PRESENT_AT_INCIDENT,2026-03-10,FIR,0.82
P000403,LOC000035,PRESENT_AT_INCIDENT,2023-12-19,FIR,0.65
P000989,LOC000043,PRESENT_AT_INCIDENT,2022-05-14,FIR,0.85
P000887,LOC000043,PRESENT_AT_INCIDENT,2022-05-14,FIR,0.88
P000961,LOC000043,PRESENT_AT_INCIDENT,2022-05-14,FIR,0.8
P000986,LOC000043,PRESENT_AT_INCIDENT,2022-05-14,FIR,0.94
P000603,LOC000023,PRESENT_AT_INCIDENT,2025-01-29,FIR,0.95
P000575,LOC000023,PRESENT_AT_INCIDENT,2025-01-29,FIR,0.75
P000606,LOC000023,PRESENT_AT_INCIDENT,2025-01-29,FIR,0.84
P000547,LOC000019,PRESENT_AT_INCIDENT,2026-03-24,FIR,0.91
P000559,LOC000019,PRESENT_AT_INCIDENT,2026-03-24,FIR,0.79
P000582,LOC000113,PRESENT_AT_INCIDENT,2024-12-24,FIR,0.61
P000972,LOC000125,PRESENT_AT_INCIDENT,2026-03-29,FIR,0.82
P000960,LOC000125,PRESENT_AT_INCIDENT,2026-03-29,FIR,0.96
P000968,LOC000125,PRESENT_AT_INCIDENT,2026-03-29,FIR,0.81
P000901,LOC000125,PRESENT_AT_INCIDENT,2026-03-29,FIR,0.74
P000522,LOC000068,PRESENT_AT_INCIDENT,2026-03-01,FIR,0.94
P000562,LOC000068,PRESENT_AT_INCIDENT,2026-03-01,FIR,0.98
P000557,LOC000068,PRESENT_AT_INCIDENT,2026-03-01,FIR,0.92
P000552,LOC000068,PRESENT_AT_INCIDENT,2026-03-01,FIR,0.65
P000545,LOC000068,PRESENT_AT_INCIDENT,2026-03-01,FIR,0.86
P000534,LOC000068,PRESENT_AT_INCIDENT,2026-03-01,FIR,0.81
P000548,LOC000068,PRESENT_AT_INCIDENT,2026-03-01,FIR,0.82
P000170,LOC000120,PRESENT_AT_INCIDENT,2022-09-22,FIR,0.63
P000454,LOC000052,PRESENT_AT_INCIDENT,2025-02-25,FIR,0.82
P000450,LOC000052,PRESENT_AT_INCIDENT,2025-02-25,FIR,0.83
P000479,LOC000082,PRESENT_AT_INCIDENT,2025-05-28,FIR,0.85
P000557,LOC000038,PRESENT_AT_INCIDENT,2025-09-11,FIR,0.73
P000542,LOC000026,PRESENT_AT_INCIDENT,2025-12-16,FIR,0.62
P000212,LOC000038,PRESENT_AT_INCIDENT,2025-11-19,FIR,0.6
P000872,LOC000098,PRESENT_AT_INCIDENT,2019-11-02,FIR,0.71
P000862,LOC000098,PRESENT_AT_INCIDENT,2019-11-02,FIR,0.61
P000869,LOC000098,PRESENT_AT_INCIDENT,2019-11-02,FIR,0.72
P000859,LOC000098,PRESENT_AT_INCIDENT,2019-11-02,FIR,0.93
P000152,LOC000069,PRESENT_AT_INCIDENT,2024-11-20,FIR,0.82
P000539,LOC000031,PRESENT_AT_INCIDENT,2024-12-06,FIR,0.97
P000931,LOC000027,PRESENT_AT_INCIDENT,2020-09-15,FIR,0.76
P000968,LOC000027,PRESENT_AT_INCIDENT,2020-09-15,FIR,0.73
P000988,LOC000027,PRESENT_AT_INCIDENT,2020-09-15,FIR,0.87
P000674,LOC000053,PRESENT_AT_INCIDENT,2020-12-26,FIR,0.6
P000673,LOC000053,PRESENT_AT_INCIDENT,2020-12-26,FIR,0.78
P000667,LOC000053,PRESENT_AT_INCIDENT,2020-12-26,FIR,0.93
P000685,LOC000053,PRESENT_AT_INCIDENT,2020-12-26,FIR,0.97
P000018,LOC000019,PRESENT_AT_INCIDENT,2024-06-11,FIR,0.93
P000022,LOC000019,PRESENT_AT_INCIDENT,2024-06-11,FIR,0.81
P000038,LOC000019,PRESENT_AT_INCIDENT,2024-06-11,FIR,0.97
P000025,LOC000019,PRESENT_AT_INCIDENT,2024-06-11,FIR,0.64
P000090,LOC000019,PRESENT_AT_INCIDENT,2024-06-11,FIR,0.7
P000001,LOC000072,PRESENT_AT_INCIDENT,2023-04-06,FIR,0.65
P000007,LOC000072,PRESENT_AT_INCIDENT,2023-04-06,FIR,0.63
P000019,LOC000072,PRESENT_AT_INCIDENT,2023-04-06,FIR,0.92
P000068,LOC000072,PRESENT_AT_INCIDENT,2023-04-06,FIR,0.81
P000848,LOC000114,PRESENT_AT_INCIDENT,2026-01-13,FIR,0.89
P000872,LOC000114,PRESENT_AT_INCIDENT,2026-01-13,FIR,0.78
P000866,LOC000114,PRESENT_AT_INCIDENT,2026-01-13,FIR,0.75
P000859,LOC000018,PRESENT_AT_INCIDENT,2022-08-14,FIR,0.89
P000863,LOC000018,PRESENT_AT_INCIDENT,2022-08-14,FIR,0.7
P000860,LOC000018,PRESENT_AT_INCIDENT,2022-08-14,FIR,0.76
P000875,LOC000018,PRESENT_AT_INCIDENT,2022-08-14,FIR,0.69
P000864,LOC000018,PRESENT_AT_INCIDENT,2022-08-14,FIR,0.62
P000846,LOC000018,PRESENT_AT_INCIDENT,2022-08-14,FIR,0.93
P000874,LOC000018,PRESENT_AT_INCIDENT,2022-08-14,FIR,0.85
P000346,LOC000106,PRESENT_AT_INCIDENT,2023-12-06,FIR,0.93
P000338,LOC000106,PRESENT_AT_INCIDENT,2023-12-06,FIR,0.76
P000336,LOC000106,PRESENT_AT_INCIDENT,2023-12-06,FIR,0.6
P000464,LOC000002,PRESENT_AT_INCIDENT,2023-05-29,FIR,0.81
P000453,LOC000002,PRESENT_AT_INCIDENT,2023-05-29,FIR,0.66
P000380,LOC000065,PRESENT_AT_INCIDENT,2025-01-08,FIR,0.8
P000392,LOC000065,PRESENT_AT_INCIDENT,2025-01-08,FIR,0.85
P000016,LOC000076,PRESENT_AT_INCIDENT,2024-11-14,FIR,0.91
P000078,LOC000076,PRESENT_AT_INCIDENT,2024-11-14,FIR,0.64
P000084,LOC000076,PRESENT_AT_INCIDENT,2024-11-14,FIR,0.73
P000918,LOC000108,PRESENT_AT_INCIDENT,2024-09-29,FIR,0.87
P000934,LOC000108,PRESENT_AT_INCIDENT,2024-09-29,FIR,0.96
P000591,LOC000115,PRESENT_AT_INCIDENT,2024-05-01,FIR,0.95
P000322,LOC000083,PRESENT_AT_INCIDENT,2026-03-01,FIR,0.63
P000340,LOC000083,PRESENT_AT_INCIDENT,2026-03-01,FIR,0.62
P000759,LOC000005,PRESENT_AT_INCIDENT,2025-03-03,FIR,0.87
P000758,LOC000005,PRESENT_AT_INCIDENT,2025-03-03,FIR,0.84
P000751,LOC000005,PRESENT_AT_INCIDENT,2025-03-03,FIR,0.97
P000515,LOC000009,PRESENT_AT_INCIDENT,2026-05-02,FIR,0.61
P000501,LOC000009,PRESENT_AT_INCIDENT,2026-05-02,FIR,0.69
P000495,LOC000009,PRESENT_AT_INCIDENT,2026-05-02,FIR,0.85
P000882,LOC000119,PRESENT_AT_INCIDENT,2025-08-27,FIR,0.95
P000930,LOC000119,PRESENT_AT_INCIDENT,2025-08-27,FIR,0.77
P000700,LOC000110,PRESENT_AT_INCIDENT,2025-09-11,FIR,0.61
P000785,LOC000053,PRESENT_AT_INCIDENT,2025-05-20,FIR,0.93
P000766,LOC000053,PRESENT_AT_INCIDENT,2025-05-20,FIR,0.69
P000773,LOC000053,PRESENT_AT_INCIDENT,2025-05-20,FIR,0.83
P000023,LOC000022,PRESENT_AT_INCIDENT,2024-11-11,FIR,0.83
P000066,LOC000022,PRESENT_AT_INCIDENT,2024-11-11,FIR,0.96
P000606,LOC000015,PRESENT_AT_INCIDENT,2024-03-13,FIR,0.7
P000595,LOC000015,PRESENT_AT_INCIDENT,2024-03-13,FIR,0.98
P000600,LOC000015,PRESENT_AT_INCIDENT,2024-03-13,FIR,0.62
P000579,LOC000015,PRESENT_AT_INCIDENT,2024-03-13,FIR,0.75
P000044,LOC000101,PRESENT_AT_INCIDENT,2024-02-19,FIR,0.7
P000014,LOC000101,PRESENT_AT_INCIDENT,2024-02-19,FIR,0.95
P000877,LOC000094,PRESENT_AT_INCIDENT,2021-09-06,FIR,0.65
P000880,LOC000094,PRESENT_AT_INCIDENT,2021-09-06,FIR,0.89
P000878,LOC000094,PRESENT_AT_INCIDENT,2021-09-06,FIR,0.9
P000868,LOC000094,PRESENT_AT_INCIDENT,2021-09-06,FIR,0.81
P000932,LOC000102,PRESENT_AT_INCIDENT,2024-01-28,FIR,0.69
P000945,LOC000102,PRESENT_AT_INCIDENT,2024-01-28,FIR,0.88
P000980,LOC000102,PRESENT_AT_INCIDENT,2024-01-28,FIR,0.9
P000718,LOC000087,PRESENT_AT_INCIDENT,2026-05-22,FIR,0.85
P000744,LOC000087,PRESENT_AT_INCIDENT,2026-05-22,FIR,0.73
P000956,LOC000059,PRESENT_AT_INCIDENT,2023-07-30,FIR,0.87
P000895,LOC000059,PRESENT_AT_INCIDENT,2023-07-30,FIR,0.79
P000911,LOC000059,PRESENT_AT_INCIDENT,2023-07-30,FIR,0.92
P000141,LOC000017,PRESENT_AT_INCIDENT,2024-07-17,FIR,0.92
P000120,LOC000017,PRESENT_AT_INCIDENT,2024-07-17,FIR,0.62
P000446,LOC000051,PRESENT_AT_INCIDENT,2025-07-15,FIR,0.62
P000453,LOC000051,PRESENT_AT_INCIDENT,2025-07-15,FIR,0.61
P000154,LOC000064,PRESENT_AT_INCIDENT,2019-08-10,FIR,0.79
P000108,LOC000064,PRESENT_AT_INCIDENT,2019-08-10,FIR,0.67
P000120,LOC000064,PRESENT_AT_INCIDENT,2019-08-10,FIR,0.64
P000167,LOC000064,PRESENT_AT_INCIDENT,2019-08-10,FIR,0.65
P000132,LOC000064,PRESENT_AT_INCIDENT,2019-08-10,FIR,0.69
P000703,LOC000114,PRESENT_AT_INCIDENT,2025-10-16,FIR,0.71
P000691,LOC000114,PRESENT_AT_INCIDENT,2025-10-16,FIR,0.93
P000535,LOC000065,PRESENT_AT_INCIDENT,2023-12-15,FIR,0.6
P000563,LOC000065,PRESENT_AT_INCIDENT,2023-12-15,FIR,0.71
P000545,LOC000065,PRESENT_AT_INCIDENT,2023-12-15,FIR,0.66
P000553,LOC000065,PRESENT_AT_INCIDENT,2023-12-15,FIR,0.86
P000558,LOC000065,PRESENT_AT_INCIDENT,2023-12-15,FIR,0.66
P000522,LOC000065,PRESENT_AT_INCIDENT,2023-12-15,FIR,0.77
P000542,LOC000065,PRESENT_AT_INCIDENT,2023-12-15,FIR,0.88
P000647,LOC000006,PRESENT_AT_INCIDENT,2026-02-07,FIR,0.84
P000644,LOC000006,PRESENT_AT_INCIDENT,2026-02-07,FIR,0.71
P000625,LOC000006,PRESENT_AT_INCIDENT,2026-02-07,FIR,0.7
P000109,LOC000064,PRESENT_AT_INCIDENT,2022-01-31,FIR,0.77
P000107,LOC000064,PRESENT_AT_INCIDENT,2022-01-31,FIR,0.85
P000152,LOC000064,PRESENT_AT_INCIDENT,2022-01-31,FIR,0.72
P000941,LOC000017,PRESENT_AT_INCIDENT,2023-07-02,FIR,0.84
P000896,LOC000017,PRESENT_AT_INCIDENT,2023-07-02,FIR,0.7
P000869,LOC000091,PRESENT_AT_INCIDENT,2022-10-07,FIR,0.66
P000593,LOC000052,PRESENT_AT_INCIDENT,2023-01-02,FIR,0.91
P000578,LOC000052,PRESENT_AT_INCIDENT,2023-01-02,FIR,0.82
P000740,LOC000103,PRESENT_AT_INCIDENT,2023-06-01,FIR,0.65
P000743,LOC000103,PRESENT_AT_INCIDENT,2023-06-01,FIR,0.81
P000155,LOC000066,PRESENT_AT_INCIDENT,2026-06-20,FIR,0.7
P000166,LOC000066,PRESENT_AT_INCIDENT,2026-06-20,FIR,0.67
P000684,LOC000044,PRESENT_AT_INCIDENT,2024-02-11,FIR,0.65
P000674,LOC000044,PRESENT_AT_INCIDENT,2024-02-11,FIR,0.82
P000699,LOC000044,PRESENT_AT_INCIDENT,2024-02-11,FIR,0.67
P000471,LOC000036,PRESENT_AT_INCIDENT,2024-05-02,FIR,0.83
P000445,LOC000036,PRESENT_AT_INCIDENT,2024-05-02,FIR,0.93
P000435,LOC000036,PRESENT_AT_INCIDENT,2024-05-02,FIR,0.87
P000447,LOC000036,PRESENT_AT_INCIDENT,2024-05-02,FIR,0.67
P000442,LOC000036,PRESENT_AT_INCIDENT,2024-05-02,FIR,0.73
P000463,LOC000036,PRESENT_AT_INCIDENT,2024-05-02,FIR,0.97
P000460,LOC000036,PRESENT_AT_INCIDENT,2024-05-02,FIR,0.95
P000788,LOC000019,PRESENT_AT_INCIDENT,2026-02-08,FIR,0.82
P000778,LOC000019,PRESENT_AT_INCIDENT,2026-02-08,FIR,0.7
P000796,LOC000019,PRESENT_AT_INCIDENT,2026-02-08,FIR,0.73
P000766,LOC000019,PRESENT_AT_INCIDENT,2026-02-08,FIR,0.8
P000779,LOC000019,PRESENT_AT_INCIDENT,2026-02-08,FIR,0.66
P000717,LOC000016,PRESENT_AT_INCIDENT,2025-09-08,FIR,0.95
P000759,LOC000103,PRESENT_AT_INCIDENT,2022-07-07,FIR,0.98
P000747,LOC000103,PRESENT_AT_INCIDENT,2022-07-07,FIR,0.67
P000391,LOC000066,PRESENT_AT_INCIDENT,2026-04-07,FIR,0.9
P000414,LOC000066,PRESENT_AT_INCIDENT,2026-04-07,FIR,0.97
P000061,LOC000004,PRESENT_AT_INCIDENT,2023-09-24,FIR,0.69
P000059,LOC000004,PRESENT_AT_INCIDENT,2023-09-24,FIR,0.79
P000048,LOC000004,PRESENT_AT_INCIDENT,2023-09-24,FIR,0.91
P000025,LOC000004,PRESENT_AT_INCIDENT,2023-09-24,FIR,0.8
P000017,LOC000004,PRESENT_AT_INCIDENT,2023-09-24,FIR,0.79
P000091,LOC000004,PRESENT_AT_INCIDENT,2023-09-24,FIR,0.75
P000029,LOC000004,PRESENT_AT_INCIDENT,2023-09-24,FIR,0.61
P000563,LOC000024,PRESENT_AT_INCIDENT,2024-12-08,FIR,0.82
P000543,LOC000024,PRESENT_AT_INCIDENT,2024-12-08,FIR,0.81
P000086,LOC000103,PRESENT_AT_INCIDENT,2019-10-05,FIR,0.75
P000064,LOC000103,PRESENT_AT_INCIDENT,2019-10-05,FIR,0.91
P000058,LOC000103,PRESENT_AT_INCIDENT,2019-10-05,FIR,0.66
P000985,LOC000032,PRESENT_AT_INCIDENT,2025-01-15,FIR,0.77
P000532,LOC000017,PRESENT_AT_INCIDENT,2026-05-29,FIR,0.74
P000528,LOC000017,PRESENT_AT_INCIDENT,2026-05-29,FIR,0.73
P000555,LOC000017,PRESENT_AT_INCIDENT,2026-05-29,FIR,0.87
P000560,LOC000017,PRESENT_AT_INCIDENT,2026-05-29,FIR,0.86
P000553,LOC000017,PRESENT_AT_INCIDENT,2026-05-29,FIR,0.74
P000542,LOC000017,PRESENT_AT_INCIDENT,2026-05-29,FIR,0.91
P000544,LOC000017,PRESENT_AT_INCIDENT,2026-05-29,FIR,0.85
P000408,LOC000026,PRESENT_AT_INCIDENT,2021-08-19,FIR,0.61
P000393,LOC000026,PRESENT_AT_INCIDENT,2021-08-19,FIR,0.64
P000376,LOC000026,PRESENT_AT_INCIDENT,2021-08-19,FIR,0.82
P000401,LOC000026,PRESENT_AT_INCIDENT,2021-08-19,FIR,0.82
P000554,LOC000016,PRESENT_AT_INCIDENT,2026-02-17,FIR,0.95
P000020,LOC000072,PRESENT_AT_INCIDENT,2022-10-13,FIR,0.85
P000092,LOC000072,PRESENT_AT_INCIDENT,2022-10-13,FIR,0.73
P000084,LOC000072,PRESENT_AT_INCIDENT,2022-10-13,FIR,0.76
P000029,LOC000072,PRESENT_AT_INCIDENT,2022-10-13,FIR,0.83
P000991,LOC000119,PRESENT_AT_INCIDENT,2023-07-10,FIR,0.87
P000966,LOC000119,PRESENT_AT_INCIDENT,2023-07-10,FIR,0.93
P000968,LOC000119,PRESENT_AT_INCIDENT,2023-07-10,FIR,0.88
P000977,LOC000119,PRESENT_AT_INCIDENT,2023-07-10,FIR,0.85
P000954,LOC000119,PRESENT_AT_INCIDENT,2023-07-10,FIR,0.83
P000701,LOC000114,PRESENT_AT_INCIDENT,2026-04-08,FIR,0.88
P000696,LOC000114,PRESENT_AT_INCIDENT,2026-04-08,FIR,0.68
P000152,LOC000061,PRESENT_AT_INCIDENT,2025-08-24,FIR,0.95
P000681,LOC000041,PRESENT_AT_INCIDENT,2026-06-28,FIR,0.88
P000517,LOC000028,PRESENT_AT_INCIDENT,2025-11-12,FIR,0.88
P000487,LOC000028,PRESENT_AT_INCIDENT,2025-11-12,FIR,0.64
P000501,LOC000028,PRESENT_AT_INCIDENT,2025-11-12,FIR,0.68
P000483,LOC000028,PRESENT_AT_INCIDENT,2025-11-12,FIR,0.62
P000760,LOC000085,PRESENT_AT_INCIDENT,2025-12-03,FIR,0.97
P000723,LOC000085,PRESENT_AT_INCIDENT,2025-12-03,FIR,0.89
P000743,LOC000085,PRESENT_AT_INCIDENT,2025-12-03,FIR,0.86
P000742,LOC000085,PRESENT_AT_INCIDENT,2025-12-03,FIR,0.86
P000737,LOC000085,PRESENT_AT_INCIDENT,2025-12-03,FIR,0.63
P000734,LOC000085,PRESENT_AT_INCIDENT,2025-12-03,FIR,0.64
P000753,LOC000085,PRESENT_AT_INCIDENT,2025-12-03,FIR,0.96
P000655,LOC000095,PRESENT_AT_INCIDENT,2020-04-11,FIR,0.61
P000623,LOC000095,PRESENT_AT_INCIDENT,2020-04-11,FIR,0.96
P000611,LOC000095,PRESENT_AT_INCIDENT,2020-04-11,FIR,0.78
P000980,LOC000067,PRESENT_AT_INCIDENT,2022-07-06,FIR,0.6
P000962,LOC000067,PRESENT_AT_INCIDENT,2022-07-06,FIR,0.92
P000856,LOC000113,PRESENT_AT_INCIDENT,2024-08-31,FIR,0.9
P000854,LOC000113,PRESENT_AT_INCIDENT,2024-08-31,FIR,0.94
P000762,LOC000005,PRESENT_AT_INCIDENT,2020-07-21,FIR,0.83
P000713,LOC000005,PRESENT_AT_INCIDENT,2020-07-21,FIR,0.76
P000729,LOC000005,PRESENT_AT_INCIDENT,2020-07-21,FIR,0.83
P000330,LOC000011,PRESENT_AT_INCIDENT,2021-03-21,FIR,0.77
P000340,LOC000011,PRESENT_AT_INCIDENT,2021-03-21,FIR,0.78
P000336,LOC000011,PRESENT_AT_INCIDENT,2021-03-21,FIR,0.89
P000343,LOC000011,PRESENT_AT_INCIDENT,2021-03-21,FIR,0.83
P000037,LOC000016,PRESENT_AT_INCIDENT,2025-12-29,FIR,0.7
P000020,LOC000016,PRESENT_AT_INCIDENT,2025-12-29,FIR,0.79
P000525,LOC000034,PRESENT_AT_INCIDENT,2024-03-23,FIR,0.89
P000782,LOC000023,PRESENT_AT_INCIDENT,2023-06-01,FIR,0.88
P000794,LOC000023,PRESENT_AT_INCIDENT,2023-06-01,FIR,0.84
P000800,LOC000023,PRESENT_AT_INCIDENT,2023-06-01,FIR,0.63
P000797,LOC000023,PRESENT_AT_INCIDENT,2023-06-01,FIR,0.73
P000830,LOC000057,PRESENT_AT_INCIDENT,2025-01-17,FIR,0.77
P000824,LOC000057,PRESENT_AT_INCIDENT,2025-01-17,FIR,0.69
P000838,LOC000057,PRESENT_AT_INCIDENT,2025-01-17,FIR,0.93
P000932,LOC000084,PRESENT_AT_INCIDENT,2025-11-17,FIR,0.62
P000947,LOC000084,PRESENT_AT_INCIDENT,2025-11-17,FIR,0.86
P000905,LOC000084,PRESENT_AT_INCIDENT,2025-11-17,FIR,0.89
P000988,LOC000084,PRESENT_AT_INCIDENT,2025-11-17,FIR,0.63
P000702,LOC000035,PRESENT_AT_INCIDENT,2024-08-26,FIR,0.8
P000362,LOC000103,PRESENT_AT_INCIDENT,2025-10-29,FIR,0.74
P000393,LOC000034,PRESENT_AT_INCIDENT,2026-06-16,FIR,0.86
P000383,LOC000034,PRESENT_AT_INCIDENT,2026-06-16,FIR,0.94
P000479,LOC000025,PRESENT_AT_INCIDENT,2026-01-02,FIR,0.81
P000474,LOC000025,PRESENT_AT_INCIDENT,2026-01-02,FIR,0.64
P000473,LOC000025,PRESENT_AT_INCIDENT,2026-01-02,FIR,0.86
P000492,LOC000025,PRESENT_AT_INCIDENT,2026-01-02,FIR,0.91
P000509,LOC000025,PRESENT_AT_INCIDENT,2026-01-02,FIR,0.77
P000872,LOC000080,PRESENT_AT_INCIDENT,2023-04-09,FIR,0.85
P000856,LOC000080,PRESENT_AT_INCIDENT,2023-04-09,FIR,0.67
P000124,LOC000062,PRESENT_AT_INCIDENT,2022-12-06,FIR,0.96
P000145,LOC000062,PRESENT_AT_INCIDENT,2022-12-06,FIR,0.89
P000559,LOC000018,PRESENT_AT_INCIDENT,2020-05-29,FIR,0.63
P000553,LOC000018,PRESENT_AT_INCIDENT,2020-05-29,FIR,0.62
P000533,LOC000018,PRESENT_AT_INCIDENT,2020-05-29,FIR,0.9
P000537,LOC000018,PRESENT_AT_INCIDENT,2020-05-29,FIR,0.98
P000936,LOC000099,PRESENT_AT_INCIDENT,2022-12-31,FIR,0.89
P000814,LOC000004,PRESENT_AT_INCIDENT,2025-10-16,FIR,0.9
P000813,LOC000004,PRESENT_AT_INCIDENT,2025-10-16,FIR,0.66
P000805,LOC000004,PRESENT_AT_INCIDENT,2025-10-16,FIR,0.74
P000834,LOC000004,PRESENT_AT_INCIDENT,2025-10-16,FIR,0.7
P000829,LOC000004,PRESENT_AT_INCIDENT,2025-10-16,FIR,0.71
P000811,LOC000004,PRESENT_AT_INCIDENT,2025-10-16,FIR,0.88
P000823,LOC000004,PRESENT_AT_INCIDENT,2025-10-16,FIR,0.75
P000431,LOC000048,PRESENT_AT_INCIDENT,2024-06-15,FIR,0.73
P000421,LOC000048,PRESENT_AT_INCIDENT,2024-06-15,FIR,0.96
P000408,LOC000098,PRESENT_AT_INCIDENT,2023-11-07,FIR,0.71
P000377,LOC000098,PRESENT_AT_INCIDENT,2023-11-07,FIR,0.86
P000405,LOC000098,PRESENT_AT_INCIDENT,2023-11-07,FIR,0.84
P000651,LOC000109,PRESENT_AT_INCIDENT,2024-05-07,FIR,0.6
P000630,LOC000109,PRESENT_AT_INCIDENT,2024-05-07,FIR,0.94
P000433,LOC000007,PRESENT_AT_INCIDENT,2024-09-24,FIR,0.63
P000456,LOC000007,PRESENT_AT_INCIDENT,2024-09-24,FIR,0.89
P000721,LOC000070,PRESENT_AT_INCIDENT,2025-12-12,FIR,0.64
P000724,LOC000070,PRESENT_AT_INCIDENT,2025-12-12,FIR,0.9
P000763,LOC000070,PRESENT_AT_INCIDENT,2025-12-12,FIR,0.76
P000734,LOC000070,PRESENT_AT_INCIDENT,2025-12-12,FIR,0.71
P000761,LOC000070,PRESENT_AT_INCIDENT,2025-12-12,FIR,0.83
P000755,LOC000070,PRESENT_AT_INCIDENT,2025-12-12,FIR,0.6
P000747,LOC000070,PRESENT_AT_INCIDENT,2025-12-12,FIR,0.62
P000439,LOC000100,PRESENT_AT_INCIDENT,2026-06-28,FIR,0.87
P000482,LOC000013,PRESENT_AT_INCIDENT,2023-07-19,FIR,0.83
P000499,LOC000013,PRESENT_AT_INCIDENT,2023-07-19,FIR,0.95
P000343,LOC000093,PRESENT_AT_INCIDENT,2022-05-11,FIR,0.84
P000293,LOC000093,PRESENT_AT_INCIDENT,2022-05-11,FIR,0.62
P000331,LOC000093,PRESENT_AT_INCIDENT,2022-05-11,FIR,0.98
P000317,LOC000093,PRESENT_AT_INCIDENT,2022-05-11,FIR,0.64
P000497,LOC000014,PRESENT_AT_INCIDENT,2024-10-04,FIR,0.85
P000871,LOC000078,PRESENT_AT_INCIDENT,2022-10-09,FIR,0.91
P000434,LOC000100,PRESENT_AT_INCIDENT,2024-09-17,FIR,0.63
P000453,LOC000100,PRESENT_AT_INCIDENT,2024-09-17,FIR,0.87
P000461,LOC000100,PRESENT_AT_INCIDENT,2024-09-17,FIR,0.87
P000568,LOC000064,PRESENT_AT_INCIDENT,2023-04-14,FIR,0.91
P000846,LOC000082,PRESENT_AT_INCIDENT,2021-06-24,FIR,0.73
P000695,LOC000043,PRESENT_AT_INCIDENT,2020-02-13,FIR,0.9
P000679,LOC000043,PRESENT_AT_INCIDENT,2020-02-13,FIR,0.87
P000555,LOC000019,PRESENT_AT_INCIDENT,2022-05-10,FIR,0.85
P000529,LOC000019,PRESENT_AT_INCIDENT,2022-05-10,FIR,0.94
P000184,LOC000037,PRESENT_AT_INCIDENT,2026-04-07,FIR,0.61
P000212,LOC000037,PRESENT_AT_INCIDENT,2026-04-07,FIR,0.9
P000163,LOC000055,PRESENT_AT_INCIDENT,2023-03-31,FIR,0.67
P000147,LOC000055,PRESENT_AT_INCIDENT,2023-03-31,FIR,0.8
P000097,LOC000055,PRESENT_AT_INCIDENT,2023-03-31,FIR,0.88
P000868,LOC000092,PRESENT_AT_INCIDENT,2023-12-11,FIR,0.71
P000897,LOC000018,PRESENT_AT_INCIDENT,2023-02-14,FIR,0.93
P000912,LOC000018,PRESENT_AT_INCIDENT,2023-02-14,FIR,0.8
P000763,LOC000008,PRESENT_AT_INCIDENT,2021-09-18,FIR,0.72
P000046,LOC000014,PRESENT_AT_INCIDENT,2024-10-24,FIR,0.66
P000004,LOC000014,PRESENT_AT_INCIDENT,2024-10-24,FIR,0.65
P000039,LOC000014,PRESENT_AT_INCIDENT,2024-10-24,FIR,0.87
P000515,LOC000044,PRESENT_AT_INCIDENT,2025-10-29,FIR,0.93
P000514,LOC000044,PRESENT_AT_INCIDENT,2025-10-29,FIR,0.88
P000491,LOC000044,PRESENT_AT_INCIDENT,2025-10-29,FIR,0.9
P000513,LOC000044,PRESENT_AT_INCIDENT,2025-10-29,FIR,0.88
P000473,LOC000044,PRESENT_AT_INCIDENT,2025-10-29,FIR,0.86
P000126,LOC000019,PRESENT_AT_INCIDENT,2026-06-24,FIR,0.8
P000140,LOC000019,PRESENT_AT_INCIDENT,2026-06-24,FIR,0.68
P000549,LOC000037,PRESENT_AT_INCIDENT,2022-09-30,FIR,0.84
P000767,LOC000040,PRESENT_AT_INCIDENT,2026-01-06,FIR,0.96
P000795,LOC000040,PRESENT_AT_INCIDENT,2026-01-06,FIR,0.78
P000799,LOC000040,PRESENT_AT_INCIDENT,2026-01-06,FIR,0.93
P000765,LOC000040,PRESENT_AT_INCIDENT,2026-01-06,FIR,0.66
P000796,LOC000040,PRESENT_AT_INCIDENT,2026-01-06,FIR,0.97
P000771,LOC000049,PRESENT_AT_INCIDENT,2023-12-23,FIR,0.81
P000776,LOC000049,PRESENT_AT_INCIDENT,2023-12-23,FIR,0.65
P000784,LOC000049,PRESENT_AT_INCIDENT,2023-12-23,FIR,0.72
P000797,LOC000049,PRESENT_AT_INCIDENT,2023-12-23,FIR,0.77
P000764,LOC000049,PRESENT_AT_INCIDENT,2023-12-23,FIR,0.95
P000766,LOC000049,PRESENT_AT_INCIDENT,2023-12-23,FIR,0.73
P000790,LOC000049,PRESENT_AT_INCIDENT,2023-12-23,FIR,0.93
P000774,LOC000040,PRESENT_AT_INCIDENT,2022-02-13,FIR,0.91
P000114,LOC000015,PRESENT_AT_INCIDENT,2022-08-26,FIR,0.96
P000171,LOC000015,PRESENT_AT_INCIDENT,2022-08-26,FIR,0.96
P000108,LOC000015,PRESENT_AT_INCIDENT,2022-08-26,FIR,0.97
P000116,LOC000015,PRESENT_AT_INCIDENT,2022-08-26,FIR,0.77
P000147,LOC000121,PRESENT_AT_INCIDENT,2025-12-15,FIR,0.81
P000127,LOC000121,PRESENT_AT_INCIDENT,2025-12-15,FIR,0.68
P000166,LOC000121,PRESENT_AT_INCIDENT,2025-12-15,FIR,0.82
P000131,LOC000121,PRESENT_AT_INCIDENT,2025-12-15,FIR,0.82
P000689,LOC000115,PRESENT_AT_INCIDENT,2024-09-26,FIR,0.96
P000668,LOC000115,PRESENT_AT_INCIDENT,2024-09-26,FIR,0.91
P000703,LOC000115,PRESENT_AT_INCIDENT,2024-09-26,FIR,0.67
P000696,LOC000115,PRESENT_AT_INCIDENT,2024-09-26,FIR,0.6
P000527,LOC000062,PRESENT_AT_INCIDENT,2024-09-25,FIR,0.68
P000541,LOC000062,PRESENT_AT_INCIDENT,2024-09-25,FIR,0.92
P000840,LOC000013,PRESENT_AT_INCIDENT,2025-09-01,FIR,0.98
P000941,LOC000023,PRESENT_AT_INCIDENT,2024-06-28,FIR,0.62
P000954,LOC000023,PRESENT_AT_INCIDENT,2024-06-28,FIR,0.86
P000979,LOC000023,PRESENT_AT_INCIDENT,2024-06-28,FIR,0.74
P000993,LOC000046,PRESENT_AT_INCIDENT,2023-06-03,FIR,0.61
P000995,LOC000046,PRESENT_AT_INCIDENT,2023-06-03,FIR,0.67
P000887,LOC000046,PRESENT_AT_INCIDENT,2023-06-03,FIR,0.78
P000943,LOC000046,PRESENT_AT_INCIDENT,2023-06-03,FIR,0.88
P000935,LOC000046,PRESENT_AT_INCIDENT,2023-06-03,FIR,0.71
P000463,LOC000052,PRESENT_AT_INCIDENT,2025-07-08,FIR,0.76
P000457,LOC000052,PRESENT_AT_INCIDENT,2025-07-08,FIR,0.77
P000470,LOC000052,PRESENT_AT_INCIDENT,2025-07-08,FIR,0.7
P000466,LOC000052,PRESENT_AT_INCIDENT,2025-07-08,FIR,0.87
P000134,LOC000054,PRESENT_AT_INCIDENT,2020-01-31,FIR,0.72
P000131,LOC000054,PRESENT_AT_INCIDENT,2020-01-31,FIR,0.95
P000403,LOC000024,PRESENT_AT_INCIDENT,2025-11-15,FIR,0.74
P000745,LOC000003,PRESENT_AT_INCIDENT,2026-04-12,FIR,0.77
P000754,LOC000003,PRESENT_AT_INCIDENT,2026-04-12,FIR,0.7
P000737,LOC000003,PRESENT_AT_INCIDENT,2026-04-12,FIR,0.63
P000722,LOC000003,PRESENT_AT_INCIDENT,2026-04-12,FIR,0.73
P000721,LOC000003,PRESENT_AT_INCIDENT,2026-04-12,FIR,0.91
P000910,LOC000116,PRESENT_AT_INCIDENT,2024-04-11,FIR,0.83
P000946,LOC000116,PRESENT_AT_INCIDENT,2024-04-11,FIR,0.83
P000919,LOC000116,PRESENT_AT_INCIDENT,2024-04-11,FIR,0.87
P000975,LOC000116,PRESENT_AT_INCIDENT,2024-04-11,FIR,0.65
P000097,LOC000063,PRESENT_AT_INCIDENT,2023-12-24,FIR,0.79
P000093,LOC000063,PRESENT_AT_INCIDENT,2023-12-24,FIR,0.65
P000103,LOC000063,PRESENT_AT_INCIDENT,2023-12-24,FIR,0.92
P000905,LOC000062,PRESENT_AT_INCIDENT,2024-11-14,FIR,0.86
P000909,LOC000075,PRESENT_AT_INCIDENT,2026-05-21,FIR,0.68
P000013,LOC000102,PRESENT_AT_INCIDENT,2025-11-28,FIR,0.72
P000055,LOC000102,PRESENT_AT_INCIDENT,2025-11-28,FIR,0.71
P000071,LOC000102,PRESENT_AT_INCIDENT,2025-11-28,FIR,0.9
P000030,LOC000102,PRESENT_AT_INCIDENT,2025-11-28,FIR,0.86
P000503,LOC000045,PRESENT_AT_INCIDENT,2026-01-26,FIR,0.61
P000953,LOC000050,PRESENT_AT_INCIDENT,2026-05-19,FIR,0.83
P000962,LOC000050,PRESENT_AT_INCIDENT,2026-05-19,FIR,0.83
P000956,LOC000050,PRESENT_AT_INCIDENT,2026-05-19,FIR,0.61
P000951,LOC000050,PRESENT_AT_INCIDENT,2026-05-19,FIR,0.82
P000884,LOC000050,PRESENT_AT_INCIDENT,2026-05-19,FIR,0.93
P000757,LOC000065,PRESENT_AT_INCIDENT,2019-10-07,FIR,0.91
P000724,LOC000065,PRESENT_AT_INCIDENT,2019-10-07,FIR,0.94
P000764,LOC000043,PRESENT_AT_INCIDENT,2025-02-09,FIR,0.75
P000794,LOC000043,PRESENT_AT_INCIDENT,2025-02-09,FIR,0.83
P000773,LOC000043,PRESENT_AT_INCIDENT,2025-02-09,FIR,0.74
P000766,LOC000043,PRESENT_AT_INCIDENT,2025-02-09,FIR,0.94
P000796,LOC000043,PRESENT_AT_INCIDENT,2025-02-09,FIR,0.83
P000972,LOC000104,PRESENT_AT_INCIDENT,2024-05-31,FIR,0.73
P000057,LOC000102,PRESENT_AT_INCIDENT,2024-04-30,FIR,0.81
P000041,LOC000102,PRESENT_AT_INCIDENT,2024-04-30,FIR,0.71
P000070,LOC000102,PRESENT_AT_INCIDENT,2024-04-30,FIR,0.92
P000038,LOC000102,PRESENT_AT_INCIDENT,2024-04-30,FIR,0.81
P000109,LOC000057,PRESENT_AT_INCIDENT,2022-08-12,FIR,0.8
P000095,LOC000057,PRESENT_AT_INCIDENT,2022-08-12,FIR,0.82
P000563,LOC000024,PRESENT_AT_INCIDENT,2026-01-11,FIR,0.76
P000536,LOC000024,PRESENT_AT_INCIDENT,2026-01-11,FIR,0.98
P000553,LOC000024,PRESENT_AT_INCIDENT,2026-01-11,FIR,0.7
P000685,LOC000053,PRESENT_AT_INCIDENT,2022-10-11,FIR,0.74
P000674,LOC000053,PRESENT_AT_INCIDENT,2022-10-11,FIR,0.73
P000697,LOC000053,PRESENT_AT_INCIDENT,2022-10-11,FIR,0.97
P000682,LOC000053,PRESENT_AT_INCIDENT,2022-10-11,FIR,0.84
P000783,LOC000025,PRESENT_AT_INCIDENT,2025-08-21,FIR,0.77
P000780,LOC000025,PRESENT_AT_INCIDENT,2025-08-21,FIR,0.63
P000115,LOC000120,PRESENT_AT_INCIDENT,2023-12-23,FIR,0.75
P000722,LOC000075,PRESENT_AT_INCIDENT,2026-06-04,FIR,0.7
P000753,LOC000075,PRESENT_AT_INCIDENT,2026-06-04,FIR,0.8
P000742,LOC000075,PRESENT_AT_INCIDENT,2026-06-04,FIR,0.77
P000747,LOC000075,PRESENT_AT_INCIDENT,2026-06-04,FIR,0.84
P000848,LOC000020,PRESENT_AT_INCIDENT,2025-03-16,FIR,0.72
P000869,LOC000020,PRESENT_AT_INCIDENT,2025-03-16,FIR,0.74
P000523,LOC000030,PRESENT_AT_INCIDENT,2025-06-26,FIR,0.87
P000709,LOC000042,PRESENT_AT_INCIDENT,2025-05-23,FIR,0.81
P000668,LOC000042,PRESENT_AT_INCIDENT,2025-05-23,FIR,0.8
P000057,LOC000101,PRESENT_AT_INCIDENT,2026-04-09,FIR,0.63
P000024,LOC000101,PRESENT_AT_INCIDENT,2026-04-09,FIR,0.61
P000003,LOC000101,PRESENT_AT_INCIDENT,2026-04-09,FIR,0.88
P000221,LOC000060,PRESENT_AT_INCIDENT,2023-11-09,FIR,0.67
P000263,LOC000060,PRESENT_AT_INCIDENT,2023-11-09,FIR,0.86
P000693,LOC000115,PRESENT_AT_INCIDENT,2024-11-27,FIR,0.63
P000673,LOC000115,PRESENT_AT_INCIDENT,2024-11-27,FIR,0.95
P000678,LOC000115,PRESENT_AT_INCIDENT,2024-11-27,FIR,0.65
P000702,LOC000115,PRESENT_AT_INCIDENT,2024-11-27,FIR,0.79
P000464,LOC000048,PRESENT_AT_INCIDENT,2022-12-12,FIR,0.64
P000548,LOC000058,PRESENT_AT_INCIDENT,2019-07-28,FIR,0.83
P000530,LOC000058,PRESENT_AT_INCIDENT,2019-07-28,FIR,0.84
P000527,LOC000054,PRESENT_AT_INCIDENT,2025-03-26,FIR,0.89
P000551,LOC000054,PRESENT_AT_INCIDENT,2025-03-26,FIR,0.82
P000537,LOC000054,PRESENT_AT_INCIDENT,2025-03-26,FIR,0.67
P000566,LOC000054,PRESENT_AT_INCIDENT,2025-03-26,FIR,0.66
P000435,LOC000062,PRESENT_AT_INCIDENT,2023-12-13,FIR,0.74
P000460,LOC000062,PRESENT_AT_INCIDENT,2023-12-13,FIR,0.61
P000418,LOC000062,PRESENT_AT_INCIDENT,2023-12-13,FIR,0.75
P000151,LOC000070,PRESENT_AT_INCIDENT,2021-11-07,FIR,0.72
P000139,LOC000070,PRESENT_AT_INCIDENT,2021-11-07,FIR,0.83
P000174,LOC000059,PRESENT_AT_INCIDENT,2026-06-15,FIR,0.96
P000162,LOC000059,PRESENT_AT_INCIDENT,2026-06-15,FIR,0.74
P000849,LOC000117,PRESENT_AT_INCIDENT,2019-10-19,FIR,0.84
P000522,LOC000064,PRESENT_AT_INCIDENT,2025-07-09,FIR,0.68
P000560,LOC000064,PRESENT_AT_INCIDENT,2025-07-09,FIR,0.7
P000536,LOC000064,PRESENT_AT_INCIDENT,2025-07-09,FIR,0.62
P000710,LOC000112,PRESENT_AT_INCIDENT,2024-06-11,FIR,0.83
P000673,LOC000112,PRESENT_AT_INCIDENT,2024-06-11,FIR,0.78
P000681,LOC000112,PRESENT_AT_INCIDENT,2024-06-11,FIR,0.63
P000701,LOC000112,PRESENT_AT_INCIDENT,2024-06-11,FIR,0.62
P000672,LOC000112,PRESENT_AT_INCIDENT,2024-06-11,FIR,0.89
P000711,LOC000112,PRESENT_AT_INCIDENT,2024-06-11,FIR,0.66
P000697,LOC000112,PRESENT_AT_INCIDENT,2024-06-11,FIR,0.87
P000373,LOC000097,PRESENT_AT_INCIDENT,2025-08-22,FIR,0.66
P000364,LOC000097,PRESENT_AT_INCIDENT,2025-08-22,FIR,0.63
P000360,LOC000097,PRESENT_AT_INCIDENT,2025-08-22,FIR,0.76
P000855,LOC000113,PRESENT_AT_INCIDENT,2023-08-06,FIR,0.95
P000358,LOC000037,PRESENT_AT_INCIDENT,2026-04-16,FIR,0.75
P000789,LOC000032,PRESENT_AT_INCIDENT,2026-04-03,FIR,0.79
P000792,LOC000032,PRESENT_AT_INCIDENT,2026-04-03,FIR,0.77
P000771,LOC000032,PRESENT_AT_INCIDENT,2026-04-03,FIR,0.94
P000784,LOC000032,PRESENT_AT_INCIDENT,2026-04-03,FIR,0.61
P000767,LOC000032,PRESENT_AT_INCIDENT,2026-04-03,FIR,0.89
P000877,LOC000019,PRESENT_AT_INCIDENT,2023-01-26,FIR,0.87
P000867,LOC000019,PRESENT_AT_INCIDENT,2023-01-26,FIR,0.65
P000692,LOC000114,PRESENT_AT_INCIDENT,2024-11-01,FIR,0.72
P000799,LOC000019,PRESENT_AT_INCIDENT,2025-04-13,FIR,0.84
P000764,LOC000019,PRESENT_AT_INCIDENT,2025-04-13,FIR,0.85
P000796,LOC000019,PRESENT_AT_INCIDENT,2025-04-13,FIR,0.79
P000788,LOC000019,PRESENT_AT_INCIDENT,2025-04-13,FIR,0.8
P000925,LOC000118,PRESENT_AT_INCIDENT,2021-10-20,FIR,0.85
P000912,LOC000118,PRESENT_AT_INCIDENT,2021-10-20,FIR,0.65
P000922,LOC000118,PRESENT_AT_INCIDENT,2021-10-20,FIR,0.71
P000985,LOC000118,PRESENT_AT_INCIDENT,2021-10-20,FIR,0.85
P000593,LOC000115,PRESENT_AT_INCIDENT,2022-07-20,FIR,0.78
P000610,LOC000115,PRESENT_AT_INCIDENT,2022-07-20,FIR,0.98
P000114,LOC000064,PRESENT_AT_INCIDENT,2024-11-23,FIR,0.74
P000111,LOC000064,PRESENT_AT_INCIDENT,2024-11-23,FIR,0.9
P000134,LOC000064,PRESENT_AT_INCIDENT,2024-11-23,FIR,0.86
P000933,LOC000024,PRESENT_AT_INCIDENT,2023-02-23,FIR,0.9
P000849,LOC000047,PRESENT_AT_INCIDENT,2025-05-12,FIR,0.71
P000868,LOC000047,PRESENT_AT_INCIDENT,2025-05-12,FIR,0.62
P000860,LOC000047,PRESENT_AT_INCIDENT,2025-05-12,FIR,0.71
P000857,LOC000047,PRESENT_AT_INCIDENT,2025-05-12,FIR,0.96
P000803,LOC000063,PRESENT_AT_INCIDENT,2025-12-19,FIR,0.97
P000838,LOC000063,PRESENT_AT_INCIDENT,2025-12-19,FIR,0.83
P000820,LOC000063,PRESENT_AT_INCIDENT,2025-12-19,FIR,0.86
P000151,LOC000069,PRESENT_AT_INCIDENT,2026-06-23,FIR,0.73
P000164,LOC000069,PRESENT_AT_INCIDENT,2026-06-23,FIR,0.69
P000106,LOC000069,PRESENT_AT_INCIDENT,2026-06-23,FIR,0.83
P000781,LOC000035,PRESENT_AT_INCIDENT,2022-06-22,FIR,0.9
P000791,LOC000035,PRESENT_AT_INCIDENT,2022-06-22,FIR,0.78
P000775,LOC000035,PRESENT_AT_INCIDENT,2022-06-22,FIR,0.72
P000785,LOC000035,PRESENT_AT_INCIDENT,2022-06-22,FIR,0.64
P000726,LOC000010,PRESENT_AT_INCIDENT,2025-08-18,FIR,0.95
P000720,LOC000010,PRESENT_AT_INCIDENT,2025-08-18,FIR,0.67
P000922,LOC000102,PRESENT_AT_INCIDENT,2025-03-17,FIR,0.85
P000997,LOC000102,PRESENT_AT_INCIDENT,2025-03-17,FIR,0.97
P000008,LOC000072,PRESENT_AT_INCIDENT,2020-05-04,FIR,0.97
P000353,LOC000086,PRESENT_AT_INCIDENT,2023-08-04,FIR,0.62
P000308,LOC000086,PRESENT_AT_INCIDENT,2023-08-04,FIR,0.79
P000347,LOC000086,PRESENT_AT_INCIDENT,2023-08-04,FIR,0.63
P000329,LOC000086,PRESENT_AT_INCIDENT,2023-08-04,FIR,0.9
P000354,LOC000086,PRESENT_AT_INCIDENT,2023-08-04,FIR,0.83
P000341,LOC000086,PRESENT_AT_INCIDENT,2023-08-04,FIR,0.85
P000306,LOC000086,PRESENT_AT_INCIDENT,2023-08-04,FIR,0.75
P000994,LOC000017,PRESENT_AT_INCIDENT,2021-08-27,FIR,0.97
P000968,LOC000017,PRESENT_AT_INCIDENT,2021-08-27,FIR,0.65
P000700,LOC000111,PRESENT_AT_INCIDENT,2023-02-19,FIR,0.98
P000798,LOC000047,PRESENT_AT_INCIDENT,2025-10-17,FIR,0.83
P000765,LOC000047,PRESENT_AT_INCIDENT,2025-10-17,FIR,0.86
P000792,LOC000047,PRESENT_AT_INCIDENT,2025-10-17,FIR,0.7
P000732,LOC000005,PRESENT_AT_INCIDENT,2021-07-01,FIR,0.96
P000726,LOC000005,PRESENT_AT_INCIDENT,2021-07-01,FIR,0.94
P000748,LOC000005,PRESENT_AT_INCIDENT,2021-07-01,FIR,0.98
P000757,LOC000005,PRESENT_AT_INCIDENT,2021-07-01,FIR,0.75
P000484,LOC000040,PRESENT_AT_INCIDENT,2021-04-18,FIR,0.8
P000104,LOC000068,PRESENT_AT_INCIDENT,2024-07-26,FIR,0.67
P000140,LOC000068,PRESENT_AT_INCIDENT,2024-07-26,FIR,0.88
P000590,LOC000026,PRESENT_AT_INCIDENT,2022-07-31,FIR,0.74
P000581,LOC000026,PRESENT_AT_INCIDENT,2022-07-31,FIR,0.73
P000584,LOC000026,PRESENT_AT_INCIDENT,2022-07-31,FIR,0.72
P000603,LOC000026,PRESENT_AT_INCIDENT,2022-07-31,FIR,0.97
P000589,LOC000026,PRESENT_AT_INCIDENT,2022-07-31,FIR,0.86
P000497,LOC000077,PRESENT_AT_INCIDENT,2023-05-25,FIR,0.76
P000492,LOC000077,PRESENT_AT_INCIDENT,2023-05-25,FIR,0.85
P000500,LOC000077,PRESENT_AT_INCIDENT,2023-05-25,FIR,0.62
P000473,LOC000077,PRESENT_AT_INCIDENT,2023-05-25,FIR,0.97
P000479,LOC000077,PRESENT_AT_INCIDENT,2023-05-25,FIR,0.63
P000980,LOC000008,PRESENT_AT_INCIDENT,2025-02-24,FIR,0.65
P000955,LOC000008,PRESENT_AT_INCIDENT,2025-02-24,FIR,0.72
P000017,LOC000071,PRESENT_AT_INCIDENT,2025-06-20,FIR,0.73
P000059,LOC000071,PRESENT_AT_INCIDENT,2025-06-20,FIR,0.71
P000061,LOC000071,PRESENT_AT_INCIDENT,2025-06-20,FIR,0.81
P000169,LOC000016,PRESENT_AT_INCIDENT,2021-08-11,FIR,0.83
P000130,LOC000016,PRESENT_AT_INCIDENT,2021-08-11,FIR,0.73
P000681,LOC000111,PRESENT_AT_INCIDENT,2025-12-28,FIR,0.64
P000700,LOC000111,PRESENT_AT_INCIDENT,2025-12-28,FIR,0.73
P000696,LOC000111,PRESENT_AT_INCIDENT,2025-12-28,FIR,0.81
P000503,LOC000036,PRESENT_AT_INCIDENT,2025-02-02,FIR,0.66
P000499,LOC000036,PRESENT_AT_INCIDENT,2025-02-02,FIR,0.82
P000510,LOC000036,PRESENT_AT_INCIDENT,2025-02-02,FIR,0.76
P000472,LOC000036,PRESENT_AT_INCIDENT,2025-02-02,FIR,0.65
P000360,LOC000102,PRESENT_AT_INCIDENT,2023-08-02,FIR,0.73
P000410,LOC000102,PRESENT_AT_INCIDENT,2023-08-02,FIR,0.95
P000379,LOC000069,PRESENT_AT_INCIDENT,2023-11-09,FIR,0.81
P000407,LOC000069,PRESENT_AT_INCIDENT,2023-11-09,FIR,0.66
P000410,LOC000069,PRESENT_AT_INCIDENT,2023-11-09,FIR,0.73
P000398,LOC000069,PRESENT_AT_INCIDENT,2023-11-09,FIR,0.83
P000925,LOC000108,PRESENT_AT_INCIDENT,2025-10-06,FIR,0.88
P000904,LOC000108,PRESENT_AT_INCIDENT,2025-10-06,FIR,0.7
P000897,LOC000108,PRESENT_AT_INCIDENT,2025-10-06,FIR,0.92
P000972,LOC000108,PRESENT_AT_INCIDENT,2025-10-06,FIR,0.95
P000889,LOC000108,PRESENT_AT_INCIDENT,2025-10-06,FIR,0.76
P000679,LOC000110,PRESENT_AT_INCIDENT,2024-02-29,FIR,0.88
P000696,LOC000110,PRESENT_AT_INCIDENT,2024-02-29,FIR,0.81
P000674,LOC000110,PRESENT_AT_INCIDENT,2024-02-29,FIR,0.81
P000684,LOC000110,PRESENT_AT_INCIDENT,2024-02-29,FIR,0.83
P000678,LOC000110,PRESENT_AT_INCIDENT,2024-02-29,FIR,0.62
P000439,LOC000049,PRESENT_AT_INCIDENT,2023-03-17,FIR,0.73
P000442,LOC000049,PRESENT_AT_INCIDENT,2023-03-17,FIR,0.71
P000726,LOC000008,PRESENT_AT_INCIDENT,2026-05-09,FIR,0.85
P000321,LOC000071,PRESENT_AT_INCIDENT,2022-01-11,FIR,0.84
P000142,LOC000057,PRESENT_AT_INCIDENT,2024-02-14,FIR,0.66
P000097,LOC000057,PRESENT_AT_INCIDENT,2024-02-14,FIR,0.65
P000872,LOC000050,PRESENT_AT_INCIDENT,2025-07-10,FIR,0.89
P000880,LOC000050,PRESENT_AT_INCIDENT,2025-07-10,FIR,0.75
P000858,LOC000050,PRESENT_AT_INCIDENT,2025-07-10,FIR,0.96
P000854,LOC000050,PRESENT_AT_INCIDENT,2025-07-10,FIR,0.68
P000006,LOC000074,PRESENT_AT_INCIDENT,2019-12-25,FIR,0.75
P000059,LOC000074,PRESENT_AT_INCIDENT,2019-12-25,FIR,0.94
P000625,LOC000123,PRESENT_AT_INCIDENT,2022-01-24,FIR,0.93
P000736,LOC000016,PRESENT_AT_INCIDENT,2025-11-01,FIR,0.74
P000731,LOC000016,PRESENT_AT_INCIDENT,2025-11-01,FIR,0.61
P000649,LOC000094,PRESENT_AT_INCIDENT,2020-07-05,FIR,0.97
P000664,LOC000094,PRESENT_AT_INCIDENT,2020-07-05,FIR,0.88
P000878,LOC000016,PRESENT_AT_INCIDENT,2025-06-26,FIR,0.91
P000868,LOC000016,PRESENT_AT_INCIDENT,2025-06-26,FIR,0.71
P000867,LOC000016,PRESENT_AT_INCIDENT,2025-06-26,FIR,0.81
P000295,LOC000014,PRESENT_AT_INCIDENT,2022-03-19,FIR,0.82
P000323,LOC000014,PRESENT_AT_INCIDENT,2022-03-19,FIR,0.82
P000307,LOC000014,PRESENT_AT_INCIDENT,2022-03-19,FIR,0.83
P000321,LOC000014,PRESENT_AT_INCIDENT,2022-03-19,FIR,0.81
P000566,LOC000033,PRESENT_AT_INCIDENT,2021-11-26,FIR,0.95
P000562,LOC000033,PRESENT_AT_INCIDENT,2021-11-26,FIR,0.8
P000742,LOC000004,PRESENT_AT_INCIDENT,2025-04-12,FIR,0.68
P000759,LOC000004,PRESENT_AT_INCIDENT,2025-04-12,FIR,0.82
P000741,LOC000009,PRESENT_AT_INCIDENT,2026-06-04,FIR,0.76
P000738,LOC000009,PRESENT_AT_INCIDENT,2026-06-04,FIR,0.74
P000752,LOC000009,PRESENT_AT_INCIDENT,2026-06-04,FIR,0.94
P000742,LOC000009,PRESENT_AT_INCIDENT,2026-06-04,FIR,0.9
P000344,LOC000086,PRESENT_AT_INCIDENT,2024-07-12,FIR,0.63
P000293,LOC000086,PRESENT_AT_INCIDENT,2024-07-12,FIR,0.91
P000309,LOC000086,PRESENT_AT_INCIDENT,2024-07-12,FIR,0.66
P000303,LOC000086,PRESENT_AT_INCIDENT,2024-07-12,FIR,0.97
P000353,LOC000086,PRESENT_AT_INCIDENT,2024-07-12,FIR,0.8
P000852,LOC000081,PRESENT_AT_INCIDENT,2024-09-01,FIR,0.97
P000865,LOC000081,PRESENT_AT_INCIDENT,2024-09-01,FIR,0.78
P000862,LOC000081,PRESENT_AT_INCIDENT,2024-09-01,FIR,0.83
P001000,LOC000119,PRESENT_AT_INCIDENT,2025-10-04,FIR,0.95
P000964,LOC000119,PRESENT_AT_INCIDENT,2025-10-04,FIR,0.82
P000968,LOC000119,PRESENT_AT_INCIDENT,2025-10-04,FIR,0.92
P000671,LOC000053,PRESENT_AT_INCIDENT,2022-04-13,FIR,0.7
P000685,LOC000053,PRESENT_AT_INCIDENT,2022-04-13,FIR,0.94
P000873,LOC000094,PRESENT_AT_INCIDENT,2025-10-30,FIR,0.85
P000851,LOC000094,PRESENT_AT_INCIDENT,2025-10-30,FIR,0.62
P000850,LOC000094,PRESENT_AT_INCIDENT,2025-10-30,FIR,0.89
P000855,LOC000094,PRESENT_AT_INCIDENT,2025-10-30,FIR,0.68
P000975,LOC000124,PRESENT_AT_INCIDENT,2025-07-02,FIR,0.93
P000010,LOC000100,PRESENT_AT_INCIDENT,2023-10-04,FIR,0.8
P000083,LOC000100,PRESENT_AT_INCIDENT,2023-10-04,FIR,0.72
P000683,LOC000048,PRESENT_AT_INCIDENT,2025-08-23,FIR,0.72
P000701,LOC000048,PRESENT_AT_INCIDENT,2025-08-23,FIR,0.67
P000874,LOC000113,PRESENT_AT_INCIDENT,2025-11-06,FIR,0.81
P000868,LOC000113,PRESENT_AT_INCIDENT,2025-11-06,FIR,0.69
P000747,LOC000072,PRESENT_AT_INCIDENT,2023-07-08,FIR,0.71
P000762,LOC000072,PRESENT_AT_INCIDENT,2023-07-08,FIR,0.91
P000768,LOC000034,PRESENT_AT_INCIDENT,2025-12-03,FIR,0.85
P000795,LOC000034,PRESENT_AT_INCIDENT,2025-12-03,FIR,0.9
P000709,LOC000041,PRESENT_AT_INCIDENT,2026-01-04,FIR,0.63
P000668,LOC000041,PRESENT_AT_INCIDENT,2026-01-04,FIR,0.86
P000094,LOC000120,PRESENT_AT_INCIDENT,2025-03-25,FIR,0.7
P000116,LOC000015,PRESENT_AT_INCIDENT,2023-02-07,FIR,0.95
P000144,LOC000015,PRESENT_AT_INCIDENT,2023-02-07,FIR,0.64
P000166,LOC000015,PRESENT_AT_INCIDENT,2023-02-07,FIR,0.92
P000137,LOC000015,PRESENT_AT_INCIDENT,2023-02-07,FIR,0.69
P000982,LOC000121,PRESENT_AT_INCIDENT,2026-02-03,FIR,0.9
P000999,LOC000121,PRESENT_AT_INCIDENT,2026-02-03,FIR,0.83
P000370,LOC000096,PRESENT_AT_INCIDENT,2025-03-06,FIR,0.96
P000744,LOC000003,PRESENT_AT_INCIDENT,2022-04-01,FIR,0.84
P000728,LOC000003,PRESENT_AT_INCIDENT,2022-04-01,FIR,0.62
P000749,LOC000003,PRESENT_AT_INCIDENT,2022-04-01,FIR,0.61
P000746,LOC000003,PRESENT_AT_INCIDENT,2022-04-01,FIR,0.73
P000934,LOC000125,PRESENT_AT_INCIDENT,2024-08-16,FIR,0.69
P000942,LOC000125,PRESENT_AT_INCIDENT,2024-08-16,FIR,0.8
P000962,LOC000125,PRESENT_AT_INCIDENT,2024-08-16,FIR,0.69
P000888,LOC000125,PRESENT_AT_INCIDENT,2024-08-16,FIR,0.84
P000889,LOC000125,PRESENT_AT_INCIDENT,2024-08-16,FIR,0.72
P000735,LOC000071,PRESENT_AT_INCIDENT,2022-07-28,FIR,0.72
P000732,LOC000071,PRESENT_AT_INCIDENT,2022-07-28,FIR,0.71
P000751,LOC000071,PRESENT_AT_INCIDENT,2022-07-28,FIR,0.97
P000740,LOC000071,PRESENT_AT_INCIDENT,2022-07-28,FIR,0.61
P000752,LOC000071,PRESENT_AT_INCIDENT,2022-07-28,FIR,0.88
P000715,LOC000071,PRESENT_AT_INCIDENT,2022-07-28,FIR,0.63
P000757,LOC000071,PRESENT_AT_INCIDENT,2022-07-28,FIR,0.82
P000457,LOC000041,PRESENT_AT_INCIDENT,2024-09-24,FIR,0.79
P000438,LOC000041,PRESENT_AT_INCIDENT,2024-09-24,FIR,0.83
P000418,LOC000041,PRESENT_AT_INCIDENT,2024-09-24,FIR,0.93
P000889,LOC000037,PRESENT_AT_INCIDENT,2023-11-13,FIR,0.85
P000953,LOC000037,PRESENT_AT_INCIDENT,2023-11-13,FIR,0.79
P000982,LOC000037,PRESENT_AT_INCIDENT,2023-11-13,FIR,0.71
P000920,LOC000037,PRESENT_AT_INCIDENT,2023-11-13,FIR,0.66
P000106,LOC000121,PRESENT_AT_INCIDENT,2024-11-14,FIR,0.94
P000141,LOC000121,PRESENT_AT_INCIDENT,2024-11-14,FIR,0.94
P000972,LOC000109,PRESENT_AT_INCIDENT,2026-04-13,FIR,0.81
P000892,LOC000109,PRESENT_AT_INCIDENT,2026-04-13,FIR,0.61
P000986,LOC000109,PRESENT_AT_INCIDENT,2026-04-13,FIR,0.9
P000754,LOC000086,PRESENT_AT_INCIDENT,2022-07-13,FIR,0.63
P000754,LOC000087,PRESENT_AT_INCIDENT,2025-11-03,FIR,0.73
P000728,LOC000087,PRESENT_AT_INCIDENT,2025-11-03,FIR,0.82
P000449,LOC000050,PRESENT_AT_INCIDENT,2021-05-27,FIR,0.66
P000423,LOC000050,PRESENT_AT_INCIDENT,2021-05-27,FIR,0.69
P000444,LOC000050,PRESENT_AT_INCIDENT,2021-05-27,FIR,0.61
P000466,LOC000050,PRESENT_AT_INCIDENT,2021-05-27,FIR,0.78
P000982,LOC000048,PRESENT_AT_INCIDENT,2025-05-12,FIR,0.94
P000955,LOC000048,PRESENT_AT_INCIDENT,2025-05-12,FIR,0.88
P000442,LOC000041,PRESENT_AT_INCIDENT,2024-06-28,FIR,0.8
P000447,LOC000041,PRESENT_AT_INCIDENT,2024-06-28,FIR,0.93
P000454,LOC000115,PRESENT_AT_INCIDENT,2025-08-21,FIR,0.66
P000190,LOC000015,PRESENT_AT_INCIDENT,2022-07-31,FIR,0.78
P000200,LOC000015,PRESENT_AT_INCIDENT,2022-07-31,FIR,0.77
P000286,LOC000015,PRESENT_AT_INCIDENT,2022-07-31,FIR,0.68
P000220,LOC000015,PRESENT_AT_INCIDENT,2022-07-31,FIR,0.87
P000275,LOC000015,PRESENT_AT_INCIDENT,2022-07-31,FIR,0.64
P000724,LOC000070,PRESENT_AT_INCIDENT,2024-04-22,FIR,0.86
P000719,LOC000070,PRESENT_AT_INCIDENT,2024-04-22,FIR,0.79
P000734,LOC000070,PRESENT_AT_INCIDENT,2024-04-22,FIR,0.71
P000728,LOC000070,PRESENT_AT_INCIDENT,2024-04-22,FIR,0.71
P000738,LOC000070,PRESENT_AT_INCIDENT,2024-04-22,FIR,0.85
P000420,LOC000102,PRESENT_AT_INCIDENT,2022-04-18,FIR,0.86
P000892,LOC000032,PRESENT_AT_INCIDENT,2023-03-06,FIR,0.65
P000899,LOC000032,PRESENT_AT_INCIDENT,2023-03-06,FIR,0.85
P000896,LOC000032,PRESENT_AT_INCIDENT,2023-03-06,FIR,0.71
P000974,LOC000032,PRESENT_AT_INCIDENT,2023-03-06,FIR,0.87
P000889,LOC000073,PRESENT_AT_INCIDENT,2024-04-03,FIR,0.95
P000949,LOC000073,PRESENT_AT_INCIDENT,2024-04-03,FIR,0.96
P000959,LOC000073,PRESENT_AT_INCIDENT,2024-04-03,FIR,0.87
P000978,LOC000073,PRESENT_AT_INCIDENT,2024-04-03,FIR,0.61
P000721,LOC000020,PRESENT_AT_INCIDENT,2026-05-28,FIR,0.72
P000347,LOC000017,PRESENT_AT_INCIDENT,2025-02-03,FIR,0.71
P000346,LOC000017,PRESENT_AT_INCIDENT,2025-02-03,FIR,0.94
P000312,LOC000017,PRESENT_AT_INCIDENT,2025-02-03,FIR,0.89
P000085,LOC000072,PRESENT_AT_INCIDENT,2026-05-09,FIR,0.93
P000046,LOC000072,PRESENT_AT_INCIDENT,2026-05-09,FIR,0.66
P000491,LOC000040,PRESENT_AT_INCIDENT,2021-08-27,FIR,0.86
P000517,LOC000040,PRESENT_AT_INCIDENT,2021-08-27,FIR,0.82
P000502,LOC000040,PRESENT_AT_INCIDENT,2021-08-27,FIR,0.62
P000505,LOC000040,PRESENT_AT_INCIDENT,2021-08-27,FIR,0.66
P000277,LOC000020,PRESENT_AT_INCIDENT,2025-08-29,FIR,0.91
P000181,LOC000020,PRESENT_AT_INCIDENT,2025-08-29,FIR,0.79
P000248,LOC000020,PRESENT_AT_INCIDENT,2025-08-29,FIR,0.87
P000209,LOC000020,PRESENT_AT_INCIDENT,2025-08-29,FIR,0.75
P000204,LOC000020,PRESENT_AT_INCIDENT,2025-08-29,FIR,0.72
P000381,LOC000079,PRESENT_AT_INCIDENT,2022-11-17,FIR,0.63
P000401,LOC000079,PRESENT_AT_INCIDENT,2022-11-17,FIR,0.76
P000368,LOC000079,PRESENT_AT_INCIDENT,2022-11-17,FIR,0.9
P000400,LOC000079,PRESENT_AT_INCIDENT,2022-11-17,FIR,0.61
P000868,LOC000049,PRESENT_AT_INCIDENT,2025-08-18,FIR,0.63
P000872,LOC000049,PRESENT_AT_INCIDENT,2025-08-18,FIR,0.94
P000852,LOC000049,PRESENT_AT_INCIDENT,2025-08-18,FIR,0.63
P000878,LOC000049,PRESENT_AT_INCIDENT,2025-08-18,FIR,0.73
P000671,LOC000044,PRESENT_AT_INCIDENT,2025-08-21,FIR,0.74
P000693,LOC000044,PRESENT_AT_INCIDENT,2025-08-21,FIR,0.9
P000139,LOC000121,PRESENT_AT_INCIDENT,2020-11-16,FIR,0.94
P000165,LOC000121,PRESENT_AT_INCIDENT,2020-11-16,FIR,0.76
P000153,LOC000121,PRESENT_AT_INCIDENT,2020-11-16,FIR,0.83
P000174,LOC000121,PRESENT_AT_INCIDENT,2020-11-16,FIR,0.91
P000110,LOC000121,PRESENT_AT_INCIDENT,2020-11-16,FIR,0.74
P000862,LOC000113,PRESENT_AT_INCIDENT,2025-01-07,FIR,0.85
P000358,LOC000078,PRESENT_AT_INCIDENT,2021-10-16,FIR,0.84
P000733,LOC000102,PRESENT_AT_INCIDENT,2021-10-22,FIR,0.87
P000724,LOC000102,PRESENT_AT_INCIDENT,2021-10-22,FIR,0.77
P000729,LOC000102,PRESENT_AT_INCIDENT,2021-10-22,FIR,0.94
P000747,LOC000102,PRESENT_AT_INCIDENT,2021-10-22,FIR,0.86
P000715,LOC000102,PRESENT_AT_INCIDENT,2021-10-22,FIR,0.66
P000887,LOC000067,PRESENT_AT_INCIDENT,2023-06-20,FIR,0.92
P000950,LOC000067,PRESENT_AT_INCIDENT,2023-06-20,FIR,0.79
P000889,LOC000027,PRESENT_AT_INCIDENT,2024-07-10,FIR,0.7
P000888,LOC000027,PRESENT_AT_INCIDENT,2024-07-10,FIR,0.65
P000896,LOC000027,PRESENT_AT_INCIDENT,2024-07-10,FIR,0.6
P000318,LOC000107,PRESENT_AT_INCIDENT,2022-02-06,FIR,0.97
P000329,LOC000107,PRESENT_AT_INCIDENT,2022-02-06,FIR,0.61
P000319,LOC000107,PRESENT_AT_INCIDENT,2022-02-06,FIR,0.62
P000297,LOC000107,PRESENT_AT_INCIDENT,2022-02-06,FIR,0.68
P000298,LOC000107,PRESENT_AT_INCIDENT,2022-02-06,FIR,0.75
P000943,LOC000051,PRESENT_AT_INCIDENT,2023-10-05,FIR,0.95
P000905,LOC000051,PRESENT_AT_INCIDENT,2023-10-05,FIR,0.93
P000964,LOC000051,PRESENT_AT_INCIDENT,2023-10-05,FIR,0.67
P000506,LOC000081,PRESENT_AT_INCIDENT,2026-05-14,FIR,0.63
P000497,LOC000081,PRESENT_AT_INCIDENT,2026-05-14,FIR,0.71
P000483,LOC000081,PRESENT_AT_INCIDENT,2026-05-14,FIR,0.93
P000505,LOC000081,PRESENT_AT_INCIDENT,2026-05-14,FIR,0.84
P000472,LOC000031,PRESENT_AT_INCIDENT,2021-07-01,FIR,0.61
P000742,LOC000073,PRESENT_AT_INCIDENT,2024-07-18,FIR,0.95
P000753,LOC000073,PRESENT_AT_INCIDENT,2024-07-18,FIR,0.8
P000826,LOC000023,PRESENT_AT_INCIDENT,2025-02-14,FIR,0.88
P000823,LOC000023,PRESENT_AT_INCIDENT,2025-02-14,FIR,0.95
P000849,LOC000115,PRESENT_AT_INCIDENT,2025-04-13,FIR,0.79
P000868,LOC000115,PRESENT_AT_INCIDENT,2025-04-13,FIR,0.9
P000848,LOC000115,PRESENT_AT_INCIDENT,2025-04-13,FIR,0.93
P000874,LOC000115,PRESENT_AT_INCIDENT,2025-04-13,FIR,0.76
P000854,LOC000115,PRESENT_AT_INCIDENT,2025-04-13,FIR,0.97
P000502,LOC000047,PRESENT_AT_INCIDENT,2026-06-25,FIR,0.86
P000495,LOC000047,PRESENT_AT_INCIDENT,2026-06-25,FIR,0.76
P000518,LOC000047,PRESENT_AT_INCIDENT,2026-06-25,FIR,0.76
P000991,LOC000117,PRESENT_AT_INCIDENT,2024-02-29,FIR,0.96
P000920,LOC000117,PRESENT_AT_INCIDENT,2024-02-29,FIR,0.93
P000745,LOC000076,PRESENT_AT_INCIDENT,2026-06-13,FIR,0.86
P000753,LOC000076,PRESENT_AT_INCIDENT,2026-06-13,FIR,0.66
P000760,LOC000071,PRESENT_AT_INCIDENT,2022-12-06,FIR,0.78
P000729,LOC000071,PRESENT_AT_INCIDENT,2022-12-06,FIR,0.87
P000707,LOC000041,PRESENT_AT_INCIDENT,2021-12-28,FIR,0.95
P000703,LOC000041,PRESENT_AT_INCIDENT,2021-12-28,FIR,0.9
P000677,LOC000041,PRESENT_AT_INCIDENT,2021-12-28,FIR,0.69
P000147,LOC000062,PRESENT_AT_INCIDENT,2024-04-01,FIR,0.76
P000122,LOC000062,PRESENT_AT_INCIDENT,2024-04-01,FIR,0.78
P000171,LOC000062,PRESENT_AT_INCIDENT,2024-04-01,FIR,0.86
P000149,LOC000062,PRESENT_AT_INCIDENT,2024-04-01,FIR,0.93
P000138,LOC000062,PRESENT_AT_INCIDENT,2024-04-01,FIR,0.73
P000317,LOC000083,PRESENT_AT_INCIDENT,2019-12-13,FIR,0.6
P000348,LOC000083,PRESENT_AT_INCIDENT,2019-12-13,FIR,0.93
P000345,LOC000083,PRESENT_AT_INCIDENT,2019-12-13,FIR,0.97
P000320,LOC000083,PRESENT_AT_INCIDENT,2019-12-13,FIR,0.74
P000926,LOC000023,PRESENT_AT_INCIDENT,2025-06-25,FIR,0.71
P000901,LOC000023,PRESENT_AT_INCIDENT,2025-06-25,FIR,0.61
P000908,LOC000023,PRESENT_AT_INCIDENT,2025-06-25,FIR,0.63
P000375,LOC000024,PRESENT_AT_INCIDENT,2025-12-22,FIR,0.76
P000369,LOC000024,PRESENT_AT_INCIDENT,2025-12-22,FIR,0.79
P000640,LOC000109,PRESENT_AT_INCIDENT,2022-08-31,FIR,0.85
P000986,LOC000057,PRESENT_AT_INCIDENT,2026-05-20,FIR,0.83
P000951,LOC000059,PRESENT_AT_INCIDENT,2025-06-09,FIR,0.73
P000937,LOC000059,PRESENT_AT_INCIDENT,2025-06-09,FIR,0.92
P000888,LOC000059,PRESENT_AT_INCIDENT,2025-06-09,FIR,0.73
P000938,LOC000059,PRESENT_AT_INCIDENT,2025-06-09,FIR,0.91
P000104,LOC000120,PRESENT_AT_INCIDENT,2023-06-21,FIR,0.85
P000162,LOC000120,PRESENT_AT_INCIDENT,2023-06-21,FIR,0.65
P000137,LOC000120,PRESENT_AT_INCIDENT,2023-06-21,FIR,0.91
P000948,LOC000087,PRESENT_AT_INCIDENT,2024-02-17,FIR,0.66
P000895,LOC000087,PRESENT_AT_INCIDENT,2024-02-17,FIR,0.84
P000980,LOC000087,PRESENT_AT_INCIDENT,2024-02-17,FIR,0.67
P000936,LOC000087,PRESENT_AT_INCIDENT,2024-02-17,FIR,0.93
P000888,LOC000087,PRESENT_AT_INCIDENT,2024-02-17,FIR,0.74
P000796,LOC000046,PRESENT_AT_INCIDENT,2024-09-05,FIR,0.97
P000786,LOC000046,PRESENT_AT_INCIDENT,2024-09-05,FIR,0.61
P000768,LOC000046,PRESENT_AT_INCIDENT,2024-09-05,FIR,0.71
P000780,LOC000046,PRESENT_AT_INCIDENT,2024-09-05,FIR,0.83
P000131,LOC000120,PRESENT_AT_INCIDENT,2026-02-18,FIR,0.66
P000174,LOC000120,PRESENT_AT_INCIDENT,2026-02-18,FIR,0.77
P000082,LOC000102,PRESENT_AT_INCIDENT,2025-11-04,FIR,0.86
P000055,LOC000102,PRESENT_AT_INCIDENT,2025-11-04,FIR,0.8
P000747,LOC000008,PRESENT_AT_INCIDENT,2023-06-03,FIR,0.7
P000714,LOC000008,PRESENT_AT_INCIDENT,2023-06-03,FIR,0.64
P000742,LOC000008,PRESENT_AT_INCIDENT,2023-06-03,FIR,0.93
P000761,LOC000008,PRESENT_AT_INCIDENT,2023-06-03,FIR,0.77
P000757,LOC000008,PRESENT_AT_INCIDENT,2023-06-03,FIR,0.67
P000430,LOC000018,PRESENT_AT_INCIDENT,2023-03-12,FIR,0.61
P000437,LOC000018,PRESENT_AT_INCIDENT,2023-03-12,FIR,0.72
P000469,LOC000018,PRESENT_AT_INCIDENT,2023-03-12,FIR,0.83
P000448,LOC000018,PRESENT_AT_INCIDENT,2023-03-12,FIR,0.61
P000864,LOC000015,PRESENT_AT_INCIDENT,2021-08-20,FIR,0.68
P000866,LOC000015,PRESENT_AT_INCIDENT,2021-08-20,FIR,0.84
P000847,LOC000015,PRESENT_AT_INCIDENT,2021-08-20,FIR,0.89
P000052,LOC000073,PRESENT_AT_INCIDENT,2024-08-13,FIR,0.68
P000021,LOC000073,PRESENT_AT_INCIDENT,2024-08-13,FIR,0.82
P000142,LOC000057,PRESENT_AT_INCIDENT,2025-07-17,FIR,0.64
P000116,LOC000057,PRESENT_AT_INCIDENT,2025-07-17,FIR,0.9
P000589,LOC000115,PRESENT_AT_INCIDENT,2022-08-31,FIR,0.68
P000584,LOC000115,PRESENT_AT_INCIDENT,2022-08-31,FIR,0.61
P000796,LOC000046,PRESENT_AT_INCIDENT,2026-05-21,FIR,0.97
P000895,LOC000059,PRESENT_AT_INCIDENT,2024-08-23,FIR,0.7
P000928,LOC000059,PRESENT_AT_INCIDENT,2024-08-23,FIR,0.84
P000970,LOC000059,PRESENT_AT_INCIDENT,2024-08-23,FIR,0.97
P000927,LOC000122,PRESENT_AT_INCIDENT,2026-01-29,FIR,0.76
P000915,LOC000122,PRESENT_AT_INCIDENT,2026-01-29,FIR,0.88
P000982,LOC000122,PRESENT_AT_INCIDENT,2026-01-29,FIR,0.82
P000674,LOC000039,PRESENT_AT_INCIDENT,2026-02-05,FIR,0.74
P000670,LOC000039,PRESENT_AT_INCIDENT,2026-02-05,FIR,0.72
P000707,LOC000039,PRESENT_AT_INCIDENT,2026-02-05,FIR,0.63
P000692,LOC000047,PRESENT_AT_INCIDENT,2024-11-17,FIR,0.89
P000701,LOC000047,PRESENT_AT_INCIDENT,2024-11-17,FIR,0.63
P000690,LOC000047,PRESENT_AT_INCIDENT,2024-11-17,FIR,0.73
P000706,LOC000047,PRESENT_AT_INCIDENT,2024-11-17,FIR,0.65
P000682,LOC000115,PRESENT_AT_INCIDENT,2024-03-16,FIR,0.79
P000907,LOC000040,PRESENT_AT_INCIDENT,2025-07-18,FIR,0.75
P000933,LOC000040,PRESENT_AT_INCIDENT,2025-07-18,FIR,0.69
P000943,LOC000040,PRESENT_AT_INCIDENT,2025-07-18,FIR,0.92
P000918,LOC000040,PRESENT_AT_INCIDENT,2025-07-18,FIR,0.7
P000965,LOC000040,PRESENT_AT_INCIDENT,2025-07-18,FIR,0.73
P000147,LOC000058,PRESENT_AT_INCIDENT,2023-12-31,FIR,0.62
P000116,LOC000058,PRESENT_AT_INCIDENT,2023-12-31,FIR,0.77
P000518,LOC000037,PRESENT_AT_INCIDENT,2026-05-18,FIR,0.65
P000496,LOC000037,PRESENT_AT_INCIDENT,2026-05-18,FIR,0.75
P000501,LOC000037,PRESENT_AT_INCIDENT,2026-05-18,FIR,0.84
P000021,LOC000103,PRESENT_AT_INCIDENT,2020-02-15,FIR,0.62
P000185,LOC000017,PRESENT_AT_INCIDENT,2020-07-09,FIR,0.87
P000207,LOC000017,PRESENT_AT_INCIDENT,2020-07-09,FIR,0.61
P000474,LOC000052,PRESENT_AT_INCIDENT,2022-01-25,FIR,0.62
P000482,LOC000052,PRESENT_AT_INCIDENT,2022-01-25,FIR,0.8
P000195,LOC000043,PRESENT_AT_INCIDENT,2023-04-21,FIR,0.9
P000256,LOC000043,PRESENT_AT_INCIDENT,2023-04-21,FIR,0.7
P000255,LOC000043,PRESENT_AT_INCIDENT,2023-04-21,FIR,0.85
P000228,LOC000043,PRESENT_AT_INCIDENT,2023-04-21,FIR,0.65
P000224,LOC000043,PRESENT_AT_INCIDENT,2023-04-21,FIR,0.91
P000944,LOC000117,PRESENT_AT_INCIDENT,2025-10-27,FIR,0.62
P000689,LOC000036,PRESENT_AT_INCIDENT,2026-02-17,FIR,0.89
P000683,LOC000036,PRESENT_AT_INCIDENT,2026-02-17,FIR,0.88
P000677,LOC000036,PRESENT_AT_INCIDENT,2026-02-17,FIR,0.73
P000752,LOC000022,PRESENT_AT_INCIDENT,2026-01-26,FIR,0.69
P000735,LOC000022,PRESENT_AT_INCIDENT,2026-01-26,FIR,0.67
P000974,LOC000091,PRESENT_AT_INCIDENT,2025-09-25,FIR,0.64
P000930,LOC000091,PRESENT_AT_INCIDENT,2025-09-25,FIR,0.96
P000151,LOC000064,PRESENT_AT_INCIDENT,2023-03-26,FIR,0.84
P000721,LOC000087,PRESENT_AT_INCIDENT,2026-06-03,FIR,0.64
P000990,LOC000103,PRESENT_AT_INCIDENT,2023-03-03,FIR,0.97
P000895,LOC000103,PRESENT_AT_INCIDENT,2023-03-03,FIR,0.61
P000978,LOC000103,PRESENT_AT_INCIDENT,2023-03-03,FIR,0.96
P000934,LOC000103,PRESENT_AT_INCIDENT,2023-03-03,FIR,0.85
P000970,LOC000103,PRESENT_AT_INCIDENT,2023-03-03,FIR,0.82
P000912,LOC000103,PRESENT_AT_INCIDENT,2023-03-03,FIR,0.86
P000957,LOC000103,PRESENT_AT_INCIDENT,2023-03-03,FIR,0.71
P000555,LOC000030,PRESENT_AT_INCIDENT,2026-03-05,FIR,0.66
P000519,LOC000030,PRESENT_AT_INCIDENT,2026-03-05,FIR,0.64
P000557,LOC000030,PRESENT_AT_INCIDENT,2026-03-05,FIR,0.88
P000544,LOC000030,PRESENT_AT_INCIDENT,2026-03-05,FIR,0.73
P000527,LOC000030,PRESENT_AT_INCIDENT,2026-03-05,FIR,0.61
P000507,LOC000007,PRESENT_AT_INCIDENT,2021-05-11,FIR,0.63
P000498,LOC000007,PRESENT_AT_INCIDENT,2021-05-11,FIR,0.91
P000512,LOC000007,PRESENT_AT_INCIDENT,2021-05-11,FIR,0.73
P000080,LOC000008,PRESENT_AT_INCIDENT,2024-12-21,FIR,0.68
P000082,LOC000008,PRESENT_AT_INCIDENT,2024-12-21,FIR,0.75
P000054,LOC000008,PRESENT_AT_INCIDENT,2024-12-21,FIR,0.68
P000424,LOC000039,PRESENT_AT_INCIDENT,2025-02-11,FIR,0.62
P000465,LOC000039,PRESENT_AT_INCIDENT,2025-02-11,FIR,0.76
P000103,LOC000058,PRESENT_AT_INCIDENT,2025-12-02,FIR,0.91
P000736,LOC000020,PRESENT_AT_INCIDENT,2023-03-03,FIR,0.91
P000735,LOC000020,PRESENT_AT_INCIDENT,2023-03-03,FIR,0.96
P000740,LOC000020,PRESENT_AT_INCIDENT,2023-03-03,FIR,0.72
P000420,LOC000014,PRESENT_AT_INCIDENT,2021-04-05,FIR,0.67
P000463,LOC000014,PRESENT_AT_INCIDENT,2021-04-05,FIR,0.66
P000454,LOC000014,PRESENT_AT_INCIDENT,2021-04-05,FIR,0.83
P000464,LOC000014,PRESENT_AT_INCIDENT,2021-04-05,FIR,0.83
P000423,LOC000014,PRESENT_AT_INCIDENT,2021-04-05,FIR,0.75
P000818,LOC000060,PRESENT_AT_INCIDENT,2026-02-22,FIR,0.85
P000671,LOC000052,PRESENT_AT_INCIDENT,2025-12-21,FIR,0.73
P000692,LOC000052,PRESENT_AT_INCIDENT,2025-12-21,FIR,0.77
P000103,LOC000120,PRESENT_AT_INCIDENT,2022-09-04,FIR,0.89
P000899,LOC000117,PRESENT_AT_INCIDENT,2024-03-23,FIR,0.61
P000684,LOC000109,PRESENT_AT_INCIDENT,2026-04-28,FIR,0.84
P000675,LOC000109,PRESENT_AT_INCIDENT,2026-04-28,FIR,0.96
P000676,LOC000109,PRESENT_AT_INCIDENT,2026-04-28,FIR,0.72
P000937,LOC000070,PRESENT_AT_INCIDENT,2024-01-25,FIR,0.78
P000150,LOC000120,PRESENT_AT_INCIDENT,2026-02-09,FIR,0.92
P000163,LOC000120,PRESENT_AT_INCIDENT,2026-02-09,FIR,0.92
P000153,LOC000120,PRESENT_AT_INCIDENT,2026-02-09,FIR,0.82
P000150,LOC000066,PRESENT_AT_INCIDENT,2026-02-22,FIR,0.78
P000096,LOC000066,PRESENT_AT_INCIDENT,2026-02-22,FIR,0.87
P000108,LOC000066,PRESENT_AT_INCIDENT,2026-02-22,FIR,0.75
P000948,LOC000058,PRESENT_AT_INCIDENT,2024-06-11,FIR,0.81
P000839,LOC000054,PRESENT_AT_INCIDENT,2026-04-04,FIR,0.76
P000841,LOC000054,PRESENT_AT_INCIDENT,2026-04-04,FIR,0.87
P000815,LOC000054,PRESENT_AT_INCIDENT,2026-04-04,FIR,0.94
P000920,LOC000009,PRESENT_AT_INCIDENT,2025-04-03,FIR,0.87
P000908,LOC000009,PRESENT_AT_INCIDENT,2025-04-03,FIR,0.87
P000960,LOC000009,PRESENT_AT_INCIDENT,2025-04-03,FIR,0.94
P000928,LOC000009,PRESENT_AT_INCIDENT,2025-04-03,FIR,0.75
P000949,LOC000009,PRESENT_AT_INCIDENT,2025-04-03,FIR,0.62
P000918,LOC000009,PRESENT_AT_INCIDENT,2025-04-03,FIR,0.73
P000914,LOC000009,PRESENT_AT_INCIDENT,2025-04-03,FIR,0.89
P000122,LOC000120,PRESENT_AT_INCIDENT,2020-07-15,FIR,0.81
P000106,LOC000120,PRESENT_AT_INCIDENT,2020-07-15,FIR,0.76
P000407,LOC000035,PRESENT_AT_INCIDENT,2025-02-13,FIR,0.73
P000396,LOC000035,PRESENT_AT_INCIDENT,2025-02-13,FIR,0.92
P000395,LOC000035,PRESENT_AT_INCIDENT,2025-02-13,FIR,0.91
P000374,LOC000035,PRESENT_AT_INCIDENT,2025-02-13,FIR,0.7
P000720,LOC000022,PRESENT_AT_INCIDENT,2025-11-14,FIR,0.65
P000893,LOC000119,PRESENT_AT_INCIDENT,2023-07-02,FIR,0.68
P000666,LOC000111,PRESENT_AT_INCIDENT,2023-06-29,FIR,0.65
P000680,LOC000111,PRESENT_AT_INCIDENT,2023-06-29,FIR,0.71
P000773,LOC000024,PRESENT_AT_INCIDENT,2025-01-13,FIR,0.7
P000784,LOC000024,PRESENT_AT_INCIDENT,2025-01-13,FIR,0.69
P000769,LOC000024,PRESENT_AT_INCIDENT,2025-01-13,FIR,0.63
P000783,LOC000024,PRESENT_AT_INCIDENT,2025-01-13,FIR,0.62
P000533,LOC000029,PRESENT_AT_INCIDENT,2024-11-14,FIR,0.78
P000519,LOC000029,PRESENT_AT_INCIDENT,2024-11-14,FIR,0.97
P000564,LOC000029,PRESENT_AT_INCIDENT,2024-11-14,FIR,0.9
P000560,LOC000029,PRESENT_AT_INCIDENT,2024-11-14,FIR,0.69
P000695,LOC000109,PRESENT_AT_INCIDENT,2025-08-19,FIR,0.81
P000673,LOC000109,PRESENT_AT_INCIDENT,2025-08-19,FIR,0.85
P000697,LOC000109,PRESENT_AT_INCIDENT,2025-08-19,FIR,0.92
P000702,LOC000109,PRESENT_AT_INCIDENT,2025-08-19,FIR,0.97
P000813,LOC000016,PRESENT_AT_INCIDENT,2026-06-25,FIR,0.8
P000843,LOC000016,PRESENT_AT_INCIDENT,2026-06-25,FIR,0.75
P000172,LOC000068,PRESENT_AT_INCIDENT,2019-02-22,FIR,0.84
P000129,LOC000068,PRESENT_AT_INCIDENT,2019-02-22,FIR,0.91
P000105,LOC000068,PRESENT_AT_INCIDENT,2019-02-22,FIR,0.66
P000097,LOC000068,PRESENT_AT_INCIDENT,2019-02-22,FIR,0.81
P000702,LOC000109,PRESENT_AT_INCIDENT,2024-10-29,FIR,0.7
P000683,LOC000109,PRESENT_AT_INCIDENT,2024-10-29,FIR,0.63
P000682,LOC000109,PRESENT_AT_INCIDENT,2024-10-29,FIR,0.8
P000694,LOC000109,PRESENT_AT_INCIDENT,2024-10-29,FIR,0.88
P000673,LOC000109,PRESENT_AT_INCIDENT,2024-10-29,FIR,0.89
P000597,LOC000115,PRESENT_AT_INCIDENT,2024-01-20,FIR,0.92
P000485,LOC000078,PRESENT_AT_INCIDENT,2025-11-01,FIR,0.68
P000743,LOC000083,PRESENT_AT_INCIDENT,2023-08-02,FIR,0.77
P000731,LOC000083,PRESENT_AT_INCIDENT,2023-08-02,FIR,0.65
P000352,LOC000010,PRESENT_AT_INCIDENT,2025-05-15,FIR,0.82
P000353,LOC000010,PRESENT_AT_INCIDENT,2025-05-15,FIR,0.82
P000341,LOC000010,PRESENT_AT_INCIDENT,2025-05-15,FIR,0.81
P000293,LOC000010,PRESENT_AT_INCIDENT,2025-05-15,FIR,0.81
P000747,LOC000069,PRESENT_AT_INCIDENT,2026-05-30,FIR,0.61
P000722,LOC000069,PRESENT_AT_INCIDENT,2026-05-30,FIR,0.81
P000369,LOC000078,PRESENT_AT_INCIDENT,2026-04-01,FIR,0.63
P000728,LOC000103,PRESENT_AT_INCIDENT,2025-07-13,FIR,0.76
P000757,LOC000103,PRESENT_AT_INCIDENT,2025-07-13,FIR,0.83
P000726,LOC000103,PRESENT_AT_INCIDENT,2025-07-13,FIR,0.94
P000449,LOC000036,PRESENT_AT_INCIDENT,2024-12-20,FIR,0.8
P000164,LOC000066,PRESENT_AT_INCIDENT,2025-03-03,FIR,0.77
P000167,LOC000066,PRESENT_AT_INCIDENT,2025-03-03,FIR,0.74
P000110,LOC000066,PRESENT_AT_INCIDENT,2025-03-03,FIR,0.63
P000122,LOC000066,PRESENT_AT_INCIDENT,2025-03-03,FIR,0.79
P000133,LOC000066,PRESENT_AT_INCIDENT,2025-03-03,FIR,0.97
P000099,LOC000066,PRESENT_AT_INCIDENT,2025-03-03,FIR,0.81
P000136,LOC000066,PRESENT_AT_INCIDENT,2025-03-03,FIR,0.83
P000917,LOC000123,PRESENT_AT_INCIDENT,2023-02-02,FIR,0.96
P000388,LOC000069,PRESENT_AT_INCIDENT,2023-08-06,FIR,0.84
P000399,LOC000069,PRESENT_AT_INCIDENT,2023-08-06,FIR,0.88
P000360,LOC000069,PRESENT_AT_INCIDENT,2023-08-06,FIR,0.9
P000410,LOC000069,PRESENT_AT_INCIDENT,2023-08-06,FIR,0.89
P000916,LOC000045,PRESENT_AT_INCIDENT,2024-02-03,FIR,0.89
P000958,LOC000113,PRESENT_AT_INCIDENT,2024-08-02,FIR,0.95
P000887,LOC000113,PRESENT_AT_INCIDENT,2024-08-02,FIR,0.86
P000899,LOC000113,PRESENT_AT_INCIDENT,2024-08-02,FIR,0.88
P000626,LOC000011,PRESENT_AT_INCIDENT,2021-09-08,FIR,0.77
P000628,LOC000011,PRESENT_AT_INCIDENT,2021-09-08,FIR,0.74
P000647,LOC000011,PRESENT_AT_INCIDENT,2021-09-08,FIR,0.69
P000941,LOC000084,PRESENT_AT_INCIDENT,2024-12-09,FIR,0.75
P000906,LOC000084,PRESENT_AT_INCIDENT,2024-12-09,FIR,0.92
P000981,LOC000084,PRESENT_AT_INCIDENT,2024-12-09,FIR,0.61
P000351,LOC000008,PRESENT_AT_INCIDENT,2025-11-16,FIR,0.92
P000336,LOC000008,PRESENT_AT_INCIDENT,2025-11-16,FIR,0.73
P000166,LOC000060,PRESENT_AT_INCIDENT,2025-07-05,FIR,0.94
P000140,LOC000060,PRESENT_AT_INCIDENT,2025-07-05,FIR,0.93
P000168,LOC000060,PRESENT_AT_INCIDENT,2025-07-05,FIR,0.74
P000120,LOC000060,PRESENT_AT_INCIDENT,2025-07-05,FIR,0.89
P000456,LOC000115,PRESENT_AT_INCIDENT,2023-10-22,FIR,0.79
P000437,LOC000115,PRESENT_AT_INCIDENT,2023-10-22,FIR,0.76
P000955,LOC000111,PRESENT_AT_INCIDENT,2025-06-22,FIR,0.89
P000920,LOC000111,PRESENT_AT_INCIDENT,2025-06-22,FIR,0.8
P000974,LOC000103,PRESENT_AT_INCIDENT,2025-10-28,FIR,0.88
P000909,LOC000103,PRESENT_AT_INCIDENT,2025-10-28,FIR,0.66
P000913,LOC000103,PRESENT_AT_INCIDENT,2025-10-28,FIR,0.8
P000902,LOC000121,PRESENT_AT_INCIDENT,2026-01-25,FIR,0.98
P000978,LOC000121,PRESENT_AT_INCIDENT,2026-01-25,FIR,0.62
P000741,LOC000068,PRESENT_AT_INCIDENT,2026-06-10,FIR,0.75
P000946,LOC000109,PRESENT_AT_INCIDENT,2025-03-23,FIR,0.66
P000980,LOC000109,PRESENT_AT_INCIDENT,2025-03-23,FIR,0.76
P000890,LOC000109,PRESENT_AT_INCIDENT,2025-03-23,FIR,0.65
P000674,LOC000115,PRESENT_AT_INCIDENT,2019-11-15,FIR,0.68
P000687,LOC000115,PRESENT_AT_INCIDENT,2019-11-15,FIR,0.86
P000372,LOC000095,PRESENT_AT_INCIDENT,2025-11-22,FIR,0.67
P000364,LOC000095,PRESENT_AT_INCIDENT,2025-11-22,FIR,0.86
P000736,LOC000009,PRESENT_AT_INCIDENT,2025-10-12,FIR,0.66
P000755,LOC000009,PRESENT_AT_INCIDENT,2025-10-12,FIR,0.62
P000737,LOC000009,PRESENT_AT_INCIDENT,2025-10-12,FIR,0.66
P000996,LOC000043,PRESENT_AT_INCIDENT,2024-07-06,FIR,0.61
P000910,LOC000043,PRESENT_AT_INCIDENT,2024-07-06,FIR,0.93
P000907,LOC000043,PRESENT_AT_INCIDENT,2024-07-06,FIR,0.94
P000925,LOC000043,PRESENT_AT_INCIDENT,2024-07-06,FIR,0.85
P000882,LOC000043,PRESENT_AT_INCIDENT,2024-07-06,FIR,0.97
P000896,LOC000043,PRESENT_AT_INCIDENT,2024-07-06,FIR,0.65
P000924,LOC000043,PRESENT_AT_INCIDENT,2024-07-06,FIR,0.97
P000967,LOC000112,PRESENT_AT_INCIDENT,2018-05-16,FIR,0.64
P000925,LOC000112,PRESENT_AT_INCIDENT,2018-05-16,FIR,0.83
P000939,LOC000112,PRESENT_AT_INCIDENT,2018-05-16,FIR,0.75
P000713,LOC000067,PRESENT_AT_INCIDENT,2025-09-27,FIR,0.77
P000752,LOC000067,PRESENT_AT_INCIDENT,2025-09-27,FIR,0.98
P000726,LOC000067,PRESENT_AT_INCIDENT,2025-09-27,FIR,0.92
P000756,LOC000067,PRESENT_AT_INCIDENT,2025-09-27,FIR,0.91
P000487,LOC000004,PRESENT_AT_INCIDENT,2023-07-30,FIR,0.71
P000107,LOC000064,PRESENT_AT_INCIDENT,2023-02-04,FIR,0.98
P000093,LOC000064,PRESENT_AT_INCIDENT,2023-02-04,FIR,0.65
P000099,LOC000064,PRESENT_AT_INCIDENT,2023-02-04,FIR,0.72
P000118,LOC000064,PRESENT_AT_INCIDENT,2023-02-04,FIR,0.75
P000880,LOC000096,PRESENT_AT_INCIDENT,2022-05-11,FIR,0.96
P000855,LOC000098,PRESENT_AT_INCIDENT,2024-01-02,FIR,0.84
P000859,LOC000098,PRESENT_AT_INCIDENT,2024-01-02,FIR,0.71
P000867,LOC000098,PRESENT_AT_INCIDENT,2024-01-02,FIR,0.9
P000733,LOC000072,PRESENT_AT_INCIDENT,2023-06-25,FIR,0.82
P000718,LOC000072,PRESENT_AT_INCIDENT,2023-06-25,FIR,0.95
P000540,LOC000058,PRESENT_AT_INCIDENT,2024-10-10,FIR,0.79
P000562,LOC000058,PRESENT_AT_INCIDENT,2024-10-10,FIR,0.9
P000880,LOC000048,PRESENT_AT_INCIDENT,2024-01-14,FIR,0.96
P000851,LOC000048,PRESENT_AT_INCIDENT,2024-01-14,FIR,0.86
P000334,LOC000020,PRESENT_AT_INCIDENT,2019-08-22,FIR,0.69
P000359,LOC000080,PRESENT_AT_INCIDENT,2026-03-29,FIR,0.73
P000088,LOC000004,PRESENT_AT_INCIDENT,2024-07-12,FIR,0.78
P000014,LOC000004,PRESENT_AT_INCIDENT,2024-07-12,FIR,0.69
P000829,LOC000060,PRESENT_AT_INCIDENT,2026-06-28,FIR,0.72
P000823,LOC000060,PRESENT_AT_INCIDENT,2026-06-28,FIR,0.81
P000918,LOC000047,PRESENT_AT_INCIDENT,2020-11-16,FIR,0.78
P000924,LOC000047,PRESENT_AT_INCIDENT,2020-11-16,FIR,0.86
P000350,LOC000076,PRESENT_AT_INCIDENT,2023-10-12,FIR,0.84
P000292,LOC000076,PRESENT_AT_INCIDENT,2023-10-12,FIR,0.6
P000356,LOC000076,PRESENT_AT_INCIDENT,2023-10-12,FIR,0.75
P000334,LOC000076,PRESENT_AT_INCIDENT,2023-10-12,FIR,0.78
P000298,LOC000076,PRESENT_AT_INCIDENT,2023-10-12,FIR,0.77
P000351,LOC000076,PRESENT_AT_INCIDENT,2023-10-12,FIR,0.6
P000318,LOC000076,PRESENT_AT_INCIDENT,2023-10-12,FIR,0.89
P000504,LOC000005,PRESENT_AT_INCIDENT,2018-11-19,FIR,0.66
P000913,LOC000046,PRESENT_AT_INCIDENT,2026-05-28,FIR,0.64
P000575,LOC000052,PRESENT_AT_INCIDENT,2025-10-21,FIR,0.94
P000606,LOC000052,PRESENT_AT_INCIDENT,2025-10-21,FIR,0.79
P000921,LOC000090,PRESENT_AT_INCIDENT,2021-07-18,FIR,0.8
P000956,LOC000090,PRESENT_AT_INCIDENT,2021-07-18,FIR,0.7
P000134,LOC000121,PRESENT_AT_INCIDENT,2021-06-01,FIR,0.65
P000139,LOC000121,PRESENT_AT_INCIDENT,2021-06-01,FIR,0.7
P000117,LOC000121,PRESENT_AT_INCIDENT,2021-06-01,FIR,0.74
P000144,LOC000121,PRESENT_AT_INCIDENT,2021-06-01,FIR,0.67
P000068,LOC000001,PRESENT_AT_INCIDENT,2025-06-07,FIR,0.88
P000064,LOC000001,PRESENT_AT_INCIDENT,2025-06-07,FIR,0.75
P000043,LOC000001,PRESENT_AT_INCIDENT,2025-06-07,FIR,0.61
P000039,LOC000001,PRESENT_AT_INCIDENT,2025-06-07,FIR,0.64
P000485,LOC000080,PRESENT_AT_INCIDENT,2022-09-11,FIR,0.61
P000491,LOC000080,PRESENT_AT_INCIDENT,2022-09-11,FIR,0.71
P000786,LOC000042,PRESENT_AT_INCIDENT,2023-07-15,FIR,0.97
P000796,LOC000042,PRESENT_AT_INCIDENT,2023-07-15,FIR,0.7
P000776,LOC000042,PRESENT_AT_INCIDENT,2023-07-15,FIR,0.91
P000768,LOC000042,PRESENT_AT_INCIDENT,2023-07-15,FIR,0.82
P000892,LOC000044,PRESENT_AT_INCIDENT,2022-10-15,FIR,0.87
P000894,LOC000032,PRESENT_AT_INCIDENT,2026-02-23,FIR,0.78
P000680,LOC000037,PRESENT_AT_INCIDENT,2023-02-07,FIR,0.94
P000695,LOC000037,PRESENT_AT_INCIDENT,2023-02-07,FIR,0.62
P000699,LOC000037,PRESENT_AT_INCIDENT,2023-02-07,FIR,0.77
P000705,LOC000037,PRESENT_AT_INCIDENT,2023-02-07,FIR,0.94
P000690,LOC000037,PRESENT_AT_INCIDENT,2023-02-07,FIR,0.92
P000911,LOC000078,PRESENT_AT_INCIDENT,2020-08-28,FIR,0.72
P000985,LOC000088,PRESENT_AT_INCIDENT,2024-11-02,FIR,0.79
P000173,LOC000017,PRESENT_AT_INCIDENT,2023-04-07,FIR,0.9
P000162,LOC000017,PRESENT_AT_INCIDENT,2023-04-07,FIR,0.97
P000115,LOC000017,PRESENT_AT_INCIDENT,2023-04-07,FIR,0.81
P000731,LOC000068,PRESENT_AT_INCIDENT,2026-03-07,FIR,0.86
P000751,LOC000068,PRESENT_AT_INCIDENT,2026-03-07,FIR,0.98
P000932,LOC000116,PRESENT_AT_INCIDENT,2023-04-29,FIR,0.68
P000948,LOC000116,PRESENT_AT_INCIDENT,2023-04-29,FIR,0.63
P000870,LOC000016,PRESENT_AT_INCIDENT,2025-12-24,FIR,0.77
P000879,LOC000016,PRESENT_AT_INCIDENT,2025-12-24,FIR,0.62
P000857,LOC000016,PRESENT_AT_INCIDENT,2025-12-24,FIR,0.93
P000865,LOC000016,PRESENT_AT_INCIDENT,2025-12-24,FIR,0.9
P000850,LOC000016,PRESENT_AT_INCIDENT,2025-12-24,FIR,0.62
P000262,LOC000047,PRESENT_AT_INCIDENT,2024-07-02,FIR,0.9
P000271,LOC000047,PRESENT_AT_INCIDENT,2024-07-02,FIR,0.94
P000058,LOC000008,PRESENT_AT_INCIDENT,2026-05-22,FIR,0.79
P000083,LOC000008,PRESENT_AT_INCIDENT,2026-05-22,FIR,0.81
P000002,LOC000008,PRESENT_AT_INCIDENT,2026-05-22,FIR,0.83
P000045,LOC000008,PRESENT_AT_INCIDENT,2026-05-22,FIR,0.88
P000081,LOC000008,PRESENT_AT_INCIDENT,2026-05-22,FIR,0.88
P000397,LOC000098,PRESENT_AT_INCIDENT,2023-09-16,FIR,0.81
P000400,LOC000098,PRESENT_AT_INCIDENT,2023-09-16,FIR,0.86
P000395,LOC000098,PRESENT_AT_INCIDENT,2023-09-16,FIR,0.69
P000394,LOC000098,PRESENT_AT_INCIDENT,2023-09-16,FIR,0.85
P000378,LOC000098,PRESENT_AT_INCIDENT,2023-09-16,FIR,0.76
P000435,LOC000016,PRESENT_AT_INCIDENT,2025-03-13,FIR,0.76
P000906,LOC000113,PRESENT_AT_INCIDENT,2025-02-04,FIR,0.75
P000950,LOC000113,PRESENT_AT_INCIDENT,2025-02-04,FIR,0.92
P000579,LOC000038,PRESENT_AT_INCIDENT,2023-01-09,FIR,0.9
P000584,LOC000038,PRESENT_AT_INCIDENT,2023-01-09,FIR,0.66
P000593,LOC000038,PRESENT_AT_INCIDENT,2023-01-09,FIR,0.75
P000723,LOC000073,PRESENT_AT_INCIDENT,2025-06-06,FIR,0.86
P000932,LOC000065,PRESENT_AT_INCIDENT,2026-05-21,FIR,0.68
P000910,LOC000065,PRESENT_AT_INCIDENT,2026-05-21,FIR,0.85
P000925,LOC000065,PRESENT_AT_INCIDENT,2026-05-21,FIR,0.76
P000963,LOC000065,PRESENT_AT_INCIDENT,2026-05-21,FIR,0.79
P000951,LOC000065,PRESENT_AT_INCIDENT,2026-05-21,FIR,0.68
P000858,LOC000078,PRESENT_AT_INCIDENT,2022-04-11,FIR,0.69
P000856,LOC000078,PRESENT_AT_INCIDENT,2022-04-11,FIR,0.75
P000846,LOC000078,PRESENT_AT_INCIDENT,2022-04-11,FIR,0.78
P000972,LOC000059,PRESENT_AT_INCIDENT,2022-02-21,FIR,0.81
P000943,LOC000059,PRESENT_AT_INCIDENT,2022-02-21,FIR,0.95
P000903,LOC000059,PRESENT_AT_INCIDENT,2022-02-21,FIR,0.68
P000945,LOC000059,PRESENT_AT_INCIDENT,2022-02-21,FIR,0.78
P000974,LOC000059,PRESENT_AT_INCIDENT,2022-02-21,FIR,0.64
P000116,LOC000062,PRESENT_AT_INCIDENT,2025-12-08,FIR,0.94
P000122,LOC000062,PRESENT_AT_INCIDENT,2025-12-08,FIR,0.63
P000136,LOC000062,PRESENT_AT_INCIDENT,2025-12-08,FIR,0.95
P000165,LOC000062,PRESENT_AT_INCIDENT,2025-12-08,FIR,0.86
P000158,LOC000062,PRESENT_AT_INCIDENT,2025-12-08,FIR,0.62
P000358,LOC000070,PRESENT_AT_INCIDENT,2021-04-11,FIR,0.95
P000386,LOC000070,PRESENT_AT_INCIDENT,2021-04-11,FIR,0.71
P000411,LOC000070,PRESENT_AT_INCIDENT,2021-04-11,FIR,0.92
P000371,LOC000070,PRESENT_AT_INCIDENT,2021-04-11,FIR,0.89
P000447,LOC000103,PRESENT_AT_INCIDENT,2026-02-25,FIR,0.74
P000456,LOC000103,PRESENT_AT_INCIDENT,2026-02-25,FIR,0.75
P000449,LOC000103,PRESENT_AT_INCIDENT,2026-02-25,FIR,0.68
P000385,LOC000041,PRESENT_AT_INCIDENT,2023-10-28,FIR,0.86
P000379,LOC000041,PRESENT_AT_INCIDENT,2023-10-28,FIR,0.84
P000665,LOC000123,PRESENT_AT_INCIDENT,2026-02-22,FIR,0.61
P000629,LOC000123,PRESENT_AT_INCIDENT,2026-02-22,FIR,0.84
P000622,LOC000123,PRESENT_AT_INCIDENT,2026-02-22,FIR,0.88
P000631,LOC000123,PRESENT_AT_INCIDENT,2026-02-22,FIR,0.87
P000662,LOC000123,PRESENT_AT_INCIDENT,2026-02-22,FIR,0.62
P000662,LOC000012,PRESENT_AT_INCIDENT,2019-09-27,FIR,0.73
P000625,LOC000012,PRESENT_AT_INCIDENT,2019-09-27,FIR,0.72
P000832,LOC000003,PRESENT_AT_INCIDENT,2026-06-13,FIR,0.84
P000820,LOC000003,PRESENT_AT_INCIDENT,2026-06-13,FIR,0.88
P000455,LOC000018,PRESENT_AT_INCIDENT,2025-10-16,FIR,0.68
P000450,LOC000018,PRESENT_AT_INCIDENT,2025-10-16,FIR,0.72
P000425,LOC000018,PRESENT_AT_INCIDENT,2025-10-16,FIR,0.7
P000982,LOC000091,PRESENT_AT_INCIDENT,2023-07-03,FIR,0.65
P000974,LOC000091,PRESENT_AT_INCIDENT,2023-07-03,FIR,0.92
P000970,LOC000091,PRESENT_AT_INCIDENT,2023-07-03,FIR,0.72
P000900,LOC000091,PRESENT_AT_INCIDENT,2023-07-03,FIR,0.82
P000906,LOC000066,PRESENT_AT_INCIDENT,2024-07-24,FIR,0.7
P000947,LOC000066,PRESENT_AT_INCIDENT,2024-07-24,FIR,0.87
P000890,LOC000066,PRESENT_AT_INCIDENT,2024-07-24,FIR,0.66
P000713,LOC000069,PRESENT_AT_INCIDENT,2025-12-29,FIR,0.7
P000751,LOC000069,PRESENT_AT_INCIDENT,2025-12-29,FIR,0.69
P000724,LOC000069,PRESENT_AT_INCIDENT,2025-12-29,FIR,0.66
P000808,LOC000015,PRESENT_AT_INCIDENT,2026-04-16,FIR,0.83
P000819,LOC000015,PRESENT_AT_INCIDENT,2026-04-16,FIR,0.72
P000836,LOC000015,PRESENT_AT_INCIDENT,2026-04-16,FIR,0.98
P000838,LOC000015,PRESENT_AT_INCIDENT,2026-04-16,FIR,0.67
P000995,LOC000035,PRESENT_AT_INCIDENT,2025-11-14,FIR,0.76
P000942,LOC000035,PRESENT_AT_INCIDENT,2025-11-14,FIR,0.76
P000640,LOC000003,PRESENT_AT_INCIDENT,2021-07-10,FIR,0.9
P000657,LOC000003,PRESENT_AT_INCIDENT,2021-07-10,FIR,0.6
P000647,LOC000003,PRESENT_AT_INCIDENT,2021-07-10,FIR,0.69
P000664,LOC000003,PRESENT_AT_INCIDENT,2021-07-10,FIR,0.79
P000019,LOC000019,PRESENT_AT_INCIDENT,2023-08-11,FIR,0.9
P000009,LOC000019,PRESENT_AT_INCIDENT,2023-08-11,FIR,0.87
P000008,LOC000019,PRESENT_AT_INCIDENT,2023-08-11,FIR,0.74
P000846,LOC000117,PRESENT_AT_INCIDENT,2022-06-24,FIR,0.61
P000863,LOC000117,PRESENT_AT_INCIDENT,2022-06-24,FIR,0.81
P000862,LOC000117,PRESENT_AT_INCIDENT,2022-06-24,FIR,0.73
P000852,LOC000117,PRESENT_AT_INCIDENT,2022-06-24,FIR,0.94
P000812,LOC000070,PRESENT_AT_INCIDENT,2026-06-16,FIR,0.77
P000825,LOC000070,PRESENT_AT_INCIDENT,2026-06-16,FIR,0.92
P000445,LOC000061,PRESENT_AT_INCIDENT,2020-12-05,FIR,0.95
P000469,LOC000061,PRESENT_AT_INCIDENT,2020-12-05,FIR,0.86
P000666,LOC000044,PRESENT_AT_INCIDENT,2022-03-25,FIR,0.8
P000699,LOC000044,PRESENT_AT_INCIDENT,2022-03-25,FIR,0.97
P000683,LOC000044,PRESENT_AT_INCIDENT,2022-03-25,FIR,0.94
P000703,LOC000044,PRESENT_AT_INCIDENT,2022-03-25,FIR,0.61
P000710,LOC000044,PRESENT_AT_INCIDENT,2022-03-25,FIR,0.77
P000780,LOC000028,PRESENT_AT_INCIDENT,2026-06-15,FIR,0.96
P000094,LOC000063,PRESENT_AT_INCIDENT,2019-03-18,FIR,0.95
P000101,LOC000063,PRESENT_AT_INCIDENT,2019-03-18,FIR,0.72
P000130,LOC000063,PRESENT_AT_INCIDENT,2019-03-18,FIR,0.72
P000138,LOC000063,PRESENT_AT_INCIDENT,2019-03-18,FIR,0.95
P000152,LOC000063,PRESENT_AT_INCIDENT,2019-03-18,FIR,0.83
P000137,LOC000063,PRESENT_AT_INCIDENT,2019-03-18,FIR,0.74
P000100,LOC000063,PRESENT_AT_INCIDENT,2019-03-18,FIR,0.96
P000379,LOC000038,PRESENT_AT_INCIDENT,2025-05-12,FIR,0.66
P000395,LOC000038,PRESENT_AT_INCIDENT,2025-05-12,FIR,0.79
P000520,LOC000031,PRESENT_AT_INCIDENT,2025-01-25,FIR,0.67
P000563,LOC000031,PRESENT_AT_INCIDENT,2025-01-25,FIR,0.75
P000537,LOC000031,PRESENT_AT_INCIDENT,2025-01-25,FIR,0.74
P000425,LOC000037,PRESENT_AT_INCIDENT,2023-03-12,FIR,0.65
P000348,LOC000075,PRESENT_AT_INCIDENT,2025-12-09,FIR,0.68
P000337,LOC000075,PRESENT_AT_INCIDENT,2025-12-09,FIR,0.94
P000338,LOC000075,PRESENT_AT_INCIDENT,2025-12-09,FIR,0.7
P000443,LOC000060,PRESENT_AT_INCIDENT,2021-11-02,FIR,0.97
P000558,LOC000068,PRESENT_AT_INCIDENT,2026-01-10,FIR,0.87
P000144,LOC000057,PRESENT_AT_INCIDENT,2022-11-08,FIR,0.6
P000130,LOC000057,PRESENT_AT_INCIDENT,2022-11-08,FIR,0.67
P000120,LOC000057,PRESENT_AT_INCIDENT,2022-11-08,FIR,0.81
P000551,LOC000065,PRESENT_AT_INCIDENT,2022-02-08,FIR,0.98
P000567,LOC000065,PRESENT_AT_INCIDENT,2022-02-08,FIR,0.77
P000148,LOC000121,PRESENT_AT_INCIDENT,2025-08-25,FIR,0.95
P000875,LOC000113,PRESENT_AT_INCIDENT,2026-06-15,FIR,0.97
P000868,LOC000113,PRESENT_AT_INCIDENT,2026-06-15,FIR,0.93
P000873,LOC000113,PRESENT_AT_INCIDENT,2026-06-15,FIR,0.61
P000973,LOC000123,PRESENT_AT_INCIDENT,2025-12-21,FIR,0.83
P000933,LOC000123,PRESENT_AT_INCIDENT,2025-12-21,FIR,0.63
P000751,LOC000067,PRESENT_AT_INCIDENT,2020-06-30,FIR,0.78
P000447,LOC000052,PRESENT_AT_INCIDENT,2023-03-11,FIR,0.61
P000414,LOC000082,PRESENT_AT_INCIDENT,2019-01-14,FIR,0.96
P000589,LOC000115,PRESENT_AT_INCIDENT,2025-04-14,FIR,0.89
P000606,LOC000115,PRESENT_AT_INCIDENT,2025-04-14,FIR,0.97
P000700,LOC000109,PRESENT_AT_INCIDENT,2024-12-27,FIR,0.7
P000699,LOC000109,PRESENT_AT_INCIDENT,2024-12-27,FIR,0.78
P000486,LOC000078,PRESENT_AT_INCIDENT,2025-03-02,FIR,0.73
P000134,LOC000120,PRESENT_AT_INCIDENT,2022-07-19,FIR,0.67
P000101,LOC000120,PRESENT_AT_INCIDENT,2022-07-19,FIR,0.79
P000580,LOC000027,PRESENT_AT_INCIDENT,2024-09-11,FIR,0.62
P000601,LOC000027,PRESENT_AT_INCIDENT,2024-09-11,FIR,0.74
P000577,LOC000027,PRESENT_AT_INCIDENT,2024-09-11,FIR,0.85
P000575,LOC000027,PRESENT_AT_INCIDENT,2024-09-11,FIR,0.68
P000141,LOC000019,PRESENT_AT_INCIDENT,2021-07-20,FIR,0.93
P000436,LOC000019,PRESENT_AT_INCIDENT,2023-06-16,FIR,0.84
P000434,LOC000019,PRESENT_AT_INCIDENT,2023-06-16,FIR,0.85
P000445,LOC000019,PRESENT_AT_INCIDENT,2023-06-16,FIR,0.74
P000451,LOC000019,PRESENT_AT_INCIDENT,2023-06-16,FIR,0.83
P000431,LOC000019,PRESENT_AT_INCIDENT,2023-06-16,FIR,0.89
P000514,LOC000005,PRESENT_AT_INCIDENT,2024-10-12,FIR,0.67
P000494,LOC000005,PRESENT_AT_INCIDENT,2024-10-12,FIR,0.96
P000130,LOC000064,PRESENT_AT_INCIDENT,2026-06-16,FIR,0.68
P000102,LOC000064,PRESENT_AT_INCIDENT,2026-06-16,FIR,0.61
P000126,LOC000064,PRESENT_AT_INCIDENT,2026-06-16,FIR,0.76
P000117,LOC000064,PRESENT_AT_INCIDENT,2026-06-16,FIR,0.85
P000165,LOC000064,PRESENT_AT_INCIDENT,2026-06-16,FIR,0.84
P000660,LOC000090,PRESENT_AT_INCIDENT,2020-04-01,FIR,0.95
P000626,LOC000090,PRESENT_AT_INCIDENT,2020-04-01,FIR,0.76
P000645,LOC000090,PRESENT_AT_INCIDENT,2020-04-01,FIR,0.67
P000881,LOC000042,PRESENT_AT_INCIDENT,2025-04-05,FIR,0.79
P000037,LOC000022,PRESENT_AT_INCIDENT,2023-06-20,FIR,0.88
P000001,LOC000022,PRESENT_AT_INCIDENT,2023-06-20,FIR,0.77
P000022,LOC000022,PRESENT_AT_INCIDENT,2023-06-20,FIR,0.82
P000004,LOC000022,PRESENT_AT_INCIDENT,2023-06-20,FIR,0.64
P000024,LOC000022,PRESENT_AT_INCIDENT,2023-06-20,FIR,0.68
P000058,LOC000022,PRESENT_AT_INCIDENT,2023-06-20,FIR,0.85
P000081,LOC000022,PRESENT_AT_INCIDENT,2023-06-20,FIR,0.81
P000155,LOC000120,PRESENT_AT_INCIDENT,2025-07-13,FIR,0.82
P000118,LOC000120,PRESENT_AT_INCIDENT,2025-07-13,FIR,0.95
P000101,LOC000067,PRESENT_AT_INCIDENT,2021-11-17,FIR,0.91
P000130,LOC000067,PRESENT_AT_INCIDENT,2021-11-17,FIR,0.8
P000836,LOC000062,PRESENT_AT_INCIDENT,2025-05-22,FIR,0.74
P000329,LOC000096,PRESENT_AT_INCIDENT,2026-02-18,FIR,0.79
P000346,LOC000096,PRESENT_AT_INCIDENT,2026-02-18,FIR,0.8
P000290,LOC000096,PRESENT_AT_INCIDENT,2026-02-18,FIR,0.79
P000528,LOC000028,PRESENT_AT_INCIDENT,2026-02-28,FIR,0.72
P000537,LOC000028,PRESENT_AT_INCIDENT,2026-02-28,FIR,0.71
P000713,LOC000003,PRESENT_AT_INCIDENT,2026-03-18,FIR,0.71
P000448,LOC000113,PRESENT_AT_INCIDENT,2025-10-29,FIR,0.92
P000513,LOC000006,PRESENT_AT_INCIDENT,2026-04-19,FIR,0.83
P000479,LOC000006,PRESENT_AT_INCIDENT,2026-04-19,FIR,0.95
P000506,LOC000006,PRESENT_AT_INCIDENT,2026-04-19,FIR,0.95
P000481,LOC000006,PRESENT_AT_INCIDENT,2026-04-19,FIR,0.63
P000475,LOC000006,PRESENT_AT_INCIDENT,2026-04-19,FIR,0.91
P000294,LOC000084,PRESENT_AT_INCIDENT,2023-07-24,FIR,0.78
P000300,LOC000084,PRESENT_AT_INCIDENT,2023-07-24,FIR,0.73
P000309,LOC000084,PRESENT_AT_INCIDENT,2023-07-24,FIR,0.83
P000912,LOC000011,PRESENT_AT_INCIDENT,2025-10-28,FIR,0.93
P000934,LOC000011,PRESENT_AT_INCIDENT,2025-10-28,FIR,0.78
P000524,LOC000059,PRESENT_AT_INCIDENT,2021-03-14,FIR,0.65
P000549,LOC000059,PRESENT_AT_INCIDENT,2021-03-14,FIR,0.6
P000568,LOC000059,PRESENT_AT_INCIDENT,2021-03-14,FIR,0.65
P000541,LOC000059,PRESENT_AT_INCIDENT,2021-03-14,FIR,0.73
P000543,LOC000059,PRESENT_AT_INCIDENT,2021-03-14,FIR,0.73
P000151,LOC000060,PRESENT_AT_INCIDENT,2018-12-08,FIR,0.72
P000163,LOC000060,PRESENT_AT_INCIDENT,2018-12-08,FIR,0.64
P000915,LOC000121,PRESENT_AT_INCIDENT,2025-12-22,FIR,0.87
P000985,LOC000121,PRESENT_AT_INCIDENT,2025-12-22,FIR,0.63
P000949,LOC000121,PRESENT_AT_INCIDENT,2025-12-22,FIR,0.75
P000675,LOC000038,PRESENT_AT_INCIDENT,2021-07-01,FIR,0.89
P000702,LOC000038,PRESENT_AT_INCIDENT,2021-07-01,FIR,0.93
P000166,LOC000015,PRESENT_AT_INCIDENT,2023-09-25,FIR,0.91
P000107,LOC000015,PRESENT_AT_INCIDENT,2023-09-25,FIR,0.96
P000160,LOC000015,PRESENT_AT_INCIDENT,2023-09-25,FIR,0.95
P000756,LOC000074,PRESENT_AT_INCIDENT,2025-06-10,FIR,0.89
P000728,LOC000074,PRESENT_AT_INCIDENT,2025-06-10,FIR,0.81
P000488,LOC000043,PRESENT_AT_INCIDENT,2026-06-12,FIR,0.87
P000505,LOC000043,PRESENT_AT_INCIDENT,2026-06-12,FIR,0.72
P000495,LOC000043,PRESENT_AT_INCIDENT,2026-06-12,FIR,0.91
P000487,LOC000025,PRESENT_AT_INCIDENT,2024-05-27,FIR,0.63
P000492,LOC000025,PRESENT_AT_INCIDENT,2024-05-27,FIR,0.91
P000481,LOC000025,PRESENT_AT_INCIDENT,2024-05-27,FIR,0.69
P000497,LOC000025,PRESENT_AT_INCIDENT,2024-05-27,FIR,0.88
P000501,LOC000025,PRESENT_AT_INCIDENT,2024-05-27,FIR,0.64
P000323,LOC000072,PRESENT_AT_INCIDENT,2026-02-21,FIR,0.92
P000329,LOC000072,PRESENT_AT_INCIDENT,2026-02-21,FIR,0.77
P000030,LOC000072,PRESENT_AT_INCIDENT,2024-08-28,FIR,0.96
P000080,LOC000072,PRESENT_AT_INCIDENT,2024-08-28,FIR,0.9
P000044,LOC000072,PRESENT_AT_INCIDENT,2024-08-28,FIR,0.92
P000743,LOC000067,PRESENT_AT_INCIDENT,2024-10-29,FIR,0.68
P000726,LOC000067,PRESENT_AT_INCIDENT,2024-10-29,FIR,0.66
P000716,LOC000067,PRESENT_AT_INCIDENT,2024-10-29,FIR,0.82
P000349,LOC000017,PRESENT_AT_INCIDENT,2022-11-25,FIR,0.92
P000305,LOC000017,PRESENT_AT_INCIDENT,2022-11-25,FIR,0.7
P000309,LOC000017,PRESENT_AT_INCIDENT,2022-11-25,FIR,0.93
P000344,LOC000017,PRESENT_AT_INCIDENT,2022-11-25,FIR,0.98
P000561,LOC000037,PRESENT_AT_INCIDENT,2025-01-14,FIR,0.86
P000535,LOC000037,PRESENT_AT_INCIDENT,2025-01-14,FIR,0.82
P000560,LOC000037,PRESENT_AT_INCIDENT,2025-01-14,FIR,0.93
P000545,LOC000037,PRESENT_AT_INCIDENT,2025-01-14,FIR,0.96
P000549,LOC000037,PRESENT_AT_INCIDENT,2025-01-14,FIR,0.91
P000145,LOC000067,PRESENT_AT_INCIDENT,2026-06-18,FIR,0.75
P000115,LOC000067,PRESENT_AT_INCIDENT,2026-06-18,FIR,0.62
P000139,LOC000067,PRESENT_AT_INCIDENT,2026-06-18,FIR,0.73
P000995,LOC000118,PRESENT_AT_INCIDENT,2025-12-18,FIR,0.73
P000935,LOC000118,PRESENT_AT_INCIDENT,2025-12-18,FIR,0.7
P000963,LOC000118,PRESENT_AT_INCIDENT,2025-12-18,FIR,0.66
P000944,LOC000118,PRESENT_AT_INCIDENT,2025-12-18,FIR,0.98
P000884,LOC000118,PRESENT_AT_INCIDENT,2025-12-18,FIR,0.79
P000702,LOC000109,PRESENT_AT_INCIDENT,2024-01-14,FIR,0.86
P000671,LOC000109,PRESENT_AT_INCIDENT,2024-01-14,FIR,0.88
P000700,LOC000109,PRESENT_AT_INCIDENT,2024-01-14,FIR,0.76
P000684,LOC000109,PRESENT_AT_INCIDENT,2024-01-14,FIR,0.79
P000710,LOC000109,PRESENT_AT_INCIDENT,2024-01-14,FIR,0.74
P000908,LOC000092,PRESENT_AT_INCIDENT,2022-09-17,FIR,0.77
P000997,LOC000092,PRESENT_AT_INCIDENT,2022-09-17,FIR,0.82
P000940,LOC000092,PRESENT_AT_INCIDENT,2022-09-17,FIR,0.86
P000952,LOC000092,PRESENT_AT_INCIDENT,2022-09-17,FIR,0.77
P000963,LOC000092,PRESENT_AT_INCIDENT,2022-09-17,FIR,0.63
P000953,LOC000092,PRESENT_AT_INCIDENT,2022-09-17,FIR,0.83
P001000,LOC000092,PRESENT_AT_INCIDENT,2022-09-17,FIR,0.67
P000775,LOC000052,PRESENT_AT_INCIDENT,2021-06-29,FIR,0.75
P000789,LOC000053,PRESENT_AT_INCIDENT,2024-03-06,FIR,0.67
P000768,LOC000053,PRESENT_AT_INCIDENT,2024-03-06,FIR,0.81
P000845,LOC000015,PRESENT_AT_INCIDENT,2026-04-22,FIR,0.87
P000806,LOC000015,PRESENT_AT_INCIDENT,2026-04-22,FIR,0.74
P000367,LOC000069,PRESENT_AT_INCIDENT,2023-04-04,FIR,0.71
P000373,LOC000069,PRESENT_AT_INCIDENT,2023-04-04,FIR,0.97
P000369,LOC000069,PRESENT_AT_INCIDENT,2023-04-04,FIR,0.76
P000398,LOC000069,PRESENT_AT_INCIDENT,2023-04-04,FIR,0.62
P000903,LOC000117,PRESENT_AT_INCIDENT,2023-06-21,FIR,0.94
P000893,LOC000117,PRESENT_AT_INCIDENT,2023-06-21,FIR,0.83
P000303,LOC000049,PRESENT_AT_INCIDENT,2023-11-08,FIR,0.6
P000293,LOC000049,PRESENT_AT_INCIDENT,2023-11-08,FIR,0.84
P000769,LOC000034,PRESENT_AT_INCIDENT,2025-06-26,FIR,0.79
P000789,LOC000034,PRESENT_AT_INCIDENT,2025-06-26,FIR,0.9
P000794,LOC000034,PRESENT_AT_INCIDENT,2025-06-26,FIR,0.86
P000765,LOC000034,PRESENT_AT_INCIDENT,2025-06-26,FIR,0.7
P000800,LOC000034,PRESENT_AT_INCIDENT,2025-06-26,FIR,0.71
P000550,LOC000057,PRESENT_AT_INCIDENT,2025-12-26,FIR,0.78
P000560,LOC000057,PRESENT_AT_INCIDENT,2025-12-26,FIR,0.87
P000527,LOC000057,PRESENT_AT_INCIDENT,2025-12-26,FIR,0.76
P000541,LOC000057,PRESENT_AT_INCIDENT,2025-12-26,FIR,0.84
P000067,LOC000102,PRESENT_AT_INCIDENT,2018-12-26,FIR,0.77
P000035,LOC000102,PRESENT_AT_INCIDENT,2018-12-26,FIR,0.93
P000153,LOC000064,PRESENT_AT_INCIDENT,2023-06-14,FIR,0.92
P000171,LOC000064,PRESENT_AT_INCIDENT,2023-06-14,FIR,0.93
P000865,LOC000114,PRESENT_AT_INCIDENT,2024-03-14,FIR,0.94
P000851,LOC000114,PRESENT_AT_INCIDENT,2024-03-14,FIR,0.71
P000868,LOC000114,PRESENT_AT_INCIDENT,2024-03-14,FIR,0.93
P000847,LOC000114,PRESENT_AT_INCIDENT,2024-03-14,FIR,0.87
P000695,LOC000050,PRESENT_AT_INCIDENT,2025-12-03,FIR,0.89
P000677,LOC000050,PRESENT_AT_INCIDENT,2025-12-03,FIR,0.62
P000691,LOC000050,PRESENT_AT_INCIDENT,2025-12-03,FIR,0.67
P000673,LOC000050,PRESENT_AT_INCIDENT,2025-12-03,FIR,0.67
P000702,LOC000050,PRESENT_AT_INCIDENT,2025-12-03,FIR,0.77
P000336,LOC000013,PRESENT_AT_INCIDENT,2022-10-24,FIR,0.95
P000337,LOC000073,PRESENT_AT_INCIDENT,2023-07-09,FIR,0.76
P000300,LOC000073,PRESENT_AT_INCIDENT,2023-07-09,FIR,0.85
P000338,LOC000073,PRESENT_AT_INCIDENT,2023-07-09,FIR,0.8
P000304,LOC000073,PRESENT_AT_INCIDENT,2023-07-09,FIR,0.85
P000711,LOC000115,PRESENT_AT_INCIDENT,2024-01-19,FIR,0.86
P000712,LOC000115,PRESENT_AT_INCIDENT,2024-01-19,FIR,0.74
P000698,LOC000115,PRESENT_AT_INCIDENT,2024-01-19,FIR,0.82
P000439,LOC000062,PRESENT_AT_INCIDENT,2023-12-31,FIR,0.89
P000434,LOC000062,PRESENT_AT_INCIDENT,2023-12-31,FIR,0.75
P000151,LOC000063,PRESENT_AT_INCIDENT,2022-02-15,FIR,0.78
P000136,LOC000063,PRESENT_AT_INCIDENT,2022-02-15,FIR,0.85
P000213,LOC000045,PRESENT_AT_INCIDENT,2024-11-05,FIR,0.66
P000236,LOC000045,PRESENT_AT_INCIDENT,2024-11-05,FIR,0.66
P000244,LOC000045,PRESENT_AT_INCIDENT,2024-11-05,FIR,0.95
P000182,LOC000045,PRESENT_AT_INCIDENT,2024-11-05,FIR,0.89
P000624,LOC000092,PRESENT_AT_INCIDENT,2021-05-05,FIR,0.87
P000615,LOC000092,PRESENT_AT_INCIDENT,2021-05-05,FIR,0.82
P000631,LOC000092,PRESENT_AT_INCIDENT,2021-05-05,FIR,0.74
P000645,LOC000092,PRESENT_AT_INCIDENT,2021-05-05,FIR,0.65
P000630,LOC000092,PRESENT_AT_INCIDENT,2021-05-05,FIR,0.91
P000039,LOC000073,PRESENT_AT_INCIDENT,2026-03-11,FIR,0.81
P000086,LOC000073,PRESENT_AT_INCIDENT,2026-03-11,FIR,0.81
P000543,LOC000018,PRESENT_AT_INCIDENT,2020-09-12,FIR,0.87
P000538,LOC000018,PRESENT_AT_INCIDENT,2020-09-12,FIR,0.91
P000569,LOC000018,PRESENT_AT_INCIDENT,2020-09-12,FIR,0.86
P000559,LOC000018,PRESENT_AT_INCIDENT,2020-09-12,FIR,0.63
P000119,LOC000120,PRESENT_AT_INCIDENT,2021-06-09,FIR,0.81
P000128,LOC000120,PRESENT_AT_INCIDENT,2021-06-09,FIR,0.86
P000129,LOC000120,PRESENT_AT_INCIDENT,2021-06-09,FIR,0.72
P000510,LOC000044,PRESENT_AT_INCIDENT,2026-01-16,FIR,0.73
P000480,LOC000044,PRESENT_AT_INCIDENT,2026-01-16,FIR,0.94
P000700,LOC000045,PRESENT_AT_INCIDENT,2024-09-23,FIR,0.94
P000684,LOC000045,PRESENT_AT_INCIDENT,2024-09-23,FIR,0.75
P000712,LOC000045,PRESENT_AT_INCIDENT,2024-09-23,FIR,0.77
P000703,LOC000045,PRESENT_AT_INCIDENT,2024-09-23,FIR,0.63
P000683,LOC000045,PRESENT_AT_INCIDENT,2024-09-23,FIR,0.78
P000021,LOC000012,PRESENT_AT_INCIDENT,2026-02-09,FIR,0.94
P000131,LOC000066,PRESENT_AT_INCIDENT,2025-09-20,FIR,0.83
P000100,LOC000066,PRESENT_AT_INCIDENT,2025-09-20,FIR,0.88
P000953,LOC000057,PRESENT_AT_INCIDENT,2023-10-03,FIR,0.7
P000069,LOC000021,PRESENT_AT_INCIDENT,2020-06-12,FIR,0.86
P000062,LOC000021,PRESENT_AT_INCIDENT,2020-06-12,FIR,0.67
P000013,LOC000021,PRESENT_AT_INCIDENT,2020-06-12,FIR,0.89
P000026,LOC000021,PRESENT_AT_INCIDENT,2020-06-12,FIR,0.62
P000065,LOC000021,PRESENT_AT_INCIDENT,2020-06-12,FIR,0.62
P000458,LOC000052,PRESENT_AT_INCIDENT,2024-02-14,FIR,0.9
P000433,LOC000052,PRESENT_AT_INCIDENT,2024-02-14,FIR,0.83
P000462,LOC000052,PRESENT_AT_INCIDENT,2024-02-14,FIR,0.61
P000422,LOC000052,PRESENT_AT_INCIDENT,2024-02-14,FIR,0.85
P000442,LOC000064,PRESENT_AT_INCIDENT,2024-07-28,FIR,0.9
P000459,LOC000064,PRESENT_AT_INCIDENT,2024-07-28,FIR,0.83
P000465,LOC000064,PRESENT_AT_INCIDENT,2024-07-28,FIR,0.74
P000457,LOC000064,PRESENT_AT_INCIDENT,2024-07-28,FIR,0.81
P000464,LOC000064,PRESENT_AT_INCIDENT,2024-07-28,FIR,0.64
P000829,LOC000057,PRESENT_AT_INCIDENT,2026-05-31,FIR,0.63
P000725,LOC000101,PRESENT_AT_INCIDENT,2026-05-26,FIR,0.89
P000713,LOC000074,PRESENT_AT_INCIDENT,2023-11-18,FIR,0.85
P000760,LOC000074,PRESENT_AT_INCIDENT,2023-11-18,FIR,0.76
P000833,LOC000019,PRESENT_AT_INCIDENT,2025-05-08,FIR,0.72
P000837,LOC000019,PRESENT_AT_INCIDENT,2025-05-08,FIR,0.94
P000060,LOC000073,PRESENT_AT_INCIDENT,2019-06-07,FIR,0.68
P000038,LOC000073,PRESENT_AT_INCIDENT,2019-06-07,FIR,0.78
P000001,LOC000073,PRESENT_AT_INCIDENT,2019-06-07,FIR,0.85
P000054,LOC000073,PRESENT_AT_INCIDENT,2019-06-07,FIR,0.98
P000062,LOC000073,PRESENT_AT_INCIDENT,2019-06-07,FIR,0.74
P000077,LOC000073,PRESENT_AT_INCIDENT,2019-06-07,FIR,0.67
P000090,LOC000073,PRESENT_AT_INCIDENT,2019-06-07,FIR,0.83
P000887,LOC000093,PRESENT_AT_INCIDENT,2021-10-04,FIR,0.91
P000964,LOC000093,PRESENT_AT_INCIDENT,2021-10-04,FIR,0.78
P000938,LOC000093,PRESENT_AT_INCIDENT,2021-10-04,FIR,0.74
P000896,LOC000093,PRESENT_AT_INCIDENT,2021-10-04,FIR,0.78
P000949,LOC000093,PRESENT_AT_INCIDENT,2021-10-04,FIR,0.89
P000347,LOC000096,PRESENT_AT_INCIDENT,2022-07-04,FIR,0.74
P000352,LOC000096,PRESENT_AT_INCIDENT,2022-07-04,FIR,0.62
P000307,LOC000096,PRESENT_AT_INCIDENT,2022-07-04,FIR,0.97
P000339,LOC000096,PRESENT_AT_INCIDENT,2022-07-04,FIR,0.9
P000258,LOC000035,PRESENT_AT_INCIDENT,2024-07-07,FIR,0.83
P000860,LOC000047,PRESENT_AT_INCIDENT,2023-10-11,FIR,0.97
P000878,LOC000047,PRESENT_AT_INCIDENT,2023-10-11,FIR,0.85
P000856,LOC000047,PRESENT_AT_INCIDENT,2023-10-11,FIR,0.71
P000852,LOC000047,PRESENT_AT_INCIDENT,2023-10-11,FIR,0.94
P000746,LOC000004,PRESENT_AT_INCIDENT,2023-08-01,FIR,0.8
P000748,LOC000004,PRESENT_AT_INCIDENT,2023-08-01,FIR,0.97
P000759,LOC000004,PRESENT_AT_INCIDENT,2023-08-01,FIR,0.73
P000714,LOC000004,PRESENT_AT_INCIDENT,2023-08-01,FIR,0.7
P000733,LOC000004,PRESENT_AT_INCIDENT,2023-08-01,FIR,0.9
P000350,LOC000019,PRESENT_AT_INCIDENT,2026-05-10,FIR,0.88
P000348,LOC000019,PRESENT_AT_INCIDENT,2026-05-10,FIR,0.85
P000287,LOC000050,PRESENT_AT_INCIDENT,2022-08-12,FIR,0.65
P000177,LOC000050,PRESENT_AT_INCIDENT,2022-08-12,FIR,0.92
P000239,LOC000050,PRESENT_AT_INCIDENT,2022-08-12,FIR,0.8
P000249,LOC000050,PRESENT_AT_INCIDENT,2022-08-12,FIR,0.76
P000601,LOC000019,PRESENT_AT_INCIDENT,2025-12-25,FIR,0.9
P000571,LOC000019,PRESENT_AT_INCIDENT,2025-12-25,FIR,0.8
P000592,LOC000019,PRESENT_AT_INCIDENT,2025-12-25,FIR,0.74
P000603,LOC000019,PRESENT_AT_INCIDENT,2025-12-25,FIR,0.62
P000590,LOC000019,PRESENT_AT_INCIDENT,2025-12-25,FIR,0.71
P000608,LOC000019,PRESENT_AT_INCIDENT,2025-12-25,FIR,0.84
P000607,LOC000019,PRESENT_AT_INCIDENT,2025-12-25,FIR,0.69
P000938,LOC000121,PRESENT_AT_INCIDENT,2019-06-11,FIR,0.78
P000999,LOC000121,PRESENT_AT_INCIDENT,2019-06-11,FIR,0.74
P000910,LOC000121,PRESENT_AT_INCIDENT,2019-06-11,FIR,0.62
P000853,LOC000096,PRESENT_AT_INCIDENT,2023-04-29,FIR,0.71
P000855,LOC000096,PRESENT_AT_INCIDENT,2023-04-29,FIR,0.81
P000856,LOC000096,PRESENT_AT_INCIDENT,2023-04-29,FIR,0.88
P000671,LOC000114,PRESENT_AT_INCIDENT,2023-12-04,FIR,0.94
P000526,LOC000017,PRESENT_AT_INCIDENT,2026-03-05,FIR,0.6
P000545,LOC000017,PRESENT_AT_INCIDENT,2026-03-05,FIR,0.79
P000079,LOC000102,PRESENT_AT_INCIDENT,2024-09-27,FIR,0.62
P000057,LOC000102,PRESENT_AT_INCIDENT,2024-09-27,FIR,0.71
P000881,LOC000086,PRESENT_AT_INCIDENT,2022-12-22,FIR,0.92
P000951,LOC000086,PRESENT_AT_INCIDENT,2022-12-22,FIR,0.62
P000933,LOC000086,PRESENT_AT_INCIDENT,2022-12-22,FIR,0.62
P000687,LOC000044,PRESENT_AT_INCIDENT,2026-05-13,FIR,0.77
P000698,LOC000044,PRESENT_AT_INCIDENT,2026-05-13,FIR,0.9
P000678,LOC000044,PRESENT_AT_INCIDENT,2026-05-13,FIR,0.78
P000695,LOC000044,PRESENT_AT_INCIDENT,2026-05-13,FIR,0.92
P000682,LOC000044,PRESENT_AT_INCIDENT,2026-05-13,FIR,0.93
P000036,LOC000072,PRESENT_AT_INCIDENT,2024-06-17,FIR,0.74
P000037,LOC000072,PRESENT_AT_INCIDENT,2024-06-17,FIR,0.67
P000005,LOC000072,PRESENT_AT_INCIDENT,2024-06-17,FIR,0.82
P000492,LOC000077,PRESENT_AT_INCIDENT,2026-03-11,FIR,0.79
P000263,LOC000102,PRESENT_AT_INCIDENT,2023-06-20,FIR,0.85
P000177,LOC000102,PRESENT_AT_INCIDENT,2023-06-20,FIR,0.78
P000203,LOC000102,PRESENT_AT_INCIDENT,2023-06-20,FIR,0.86
P000047,LOC000100,PRESENT_AT_INCIDENT,2025-08-09,FIR,0.84
P000081,LOC000100,PRESENT_AT_INCIDENT,2025-08-09,FIR,0.95
P000030,LOC000100,PRESENT_AT_INCIDENT,2025-08-09,FIR,0.93
P000848,LOC000114,PRESENT_AT_INCIDENT,2025-11-12,FIR,0.64
P000875,LOC000114,PRESENT_AT_INCIDENT,2025-11-12,FIR,0.69
P000874,LOC000114,PRESENT_AT_INCIDENT,2025-11-12,FIR,0.95
P000520,LOC000025,PRESENT_AT_INCIDENT,2025-08-30,FIR,0.75
P000567,LOC000025,PRESENT_AT_INCIDENT,2025-08-30,FIR,0.8
P000563,LOC000025,PRESENT_AT_INCIDENT,2025-08-30,FIR,0.79
P000741,LOC000066,PRESENT_AT_INCIDENT,2025-12-24,FIR,0.79
P000763,LOC000066,PRESENT_AT_INCIDENT,2025-12-24,FIR,0.79
P000751,LOC000066,PRESENT_AT_INCIDENT,2025-12-24,FIR,0.91
P000719,LOC000066,PRESENT_AT_INCIDENT,2025-12-24,FIR,0.93
P000624,LOC000097,PRESENT_AT_INCIDENT,2023-07-12,FIR,0.82
P000654,LOC000097,PRESENT_AT_INCIDENT,2023-07-12,FIR,0.6
P000657,LOC000097,PRESENT_AT_INCIDENT,2023-07-12,FIR,0.8
P000659,LOC000097,PRESENT_AT_INCIDENT,2023-07-12,FIR,0.64
P000890,LOC000119,PRESENT_AT_INCIDENT,2025-01-15,FIR,0.87
P000990,LOC000119,PRESENT_AT_INCIDENT,2025-01-15,FIR,0.76
P000989,LOC000119,PRESENT_AT_INCIDENT,2025-01-15,FIR,0.74
P000629,LOC000110,PRESENT_AT_INCIDENT,2025-10-14,FIR,0.87
P000564,LOC000061,PRESENT_AT_INCIDENT,2026-04-20,FIR,0.97
P000567,LOC000061,PRESENT_AT_INCIDENT,2026-04-20,FIR,0.65
P000569,LOC000061,PRESENT_AT_INCIDENT,2026-04-20,FIR,0.83
P000725,LOC000013,PRESENT_AT_INCIDENT,2022-08-02,FIR,0.6
P000729,LOC000013,PRESENT_AT_INCIDENT,2022-08-02,FIR,0.75
P000742,LOC000013,PRESENT_AT_INCIDENT,2022-08-02,FIR,0.8
P000759,LOC000013,PRESENT_AT_INCIDENT,2022-08-02,FIR,0.69
P000148,LOC000068,PRESENT_AT_INCIDENT,2024-06-07,FIR,0.63
P000106,LOC000068,PRESENT_AT_INCIDENT,2024-06-07,FIR,0.68
P000171,LOC000068,PRESENT_AT_INCIDENT,2024-06-07,FIR,0.63
P000108,LOC000068,PRESENT_AT_INCIDENT,2024-06-07,FIR,0.81
P000825,LOC000024,PRESENT_AT_INCIDENT,2023-06-21,FIR,0.79
P000813,LOC000024,PRESENT_AT_INCIDENT,2023-06-21,FIR,0.77
P000819,LOC000024,PRESENT_AT_INCIDENT,2023-06-21,FIR,0.96
P000806,LOC000024,PRESENT_AT_INCIDENT,2023-06-21,FIR,0.7
P000165,LOC000067,PRESENT_AT_INCIDENT,2024-11-04,FIR,0.88
P000960,LOC000008,PRESENT_AT_INCIDENT,2025-08-17,FIR,0.7
P000888,LOC000008,PRESENT_AT_INCIDENT,2025-08-17,FIR,0.62
P000996,LOC000008,PRESENT_AT_INCIDENT,2025-08-17,FIR,0.76
P000983,LOC000015,PRESENT_AT_INCIDENT,2025-06-25,FIR,0.89
P000376,LOC000103,PRESENT_AT_INCIDENT,2024-06-13,FIR,0.82
P000394,LOC000103,PRESENT_AT_INCIDENT,2024-06-13,FIR,0.98
P000806,LOC000064,PRESENT_AT_INCIDENT,2025-08-18,FIR,0.84
P000813,LOC000064,PRESENT_AT_INCIDENT,2025-08-18,FIR,0.8
P000818,LOC000064,PRESENT_AT_INCIDENT,2025-08-18,FIR,0.77
P000830,LOC000064,PRESENT_AT_INCIDENT,2025-08-18,FIR,0.72
P000921,LOC000107,PRESENT_AT_INCIDENT,2022-05-11,FIR,0.89
P000996,LOC000107,PRESENT_AT_INCIDENT,2022-05-11,FIR,0.88
P000044,LOC000019,PRESENT_AT_INCIDENT,2021-08-15,FIR,0.7
P000893,LOC000123,PRESENT_AT_INCIDENT,2025-09-03,FIR,0.81
P000915,LOC000123,PRESENT_AT_INCIDENT,2025-09-03,FIR,0.85
P000988,LOC000123,PRESENT_AT_INCIDENT,2025-09-03,FIR,0.91
P000598,LOC000030,PRESENT_AT_INCIDENT,2025-03-19,FIR,0.88
P000574,LOC000030,PRESENT_AT_INCIDENT,2025-03-19,FIR,0.91
P000593,LOC000030,PRESENT_AT_INCIDENT,2025-03-19,FIR,0.85
P000595,LOC000030,PRESENT_AT_INCIDENT,2025-03-19,FIR,0.61
P000375,LOC000033,PRESENT_AT_INCIDENT,2026-04-14,FIR,0.77
P000383,LOC000033,PRESENT_AT_INCIDENT,2026-04-14,FIR,0.72
P000362,LOC000033,PRESENT_AT_INCIDENT,2026-04-14,FIR,0.78
P000075,LOC000018,PRESENT_AT_INCIDENT,2024-09-20,FIR,0.83
P000090,LOC000018,PRESENT_AT_INCIDENT,2024-09-20,FIR,0.65
P000039,LOC000018,PRESENT_AT_INCIDENT,2024-09-20,FIR,0.65
P000079,LOC000018,PRESENT_AT_INCIDENT,2024-09-20,FIR,0.84
P000544,LOC000026,PRESENT_AT_INCIDENT,2020-05-03,FIR,0.87
P000546,LOC000026,PRESENT_AT_INCIDENT,2020-05-03,FIR,0.64
P000519,LOC000026,PRESENT_AT_INCIDENT,2020-05-03,FIR,0.75
P000945,LOC000025,PRESENT_AT_INCIDENT,2023-05-05,FIR,0.94
P000999,LOC000025,PRESENT_AT_INCIDENT,2023-05-05,FIR,0.93
P000894,LOC000025,PRESENT_AT_INCIDENT,2023-05-05,FIR,0.79
P000983,LOC000025,PRESENT_AT_INCIDENT,2023-05-05,FIR,0.98
P000958,LOC000025,PRESENT_AT_INCIDENT,2023-05-05,FIR,0.78
P000466,LOC000037,PRESENT_AT_INCIDENT,2022-11-11,FIR,0.82
P000436,LOC000037,PRESENT_AT_INCIDENT,2022-11-11,FIR,0.79
P000426,LOC000037,PRESENT_AT_INCIDENT,2022-11-11,FIR,0.97
P000627,LOC000123,PRESENT_AT_INCIDENT,2020-06-04,FIR,0.71
P000638,LOC000123,PRESENT_AT_INCIDENT,2020-06-04,FIR,0.87
P000879,LOC000092,PRESENT_AT_INCIDENT,2022-09-21,FIR,0.78
P000788,LOC000024,PRESENT_AT_INCIDENT,2026-04-20,FIR,0.94
P000766,LOC000024,PRESENT_AT_INCIDENT,2026-04-20,FIR,0.82
P000872,LOC000117,PRESENT_AT_INCIDENT,2021-12-09,FIR,0.76
P000875,LOC000117,PRESENT_AT_INCIDENT,2021-12-09,FIR,0.9
P000879,LOC000117,PRESENT_AT_INCIDENT,2021-12-09,FIR,0.78
P000873,LOC000117,PRESENT_AT_INCIDENT,2021-12-09,FIR,0.65
P000425,LOC000099,PRESENT_AT_INCIDENT,2021-01-04,FIR,0.7
P000300,LOC000047,PRESENT_AT_INCIDENT,2021-09-13,FIR,0.9
P000320,LOC000047,PRESENT_AT_INCIDENT,2021-09-13,FIR,0.66
P000486,LOC000041,PRESENT_AT_INCIDENT,2021-11-24,FIR,0.68
P000485,LOC000041,PRESENT_AT_INCIDENT,2021-11-24,FIR,0.66
P000275,LOC000040,PRESENT_AT_INCIDENT,2021-12-15,FIR,0.63
P000269,LOC000040,PRESENT_AT_INCIDENT,2021-12-15,FIR,0.85
P000218,LOC000040,PRESENT_AT_INCIDENT,2021-12-15,FIR,0.72
P000885,LOC000113,PRESENT_AT_INCIDENT,2023-12-13,FIR,0.86
P000988,LOC000113,PRESENT_AT_INCIDENT,2023-12-13,FIR,0.77
P000966,LOC000113,PRESENT_AT_INCIDENT,2023-12-13,FIR,0.88
P000882,LOC000113,PRESENT_AT_INCIDENT,2023-12-13,FIR,0.78
P000708,LOC000111,PRESENT_AT_INCIDENT,2020-07-02,FIR,0.9
P000687,LOC000111,PRESENT_AT_INCIDENT,2020-07-02,FIR,0.62
P000681,LOC000111,PRESENT_AT_INCIDENT,2020-07-02,FIR,0.87
P000783,LOC000049,PRESENT_AT_INCIDENT,2022-11-21,FIR,0.9
P000785,LOC000049,PRESENT_AT_INCIDENT,2022-11-21,FIR,0.79
P000973,LOC000030,PRESENT_AT_INCIDENT,2023-10-20,FIR,0.79
P000952,LOC000030,PRESENT_AT_INCIDENT,2023-10-20,FIR,0.86
P000957,LOC000030,PRESENT_AT_INCIDENT,2023-10-20,FIR,0.9
P000906,LOC000030,PRESENT_AT_INCIDENT,2023-10-20,FIR,0.62
P000104,LOC000059,PRESENT_AT_INCIDENT,2019-11-18,FIR,0.68
P000147,LOC000120,PRESENT_AT_INCIDENT,2021-03-26,FIR,0.89
P000856,LOC000113,PRESENT_AT_INCIDENT,2024-12-30,FIR,0.89
P000876,LOC000113,PRESENT_AT_INCIDENT,2024-12-30,FIR,0.91
P000402,LOC000035,PRESENT_AT_INCIDENT,2025-08-19,FIR,0.75
P000374,LOC000035,PRESENT_AT_INCIDENT,2025-08-19,FIR,0.74
P000538,LOC000018,PRESENT_AT_INCIDENT,2020-02-01,FIR,0.97
P000554,LOC000018,PRESENT_AT_INCIDENT,2020-02-01,FIR,0.84
P000746,LOC000073,PRESENT_AT_INCIDENT,2024-07-09,FIR,0.89
P000741,LOC000073,PRESENT_AT_INCIDENT,2024-07-09,FIR,0.8
P000451,LOC000020,PRESENT_AT_INCIDENT,2023-01-22,FIR,0.73
P000426,LOC000020,PRESENT_AT_INCIDENT,2023-01-22,FIR,0.69
P000421,LOC000020,PRESENT_AT_INCIDENT,2023-01-22,FIR,0.77
P000332,LOC000074,PRESENT_AT_INCIDENT,2026-02-01,FIR,0.75
P000911,LOC000125,PRESENT_AT_INCIDENT,2026-05-20,FIR,0.74
P000962,LOC000125,PRESENT_AT_INCIDENT,2026-05-20,FIR,0.73
P000920,LOC000125,PRESENT_AT_INCIDENT,2026-05-20,FIR,0.68
P000752,LOC000086,PRESENT_AT_INCIDENT,2023-12-06,FIR,0.88
P000724,LOC000086,PRESENT_AT_INCIDENT,2023-12-06,FIR,0.85
P000725,LOC000086,PRESENT_AT_INCIDENT,2023-12-06,FIR,0.69
P000720,LOC000086,PRESENT_AT_INCIDENT,2023-12-06,FIR,0.9
P000715,LOC000086,PRESENT_AT_INCIDENT,2023-12-06,FIR,0.75
P000162,LOC000120,PRESENT_AT_INCIDENT,2025-08-25,FIR,0.88
P000169,LOC000120,PRESENT_AT_INCIDENT,2025-08-25,FIR,0.76
P000129,LOC000120,PRESENT_AT_INCIDENT,2025-08-25,FIR,0.82
P000174,LOC000120,PRESENT_AT_INCIDENT,2025-08-25,FIR,0.89
P000150,LOC000120,PRESENT_AT_INCIDENT,2025-08-25,FIR,0.95
P000695,LOC000036,PRESENT_AT_INCIDENT,2024-01-17,FIR,0.93
P000689,LOC000036,PRESENT_AT_INCIDENT,2024-01-17,FIR,0.7
P000705,LOC000036,PRESENT_AT_INCIDENT,2024-01-17,FIR,0.94
P000799,LOC000020,PRESENT_AT_INCIDENT,2025-02-13,FIR,0.93
P000777,LOC000020,PRESENT_AT_INCIDENT,2025-02-13,FIR,0.9
P000785,LOC000020,PRESENT_AT_INCIDENT,2025-02-13,FIR,0.62
P000796,LOC000020,PRESENT_AT_INCIDENT,2025-02-13,FIR,0.94
P000787,LOC000020,PRESENT_AT_INCIDENT,2025-02-13,FIR,0.87
P000861,LOC000095,PRESENT_AT_INCIDENT,2026-02-17,FIR,0.62
P000476,LOC000081,PRESENT_AT_INCIDENT,2026-05-19,FIR,0.83
P000511,LOC000081,PRESENT_AT_INCIDENT,2026-05-19,FIR,0.88
P000502,LOC000081,PRESENT_AT_INCIDENT,2026-05-19,FIR,0.72
P000488,LOC000081,PRESENT_AT_INCIDENT,2026-05-19,FIR,0.68
P000346,LOC000098,PRESENT_AT_INCIDENT,2026-02-13,FIR,0.89
P000332,LOC000098,PRESENT_AT_INCIDENT,2026-02-13,FIR,0.62
P000665,LOC000095,PRESENT_AT_INCIDENT,2025-03-18,FIR,0.62
P000639,LOC000095,PRESENT_AT_INCIDENT,2025-03-18,FIR,0.79
P000623,LOC000095,PRESENT_AT_INCIDENT,2025-03-18,FIR,0.75
P000664,LOC000095,PRESENT_AT_INCIDENT,2025-03-18,FIR,0.9
P000625,LOC000095,PRESENT_AT_INCIDENT,2025-03-18,FIR,0.66
P000611,LOC000095,PRESENT_AT_INCIDENT,2025-03-18,FIR,0.71
P000649,LOC000095,PRESENT_AT_INCIDENT,2025-03-18,FIR,0.65
P000126,LOC000067,PRESENT_AT_INCIDENT,2026-06-17,FIR,0.63
P000171,LOC000067,PRESENT_AT_INCIDENT,2026-06-17,FIR,0.71
P000899,LOC000004,PRESENT_AT_INCIDENT,2023-02-09,FIR,0.89
P000914,LOC000004,PRESENT_AT_INCIDENT,2023-02-09,FIR,0.77
P000855,LOC000098,PRESENT_AT_INCIDENT,2019-11-29,FIR,0.62
P000846,LOC000098,PRESENT_AT_INCIDENT,2019-11-29,FIR,0.92
P000867,LOC000098,PRESENT_AT_INCIDENT,2019-11-29,FIR,0.88
P000856,LOC000098,PRESENT_AT_INCIDENT,2019-11-29,FIR,0.98
P000878,LOC000095,PRESENT_AT_INCIDENT,2020-10-30,FIR,0.8
P000855,LOC000095,PRESENT_AT_INCIDENT,2020-10-30,FIR,0.83
P000540,LOC000017,PRESENT_AT_INCIDENT,2020-04-02,FIR,0.83
P000524,LOC000017,PRESENT_AT_INCIDENT,2020-04-02,FIR,0.85
P000542,LOC000017,PRESENT_AT_INCIDENT,2020-04-02,FIR,0.65
P000799,LOC000049,PRESENT_AT_INCIDENT,2026-05-06,FIR,0.95
P000775,LOC000049,PRESENT_AT_INCIDENT,2026-05-06,FIR,0.71
P000789,LOC000049,PRESENT_AT_INCIDENT,2026-05-06,FIR,0.9
P000946,LOC000008,PRESENT_AT_INCIDENT,2024-08-08,FIR,0.67
P000964,LOC000008,PRESENT_AT_INCIDENT,2024-08-08,FIR,0.88
P000878,LOC000081,PRESENT_AT_INCIDENT,2020-06-22,FIR,0.74
P000871,LOC000081,PRESENT_AT_INCIDENT,2020-06-22,FIR,0.68
P000392,LOC000028,PRESENT_AT_INCIDENT,2026-04-17,FIR,0.7
P000942,LOC000118,PRESENT_AT_INCIDENT,2018-04-24,FIR,0.74
P000959,LOC000118,PRESENT_AT_INCIDENT,2018-04-24,FIR,0.97
P000900,LOC000118,PRESENT_AT_INCIDENT,2018-04-24,FIR,0.84
P000316,LOC000048,PRESENT_AT_INCIDENT,2020-09-20,FIR,0.63
P000332,LOC000048,PRESENT_AT_INCIDENT,2020-09-20,FIR,0.82
P000322,LOC000048,PRESENT_AT_INCIDENT,2020-09-20,FIR,0.82
P000971,LOC000072,PRESENT_AT_INCIDENT,2022-12-07,FIR,0.94
P000991,LOC000072,PRESENT_AT_INCIDENT,2022-12-07,FIR,0.85
P000142,LOC000069,PRESENT_AT_INCIDENT,2025-11-18,FIR,0.75
P000155,LOC000069,PRESENT_AT_INCIDENT,2025-11-18,FIR,0.71
P000144,LOC000069,PRESENT_AT_INCIDENT,2025-11-18,FIR,0.74
P000126,LOC000069,PRESENT_AT_INCIDENT,2025-11-18,FIR,0.96
P000822,LOC000024,PRESENT_AT_INCIDENT,2026-03-31,FIR,0.97
P000810,LOC000024,PRESENT_AT_INCIDENT,2026-03-31,FIR,0.75
P000966,LOC000092,PRESENT_AT_INCIDENT,2020-02-23,FIR,0.66
P000891,LOC000092,PRESENT_AT_INCIDENT,2020-02-23,FIR,0.63
P000490,LOC000079,PRESENT_AT_INCIDENT,2019-07-25,FIR,0.79
P000351,LOC000005,PRESENT_AT_INCIDENT,2024-09-07,FIR,0.73
P000354,LOC000005,PRESENT_AT_INCIDENT,2024-09-07,FIR,0.9
P000330,LOC000005,PRESENT_AT_INCIDENT,2024-09-07,FIR,0.96
P000355,LOC000005,PRESENT_AT_INCIDENT,2024-09-07,FIR,0.7
P000349,LOC000005,PRESENT_AT_INCIDENT,2024-09-07,FIR,0.66
P000295,LOC000005,PRESENT_AT_INCIDENT,2024-09-07,FIR,0.72
P000313,LOC000005,PRESENT_AT_INCIDENT,2024-09-07,FIR,0.68
P000159,LOC000060,PRESENT_AT_INCIDENT,2026-03-06,FIR,0.84
P000152,LOC000060,PRESENT_AT_INCIDENT,2026-03-06,FIR,0.64
P000113,LOC000060,PRESENT_AT_INCIDENT,2026-03-06,FIR,0.9
P000101,LOC000060,PRESENT_AT_INCIDENT,2026-03-06,FIR,0.96
P000153,LOC000060,PRESENT_AT_INCIDENT,2026-03-06,FIR,0.97
P000100,LOC000060,PRESENT_AT_INCIDENT,2026-03-06,FIR,0.82
P000144,LOC000060,PRESENT_AT_INCIDENT,2026-03-06,FIR,0.75
P000798,LOC000034,PRESENT_AT_INCIDENT,2025-10-25,FIR,0.78
P000786,LOC000034,PRESENT_AT_INCIDENT,2025-10-25,FIR,0.83
P000292,LOC000051,PRESENT_AT_INCIDENT,2026-02-01,FIR,0.74
P000346,LOC000051,PRESENT_AT_INCIDENT,2026-02-01,FIR,0.8
P000325,LOC000051,PRESENT_AT_INCIDENT,2026-02-01,FIR,0.93
P000308,LOC000051,PRESENT_AT_INCIDENT,2026-02-01,FIR,0.72
P000395,LOC000099,PRESENT_AT_INCIDENT,2023-05-04,FIR,0.92
P000375,LOC000099,PRESENT_AT_INCIDENT,2023-05-04,FIR,0.97
P000397,LOC000099,PRESENT_AT_INCIDENT,2023-05-04,FIR,0.71
P000862,LOC000116,PRESENT_AT_INCIDENT,2020-06-11,FIR,0.78
P000858,LOC000116,PRESENT_AT_INCIDENT,2020-06-11,FIR,0.67
P000645,LOC000001,PRESENT_AT_INCIDENT,2024-06-21,FIR,0.95
P000665,LOC000001,PRESENT_AT_INCIDENT,2024-06-21,FIR,0.66
P000702,LOC000109,PRESENT_AT_INCIDENT,2021-10-17,FIR,0.92
P000691,LOC000109,PRESENT_AT_INCIDENT,2021-10-17,FIR,0.98
P000709,LOC000109,PRESENT_AT_INCIDENT,2021-10-17,FIR,0.92
P000701,LOC000109,PRESENT_AT_INCIDENT,2021-10-17,FIR,0.86
P000539,LOC000062,PRESENT_AT_INCIDENT,2026-02-22,FIR,0.9
P000564,LOC000062,PRESENT_AT_INCIDENT,2026-02-22,FIR,0.72
P000526,LOC000062,PRESENT_AT_INCIDENT,2026-02-22,FIR,0.89
P000524,LOC000062,PRESENT_AT_INCIDENT,2026-02-22,FIR,0.76
P000969,LOC000002,PRESENT_AT_INCIDENT,2023-12-07,FIR,0.69
P000970,LOC000002,PRESENT_AT_INCIDENT,2023-12-07,FIR,0.85
P000945,LOC000002,PRESENT_AT_INCIDENT,2023-12-07,FIR,0.73
P000739,LOC000101,PRESENT_AT_INCIDENT,2026-05-19,FIR,0.86
P000725,LOC000101,PRESENT_AT_INCIDENT,2026-05-19,FIR,0.65
P000754,LOC000101,PRESENT_AT_INCIDENT,2026-05-19,FIR,0.81
P000888,LOC000119,PRESENT_AT_INCIDENT,2023-05-23,FIR,0.96
P000898,LOC000119,PRESENT_AT_INCIDENT,2023-05-23,FIR,0.72
P000962,LOC000119,PRESENT_AT_INCIDENT,2023-05-23,FIR,0.84
P000895,LOC000119,PRESENT_AT_INCIDENT,2023-05-23,FIR,0.75
P000930,LOC000119,PRESENT_AT_INCIDENT,2023-05-23,FIR,0.92
P000673,LOC000040,PRESENT_AT_INCIDENT,2025-07-16,FIR,0.85
P000698,LOC000040,PRESENT_AT_INCIDENT,2025-07-16,FIR,0.82
P000680,LOC000052,PRESENT_AT_INCIDENT,2024-04-22,FIR,0.97
P000677,LOC000052,PRESENT_AT_INCIDENT,2024-04-22,FIR,0.87
P000795,LOC000033,PRESENT_AT_INCIDENT,2025-10-18,FIR,0.73
P000107,LOC000067,PRESENT_AT_INCIDENT,2021-11-30,FIR,0.91
P000109,LOC000067,PRESENT_AT_INCIDENT,2021-11-30,FIR,0.72
P000115,LOC000067,PRESENT_AT_INCIDENT,2021-11-30,FIR,0.75
P000162,LOC000067,PRESENT_AT_INCIDENT,2021-11-30,FIR,0.67
P000117,LOC000067,PRESENT_AT_INCIDENT,2021-11-30,FIR,0.78
P000444,LOC000021,PRESENT_AT_INCIDENT,2022-09-02,FIR,0.96
P000866,LOC000080,PRESENT_AT_INCIDENT,2026-01-22,FIR,0.83
P000875,LOC000080,PRESENT_AT_INCIDENT,2026-01-22,FIR,0.64
P000860,LOC000080,PRESENT_AT_INCIDENT,2026-01-22,FIR,0.96
P000868,LOC000078,PRESENT_AT_INCIDENT,2022-11-29,FIR,0.64
P000355,LOC000014,PRESENT_AT_INCIDENT,2019-06-04,FIR,0.68
P000867,LOC000077,PRESENT_AT_INCIDENT,2025-09-12,FIR,0.9
P000856,LOC000077,PRESENT_AT_INCIDENT,2025-09-12,FIR,0.94
P000860,LOC000077,PRESENT_AT_INCIDENT,2025-09-12,FIR,0.7
P000576,LOC000114,PRESENT_AT_INCIDENT,2023-03-27,FIR,0.85
P000350,LOC000005,PRESENT_AT_INCIDENT,2023-04-08,FIR,0.92
P000983,LOC000102,PRESENT_AT_INCIDENT,2025-10-21,FIR,0.76
P001000,LOC000102,PRESENT_AT_INCIDENT,2025-10-21,FIR,0.94
P000961,LOC000102,PRESENT_AT_INCIDENT,2025-10-21,FIR,0.95
P000459,LOC000102,PRESENT_AT_INCIDENT,2025-01-03,FIR,0.76
P000424,LOC000102,PRESENT_AT_INCIDENT,2025-01-03,FIR,0.75
P000427,LOC000102,PRESENT_AT_INCIDENT,2025-01-03,FIR,0.83
P000518,LOC000080,PRESENT_AT_INCIDENT,2024-09-11,FIR,0.68
P000508,LOC000080,PRESENT_AT_INCIDENT,2024-09-11,FIR,0.8
P000513,LOC000080,PRESENT_AT_INCIDENT,2024-09-11,FIR,0.94
P000490,LOC000080,PRESENT_AT_INCIDENT,2024-09-11,FIR,0.69
P000480,LOC000080,PRESENT_AT_INCIDENT,2024-09-11,FIR,0.85
P000302,LOC000074,PRESENT_AT_INCIDENT,2024-05-11,FIR,0.91
P000345,LOC000074,PRESENT_AT_INCIDENT,2024-05-11,FIR,0.81
P000972,LOC000059,PRESENT_AT_INCIDENT,2026-02-26,FIR,0.95
P000981,LOC000059,PRESENT_AT_INCIDENT,2026-02-26,FIR,0.81
P000905,LOC000059,PRESENT_AT_INCIDENT,2026-02-26,FIR,0.82
P000106,LOC000121,PRESENT_AT_INCIDENT,2024-07-24,FIR,0.97
P000159,LOC000121,PRESENT_AT_INCIDENT,2024-07-24,FIR,0.88
P000848,LOC000018,PRESENT_AT_INCIDENT,2026-06-22,FIR,0.79
P000873,LOC000018,PRESENT_AT_INCIDENT,2026-06-22,FIR,0.68
P000859,LOC000018,PRESENT_AT_INCIDENT,2026-06-22,FIR,0.83
P000099,LOC000019,PRESENT_AT_INCIDENT,2024-09-26,FIR,0.68
P000116,LOC000019,PRESENT_AT_INCIDENT,2024-09-26,FIR,0.63
P000115,LOC000019,PRESENT_AT_INCIDENT,2024-09-26,FIR,0.7
P000158,LOC000019,PRESENT_AT_INCIDENT,2024-09-26,FIR,0.83
P000125,LOC000019,PRESENT_AT_INCIDENT,2024-09-26,FIR,0.69
P000542,LOC000041,PRESENT_AT_INCIDENT,2023-11-30,FIR,0.88
P000527,LOC000041,PRESENT_AT_INCIDENT,2023-11-30,FIR,0.86
P000538,LOC000041,PRESENT_AT_INCIDENT,2023-11-30,FIR,0.66
P000561,LOC000041,PRESENT_AT_INCIDENT,2023-11-30,FIR,0.77
P000556,LOC000041,PRESENT_AT_INCIDENT,2023-11-30,FIR,0.77
P000558,LOC000041,PRESENT_AT_INCIDENT,2023-11-30,FIR,0.67
P000549,LOC000041,PRESENT_AT_INCIDENT,2023-11-30,FIR,0.68
P000680,LOC000046,PRESENT_AT_INCIDENT,2025-08-03,FIR,0.61
P000692,LOC000046,PRESENT_AT_INCIDENT,2025-08-03,FIR,0.61
P000671,LOC000046,PRESENT_AT_INCIDENT,2025-08-03,FIR,0.78
P000677,LOC000046,PRESENT_AT_INCIDENT,2025-08-03,FIR,0.6
P000696,LOC000046,PRESENT_AT_INCIDENT,2025-08-03,FIR,0.61
P000346,LOC000107,PRESENT_AT_INCIDENT,2022-05-21,FIR,0.71
P000326,LOC000107,PRESENT_AT_INCIDENT,2022-05-21,FIR,0.93
P000290,LOC000107,PRESENT_AT_INCIDENT,2022-05-21,FIR,0.79
P000325,LOC000107,PRESENT_AT_INCIDENT,2022-05-21,FIR,0.6
P000237,LOC000044,PRESENT_AT_INCIDENT,2025-06-20,FIR,0.62
P000181,LOC000044,PRESENT_AT_INCIDENT,2025-06-20,FIR,0.66
P000284,LOC000044,PRESENT_AT_INCIDENT,2025-06-20,FIR,0.84
P000201,LOC000101,PRESENT_AT_INCIDENT,2025-11-15,FIR,0.7
P000279,LOC000101,PRESENT_AT_INCIDENT,2025-11-15,FIR,0.87
P000256,LOC000101,PRESENT_AT_INCIDENT,2025-11-15,FIR,0.95
P000229,LOC000101,PRESENT_AT_INCIDENT,2025-11-15,FIR,0.91
P000072,LOC000075,PRESENT_AT_INCIDENT,2023-10-12,FIR,0.6
P000088,LOC000075,PRESENT_AT_INCIDENT,2023-10-12,FIR,0.91
P000673,LOC000037,PRESENT_AT_INCIDENT,2025-01-02,FIR,0.66
P000678,LOC000037,PRESENT_AT_INCIDENT,2025-01-02,FIR,0.73
P000710,LOC000037,PRESENT_AT_INCIDENT,2025-01-02,FIR,0.75
P000091,LOC000016,PRESENT_AT_INCIDENT,2024-04-29,FIR,0.62
P000058,LOC000016,PRESENT_AT_INCIDENT,2024-04-29,FIR,0.82
P000252,LOC000034,PRESENT_AT_INCIDENT,2026-01-30,FIR,0.78
P000255,LOC000034,PRESENT_AT_INCIDENT,2026-01-30,FIR,0.92
P000258,LOC000034,PRESENT_AT_INCIDENT,2026-01-30,FIR,0.89
P000281,LOC000034,PRESENT_AT_INCIDENT,2026-01-30,FIR,0.83
P000239,LOC000034,PRESENT_AT_INCIDENT,2026-01-30,FIR,0.62
P000756,LOC000085,PRESENT_AT_INCIDENT,2026-01-02,FIR,0.77
P000733,LOC000086,PRESENT_AT_INCIDENT,2022-09-06,FIR,0.68
P000738,LOC000086,PRESENT_AT_INCIDENT,2022-09-06,FIR,0.72
P000035,LOC000100,PRESENT_AT_INCIDENT,2022-04-03,FIR,0.61
P000009,LOC000100,PRESENT_AT_INCIDENT,2022-04-03,FIR,0.96
P000024,LOC000100,PRESENT_AT_INCIDENT,2022-04-03,FIR,0.73
P000074,LOC000100,PRESENT_AT_INCIDENT,2022-04-03,FIR,0.95
P000048,LOC000100,PRESENT_AT_INCIDENT,2022-04-03,FIR,0.6
P000020,LOC000100,PRESENT_AT_INCIDENT,2022-04-03,FIR,0.76
P000088,LOC000100,PRESENT_AT_INCIDENT,2022-04-03,FIR,0.82
P000985,LOC000083,PRESENT_AT_INCIDENT,2026-02-11,FIR,0.9
P000950,LOC000083,PRESENT_AT_INCIDENT,2026-02-11,FIR,0.93
P000919,LOC000083,PRESENT_AT_INCIDENT,2026-02-11,FIR,0.91
P000268,LOC000044,PRESENT_AT_INCIDENT,2024-01-20,FIR,0.61
P000965,LOC000018,PRESENT_AT_INCIDENT,2026-02-19,FIR,0.72
P000985,LOC000018,PRESENT_AT_INCIDENT,2026-02-19,FIR,0.87
P000079,LOC000002,PRESENT_AT_INCIDENT,2023-01-22,FIR,0.9
P000099,LOC000059,PRESENT_AT_INCIDENT,2025-07-02,FIR,0.77
P000155,LOC000059,PRESENT_AT_INCIDENT,2025-07-02,FIR,0.67
P000169,LOC000059,PRESENT_AT_INCIDENT,2025-07-02,FIR,0.7
P000156,LOC000059,PRESENT_AT_INCIDENT,2025-07-02,FIR,0.85
P000165,LOC000059,PRESENT_AT_INCIDENT,2025-07-02,FIR,0.87
P000888,LOC000121,PRESENT_AT_INCIDENT,2025-07-22,FIR,0.92
P000930,LOC000121,PRESENT_AT_INCIDENT,2025-07-22,FIR,0.76
P000200,LOC000037,PRESENT_AT_INCIDENT,2020-02-27,FIR,0.93
P000175,LOC000037,PRESENT_AT_INCIDENT,2020-02-27,FIR,0.95
P000643,LOC000086,PRESENT_AT_INCIDENT,2023-09-24,FIR,0.78
P000649,LOC000086,PRESENT_AT_INCIDENT,2023-09-24,FIR,0.76
P000787,LOC000020,PRESENT_AT_INCIDENT,2025-06-09,FIR,0.98
P000796,LOC000049,PRESENT_AT_INCIDENT,2020-10-19,FIR,0.9
P000783,LOC000049,PRESENT_AT_INCIDENT,2020-10-19,FIR,0.82
P000775,LOC000049,PRESENT_AT_INCIDENT,2020-10-19,FIR,0.78
P000777,LOC000049,PRESENT_AT_INCIDENT,2020-10-19,FIR,0.83
P000774,LOC000049,PRESENT_AT_INCIDENT,2020-10-19,FIR,0.86
P000423,LOC000114,PRESENT_AT_INCIDENT,2023-01-02,FIR,0.69
P000427,LOC000114,PRESENT_AT_INCIDENT,2023-01-02,FIR,0.83
P000834,LOC000068,PRESENT_AT_INCIDENT,2024-04-05,FIR,0.85
P000808,LOC000068,PRESENT_AT_INCIDENT,2024-04-05,FIR,0.7
P000109,LOC000016,PRESENT_AT_INCIDENT,2021-10-11,FIR,0.86
P000139,LOC000016,PRESENT_AT_INCIDENT,2021-10-11,FIR,0.72
P000114,LOC000016,PRESENT_AT_INCIDENT,2021-10-11,FIR,0.68
P000134,LOC000016,PRESENT_AT_INCIDENT,2021-10-11,FIR,0.76
P000131,LOC000016,PRESENT_AT_INCIDENT,2021-10-11,FIR,0.93
P000684,LOC000049,PRESENT_AT_INCIDENT,2025-04-03,FIR,0.78
P000677,LOC000049,PRESENT_AT_INCIDENT,2025-04-03,FIR,0.81
P000681,LOC000049,PRESENT_AT_INCIDENT,2025-04-03,FIR,0.85
P000676,LOC000049,PRESENT_AT_INCIDENT,2025-04-03,FIR,0.64
P000710,LOC000049,PRESENT_AT_INCIDENT,2025-04-03,FIR,0.75
P000886,LOC000062,PRESENT_AT_INCIDENT,2023-06-18,FIR,0.69
P000946,LOC000062,PRESENT_AT_INCIDENT,2023-06-18,FIR,0.86
P000893,LOC000062,PRESENT_AT_INCIDENT,2023-06-18,FIR,0.7
P000884,LOC000062,PRESENT_AT_INCIDENT,2023-06-18,FIR,0.64
P000971,LOC000062,PRESENT_AT_INCIDENT,2023-06-18,FIR,0.76
P000017,LOC000101,PRESENT_AT_INCIDENT,2024-11-11,FIR,0.95
P000034,LOC000101,PRESENT_AT_INCIDENT,2024-11-11,FIR,0.96
P000044,LOC000101,PRESENT_AT_INCIDENT,2024-11-11,FIR,0.94
P000709,LOC000051,PRESENT_AT_INCIDENT,2021-08-25,FIR,0.96
P000389,LOC000039,PRESENT_AT_INCIDENT,2023-06-05,FIR,0.78
P000413,LOC000039,PRESENT_AT_INCIDENT,2023-06-05,FIR,0.63
P000370,LOC000080,PRESENT_AT_INCIDENT,2025-02-07,FIR,0.88
P000368,LOC000080,PRESENT_AT_INCIDENT,2025-02-07,FIR,0.89
P000359,LOC000080,PRESENT_AT_INCIDENT,2025-02-07,FIR,0.75
P000954,LOC000092,PRESENT_AT_INCIDENT,2021-10-13,FIR,0.95
P000902,LOC000092,PRESENT_AT_INCIDENT,2021-10-13,FIR,0.76
P000963,LOC000092,PRESENT_AT_INCIDENT,2021-10-13,FIR,0.92
P000020,LOC000073,PRESENT_AT_INCIDENT,2025-03-10,FIR,0.64
P000048,LOC000073,PRESENT_AT_INCIDENT,2025-03-10,FIR,0.71
P000062,LOC000073,PRESENT_AT_INCIDENT,2025-03-10,FIR,0.94
P000118,LOC000068,PRESENT_AT_INCIDENT,2022-07-05,FIR,0.81
P000168,LOC000068,PRESENT_AT_INCIDENT,2022-07-05,FIR,0.84
P000334,LOC000094,PRESENT_AT_INCIDENT,2022-08-11,FIR,0.67
P000330,LOC000094,PRESENT_AT_INCIDENT,2022-08-11,FIR,0.6
P000294,LOC000094,PRESENT_AT_INCIDENT,2022-08-11,FIR,0.8
P000122,LOC000060,PRESENT_AT_INCIDENT,2026-02-19,FIR,0.73
P000124,LOC000060,PRESENT_AT_INCIDENT,2026-02-19,FIR,0.95
P000148,LOC000060,PRESENT_AT_INCIDENT,2026-02-19,FIR,0.64
P000871,LOC000114,PRESENT_AT_INCIDENT,2020-10-04,FIR,0.75
P000877,LOC000114,PRESENT_AT_INCIDENT,2020-10-04,FIR,0.76
P000847,LOC000114,PRESENT_AT_INCIDENT,2020-10-04,FIR,0.84
P000855,LOC000114,PRESENT_AT_INCIDENT,2020-10-04,FIR,0.64
P000851,LOC000114,PRESENT_AT_INCIDENT,2020-10-04,FIR,0.71
P000887,LOC000014,PRESENT_AT_INCIDENT,2026-05-03,FIR,0.93
P000963,LOC000041,PRESENT_AT_INCIDENT,2026-06-01,FIR,0.75
P000330,LOC000020,PRESENT_AT_INCIDENT,2023-12-19,FIR,0.61
P000810,LOC000054,PRESENT_AT_INCIDENT,2026-06-08,FIR,0.88
P000840,LOC000054,PRESENT_AT_INCIDENT,2026-06-08,FIR,0.8
P000844,LOC000054,PRESENT_AT_INCIDENT,2026-06-08,FIR,0.62
P000822,LOC000054,PRESENT_AT_INCIDENT,2026-06-08,FIR,0.7
P000735,LOC000017,PRESENT_AT_INCIDENT,2022-12-14,FIR,0.79
P000734,LOC000017,PRESENT_AT_INCIDENT,2022-12-14,FIR,0.69
P000750,LOC000017,PRESENT_AT_INCIDENT,2022-12-14,FIR,0.85
P000751,LOC000017,PRESENT_AT_INCIDENT,2022-12-14,FIR,0.85
P000741,LOC000017,PRESENT_AT_INCIDENT,2022-12-14,FIR,0.85
P000607,LOC000039,PRESENT_AT_INCIDENT,2025-02-21,FIR,0.78
P000601,LOC000039,PRESENT_AT_INCIDENT,2025-02-21,FIR,0.77
P000987,LOC000043,PRESENT_AT_INCIDENT,2026-05-02,FIR,0.71
P000514,LOC000033,PRESENT_AT_INCIDENT,2026-06-26,FIR,0.69
P000509,LOC000033,PRESENT_AT_INCIDENT,2026-06-26,FIR,0.76
P000475,LOC000033,PRESENT_AT_INCIDENT,2026-06-26,FIR,0.63
P000725,LOC000087,PRESENT_AT_INCIDENT,2024-07-12,FIR,0.94
P000763,LOC000087,PRESENT_AT_INCIDENT,2024-07-12,FIR,0.61
P000716,LOC000087,PRESENT_AT_INCIDENT,2024-07-12,FIR,0.64
P000467,LOC000115,PRESENT_AT_INCIDENT,2023-02-02,FIR,0.7
P000462,LOC000115,PRESENT_AT_INCIDENT,2023-02-02,FIR,0.96
P000470,LOC000115,PRESENT_AT_INCIDENT,2023-02-02,FIR,0.6
P000416,LOC000032,PRESENT_AT_INCIDENT,2024-04-04,FIR,0.77
P000878,LOC000090,PRESENT_AT_INCIDENT,2023-04-15,FIR,0.84
P000334,LOC000098,PRESENT_AT_INCIDENT,2023-05-07,FIR,0.82
P000720,LOC000072,PRESENT_AT_INCIDENT,2026-05-26,FIR,0.92
P000754,LOC000072,PRESENT_AT_INCIDENT,2026-05-26,FIR,0.83
P000732,LOC000072,PRESENT_AT_INCIDENT,2026-05-26,FIR,0.82
P000738,LOC000072,PRESENT_AT_INCIDENT,2026-05-26,FIR,0.8
P000744,LOC000072,PRESENT_AT_INCIDENT,2026-05-26,FIR,0.96
P000498,LOC000038,PRESENT_AT_INCIDENT,2024-12-05,FIR,0.87
P000501,LOC000038,PRESENT_AT_INCIDENT,2024-12-05,FIR,0.64
P000941,LOC000029,PRESENT_AT_INCIDENT,2025-03-16,FIR,0.74
P000961,LOC000029,PRESENT_AT_INCIDENT,2025-03-16,FIR,0.87
P000920,LOC000029,PRESENT_AT_INCIDENT,2025-03-16,FIR,0.62
P000887,LOC000029,PRESENT_AT_INCIDENT,2025-03-16,FIR,0.78
P000424,LOC000047,PRESENT_AT_INCIDENT,2020-10-12,FIR,0.77
P000425,LOC000047,PRESENT_AT_INCIDENT,2020-10-12,FIR,0.9
P000438,LOC000047,PRESENT_AT_INCIDENT,2020-10-12,FIR,0.9
P000455,LOC000047,PRESENT_AT_INCIDENT,2020-10-12,FIR,0.67
P000849,LOC000090,PRESENT_AT_INCIDENT,2024-01-09,FIR,0.91
P000039,LOC000014,PRESENT_AT_INCIDENT,2020-09-16,FIR,0.84
P000082,LOC000014,PRESENT_AT_INCIDENT,2020-09-16,FIR,0.77
P000070,LOC000014,PRESENT_AT_INCIDENT,2020-09-16,FIR,0.8
P000043,LOC000014,PRESENT_AT_INCIDENT,2020-09-16,FIR,0.7
P000062,LOC000014,PRESENT_AT_INCIDENT,2020-09-16,FIR,0.76
P000861,LOC000020,PRESENT_AT_INCIDENT,2025-03-04,FIR,0.76
P000857,LOC000020,PRESENT_AT_INCIDENT,2025-03-04,FIR,0.86
P000879,LOC000020,PRESENT_AT_INCIDENT,2025-03-04,FIR,0.7
P000854,LOC000020,PRESENT_AT_INCIDENT,2025-03-04,FIR,0.64
P000910,LOC000118,PRESENT_AT_INCIDENT,2023-05-03,FIR,0.95
P000908,LOC000118,PRESENT_AT_INCIDENT,2023-05-03,FIR,0.78
P000124,LOC000121,PRESENT_AT_INCIDENT,2019-06-24,FIR,0.85
P000163,LOC000121,PRESENT_AT_INCIDENT,2019-06-24,FIR,0.8
P000103,LOC000058,PRESENT_AT_INCIDENT,2025-10-25,FIR,0.65
P000097,LOC000058,PRESENT_AT_INCIDENT,2025-10-25,FIR,0.73
P000166,LOC000058,PRESENT_AT_INCIDENT,2025-10-25,FIR,0.66
P000095,LOC000058,PRESENT_AT_INCIDENT,2025-10-25,FIR,0.73
P000271,LOC000051,PRESENT_AT_INCIDENT,2024-05-28,FIR,0.75
P000253,LOC000051,PRESENT_AT_INCIDENT,2024-05-28,FIR,0.66
P000258,LOC000051,PRESENT_AT_INCIDENT,2024-05-28,FIR,0.86
P000202,LOC000051,PRESENT_AT_INCIDENT,2024-05-28,FIR,0.86
P000670,LOC000047,PRESENT_AT_INCIDENT,2026-04-21,FIR,0.71
P000711,LOC000047,PRESENT_AT_INCIDENT,2026-04-21,FIR,0.74
P000677,LOC000047,PRESENT_AT_INCIDENT,2026-04-21,FIR,0.76
P000766,LOC000044,PRESENT_AT_INCIDENT,2023-12-03,FIR,0.75
P000776,LOC000044,PRESENT_AT_INCIDENT,2023-12-03,FIR,0.87
P000785,LOC000044,PRESENT_AT_INCIDENT,2023-12-03,FIR,0.65
P000539,LOC000041,PRESENT_AT_INCIDENT,2026-03-15,FIR,0.63
P000530,LOC000041,PRESENT_AT_INCIDENT,2026-03-15,FIR,0.69
P000545,LOC000041,PRESENT_AT_INCIDENT,2026-03-15,FIR,0.72
P000559,LOC000041,PRESENT_AT_INCIDENT,2026-03-15,FIR,0.9
P000534,LOC000041,PRESENT_AT_INCIDENT,2026-03-15,FIR,0.84
P000539,LOC000026,PRESENT_AT_INCIDENT,2021-12-18,FIR,0.85
P000553,LOC000026,PRESENT_AT_INCIDENT,2021-12-18,FIR,0.9
P000566,LOC000026,PRESENT_AT_INCIDENT,2021-12-18,FIR,0.88
P000524,LOC000026,PRESENT_AT_INCIDENT,2021-12-18,FIR,0.9
P000568,LOC000026,PRESENT_AT_INCIDENT,2021-12-18,FIR,0.9
P000563,LOC000026,PRESENT_AT_INCIDENT,2021-12-18,FIR,0.62
P000556,LOC000026,PRESENT_AT_INCIDENT,2021-12-18,FIR,0.67
P000927,LOC000090,PRESENT_AT_INCIDENT,2026-01-05,FIR,0.86
P000569,LOC000027,PRESENT_AT_INCIDENT,2020-08-04,FIR,0.97
P000521,LOC000027,PRESENT_AT_INCIDENT,2020-08-04,FIR,0.76
P000557,LOC000027,PRESENT_AT_INCIDENT,2020-08-04,FIR,0.7
P000519,LOC000027,PRESENT_AT_INCIDENT,2020-08-04,FIR,0.78
P000549,LOC000027,PRESENT_AT_INCIDENT,2020-08-04,FIR,0.79
P000563,LOC000027,PRESENT_AT_INCIDENT,2020-08-04,FIR,0.73
P000530,LOC000027,PRESENT_AT_INCIDENT,2020-08-04,FIR,0.68
P000875,LOC000079,PRESENT_AT_INCIDENT,2020-11-06,FIR,0.83
P000854,LOC000079,PRESENT_AT_INCIDENT,2020-11-06,FIR,0.86
P000874,LOC000079,PRESENT_AT_INCIDENT,2020-11-06,FIR,0.72
P000480,LOC000023,PRESENT_AT_INCIDENT,2025-11-05,FIR,0.77
P000496,LOC000023,PRESENT_AT_INCIDENT,2025-11-05,FIR,0.61
P000504,LOC000023,PRESENT_AT_INCIDENT,2025-11-05,FIR,0.65
P000728,LOC000075,PRESENT_AT_INCIDENT,2023-10-16,FIR,0.8
P000757,LOC000075,PRESENT_AT_INCIDENT,2023-10-16,FIR,0.93
P000714,LOC000075,PRESENT_AT_INCIDENT,2023-10-16,FIR,0.78
P000751,LOC000075,PRESENT_AT_INCIDENT,2023-10-16,FIR,0.69
P000862,LOC000097,PRESENT_AT_INCIDENT,2022-12-25,FIR,0.64
P000880,LOC000097,PRESENT_AT_INCIDENT,2022-12-25,FIR,0.76
P000870,LOC000097,PRESENT_AT_INCIDENT,2022-12-25,FIR,0.6
P000872,LOC000097,PRESENT_AT_INCIDENT,2022-12-25,FIR,0.84
P000706,LOC000110,PRESENT_AT_INCIDENT,2020-01-12,FIR,0.69
P000677,LOC000110,PRESENT_AT_INCIDENT,2020-01-12,FIR,0.76
P000343,LOC000047,PRESENT_AT_INCIDENT,2025-08-07,FIR,0.63
P000342,LOC000047,PRESENT_AT_INCIDENT,2025-08-07,FIR,0.73
P000985,LOC000100,PRESENT_AT_INCIDENT,2024-01-14,FIR,0.74
P000135,LOC000021,PRESENT_AT_INCIDENT,2026-06-26,FIR,0.6
P000118,LOC000021,PRESENT_AT_INCIDENT,2026-06-26,FIR,0.81
P000739,LOC000012,PRESENT_AT_INCIDENT,2022-10-04,FIR,0.65
P000714,LOC000012,PRESENT_AT_INCIDENT,2022-10-04,FIR,0.63
P000720,LOC000012,PRESENT_AT_INCIDENT,2022-10-04,FIR,0.71
P000749,LOC000012,PRESENT_AT_INCIDENT,2022-10-04,FIR,0.87
P000718,LOC000012,PRESENT_AT_INCIDENT,2022-10-04,FIR,0.86
P000751,LOC000012,PRESENT_AT_INCIDENT,2022-10-04,FIR,0.69
P000757,LOC000012,PRESENT_AT_INCIDENT,2022-10-04,FIR,0.71
P000931,LOC000098,PRESENT_AT_INCIDENT,2025-07-12,FIR,0.62
P000968,LOC000098,PRESENT_AT_INCIDENT,2025-07-12,FIR,0.91
P000334,LOC000009,PRESENT_AT_INCIDENT,2026-03-10,FIR,0.65
P000304,LOC000009,PRESENT_AT_INCIDENT,2026-03-10,FIR,0.84
P000313,LOC000009,PRESENT_AT_INCIDENT,2026-03-10,FIR,0.86
P000355,LOC000009,PRESENT_AT_INCIDENT,2026-03-10,FIR,0.75
P000038,LOC000099,PRESENT_AT_INCIDENT,2022-10-05,FIR,0.76
P000080,LOC000099,PRESENT_AT_INCIDENT,2022-10-05,FIR,0.83
P000034,LOC000099,PRESENT_AT_INCIDENT,2022-10-05,FIR,0.73
P000090,LOC000099,PRESENT_AT_INCIDENT,2022-10-05,FIR,0.77
P000050,LOC000099,PRESENT_AT_INCIDENT,2022-10-05,FIR,0.67
P000101,LOC000120,PRESENT_AT_INCIDENT,2024-02-19,FIR,0.93
P000135,LOC000120,PRESENT_AT_INCIDENT,2024-02-19,FIR,0.67
P000828,LOC000069,PRESENT_AT_INCIDENT,2023-06-03,FIR,0.78
P000823,LOC000069,PRESENT_AT_INCIDENT,2023-06-03,FIR,0.93
P000488,LOC000047,PRESENT_AT_INCIDENT,2025-11-14,FIR,0.65
P000876,LOC000091,PRESENT_AT_INCIDENT,2025-12-13,FIR,0.93
P000789,LOC000016,PRESENT_AT_INCIDENT,2021-10-31,FIR,0.62
P000790,LOC000016,PRESENT_AT_INCIDENT,2021-10-31,FIR,0.81
P000087,LOC000015,PRESENT_AT_INCIDENT,2019-02-19,FIR,0.71
P000089,LOC000015,PRESENT_AT_INCIDENT,2019-02-19,FIR,0.64
P000079,LOC000015,PRESENT_AT_INCIDENT,2019-02-19,FIR,0.69
P000372,LOC000026,PRESENT_AT_INCIDENT,2019-03-22,FIR,0.77
P000413,LOC000026,PRESENT_AT_INCIDENT,2019-03-22,FIR,0.78
P000370,LOC000026,PRESENT_AT_INCIDENT,2019-03-22,FIR,0.68
P000773,LOC000042,PRESENT_AT_INCIDENT,2024-05-15,FIR,0.97
P000777,LOC000042,PRESENT_AT_INCIDENT,2024-05-15,FIR,0.85
P000767,LOC000042,PRESENT_AT_INCIDENT,2024-05-15,FIR,0.82
P000780,LOC000042,PRESENT_AT_INCIDENT,2024-05-15,FIR,0.88
P000796,LOC000042,PRESENT_AT_INCIDENT,2024-05-15,FIR,0.97
P000852,LOC000093,PRESENT_AT_INCIDENT,2026-06-21,FIR,0.74
P000873,LOC000093,PRESENT_AT_INCIDENT,2026-06-21,FIR,0.71
P000879,LOC000093,PRESENT_AT_INCIDENT,2026-06-21,FIR,0.9
P000867,LOC000093,PRESENT_AT_INCIDENT,2026-06-21,FIR,0.83
P000650,LOC000093,PRESENT_AT_INCIDENT,2018-11-16,FIR,0.88
P000626,LOC000093,PRESENT_AT_INCIDENT,2018-11-16,FIR,0.8
P000649,LOC000093,PRESENT_AT_INCIDENT,2018-11-16,FIR,0.77
P000373,LOC000077,PRESENT_AT_INCIDENT,2023-10-11,FIR,0.81
P000367,LOC000077,PRESENT_AT_INCIDENT,2023-10-11,FIR,0.71
P000368,LOC000077,PRESENT_AT_INCIDENT,2023-10-11,FIR,0.75
P000382,LOC000077,PRESENT_AT_INCIDENT,2023-10-11,FIR,0.79
P000136,LOC000069,PRESENT_AT_INCIDENT,2020-02-08,FIR,0.8
P000723,LOC000087,PRESENT_AT_INCIDENT,2024-05-25,FIR,0.74
P000741,LOC000087,PRESENT_AT_INCIDENT,2024-05-25,FIR,0.97
P000719,LOC000087,PRESENT_AT_INCIDENT,2024-05-25,FIR,0.81
P000742,LOC000087,PRESENT_AT_INCIDENT,2024-05-25,FIR,0.76
P000736,LOC000087,PRESENT_AT_INCIDENT,2024-05-25,FIR,0.91
P000908,LOC000097,PRESENT_AT_INCIDENT,2023-10-14,FIR,0.67
P000933,LOC000097,PRESENT_AT_INCIDENT,2023-10-14,FIR,0.88
P000985,LOC000097,PRESENT_AT_INCIDENT,2023-10-14,FIR,0.71
P000296,LOC000020,PRESENT_AT_INCIDENT,2026-02-24,FIR,0.77
P000356,LOC000020,PRESENT_AT_INCIDENT,2026-02-24,FIR,0.63
P000334,LOC000105,PRESENT_AT_INCIDENT,2024-12-12,FIR,0.75
P000304,LOC000105,PRESENT_AT_INCIDENT,2024-12-12,FIR,0.91
P000291,LOC000105,PRESENT_AT_INCIDENT,2024-12-12,FIR,0.93
P000661,LOC000086,PRESENT_AT_INCIDENT,2024-03-30,FIR,0.87
P000638,LOC000086,PRESENT_AT_INCIDENT,2024-03-30,FIR,0.75
P000299,LOC000022,PRESENT_AT_INCIDENT,2020-06-04,FIR,0.84
P000309,LOC000022,PRESENT_AT_INCIDENT,2020-06-04,FIR,0.65
P000391,LOC000081,PRESENT_AT_INCIDENT,2023-12-25,FIR,0.85
P000079,LOC000072,PRESENT_AT_INCIDENT,2022-12-06,FIR,0.83
P000083,LOC000072,PRESENT_AT_INCIDENT,2022-12-06,FIR,0.94
P000052,LOC000072,PRESENT_AT_INCIDENT,2022-12-06,FIR,0.85
P000014,LOC000072,PRESENT_AT_INCIDENT,2022-12-06,FIR,0.62
P000729,LOC000087,PRESENT_AT_INCIDENT,2025-12-10,FIR,0.76
P000746,LOC000087,PRESENT_AT_INCIDENT,2025-12-10,FIR,0.86
P000782,LOC000025,PRESENT_AT_INCIDENT,2025-03-25,FIR,0.89
P000768,LOC000025,PRESENT_AT_INCIDENT,2025-03-25,FIR,0.84
P000787,LOC000025,PRESENT_AT_INCIDENT,2025-03-25,FIR,0.74
P000799,LOC000024,PRESENT_AT_INCIDENT,2020-08-07,FIR,0.64
P000957,LOC000017,PRESENT_AT_INCIDENT,2026-02-07,FIR,0.79
P000884,LOC000017,PRESENT_AT_INCIDENT,2026-02-07,FIR,0.66
P000960,LOC000017,PRESENT_AT_INCIDENT,2026-02-07,FIR,0.64
P000985,LOC000017,PRESENT_AT_INCIDENT,2026-02-07,FIR,0.67
P000301,LOC000083,PRESENT_AT_INCIDENT,2022-07-22,FIR,0.62
P000565,LOC000036,PRESENT_AT_INCIDENT,2025-06-25,FIR,0.95
P000532,LOC000036,PRESENT_AT_INCIDENT,2025-06-25,FIR,0.8
P000555,LOC000036,PRESENT_AT_INCIDENT,2025-06-25,FIR,0.82
P000521,LOC000036,PRESENT_AT_INCIDENT,2025-06-25,FIR,0.69
P000603,LOC000032,PRESENT_AT_INCIDENT,2025-11-13,FIR,0.8
P000605,LOC000032,PRESENT_AT_INCIDENT,2025-11-13,FIR,0.98
P000033,LOC000071,PRESENT_AT_INCIDENT,2020-07-21,FIR,0.7
P000054,LOC000071,PRESENT_AT_INCIDENT,2020-07-21,FIR,0.76
P000030,LOC000071,PRESENT_AT_INCIDENT,2020-07-21,FIR,0.94
P000747,LOC000075,PRESENT_AT_INCIDENT,2023-03-02,FIR,0.75
P000720,LOC000075,PRESENT_AT_INCIDENT,2023-03-02,FIR,0.98
P000735,LOC000075,PRESENT_AT_INCIDENT,2023-03-02,FIR,0.75
P000752,LOC000075,PRESENT_AT_INCIDENT,2023-03-02,FIR,0.88
P000460,LOC000101,PRESENT_AT_INCIDENT,2024-10-12,FIR,0.97
P000448,LOC000101,PRESENT_AT_INCIDENT,2024-10-12,FIR,0.86
P000553,LOC000066,PRESENT_AT_INCIDENT,2024-12-09,FIR,0.7
P000694,LOC000113,PRESENT_AT_INCIDENT,2020-04-10,FIR,0.73
P000703,LOC000113,PRESENT_AT_INCIDENT,2020-04-10,FIR,0.89
P000678,LOC000113,PRESENT_AT_INCIDENT,2020-04-10,FIR,0.68
P000705,LOC000113,PRESENT_AT_INCIDENT,2020-04-10,FIR,0.8
P000330,LOC000048,PRESENT_AT_INCIDENT,2021-01-07,FIR,0.79
P000341,LOC000048,PRESENT_AT_INCIDENT,2021-01-07,FIR,0.69
P000546,LOC000061,PRESENT_AT_INCIDENT,2025-12-26,FIR,0.92
P000549,LOC000061,PRESENT_AT_INCIDENT,2025-12-26,FIR,0.78
P000568,LOC000061,PRESENT_AT_INCIDENT,2025-12-26,FIR,0.77
P000720,LOC000007,PRESENT_AT_INCIDENT,2021-08-24,FIR,0.81
P000746,LOC000007,PRESENT_AT_INCIDENT,2021-08-24,FIR,0.76
P000491,LOC000049,PRESENT_AT_INCIDENT,2018-09-28,FIR,0.79
P000507,LOC000049,PRESENT_AT_INCIDENT,2018-09-28,FIR,0.76
P000995,LOC000123,PRESENT_AT_INCIDENT,2025-09-11,FIR,0.8
P000958,LOC000123,PRESENT_AT_INCIDENT,2025-09-11,FIR,0.67
P000377,LOC000023,PRESENT_AT_INCIDENT,2025-01-11,FIR,0.62
P000016,LOC000073,PRESENT_AT_INCIDENT,2025-03-28,FIR,0.67
P000057,LOC000073,PRESENT_AT_INCIDENT,2025-03-28,FIR,0.72
P000085,LOC000073,PRESENT_AT_INCIDENT,2025-03-28,FIR,0.96
P000161,LOC000061,PRESENT_AT_INCIDENT,2025-07-26,FIR,0.77
P000131,LOC000061,PRESENT_AT_INCIDENT,2025-07-26,FIR,0.73
P000162,LOC000061,PRESENT_AT_INCIDENT,2025-07-26,FIR,0.68
P000122,LOC000061,PRESENT_AT_INCIDENT,2025-07-26,FIR,0.64
P000067,LOC000101,PRESENT_AT_INCIDENT,2026-04-12,FIR,0.85
P000646,LOC000097,PRESENT_AT_INCIDENT,2021-06-08,FIR,0.91
P000657,LOC000097,PRESENT_AT_INCIDENT,2021-06-08,FIR,0.79
P000635,LOC000097,PRESENT_AT_INCIDENT,2021-06-08,FIR,0.89
P000648,LOC000097,PRESENT_AT_INCIDENT,2021-06-08,FIR,0.79
P000390,LOC000041,PRESENT_AT_INCIDENT,2022-09-15,FIR,0.84
P000416,LOC000041,PRESENT_AT_INCIDENT,2022-09-15,FIR,0.64
P000415,LOC000041,PRESENT_AT_INCIDENT,2022-09-15,FIR,0.83
P000370,LOC000041,PRESENT_AT_INCIDENT,2022-09-15,FIR,0.97
P000388,LOC000041,PRESENT_AT_INCIDENT,2022-09-15,FIR,0.9
P000990,LOC000043,PRESENT_AT_INCIDENT,2024-04-08,FIR,0.86
P000914,LOC000043,PRESENT_AT_INCIDENT,2024-04-08,FIR,0.75
P000929,LOC000018,PRESENT_AT_INCIDENT,2024-08-19,FIR,0.93
P000318,LOC000087,PRESENT_AT_INCIDENT,2021-07-30,FIR,0.88
P000345,LOC000087,PRESENT_AT_INCIDENT,2021-07-30,FIR,0.84
P000353,LOC000087,PRESENT_AT_INCIDENT,2021-07-30,FIR,0.63
P000304,LOC000087,PRESENT_AT_INCIDENT,2021-07-30,FIR,0.86
P000294,LOC000087,PRESENT_AT_INCIDENT,2021-07-30,FIR,0.82
P000988,LOC000113,PRESENT_AT_INCIDENT,2023-09-08,FIR,0.89
P000933,LOC000113,PRESENT_AT_INCIDENT,2023-09-08,FIR,0.76
P000903,LOC000113,PRESENT_AT_INCIDENT,2023-09-08,FIR,0.86
P000960,LOC000113,PRESENT_AT_INCIDENT,2023-09-08,FIR,0.93
P000671,LOC000036,PRESENT_AT_INCIDENT,2024-12-03,FIR,0.86
P000745,LOC000085,PRESENT_AT_INCIDENT,2025-03-26,FIR,0.69
P000725,LOC000085,PRESENT_AT_INCIDENT,2025-03-26,FIR,0.63
P000747,LOC000085,PRESENT_AT_INCIDENT,2025-03-26,FIR,0.89
P000002,LOC000103,PRESENT_AT_INCIDENT,2019-01-11,FIR,0.62
P000076,LOC000103,PRESENT_AT_INCIDENT,2019-01-11,FIR,0.79
P000009,LOC000103,PRESENT_AT_INCIDENT,2019-01-11,FIR,0.77
P000083,LOC000103,PRESENT_AT_INCIDENT,2019-01-11,FIR,0.88
P000467,LOC000018,PRESENT_AT_INCIDENT,2024-09-17,FIR,0.67
P000464,LOC000018,PRESENT_AT_INCIDENT,2024-09-17,FIR,0.77
P000463,LOC000018,PRESENT_AT_INCIDENT,2024-09-17,FIR,0.83
P000417,LOC000039,PRESENT_AT_INCIDENT,2020-04-26,FIR,0.69
P000518,LOC000079,PRESENT_AT_INCIDENT,2024-09-26,FIR,0.84
P000512,LOC000079,PRESENT_AT_INCIDENT,2024-09-26,FIR,0.88
P000472,LOC000079,PRESENT_AT_INCIDENT,2024-09-26,FIR,0.85
P000487,LOC000079,PRESENT_AT_INCIDENT,2024-09-26,FIR,0.79
P000490,LOC000079,PRESENT_AT_INCIDENT,2024-09-26,FIR,0.96
P000049,LOC000021,PRESENT_AT_INCIDENT,2022-12-15,FIR,0.95
P000029,LOC000021,PRESENT_AT_INCIDENT,2022-12-15,FIR,0.81
P000902,LOC000086,PRESENT_AT_INCIDENT,2026-06-26,FIR,0.81
P000913,LOC000086,PRESENT_AT_INCIDENT,2026-06-26,FIR,0.62
P000303,LOC000018,PRESENT_AT_INCIDENT,2022-02-28,FIR,0.83
P000313,LOC000018,PRESENT_AT_INCIDENT,2022-02-28,FIR,0.98
P000354,LOC000018,PRESENT_AT_INCIDENT,2022-02-28,FIR,0.72
P000334,LOC000018,PRESENT_AT_INCIDENT,2022-02-28,FIR,0.86
P000318,LOC000018,PRESENT_AT_INCIDENT,2022-02-28,FIR,0.78
P000783,LOC000024,PRESENT_AT_INCIDENT,2025-10-12,FIR,0.75
P000785,LOC000024,PRESENT_AT_INCIDENT,2025-10-12,FIR,0.64
P000793,LOC000024,PRESENT_AT_INCIDENT,2025-10-12,FIR,0.93
P000461,LOC000050,PRESENT_AT_INCIDENT,2021-07-14,FIR,0.77
P000435,LOC000050,PRESENT_AT_INCIDENT,2021-07-14,FIR,0.65
P000433,LOC000050,PRESENT_AT_INCIDENT,2021-07-14,FIR,0.89
P000417,LOC000050,PRESENT_AT_INCIDENT,2021-07-14,FIR,0.85
P000434,LOC000050,PRESENT_AT_INCIDENT,2021-07-14,FIR,0.95
P000773,LOC000052,PRESENT_AT_INCIDENT,2025-07-08,FIR,0.92
P000747,LOC000102,PRESENT_AT_INCIDENT,2026-06-01,FIR,0.89
P000488,LOC000082,PRESENT_AT_INCIDENT,2026-04-10,FIR,0.8
P000472,LOC000082,PRESENT_AT_INCIDENT,2026-04-10,FIR,0.61
P000479,LOC000082,PRESENT_AT_INCIDENT,2026-04-10,FIR,0.75
P000486,LOC000082,PRESENT_AT_INCIDENT,2026-04-10,FIR,0.74
P000482,LOC000082,PRESENT_AT_INCIDENT,2026-04-10,FIR,0.81
P000504,LOC000082,PRESENT_AT_INCIDENT,2026-04-10,FIR,0.63
P000473,LOC000082,PRESENT_AT_INCIDENT,2026-04-10,FIR,0.89
P000942,LOC000098,PRESENT_AT_INCIDENT,2023-05-05,FIR,0.78
P000355,LOC000011,PRESENT_AT_INCIDENT,2021-12-29,FIR,0.67
P000298,LOC000011,PRESENT_AT_INCIDENT,2021-12-29,FIR,0.76
P000333,LOC000011,PRESENT_AT_INCIDENT,2021-12-29,FIR,0.73
P000313,LOC000011,PRESENT_AT_INCIDENT,2021-12-29,FIR,0.97
P000352,LOC000011,PRESENT_AT_INCIDENT,2021-12-29,FIR,0.92
P000337,LOC000011,PRESENT_AT_INCIDENT,2021-12-29,FIR,0.81
P000293,LOC000011,PRESENT_AT_INCIDENT,2021-12-29,FIR,0.97
P000163,LOC000016,PRESENT_AT_INCIDENT,2026-06-20,FIR,0.68
P000141,LOC000016,PRESENT_AT_INCIDENT,2026-06-20,FIR,0.78
P000107,LOC000016,PRESENT_AT_INCIDENT,2026-06-20,FIR,0.9
P000666,LOC000044,PRESENT_AT_INCIDENT,2023-12-26,FIR,0.96
P000692,LOC000044,PRESENT_AT_INCIDENT,2023-12-26,FIR,0.82
P000667,LOC000044,PRESENT_AT_INCIDENT,2023-12-26,FIR,0.96
P000427,LOC000009,PRESENT_AT_INCIDENT,2023-08-02,FIR,0.91
P000421,LOC000009,PRESENT_AT_INCIDENT,2023-08-02,FIR,0.77
P000436,LOC000009,PRESENT_AT_INCIDENT,2023-08-02,FIR,0.92
P000425,LOC000009,PRESENT_AT_INCIDENT,2023-08-02,FIR,0.7
P000428,LOC000009,PRESENT_AT_INCIDENT,2023-08-02,FIR,0.84
P000884,LOC000122,PRESENT_AT_INCIDENT,2025-09-18,FIR,0.77
P000887,LOC000122,PRESENT_AT_INCIDENT,2025-09-18,FIR,0.64
P000936,LOC000122,PRESENT_AT_INCIDENT,2025-09-18,FIR,0.95
P000558,LOC000055,PRESENT_AT_INCIDENT,2026-02-11,FIR,0.61
P000553,LOC000055,PRESENT_AT_INCIDENT,2026-02-11,FIR,0.61
P000555,LOC000055,PRESENT_AT_INCIDENT,2026-02-11,FIR,0.98
P000644,LOC000103,PRESENT_AT_INCIDENT,2021-08-03,FIR,0.65
P000973,LOC000070,PRESENT_AT_INCIDENT,2024-06-29,FIR,0.61
P000889,LOC000070,PRESENT_AT_INCIDENT,2024-06-29,FIR,0.79
P000946,LOC000070,PRESENT_AT_INCIDENT,2024-06-29,FIR,0.88
P000739,LOC000083,PRESENT_AT_INCIDENT,2022-09-07,FIR,0.63
P000821,LOC000079,PRESENT_AT_INCIDENT,2025-03-14,FIR,0.62
P000816,LOC000079,PRESENT_AT_INCIDENT,2025-03-14,FIR,0.65
P000817,LOC000079,PRESENT_AT_INCIDENT,2025-03-14,FIR,0.85
P000875,LOC000095,PRESENT_AT_INCIDENT,2018-08-17,FIR,0.67
P000738,LOC000006,PRESENT_AT_INCIDENT,2026-05-03,FIR,0.67
P000744,LOC000006,PRESENT_AT_INCIDENT,2026-05-03,FIR,0.81
P000751,LOC000006,PRESENT_AT_INCIDENT,2026-05-03,FIR,0.89
P000903,LOC000100,PRESENT_AT_INCIDENT,2024-09-02,FIR,0.79
P000978,LOC000100,PRESENT_AT_INCIDENT,2024-09-02,FIR,0.9
P000944,LOC000100,PRESENT_AT_INCIDENT,2024-09-02,FIR,0.86
P000918,LOC000100,PRESENT_AT_INCIDENT,2024-09-02,FIR,0.88
P001000,LOC000100,PRESENT_AT_INCIDENT,2024-09-02,FIR,0.68
P000272,LOC000043,PRESENT_AT_INCIDENT,2022-07-21,FIR,0.92
P000762,LOC000084,PRESENT_AT_INCIDENT,2023-08-05,FIR,0.86
P000716,LOC000084,PRESENT_AT_INCIDENT,2023-08-05,FIR,0.9
P000727,LOC000010,PRESENT_AT_INCIDENT,2026-04-14,FIR,0.82
P000734,LOC000010,PRESENT_AT_INCIDENT,2026-04-14,FIR,0.81
P000688,LOC000115,PRESENT_AT_INCIDENT,2023-11-28,FIR,0.71
P000837,LOC000060,PRESENT_AT_INCIDENT,2026-05-31,FIR,0.68
P000834,LOC000060,PRESENT_AT_INCIDENT,2026-05-31,FIR,0.8
P000721,LOC000076,PRESENT_AT_INCIDENT,2026-04-27,FIR,0.63
P000743,LOC000076,PRESENT_AT_INCIDENT,2026-04-27,FIR,0.9
P000735,LOC000076,PRESENT_AT_INCIDENT,2026-04-27,FIR,0.96
P000066,LOC000103,PRESENT_AT_INCIDENT,2025-10-23,FIR,0.61
P000565,LOC000016,PRESENT_AT_INCIDENT,2020-12-17,FIR,0.88
P000559,LOC000016,PRESENT_AT_INCIDENT,2020-12-17,FIR,0.67
P000427,LOC000101,PRESENT_AT_INCIDENT,2025-07-19,FIR,0.84
P000940,LOC000083,PRESENT_AT_INCIDENT,2026-05-13,FIR,0.61
P000886,LOC000083,PRESENT_AT_INCIDENT,2026-05-13,FIR,0.7
P000941,LOC000083,PRESENT_AT_INCIDENT,2026-05-13,FIR,0.83
P000929,LOC000083,PRESENT_AT_INCIDENT,2026-05-13,FIR,0.71
P000919,LOC000083,PRESENT_AT_INCIDENT,2026-05-13,FIR,0.83
P000928,LOC000083,PRESENT_AT_INCIDENT,2026-05-13,FIR,0.7
P000882,LOC000083,PRESENT_AT_INCIDENT,2026-05-13,FIR,0.94
P000627,LOC000092,PRESENT_AT_INCIDENT,2022-03-14,FIR,0.78
P000623,LOC000092,PRESENT_AT_INCIDENT,2022-03-14,FIR,0.93
P000985,LOC000118,PRESENT_AT_INCIDENT,2024-09-01,FIR,0.79
P000936,LOC000118,PRESENT_AT_INCIDENT,2024-09-01,FIR,0.81
P000943,LOC000118,PRESENT_AT_INCIDENT,2024-09-01,FIR,0.95
P000959,LOC000118,PRESENT_AT_INCIDENT,2024-09-01,FIR,0.95
P000903,LOC000118,PRESENT_AT_INCIDENT,2024-09-01,FIR,0.62
P000704,LOC000052,PRESENT_AT_INCIDENT,2026-06-26,FIR,0.7
P000693,LOC000052,PRESENT_AT_INCIDENT,2026-06-26,FIR,0.62
P000688,LOC000052,PRESENT_AT_INCIDENT,2026-06-26,FIR,0.65
P000701,LOC000052,PRESENT_AT_INCIDENT,2026-06-26,FIR,0.7
P000997,LOC000028,PRESENT_AT_INCIDENT,2025-10-27,FIR,0.7
P000884,LOC000028,PRESENT_AT_INCIDENT,2025-10-27,FIR,0.82
P000950,LOC000028,PRESENT_AT_INCIDENT,2025-10-27,FIR,0.96
P000992,LOC000028,PRESENT_AT_INCIDENT,2025-10-27,FIR,0.86
P000892,LOC000028,PRESENT_AT_INCIDENT,2025-10-27,FIR,0.91
P000887,LOC000028,PRESENT_AT_INCIDENT,2025-10-27,FIR,0.63
P000906,LOC000028,PRESENT_AT_INCIDENT,2025-10-27,FIR,0.98
P000698,LOC000052,PRESENT_AT_INCIDENT,2026-05-06,FIR,0.93
P000693,LOC000052,PRESENT_AT_INCIDENT,2026-05-06,FIR,0.94
P000687,LOC000052,PRESENT_AT_INCIDENT,2026-05-06,FIR,0.85
P000694,LOC000052,PRESENT_AT_INCIDENT,2026-05-06,FIR,0.97
P000430,LOC000113,PRESENT_AT_INCIDENT,2020-07-27,FIR,0.82
P000137,LOC000059,PRESENT_AT_INCIDENT,2023-12-02,FIR,0.78
P000112,LOC000059,PRESENT_AT_INCIDENT,2023-12-02,FIR,0.76
P000098,LOC000059,PRESENT_AT_INCIDENT,2023-12-02,FIR,0.65
P000851,LOC000113,PRESENT_AT_INCIDENT,2021-11-27,FIR,0.68
P000115,LOC000121,PRESENT_AT_INCIDENT,2023-07-26,FIR,0.83
P000093,LOC000121,PRESENT_AT_INCIDENT,2023-07-26,FIR,0.77
P000095,LOC000121,PRESENT_AT_INCIDENT,2023-07-26,FIR,0.87
P000985,LOC000070,PRESENT_AT_INCIDENT,2026-06-25,FIR,0.7
P000980,LOC000070,PRESENT_AT_INCIDENT,2026-06-25,FIR,0.93
P000971,LOC000070,PRESENT_AT_INCIDENT,2026-06-25,FIR,0.87
P000958,LOC000070,PRESENT_AT_INCIDENT,2026-06-25,FIR,0.95
P000888,LOC000070,PRESENT_AT_INCIDENT,2026-06-25,FIR,0.94
P000851,LOC000017,PRESENT_AT_INCIDENT,2020-01-09,FIR,0.88
P000854,LOC000017,PRESENT_AT_INCIDENT,2020-01-09,FIR,0.8
P000879,LOC000017,PRESENT_AT_INCIDENT,2020-01-09,FIR,0.73
P000867,LOC000017,PRESENT_AT_INCIDENT,2020-01-09,FIR,0.82
P000878,LOC000017,PRESENT_AT_INCIDENT,2020-01-09,FIR,0.98
P000885,LOC000088,PRESENT_AT_INCIDENT,2020-03-08,FIR,0.87
P000991,LOC000088,PRESENT_AT_INCIDENT,2020-03-08,FIR,0.74
P000965,LOC000088,PRESENT_AT_INCIDENT,2020-03-08,FIR,0.9
P000947,LOC000088,PRESENT_AT_INCIDENT,2020-03-08,FIR,0.85
P000897,LOC000088,PRESENT_AT_INCIDENT,2020-03-08,FIR,0.82
P000962,LOC000100,PRESENT_AT_INCIDENT,2026-05-08,FIR,0.74
P000909,LOC000100,PRESENT_AT_INCIDENT,2026-05-08,FIR,0.88
P000896,LOC000100,PRESENT_AT_INCIDENT,2026-05-08,FIR,0.63
P000964,LOC000100,PRESENT_AT_INCIDENT,2026-05-08,FIR,0.62
P000352,LOC000004,PRESENT_AT_INCIDENT,2021-01-10,FIR,0.97
P000382,LOC000082,PRESENT_AT_INCIDENT,2026-05-12,FIR,0.69
P000368,LOC000082,PRESENT_AT_INCIDENT,2026-05-12,FIR,0.85
P000409,LOC000082,PRESENT_AT_INCIDENT,2026-05-12,FIR,0.65
P000843,LOC000081,PRESENT_AT_INCIDENT,2024-02-21,FIR,0.85
P000845,LOC000081,PRESENT_AT_INCIDENT,2024-02-21,FIR,0.75
P000279,LOC000050,PRESENT_AT_INCIDENT,2024-11-01,FIR,0.68
P000234,LOC000050,PRESENT_AT_INCIDENT,2024-11-01,FIR,0.67
P000230,LOC000050,PRESENT_AT_INCIDENT,2024-11-01,FIR,0.77
P000203,LOC000050,PRESENT_AT_INCIDENT,2024-11-01,FIR,0.81
P000707,LOC000115,PRESENT_AT_INCIDENT,2022-03-29,FIR,0.73
P000702,LOC000115,PRESENT_AT_INCIDENT,2022-03-29,FIR,0.64
P000912,LOC000112,PRESENT_AT_INCIDENT,2023-07-18,FIR,0.71
P000930,LOC000112,PRESENT_AT_INCIDENT,2023-07-18,FIR,0.64
P000986,LOC000112,PRESENT_AT_INCIDENT,2023-07-18,FIR,0.74
P000940,LOC000112,PRESENT_AT_INCIDENT,2023-07-18,FIR,0.89
P000991,LOC000112,PRESENT_AT_INCIDENT,2023-07-18,FIR,0.84
P000909,LOC000112,PRESENT_AT_INCIDENT,2023-07-18,FIR,0.74
P000882,LOC000112,PRESENT_AT_INCIDENT,2023-07-18,FIR,0.97
P000749,LOC000100,PRESENT_AT_INCIDENT,2026-05-28,FIR,0.67
P000747,LOC000100,PRESENT_AT_INCIDENT,2026-05-28,FIR,0.65
P000713,LOC000100,PRESENT_AT_INCIDENT,2026-05-28,FIR,0.88
P000715,LOC000100,PRESENT_AT_INCIDENT,2026-05-28,FIR,0.72
P000169,LOC000066,PRESENT_AT_INCIDENT,2026-06-15,FIR,0.62
P000098,LOC000066,PRESENT_AT_INCIDENT,2026-06-15,FIR,0.62
P000580,LOC000019,PRESENT_AT_INCIDENT,2025-10-27,FIR,0.62
P000946,LOC000074,PRESENT_AT_INCIDENT,2023-03-25,FIR,0.71
P000921,LOC000074,PRESENT_AT_INCIDENT,2023-03-25,FIR,0.63
P000118,LOC000061,PRESENT_AT_INCIDENT,2025-08-07,FIR,0.79
P000126,LOC000061,PRESENT_AT_INCIDENT,2025-08-07,FIR,0.96
P000148,LOC000061,PRESENT_AT_INCIDENT,2025-08-07,FIR,0.75
P000041,LOC000099,PRESENT_AT_INCIDENT,2025-06-07,FIR,0.78
P000088,LOC000099,PRESENT_AT_INCIDENT,2025-06-07,FIR,0.86
P000012,LOC000099,PRESENT_AT_INCIDENT,2025-06-07,FIR,0.96
P000616,LOC000123,PRESENT_AT_INCIDENT,2021-06-14,FIR,0.91
P000622,LOC000123,PRESENT_AT_INCIDENT,2021-06-14,FIR,0.85
P000614,LOC000123,PRESENT_AT_INCIDENT,2021-06-14,FIR,0.73
P000628,LOC000123,PRESENT_AT_INCIDENT,2021-06-14,FIR,0.66
P000657,LOC000123,PRESENT_AT_INCIDENT,2021-06-14,FIR,0.73
P000658,LOC000123,PRESENT_AT_INCIDENT,2021-06-14,FIR,0.7
P000620,LOC000123,PRESENT_AT_INCIDENT,2021-06-14,FIR,0.64
P000158,LOC000021,PRESENT_AT_INCIDENT,2026-06-25,FIR,0.86
P000099,LOC000021,PRESENT_AT_INCIDENT,2026-06-25,FIR,0.6
P000314,LOC000085,PRESENT_AT_INCIDENT,2026-04-14,FIR,0.83
P000752,LOC000020,PRESENT_AT_INCIDENT,2020-01-23,FIR,0.74
P000479,LOC000039,PRESENT_AT_INCIDENT,2025-02-23,FIR,0.9
P000517,LOC000039,PRESENT_AT_INCIDENT,2025-02-23,FIR,0.87
P000473,LOC000039,PRESENT_AT_INCIDENT,2025-02-23,FIR,0.62
P000715,LOC000083,PRESENT_AT_INCIDENT,2024-12-23,FIR,0.82
P000732,LOC000083,PRESENT_AT_INCIDENT,2024-12-23,FIR,0.77
P000756,LOC000083,PRESENT_AT_INCIDENT,2024-12-23,FIR,0.86
P000729,LOC000083,PRESENT_AT_INCIDENT,2024-12-23,FIR,0.87
P000722,LOC000083,PRESENT_AT_INCIDENT,2024-12-23,FIR,0.77
P000413,LOC000069,PRESENT_AT_INCIDENT,2026-04-17,FIR,0.78
P000367,LOC000069,PRESENT_AT_INCIDENT,2026-04-17,FIR,0.61
P000456,LOC000102,PRESENT_AT_INCIDENT,2022-08-24,FIR,0.65
P000433,LOC000102,PRESENT_AT_INCIDENT,2022-08-24,FIR,0.67
P000889,LOC000068,PRESENT_AT_INCIDENT,2022-03-24,FIR,0.83
P000900,LOC000068,PRESENT_AT_INCIDENT,2022-03-24,FIR,0.7
P000884,LOC000068,PRESENT_AT_INCIDENT,2022-03-24,FIR,0.98
P000994,LOC000068,PRESENT_AT_INCIDENT,2022-03-24,FIR,0.82
P000968,LOC000068,PRESENT_AT_INCIDENT,2022-03-24,FIR,0.64
P000859,LOC000079,PRESENT_AT_INCIDENT,2023-10-08,FIR,0.66
P000856,LOC000079,PRESENT_AT_INCIDENT,2023-10-08,FIR,0.85
P000405,LOC000023,PRESENT_AT_INCIDENT,2024-04-14,FIR,0.63
P000414,LOC000023,PRESENT_AT_INCIDENT,2024-04-14,FIR,0.81
P000464,LOC000048,PRESENT_AT_INCIDENT,2023-03-10,FIR,0.66
P000848,LOC000082,PRESENT_AT_INCIDENT,2019-08-07,FIR,0.78
P000932,LOC000057,PRESENT_AT_INCIDENT,2024-11-03,FIR,0.75
P000494,LOC000080,PRESENT_AT_INCIDENT,2026-06-10,FIR,0.67
P000485,LOC000080,PRESENT_AT_INCIDENT,2026-06-10,FIR,0.93
P000762,LOC000075,PRESENT_AT_INCIDENT,2025-08-11,FIR,0.84
P000763,LOC000075,PRESENT_AT_INCIDENT,2025-08-11,FIR,0.69
P000730,LOC000075,PRESENT_AT_INCIDENT,2025-08-11,FIR,0.95
P000718,LOC000075,PRESENT_AT_INCIDENT,2025-08-11,FIR,0.86
P000315,LOC000049,PRESENT_AT_INCIDENT,2022-06-10,FIR,0.87
P000345,LOC000016,PRESENT_AT_INCIDENT,2025-09-21,FIR,0.85
P000312,LOC000016,PRESENT_AT_INCIDENT,2025-09-21,FIR,0.8
P000351,LOC000016,PRESENT_AT_INCIDENT,2025-09-21,FIR,0.69
P000712,LOC000044,PRESENT_AT_INCIDENT,2023-01-22,FIR,0.96
P000697,LOC000044,PRESENT_AT_INCIDENT,2023-01-22,FIR,0.8
P000421,LOC000049,PRESENT_AT_INCIDENT,2023-06-30,FIR,0.84
P000451,LOC000049,PRESENT_AT_INCIDENT,2023-06-30,FIR,0.97
P000436,LOC000049,PRESENT_AT_INCIDENT,2023-06-30,FIR,0.68
P000580,LOC000050,PRESENT_AT_INCIDENT,2024-03-11,FIR,0.93
P000584,LOC000050,PRESENT_AT_INCIDENT,2024-03-11,FIR,0.79
P000608,LOC000050,PRESENT_AT_INCIDENT,2024-03-11,FIR,0.71
P000864,LOC000081,PRESENT_AT_INCIDENT,2023-11-16,FIR,0.71
P000858,LOC000081,PRESENT_AT_INCIDENT,2023-11-16,FIR,0.72
P000350,LOC000071,PRESENT_AT_INCIDENT,2019-02-09,FIR,0.96
P000324,LOC000071,PRESENT_AT_INCIDENT,2019-02-09,FIR,0.65
P000309,LOC000071,PRESENT_AT_INCIDENT,2019-02-09,FIR,0.8
P000393,LOC000101,PRESENT_AT_INCIDENT,2026-06-09,FIR,0.81
P000358,LOC000101,PRESENT_AT_INCIDENT,2026-06-09,FIR,0.66
P000766,LOC000043,PRESENT_AT_INCIDENT,2025-05-06,FIR,0.64
P000792,LOC000043,PRESENT_AT_INCIDENT,2025-05-06,FIR,0.91
P000696,LOC000113,PRESENT_AT_INCIDENT,2023-11-06,FIR,0.97
P000683,LOC000113,PRESENT_AT_INCIDENT,2023-11-06,FIR,0.87
P000720,LOC000073,PRESENT_AT_INCIDENT,2024-11-20,FIR,0.81
P000908,LOC000069,PRESENT_AT_INCIDENT,2026-03-26,FIR,0.71
P000995,LOC000069,PRESENT_AT_INCIDENT,2026-03-26,FIR,0.88
P000983,LOC000069,PRESENT_AT_INCIDENT,2026-03-26,FIR,0.69
P000934,LOC000069,PRESENT_AT_INCIDENT,2026-03-26,FIR,0.77
P000925,LOC000069,PRESENT_AT_INCIDENT,2026-03-26,FIR,0.61
P000944,LOC000069,PRESENT_AT_INCIDENT,2026-03-26,FIR,0.9
P000930,LOC000069,PRESENT_AT_INCIDENT,2026-03-26,FIR,0.98
P000775,LOC000028,PRESENT_AT_INCIDENT,2025-05-06,FIR,0.95
P000765,LOC000028,PRESENT_AT_INCIDENT,2025-05-06,FIR,0.92
P000792,LOC000028,PRESENT_AT_INCIDENT,2025-05-06,FIR,0.72
P000039,LOC000001,PRESENT_AT_INCIDENT,2026-02-25,FIR,0.65
P000077,LOC000001,PRESENT_AT_INCIDENT,2026-02-25,FIR,0.87
P001000,LOC000037,PRESENT_AT_INCIDENT,2024-09-10,FIR,0.94
P000506,LOC000003,PRESENT_AT_INCIDENT,2025-02-15,FIR,0.85
P000508,LOC000003,PRESENT_AT_INCIDENT,2025-02-15,FIR,0.64
P000560,LOC000063,PRESENT_AT_INCIDENT,2026-03-23,FIR,0.78
P000559,LOC000063,PRESENT_AT_INCIDENT,2026-03-23,FIR,0.78
P000250,LOC000018,PRESENT_AT_INCIDENT,2023-05-13,FIR,0.95
P000279,LOC000018,PRESENT_AT_INCIDENT,2023-05-13,FIR,0.77
P000741,LOC000103,PRESENT_AT_INCIDENT,2026-06-05,FIR,0.94
P000761,LOC000103,PRESENT_AT_INCIDENT,2026-06-05,FIR,0.67
P000748,LOC000103,PRESENT_AT_INCIDENT,2026-06-05,FIR,0.71
P000722,LOC000103,PRESENT_AT_INCIDENT,2026-06-05,FIR,0.84
P000739,LOC000103,PRESENT_AT_INCIDENT,2026-06-05,FIR,0.73
P000724,LOC000103,PRESENT_AT_INCIDENT,2026-06-05,FIR,0.66
P000747,LOC000103,PRESENT_AT_INCIDENT,2026-06-05,FIR,0.82
P000736,LOC000102,PRESENT_AT_INCIDENT,2026-02-14,FIR,0.79
P000742,LOC000102,PRESENT_AT_INCIDENT,2026-02-14,FIR,0.69
P000750,LOC000102,PRESENT_AT_INCIDENT,2026-02-14,FIR,0.95
P000992,LOC000088,PRESENT_AT_INCIDENT,2023-06-30,FIR,0.63
P000378,LOC000028,PRESENT_AT_INCIDENT,2020-03-11,FIR,0.83
P000715,LOC000076,PRESENT_AT_INCIDENT,2025-07-20,FIR,0.97
P000758,LOC000076,PRESENT_AT_INCIDENT,2025-07-20,FIR,0.88
P000732,LOC000076,PRESENT_AT_INCIDENT,2025-07-20,FIR,0.62
P000733,LOC000076,PRESENT_AT_INCIDENT,2025-07-20,FIR,0.92
P000761,LOC000076,PRESENT_AT_INCIDENT,2025-07-20,FIR,0.63
P000682,LOC000042,PRESENT_AT_INCIDENT,2026-05-04,FIR,0.95
P000704,LOC000042,PRESENT_AT_INCIDENT,2026-05-04,FIR,0.71
P000675,LOC000042,PRESENT_AT_INCIDENT,2026-05-04,FIR,0.72
P000125,LOC000057,PRESENT_AT_INCIDENT,2020-07-24,FIR,0.63
P000165,LOC000057,PRESENT_AT_INCIDENT,2020-07-24,FIR,0.95
P000143,LOC000057,PRESENT_AT_INCIDENT,2020-07-24,FIR,0.84
P000841,LOC000082,PRESENT_AT_INCIDENT,2026-05-13,FIR,0.73
P000805,LOC000082,PRESENT_AT_INCIDENT,2026-05-13,FIR,0.67
P000823,LOC000082,PRESENT_AT_INCIDENT,2026-05-13,FIR,0.97
P000808,LOC000056,PRESENT_AT_INCIDENT,2023-07-25,FIR,0.75
P000833,LOC000056,PRESENT_AT_INCIDENT,2023-07-25,FIR,0.76
P000818,LOC000056,PRESENT_AT_INCIDENT,2023-07-25,FIR,0.76
P000708,LOC000051,PRESENT_AT_INCIDENT,2020-09-17,FIR,0.67
P000691,LOC000051,PRESENT_AT_INCIDENT,2020-09-17,FIR,0.7
P000158,LOC000021,PRESENT_AT_INCIDENT,2023-10-30,FIR,0.77
P000128,LOC000021,PRESENT_AT_INCIDENT,2023-10-30,FIR,0.72
P000997,LOC000016,PRESENT_AT_INCIDENT,2024-03-28,FIR,0.73
P000785,LOC000037,PRESENT_AT_INCIDENT,2025-02-13,FIR,0.69
P000786,LOC000037,PRESENT_AT_INCIDENT,2025-02-13,FIR,0.8
P000478,LOC000079,PRESENT_AT_INCIDENT,2026-06-27,FIR,0.82
P000493,LOC000079,PRESENT_AT_INCIDENT,2026-06-27,FIR,0.63
P000114,LOC000120,PRESENT_AT_INCIDENT,2022-09-07,FIR,0.91
P000157,LOC000120,PRESENT_AT_INCIDENT,2022-09-07,FIR,0.9
P000110,LOC000120,PRESENT_AT_INCIDENT,2022-09-07,FIR,0.61
P000896,LOC000053,PRESENT_AT_INCIDENT,2024-09-25,FIR,0.75
P000886,LOC000053,PRESENT_AT_INCIDENT,2024-09-25,FIR,0.87
P000978,LOC000053,PRESENT_AT_INCIDENT,2024-09-25,FIR,0.91
P000521,LOC000016,PRESENT_AT_INCIDENT,2024-02-05,FIR,0.7
P000564,LOC000016,PRESENT_AT_INCIDENT,2024-02-05,FIR,0.61
P000187,LOC000100,PRESENT_AT_INCIDENT,2024-01-10,FIR,0.82
P000535,LOC000016,PRESENT_AT_INCIDENT,2026-04-13,FIR,0.79
P000549,LOC000016,PRESENT_AT_INCIDENT,2026-04-13,FIR,0.93
P000555,LOC000016,PRESENT_AT_INCIDENT,2026-04-13,FIR,0.61
P000626,LOC000110,PRESENT_AT_INCIDENT,2019-04-12,FIR,0.91
P000625,LOC000110,PRESENT_AT_INCIDENT,2019-04-12,FIR,0.87
P000904,LOC000040,PRESENT_AT_INCIDENT,2025-06-21,FIR,0.74
P000978,LOC000040,PRESENT_AT_INCIDENT,2025-06-21,FIR,0.96
P000896,LOC000040,PRESENT_AT_INCIDENT,2025-06-21,FIR,0.94
P000951,LOC000040,PRESENT_AT_INCIDENT,2025-06-21,FIR,0.97
P000847,LOC000116,PRESENT_AT_INCIDENT,2023-08-28,FIR,0.9
P000869,LOC000116,PRESENT_AT_INCIDENT,2023-08-28,FIR,0.88
P000523,LOC000059,PRESENT_AT_INCIDENT,2022-07-26,FIR,0.67
P000383,LOC000096,PRESENT_AT_INCIDENT,2026-06-12,FIR,0.63
P000364,LOC000096,PRESENT_AT_INCIDENT,2026-06-12,FIR,0.96
P000397,LOC000096,PRESENT_AT_INCIDENT,2026-06-12,FIR,0.8
P000763,LOC000001,PRESENT_AT_INCIDENT,2026-05-08,FIR,0.7
P000729,LOC000001,PRESENT_AT_INCIDENT,2026-05-08,FIR,0.64
P000715,LOC000001,PRESENT_AT_INCIDENT,2026-05-08,FIR,0.79
P000713,LOC000001,PRESENT_AT_INCIDENT,2026-05-08,FIR,0.65
P000717,LOC000001,PRESENT_AT_INCIDENT,2026-05-08,FIR,0.97
P000730,LOC000001,PRESENT_AT_INCIDENT,2026-05-08,FIR,0.9
P000758,LOC000001,PRESENT_AT_INCIDENT,2026-05-08,FIR,0.72
P000719,LOC000074,PRESENT_AT_INCIDENT,2026-05-25,FIR,0.76
P000727,LOC000085,PRESENT_AT_INCIDENT,2021-10-11,FIR,0.65
P000723,LOC000085,PRESENT_AT_INCIDENT,2021-10-11,FIR,0.66
P000755,LOC000085,PRESENT_AT_INCIDENT,2021-10-11,FIR,0.97
P000545,LOC000026,PRESENT_AT_INCIDENT,2026-01-21,FIR,0.94
P000552,LOC000026,PRESENT_AT_INCIDENT,2026-01-21,FIR,0.62
P000520,LOC000026,PRESENT_AT_INCIDENT,2026-01-21,FIR,0.87
P000558,LOC000026,PRESENT_AT_INCIDENT,2026-01-21,FIR,0.89
P000797,LOC000051,PRESENT_AT_INCIDENT,2025-12-19,FIR,0.83
P000788,LOC000051,PRESENT_AT_INCIDENT,2025-12-19,FIR,0.68
P000785,LOC000051,PRESENT_AT_INCIDENT,2025-12-19,FIR,0.62
P000402,LOC000067,PRESENT_AT_INCIDENT,2022-06-26,FIR,0.69
P000415,LOC000067,PRESENT_AT_INCIDENT,2022-06-26,FIR,0.68
P000392,LOC000067,PRESENT_AT_INCIDENT,2022-06-26,FIR,0.61
P000398,LOC000067,PRESENT_AT_INCIDENT,2022-06-26,FIR,0.93
P000414,LOC000067,PRESENT_AT_INCIDENT,2022-06-26,FIR,0.6
P000846,LOC000090,PRESENT_AT_INCIDENT,2024-03-13,FIR,0.94
P000995,LOC000121,PRESENT_AT_INCIDENT,2024-11-02,FIR,0.69
P000973,LOC000121,PRESENT_AT_INCIDENT,2024-11-02,FIR,0.75
P000992,LOC000121,PRESENT_AT_INCIDENT,2024-11-02,FIR,0.91
P000787,LOC000031,PRESENT_AT_INCIDENT,2021-11-23,FIR,0.76
P000778,LOC000031,PRESENT_AT_INCIDENT,2021-11-23,FIR,0.85
P000790,LOC000031,PRESENT_AT_INCIDENT,2021-11-23,FIR,0.6
P000795,LOC000031,PRESENT_AT_INCIDENT,2021-11-23,FIR,0.69
P000430,LOC000004,PRESENT_AT_INCIDENT,2024-01-26,FIR,0.68
P000448,LOC000004,PRESENT_AT_INCIDENT,2024-01-26,FIR,0.7
P000420,LOC000004,PRESENT_AT_INCIDENT,2024-01-26,FIR,0.8
P000847,LOC000018,PRESENT_AT_INCIDENT,2024-10-07,FIR,0.65
P000850,LOC000018,PRESENT_AT_INCIDENT,2024-10-07,FIR,0.87
P000868,LOC000018,PRESENT_AT_INCIDENT,2024-10-07,FIR,0.8
P000706,LOC000112,PRESENT_AT_INCIDENT,2024-11-08,FIR,0.88
P000710,LOC000112,PRESENT_AT_INCIDENT,2024-11-08,FIR,0.79
P000693,LOC000112,PRESENT_AT_INCIDENT,2024-11-08,FIR,0.78
P000668,LOC000112,PRESENT_AT_INCIDENT,2024-11-08,FIR,0.86
P000680,LOC000112,PRESENT_AT_INCIDENT,2024-11-08,FIR,0.86
P000333,LOC000016,PRESENT_AT_INCIDENT,2025-12-07,FIR,0.83
P000330,LOC000016,PRESENT_AT_INCIDENT,2025-12-07,FIR,0.97
P000350,LOC000016,PRESENT_AT_INCIDENT,2025-12-07,FIR,0.86
P000331,LOC000016,PRESENT_AT_INCIDENT,2025-12-07,FIR,0.93
P000964,LOC000091,PRESENT_AT_INCIDENT,2026-02-08,FIR,0.83
P000916,LOC000091,PRESENT_AT_INCIDENT,2026-02-08,FIR,0.79
P000945,LOC000080,PRESENT_AT_INCIDENT,2024-05-06,FIR,0.68
P000503,LOC000039,PRESENT_AT_INCIDENT,2023-09-15,FIR,0.8
P000479,LOC000039,PRESENT_AT_INCIDENT,2023-09-15,FIR,0.83
P000504,LOC000039,PRESENT_AT_INCIDENT,2023-09-15,FIR,0.98
P000489,LOC000039,PRESENT_AT_INCIDENT,2023-09-15,FIR,0.73
P000482,LOC000039,PRESENT_AT_INCIDENT,2023-09-15,FIR,0.65
P000454,LOC000015,PRESENT_AT_INCIDENT,2024-09-10,FIR,0.88
P000429,LOC000015,PRESENT_AT_INCIDENT,2024-09-10,FIR,0.88
P000420,LOC000015,PRESENT_AT_INCIDENT,2024-09-10,FIR,0.62
P000766,LOC000040,PRESENT_AT_INCIDENT,2023-04-24,FIR,0.86
P000771,LOC000040,PRESENT_AT_INCIDENT,2023-04-24,FIR,0.97
P000877,LOC000053,PRESENT_AT_INCIDENT,2025-05-11,FIR,0.83
P000445,LOC000113,PRESENT_AT_INCIDENT,2026-02-14,FIR,0.76
P000464,LOC000113,PRESENT_AT_INCIDENT,2026-02-14,FIR,0.7
P000429,LOC000113,PRESENT_AT_INCIDENT,2026-02-14,FIR,0.87
P000421,LOC000113,PRESENT_AT_INCIDENT,2026-02-14,FIR,0.97
P000983,LOC000116,PRESENT_AT_INCIDENT,2024-05-06,FIR,0.95
P000992,LOC000116,PRESENT_AT_INCIDENT,2024-05-06,FIR,0.88
P000985,LOC000116,PRESENT_AT_INCIDENT,2024-05-06,FIR,0.83
P000947,LOC000116,PRESENT_AT_INCIDENT,2024-05-06,FIR,0.82
P000160,LOC000018,PRESENT_AT_INCIDENT,2025-05-15,FIR,0.79
P000140,LOC000018,PRESENT_AT_INCIDENT,2025-05-15,FIR,0.84
P000157,LOC000018,PRESENT_AT_INCIDENT,2025-05-15,FIR,0.87
P000174,LOC000018,PRESENT_AT_INCIDENT,2025-05-15,FIR,0.93
P000122,LOC000018,PRESENT_AT_INCIDENT,2025-05-15,FIR,0.73
P000889,LOC000115,PRESENT_AT_INCIDENT,2025-04-16,FIR,0.61
P000975,LOC000115,PRESENT_AT_INCIDENT,2025-04-16,FIR,0.96
P000462,LOC000018,PRESENT_AT_INCIDENT,2020-10-18,FIR,0.7
P000417,LOC000018,PRESENT_AT_INCIDENT,2020-10-18,FIR,0.86
P000440,LOC000018,PRESENT_AT_INCIDENT,2020-10-18,FIR,0.66
P000438,LOC000018,PRESENT_AT_INCIDENT,2020-10-18,FIR,0.69
P000869,LOC000047,PRESENT_AT_INCIDENT,2024-11-20,FIR,0.87
P000849,LOC000047,PRESENT_AT_INCIDENT,2024-11-20,FIR,0.81
P000141,LOC000121,PRESENT_AT_INCIDENT,2020-04-27,FIR,0.67
P000108,LOC000121,PRESENT_AT_INCIDENT,2020-04-27,FIR,0.66
P000334,LOC000052,PRESENT_AT_INCIDENT,2022-05-23,FIR,0.82
P000971,LOC000105,PRESENT_AT_INCIDENT,2025-12-14,FIR,0.78
P000935,LOC000105,PRESENT_AT_INCIDENT,2025-12-14,FIR,0.79
P000912,LOC000105,PRESENT_AT_INCIDENT,2025-12-14,FIR,0.92
P000957,LOC000105,PRESENT_AT_INCIDENT,2025-12-14,FIR,0.83
P000897,LOC000105,PRESENT_AT_INCIDENT,2025-12-14,FIR,0.92
P000729,LOC000068,PRESENT_AT_INCIDENT,2025-02-16,FIR,0.74
P000750,LOC000068,PRESENT_AT_INCIDENT,2025-02-16,FIR,0.96
P000500,LOC000028,PRESENT_AT_INCIDENT,2021-12-05,FIR,0.75
P000497,LOC000028,PRESENT_AT_INCIDENT,2021-12-05,FIR,0.87
P000486,LOC000028,PRESENT_AT_INCIDENT,2021-12-05,FIR,0.85
P000716,LOC000070,PRESENT_AT_INCIDENT,2025-11-07,FIR,0.65
P000762,LOC000070,PRESENT_AT_INCIDENT,2025-11-07,FIR,0.64
P000747,LOC000070,PRESENT_AT_INCIDENT,2025-11-07,FIR,0.61
P000763,LOC000070,PRESENT_AT_INCIDENT,2025-11-07,FIR,0.88
P000740,LOC000065,PRESENT_AT_INCIDENT,2026-05-29,FIR,0.8
P000718,LOC000065,PRESENT_AT_INCIDENT,2026-05-29,FIR,0.65
P000861,LOC000051,PRESENT_AT_INCIDENT,2023-11-11,FIR,0.97
P000875,LOC000051,PRESENT_AT_INCIDENT,2023-11-11,FIR,0.82
P000863,LOC000051,PRESENT_AT_INCIDENT,2023-11-11,FIR,0.77
P000860,LOC000051,PRESENT_AT_INCIDENT,2023-11-11,FIR,0.81
P000850,LOC000051,PRESENT_AT_INCIDENT,2023-11-11,FIR,0.93
P000750,LOC000103,PRESENT_AT_INCIDENT,2023-02-26,FIR,0.61
P000749,LOC000103,PRESENT_AT_INCIDENT,2023-02-26,FIR,0.87
P000719,LOC000103,PRESENT_AT_INCIDENT,2023-02-26,FIR,0.62
P000715,LOC000103,PRESENT_AT_INCIDENT,2023-02-26,FIR,0.73
P000555,LOC000055,PRESENT_AT_INCIDENT,2021-12-31,FIR,0.74
P000543,LOC000055,PRESENT_AT_INCIDENT,2021-12-31,FIR,0.9
P000564,LOC000055,PRESENT_AT_INCIDENT,2021-12-31,FIR,0.71
P000792,LOC000035,PRESENT_AT_INCIDENT,2025-01-28,FIR,0.65
P000774,LOC000035,PRESENT_AT_INCIDENT,2025-01-28,FIR,0.89
P000786,LOC000035,PRESENT_AT_INCIDENT,2025-01-28,FIR,0.85
P000799,LOC000035,PRESENT_AT_INCIDENT,2025-01-28,FIR,0.85
P000772,LOC000035,PRESENT_AT_INCIDENT,2025-01-28,FIR,0.78
P000009,LOC000103,PRESENT_AT_INCIDENT,2025-11-17,FIR,0.94
P000089,LOC000103,PRESENT_AT_INCIDENT,2025-11-17,FIR,0.87
P000058,LOC000103,PRESENT_AT_INCIDENT,2025-11-17,FIR,0.61
P000973,LOC000005,PRESENT_AT_INCIDENT,2026-05-18,FIR,0.77
P000940,LOC000005,PRESENT_AT_INCIDENT,2026-05-18,FIR,0.87
P000515,LOC000007,PRESENT_AT_INCIDENT,2021-04-28,FIR,0.67
P000496,LOC000007,PRESENT_AT_INCIDENT,2021-04-28,FIR,0.97
P000481,LOC000007,PRESENT_AT_INCIDENT,2021-04-28,FIR,0.74
P000310,LOC000019,PRESENT_AT_INCIDENT,2022-03-29,FIR,0.89
P000337,LOC000019,PRESENT_AT_INCIDENT,2022-03-29,FIR,0.87
P000472,LOC000043,PRESENT_AT_INCIDENT,2025-04-06,FIR,0.65
P000515,LOC000043,PRESENT_AT_INCIDENT,2025-04-06,FIR,0.75
P000477,LOC000043,PRESENT_AT_INCIDENT,2025-04-06,FIR,0.85
P000478,LOC000043,PRESENT_AT_INCIDENT,2025-04-06,FIR,0.79
P000684,LOC000035,PRESENT_AT_INCIDENT,2022-12-29,FIR,0.9
P000669,LOC000035,PRESENT_AT_INCIDENT,2022-12-29,FIR,0.8
P000386,LOC000096,PRESENT_AT_INCIDENT,2021-01-01,FIR,0.7
P000387,LOC000096,PRESENT_AT_INCIDENT,2021-01-01,FIR,0.98
P000383,LOC000096,PRESENT_AT_INCIDENT,2021-01-01,FIR,0.71
P000380,LOC000096,PRESENT_AT_INCIDENT,2021-01-01,FIR,0.64
P000417,LOC000050,PRESENT_AT_INCIDENT,2024-10-20,FIR,0.76
P000467,LOC000050,PRESENT_AT_INCIDENT,2024-10-20,FIR,0.77
P000464,LOC000050,PRESENT_AT_INCIDENT,2024-10-20,FIR,0.97
P000471,LOC000050,PRESENT_AT_INCIDENT,2024-10-20,FIR,0.94
P000946,LOC000115,PRESENT_AT_INCIDENT,2025-01-04,FIR,0.82
P001000,LOC000115,PRESENT_AT_INCIDENT,2025-01-04,FIR,0.88
P000912,LOC000115,PRESENT_AT_INCIDENT,2025-01-04,FIR,0.8
P000342,LOC000010,PRESENT_AT_INCIDENT,2022-05-30,FIR,0.91
P000808,LOC000059,PRESENT_AT_INCIDENT,2026-04-23,FIR,0.85
P000824,LOC000059,PRESENT_AT_INCIDENT,2026-04-23,FIR,0.95
P000802,LOC000059,PRESENT_AT_INCIDENT,2026-04-23,FIR,0.75
P000828,LOC000059,PRESENT_AT_INCIDENT,2026-04-23,FIR,0.66
P000934,LOC000118,PRESENT_AT_INCIDENT,2021-01-07,FIR,0.77
P000779,LOC000053,PRESENT_AT_INCIDENT,2025-05-15,FIR,0.78
P000772,LOC000053,PRESENT_AT_INCIDENT,2025-05-15,FIR,0.81
P000797,LOC000053,PRESENT_AT_INCIDENT,2025-05-15,FIR,0.9
P000375,LOC000099,PRESENT_AT_INCIDENT,2025-11-27,FIR,0.94
P000414,LOC000099,PRESENT_AT_INCIDENT,2025-11-27,FIR,0.98
P000105,LOC000068,PRESENT_AT_INCIDENT,2026-02-01,FIR,0.68
P000145,LOC000068,PRESENT_AT_INCIDENT,2026-02-01,FIR,0.62
P000157,LOC000068,PRESENT_AT_INCIDENT,2026-02-01,FIR,0.74
P000146,LOC000063,PRESENT_AT_INCIDENT,2024-09-11,FIR,0.65
P000154,LOC000063,PRESENT_AT_INCIDENT,2024-09-11,FIR,0.92
P000111,LOC000063,PRESENT_AT_INCIDENT,2024-09-11,FIR,0.61
P000964,LOC000097,PRESENT_AT_INCIDENT,2020-06-02,FIR,0.6
P000891,LOC000097,PRESENT_AT_INCIDENT,2020-06-02,FIR,0.76
P000970,LOC000097,PRESENT_AT_INCIDENT,2020-06-02,FIR,0.72
P000883,LOC000097,PRESENT_AT_INCIDENT,2020-06-02,FIR,0.98
P000975,LOC000097,PRESENT_AT_INCIDENT,2020-06-02,FIR,0.75
P000958,LOC000062,PRESENT_AT_INCIDENT,2025-05-01,FIR,0.66
P000918,LOC000033,PRESENT_AT_INCIDENT,2025-08-21,FIR,0.92
P000998,LOC000033,PRESENT_AT_INCIDENT,2025-08-21,FIR,0.78
P000552,LOC000057,PRESENT_AT_INCIDENT,2019-08-25,FIR,0.76
P000569,LOC000057,PRESENT_AT_INCIDENT,2019-08-25,FIR,0.6
P000528,LOC000057,PRESENT_AT_INCIDENT,2019-08-25,FIR,0.73
P000965,LOC000115,PRESENT_AT_INCIDENT,2025-12-06,FIR,0.97
P000984,LOC000115,PRESENT_AT_INCIDENT,2025-12-06,FIR,0.77
P000847,LOC000114,PRESENT_AT_INCIDENT,2024-07-21,FIR,0.8
P000858,LOC000095,PRESENT_AT_INCIDENT,2024-09-08,FIR,0.86
P000846,LOC000095,PRESENT_AT_INCIDENT,2024-09-08,FIR,0.91
P000856,LOC000095,PRESENT_AT_INCIDENT,2024-09-08,FIR,0.67
P000877,LOC000095,PRESENT_AT_INCIDENT,2024-09-08,FIR,0.75
P000866,LOC000095,PRESENT_AT_INCIDENT,2024-09-08,FIR,0.67
P000540,LOC000036,PRESENT_AT_INCIDENT,2024-07-13,FIR,0.79
P000523,LOC000036,PRESENT_AT_INCIDENT,2024-07-13,FIR,0.78
P000526,LOC000036,PRESENT_AT_INCIDENT,2024-07-13,FIR,0.65
P000562,LOC000036,PRESENT_AT_INCIDENT,2024-07-13,FIR,0.74
P000793,LOC000043,PRESENT_AT_INCIDENT,2025-09-03,FIR,0.68
P000796,LOC000043,PRESENT_AT_INCIDENT,2025-09-03,FIR,0.79
P000967,LOC000121,PRESENT_AT_INCIDENT,2021-06-18,FIR,0.84
P000903,LOC000121,PRESENT_AT_INCIDENT,2021-06-18,FIR,0.83
P000970,LOC000121,PRESENT_AT_INCIDENT,2021-06-18,FIR,0.88
P000226,LOC000099,PRESENT_AT_INCIDENT,2025-01-22,FIR,0.81
P000264,LOC000099,PRESENT_AT_INCIDENT,2025-01-22,FIR,0.81
P000227,LOC000099,PRESENT_AT_INCIDENT,2025-01-22,FIR,0.83
P000252,LOC000099,PRESENT_AT_INCIDENT,2025-01-22,FIR,0.7
P000271,LOC000099,PRESENT_AT_INCIDENT,2025-01-22,FIR,0.96
P000491,LOC000040,PRESENT_AT_INCIDENT,2023-12-18,FIR,0.72
P000485,LOC000040,PRESENT_AT_INCIDENT,2023-12-18,FIR,0.77
P000478,LOC000040,PRESENT_AT_INCIDENT,2023-12-18,FIR,0.65
P000382,LOC000099,PRESENT_AT_INCIDENT,2024-09-06,FIR,0.72
P000392,LOC000099,PRESENT_AT_INCIDENT,2024-09-06,FIR,0.87
P000373,LOC000099,PRESENT_AT_INCIDENT,2024-09-06,FIR,0.76
P000875,LOC000048,PRESENT_AT_INCIDENT,2025-11-03,FIR,0.64
P000675,LOC000044,PRESENT_AT_INCIDENT,2024-12-02,FIR,0.92
P000683,LOC000044,PRESENT_AT_INCIDENT,2024-12-02,FIR,0.86
P000761,LOC000019,PRESENT_AT_INCIDENT,2025-12-23,FIR,0.82
P000756,LOC000019,PRESENT_AT_INCIDENT,2025-12-23,FIR,0.61
P000729,LOC000019,PRESENT_AT_INCIDENT,2025-12-23,FIR,0.94
P000758,LOC000019,PRESENT_AT_INCIDENT,2025-12-23,FIR,0.97
P000770,LOC000037,PRESENT_AT_INCIDENT,2025-07-01,FIR,0.84
P000799,LOC000037,PRESENT_AT_INCIDENT,2025-07-01,FIR,0.82
P000218,LOC000044,PRESENT_AT_INCIDENT,2024-10-12,FIR,0.9
P000228,LOC000044,PRESENT_AT_INCIDENT,2024-10-12,FIR,0.78
P000282,LOC000044,PRESENT_AT_INCIDENT,2024-10-12,FIR,0.86
P000958,LOC000056,PRESENT_AT_INCIDENT,2025-10-15,FIR,0.84
P000973,LOC000056,PRESENT_AT_INCIDENT,2025-10-15,FIR,0.74
P000903,LOC000121,PRESENT_AT_INCIDENT,2021-09-25,FIR,0.88
P000895,LOC000121,PRESENT_AT_INCIDENT,2021-09-25,FIR,0.8
P000972,LOC000121,PRESENT_AT_INCIDENT,2021-09-25,FIR,0.62
P000544,LOC000035,PRESENT_AT_INCIDENT,2024-03-02,FIR,0.86
P000520,LOC000035,PRESENT_AT_INCIDENT,2024-03-02,FIR,0.65
P000552,LOC000035,PRESENT_AT_INCIDENT,2024-03-02,FIR,0.83
P000551,LOC000035,PRESENT_AT_INCIDENT,2024-03-02,FIR,0.91
P000557,LOC000035,PRESENT_AT_INCIDENT,2024-03-02,FIR,0.7
P000994,LOC000116,PRESENT_AT_INCIDENT,2024-02-11,FIR,0.76
P000921,LOC000116,PRESENT_AT_INCIDENT,2024-02-11,FIR,0.96
P000935,LOC000116,PRESENT_AT_INCIDENT,2024-02-11,FIR,0.72
P000933,LOC000116,PRESENT_AT_INCIDENT,2024-02-11,FIR,0.96
P000296,LOC000016,PRESENT_AT_INCIDENT,2023-07-19,FIR,0.72
P000729,LOC000084,PRESENT_AT_INCIDENT,2022-11-09,FIR,0.8
P000172,LOC000120,PRESENT_AT_INCIDENT,2026-06-23,FIR,0.86
P000138,LOC000120,PRESENT_AT_INCIDENT,2026-06-23,FIR,0.89
P000173,LOC000120,PRESENT_AT_INCIDENT,2026-06-23,FIR,0.65
P000142,LOC000120,PRESENT_AT_INCIDENT,2026-06-23,FIR,0.76
P000156,LOC000120,PRESENT_AT_INCIDENT,2026-06-23,FIR,0.95
P000097,LOC000120,PRESENT_AT_INCIDENT,2026-06-23,FIR,0.95
P000107,LOC000120,PRESENT_AT_INCIDENT,2026-06-23,FIR,0.98
P000520,LOC000061,PRESENT_AT_INCIDENT,2022-08-27,FIR,0.73
P000556,LOC000061,PRESENT_AT_INCIDENT,2022-08-27,FIR,0.95
P000553,LOC000061,PRESENT_AT_INCIDENT,2022-08-27,FIR,0.97
P000531,LOC000061,PRESENT_AT_INCIDENT,2022-08-27,FIR,0.81
P000753,LOC000017,PRESENT_AT_INCIDENT,2024-11-10,FIR,0.81
P000747,LOC000017,PRESENT_AT_INCIDENT,2024-11-10,FIR,0.87
P000732,LOC000017,PRESENT_AT_INCIDENT,2024-11-10,FIR,0.84
P000742,LOC000017,PRESENT_AT_INCIDENT,2024-11-10,FIR,0.68
P000800,LOC000015,PRESENT_AT_INCIDENT,2025-02-21,FIR,0.65
P000786,LOC000015,PRESENT_AT_INCIDENT,2025-02-21,FIR,0.9
P000781,LOC000015,PRESENT_AT_INCIDENT,2025-02-21,FIR,0.78
P000774,LOC000015,PRESENT_AT_INCIDENT,2025-02-21,FIR,0.95
P000787,LOC000015,PRESENT_AT_INCIDENT,2025-02-21,FIR,0.73
P000848,LOC000115,PRESENT_AT_INCIDENT,2026-03-11,FIR,0.84
P000495,LOC000011,PRESENT_AT_INCIDENT,2025-04-11,FIR,0.89
P000776,LOC000031,PRESENT_AT_INCIDENT,2021-01-27,FIR,0.89
P000794,LOC000031,PRESENT_AT_INCIDENT,2021-01-27,FIR,0.67
P000800,LOC000044,PRESENT_AT_INCIDENT,2021-10-30,FIR,0.84
P000765,LOC000044,PRESENT_AT_INCIDENT,2021-10-30,FIR,0.75
P000774,LOC000044,PRESENT_AT_INCIDENT,2021-10-30,FIR,0.93
P000769,LOC000044,PRESENT_AT_INCIDENT,2021-10-30,FIR,0.62
P000875,LOC000088,PRESENT_AT_INCIDENT,2023-07-14,FIR,0.93
P000865,LOC000088,PRESENT_AT_INCIDENT,2023-07-14,FIR,0.75
P001000,LOC000118,PRESENT_AT_INCIDENT,2021-07-26,FIR,0.76
P000981,LOC000118,PRESENT_AT_INCIDENT,2021-07-26,FIR,0.68
P000916,LOC000118,PRESENT_AT_INCIDENT,2021-07-26,FIR,0.77
P000971,LOC000118,PRESENT_AT_INCIDENT,2021-07-26,FIR,0.78
P000894,LOC000118,PRESENT_AT_INCIDENT,2021-07-26,FIR,0.87
P000875,LOC000089,PRESENT_AT_INCIDENT,2022-10-08,FIR,0.9
P000874,LOC000089,PRESENT_AT_INCIDENT,2022-10-08,FIR,0.95
P000853,LOC000089,PRESENT_AT_INCIDENT,2022-10-08,FIR,0.7
P000865,LOC000089,PRESENT_AT_INCIDENT,2022-10-08,FIR,0.89
P000855,LOC000089,PRESENT_AT_INCIDENT,2022-10-08,FIR,0.94
P000871,LOC000089,PRESENT_AT_INCIDENT,2022-10-08,FIR,0.87
P000858,LOC000089,PRESENT_AT_INCIDENT,2022-10-08,FIR,0.83
P000703,LOC000113,PRESENT_AT_INCIDENT,2024-02-03,FIR,0.66
P000702,LOC000113,PRESENT_AT_INCIDENT,2024-02-03,FIR,0.74
P000526,LOC000039,PRESENT_AT_INCIDENT,2026-05-23,FIR,0.93
P000549,LOC000039,PRESENT_AT_INCIDENT,2026-05-23,FIR,0.93
P000550,LOC000039,PRESENT_AT_INCIDENT,2026-05-23,FIR,0.95
P000568,LOC000039,PRESENT_AT_INCIDENT,2026-05-23,FIR,0.76
P000664,LOC000094,PRESENT_AT_INCIDENT,2024-04-23,FIR,0.94
P000651,LOC000094,PRESENT_AT_INCIDENT,2024-04-23,FIR,0.62
P000660,LOC000094,PRESENT_AT_INCIDENT,2024-04-23,FIR,0.89
P000766,LOC000032,PRESENT_AT_INCIDENT,2021-05-13,FIR,0.71
P000769,LOC000032,PRESENT_AT_INCIDENT,2021-05-13,FIR,0.87
P000789,LOC000032,PRESENT_AT_INCIDENT,2021-05-13,FIR,0.83
P000744,LOC000067,PRESENT_AT_INCIDENT,2023-10-26,FIR,0.74
P000730,LOC000067,PRESENT_AT_INCIDENT,2023-10-26,FIR,0.89
P000729,LOC000067,PRESENT_AT_INCIDENT,2023-10-26,FIR,0.73
P000721,LOC000067,PRESENT_AT_INCIDENT,2023-10-26,FIR,0.69
P000754,LOC000067,PRESENT_AT_INCIDENT,2023-10-26,FIR,0.88
P000739,LOC000067,PRESENT_AT_INCIDENT,2023-10-26,FIR,0.73
P000746,LOC000067,PRESENT_AT_INCIDENT,2023-10-26,FIR,0.66
P000867,LOC000081,PRESENT_AT_INCIDENT,2026-06-18,FIR,0.68
P000853,LOC000081,PRESENT_AT_INCIDENT,2026-06-18,FIR,0.8
P000105,LOC000021,PRESENT_AT_INCIDENT,2019-12-21,FIR,0.89
P000136,LOC000021,PRESENT_AT_INCIDENT,2019-12-21,FIR,0.89
P000763,LOC000074,PRESENT_AT_INCIDENT,2026-02-16,FIR,0.78
P000718,LOC000074,PRESENT_AT_INCIDENT,2026-02-16,FIR,0.81
P000717,LOC000074,PRESENT_AT_INCIDENT,2026-02-16,FIR,0.98
P000964,LOC000079,PRESENT_AT_INCIDENT,2025-08-21,FIR,0.79
P000889,LOC000079,PRESENT_AT_INCIDENT,2025-08-21,FIR,0.73
P000986,LOC000079,PRESENT_AT_INCIDENT,2025-08-21,FIR,0.7
P000751,LOC000074,PRESENT_AT_INCIDENT,2021-01-25,FIR,0.94
P000468,LOC000061,PRESENT_AT_INCIDENT,2022-08-24,FIR,0.74
P000426,LOC000061,PRESENT_AT_INCIDENT,2022-08-24,FIR,0.95
P000455,LOC000061,PRESENT_AT_INCIDENT,2022-08-24,FIR,0.89
P000469,LOC000061,PRESENT_AT_INCIDENT,2022-08-24,FIR,0.83
P000422,LOC000061,PRESENT_AT_INCIDENT,2022-08-24,FIR,0.89
P000746,LOC000085,PRESENT_AT_INCIDENT,2025-02-17,FIR,0.65
P000757,LOC000085,PRESENT_AT_INCIDENT,2025-02-17,FIR,0.9
P000551,LOC000041,PRESENT_AT_INCIDENT,2026-03-09,FIR,0.87
P000740,LOC000103,PRESENT_AT_INCIDENT,2021-08-07,FIR,0.73
P000757,LOC000103,PRESENT_AT_INCIDENT,2021-08-07,FIR,0.98
P000755,LOC000103,PRESENT_AT_INCIDENT,2021-08-07,FIR,0.8
P000760,LOC000103,PRESENT_AT_INCIDENT,2021-08-07,FIR,0.94
P000719,LOC000103,PRESENT_AT_INCIDENT,2021-08-07,FIR,0.92
P000727,LOC000103,PRESENT_AT_INCIDENT,2021-08-07,FIR,0.75
P000758,LOC000103,PRESENT_AT_INCIDENT,2021-08-07,FIR,0.74
P000871,LOC000080,PRESENT_AT_INCIDENT,2026-04-05,FIR,0.74
P000846,LOC000080,PRESENT_AT_INCIDENT,2026-04-05,FIR,0.9
P000859,LOC000080,PRESENT_AT_INCIDENT,2026-04-05,FIR,0.87
P000353,LOC000018,PRESENT_AT_INCIDENT,2026-05-07,FIR,0.78
P000315,LOC000094,PRESENT_AT_INCIDENT,2019-01-16,FIR,0.88
P000294,LOC000094,PRESENT_AT_INCIDENT,2019-01-16,FIR,0.79
P000353,LOC000094,PRESENT_AT_INCIDENT,2019-01-16,FIR,0.81
P000343,LOC000094,PRESENT_AT_INCIDENT,2019-01-16,FIR,0.69
P000816,LOC000021,PRESENT_AT_INCIDENT,2024-10-25,FIR,0.87
P000826,LOC000021,PRESENT_AT_INCIDENT,2024-10-25,FIR,0.88
P000829,LOC000021,PRESENT_AT_INCIDENT,2024-10-25,FIR,0.69
P000830,LOC000021,PRESENT_AT_INCIDENT,2024-10-25,FIR,0.67
P000951,LOC000045,PRESENT_AT_INCIDENT,2026-03-17,FIR,0.98
P000913,LOC000045,PRESENT_AT_INCIDENT,2026-03-17,FIR,0.84
P000725,LOC000099,PRESENT_AT_INCIDENT,2023-03-10,FIR,0.63
P000906,LOC000116,PRESENT_AT_INCIDENT,2024-01-01,FIR,0.98
P000973,LOC000116,PRESENT_AT_INCIDENT,2024-01-01,FIR,0.63
P000956,LOC000116,PRESENT_AT_INCIDENT,2024-01-01,FIR,0.67
P000977,LOC000116,PRESENT_AT_INCIDENT,2024-01-01,FIR,0.9
P000894,LOC000116,PRESENT_AT_INCIDENT,2024-01-01,FIR,0.79
P000794,LOC000031,PRESENT_AT_INCIDENT,2026-02-27,FIR,0.7
P000783,LOC000031,PRESENT_AT_INCIDENT,2026-02-27,FIR,0.64
P000785,LOC000031,PRESENT_AT_INCIDENT,2026-02-27,FIR,0.92
P000773,LOC000031,PRESENT_AT_INCIDENT,2026-02-27,FIR,0.97
P000793,LOC000031,PRESENT_AT_INCIDENT,2026-02-27,FIR,0.74
P000798,LOC000031,PRESENT_AT_INCIDENT,2026-02-27,FIR,0.67
P000788,LOC000031,PRESENT_AT_INCIDENT,2026-02-27,FIR,0.71
P000483,LOC000047,PRESENT_AT_INCIDENT,2022-03-31,FIR,0.61
P000485,LOC000047,PRESENT_AT_INCIDENT,2022-03-31,FIR,0.89
P000481,LOC000047,PRESENT_AT_INCIDENT,2022-03-31,FIR,0.87
P000692,LOC000048,PRESENT_AT_INCIDENT,2026-06-17,FIR,0.91
P000689,LOC000048,PRESENT_AT_INCIDENT,2026-06-17,FIR,0.77
P000678,LOC000048,PRESENT_AT_INCIDENT,2026-06-17,FIR,0.82
P000682,LOC000048,PRESENT_AT_INCIDENT,2026-06-17,FIR,0.91
P000503,LOC000029,PRESENT_AT_INCIDENT,2021-10-15,FIR,0.75
P000705,LOC000115,PRESENT_AT_INCIDENT,2023-08-28,FIR,0.81
P000623,LOC000100,PRESENT_AT_INCIDENT,2023-08-09,FIR,0.8
P000620,LOC000100,PRESENT_AT_INCIDENT,2023-08-09,FIR,0.74
P000622,LOC000100,PRESENT_AT_INCIDENT,2023-08-09,FIR,0.94
P000643,LOC000100,PRESENT_AT_INCIDENT,2023-08-09,FIR,0.77
P000726,LOC000068,PRESENT_AT_INCIDENT,2024-10-24,FIR,0.6
P000748,LOC000068,PRESENT_AT_INCIDENT,2024-10-24,FIR,0.64
P000723,LOC000068,PRESENT_AT_INCIDENT,2024-10-24,FIR,0.84
P000425,LOC000007,PRESENT_AT_INCIDENT,2026-01-24,FIR,0.74
P000439,LOC000007,PRESENT_AT_INCIDENT,2026-01-24,FIR,0.75
P000454,LOC000007,PRESENT_AT_INCIDENT,2026-01-24,FIR,0.97
P000452,LOC000007,PRESENT_AT_INCIDENT,2026-01-24,FIR,0.83
P000434,LOC000007,PRESENT_AT_INCIDENT,2026-01-24,FIR,0.63
P000297,LOC000016,PRESENT_AT_INCIDENT,2023-11-21,FIR,0.94
P000152,LOC000120,PRESENT_AT_INCIDENT,2021-11-01,FIR,0.89
P000168,LOC000120,PRESENT_AT_INCIDENT,2021-11-01,FIR,0.85
P000849,LOC000050,PRESENT_AT_INCIDENT,2024-02-01,FIR,0.87
P000874,LOC000050,PRESENT_AT_INCIDENT,2024-02-01,FIR,0.78
P000867,LOC000050,PRESENT_AT_INCIDENT,2024-02-01,FIR,0.77
P000874,LOC000095,PRESENT_AT_INCIDENT,2026-06-27,FIR,0.81
P000876,LOC000095,PRESENT_AT_INCIDENT,2026-06-27,FIR,0.61
P000889,LOC000119,PRESENT_AT_INCIDENT,2024-04-09,FIR,0.81
P000890,LOC000059,PRESENT_AT_INCIDENT,2026-02-05,FIR,0.85
P000727,LOC000086,PRESENT_AT_INCIDENT,2025-06-05,FIR,0.76
P000745,LOC000086,PRESENT_AT_INCIDENT,2025-06-05,FIR,0.81
P000725,LOC000086,PRESENT_AT_INCIDENT,2025-06-05,FIR,0.72
P000744,LOC000086,PRESENT_AT_INCIDENT,2025-06-05,FIR,0.69
P000162,LOC000059,PRESENT_AT_INCIDENT,2025-04-06,FIR,0.96
P000141,LOC000059,PRESENT_AT_INCIDENT,2025-04-06,FIR,0.85
P000167,LOC000059,PRESENT_AT_INCIDENT,2025-04-06,FIR,0.93
P000142,LOC000059,PRESENT_AT_INCIDENT,2025-04-06,FIR,0.65
P000868,LOC000079,PRESENT_AT_INCIDENT,2026-01-20,FIR,0.92
P000874,LOC000079,PRESENT_AT_INCIDENT,2026-01-20,FIR,0.8
P000878,LOC000079,PRESENT_AT_INCIDENT,2026-01-20,FIR,0.67
P000551,LOC000040,PRESENT_AT_INCIDENT,2026-05-31,FIR,0.63
P000548,LOC000040,PRESENT_AT_INCIDENT,2026-05-31,FIR,0.84
P000793,LOC000036,PRESENT_AT_INCIDENT,2019-02-23,FIR,0.63
P000114,LOC000121,PRESENT_AT_INCIDENT,2023-09-11,FIR,0.63
P000150,LOC000121,PRESENT_AT_INCIDENT,2023-09-11,FIR,0.91
P000116,LOC000121,PRESENT_AT_INCIDENT,2023-09-11,FIR,0.75
P000113,LOC000121,PRESENT_AT_INCIDENT,2023-09-11,FIR,0.68
P000907,LOC000073,PRESENT_AT_INCIDENT,2026-05-26,FIR,0.64
P000959,LOC000073,PRESENT_AT_INCIDENT,2026-05-26,FIR,0.83
P000898,LOC000073,PRESENT_AT_INCIDENT,2026-05-26,FIR,0.78
P000767,LOC000036,PRESENT_AT_INCIDENT,2026-04-17,FIR,0.74
P000118,LOC000070,PRESENT_AT_INCIDENT,2025-01-13,FIR,0.8
P000154,LOC000070,PRESENT_AT_INCIDENT,2025-01-13,FIR,0.93
P000144,LOC000070,PRESENT_AT_INCIDENT,2025-01-13,FIR,0.72
P000100,LOC000070,PRESENT_AT_INCIDENT,2025-01-13,FIR,0.66
P000666,LOC000110,PRESENT_AT_INCIDENT,2019-12-08,FIR,0.75
P000686,LOC000043,PRESENT_AT_INCIDENT,2021-01-02,FIR,0.62
P000127,LOC000067,PRESENT_AT_INCIDENT,2024-11-09,FIR,0.95
P000114,LOC000067,PRESENT_AT_INCIDENT,2024-11-09,FIR,0.63
P000125,LOC000067,PRESENT_AT_INCIDENT,2024-11-09,FIR,0.71
P000100,LOC000067,PRESENT_AT_INCIDENT,2024-11-09,FIR,0.62
P000738,LOC000010,PRESENT_AT_INCIDENT,2024-11-10,FIR,0.81
P000370,LOC000029,PRESENT_AT_INCIDENT,2026-05-19,FIR,0.76
P000414,LOC000029,PRESENT_AT_INCIDENT,2026-05-19,FIR,0.71
P000972,LOC000117,PRESENT_AT_INCIDENT,2026-06-20,FIR,0.96
P000881,LOC000117,PRESENT_AT_INCIDENT,2026-06-20,FIR,0.87
P000554,LOC000056,PRESENT_AT_INCIDENT,2026-03-05,FIR,0.68
P000527,LOC000056,PRESENT_AT_INCIDENT,2026-03-05,FIR,0.9
P000530,LOC000056,PRESENT_AT_INCIDENT,2026-03-05,FIR,0.87
P000981,LOC000079,PRESENT_AT_INCIDENT,2026-05-28,FIR,0.83
P000972,LOC000079,PRESENT_AT_INCIDENT,2026-05-28,FIR,0.78
P000896,LOC000079,PRESENT_AT_INCIDENT,2026-05-28,FIR,0.8
P000406,LOC000082,PRESENT_AT_INCIDENT,2018-12-01,FIR,0.69
P000825,LOC000015,PRESENT_AT_INCIDENT,2024-12-28,FIR,0.86
P000059,LOC000021,PRESENT_AT_INCIDENT,2022-11-15,FIR,0.9
P000066,LOC000021,PRESENT_AT_INCIDENT,2022-11-15,FIR,0.91
P000467,LOC000015,PRESENT_AT_INCIDENT,2025-09-10,FIR,0.84
P000441,LOC000015,PRESENT_AT_INCIDENT,2025-09-10,FIR,0.68
P000468,LOC000015,PRESENT_AT_INCIDENT,2025-09-10,FIR,0.74
P000434,LOC000015,PRESENT_AT_INCIDENT,2025-09-10,FIR,0.65
P000854,LOC000116,PRESENT_AT_INCIDENT,2025-12-12,FIR,0.97
P000876,LOC000116,PRESENT_AT_INCIDENT,2025-12-12,FIR,0.8
P000744,LOC000011,PRESENT_AT_INCIDENT,2021-12-23,FIR,0.86
P000740,LOC000011,PRESENT_AT_INCIDENT,2021-12-23,FIR,0.82
P000747,LOC000011,PRESENT_AT_INCIDENT,2021-12-23,FIR,0.79
P000746,LOC000011,PRESENT_AT_INCIDENT,2021-12-23,FIR,0.76
P000510,LOC000050,PRESENT_AT_INCIDENT,2026-01-07,FIR,0.74
P000511,LOC000050,PRESENT_AT_INCIDENT,2026-01-07,FIR,0.98
P000488,LOC000050,PRESENT_AT_INCIDENT,2026-01-07,FIR,0.77
P000490,LOC000050,PRESENT_AT_INCIDENT,2026-01-07,FIR,0.89
P000047,LOC000099,PRESENT_AT_INCIDENT,2024-07-30,FIR,0.8
P000652,LOC000112,PRESENT_AT_INCIDENT,2021-12-29,FIR,0.73
P000720,LOC000014,PRESENT_AT_INCIDENT,2024-09-26,FIR,0.88
P000499,LOC000050,PRESENT_AT_INCIDENT,2020-03-13,FIR,0.8
P000501,LOC000050,PRESENT_AT_INCIDENT,2020-03-13,FIR,0.91
P000604,LOC000023,PRESENT_AT_INCIDENT,2025-06-15,FIR,0.86
P000584,LOC000023,PRESENT_AT_INCIDENT,2025-06-15,FIR,0.73
P000571,LOC000023,PRESENT_AT_INCIDENT,2025-06-15,FIR,0.76
P000597,LOC000023,PRESENT_AT_INCIDENT,2025-06-15,FIR,0.75
P000666,LOC000052,PRESENT_AT_INCIDENT,2020-09-23,FIR,0.8
P000708,LOC000052,PRESENT_AT_INCIDENT,2020-09-23,FIR,0.68
P000706,LOC000052,PRESENT_AT_INCIDENT,2020-09-23,FIR,0.91
P000857,LOC000116,PRESENT_AT_INCIDENT,2026-04-14,FIR,0.96
P000848,LOC000116,PRESENT_AT_INCIDENT,2026-04-14,FIR,0.91
P000863,LOC000116,PRESENT_AT_INCIDENT,2026-04-14,FIR,0.89
P000871,LOC000116,PRESENT_AT_INCIDENT,2026-04-14,FIR,0.82
P000680,LOC000049,PRESENT_AT_INCIDENT,2024-01-03,FIR,0.75
P000704,LOC000049,PRESENT_AT_INCIDENT,2024-01-03,FIR,0.84
P000686,LOC000049,PRESENT_AT_INCIDENT,2024-01-03,FIR,0.93
P000678,LOC000049,PRESENT_AT_INCIDENT,2024-01-03,FIR,0.87
P000688,LOC000049,PRESENT_AT_INCIDENT,2024-01-03,FIR,0.9
P000594,LOC000051,PRESENT_AT_INCIDENT,2026-06-17,FIR,0.73
P000599,LOC000051,PRESENT_AT_INCIDENT,2026-06-17,FIR,0.79
P000582,LOC000051,PRESENT_AT_INCIDENT,2026-06-17,FIR,0.72
P000590,LOC000051,PRESENT_AT_INCIDENT,2026-06-17,FIR,0.68
P000765,LOC000039,PRESENT_AT_INCIDENT,2023-03-22,FIR,0.94
P000781,LOC000039,PRESENT_AT_INCIDENT,2023-03-22,FIR,0.64
P000800,LOC000039,PRESENT_AT_INCIDENT,2023-03-22,FIR,0.65
P000414,LOC000099,PRESENT_AT_INCIDENT,2026-02-07,FIR,0.85
P000372,LOC000099,PRESENT_AT_INCIDENT,2026-02-07,FIR,0.78
P000409,LOC000099,PRESENT_AT_INCIDENT,2026-02-07,FIR,0.67
P000365,LOC000099,PRESENT_AT_INCIDENT,2026-02-07,FIR,0.68
P000364,LOC000099,PRESENT_AT_INCIDENT,2026-02-07,FIR,0.76
P000425,LOC000063,PRESENT_AT_INCIDENT,2025-09-15,FIR,0.94
P000900,LOC000048,PRESENT_AT_INCIDENT,2024-03-06,FIR,0.93
P000944,LOC000048,PRESENT_AT_INCIDENT,2024-03-06,FIR,0.89
P000956,LOC000048,PRESENT_AT_INCIDENT,2024-03-06,FIR,0.84
P000906,LOC000048,PRESENT_AT_INCIDENT,2024-03-06,FIR,0.66
P000732,LOC000007,PRESENT_AT_INCIDENT,2025-11-25,FIR,0.96
P000759,LOC000007,PRESENT_AT_INCIDENT,2025-11-25,FIR,0.9
P000749,LOC000007,PRESENT_AT_INCIDENT,2025-11-25,FIR,0.64
P000483,LOC000039,PRESENT_AT_INCIDENT,2023-09-15,FIR,0.75
P000997,LOC000056,PRESENT_AT_INCIDENT,2026-05-12,FIR,0.68
P000993,LOC000056,PRESENT_AT_INCIDENT,2026-05-12,FIR,0.82
P000878,LOC000049,PRESENT_AT_INCIDENT,2026-03-27,FIR,0.65
P000877,LOC000049,PRESENT_AT_INCIDENT,2026-03-27,FIR,0.82
P000864,LOC000049,PRESENT_AT_INCIDENT,2026-03-27,FIR,0.83
P000860,LOC000049,PRESENT_AT_INCIDENT,2026-03-27,FIR,0.91
P000773,LOC000025,PRESENT_AT_INCIDENT,2024-09-28,FIR,0.93
P000775,LOC000025,PRESENT_AT_INCIDENT,2024-09-28,FIR,0.62
P000792,LOC000025,PRESENT_AT_INCIDENT,2024-09-28,FIR,0.77
P000879,LOC000018,PRESENT_AT_INCIDENT,2026-03-16,FIR,0.62
P000852,LOC000018,PRESENT_AT_INCIDENT,2026-03-16,FIR,0.69
P000856,LOC000018,PRESENT_AT_INCIDENT,2026-03-16,FIR,0.9
P000853,LOC000018,PRESENT_AT_INCIDENT,2026-03-16,FIR,0.6
P000862,LOC000022,PRESENT_AT_INCIDENT,2019-04-20,FIR,0.74
P000339,LOC000098,PRESENT_AT_INCIDENT,2025-01-08,FIR,0.9
P000290,LOC000098,PRESENT_AT_INCIDENT,2025-01-08,FIR,0.88
P000357,LOC000098,PRESENT_AT_INCIDENT,2025-01-08,FIR,0.7
P000870,LOC000098,PRESENT_AT_INCIDENT,2024-11-28,FIR,0.69
P000852,LOC000098,PRESENT_AT_INCIDENT,2024-11-28,FIR,0.63
P000858,LOC000098,PRESENT_AT_INCIDENT,2024-11-28,FIR,0.68
P000862,LOC000098,PRESENT_AT_INCIDENT,2024-11-28,FIR,0.97
P000853,LOC000098,PRESENT_AT_INCIDENT,2024-11-28,FIR,0.65
P000871,LOC000098,PRESENT_AT_INCIDENT,2024-11-28,FIR,0.77
P000860,LOC000098,PRESENT_AT_INCIDENT,2024-11-28,FIR,0.6
P000115,LOC000120,PRESENT_AT_INCIDENT,2023-06-19,FIR,0.95
P000166,LOC000121,PRESENT_AT_INCIDENT,2025-05-26,FIR,0.67
P000171,LOC000121,PRESENT_AT_INCIDENT,2025-05-26,FIR,0.6
P000146,LOC000121,PRESENT_AT_INCIDENT,2025-05-26,FIR,0.65
P000475,LOC000025,PRESENT_AT_INCIDENT,2025-08-14,FIR,0.89
P000880,LOC000094,PRESENT_AT_INCIDENT,2024-04-27,FIR,0.66
P000852,LOC000094,PRESENT_AT_INCIDENT,2024-04-27,FIR,0.94
P000854,LOC000094,PRESENT_AT_INCIDENT,2024-04-27,FIR,0.93
P000868,LOC000094,PRESENT_AT_INCIDENT,2024-04-27,FIR,0.92
P000958,LOC000065,PRESENT_AT_INCIDENT,2021-07-05,FIR,0.63
P000912,LOC000065,PRESENT_AT_INCIDENT,2021-07-05,FIR,0.88
P000953,LOC000065,PRESENT_AT_INCIDENT,2021-07-05,FIR,0.75
P000940,LOC000065,PRESENT_AT_INCIDENT,2021-07-05,FIR,0.75
P000992,LOC000058,PRESENT_AT_INCIDENT,2025-03-14,FIR,0.67
P000949,LOC000058,PRESENT_AT_INCIDENT,2025-03-14,FIR,0.72
P000955,LOC000058,PRESENT_AT_INCIDENT,2025-03-14,FIR,0.97
P000934,LOC000058,PRESENT_AT_INCIDENT,2025-03-14,FIR,0.86
P000980,LOC000058,PRESENT_AT_INCIDENT,2025-03-14,FIR,0.68
P000959,LOC000058,PRESENT_AT_INCIDENT,2025-03-14,FIR,0.82
P000974,LOC000058,PRESENT_AT_INCIDENT,2025-03-14,FIR,0.77
P000013,LOC000071,PRESENT_AT_INCIDENT,2023-09-19,FIR,0.84
P000001,LOC000071,PRESENT_AT_INCIDENT,2023-09-19,FIR,0.61
P000102,LOC000058,PRESENT_AT_INCIDENT,2021-03-12,FIR,0.82
P000053,LOC000001,PRESENT_AT_INCIDENT,2021-12-25,FIR,0.64
P000025,LOC000001,PRESENT_AT_INCIDENT,2021-12-25,FIR,0.95
P000090,LOC000001,PRESENT_AT_INCIDENT,2021-12-25,FIR,0.89
P000022,LOC000001,PRESENT_AT_INCIDENT,2021-12-25,FIR,0.7
P000003,LOC000001,PRESENT_AT_INCIDENT,2021-12-25,FIR,0.77
P000087,LOC000001,PRESENT_AT_INCIDENT,2021-12-25,FIR,0.81
P000080,LOC000001,PRESENT_AT_INCIDENT,2021-12-25,FIR,0.84
P000972,LOC000109,PRESENT_AT_INCIDENT,2024-06-12,FIR,0.71
P000909,LOC000109,PRESENT_AT_INCIDENT,2024-06-12,FIR,0.86
P000977,LOC000081,PRESENT_AT_INCIDENT,2024-01-15,FIR,0.89
P000991,LOC000081,PRESENT_AT_INCIDENT,2024-01-15,FIR,0.85
P000093,LOC000057,PRESENT_AT_INCIDENT,2024-03-16,FIR,0.92
P000745,LOC000074,PRESENT_AT_INCIDENT,2026-06-17,FIR,0.9
P000736,LOC000074,PRESENT_AT_INCIDENT,2026-06-17,FIR,0.68
P000431,LOC000050,PRESENT_AT_INCIDENT,2023-06-18,FIR,0.71
P000449,LOC000050,PRESENT_AT_INCIDENT,2023-06-18,FIR,0.61
P000735,LOC000070,PRESENT_AT_INCIDENT,2026-06-03,FIR,0.86
P000757,LOC000070,PRESENT_AT_INCIDENT,2026-06-03,FIR,0.82
P000865,LOC000080,PRESENT_AT_INCIDENT,2025-07-01,FIR,0.69
P000868,LOC000080,PRESENT_AT_INCIDENT,2025-07-01,FIR,0.79
P000877,LOC000080,PRESENT_AT_INCIDENT,2025-07-01,FIR,0.82
P000876,LOC000080,PRESENT_AT_INCIDENT,2025-07-01,FIR,0.95
P000085,LOC000100,PRESENT_AT_INCIDENT,2020-05-30,FIR,0.77
P000025,LOC000100,PRESENT_AT_INCIDENT,2020-05-30,FIR,0.96
P000068,LOC000100,PRESENT_AT_INCIDENT,2020-05-30,FIR,0.74
P000747,LOC000068,PRESENT_AT_INCIDENT,2025-02-02,FIR,0.92
P000265,LOC000028,PRESENT_AT_INCIDENT,2025-07-16,FIR,0.71
P000249,LOC000028,PRESENT_AT_INCIDENT,2025-07-16,FIR,0.92
P000175,LOC000028,PRESENT_AT_INCIDENT,2025-07-16,FIR,0.87
P000238,LOC000028,PRESENT_AT_INCIDENT,2025-07-16,FIR,0.92
P000245,LOC000028,PRESENT_AT_INCIDENT,2025-07-16,FIR,0.74
P000223,LOC000028,PRESENT_AT_INCIDENT,2025-07-16,FIR,0.77
P000257,LOC000028,PRESENT_AT_INCIDENT,2025-07-16,FIR,0.87
P000337,LOC000095,PRESENT_AT_INCIDENT,2019-05-09,FIR,0.67
P000350,LOC000073,PRESENT_AT_INCIDENT,2023-07-03,FIR,0.75
P000311,LOC000073,PRESENT_AT_INCIDENT,2023-07-03,FIR,0.62
P000535,LOC000060,PRESENT_AT_INCIDENT,2022-10-24,FIR,0.89
P000549,LOC000060,PRESENT_AT_INCIDENT,2022-10-24,FIR,0.71
P000332,LOC000049,PRESENT_AT_INCIDENT,2024-03-22,FIR,0.62
P000338,LOC000049,PRESENT_AT_INCIDENT,2024-03-22,FIR,0.78
P000744,LOC000086,PRESENT_AT_INCIDENT,2023-02-17,FIR,0.79
P000730,LOC000001,PRESENT_AT_INCIDENT,2026-01-19,FIR,0.93
P000901,LOC000092,PRESENT_AT_INCIDENT,2024-04-04,FIR,0.82
P000913,LOC000092,PRESENT_AT_INCIDENT,2024-04-04,FIR,0.69
P000557,LOC000029,PRESENT_AT_INCIDENT,2024-06-28,FIR,0.96
P000543,LOC000029,PRESENT_AT_INCIDENT,2024-06-28,FIR,0.92
P000539,LOC000029,PRESENT_AT_INCIDENT,2024-06-28,FIR,0.62
P000520,LOC000029,PRESENT_AT_INCIDENT,2024-06-28,FIR,0.74
P000560,LOC000029,PRESENT_AT_INCIDENT,2024-06-28,FIR,0.74
P000535,LOC000029,PRESENT_AT_INCIDENT,2024-06-28,FIR,0.79
P000545,LOC000029,PRESENT_AT_INCIDENT,2024-06-28,FIR,0.87
P000394,LOC000093,PRESENT_AT_INCIDENT,2025-07-02,FIR,0.73
P000369,LOC000093,PRESENT_AT_INCIDENT,2025-07-02,FIR,0.73
P000399,LOC000093,PRESENT_AT_INCIDENT,2025-07-02,FIR,0.63
P000035,LOC000074,PRESENT_AT_INCIDENT,2024-10-09,FIR,0.69
P000954,LOC000039,PRESENT_AT_INCIDENT,2025-08-21,FIR,0.64
P000931,LOC000039,PRESENT_AT_INCIDENT,2025-08-21,FIR,0.86
P000912,LOC000039,PRESENT_AT_INCIDENT,2025-08-21,FIR,0.85
P000899,LOC000039,PRESENT_AT_INCIDENT,2025-08-21,FIR,0.98
P000244,LOC000061,PRESENT_AT_INCIDENT,2022-03-19,FIR,0.96
P000179,LOC000061,PRESENT_AT_INCIDENT,2022-03-19,FIR,0.61
P000215,LOC000061,PRESENT_AT_INCIDENT,2022-03-19,FIR,0.89
P000280,LOC000061,PRESENT_AT_INCIDENT,2022-03-19,FIR,0.69
P000724,LOC000087,PRESENT_AT_INCIDENT,2022-04-02,FIR,0.8
P000758,LOC000087,PRESENT_AT_INCIDENT,2022-04-02,FIR,0.75
P000762,LOC000087,PRESENT_AT_INCIDENT,2022-04-02,FIR,0.89
P000721,LOC000087,PRESENT_AT_INCIDENT,2022-04-02,FIR,0.83
P000730,LOC000087,PRESENT_AT_INCIDENT,2022-04-02,FIR,0.82
P000500,LOC000037,PRESENT_AT_INCIDENT,2022-09-15,FIR,0.69
P000484,LOC000037,PRESENT_AT_INCIDENT,2022-09-15,FIR,0.67
P000487,LOC000037,PRESENT_AT_INCIDENT,2022-09-15,FIR,0.8
P000498,LOC000037,PRESENT_AT_INCIDENT,2022-09-15,FIR,0.82
P000503,LOC000037,PRESENT_AT_INCIDENT,2022-09-15,FIR,0.81
P000927,LOC000035,PRESENT_AT_INCIDENT,2026-06-05,FIR,0.85
P000965,LOC000035,PRESENT_AT_INCIDENT,2026-06-05,FIR,0.63
P000935,LOC000035,PRESENT_AT_INCIDENT,2026-06-05,FIR,0.95
P000988,LOC000035,PRESENT_AT_INCIDENT,2026-06-05,FIR,0.77
P000941,LOC000035,PRESENT_AT_INCIDENT,2026-06-05,FIR,0.64
P000888,LOC000035,PRESENT_AT_INCIDENT,2026-06-05,FIR,0.7
P000964,LOC000035,PRESENT_AT_INCIDENT,2026-06-05,FIR,0.74
P000945,LOC000050,PRESENT_AT_INCIDENT,2025-07-03,FIR,0.71
P000929,LOC000050,PRESENT_AT_INCIDENT,2025-07-03,FIR,0.71
P000960,LOC000050,PRESENT_AT_INCIDENT,2025-07-03,FIR,0.63
P000936,LOC000050,PRESENT_AT_INCIDENT,2025-07-03,FIR,0.8
P000265,LOC000102,PRESENT_AT_INCIDENT,2022-03-23,FIR,0.92
P000896,LOC000120,PRESENT_AT_INCIDENT,2025-10-12,FIR,0.74
P000892,LOC000120,PRESENT_AT_INCIDENT,2025-10-12,FIR,0.9
P000953,LOC000120,PRESENT_AT_INCIDENT,2025-10-12,FIR,0.68
P000990,LOC000120,PRESENT_AT_INCIDENT,2025-10-12,FIR,0.94
P000911,LOC000120,PRESENT_AT_INCIDENT,2025-10-12,FIR,0.61
P000921,LOC000021,PRESENT_AT_INCIDENT,2023-05-21,FIR,0.79
P000999,LOC000021,PRESENT_AT_INCIDENT,2023-05-21,FIR,0.96
P000986,LOC000021,PRESENT_AT_INCIDENT,2023-05-21,FIR,0.98
P000740,LOC000076,PRESENT_AT_INCIDENT,2023-12-04,FIR,0.68
P000414,LOC000102,PRESENT_AT_INCIDENT,2026-02-01,FIR,0.71
P000381,LOC000102,PRESENT_AT_INCIDENT,2026-02-01,FIR,0.74
P000393,LOC000102,PRESENT_AT_INCIDENT,2026-02-01,FIR,0.62
P000373,LOC000102,PRESENT_AT_INCIDENT,2026-02-01,FIR,0.74
P000396,LOC000102,PRESENT_AT_INCIDENT,2026-02-01,FIR,0.72
P000559,LOC000065,PRESENT_AT_INCIDENT,2021-11-25,FIR,0.9
P000563,LOC000065,PRESENT_AT_INCIDENT,2021-11-25,FIR,0.69
P000741,LOC000100,PRESENT_AT_INCIDENT,2026-06-28,FIR,0.61
P000726,LOC000100,PRESENT_AT_INCIDENT,2026-06-28,FIR,0.84
P000715,LOC000100,PRESENT_AT_INCIDENT,2026-06-28,FIR,0.84
P000372,LOC000036,PRESENT_AT_INCIDENT,2024-07-11,FIR,0.88
P000398,LOC000036,PRESENT_AT_INCIDENT,2024-07-11,FIR,0.7
P000360,LOC000036,PRESENT_AT_INCIDENT,2024-07-11,FIR,0.62
P000391,LOC000036,PRESENT_AT_INCIDENT,2024-07-11,FIR,0.73
P000694,LOC000051,PRESENT_AT_INCIDENT,2024-10-06,FIR,0.94
P000687,LOC000051,PRESENT_AT_INCIDENT,2024-10-06,FIR,0.79
P000507,LOC000046,PRESENT_AT_INCIDENT,2024-07-09,FIR,0.84
P000472,LOC000046,PRESENT_AT_INCIDENT,2024-07-09,FIR,0.78
P000496,LOC000046,PRESENT_AT_INCIDENT,2024-07-09,FIR,0.86
P000165,LOC000121,PRESENT_AT_INCIDENT,2026-05-30,FIR,0.67
P000121,LOC000121,PRESENT_AT_INCIDENT,2026-05-30,FIR,0.81
P000127,LOC000121,PRESENT_AT_INCIDENT,2026-05-30,FIR,0.97
P000198,LOC000060,PRESENT_AT_INCIDENT,2024-04-25,FIR,0.8
P000714,LOC000074,PRESENT_AT_INCIDENT,2026-05-29,FIR,0.7
P000355,LOC000097,PRESENT_AT_INCIDENT,2026-03-22,FIR,0.76
P000344,LOC000097,PRESENT_AT_INCIDENT,2026-03-22,FIR,0.87
P000340,LOC000097,PRESENT_AT_INCIDENT,2026-03-22,FIR,0.71
P000295,LOC000097,PRESENT_AT_INCIDENT,2026-03-22,FIR,0.74
P000331,LOC000097,PRESENT_AT_INCIDENT,2026-03-22,FIR,0.68
P000290,LOC000074,PRESENT_AT_INCIDENT,2019-11-14,FIR,0.66
P000344,LOC000074,PRESENT_AT_INCIDENT,2019-11-14,FIR,0.97
P000761,LOC000099,PRESENT_AT_INCIDENT,2024-02-26,FIR,0.74
P000749,LOC000099,PRESENT_AT_INCIDENT,2024-02-26,FIR,0.65
P000748,LOC000099,PRESENT_AT_INCIDENT,2024-02-26,FIR,0.7
P000157,LOC000121,PRESENT_AT_INCIDENT,2022-08-03,FIR,0.9
P000970,LOC000101,PRESENT_AT_INCIDENT,2026-05-07,FIR,0.81
P000896,LOC000101,PRESENT_AT_INCIDENT,2026-05-07,FIR,0.92
P000904,LOC000101,PRESENT_AT_INCIDENT,2026-05-07,FIR,0.83
P000849,LOC000049,PRESENT_AT_INCIDENT,2023-11-11,FIR,0.68
P000873,LOC000049,PRESENT_AT_INCIDENT,2023-11-11,FIR,0.74
P000868,LOC000049,PRESENT_AT_INCIDENT,2023-11-11,FIR,0.93
P000876,LOC000049,PRESENT_AT_INCIDENT,2023-11-11,FIR,0.74
P000851,LOC000049,PRESENT_AT_INCIDENT,2023-11-11,FIR,0.86
P000866,LOC000049,PRESENT_AT_INCIDENT,2023-11-11,FIR,0.7
P000875,LOC000049,PRESENT_AT_INCIDENT,2023-11-11,FIR,0.63
P000023,LOC000018,PRESENT_AT_INCIDENT,2026-01-27,FIR,0.72
P000129,LOC000054,PRESENT_AT_INCIDENT,2021-07-08,FIR,0.83
P000135,LOC000054,PRESENT_AT_INCIDENT,2021-07-08,FIR,0.95
P000263,LOC000062,PRESENT_AT_INCIDENT,2024-06-29,FIR,0.76
P000245,LOC000062,PRESENT_AT_INCIDENT,2024-06-29,FIR,0.94
P000238,LOC000062,PRESENT_AT_INCIDENT,2024-06-29,FIR,0.8
P000180,LOC000062,PRESENT_AT_INCIDENT,2024-06-29,FIR,0.76
P000223,LOC000062,PRESENT_AT_INCIDENT,2024-06-29,FIR,0.81
P000073,LOC000022,PRESENT_AT_INCIDENT,2024-10-05,FIR,0.94
P000059,LOC000022,PRESENT_AT_INCIDENT,2024-10-05,FIR,0.79
P000630,LOC000099,PRESENT_AT_INCIDENT,2024-10-15,FIR,0.72
P000635,LOC000099,PRESENT_AT_INCIDENT,2024-10-15,FIR,0.78
P000859,LOC000082,PRESENT_AT_INCIDENT,2021-01-02,FIR,0.82
P000862,LOC000082,PRESENT_AT_INCIDENT,2021-01-02,FIR,0.72
P000865,LOC000082,PRESENT_AT_INCIDENT,2021-01-02,FIR,0.61
P000846,LOC000082,PRESENT_AT_INCIDENT,2021-01-02,FIR,0.67
P000875,LOC000082,PRESENT_AT_INCIDENT,2021-01-02,FIR,0.93
P000866,LOC000082,PRESENT_AT_INCIDENT,2021-01-02,FIR,0.85
P000851,LOC000082,PRESENT_AT_INCIDENT,2021-01-02,FIR,0.9
P000316,LOC000087,PRESENT_AT_INCIDENT,2022-04-09,FIR,0.9
P000983,LOC000094,PRESENT_AT_INCIDENT,2025-02-18,FIR,0.86
P000959,LOC000121,PRESENT_AT_INCIDENT,2019-02-22,FIR,0.91
P000996,LOC000121,PRESENT_AT_INCIDENT,2019-02-22,FIR,0.67
P000169,LOC000058,PRESENT_AT_INCIDENT,2023-01-21,FIR,0.87
P000014,LOC000101,PRESENT_AT_INCIDENT,2025-11-17,FIR,0.91
P000030,LOC000101,PRESENT_AT_INCIDENT,2025-11-17,FIR,0.76
P000738,LOC000084,PRESENT_AT_INCIDENT,2025-09-02,FIR,0.81
P000726,LOC000084,PRESENT_AT_INCIDENT,2025-09-02,FIR,0.82
P000720,LOC000084,PRESENT_AT_INCIDENT,2025-09-02,FIR,0.91
P000741,LOC000084,PRESENT_AT_INCIDENT,2025-09-02,FIR,0.91
P000501,LOC000040,PRESENT_AT_INCIDENT,2022-09-23,FIR,0.93
P000923,LOC000092,PRESENT_AT_INCIDENT,2025-04-18,FIR,0.74
P000972,LOC000092,PRESENT_AT_INCIDENT,2025-04-18,FIR,0.8
P000970,LOC000092,PRESENT_AT_INCIDENT,2025-04-18,FIR,0.79
P000960,LOC000092,PRESENT_AT_INCIDENT,2025-04-18,FIR,0.75
P000096,LOC000064,PRESENT_AT_INCIDENT,2023-05-14,FIR,0.65
P000868,LOC000049,PRESENT_AT_INCIDENT,2026-02-10,FIR,0.63
P000405,LOC000031,PRESENT_AT_INCIDENT,2023-07-03,FIR,0.74
P000390,LOC000031,PRESENT_AT_INCIDENT,2023-07-03,FIR,0.82
P000930,LOC000074,PRESENT_AT_INCIDENT,2025-09-15,FIR,0.71
P000985,LOC000074,PRESENT_AT_INCIDENT,2025-09-15,FIR,0.72
P000980,LOC000074,PRESENT_AT_INCIDENT,2025-09-15,FIR,0.9
P000421,LOC000038,PRESENT_AT_INCIDENT,2025-09-05,FIR,0.72
P000462,LOC000038,PRESENT_AT_INCIDENT,2025-09-05,FIR,0.65
P000465,LOC000038,PRESENT_AT_INCIDENT,2025-09-05,FIR,0.9
P000466,LOC000038,PRESENT_AT_INCIDENT,2025-09-05,FIR,0.62
P000479,LOC000037,PRESENT_AT_INCIDENT,2026-06-21,FIR,0.64
P000500,LOC000037,PRESENT_AT_INCIDENT,2026-06-21,FIR,0.72
P000505,LOC000037,PRESENT_AT_INCIDENT,2026-06-21,FIR,0.65
P000501,LOC000037,PRESENT_AT_INCIDENT,2026-06-21,FIR,0.61
P000495,LOC000037,PRESENT_AT_INCIDENT,2026-06-21,FIR,0.63
P000991,LOC000039,PRESENT_AT_INCIDENT,2026-06-17,FIR,0.8
P000437,LOC000102,PRESENT_AT_INCIDENT,2025-01-19,FIR,0.63
P000467,LOC000102,PRESENT_AT_INCIDENT,2025-01-19,FIR,0.83
P000440,LOC000102,PRESENT_AT_INCIDENT,2025-01-19,FIR,0.91
P000896,LOC000118,PRESENT_AT_INCIDENT,2025-01-29,FIR,0.65
P000974,LOC000118,PRESENT_AT_INCIDENT,2025-01-29,FIR,0.88
P000920,LOC000032,PRESENT_AT_INCIDENT,2024-11-10,FIR,0.7
P000963,LOC000032,PRESENT_AT_INCIDENT,2024-11-10,FIR,0.71
P000906,LOC000032,PRESENT_AT_INCIDENT,2024-11-10,FIR,0.77
P000962,LOC000045,PRESENT_AT_INCIDENT,2026-01-15,FIR,0.6
P000883,LOC000090,PRESENT_AT_INCIDENT,2023-07-18,FIR,0.84
P000995,LOC000090,PRESENT_AT_INCIDENT,2023-07-18,FIR,0.74
P000123,LOC000055,PRESENT_AT_INCIDENT,2023-01-02,FIR,0.65
P000107,LOC000055,PRESENT_AT_INCIDENT,2023-01-02,FIR,0.94
P000110,LOC000055,PRESENT_AT_INCIDENT,2023-01-02,FIR,0.62
P000112,LOC000055,PRESENT_AT_INCIDENT,2023-01-02,FIR,0.78
P000165,LOC000055,PRESENT_AT_INCIDENT,2023-01-02,FIR,0.63
P000122,LOC000061,PRESENT_AT_INCIDENT,2020-03-09,FIR,0.69
P000554,LOC000026,PRESENT_AT_INCIDENT,2026-01-05,FIR,0.96
P000559,LOC000026,PRESENT_AT_INCIDENT,2026-01-05,FIR,0.72
P000565,LOC000026,PRESENT_AT_INCIDENT,2026-01-05,FIR,0.76
P000544,LOC000026,PRESENT_AT_INCIDENT,2026-01-05,FIR,0.95
P000534,LOC000026,PRESENT_AT_INCIDENT,2026-01-05,FIR,0.68
P000557,LOC000026,PRESENT_AT_INCIDENT,2026-01-05,FIR,0.68
P000546,LOC000026,PRESENT_AT_INCIDENT,2026-01-05,FIR,0.98
P000724,LOC000069,PRESENT_AT_INCIDENT,2024-10-07,FIR,0.79
P000750,LOC000069,PRESENT_AT_INCIDENT,2024-10-07,FIR,0.91
P000745,LOC000069,PRESENT_AT_INCIDENT,2024-10-07,FIR,0.83
P000880,LOC000113,PRESENT_AT_INCIDENT,2025-04-24,FIR,0.64
P000943,LOC000064,PRESENT_AT_INCIDENT,2026-06-27,FIR,0.94
P000884,LOC000064,PRESENT_AT_INCIDENT,2026-06-27,FIR,0.73
P000928,LOC000064,PRESENT_AT_INCIDENT,2026-06-27,FIR,0.61
P000120,LOC000016,PRESENT_AT_INCIDENT,2023-07-13,FIR,0.94
P000122,LOC000016,PRESENT_AT_INCIDENT,2023-07-13,FIR,0.9
P000165,LOC000016,PRESENT_AT_INCIDENT,2023-07-13,FIR,0.96
P000735,LOC000087,PRESENT_AT_INCIDENT,2023-03-11,FIR,0.78
P000148,LOC000054,PRESENT_AT_INCIDENT,2019-03-11,FIR,0.62
P000144,LOC000054,PRESENT_AT_INCIDENT,2019-03-11,FIR,0.69
P000104,LOC000054,PRESENT_AT_INCIDENT,2019-03-11,FIR,0.64
P000122,LOC000054,PRESENT_AT_INCIDENT,2019-03-11,FIR,0.71
P000164,LOC000054,PRESENT_AT_INCIDENT,2019-03-11,FIR,0.84
P000781,LOC000019,PRESENT_AT_INCIDENT,2026-05-09,FIR,0.68
P000780,LOC000019,PRESENT_AT_INCIDENT,2026-05-09,FIR,0.79
P000586,LOC000035,PRESENT_AT_INCIDENT,2025-12-05,FIR,0.68
P000598,LOC000035,PRESENT_AT_INCIDENT,2025-12-05,FIR,0.82
P000607,LOC000035,PRESENT_AT_INCIDENT,2025-12-05,FIR,0.88
P000603,LOC000035,PRESENT_AT_INCIDENT,2025-12-05,FIR,0.86
P000470,LOC000041,PRESENT_AT_INCIDENT,2022-11-07,FIR,0.71
P000422,LOC000041,PRESENT_AT_INCIDENT,2022-11-07,FIR,0.61
P000430,LOC000041,PRESENT_AT_INCIDENT,2022-11-07,FIR,0.65
P000870,LOC000018,PRESENT_AT_INCIDENT,2025-11-17,FIR,0.86
P000880,LOC000018,PRESENT_AT_INCIDENT,2025-11-17,FIR,0.7
P000924,LOC000094,PRESENT_AT_INCIDENT,2021-09-21,FIR,0.88
P000881,LOC000094,PRESENT_AT_INCIDENT,2021-09-21,FIR,0.84
P000835,LOC000003,PRESENT_AT_INCIDENT,2026-04-02,FIR,0.91
P000814,LOC000003,PRESENT_AT_INCIDENT,2026-04-02,FIR,0.78
P000817,LOC000003,PRESENT_AT_INCIDENT,2026-04-02,FIR,0.6
P000068,LOC000101,PRESENT_AT_INCIDENT,2024-05-09,FIR,0.89
P000069,LOC000101,PRESENT_AT_INCIDENT,2024-05-09,FIR,0.95
P000001,LOC000101,PRESENT_AT_INCIDENT,2024-05-09,FIR,0.75
P000924,LOC000051,PRESENT_AT_INCIDENT,2025-01-27,FIR,0.79
P000903,LOC000121,PRESENT_AT_INCIDENT,2026-05-27,FIR,0.9
P000944,LOC000121,PRESENT_AT_INCIDENT,2026-05-27,FIR,0.9
P000859,LOC000116,PRESENT_AT_INCIDENT,2022-01-22,FIR,0.81
P000846,LOC000116,PRESENT_AT_INCIDENT,2022-01-22,FIR,0.71
P000857,LOC000116,PRESENT_AT_INCIDENT,2022-01-22,FIR,0.82
P000867,LOC000116,PRESENT_AT_INCIDENT,2022-01-22,FIR,0.95
P000855,LOC000116,PRESENT_AT_INCIDENT,2022-01-22,FIR,0.69
P000872,LOC000116,PRESENT_AT_INCIDENT,2022-01-22,FIR,0.63
P000861,LOC000116,PRESENT_AT_INCIDENT,2022-01-22,FIR,0.63
P000732,LOC000068,PRESENT_AT_INCIDENT,2026-01-01,FIR,0.97
P000735,LOC000068,PRESENT_AT_INCIDENT,2026-01-01,FIR,0.94
P000731,LOC000068,PRESENT_AT_INCIDENT,2026-01-01,FIR,0.61
P000725,LOC000068,PRESENT_AT_INCIDENT,2026-01-01,FIR,0.96
P000785,LOC000016,PRESENT_AT_INCIDENT,2024-07-02,FIR,0.72
P000775,LOC000016,PRESENT_AT_INCIDENT,2024-07-02,FIR,0.66
P000794,LOC000016,PRESENT_AT_INCIDENT,2024-07-02,FIR,0.69
P000791,LOC000016,PRESENT_AT_INCIDENT,2024-07-02,FIR,0.85
P000350,LOC000083,PRESENT_AT_INCIDENT,2026-03-19,FIR,0.89
P000340,LOC000083,PRESENT_AT_INCIDENT,2026-03-19,FIR,0.85
P000335,LOC000083,PRESENT_AT_INCIDENT,2026-03-19,FIR,0.93
P000291,LOC000083,PRESENT_AT_INCIDENT,2026-03-19,FIR,0.63
P000324,LOC000083,PRESENT_AT_INCIDENT,2026-03-19,FIR,0.77
P000488,LOC000077,PRESENT_AT_INCIDENT,2025-11-16,FIR,0.72
P000508,LOC000077,PRESENT_AT_INCIDENT,2025-11-16,FIR,0.7
P000500,LOC000042,PRESENT_AT_INCIDENT,2025-11-15,FIR,0.77
P000491,LOC000042,PRESENT_AT_INCIDENT,2025-11-15,FIR,0.86
P000497,LOC000042,PRESENT_AT_INCIDENT,2025-11-15,FIR,0.87
P000507,LOC000042,PRESENT_AT_INCIDENT,2025-11-15,FIR,0.69
P000796,LOC000026,PRESENT_AT_INCIDENT,2025-01-10,FIR,0.89
P000769,LOC000026,PRESENT_AT_INCIDENT,2025-01-10,FIR,0.67
P000787,LOC000026,PRESENT_AT_INCIDENT,2025-01-10,FIR,0.75
P000216,LOC000026,PRESENT_AT_INCIDENT,2025-02-04,FIR,0.72
P000180,LOC000026,PRESENT_AT_INCIDENT,2025-02-04,FIR,0.86
P000187,LOC000026,PRESENT_AT_INCIDENT,2025-02-04,FIR,0.7
P000264,LOC000026,PRESENT_AT_INCIDENT,2025-02-04,FIR,0.92
P000198,LOC000026,PRESENT_AT_INCIDENT,2025-02-04,FIR,0.91
P000243,LOC000026,PRESENT_AT_INCIDENT,2025-02-04,FIR,0.91
P000194,LOC000026,PRESENT_AT_INCIDENT,2025-02-04,FIR,0.8
P000773,LOC000044,PRESENT_AT_INCIDENT,2025-03-29,FIR,0.61
P000783,LOC000044,PRESENT_AT_INCIDENT,2025-03-29,FIR,0.86
P000796,LOC000044,PRESENT_AT_INCIDENT,2025-03-29,FIR,0.96
P000768,LOC000044,PRESENT_AT_INCIDENT,2025-03-29,FIR,0.88
P000453,LOC000047,PRESENT_AT_INCIDENT,2024-05-13,FIR,0.7
P000691,LOC000110,PRESENT_AT_INCIDENT,2023-02-10,FIR,0.65
P000695,LOC000110,PRESENT_AT_INCIDENT,2023-02-10,FIR,0.64
P000697,LOC000110,PRESENT_AT_INCIDENT,2023-02-10,FIR,0.61
P000458,LOC000099,PRESENT_AT_INCIDENT,2021-10-22,FIR,0.7
P000394,LOC000096,PRESENT_AT_INCIDENT,2025-01-21,FIR,0.68
P000391,LOC000096,PRESENT_AT_INCIDENT,2025-01-21,FIR,0.63
P000410,LOC000096,PRESENT_AT_INCIDENT,2025-01-21,FIR,0.78
P000399,LOC000096,PRESENT_AT_INCIDENT,2025-01-21,FIR,0.97
P000368,LOC000096,PRESENT_AT_INCIDENT,2025-01-21,FIR,0.77
P000379,LOC000096,PRESENT_AT_INCIDENT,2025-01-21,FIR,0.79
P000372,LOC000096,PRESENT_AT_INCIDENT,2025-01-21,FIR,0.78
P000961,LOC000035,PRESENT_AT_INCIDENT,2023-11-15,FIR,0.87
P000973,LOC000035,PRESENT_AT_INCIDENT,2023-11-15,FIR,0.87
P000924,LOC000035,PRESENT_AT_INCIDENT,2023-11-15,FIR,0.78
P000999,LOC000035,PRESENT_AT_INCIDENT,2023-11-15,FIR,0.79
P000902,LOC000035,PRESENT_AT_INCIDENT,2023-11-15,FIR,0.71
P000697,LOC000043,PRESENT_AT_INCIDENT,2023-11-09,FIR,0.66
P000693,LOC000043,PRESENT_AT_INCIDENT,2023-11-09,FIR,0.93
P000696,LOC000043,PRESENT_AT_INCIDENT,2023-11-09,FIR,0.77
P000683,LOC000043,PRESENT_AT_INCIDENT,2023-11-09,FIR,0.82
P000964,LOC000081,PRESENT_AT_INCIDENT,2025-07-01,FIR,0.68
P000391,LOC000030,PRESENT_AT_INCIDENT,2024-08-30,FIR,0.74
P000382,LOC000035,PRESENT_AT_INCIDENT,2025-09-13,FIR,0.8
P000416,LOC000035,PRESENT_AT_INCIDENT,2025-09-13,FIR,0.83
P000361,LOC000035,PRESENT_AT_INCIDENT,2025-09-13,FIR,0.87
P000899,LOC000079,PRESENT_AT_INCIDENT,2025-02-04,FIR,0.8
P000025,LOC000072,PRESENT_AT_INCIDENT,2025-11-27,FIR,0.87
P000073,LOC000072,PRESENT_AT_INCIDENT,2025-11-27,FIR,0.69
P000066,LOC000072,PRESENT_AT_INCIDENT,2025-11-27,FIR,0.71
P000149,LOC000063,PRESENT_AT_INCIDENT,2022-10-14,FIR,0.66
P000695,LOC000038,PRESENT_AT_INCIDENT,2023-08-22,FIR,0.6
P000687,LOC000038,PRESENT_AT_INCIDENT,2023-08-22,FIR,0.68
P000551,LOC000067,PRESENT_AT_INCIDENT,2025-12-29,FIR,0.9
P000536,LOC000067,PRESENT_AT_INCIDENT,2025-12-29,FIR,0.85
P000964,LOC000120,PRESENT_AT_INCIDENT,2026-03-03,FIR,0.63
P000969,LOC000120,PRESENT_AT_INCIDENT,2026-03-03,FIR,0.67
P000941,LOC000120,PRESENT_AT_INCIDENT,2026-03-03,FIR,0.7
P000978,LOC000120,PRESENT_AT_INCIDENT,2026-03-03,FIR,0.69
P000976,LOC000120,PRESENT_AT_INCIDENT,2026-03-03,FIR,0.83
P000946,LOC000120,PRESENT_AT_INCIDENT,2026-03-03,FIR,0.85
P000883,LOC000120,PRESENT_AT_INCIDENT,2026-03-03,FIR,0.61
P000120,LOC000054,PRESENT_AT_INCIDENT,2025-04-28,FIR,0.9
P000113,LOC000054,PRESENT_AT_INCIDENT,2025-04-28,FIR,0.85
P000969,LOC000091,PRESENT_AT_INCIDENT,2026-01-20,FIR,0.96
P000980,LOC000091,PRESENT_AT_INCIDENT,2026-01-20,FIR,0.77
P000431,LOC000014,PRESENT_AT_INCIDENT,2024-06-17,FIR,0.96
P000447,LOC000014,PRESENT_AT_INCIDENT,2024-06-17,FIR,0.81
P000419,LOC000014,PRESENT_AT_INCIDENT,2024-06-17,FIR,0.92
P000469,LOC000014,PRESENT_AT_INCIDENT,2024-06-17,FIR,0.65
P000468,LOC000014,PRESENT_AT_INCIDENT,2024-06-17,FIR,0.71
P000434,LOC000014,PRESENT_AT_INCIDENT,2024-06-17,FIR,0.74
P000471,LOC000014,PRESENT_AT_INCIDENT,2024-06-17,FIR,0.72
P000974,LOC000067,PRESENT_AT_INCIDENT,2024-05-10,FIR,0.89
P000796,LOC000032,PRESENT_AT_INCIDENT,2023-07-16,FIR,0.88
P000767,LOC000032,PRESENT_AT_INCIDENT,2023-07-16,FIR,0.69
P000776,LOC000032,PRESENT_AT_INCIDENT,2023-07-16,FIR,0.86
P000768,LOC000032,PRESENT_AT_INCIDENT,2023-07-16,FIR,0.82
P000788,LOC000032,PRESENT_AT_INCIDENT,2023-07-16,FIR,0.65
P000259,LOC000016,PRESENT_AT_INCIDENT,2024-11-13,FIR,0.73
P000191,LOC000016,PRESENT_AT_INCIDENT,2024-11-13,FIR,0.81
P000626,LOC000089,PRESENT_AT_INCIDENT,2020-05-12,FIR,0.61
P000656,LOC000089,PRESENT_AT_INCIDENT,2020-05-12,FIR,0.67
P000620,LOC000089,PRESENT_AT_INCIDENT,2020-05-12,FIR,0.83
P000003,LOC000019,PRESENT_AT_INCIDENT,2023-11-24,FIR,0.91
P000064,LOC000019,PRESENT_AT_INCIDENT,2023-11-24,FIR,0.73
P000047,LOC000019,PRESENT_AT_INCIDENT,2023-11-24,FIR,0.89
P000002,LOC000019,PRESENT_AT_INCIDENT,2023-11-24,FIR,0.64
P000767,LOC000022,PRESENT_AT_INCIDENT,2026-06-12,FIR,0.95
P000789,LOC000022,PRESENT_AT_INCIDENT,2026-06-12,FIR,0.71
P000787,LOC000022,PRESENT_AT_INCIDENT,2026-06-12,FIR,0.89
P000565,LOC000034,PRESENT_AT_INCIDENT,2020-08-10,FIR,0.9
P000522,LOC000034,PRESENT_AT_INCIDENT,2020-08-10,FIR,0.65
P000537,LOC000034,PRESENT_AT_INCIDENT,2020-08-10,FIR,0.84
P000557,LOC000034,PRESENT_AT_INCIDENT,2020-08-10,FIR,0.66
P000549,LOC000034,PRESENT_AT_INCIDENT,2020-08-10,FIR,0.85
P000533,LOC000034,PRESENT_AT_INCIDENT,2020-08-10,FIR,0.81
P000526,LOC000034,PRESENT_AT_INCIDENT,2020-08-10,FIR,0.88
P000707,LOC000110,PRESENT_AT_INCIDENT,2024-10-26,FIR,0.93
P000678,LOC000110,PRESENT_AT_INCIDENT,2024-10-26,FIR,0.91
P000684,LOC000110,PRESENT_AT_INCIDENT,2024-10-26,FIR,0.73
P000668,LOC000110,PRESENT_AT_INCIDENT,2024-10-26,FIR,0.78
P000667,LOC000110,PRESENT_AT_INCIDENT,2024-10-26,FIR,0.78
P000703,LOC000110,PRESENT_AT_INCIDENT,2024-10-26,FIR,0.96
P000706,LOC000110,PRESENT_AT_INCIDENT,2024-10-26,FIR,0.94
P000219,LOC000061,PRESENT_AT_INCIDENT,2025-02-03,FIR,0.89
P000186,LOC000061,PRESENT_AT_INCIDENT,2025-02-03,FIR,0.77
P000250,LOC000061,PRESENT_AT_INCIDENT,2025-02-03,FIR,0.68
P000176,LOC000061,PRESENT_AT_INCIDENT,2025-02-03,FIR,0.87
P000106,LOC000069,PRESENT_AT_INCIDENT,2020-07-30,FIR,0.98
P000174,LOC000069,PRESENT_AT_INCIDENT,2020-07-30,FIR,0.78
P000149,LOC000069,PRESENT_AT_INCIDENT,2020-07-30,FIR,0.92
P000163,LOC000069,PRESENT_AT_INCIDENT,2020-07-30,FIR,0.65
P000096,LOC000069,PRESENT_AT_INCIDENT,2020-07-30,FIR,0.85
P000148,LOC000069,PRESENT_AT_INCIDENT,2020-07-30,FIR,0.95
P000147,LOC000069,PRESENT_AT_INCIDENT,2020-07-30,FIR,0.77
P000521,LOC000058,PRESENT_AT_INCIDENT,2023-08-17,FIR,0.72
P000739,LOC000065,PRESENT_AT_INCIDENT,2020-06-10,FIR,0.72
P000743,LOC000065,PRESENT_AT_INCIDENT,2020-06-10,FIR,0.63
P000720,LOC000065,PRESENT_AT_INCIDENT,2020-06-10,FIR,0.95
P000736,LOC000065,PRESENT_AT_INCIDENT,2020-06-10,FIR,0.69
P000585,LOC000113,PRESENT_AT_INCIDENT,2026-02-21,FIR,0.69
P000792,LOC000046,PRESENT_AT_INCIDENT,2025-05-07,FIR,0.84
P000431,LOC000103,PRESENT_AT_INCIDENT,2025-12-19,FIR,0.84
P000447,LOC000103,PRESENT_AT_INCIDENT,2025-12-19,FIR,0.7
P000464,LOC000103,PRESENT_AT_INCIDENT,2025-12-19,FIR,0.66
P000452,LOC000103,PRESENT_AT_INCIDENT,2025-12-19,FIR,0.79
P000439,LOC000103,PRESENT_AT_INCIDENT,2025-12-19,FIR,0.64
P000441,LOC000103,PRESENT_AT_INCIDENT,2025-12-19,FIR,0.94
P000423,LOC000103,PRESENT_AT_INCIDENT,2025-12-19,FIR,0.85
P000161,LOC000121,PRESENT_AT_INCIDENT,2026-05-16,FIR,0.73
P000095,LOC000121,PRESENT_AT_INCIDENT,2026-05-16,FIR,0.96
P000960,LOC000111,PRESENT_AT_INCIDENT,2026-01-03,FIR,0.72
P000932,LOC000111,PRESENT_AT_INCIDENT,2026-01-03,FIR,0.62
P000962,LOC000111,PRESENT_AT_INCIDENT,2026-01-03,FIR,0.92
P000975,LOC000111,PRESENT_AT_INCIDENT,2026-01-03,FIR,0.89
P000959,LOC000111,PRESENT_AT_INCIDENT,2026-01-03,FIR,0.84
P000944,LOC000111,PRESENT_AT_INCIDENT,2026-01-03,FIR,0.72
P000919,LOC000111,PRESENT_AT_INCIDENT,2026-01-03,FIR,0.64
P000415,LOC000025,PRESENT_AT_INCIDENT,2019-11-21,FIR,0.64
P000361,LOC000025,PRESENT_AT_INCIDENT,2019-11-21,FIR,0.92
P000381,LOC000025,PRESENT_AT_INCIDENT,2019-11-21,FIR,0.71
P000413,LOC000025,PRESENT_AT_INCIDENT,2019-11-21,FIR,0.93
P000242,LOC000016,PRESENT_AT_INCIDENT,2023-07-21,FIR,0.88
P000178,LOC000016,PRESENT_AT_INCIDENT,2023-07-21,FIR,0.91
P000852,LOC000117,PRESENT_AT_INCIDENT,2024-11-10,FIR,0.64
P000846,LOC000117,PRESENT_AT_INCIDENT,2024-11-10,FIR,0.67
P000877,LOC000117,PRESENT_AT_INCIDENT,2024-11-10,FIR,0.84
P000851,LOC000117,PRESENT_AT_INCIDENT,2024-11-10,FIR,0.94
P000481,LOC000050,PRESENT_AT_INCIDENT,2026-05-07,FIR,0.88
P000491,LOC000050,PRESENT_AT_INCIDENT,2026-05-07,FIR,0.88
P000518,LOC000050,PRESENT_AT_INCIDENT,2026-05-07,FIR,0.93
P000875,LOC000078,PRESENT_AT_INCIDENT,2025-01-12,FIR,0.86
P000859,LOC000078,PRESENT_AT_INCIDENT,2025-01-12,FIR,0.66
P000846,LOC000078,PRESENT_AT_INCIDENT,2025-01-12,FIR,0.71
P000550,LOC000065,PRESENT_AT_INCIDENT,2025-01-07,FIR,0.62
P000435,LOC000060,PRESENT_AT_INCIDENT,2025-05-27,FIR,0.75
P000422,LOC000060,PRESENT_AT_INCIDENT,2025-05-27,FIR,0.72
P000433,LOC000060,PRESENT_AT_INCIDENT,2025-05-27,FIR,0.75
P000423,LOC000060,PRESENT_AT_INCIDENT,2025-05-27,FIR,0.79
P000469,LOC000060,PRESENT_AT_INCIDENT,2025-05-27,FIR,0.95
P000440,LOC000060,PRESENT_AT_INCIDENT,2025-05-27,FIR,0.65
P000420,LOC000060,PRESENT_AT_INCIDENT,2025-05-27,FIR,0.85
P000745,LOC000016,PRESENT_AT_INCIDENT,2026-06-13,FIR,0.93
P000758,LOC000016,PRESENT_AT_INCIDENT,2026-06-13,FIR,0.71
P000714,LOC000016,PRESENT_AT_INCIDENT,2026-06-13,FIR,0.61
P000715,LOC000016,PRESENT_AT_INCIDENT,2026-06-13,FIR,0.89
P000726,LOC000016,PRESENT_AT_INCIDENT,2026-06-13,FIR,0.65
P000777,LOC000043,PRESENT_AT_INCIDENT,2026-05-10,FIR,0.63
P000676,LOC000115,PRESENT_AT_INCIDENT,2025-08-04,FIR,0.8
P000368,LOC000078,PRESENT_AT_INCIDENT,2020-03-25,FIR,0.93
P000412,LOC000078,PRESENT_AT_INCIDENT,2020-03-25,FIR,0.63
P000919,LOC000119,PRESENT_AT_INCIDENT,2023-12-21,FIR,0.91
P000742,LOC000076,PRESENT_AT_INCIDENT,2026-05-19,FIR,0.93
P000723,LOC000076,PRESENT_AT_INCIDENT,2026-05-19,FIR,0.79
P000752,LOC000076,PRESENT_AT_INCIDENT,2026-05-19,FIR,0.75
P000670,LOC000049,PRESENT_AT_INCIDENT,2024-10-23,FIR,0.81
P000681,LOC000049,PRESENT_AT_INCIDENT,2024-10-23,FIR,0.98
P000011,LOC000103,PRESENT_AT_INCIDENT,2019-07-22,FIR,0.62
P000111,LOC000069,PRESENT_AT_INCIDENT,2025-01-02,FIR,0.62
P000144,LOC000069,PRESENT_AT_INCIDENT,2025-01-02,FIR,0.68
P000952,LOC000087,PRESENT_AT_INCIDENT,2025-06-08,FIR,0.93
P000905,LOC000087,PRESENT_AT_INCIDENT,2025-06-08,FIR,0.71
P000463,LOC000060,PRESENT_AT_INCIDENT,2026-02-18,FIR,0.69
P000653,LOC000011,PRESENT_AT_INCIDENT,2020-10-08,FIR,0.97
P000637,LOC000011,PRESENT_AT_INCIDENT,2020-10-08,FIR,0.84
P000594,LOC000017,PRESENT_AT_INCIDENT,2025-08-11,FIR,0.65
P000165,LOC000064,PRESENT_AT_INCIDENT,2024-01-17,FIR,0.89
P000151,LOC000064,PRESENT_AT_INCIDENT,2024-01-17,FIR,0.89
P000856,LOC000078,PRESENT_AT_INCIDENT,2024-03-16,FIR,0.64
P000853,LOC000078,PRESENT_AT_INCIDENT,2024-03-16,FIR,0.7
P000302,LOC000047,PRESENT_AT_INCIDENT,2024-06-21,FIR,0.7
P000345,LOC000047,PRESENT_AT_INCIDENT,2024-06-21,FIR,0.88
P000960,LOC000098,PRESENT_AT_INCIDENT,2026-01-22,FIR,0.77
P000906,LOC000098,PRESENT_AT_INCIDENT,2026-01-22,FIR,0.62
P000732,LOC000004,PRESENT_AT_INCIDENT,2026-05-03,FIR,0.81
P000749,LOC000004,PRESENT_AT_INCIDENT,2026-05-03,FIR,0.87
P000759,LOC000004,PRESENT_AT_INCIDENT,2026-05-03,FIR,0.88
P000733,LOC000004,PRESENT_AT_INCIDENT,2026-05-03,FIR,0.63
P000968,LOC000055,PRESENT_AT_INCIDENT,2023-02-21,FIR,0.62
P000913,LOC000055,PRESENT_AT_INCIDENT,2023-02-21,FIR,0.8
P000945,LOC000055,PRESENT_AT_INCIDENT,2023-02-21,FIR,0.78
P000899,LOC000055,PRESENT_AT_INCIDENT,2023-02-21,FIR,0.68
P000749,LOC000020,PRESENT_AT_INCIDENT,2026-06-12,FIR,0.79
P000738,LOC000020,PRESENT_AT_INCIDENT,2026-06-12,FIR,0.92
P000754,LOC000020,PRESENT_AT_INCIDENT,2026-06-12,FIR,0.82
P000409,LOC000103,PRESENT_AT_INCIDENT,2022-12-11,FIR,0.96
P000383,LOC000103,PRESENT_AT_INCIDENT,2022-12-11,FIR,0.95
P000359,LOC000103,PRESENT_AT_INCIDENT,2022-12-11,FIR,0.77
P000742,LOC000071,PRESENT_AT_INCIDENT,2024-01-02,FIR,0.78
P000785,LOC000042,PRESENT_AT_INCIDENT,2020-10-15,FIR,0.74
P000211,LOC000019,PRESENT_AT_INCIDENT,2023-10-14,FIR,0.67
P000164,LOC000068,PRESENT_AT_INCIDENT,2025-06-05,FIR,0.64
P000841,LOC000021,PRESENT_AT_INCIDENT,2026-06-10,FIR,0.76
P000822,LOC000021,PRESENT_AT_INCIDENT,2026-06-10,FIR,0.95
P000881,LOC000117,PRESENT_AT_INCIDENT,2024-10-13,FIR,0.68
P000922,LOC000117,PRESENT_AT_INCIDENT,2024-10-13,FIR,0.74
P000936,LOC000098,PRESENT_AT_INCIDENT,2021-10-19,FIR,0.73
P000935,LOC000098,PRESENT_AT_INCIDENT,2021-10-19,FIR,0.89
P000421,LOC000061,PRESENT_AT_INCIDENT,2021-01-17,FIR,0.66
P000893,LOC000035,PRESENT_AT_INCIDENT,2025-02-03,FIR,0.66
P000914,LOC000035,PRESENT_AT_INCIDENT,2025-02-03,FIR,0.74
P000906,LOC000035,PRESENT_AT_INCIDENT,2025-02-03,FIR,0.67
P000436,LOC000103,PRESENT_AT_INCIDENT,2026-02-15,FIR,0.61
P000424,LOC000103,PRESENT_AT_INCIDENT,2026-02-15,FIR,0.8
P000381,LOC000037,PRESENT_AT_INCIDENT,2023-04-22,FIR,0.67
P000372,LOC000037,PRESENT_AT_INCIDENT,2023-04-22,FIR,0.86
P000440,LOC000115,PRESENT_AT_INCIDENT,2024-12-24,FIR,0.78
P000450,LOC000115,PRESENT_AT_INCIDENT,2024-12-24,FIR,0.63
P000456,LOC000115,PRESENT_AT_INCIDENT,2024-12-24,FIR,0.79
P000458,LOC000115,PRESENT_AT_INCIDENT,2024-12-24,FIR,0.65
P000464,LOC000115,PRESENT_AT_INCIDENT,2024-12-24,FIR,0.72
P000014,LOC000013,PRESENT_AT_INCIDENT,2020-10-26,FIR,0.84
P000041,LOC000013,PRESENT_AT_INCIDENT,2020-10-26,FIR,0.75
P000715,LOC000087,PRESENT_AT_INCIDENT,2026-03-25,FIR,0.9
P000869,LOC000020,PRESENT_AT_INCIDENT,2025-11-10,FIR,0.84
P000864,LOC000020,PRESENT_AT_INCIDENT,2025-11-10,FIR,0.66
P000872,LOC000020,PRESENT_AT_INCIDENT,2025-11-10,FIR,0.74
P000863,LOC000020,PRESENT_AT_INCIDENT,2025-11-10,FIR,0.97
P000847,LOC000020,PRESENT_AT_INCIDENT,2025-11-10,FIR,0.66
P000555,LOC000059,PRESENT_AT_INCIDENT,2026-04-16,FIR,0.61
P000556,LOC000059,PRESENT_AT_INCIDENT,2026-04-16,FIR,0.92
P000311,LOC000085,PRESENT_AT_INCIDENT,2022-06-11,FIR,0.61
P000558,LOC000022,PRESENT_AT_INCIDENT,2026-06-23,FIR,0.83
P000554,LOC000022,PRESENT_AT_INCIDENT,2026-06-23,FIR,0.91
P000582,LOC000114,PRESENT_AT_INCIDENT,2026-02-02,FIR,0.93
P000572,LOC000114,PRESENT_AT_INCIDENT,2026-02-02,FIR,0.95
P000261,LOC000051,PRESENT_AT_INCIDENT,2024-06-14,FIR,0.87
P000238,LOC000051,PRESENT_AT_INCIDENT,2024-06-14,FIR,0.89
P000262,LOC000051,PRESENT_AT_INCIDENT,2024-06-14,FIR,0.72
P000920,LOC000124,PRESENT_AT_INCIDENT,2025-10-18,FIR,0.63
P000991,LOC000124,PRESENT_AT_INCIDENT,2025-10-18,FIR,0.66
P000972,LOC000124,PRESENT_AT_INCIDENT,2025-10-18,FIR,0.67
P000922,LOC000124,PRESENT_AT_INCIDENT,2025-10-18,FIR,0.92
P000911,LOC000124,PRESENT_AT_INCIDENT,2025-10-18,FIR,0.91
P000747,LOC000103,PRESENT_AT_INCIDENT,2025-06-24,FIR,0.78
P000751,LOC000103,PRESENT_AT_INCIDENT,2025-06-24,FIR,0.9
P000104,LOC000016,PRESENT_AT_INCIDENT,2024-08-20,FIR,0.83
P000139,LOC000016,PRESENT_AT_INCIDENT,2024-08-20,FIR,0.67
P000147,LOC000016,PRESENT_AT_INCIDENT,2024-08-20,FIR,0.82
P000877,LOC000079,PRESENT_AT_INCIDENT,2024-12-13,FIR,0.64
P000871,LOC000079,PRESENT_AT_INCIDENT,2024-12-13,FIR,0.88
P000533,LOC000070,PRESENT_AT_INCIDENT,2021-01-21,FIR,0.66
P000522,LOC000070,PRESENT_AT_INCIDENT,2021-01-21,FIR,0.89
P000551,LOC000070,PRESENT_AT_INCIDENT,2021-01-21,FIR,0.61
P000493,LOC000053,PRESENT_AT_INCIDENT,2025-04-29,FIR,0.92
P000473,LOC000053,PRESENT_AT_INCIDENT,2025-04-29,FIR,0.77
P000477,LOC000053,PRESENT_AT_INCIDENT,2025-04-29,FIR,0.63
P000402,LOC000036,PRESENT_AT_INCIDENT,2022-04-17,FIR,0.95
P000405,LOC000036,PRESENT_AT_INCIDENT,2022-04-17,FIR,0.73
P000964,LOC000119,PRESENT_AT_INCIDENT,2026-05-26,FIR,0.6
P000856,LOC000078,PRESENT_AT_INCIDENT,2024-12-05,FIR,0.71
P000854,LOC000078,PRESENT_AT_INCIDENT,2024-12-05,FIR,0.67
P000848,LOC000078,PRESENT_AT_INCIDENT,2024-12-05,FIR,0.89
P000212,LOC000028,PRESENT_AT_INCIDENT,2025-12-28,FIR,0.72
P000282,LOC000028,PRESENT_AT_INCIDENT,2025-12-28,FIR,0.83
P000276,LOC000028,PRESENT_AT_INCIDENT,2025-12-28,FIR,0.84
P000719,LOC000009,PRESENT_AT_INCIDENT,2026-02-03,FIR,0.72
P000756,LOC000009,PRESENT_AT_INCIDENT,2026-02-03,FIR,0.69
P000752,LOC000076,PRESENT_AT_INCIDENT,2024-07-23,FIR,0.64
P000734,LOC000076,PRESENT_AT_INCIDENT,2024-07-23,FIR,0.83
P000211,LOC000026,PRESENT_AT_INCIDENT,2024-12-28,FIR,0.82
P000201,LOC000026,PRESENT_AT_INCIDENT,2024-12-28,FIR,0.66
P000217,LOC000026,PRESENT_AT_INCIDENT,2024-12-28,FIR,0.96
P000227,LOC000026,PRESENT_AT_INCIDENT,2024-12-28,FIR,0.82
P000851,LOC000079,PRESENT_AT_INCIDENT,2026-04-22,FIR,0.85
P000863,LOC000079,PRESENT_AT_INCIDENT,2026-04-22,FIR,0.88
P000845,LOC000003,PRESENT_AT_INCIDENT,2026-05-14,FIR,0.62
P000743,LOC000004,PRESENT_AT_INCIDENT,2025-04-01,FIR,0.66
P000728,LOC000004,PRESENT_AT_INCIDENT,2025-04-01,FIR,0.91
P000776,LOC000016,PRESENT_AT_INCIDENT,2025-04-18,FIR,0.83
P000965,LOC000123,PRESENT_AT_INCIDENT,2022-02-21,FIR,0.93
P000889,LOC000123,PRESENT_AT_INCIDENT,2022-02-21,FIR,0.77
P000933,LOC000123,PRESENT_AT_INCIDENT,2022-02-21,FIR,0.91
P000950,LOC000123,PRESENT_AT_INCIDENT,2022-02-21,FIR,0.97
P000999,LOC000123,PRESENT_AT_INCIDENT,2022-02-21,FIR,0.97
P000861,LOC000015,PRESENT_AT_INCIDENT,2020-09-16,FIR,0.98
P000865,LOC000015,PRESENT_AT_INCIDENT,2020-09-16,FIR,0.72
P000667,LOC000045,PRESENT_AT_INCIDENT,2025-06-29,FIR,0.82
P000679,LOC000045,PRESENT_AT_INCIDENT,2025-06-29,FIR,0.66
P000103,LOC000069,PRESENT_AT_INCIDENT,2022-11-03,FIR,0.76
P000169,LOC000069,PRESENT_AT_INCIDENT,2022-11-03,FIR,0.76
P000719,LOC000014,PRESENT_AT_INCIDENT,2024-07-13,FIR,0.93
P000724,LOC000014,PRESENT_AT_INCIDENT,2024-07-13,FIR,0.61
P000756,LOC000014,PRESENT_AT_INCIDENT,2024-07-13,FIR,0.83
P000758,LOC000014,PRESENT_AT_INCIDENT,2024-07-13,FIR,0.79
P000718,LOC000014,PRESENT_AT_INCIDENT,2024-07-13,FIR,0.89
P000837,LOC000017,PRESENT_AT_INCIDENT,2026-04-20,FIR,0.86
P000839,LOC000017,PRESENT_AT_INCIDENT,2026-04-20,FIR,0.72
P000811,LOC000017,PRESENT_AT_INCIDENT,2026-04-20,FIR,0.61
P000998,LOC000054,PRESENT_AT_INCIDENT,2025-11-10,FIR,0.78
P000976,LOC000054,PRESENT_AT_INCIDENT,2025-11-10,FIR,0.86
P000892,LOC000054,PRESENT_AT_INCIDENT,2025-11-10,FIR,0.83
P000904,LOC000054,PRESENT_AT_INCIDENT,2025-11-10,FIR,0.89
P000849,LOC000088,PRESENT_AT_INCIDENT,2023-12-16,FIR,0.79
P000850,LOC000088,PRESENT_AT_INCIDENT,2023-12-16,FIR,0.78
P000878,LOC000088,PRESENT_AT_INCIDENT,2023-12-16,FIR,0.85
P000163,LOC000019,PRESENT_AT_INCIDENT,2020-08-07,FIR,0.69
P000094,LOC000019,PRESENT_AT_INCIDENT,2020-08-07,FIR,0.73
P000644,LOC000097,PRESENT_AT_INCIDENT,2024-12-04,FIR,0.64
P000641,LOC000097,PRESENT_AT_INCIDENT,2024-12-04,FIR,0.91
P000649,LOC000097,PRESENT_AT_INCIDENT,2024-12-04,FIR,0.74
P000659,LOC000097,PRESENT_AT_INCIDENT,2024-12-04,FIR,0.97
P000829,LOC000062,PRESENT_AT_INCIDENT,2024-07-07,FIR,0.89
P000824,LOC000062,PRESENT_AT_INCIDENT,2024-07-07,FIR,0.95
P000803,LOC000062,PRESENT_AT_INCIDENT,2024-07-07,FIR,0.78
P000659,LOC000122,PRESENT_AT_INCIDENT,2023-11-14,FIR,0.81
P000307,LOC000105,PRESENT_AT_INCIDENT,2019-06-11,FIR,0.78
P000782,LOC000045,PRESENT_AT_INCIDENT,2020-12-25,FIR,0.73
P000771,LOC000045,PRESENT_AT_INCIDENT,2020-12-25,FIR,0.95
P000785,LOC000045,PRESENT_AT_INCIDENT,2020-12-25,FIR,0.94
P000795,LOC000045,PRESENT_AT_INCIDENT,2020-12-25,FIR,0.68
P000744,LOC000084,PRESENT_AT_INCIDENT,2022-05-31,FIR,0.65
P000738,LOC000084,PRESENT_AT_INCIDENT,2022-05-31,FIR,0.67
P000072,LOC000103,PRESENT_AT_INCIDENT,2025-01-13,FIR,0.92
P000030,LOC000103,PRESENT_AT_INCIDENT,2025-01-13,FIR,0.98
P000823,LOC000079,PRESENT_AT_INCIDENT,2026-05-28,FIR,0.83
P000806,LOC000079,PRESENT_AT_INCIDENT,2026-05-28,FIR,0.92
P000819,LOC000079,PRESENT_AT_INCIDENT,2026-05-28,FIR,0.9
P000810,LOC000079,PRESENT_AT_INCIDENT,2026-05-28,FIR,0.83
P000828,LOC000079,PRESENT_AT_INCIDENT,2026-05-28,FIR,0.95
P000822,LOC000079,PRESENT_AT_INCIDENT,2026-05-28,FIR,0.85
P000840,LOC000079,PRESENT_AT_INCIDENT,2026-05-28,FIR,0.97
P000084,LOC000016,PRESENT_AT_INCIDENT,2026-02-14,FIR,0.79
P000528,LOC000061,PRESENT_AT_INCIDENT,2023-02-12,FIR,0.79
P000521,LOC000061,PRESENT_AT_INCIDENT,2023-02-12,FIR,0.73
P000958,LOC000077,PRESENT_AT_INCIDENT,2023-10-05,FIR,0.75
P000909,LOC000077,PRESENT_AT_INCIDENT,2023-10-05,FIR,0.73
P000938,LOC000077,PRESENT_AT_INCIDENT,2023-10-05,FIR,0.91
P000954,LOC000077,PRESENT_AT_INCIDENT,2023-10-05,FIR,0.93
P000892,LOC000077,PRESENT_AT_INCIDENT,2023-10-05,FIR,0.61
P000967,LOC000077,PRESENT_AT_INCIDENT,2023-10-05,FIR,0.71
P000891,LOC000077,PRESENT_AT_INCIDENT,2023-10-05,FIR,0.88
P000715,LOC000075,PRESENT_AT_INCIDENT,2019-10-09,FIR,0.67
P000755,LOC000075,PRESENT_AT_INCIDENT,2019-10-09,FIR,0.65
P000748,LOC000075,PRESENT_AT_INCIDENT,2019-10-09,FIR,0.95
P000713,LOC000075,PRESENT_AT_INCIDENT,2019-10-09,FIR,0.82
P000036,LOC000075,PRESENT_AT_INCIDENT,2023-08-15,FIR,0.87
P000021,LOC000075,PRESENT_AT_INCIDENT,2023-08-15,FIR,0.91
P000034,LOC000075,PRESENT_AT_INCIDENT,2023-08-15,FIR,0.8
P000041,LOC000075,PRESENT_AT_INCIDENT,2023-08-15,FIR,0.89
P000989,LOC000029,PRESENT_AT_INCIDENT,2026-02-28,FIR,0.84
P000883,LOC000029,PRESENT_AT_INCIDENT,2026-02-28,FIR,0.63
P000927,LOC000029,PRESENT_AT_INCIDENT,2026-02-28,FIR,0.92
P000976,LOC000029,PRESENT_AT_INCIDENT,2026-02-28,FIR,0.85
P000889,LOC000029,PRESENT_AT_INCIDENT,2026-02-28,FIR,0.69
P000902,LOC000050,PRESENT_AT_INCIDENT,2025-08-07,FIR,0.91
P000888,LOC000050,PRESENT_AT_INCIDENT,2025-08-07,FIR,0.97
P000977,LOC000050,PRESENT_AT_INCIDENT,2025-08-07,FIR,0.88
P000724,LOC000076,PRESENT_AT_INCIDENT,2026-05-13,FIR,0.75
P000743,LOC000076,PRESENT_AT_INCIDENT,2026-05-13,FIR,0.9
P000750,LOC000076,PRESENT_AT_INCIDENT,2026-05-13,FIR,0.69
P000718,LOC000076,PRESENT_AT_INCIDENT,2026-05-13,FIR,0.77
P000516,LOC000001,PRESENT_AT_INCIDENT,2021-05-01,FIR,0.72
P000476,LOC000001,PRESENT_AT_INCIDENT,2021-05-01,FIR,0.67
P000917,LOC000036,PRESENT_AT_INCIDENT,2024-05-01,FIR,0.81
P000948,LOC000036,PRESENT_AT_INCIDENT,2024-05-01,FIR,0.72
P000983,LOC000036,PRESENT_AT_INCIDENT,2024-05-01,FIR,0.74
P000903,LOC000036,PRESENT_AT_INCIDENT,2024-05-01,FIR,0.65
P000928,LOC000036,PRESENT_AT_INCIDENT,2024-05-01,FIR,0.66
P000902,LOC000032,PRESENT_AT_INCIDENT,2023-12-03,FIR,0.9
P000911,LOC000032,PRESENT_AT_INCIDENT,2023-12-03,FIR,0.85
P000056,LOC000099,PRESENT_AT_INCIDENT,2020-01-19,FIR,0.7
P000077,LOC000099,PRESENT_AT_INCIDENT,2020-01-19,FIR,0.88
P000460,LOC000016,PRESENT_AT_INCIDENT,2026-02-05,FIR,0.66
P000018,LOC000103,PRESENT_AT_INCIDENT,2024-02-29,FIR,0.81
P000499,LOC000053,PRESENT_AT_INCIDENT,2022-06-30,FIR,0.68
P000505,LOC000053,PRESENT_AT_INCIDENT,2022-06-30,FIR,0.83
P000509,LOC000053,PRESENT_AT_INCIDENT,2022-06-30,FIR,0.76
P000497,LOC000053,PRESENT_AT_INCIDENT,2022-06-30,FIR,0.85
P000489,LOC000053,PRESENT_AT_INCIDENT,2022-06-30,FIR,0.9
P000865,LOC000048,PRESENT_AT_INCIDENT,2026-03-15,FIR,0.69
P000866,LOC000048,PRESENT_AT_INCIDENT,2026-03-15,FIR,0.9
P000849,LOC000048,PRESENT_AT_INCIDENT,2026-03-15,FIR,0.95
P000846,LOC000048,PRESENT_AT_INCIDENT,2026-03-15,FIR,0.85
P000848,LOC000048,PRESENT_AT_INCIDENT,2026-03-15,FIR,0.95
P000893,LOC000113,PRESENT_AT_INCIDENT,2022-01-09,FIR,0.89
P000991,LOC000113,PRESENT_AT_INCIDENT,2022-01-09,FIR,0.77
P000903,LOC000113,PRESENT_AT_INCIDENT,2022-01-09,FIR,0.74
P000531,LOC000040,PRESENT_AT_INCIDENT,2026-03-29,FIR,0.88
P000550,LOC000040,PRESENT_AT_INCIDENT,2026-03-29,FIR,0.91
P000962,LOC000099,PRESENT_AT_INCIDENT,2024-06-27,FIR,0.96
P000079,LOC000075,PRESENT_AT_INCIDENT,2022-06-27,FIR,0.61
P000944,LOC000069,PRESENT_AT_INCIDENT,2025-12-13,FIR,0.67
P000328,LOC000051,PRESENT_AT_INCIDENT,2022-12-06,FIR,0.97
P000305,LOC000051,PRESENT_AT_INCIDENT,2022-12-06,FIR,0.73
P000356,LOC000051,PRESENT_AT_INCIDENT,2022-12-06,FIR,0.83
P000097,LOC000056,PRESENT_AT_INCIDENT,2024-05-19,FIR,0.72
P000953,LOC000108,PRESENT_AT_INCIDENT,2024-03-07,FIR,0.82
P000935,LOC000108,PRESENT_AT_INCIDENT,2024-03-07,FIR,0.65
P000994,LOC000108,PRESENT_AT_INCIDENT,2024-03-07,FIR,0.77
P000952,LOC000108,PRESENT_AT_INCIDENT,2024-03-07,FIR,0.61
P000774,LOC000038,PRESENT_AT_INCIDENT,2026-03-31,FIR,0.73
P000792,LOC000038,PRESENT_AT_INCIDENT,2026-03-31,FIR,0.71
P000768,LOC000038,PRESENT_AT_INCIDENT,2026-03-31,FIR,0.79
P000798,LOC000027,PRESENT_AT_INCIDENT,2026-02-14,FIR,0.65
P000799,LOC000027,PRESENT_AT_INCIDENT,2026-02-14,FIR,0.95
P000769,LOC000029,PRESENT_AT_INCIDENT,2024-05-17,FIR,0.73
P000785,LOC000029,PRESENT_AT_INCIDENT,2024-05-17,FIR,0.64
P000766,LOC000029,PRESENT_AT_INCIDENT,2024-05-17,FIR,0.62
P000763,LOC000084,PRESENT_AT_INCIDENT,2022-03-09,FIR,0.77
P000744,LOC000084,PRESENT_AT_INCIDENT,2022-03-09,FIR,0.8
P000730,LOC000084,PRESENT_AT_INCIDENT,2022-03-09,FIR,0.6
P000715,LOC000084,PRESENT_AT_INCIDENT,2022-03-09,FIR,0.76
P000757,LOC000084,PRESENT_AT_INCIDENT,2022-03-09,FIR,0.78
P000762,LOC000021,PRESENT_AT_INCIDENT,2026-03-19,FIR,0.8
P000717,LOC000021,PRESENT_AT_INCIDENT,2026-03-19,FIR,0.69
P000040,LOC000100,PRESENT_AT_INCIDENT,2026-02-08,FIR,0.91
P000593,LOC000037,PRESENT_AT_INCIDENT,2026-02-05,FIR,0.86
P000605,LOC000037,PRESENT_AT_INCIDENT,2026-02-05,FIR,0.84
P000460,LOC000049,PRESENT_AT_INCIDENT,2026-06-15,FIR,0.61
P000229,LOC000037,PRESENT_AT_INCIDENT,2024-12-28,FIR,0.86
P000206,LOC000037,PRESENT_AT_INCIDENT,2024-12-28,FIR,0.87
P000291,LOC000049,PRESENT_AT_INCIDENT,2026-06-29,FIR,0.82
P000334,LOC000049,PRESENT_AT_INCIDENT,2026-06-29,FIR,0.81
P000290,LOC000049,PRESENT_AT_INCIDENT,2026-06-29,FIR,0.7
P000336,LOC000049,PRESENT_AT_INCIDENT,2026-06-29,FIR,0.61
P000309,LOC000049,PRESENT_AT_INCIDENT,2026-06-29,FIR,0.97
P000332,LOC000049,PRESENT_AT_INCIDENT,2026-06-29,FIR,0.66
P000320,LOC000049,PRESENT_AT_INCIDENT,2026-06-29,FIR,0.64
P000277,LOC000032,PRESENT_AT_INCIDENT,2022-07-01,FIR,0.63
P000285,LOC000032,PRESENT_AT_INCIDENT,2022-07-01,FIR,0.83
P000276,LOC000032,PRESENT_AT_INCIDENT,2022-07-01,FIR,0.64
P000263,LOC000032,PRESENT_AT_INCIDENT,2022-07-01,FIR,0.89
P000200,LOC000032,PRESENT_AT_INCIDENT,2022-07-01,FIR,0.92
P000205,LOC000032,PRESENT_AT_INCIDENT,2022-07-01,FIR,0.74
P000264,LOC000032,PRESENT_AT_INCIDENT,2022-07-01,FIR,0.9
P000846,LOC000098,PRESENT_AT_INCIDENT,2025-10-08,FIR,0.96
P000874,LOC000098,PRESENT_AT_INCIDENT,2025-10-08,FIR,0.93
P000867,LOC000098,PRESENT_AT_INCIDENT,2025-10-08,FIR,0.96
P000871,LOC000098,PRESENT_AT_INCIDENT,2025-10-08,FIR,0.93
P000847,LOC000098,PRESENT_AT_INCIDENT,2025-10-08,FIR,0.6
P000167,LOC000120,PRESENT_AT_INCIDENT,2024-07-04,FIR,0.65
P000162,LOC000120,PRESENT_AT_INCIDENT,2024-07-04,FIR,0.86
P000100,LOC000120,PRESENT_AT_INCIDENT,2024-07-04,FIR,0.73
P000098,LOC000120,PRESENT_AT_INCIDENT,2024-07-04,FIR,0.85
P000873,LOC000114,PRESENT_AT_INCIDENT,2025-02-15,FIR,0.62
P000876,LOC000114,PRESENT_AT_INCIDENT,2025-02-15,FIR,0.67
P000847,LOC000114,PRESENT_AT_INCIDENT,2025-02-15,FIR,0.67
P000868,LOC000114,PRESENT_AT_INCIDENT,2025-02-15,FIR,0.86
P000851,LOC000114,PRESENT_AT_INCIDENT,2025-02-15,FIR,0.62
P000863,LOC000114,PRESENT_AT_INCIDENT,2025-02-15,FIR,0.75
P000869,LOC000114,PRESENT_AT_INCIDENT,2025-02-15,FIR,0.88
P000924,LOC000070,PRESENT_AT_INCIDENT,2023-01-05,FIR,0.78
P000424,LOC000041,PRESENT_AT_INCIDENT,2022-10-03,FIR,0.85
P000431,LOC000041,PRESENT_AT_INCIDENT,2022-10-03,FIR,0.86
P000425,LOC000041,PRESENT_AT_INCIDENT,2022-10-03,FIR,0.61
P000419,LOC000041,PRESENT_AT_INCIDENT,2022-10-03,FIR,0.88
P000434,LOC000041,PRESENT_AT_INCIDENT,2022-10-03,FIR,0.86
P000948,LOC000124,PRESENT_AT_INCIDENT,2024-04-24,FIR,0.91
P000887,LOC000124,PRESENT_AT_INCIDENT,2024-04-24,FIR,0.9
P000991,LOC000124,PRESENT_AT_INCIDENT,2024-04-24,FIR,0.64
P000431,LOC000015,PRESENT_AT_INCIDENT,2026-06-11,FIR,0.69
P000457,LOC000015,PRESENT_AT_INCIDENT,2026-06-11,FIR,0.76
P000857,LOC000016,PRESENT_AT_INCIDENT,2024-10-08,FIR,0.94
P000868,LOC000016,PRESENT_AT_INCIDENT,2024-10-08,FIR,0.96
P000863,LOC000016,PRESENT_AT_INCIDENT,2024-10-08,FIR,0.88
P000117,LOC000062,PRESENT_AT_INCIDENT,2025-12-28,FIR,0.62
P000128,LOC000062,PRESENT_AT_INCIDENT,2025-12-28,FIR,0.69
P000163,LOC000062,PRESENT_AT_INCIDENT,2025-12-28,FIR,0.65
P000172,LOC000062,PRESENT_AT_INCIDENT,2025-12-28,FIR,0.75
P000164,LOC000062,PRESENT_AT_INCIDENT,2025-12-28,FIR,0.79
P000914,LOC000043,PRESENT_AT_INCIDENT,2024-11-23,FIR,0.81
P000978,LOC000043,PRESENT_AT_INCIDENT,2024-11-23,FIR,0.92
P000442,LOC000113,PRESENT_AT_INCIDENT,2020-08-15,FIR,0.62
P000967,LOC000078,PRESENT_AT_INCIDENT,2023-01-19,FIR,0.62
P000188,LOC000027,PRESENT_AT_INCIDENT,2023-11-06,FIR,0.69
P000255,LOC000027,PRESENT_AT_INCIDENT,2023-11-06,FIR,0.92
P000120,LOC000069,PRESENT_AT_INCIDENT,2025-11-15,FIR,0.7
P000135,LOC000069,PRESENT_AT_INCIDENT,2025-11-15,FIR,0.97
P000154,LOC000069,PRESENT_AT_INCIDENT,2025-11-15,FIR,0.92
P000114,LOC000069,PRESENT_AT_INCIDENT,2025-11-15,FIR,0.81
P000760,LOC000101,PRESENT_AT_INCIDENT,2021-11-01,FIR,0.97
P000735,LOC000101,PRESENT_AT_INCIDENT,2021-11-01,FIR,0.8
P000726,LOC000101,PRESENT_AT_INCIDENT,2021-11-01,FIR,0.95
P000776,LOC000051,PRESENT_AT_INCIDENT,2021-10-01,FIR,0.8
P000767,LOC000051,PRESENT_AT_INCIDENT,2021-10-01,FIR,0.76
P000727,LOC000086,PRESENT_AT_INCIDENT,2026-04-01,FIR,0.84
P000733,LOC000086,PRESENT_AT_INCIDENT,2026-04-01,FIR,0.83
P000784,LOC000037,PRESENT_AT_INCIDENT,2024-01-01,FIR,0.68
P000780,LOC000037,PRESENT_AT_INCIDENT,2024-01-01,FIR,0.85
P000790,LOC000037,PRESENT_AT_INCIDENT,2024-01-01,FIR,0.65
P000768,LOC000037,PRESENT_AT_INCIDENT,2024-01-01,FIR,0.9
P000680,LOC000035,PRESENT_AT_INCIDENT,2023-07-21,FIR,0.92
P000677,LOC000035,PRESENT_AT_INCIDENT,2023-07-21,FIR,0.84
P000847,LOC000117,PRESENT_AT_INCIDENT,2024-08-17,FIR,0.81
P000880,LOC000117,PRESENT_AT_INCIDENT,2024-08-17,FIR,0.77
P000874,LOC000117,PRESENT_AT_INCIDENT,2024-08-17,FIR,0.92
P000558,LOC000032,PRESENT_AT_INCIDENT,2018-11-26,FIR,0.9
P000535,LOC000032,PRESENT_AT_INCIDENT,2018-11-26,FIR,0.61
P000545,LOC000032,PRESENT_AT_INCIDENT,2018-11-26,FIR,0.74
P000531,LOC000032,PRESENT_AT_INCIDENT,2018-11-26,FIR,0.79
P000544,LOC000032,PRESENT_AT_INCIDENT,2018-11-26,FIR,0.78
P000748,LOC000018,PRESENT_AT_INCIDENT,2026-05-27,FIR,0.84
P000738,LOC000018,PRESENT_AT_INCIDENT,2026-05-27,FIR,0.92
P000680,LOC000125,SURVEILLANCE_SIGHTING,2025-06-24,INFORMANT_TIP,0.63
P000595,LOC000125,TOWER_DUMP_PRESENCE,2025-06-24,TOWER_DUMP,0.65
P000760,LOC000078,SURVEILLANCE_SIGHTING,2019-11-22,INFORMANT_TIP,0.56
P000820,LOC000078,SURVEILLANCE_SIGHTING,2019-11-22,SURVEILLANCE_REPORT,0.51
P000851,LOC000100,TOWER_DUMP_PRESENCE,2023-02-22,INFORMANT_TIP,0.6
P000303,LOC000100,SURVEILLANCE_SIGHTING,2023-02-22,SURVEILLANCE_REPORT,0.85
P000135,LOC000095,SURVEILLANCE_SIGHTING,2019-03-03,SURVEILLANCE_REPORT,0.66
P000452,LOC000095,TOWER_DUMP_PRESENCE,2019-03-03,TOWER_DUMP,0.78
P000496,LOC000025,SURVEILLANCE_SIGHTING,2020-09-12,SURVEILLANCE_REPORT,0.59
P000212,LOC000025,HOTEL_STAY,2020-09-12,SURVEILLANCE_REPORT,0.55
P000397,LOC000125,TOWER_DUMP_PRESENCE,2019-09-21,INFORMANT_TIP,0.77
P000525,LOC000125,HOTEL_STAY,2019-09-21,INFORMANT_TIP,0.87
P000387,LOC000091,TOWER_DUMP_PRESENCE,2019-07-18,TOWER_DUMP,0.82
P000623,LOC000091,TOWER_DUMP_PRESENCE,2019-07-18,TOWER_DUMP,0.86
P000657,LOC000045,SURVEILLANCE_SIGHTING,2024-07-11,INFORMANT_TIP,0.68
P000397,LOC000045,HOTEL_STAY,2024-07-11,TOWER_DUMP,0.64
P000364,LOC000105,HOTEL_STAY,2020-07-10,TOWER_DUMP,0.55
P000854,LOC000105,TOWER_DUMP_PRESENCE,2020-07-10,TOWER_DUMP,0.77
P000399,LOC000069,SURVEILLANCE_SIGHTING,2019-09-16,TOWER_DUMP,0.73
P000721,LOC000069,HOTEL_STAY,2019-09-16,SURVEILLANCE_REPORT,0.67
P000795,LOC000101,HOTEL_STAY,2020-06-09,SURVEILLANCE_REPORT,0.66
P000834,LOC000101,HOTEL_STAY,2020-06-09,INFORMANT_TIP,0.86
P000825,LOC000053,HOTEL_STAY,2018-04-08,INFORMANT_TIP,0.64
P000083,LOC000053,SURVEILLANCE_SIGHTING,2018-04-08,INFORMANT_TIP,0.73
P000600,LOC000057,TOWER_DUMP_PRESENCE,2020-09-12,SURVEILLANCE_REPORT,0.69
P000855,LOC000057,SURVEILLANCE_SIGHTING,2020-09-12,TOWER_DUMP,0.54
P000712,LOC000089,HOTEL_STAY,2019-10-20,INFORMANT_TIP,0.59
P000779,LOC000089,HOTEL_STAY,2019-10-20,TOWER_DUMP,0.75
P000257,LOC000108,TOWER_DUMP_PRESENCE,2026-03-11,TOWER_DUMP,0.85
P000856,LOC000108,SURVEILLANCE_SIGHTING,2026-03-11,SURVEILLANCE_REPORT,0.77
P000749,LOC000079,HOTEL_STAY,2018-10-26,INFORMANT_TIP,0.77
P000532,LOC000079,SURVEILLANCE_SIGHTING,2018-10-26,SURVEILLANCE_REPORT,0.6
P000248,LOC000102,TOWER_DUMP_PRESENCE,2023-01-13,INFORMANT_TIP,0.64
P000813,LOC000102,TOWER_DUMP_PRESENCE,2023-01-13,SURVEILLANCE_REPORT,0.85
P000574,LOC000045,TOWER_DUMP_PRESENCE,2020-04-26,TOWER_DUMP,0.57
P000853,LOC000045,SURVEILLANCE_SIGHTING,2020-04-26,TOWER_DUMP,0.89
P000385,LOC000094,HOTEL_STAY,2025-10-22,INFORMANT_TIP,0.77
P000428,LOC000094,SURVEILLANCE_SIGHTING,2025-10-22,TOWER_DUMP,0.56
P000739,LOC000021,HOTEL_STAY,2022-08-04,TOWER_DUMP,0.8
P000471,LOC000021,SURVEILLANCE_SIGHTING,2022-08-04,SURVEILLANCE_REPORT,0.79
P000232,LOC000115,TOWER_DUMP_PRESENCE,2021-11-01,INFORMANT_TIP,0.64
P000626,LOC000115,HOTEL_STAY,2021-11-01,INFORMANT_TIP,0.79
P000834,LOC000001,TOWER_DUMP_PRESENCE,2020-04-11,INFORMANT_TIP,0.69
P000371,LOC000001,SURVEILLANCE_SIGHTING,2020-04-11,SURVEILLANCE_REPORT,0.66
P000230,LOC000010,SURVEILLANCE_SIGHTING,2023-04-20,INFORMANT_TIP,0.5
P000795,LOC000010,HOTEL_STAY,2023-04-20,SURVEILLANCE_REPORT,0.8
P000134,LOC000046,TOWER_DUMP_PRESENCE,2022-12-25,SURVEILLANCE_REPORT,0.7
P000214,LOC000046,SURVEILLANCE_SIGHTING,2022-12-25,INFORMANT_TIP,0.78
P000009,LOC000028,HOTEL_STAY,2018-01-27,TOWER_DUMP,0.82
P000779,LOC000028,TOWER_DUMP_PRESENCE,2018-01-27,SURVEILLANCE_REPORT,0.72
P000343,LOC000096,TOWER_DUMP_PRESENCE,2021-05-02,SURVEILLANCE_REPORT,0.55
P000790,LOC000096,HOTEL_STAY,2021-05-02,TOWER_DUMP,0.85
P000228,LOC000014,SURVEILLANCE_SIGHTING,2025-04-14,INFORMANT_TIP,0.89
P000526,LOC000014,TOWER_DUMP_PRESENCE,2025-04-14,SURVEILLANCE_REPORT,0.74
P000369,LOC000003,HOTEL_STAY,2020-06-07,TOWER_DUMP,0.64
P000815,LOC000003,HOTEL_STAY,2020-06-07,SURVEILLANCE_REPORT,0.89
P000745,LOC000048,TOWER_DUMP_PRESENCE,2023-12-16,INFORMANT_TIP,0.53
P000310,LOC000048,SURVEILLANCE_SIGHTING,2023-12-16,TOWER_DUMP,0.52
P000745,LOC000082,HOTEL_STAY,2025-12-12,INFORMANT_TIP,0.6
P000376,LOC000082,SURVEILLANCE_SIGHTING,2025-12-12,SURVEILLANCE_REPORT,0.72
P000753,LOC000079,TOWER_DUMP_PRESENCE,2020-06-23,SURVEILLANCE_REPORT,0.53
P000625,LOC000079,SURVEILLANCE_SIGHTING,2020-06-23,TOWER_DUMP,0.88
P000283,LOC000004,SURVEILLANCE_SIGHTING,2026-02-09,INFORMANT_TIP,0.72
P000822,LOC000004,HOTEL_STAY,2026-02-09,SURVEILLANCE_REPORT,0.75
P000700,LOC000084,HOTEL_STAY,2020-12-28,SURVEILLANCE_REPORT,0.74
P000477,LOC000084,SURVEILLANCE_SIGHTING,2020-12-28,TOWER_DUMP,0.65
P000374,LOC000088,HOTEL_STAY,2020-09-08,SURVEILLANCE_REPORT,0.9
P000861,LOC000088,HOTEL_STAY,2020-09-08,INFORMANT_TIP,0.59
P000691,LOC000040,HOTEL_STAY,2022-07-17,TOWER_DUMP,0.6
P000178,LOC000040,TOWER_DUMP_PRESENCE,2022-07-17,TOWER_DUMP,0.6
P000648,LOC000027,SURVEILLANCE_SIGHTING,2022-06-17,TOWER_DUMP,0.73
P000420,LOC000027,HOTEL_STAY,2022-06-17,SURVEILLANCE_REPORT,0.86
P000735,LOC000007,SURVEILLANCE_SIGHTING,2021-06-07,INFORMANT_TIP,0.52
P000083,LOC000007,TOWER_DUMP_PRESENCE,2021-06-07,INFORMANT_TIP,0.78
P000780,LOC000061,HOTEL_STAY,2026-06-09,INFORMANT_TIP,0.61
P000293,LOC000061,TOWER_DUMP_PRESENCE,2026-06-09,TOWER_DUMP,0.53
P000483,LOC000117,HOTEL_STAY,2023-07-05,TOWER_DUMP,0.7
P000854,LOC000117,TOWER_DUMP_PRESENCE,2023-07-05,SURVEILLANCE_REPORT,0.75
P000669,LOC000080,HOTEL_STAY,2026-06-13,INFORMANT_TIP,0.69
P000190,LOC000080,TOWER_DUMP_PRESENCE,2026-06-13,TOWER_DUMP,0.51
P000097,LOC000102,TOWER_DUMP_PRESENCE,2024-05-12,INFORMANT_TIP,0.69
P000702,LOC000102,TOWER_DUMP_PRESENCE,2024-05-12,SURVEILLANCE_REPORT,0.63
P000039,LOC000099,SURVEILLANCE_SIGHTING,2025-05-09,INFORMANT_TIP,0.77
P000754,LOC000099,SURVEILLANCE_SIGHTING,2025-05-09,SURVEILLANCE_REPORT,0.69
P000851,LOC000019,SURVEILLANCE_SIGHTING,2024-07-19,TOWER_DUMP,0.52
P000421,LOC000019,SURVEILLANCE_SIGHTING,2024-07-19,TOWER_DUMP,0.61
P000792,LOC000098,SURVEILLANCE_SIGHTING,2024-10-21,SURVEILLANCE_REPORT,0.66
P000628,LOC000098,TOWER_DUMP_PRESENCE,2024-10-21,INFORMANT_TIP,0.75
P000506,LOC000005,TOWER_DUMP_PRESENCE,2019-02-21,SURVEILLANCE_REPORT,0.65
P000801,LOC000005,HOTEL_STAY,2019-02-21,INFORMANT_TIP,0.72
P000114,LOC000031,HOTEL_STAY,2020-02-08,INFORMANT_TIP,0.64
P000309,LOC000031,HOTEL_STAY,2020-02-08,SURVEILLANCE_REPORT,0.66
P000223,LOC000071,TOWER_DUMP_PRESENCE,2019-11-06,TOWER_DUMP,0.89
P000049,LOC000071,SURVEILLANCE_SIGHTING,2019-11-06,SURVEILLANCE_REPORT,0.8
P000830,LOC000114,SURVEILLANCE_SIGHTING,2021-06-27,TOWER_DUMP,0.84
P000534,LOC000114,SURVEILLANCE_SIGHTING,2021-06-27,INFORMANT_TIP,0.64
P000532,LOC000085,TOWER_DUMP_PRESENCE,2026-03-22,TOWER_DUMP,0.57
P000422,LOC000085,SURVEILLANCE_SIGHTING,2026-03-22,TOWER_DUMP,0.75
P000332,LOC000102,SURVEILLANCE_SIGHTING,2023-10-24,SURVEILLANCE_REPORT,0.89
P000580,LOC000102,HOTEL_STAY,2023-10-24,INFORMANT_TIP,0.56
P000350,LOC000041,TOWER_DUMP_PRESENCE,2020-04-23,SURVEILLANCE_REPORT,0.81
P000386,LOC000041,TOWER_DUMP_PRESENCE,2020-04-23,SURVEILLANCE_REPORT,0.62
P000120,LOC000010,SURVEILLANCE_SIGHTING,2019-06-22,TOWER_DUMP,0.8
P000189,LOC000010,TOWER_DUMP_PRESENCE,2019-06-22,SURVEILLANCE_REPORT,0.65
P000403,LOC000017,TOWER_DUMP_PRESENCE,2024-04-03,SURVEILLANCE_REPORT,0.75
P000159,LOC000017,SURVEILLANCE_SIGHTING,2024-04-03,INFORMANT_TIP,0.52
P000494,LOC000077,HOTEL_STAY,2025-06-11,TOWER_DUMP,0.86
P000555,LOC000077,HOTEL_STAY,2025-06-11,TOWER_DUMP,0.86
P000306,LOC000101,HOTEL_STAY,2025-04-10,SURVEILLANCE_REPORT,0.62
P000750,LOC000101,SURVEILLANCE_SIGHTING,2025-04-10,INFORMANT_TIP,0.84
P000720,LOC000081,HOTEL_STAY,2021-06-04,SURVEILLANCE_REPORT,0.74
P000368,LOC000081,SURVEILLANCE_SIGHTING,2021-06-04,INFORMANT_TIP,0.86
P000283,LOC000075,SURVEILLANCE_SIGHTING,2018-01-24,TOWER_DUMP,0.81
P000715,LOC000075,TOWER_DUMP_PRESENCE,2018-01-24,INFORMANT_TIP,0.79
P000777,LOC000047,TOWER_DUMP_PRESENCE,2018-04-29,TOWER_DUMP,0.53
P000742,LOC000047,TOWER_DUMP_PRESENCE,2018-04-29,INFORMANT_TIP,0.7
P000696,LOC000017,HOTEL_STAY,2024-08-19,SURVEILLANCE_REPORT,0.52
P000023,LOC000017,HOTEL_STAY,2024-08-19,TOWER_DUMP,0.8
P000295,LOC000095,HOTEL_STAY,2019-11-12,INFORMANT_TIP,0.81
P000599,LOC000095,HOTEL_STAY,2019-11-12,SURVEILLANCE_REPORT,0.52
P000503,LOC000076,HOTEL_STAY,2018-01-17,TOWER_DUMP,0.66
P000374,LOC000076,SURVEILLANCE_SIGHTING,2018-01-17,TOWER_DUMP,0.79
P000735,LOC000004,TOWER_DUMP_PRESENCE,2024-06-18,TOWER_DUMP,0.7
P000601,LOC000004,HOTEL_STAY,2024-06-18,SURVEILLANCE_REPORT,0.74
P000621,LOC000025,SURVEILLANCE_SIGHTING,2018-10-18,INFORMANT_TIP,0.67
P000601,LOC000025,TOWER_DUMP_PRESENCE,2018-10-18,SURVEILLANCE_REPORT,0.78
P000395,LOC000043,HOTEL_STAY,2022-06-29,TOWER_DUMP,0.68
P000310,LOC000043,TOWER_DUMP_PRESENCE,2022-06-29,TOWER_DUMP,0.54
P000461,LOC000041,SURVEILLANCE_SIGHTING,2023-10-25,INFORMANT_TIP,0.77
P000326,LOC000041,SURVEILLANCE_SIGHTING,2023-10-25,INFORMANT_TIP,0.88
P000602,LOC000036,HOTEL_STAY,2020-02-22,TOWER_DUMP,0.89
P000380,LOC000036,SURVEILLANCE_SIGHTING,2020-02-22,INFORMANT_TIP,0.74
P000387,LOC000088,SURVEILLANCE_SIGHTING,2019-12-06,TOWER_DUMP,0.78
P000593,LOC000088,SURVEILLANCE_SIGHTING,2019-12-06,SURVEILLANCE_REPORT,0.53
P000863,LOC000020,SURVEILLANCE_SIGHTING,2018-02-08,SURVEILLANCE_REPORT,0.86
P000597,LOC000020,SURVEILLANCE_SIGHTING,2018-02-08,TOWER_DUMP,0.57
P000201,LOC000093,TOWER_DUMP_PRESENCE,2019-10-01,SURVEILLANCE_REPORT,0.57
P000070,LOC000093,TOWER_DUMP_PRESENCE,2019-10-01,INFORMANT_TIP,0.56
P000659,LOC000076,SURVEILLANCE_SIGHTING,2024-06-02,INFORMANT_TIP,0.5
P000581,LOC000076,HOTEL_STAY,2024-06-02,TOWER_DUMP,0.64
P000745,LOC000060,SURVEILLANCE_SIGHTING,2018-05-23,TOWER_DUMP,0.53
P000099,LOC000060,TOWER_DUMP_PRESENCE,2018-05-23,INFORMANT_TIP,0.75
P000747,LOC000028,TOWER_DUMP_PRESENCE,2018-06-17,SURVEILLANCE_REPORT,0.87
P000828,LOC000028,HOTEL_STAY,2018-06-17,INFORMANT_TIP,0.54
P000483,LOC000093,SURVEILLANCE_SIGHTING,2021-10-13,TOWER_DUMP,0.81
P000031,LOC000093,HOTEL_STAY,2021-10-13,SURVEILLANCE_REPORT,0.58
P000330,LOC000068,HOTEL_STAY,2018-09-23,SURVEILLANCE_REPORT,0.55
P000758,LOC000068,TOWER_DUMP_PRESENCE,2018-09-23,TOWER_DUMP,0.62
P000754,LOC000120,SURVEILLANCE_SIGHTING,2018-10-24,INFORMANT_TIP,0.78
P000228,LOC000120,HOTEL_STAY,2018-10-24,SURVEILLANCE_REPORT,0.8
P000519,LOC000105,HOTEL_STAY,2020-02-28,INFORMANT_TIP,0.52
P000571,LOC000105,SURVEILLANCE_SIGHTING,2020-02-28,INFORMANT_TIP,0.82
P000588,LOC000050,HOTEL_STAY,2022-11-02,SURVEILLANCE_REPORT,0.81
P000343,LOC000050,TOWER_DUMP_PRESENCE,2022-11-02,INFORMANT_TIP,0.63
P000685,LOC000053,SURVEILLANCE_SIGHTING,2024-01-14,SURVEILLANCE_REPORT,0.71
P000634,LOC000053,HOTEL_STAY,2024-01-14,TOWER_DUMP,0.64
P000768,LOC000103,SURVEILLANCE_SIGHTING,2019-01-01,TOWER_DUMP,0.88
P000705,LOC000103,HOTEL_STAY,2019-01-01,TOWER_DUMP,0.87
P000859,LOC000086,HOTEL_STAY,2023-06-04,SURVEILLANCE_REPORT,0.66
P000597,LOC000086,SURVEILLANCE_SIGHTING,2023-06-04,SURVEILLANCE_REPORT,0.84
P000198,LOC000013,TOWER_DUMP_PRESENCE,2025-08-06,TOWER_DUMP,0.54
P000602,LOC000013,SURVEILLANCE_SIGHTING,2025-08-06,INFORMANT_TIP,0.77
P000775,LOC000038,HOTEL_STAY,2024-11-10,TOWER_DUMP,0.89
P000852,LOC000038,HOTEL_STAY,2024-11-10,SURVEILLANCE_REPORT,0.76
P000133,LOC000100,SURVEILLANCE_SIGHTING,2020-11-25,SURVEILLANCE_REPORT,0.72
P000376,LOC000100,HOTEL_STAY,2020-11-25,TOWER_DUMP,0.55
P000838,LOC000027,SURVEILLANCE_SIGHTING,2023-01-14,SURVEILLANCE_REPORT,0.68
P000473,LOC000027,HOTEL_STAY,2023-01-14,SURVEILLANCE_REPORT,0.61
P000817,LOC000043,TOWER_DUMP_PRESENCE,2019-12-28,INFORMANT_TIP,0.64
P000718,LOC000043,TOWER_DUMP_PRESENCE,2019-12-28,TOWER_DUMP,0.56
P000748,LOC000124,SURVEILLANCE_SIGHTING,2023-09-06,SURVEILLANCE_REPORT,0.5
P000232,LOC000124,HOTEL_STAY,2023-09-06,INFORMANT_TIP,0.66
P000070,LOC000103,TOWER_DUMP_PRESENCE,2024-11-23,INFORMANT_TIP,0.81
P000327,LOC000103,TOWER_DUMP_PRESENCE,2024-11-23,TOWER_DUMP,0.84
P000810,LOC000085,HOTEL_STAY,2023-03-22,TOWER_DUMP,0.82
P000785,LOC000085,TOWER_DUMP_PRESENCE,2023-03-22,INFORMANT_TIP,0.87
P000664,LOC000080,TOWER_DUMP_PRESENCE,2018-08-06,SURVEILLANCE_REPORT,0.62
P000500,LOC000080,TOWER_DUMP_PRESENCE,2018-08-06,INFORMANT_TIP,0.62
P000550,LOC000105,HOTEL_STAY,2024-03-22,TOWER_DUMP,0.83
P000756,LOC000105,TOWER_DUMP_PRESENCE,2024-03-22,INFORMANT_TIP,0.58
P000323,LOC000096,SURVEILLANCE_SIGHTING,2020-03-03,INFORMANT_TIP,0.71
P000453,LOC000096,SURVEILLANCE_SIGHTING,2020-03-03,TOWER_DUMP,0.79
P000693,LOC000116,TOWER_DUMP_PRESENCE,2022-04-17,TOWER_DUMP,0.61
P000038,LOC000116,HOTEL_STAY,2022-04-17,SURVEILLANCE_REPORT,0.76
P000472,LOC000074,HOTEL_STAY,2026-04-27,TOWER_DUMP,0.71
P000033,LOC000074,HOTEL_STAY,2026-04-27,INFORMANT_TIP,0.87
P000358,LOC000024,HOTEL_STAY,2018-04-07,SURVEILLANCE_REPORT,0.88
P000556,LOC000024,SURVEILLANCE_SIGHTING,2018-04-07,INFORMANT_TIP,0.55
P000609,LOC000015,HOTEL_STAY,2025-10-20,INFORMANT_TIP,0.56
P000777,LOC000015,TOWER_DUMP_PRESENCE,2025-10-20,SURVEILLANCE_REPORT,0.76
P000049,LOC000053,TOWER_DUMP_PRESENCE,2018-11-10,SURVEILLANCE_REPORT,0.86
P000766,LOC000053,HOTEL_STAY,2018-11-10,SURVEILLANCE_REPORT,0.85
P000657,LOC000039,TOWER_DUMP_PRESENCE,2018-07-14,INFORMANT_TIP,0.74
P000790,LOC000039,TOWER_DUMP_PRESENCE,2018-07-14,INFORMANT_TIP,0.71
P000502,LOC000071,SURVEILLANCE_SIGHTING,2019-01-21,SURVEILLANCE_REPORT,0.68
P000713,LOC000071,SURVEILLANCE_SIGHTING,2019-01-21,TOWER_DUMP,0.76
P000582,LOC000036,TOWER_DUMP_PRESENCE,2019-02-01,SURVEILLANCE_REPORT,0.69
P000191,LOC000036,HOTEL_STAY,2019-02-01,TOWER_DUMP,0.67
P000818,LOC000033,SURVEILLANCE_SIGHTING,2021-05-12,TOWER_DUMP,0.64
P000787,LOC000033,HOTEL_STAY,2021-05-12,SURVEILLANCE_REPORT,0.83
P000566,LOC000013,TOWER_DUMP_PRESENCE,2022-07-17,TOWER_DUMP,0.57
P000469,LOC000013,HOTEL_STAY,2022-07-17,INFORMANT_TIP,0.63
P000548,LOC000086,SURVEILLANCE_SIGHTING,2023-04-24,SURVEILLANCE_REPORT,0.61
P000641,LOC000086,HOTEL_STAY,2023-04-24,INFORMANT_TIP,0.69
P000866,LOC000099,TOWER_DUMP_PRESENCE,2022-06-30,TOWER_DUMP,0.63
P000737,LOC000099,TOWER_DUMP_PRESENCE,2022-06-30,INFORMANT_TIP,0.63
P000842,LOC000043,HOTEL_STAY,2025-10-07,SURVEILLANCE_REPORT,0.5
P000205,LOC000043,SURVEILLANCE_SIGHTING,2025-10-07,SURVEILLANCE_REPORT,0.8
P000433,LOC000107,TOWER_DUMP_PRESENCE,2019-07-12,TOWER_DUMP,0.86
P000058,LOC000107,TOWER_DUMP_PRESENCE,2019-07-12,SURVEILLANCE_REPORT,0.81
P000108,LOC000024,HOTEL_STAY,2023-04-03,INFORMANT_TIP,0.51
P000610,LOC000024,SURVEILLANCE_SIGHTING,2023-04-03,INFORMANT_TIP,0.75
P000857,LOC000085,TOWER_DUMP_PRESENCE,2024-05-26,TOWER_DUMP,0.75
P000475,LOC000085,TOWER_DUMP_PRESENCE,2024-05-26,INFORMANT_TIP,0.56
P000591,LOC000123,HOTEL_STAY,2019-08-03,INFORMANT_TIP,0.84
P000778,LOC000123,TOWER_DUMP_PRESENCE,2019-08-03,SURVEILLANCE_REPORT,0.54
P000371,LOC000032,TOWER_DUMP_PRESENCE,2022-07-14,INFORMANT_TIP,0.64
P000847,LOC000032,HOTEL_STAY,2022-07-14,SURVEILLANCE_REPORT,0.86
P000610,LOC000046,SURVEILLANCE_SIGHTING,2024-04-03,INFORMANT_TIP,0.9
P000457,LOC000046,SURVEILLANCE_SIGHTING,2024-04-03,TOWER_DUMP,0.77
P000834,LOC000009,TOWER_DUMP_PRESENCE,2025-11-23,INFORMANT_TIP,0.83
P000066,LOC000009,SURVEILLANCE_SIGHTING,2025-11-23,SURVEILLANCE_REPORT,0.62
P000866,LOC000124,SURVEILLANCE_SIGHTING,2020-12-16,INFORMANT_TIP,0.79
P000704,LOC000124,HOTEL_STAY,2020-12-16,INFORMANT_TIP,0.72
P000475,LOC000044,SURVEILLANCE_SIGHTING,2022-05-24,SURVEILLANCE_REPORT,0.5
P000860,LOC000044,HOTEL_STAY,2022-05-24,TOWER_DUMP,0.77
P000534,LOC000117,HOTEL_STAY,2019-01-25,INFORMANT_TIP,0.51
P000695,LOC000117,TOWER_DUMP_PRESENCE,2019-01-25,TOWER_DUMP,0.66
P000615,LOC000056,HOTEL_STAY,2020-04-06,TOWER_DUMP,0.88
P000698,LOC000056,SURVEILLANCE_SIGHTING,2020-04-06,SURVEILLANCE_REPORT,0.8
P000301,LOC000088,HOTEL_STAY,2023-04-04,INFORMANT_TIP,0.86
P000037,LOC000088,HOTEL_STAY,2023-04-04,TOWER_DUMP,0.55
P000602,LOC000083,TOWER_DUMP_PRESENCE,2021-05-29,INFORMANT_TIP,0.76
P000029,LOC000083,TOWER_DUMP_PRESENCE,2021-05-29,INFORMANT_TIP,0.63
P000249,LOC000025,HOTEL_STAY,2019-08-18,TOWER_DUMP,0.53
P000802,LOC000025,HOTEL_STAY,2019-08-18,SURVEILLANCE_REPORT,0.72
P000420,LOC000104,SURVEILLANCE_SIGHTING,2020-10-09,TOWER_DUMP,0.61
P000259,LOC000104,HOTEL_STAY,2020-10-09,SURVEILLANCE_REPORT,0.67
P000870,LOC000019,SURVEILLANCE_SIGHTING,2024-01-18,INFORMANT_TIP,0.77
P000438,LOC000019,SURVEILLANCE_SIGHTING,2024-01-18,SURVEILLANCE_REPORT,0.68
