edge_id,src_person_id,src_name,dst_person_id,dst_name,relation,subtype,since,strength,confidence,source_type,is_verified
E000001,P000012,Vishal Shinde,P000035,Sachin Bhosale,REPORTS_TO,,2023-03-10,0.8,0.9,INTELLIGENCE_REPORT,1
E000002,P000013,Mushtaq Baig,P000035,Sachin Bhosale,REPORTS_TO,,2019-01-07,0.85,0.9,INTELLIGENCE_REPORT,1
E000003,P000015,Swapnil Bhoir,P000035,Sachin Bhosale,REPORTS_TO,,2019-05-24,0.76,0.9,INTELLIGENCE_REPORT,1
E000004,P000018,Salim Saifi,P000035,Sachin Bhosale,REPORTS_TO,,2025-03-20,0.83,0.9,INTELLIGENCE_REPORT,1
E000005,P000091,Shahnawaz Hussain,P000035,Sachin Bhosale,REPORTS_TO,,2019-01-26,0.91,0.9,INTELLIGENCE_REPORT,1
E000006,P000051,Bhaskar Gaikwad,P000035,Sachin Bhosale,FINANCES,,2019-11-19,0.96,0.86,BANK_STATEMENT,1
E000007,P000080,Kalpesh Zala,P000035,Sachin Bhosale,FINANCES,,2026-06-08,0.84,0.86,BANK_STATEMENT,1
E000008,P000012,Vishal Shinde,P000081,Sandip Salunkhe,REPORTS_TO,,2019-11-13,0.78,0.9,INTELLIGENCE_REPORT,1
E000009,P000013,Mushtaq Baig,P000081,Sandip Salunkhe,REPORTS_TO,,2018-08-19,0.93,0.9,INTELLIGENCE_REPORT,1
E000010,P000015,Swapnil Bhoir,P000081,Sandip Salunkhe,REPORTS_TO,,2026-04-11,0.88,0.9,INTELLIGENCE_REPORT,1
E000011,P000018,Salim Saifi,P000081,Sandip Salunkhe,REPORTS_TO,,2022-10-28,0.87,0.9,INTELLIGENCE_REPORT,1
E000012,P000091,Shahnawaz Hussain,P000081,Sandip Salunkhe,REPORTS_TO,,2021-10-25,0.88,0.9,INTELLIGENCE_REPORT,1
E000013,P000080,Kalpesh Zala,P000081,Sandip Salunkhe,FINANCES,,2020-10-14,0.85,0.86,BANK_STATEMENT,1
E000014,P000082,Swapnil Jadhav,P000081,Sandip Salunkhe,FINANCES,,2021-08-21,0.72,0.86,BANK_STATEMENT,1
E000015,P000081,Sandip Salunkhe,P000011,Hitesh Zala,HANDLER_OF,,2020-01-14,0.57,0.6,INTELLIGENCE_REPORT,0
E000016,P000066,Ashfaq Mansuri,P000012,Vishal Shinde,REPORTS_TO,,2019-06-24,0.63,0.9,PASSPORT_IMMIGRATION,0
E000017,P000084,Rafiq Farooqui,P000012,Vishal Shinde,REPORTS_TO,,2022-11-10,0.74,0.85,CRIMINAL_HISTORY_DB,1
E000018,P000002,Shabana Baig,P000012,Vishal Shinde,REPORTS_TO,,2026-04-11,0.64,0.93,INFORMANT_TIP,1
E000019,P000039,Sagar Rane,P000012,Vishal Shinde,REPORTS_TO,,2020-08-14,0.78,0.61,CHARGESHEET,1
E000020,P000064,Rafiq Ahmed,P000012,Vishal Shinde,REPORTS_TO,,2020-03-24,0.69,0.93,FIR,0
E000021,P000012,Vishal Shinde,P000064,Rafiq Ahmed,HANDLER_OF,,2024-08-30,0.61,0.72,CDR,1
E000022,P000038,Tushar Zala,P000012,Vishal Shinde,REPORTS_TO,,2019-06-04,0.61,0.46,FIR,0
E000023,P000019,Bhaskar Bhosale,P000012,Vishal Shinde,REPORTS_TO,,2018-06-22,0.72,0.8,CHARGESHEET,1
E000024,P000048,Tanaji Tandel,P000012,Vishal Shinde,REPORTS_TO,,2020-03-14,0.66,0.83,CRIMINAL_HISTORY_DB,0
E000025,P000071,Chirag Desai,P000012,Vishal Shinde,REPORTS_TO,,2018-10-22,0.55,0.55,SEIZURE_MEMO,1
E000026,P000067,Pandurang Mhatre,P000012,Vishal Shinde,REPORTS_TO,,2024-08-25,0.79,0.76,IPDR,0
E000027,P000061,Amol Tandel,P000012,Vishal Shinde,REPORTS_TO,,2020-02-17,0.81,0.72,SEIZURE_MEMO,1
E000028,P000045,Dharmesh Zala,P000012,Vishal Shinde,REPORTS_TO,,2021-08-12,0.77,0.73,BANK_STATEMENT,1
E000029,P000043,Bharat Dave,P000012,Vishal Shinde,REPORTS_TO,,2021-06-03,0.75,0.88,SURVEILLANCE_REPORT,1
E000030,P000077,Dharmesh Thakor,P000012,Vishal Shinde,REPORTS_TO,,2021-10-28,0.63,0.5,SURVEILLANCE_REPORT,1
E000031,P000022,Nasreen Sheikh,P000012,Vishal Shinde,REPORTS_TO,,2021-01-12,0.74,0.78,PASSPORT_IMMIGRATION,1
E000032,P000012,Vishal Shinde,P000022,Nasreen Sheikh,HANDLER_OF,,2025-11-27,0.46,0.64,TOWER_DUMP,0
E000033,P000024,Bharat Gohil,P000012,Vishal Shinde,REPORTS_TO,,2024-08-24,0.54,0.98,IPDR,1
E000034,P000079,Rasik Trivedi,P000012,Vishal Shinde,REPORTS_TO,,2025-01-10,0.88,0.47,FIR,1
E000035,P000012,Vishal Shinde,P000079,Rasik Trivedi,RECRUITED_BY,,2026-05-16,0.56,0.94,INFORMANT_TIP,0
E000036,P000066,Ashfaq Mansuri,P000084,Rafiq Farooqui,ASSOCIATE_OF,,2020-03-30,0.72,0.89,PASSPORT_IMMIGRATION,0
E000037,P000066,Ashfaq Mansuri,P000077,Dharmesh Thakor,ASSOCIATE_OF,,2025-10-27,0.48,0.56,INTELLIGENCE_REPORT,1
E000038,P000084,Rafiq Farooqui,P000038,Tushar Zala,ASSOCIATE_OF,,2025-12-03,0.45,0.83,SURVEILLANCE_REPORT,0
E000039,P000084,Rafiq Farooqui,P000043,Bharat Dave,ASSOCIATE_OF,,2019-10-28,0.69,0.84,PASSPORT_IMMIGRATION,0
E000040,P000002,Shabana Baig,P000019,Bhaskar Bhosale,ASSOCIATE_OF,,2024-04-15,0.78,0.67,SURVEILLANCE_REPORT,0
E000041,P000002,Shabana Baig,P000048,Tanaji Tandel,ASSOCIATE_OF,,2023-05-10,0.59,0.5,CDR,1
E000042,P000002,Shabana Baig,P000061,Amol Tandel,ASSOCIATE_OF,,2022-04-16,0.35,0.61,SEIZURE_MEMO,0
E000043,P000002,Shabana Baig,P000077,Dharmesh Thakor,ASSOCIATE_OF,,2025-01-14,0.6,0.72,CDR,1
E000044,P000064,Rafiq Ahmed,P000022,Nasreen Sheikh,ASSOCIATE_OF,,2026-01-27,0.52,0.99,CDR,1
E000045,P000038,Tushar Zala,P000019,Bhaskar Bhosale,ASSOCIATE_OF,,2022-10-18,0.65,0.59,SOCIAL_MEDIA_INTEL,0
E000046,P000038,Tushar Zala,P000071,Chirag Desai,ASSOCIATE_OF,,2024-02-02,0.39,0.81,INTELLIGENCE_REPORT,1
E000047,P000038,Tushar Zala,P000067,Pandurang Mhatre,ASSOCIATE_OF,,2025-05-16,0.6,0.98,CRIMINAL_HISTORY_DB,0
E000048,P000067,Pandurang Mhatre,P000079,Rasik Trivedi,ASSOCIATE_OF,,2025-10-08,0.48,0.7,SURVEILLANCE_REPORT,0
E000049,P000022,Nasreen Sheikh,P000079,Rasik Trivedi,ASSOCIATE_OF,,2019-11-12,0.79,0.59,SURVEILLANCE_REPORT,0
E000050,P000024,Bharat Gohil,P000079,Rasik Trivedi,ASSOCIATE_OF,,2023-08-30,0.64,0.91,IPDR,0
E000051,P000086,Chirag Dave,P000013,Mushtaq Baig,REPORTS_TO,,2023-11-10,0.7,0.65,PASSPORT_IMMIGRATION,0
E000052,P000013,Mushtaq Baig,P000086,Chirag Dave,HANDLER_OF,,2019-10-12,0.6,0.73,CHARGESHEET,1
E000053,P000059,Bharat Bhatt,P000013,Mushtaq Baig,REPORTS_TO,,2021-12-06,0.75,0.99,FIR,0
E000054,P000013,Mushtaq Baig,P000059,Bharat Bhatt,RECRUITED_BY,,2019-09-05,0.5,0.56,BANK_STATEMENT,0
E000055,P000033,Arif Chaudhary,P000013,Mushtaq Baig,REPORTS_TO,,2026-04-08,0.51,0.79,TOWER_DUMP,1
E000056,P000013,Mushtaq Baig,P000033,Arif Chaudhary,HANDLER_OF,,2018-01-22,0.62,0.64,SOCIAL_MEDIA_INTEL,0
E000057,P000009,Sandip Rane,P000013,Mushtaq Baig,REPORTS_TO,,2022-09-22,0.75,0.92,SOCIAL_MEDIA_INTEL,0
E000058,P000005,Aslam Ahmed,P000013,Mushtaq Baig,REPORTS_TO,,2024-08-22,0.55,0.91,SOCIAL_MEDIA_INTEL,1
E000059,P000032,Rasik Joshi,P000013,Mushtaq Baig,REPORTS_TO,,2022-07-16,0.78,0.81,INTELLIGENCE_REPORT,1
E000060,P000051,Bhaskar Gaikwad,P000013,Mushtaq Baig,REPORTS_TO,,2018-08-22,0.81,0.47,IPDR,0
E000061,P000036,Shahnaz Alam,P000013,Mushtaq Baig,REPORTS_TO,,2020-06-07,0.57,0.87,IPDR,1
E000062,P000037,Ganesh Dalvi,P000013,Mushtaq Baig,REPORTS_TO,,2018-06-23,0.61,0.98,FIR,0
E000063,P000034,Mohammed Idrisi,P000013,Mushtaq Baig,REPORTS_TO,,2023-02-09,0.85,0.8,CRIMINAL_HISTORY_DB,1
E000064,P000028,Alpesh Thakor,P000013,Mushtaq Baig,REPORTS_TO,,2023-11-15,0.55,0.56,BANK_STATEMENT,1
E000065,P000073,Iqbal Mansuri,P000013,Mushtaq Baig,REPORTS_TO,,2023-12-12,0.67,0.59,SURVEILLANCE_REPORT,1
E000066,P000013,Mushtaq Baig,P000073,Iqbal Mansuri,RECRUITED_BY,,2018-11-28,0.49,0.95,IPDR,1
E000067,P000068,Reshma Saifi,P000013,Mushtaq Baig,REPORTS_TO,,2020-04-05,0.51,0.96,CHARGESHEET,0
E000068,P000013,Mushtaq Baig,P000068,Reshma Saifi,HANDLER_OF,,2022-07-20,0.6,0.86,INTELLIGENCE_REPORT,1
E000069,P000011,Hitesh Zala,P000013,Mushtaq Baig,REPORTS_TO,,2025-07-26,0.77,0.9,SURVEILLANCE_REPORT,0
E000070,P000017,Swapnil Tandel,P000013,Mushtaq Baig,REPORTS_TO,,2019-02-21,0.74,0.87,INTELLIGENCE_REPORT,1
E000071,P000013,Mushtaq Baig,P000017,Swapnil Tandel,RECRUITED_BY,,2021-03-01,0.75,0.76,CDR,1
E000072,P000058,Alpesh Shah,P000013,Mushtaq Baig,REPORTS_TO,,2020-12-06,0.74,0.93,SURVEILLANCE_REPORT,0
E000073,P000076,Divyesh Shah,P000013,Mushtaq Baig,REPORTS_TO,,2024-12-07,0.52,0.48,CDR,0
E000074,P000086,Chirag Dave,P000059,Bharat Bhatt,ASSOCIATE_OF,,2020-11-23,0.3,0.88,BANK_STATEMENT,1
E000075,P000059,Bharat Bhatt,P000009,Sandip Rane,ASSOCIATE_OF,,2026-06-19,0.64,0.83,CRIMINAL_HISTORY_DB,1
E000076,P000033,Arif Chaudhary,P000032,Rasik Joshi,ASSOCIATE_OF,,2019-04-21,0.56,0.58,CRIMINAL_HISTORY_DB,0
E000077,P000033,Arif Chaudhary,P000028,Alpesh Thakor,ASSOCIATE_OF,,2023-04-10,0.56,0.75,CHARGESHEET,0
E000078,P000033,Arif Chaudhary,P000011,Hitesh Zala,ASSOCIATE_OF,,2026-04-06,0.39,0.77,PASSPORT_IMMIGRATION,1
E000079,P000009,Sandip Rane,P000051,Bhaskar Gaikwad,ASSOCIATE_OF,,2018-03-24,0.54,0.89,SOCIAL_MEDIA_INTEL,1
E000080,P000009,Sandip Rane,P000017,Swapnil Tandel,ASSOCIATE_OF,,2023-09-04,0.51,0.48,CDR,0
E000081,P000005,Aslam Ahmed,P000036,Shahnaz Alam,ASSOCIATE_OF,,2023-07-26,0.37,0.7,FIR,1
E000082,P000005,Aslam Ahmed,P000058,Alpesh Shah,ASSOCIATE_OF,,2018-07-23,0.66,0.75,CDR,0
E000083,P000032,Rasik Joshi,P000034,Mohammed Idrisi,ASSOCIATE_OF,,2020-01-22,0.35,0.65,FIR,0
E000084,P000051,Bhaskar Gaikwad,P000028,Alpesh Thakor,ASSOCIATE_OF,,2022-05-28,0.62,0.69,FIR,0
E000085,P000051,Bhaskar Gaikwad,P000017,Swapnil Tandel,ASSOCIATE_OF,,2025-02-22,0.71,0.87,SOCIAL_MEDIA_INTEL,1
E000086,P000036,Shahnaz Alam,P000028,Alpesh Thakor,ASSOCIATE_OF,,2025-10-05,0.44,0.91,INTELLIGENCE_REPORT,0
E000087,P000036,Shahnaz Alam,P000076,Divyesh Shah,ASSOCIATE_OF,,2024-11-29,0.31,0.61,SOCIAL_MEDIA_INTEL,1
E000088,P000037,Ganesh Dalvi,P000073,Iqbal Mansuri,ASSOCIATE_OF,,2021-02-03,0.37,0.59,INFORMANT_TIP,0
E000089,P000034,Mohammed Idrisi,P000076,Divyesh Shah,ASSOCIATE_OF,,2024-05-06,0.7,0.69,SURVEILLANCE_REPORT,0
E000090,P000073,Iqbal Mansuri,P000011,Hitesh Zala,ASSOCIATE_OF,,2025-12-27,0.53,0.91,FIR,0
E000091,P000068,Reshma Saifi,P000017,Swapnil Tandel,ASSOCIATE_OF,,2024-12-07,0.38,0.73,BANK_STATEMENT,0
E000092,P000017,Swapnil Tandel,P000058,Alpesh Shah,ASSOCIATE_OF,,2021-04-05,0.63,0.86,SOCIAL_MEDIA_INTEL,1
E000093,P000069,Sarfaraz Qureshi,P000015,Swapnil Bhoir,REPORTS_TO,,2019-12-01,0.52,0.88,CHARGESHEET,0
E000094,P000026,Hitesh Trivedi,P000015,Swapnil Bhoir,REPORTS_TO,,2021-05-27,0.51,0.59,CRIMINAL_HISTORY_DB,1
E000095,P000014,Jayesh Barot,P000015,Swapnil Bhoir,REPORTS_TO,,2023-03-08,0.59,0.93,PASSPORT_IMMIGRATION,0
E000096,P000029,Ashwin Zala,P000015,Swapnil Bhoir,REPORTS_TO,,2018-01-13,0.58,0.81,SURVEILLANCE_REPORT,1
E000097,P000056,Swapnil Salunkhe,P000015,Swapnil Bhoir,REPORTS_TO,,2022-01-29,0.76,0.57,TOWER_DUMP,0
E000098,P000015,Swapnil Bhoir,P000056,Swapnil Salunkhe,RECRUITED_BY,,2021-03-23,0.71,0.91,IPDR,1
E000099,P000016,Hardik Barot,P000015,Swapnil Bhoir,REPORTS_TO,,2025-08-10,0.82,0.59,SURVEILLANCE_REPORT,0
E000100,P000042,Trupti Rabari,P000015,Swapnil Bhoir,REPORTS_TO,,2022-07-30,0.85,0.95,TOWER_DUMP,1
E000101,P000015,Swapnil Bhoir,P000042,Trupti Rabari,RECRUITED_BY,,2025-09-19,0.4,0.73,FIR,1
E000102,P000031,Vipul Desai,P000015,Swapnil Bhoir,REPORTS_TO,,2021-11-16,0.87,0.87,FIR,1
E000103,P000023,Hardik Barot,P000015,Swapnil Bhoir,REPORTS_TO,,2026-02-19,0.68,0.67,SOCIAL_MEDIA_INTEL,1
E000104,P000021,Kishor Makwana,P000015,Swapnil Bhoir,REPORTS_TO,,2025-08-31,0.57,0.76,FIR,0
E000105,P000054,Dharmesh Shah,P000015,Swapnil Bhoir,REPORTS_TO,,2018-05-11,0.89,0.63,CDR,1
E000106,P000006,Zubair Sheikh,P000015,Swapnil Bhoir,REPORTS_TO,,2026-01-05,0.8,0.46,CDR,0
E000107,P000075,Nisha Zala,P000015,Swapnil Bhoir,REPORTS_TO,,2021-09-25,0.83,0.46,SURVEILLANCE_REPORT,1
E000108,P000015,Swapnil Bhoir,P000075,Nisha Zala,HANDLER_OF,,2022-06-25,0.84,0.61,FIR,1
E000109,P000083,Mitesh Joshi,P000015,Swapnil Bhoir,REPORTS_TO,,2021-04-27,0.77,0.97,SOCIAL_MEDIA_INTEL,0
E000110,P000020,Nitin Bhoir,P000015,Swapnil Bhoir,REPORTS_TO,,2026-05-17,0.82,0.48,INTELLIGENCE_REPORT,1
E000111,P000063,Dattatray Tandel,P000015,Swapnil Bhoir,REPORTS_TO,,2020-07-10,0.57,0.78,IPDR,1
E000112,P000008,Tanveer Idrisi,P000015,Swapnil Bhoir,REPORTS_TO,,2023-12-24,0.87,0.76,INTELLIGENCE_REPORT,0
E000113,P000069,Sarfaraz Qureshi,P000023,Hardik Barot,ASSOCIATE_OF,,2025-11-07,0.72,0.97,CRIMINAL_HISTORY_DB,0
E000114,P000069,Sarfaraz Qureshi,P000021,Kishor Makwana,ASSOCIATE_OF,,2020-03-01,0.71,0.92,INTELLIGENCE_REPORT,1
E000115,P000026,Hitesh Trivedi,P000008,Tanveer Idrisi,ASSOCIATE_OF,,2021-10-13,0.41,0.72,SURVEILLANCE_REPORT,1
E000116,P000014,Jayesh Barot,P000006,Zubair Sheikh,ASSOCIATE_OF,,2024-09-27,0.64,0.67,CHARGESHEET,1
E000117,P000029,Ashwin Zala,P000020,Nitin Bhoir,ASSOCIATE_OF,,2023-09-20,0.47,0.92,PASSPORT_IMMIGRATION,0
E000118,P000056,Swapnil Salunkhe,P000023,Hardik Barot,ASSOCIATE_OF,,2019-04-04,0.8,0.62,CRIMINAL_HISTORY_DB,1
E000119,P000016,Hardik Barot,P000042,Trupti Rabari,ASSOCIATE_OF,,2023-11-23,0.4,0.64,TOWER_DUMP,0
E000120,P000016,Hardik Barot,P000020,Nitin Bhoir,ASSOCIATE_OF,,2022-09-10,0.34,0.64,SOCIAL_MEDIA_INTEL,1
E000121,P000042,Trupti Rabari,P000021,Kishor Makwana,ASSOCIATE_OF,,2023-05-05,0.58,0.98,TOWER_DUMP,1
E000122,P000042,Trupti Rabari,P000006,Zubair Sheikh,ASSOCIATE_OF,,2026-06-17,0.68,0.74,CRIMINAL_HISTORY_DB,1
E000123,P000031,Vipul Desai,P000023,Hardik Barot,ASSOCIATE_OF,,2022-12-23,0.8,0.74,FIR,1
E000124,P000031,Vipul Desai,P000021,Kishor Makwana,ASSOCIATE_OF,,2022-10-15,0.69,0.96,BANK_STATEMENT,0
E000125,P000031,Vipul Desai,P000020,Nitin Bhoir,ASSOCIATE_OF,,2023-01-27,0.6,0.87,PASSPORT_IMMIGRATION,1
E000126,P000021,Kishor Makwana,P000083,Mitesh Joshi,ASSOCIATE_OF,,2022-07-02,0.33,0.98,SEIZURE_MEMO,1
E000127,P000006,Zubair Sheikh,P000020,Nitin Bhoir,ASSOCIATE_OF,,2025-06-19,0.66,0.92,FIR,1
E000128,P000075,Nisha Zala,P000063,Dattatray Tandel,ASSOCIATE_OF,,2026-06-21,0.79,0.49,CRIMINAL_HISTORY_DB,1
E000129,P000087,Ibrahim Siddiqui,P000018,Salim Saifi,REPORTS_TO,,2021-07-07,0.71,0.99,SOCIAL_MEDIA_INTEL,0
E000130,P000085,Ibrahim Ansari,P000018,Salim Saifi,REPORTS_TO,,2018-01-04,0.78,0.91,FIR,0
E000131,P000062,Dattatray Tandel,P000018,Salim Saifi,REPORTS_TO,,2025-02-19,0.52,0.96,FIR,1
E000132,P000070,Ashwin Trivedi,P000018,Salim Saifi,REPORTS_TO,,2024-10-18,0.9,0.5,PASSPORT_IMMIGRATION,0
E000133,P000018,Salim Saifi,P000070,Ashwin Trivedi,RECRUITED_BY,,2026-06-11,0.52,0.81,CDR,0
E000134,P000001,Anwar Ahmed,P000018,Salim Saifi,REPORTS_TO,,2019-02-08,0.75,0.55,CDR,1
E000135,P000018,Salim Saifi,P000001,Anwar Ahmed,RECRUITED_BY,,2025-03-21,0.92,0.78,TOWER_DUMP,1
E000136,P000007,Bhaskar Kamble,P000018,Salim Saifi,REPORTS_TO,,2025-02-07,0.77,0.46,SOCIAL_MEDIA_INTEL,0
E000137,P000030,Rahul Jadhav,P000018,Salim Saifi,REPORTS_TO,,2020-08-02,0.58,0.7,CHARGESHEET,1
E000138,P000065,Shahnawaz Mansuri,P000018,Salim Saifi,REPORTS_TO,,2025-12-16,0.56,0.86,INFORMANT_TIP,1
E000139,P000047,Swapnil Pawar,P000018,Salim Saifi,REPORTS_TO,,2018-05-27,0.66,0.79,CHARGESHEET,0
E000140,P000090,Mangesh Tandel,P000018,Salim Saifi,REPORTS_TO,,2025-01-30,0.66,0.78,SEIZURE_MEMO,1
E000141,P000053,Mangesh Shinde,P000018,Salim Saifi,REPORTS_TO,,2020-02-29,0.68,0.78,IPDR,1
E000142,P000055,Ibrahim Mirza,P000018,Salim Saifi,REPORTS_TO,,2023-04-28,0.75,0.58,SEIZURE_MEMO,1
E000143,P000082,Swapnil Jadhav,P000018,Salim Saifi,REPORTS_TO,,2020-04-01,0.57,0.67,BANK_STATEMENT,0
E000144,P000057,Sagar Bhoir,P000018,Salim Saifi,REPORTS_TO,,2020-02-19,0.63,0.71,CDR,1
E000145,P000041,Pandurang Bhoir,P000018,Salim Saifi,REPORTS_TO,,2021-12-25,0.67,0.72,CDR,1
E000146,P000052,Vishal Jadhav,P000018,Salim Saifi,REPORTS_TO,,2022-04-27,0.72,0.89,CDR,0
E000147,P000003,Dattatray Waghmare,P000018,Salim Saifi,REPORTS_TO,,2023-11-05,0.74,0.51,FIR,1
E000148,P000087,Ibrahim Siddiqui,P000065,Shahnawaz Mansuri,ASSOCIATE_OF,,2025-12-15,0.75,0.93,IPDR,1
E000149,P000087,Ibrahim Siddiqui,P000053,Mangesh Shinde,ASSOCIATE_OF,,2023-10-08,0.76,0.75,SURVEILLANCE_REPORT,0
E000150,P000087,Ibrahim Siddiqui,P000057,Sagar Bhoir,ASSOCIATE_OF,,2023-03-10,0.59,0.66,CHARGESHEET,1
E000151,P000085,Ibrahim Ansari,P000062,Dattatray Tandel,ASSOCIATE_OF,,2021-05-16,0.52,0.64,BANK_STATEMENT,1
E000152,P000085,Ibrahim Ansari,P000001,Anwar Ahmed,ASSOCIATE_OF,,2021-01-27,0.36,0.62,INTELLIGENCE_REPORT,0
E000153,P000062,Dattatray Tandel,P000090,Mangesh Tandel,ASSOCIATE_OF,,2018-01-10,0.5,0.84,BANK_STATEMENT,1
E000154,P000070,Ashwin Trivedi,P000001,Anwar Ahmed,ASSOCIATE_OF,,2022-09-23,0.73,0.86,CHARGESHEET,0
E000155,P000070,Ashwin Trivedi,P000007,Bhaskar Kamble,ASSOCIATE_OF,,2020-06-18,0.72,0.89,SOCIAL_MEDIA_INTEL,0
E000156,P000070,Ashwin Trivedi,P000052,Vishal Jadhav,ASSOCIATE_OF,,2023-10-06,0.37,0.56,CHARGESHEET,1
E000157,P000065,Shahnawaz Mansuri,P000047,Swapnil Pawar,ASSOCIATE_OF,,2022-02-01,0.57,0.58,FIR,0
E000158,P000090,Mangesh Tandel,P000057,Sagar Bhoir,ASSOCIATE_OF,,2020-09-15,0.49,0.95,PASSPORT_IMMIGRATION,1
E000159,P000090,Mangesh Tandel,P000041,Pandurang Bhoir,ASSOCIATE_OF,,2026-03-11,0.75,0.65,PASSPORT_IMMIGRATION,1
E000160,P000090,Mangesh Tandel,P000052,Vishal Jadhav,ASSOCIATE_OF,,2018-03-28,0.67,0.67,CDR,1
E000161,P000090,Mangesh Tandel,P000003,Dattatray Waghmare,ASSOCIATE_OF,,2020-02-06,0.71,0.66,IPDR,1
E000162,P000053,Mangesh Shinde,P000041,Pandurang Bhoir,ASSOCIATE_OF,,2023-10-30,0.57,0.59,IPDR,0
E000163,P000082,Swapnil Jadhav,P000057,Sagar Bhoir,ASSOCIATE_OF,,2022-10-18,0.59,0.86,PASSPORT_IMMIGRATION,1
E000164,P000025,Ganesh Chavan,P000091,Shahnawaz Hussain,REPORTS_TO,,2021-11-28,0.58,0.59,IPDR,1
E000165,P000074,Ashwin Parmar,P000091,Shahnawaz Hussain,REPORTS_TO,,2019-03-21,0.61,0.97,BANK_STATEMENT,0
E000166,P000040,Shahnawaz Pathan,P000091,Shahnawaz Hussain,REPORTS_TO,,2023-02-27,0.65,0.55,SOCIAL_MEDIA_INTEL,1
E000167,P000089,Tushar Parmar,P000091,Shahnawaz Hussain,REPORTS_TO,,2024-03-09,0.53,0.68,CDR,1
E000168,P000091,Shahnawaz Hussain,P000089,Tushar Parmar,HANDLER_OF,,2024-05-14,0.76,0.46,IPDR,1
E000169,P000088,Sagar Salunkhe,P000091,Shahnawaz Hussain,REPORTS_TO,,2025-04-28,0.5,0.85,INTELLIGENCE_REPORT,0
E000170,P000010,Amol Rane,P000091,Shahnawaz Hussain,REPORTS_TO,,2023-05-24,0.78,0.57,SOCIAL_MEDIA_INTEL,0
E000171,P000060,Rasik Vaghela,P000091,Shahnawaz Hussain,REPORTS_TO,,2025-09-06,0.63,0.92,SOCIAL_MEDIA_INTEL,1
E000172,P000004,Nilesh Vaghela,P000091,Shahnawaz Hussain,REPORTS_TO,,2022-08-05,0.7,0.7,INFORMANT_TIP,0
E000173,P000046,Sandip Kamble,P000091,Shahnawaz Hussain,REPORTS_TO,,2026-04-05,0.69,0.58,CDR,1
E000174,P000092,Ibrahim Qureshi,P000091,Shahnawaz Hussain,REPORTS_TO,,2018-02-02,0.69,0.98,SOCIAL_MEDIA_INTEL,0
E000175,P000091,Shahnawaz Hussain,P000092,Ibrahim Qureshi,RECRUITED_BY,,2021-01-09,0.4,0.71,BANK_STATEMENT,1
E000176,P000078,Prashant Deshmukh,P000091,Shahnawaz Hussain,REPORTS_TO,,2018-07-01,0.71,0.94,INTELLIGENCE_REPORT,0
E000177,P000050,Pandurang Deshmukh,P000091,Shahnawaz Hussain,REPORTS_TO,,2021-11-01,0.89,0.66,IPDR,0
E000178,P000091,Shahnawaz Hussain,P000050,Pandurang Deshmukh,HANDLER_OF,,2022-10-29,0.25,0.76,INFORMANT_TIP,1
E000179,P000049,Bhavesh Thakor,P000091,Shahnawaz Hussain,REPORTS_TO,,2018-04-15,0.62,0.64,SEIZURE_MEMO,1
E000180,P000027,Vishal Gaikwad,P000091,Shahnawaz Hussain,REPORTS_TO,,2019-04-27,0.63,0.66,INFORMANT_TIP,1
E000181,P000080,Kalpesh Zala,P000091,Shahnawaz Hussain,REPORTS_TO,,2023-04-15,0.61,0.96,IPDR,1
E000182,P000044,Hitesh Solanki,P000091,Shahnawaz Hussain,REPORTS_TO,,2021-06-18,0.52,0.83,SEIZURE_MEMO,0
E000183,P000072,Jayesh Desai,P000091,Shahnawaz Hussain,REPORTS_TO,,2021-02-06,0.52,0.46,INFORMANT_TIP,1
E000184,P000025,Ganesh Chavan,P000072,Jayesh Desai,ASSOCIATE_OF,,2023-05-11,0.33,0.86,SEIZURE_MEMO,1
E000185,P000074,Ashwin Parmar,P000040,Shahnawaz Pathan,ASSOCIATE_OF,,2022-12-24,0.67,0.69,CHARGESHEET,1
E000186,P000074,Ashwin Parmar,P000004,Nilesh Vaghela,ASSOCIATE_OF,,2021-06-06,0.6,0.73,FIR,1
E000187,P000074,Ashwin Parmar,P000092,Ibrahim Qureshi,ASSOCIATE_OF,,2021-11-13,0.51,0.78,CHARGESHEET,0
E000188,P000040,Shahnawaz Pathan,P000004,Nilesh Vaghela,ASSOCIATE_OF,,2018-07-01,0.69,0.55,CRIMINAL_HISTORY_DB,0
E000189,P000040,Shahnawaz Pathan,P000078,Prashant Deshmukh,ASSOCIATE_OF,,2022-10-21,0.39,0.54,INTELLIGENCE_REPORT,0
E000190,P000040,Shahnawaz Pathan,P000080,Kalpesh Zala,ASSOCIATE_OF,,2022-08-09,0.73,0.76,SURVEILLANCE_REPORT,1
E000191,P000040,Shahnawaz Pathan,P000072,Jayesh Desai,ASSOCIATE_OF,,2019-01-04,0.58,0.48,IPDR,1
E000192,P000089,Tushar Parmar,P000088,Sagar Salunkhe,ASSOCIATE_OF,,2023-12-10,0.74,0.47,CRIMINAL_HISTORY_DB,0
E000193,P000089,Tushar Parmar,P000046,Sandip Kamble,ASSOCIATE_OF,,2021-07-01,0.62,0.9,SEIZURE_MEMO,0
E000194,P000089,Tushar Parmar,P000050,Pandurang Deshmukh,ASSOCIATE_OF,,2025-08-31,0.58,0.47,PASSPORT_IMMIGRATION,0
E000195,P000089,Tushar Parmar,P000027,Vishal Gaikwad,ASSOCIATE_OF,,2025-01-19,0.55,0.79,INFORMANT_TIP,1
E000196,P000089,Tushar Parmar,P000044,Hitesh Solanki,ASSOCIATE_OF,,2023-05-25,0.71,0.58,BANK_STATEMENT,1
E000197,P000089,Tushar Parmar,P000072,Jayesh Desai,ASSOCIATE_OF,,2021-07-20,0.42,0.64,FIR,1
E000198,P000088,Sagar Salunkhe,P000010,Amol Rane,ASSOCIATE_OF,,2024-04-28,0.52,0.65,BANK_STATEMENT,0
E000199,P000010,Amol Rane,P000050,Pandurang Deshmukh,ASSOCIATE_OF,,2025-04-28,0.55,0.47,FIR,0
E000200,P000060,Rasik Vaghela,P000004,Nilesh Vaghela,ASSOCIATE_OF,,2020-07-24,0.48,0.71,TOWER_DUMP,1
E000201,P000060,Rasik Vaghela,P000046,Sandip Kamble,ASSOCIATE_OF,,2018-08-23,0.51,0.59,SURVEILLANCE_REPORT,0
E000202,P000060,Rasik Vaghela,P000050,Pandurang Deshmukh,ASSOCIATE_OF,,2024-09-19,0.31,0.68,SURVEILLANCE_REPORT,0
E000203,P000004,Nilesh Vaghela,P000050,Pandurang Deshmukh,ASSOCIATE_OF,,2019-11-29,0.8,0.64,BANK_STATEMENT,0
E000204,P000046,Sandip Kamble,P000080,Kalpesh Zala,ASSOCIATE_OF,,2018-10-28,0.53,0.82,IPDR,0
E000205,P000092,Ibrahim Qureshi,P000050,Pandurang Deshmukh,ASSOCIATE_OF,,2019-01-01,0.4,0.63,SURVEILLANCE_REPORT,0
E000206,P000078,Prashant Deshmukh,P000044,Hitesh Solanki,ASSOCIATE_OF,,2023-10-03,0.35,0.85,CDR,1
E000207,P000050,Pandurang Deshmukh,P000027,Vishal Gaikwad,ASSOCIATE_OF,,2021-09-20,0.53,0.69,CRIMINAL_HISTORY_DB,1
E000208,P000049,Bhavesh Thakor,P000072,Jayesh Desai,ASSOCIATE_OF,,2019-03-23,0.64,0.52,SOCIAL_MEDIA_INTEL,1
E000209,P000027,Vishal Gaikwad,P000072,Jayesh Desai,ASSOCIATE_OF,,2021-09-23,0.44,0.59,SURVEILLANCE_REPORT,1
E000210,P000054,Dharmesh Shah,P000089,Tushar Parmar,ASSOCIATE_OF,,2024-06-07,0.71,0.69,SOCIAL_MEDIA_INTEL,1
E000211,P000066,Ashfaq Mansuri,P000028,Alpesh Thakor,ASSOCIATE_OF,,2020-10-04,0.48,0.81,INTELLIGENCE_REPORT,0
E000212,P000070,Ashwin Trivedi,P000072,Jayesh Desai,SUPPLIES_TO,,2024-12-24,0.35,0.54,CDR,1
E000213,P000005,Aslam Ahmed,P000020,Nitin Bhoir,CO_ACCUSED_WITH,,2018-10-30,0.98,0.69,CHARGESHEET,0
E000214,P000058,Alpesh Shah,P000057,Sagar Bhoir,CO_ACCUSED_WITH,,2022-09-07,0.54,0.78,TOWER_DUMP,0
E000215,P000087,Ibrahim Siddiqui,P000026,Hitesh Trivedi,ASSOCIATE_OF,,2021-03-12,0.33,0.62,SURVEILLANCE_REPORT,1
E000216,P000039,Sagar Rane,P000045,Dharmesh Zala,ASSOCIATE_OF,,2021-12-18,0.4,0.89,CRIMINAL_HISTORY_DB,0
E000217,P000066,Ashfaq Mansuri,P000026,Hitesh Trivedi,ASSOCIATE_OF,,2024-12-03,0.66,0.54,SOCIAL_MEDIA_INTEL,1
E000218,P000075,Nisha Zala,P000063,Dattatray Tandel,SHARES_HIDEOUT_WITH,,2022-11-16,0.98,0.71,CDR,0
E000219,P000013,Mushtaq Baig,P000015,Swapnil Bhoir,ASSOCIATE_OF,,2025-06-09,0.7,0.75,IPDR,1
E000220,P000015,Swapnil Bhoir,P000018,Salim Saifi,ASSOCIATE_OF,,2024-02-28,0.7,0.61,PASSPORT_IMMIGRATION,1
E000221,P000015,Swapnil Bhoir,P000091,Shahnawaz Hussain,ASSOCIATE_OF,,2023-06-03,0.7,0.94,SOCIAL_MEDIA_INTEL,0
E000222,P000034,Mohammed Idrisi,P000079,Rasik Trivedi,FAMILY_OF,Father,2020-08-23,0.9,0.95,CRIMINAL_HISTORY_DB,1
E000223,P000068,Reshma Saifi,P000028,Alpesh Thakor,FAMILY_OF,Brother-in-law,2024-01-16,0.9,0.95,CRIMINAL_HISTORY_DB,1
E000224,P000046,Sandip Kamble,P000067,Pandurang Mhatre,FAMILY_OF,Nephew,2020-11-17,0.9,0.95,CRIMINAL_HISTORY_DB,1
E000225,P000037,Ganesh Dalvi,P000047,Swapnil Pawar,FAMILY_OF,Spouse,2022-03-25,0.9,0.95,CRIMINAL_HISTORY_DB,1
E000226,P000012,Vishal Shinde,P000054,Dharmesh Shah,FAMILY_OF,Nephew,2019-01-15,0.9,0.95,CRIMINAL_HISTORY_DB,1
E000227,P000121,Ashfaq Saifi,P000140,Bhanwari Jat,REPORTS_TO,,2024-11-08,0.97,0.9,INTELLIGENCE_REPORT,1
E000228,P000127,Nadeem Mirza,P000140,Bhanwari Jat,REPORTS_TO,,2024-02-13,0.89,0.9,INTELLIGENCE_REPORT,1
E000229,P000128,Jasbir Kang,P000140,Bhanwari Jat,REPORTS_TO,,2024-07-31,0.77,0.9,INTELLIGENCE_REPORT,1
E000230,P000156,Paramjit Gill,P000140,Bhanwari Jat,REPORTS_TO,,2025-08-16,0.83,0.9,INTELLIGENCE_REPORT,1
E000231,P000097,Manpreet Sekhon,P000140,Bhanwari Jat,FINANCES,,2025-12-02,0.75,0.86,BANK_STATEMENT,1
E000232,P000146,Paramjit Sarao,P000140,Bhanwari Jat,FINANCES,,2024-05-09,0.76,0.86,BANK_STATEMENT,1
E000233,P000152,Bhoma Poonia,P000121,Ashfaq Saifi,REPORTS_TO,,2023-08-15,0.71,0.95,SOCIAL_MEDIA_INTEL,1
E000234,P000121,Ashfaq Saifi,P000152,Bhoma Poonia,RECRUITED_BY,,2018-11-16,0.27,0.53,SOCIAL_MEDIA_INTEL,1
E000235,P000117,Nathu Choudhary,P000121,Ashfaq Saifi,REPORTS_TO,,2021-04-08,0.54,0.83,INTELLIGENCE_REPORT,1
E000236,P000121,Ashfaq Saifi,P000117,Nathu Choudhary,HANDLER_OF,,2019-12-21,0.38,0.94,SURVEILLANCE_REPORT,1
E000237,P000135,Karni Meena,P000121,Ashfaq Saifi,REPORTS_TO,,2026-02-26,0.72,0.48,CRIMINAL_HISTORY_DB,1
E000238,P000121,Ashfaq Saifi,P000135,Karni Meena,RECRUITED_BY,,2024-07-20,0.58,0.81,IPDR,1
E000239,P000141,Paramjit Grewal,P000121,Ashfaq Saifi,REPORTS_TO,,2025-08-20,0.7,0.87,IPDR,1
E000240,P000111,Nirmal Bains,P000121,Ashfaq Saifi,REPORTS_TO,,2022-12-02,0.75,0.86,SOCIAL_MEDIA_INTEL,1
E000241,P000167,Sukhwinder Dhillon,P000121,Ashfaq Saifi,REPORTS_TO,,2025-09-07,0.73,0.66,SOCIAL_MEDIA_INTEL,1
E000242,P000169,Rukhsana Ahmed,P000121,Ashfaq Saifi,REPORTS_TO,,2024-07-11,0.65,0.98,SEIZURE_MEMO,0
E000243,P000105,Mohan Sisodia,P000121,Ashfaq Saifi,REPORTS_TO,,2019-08-09,0.69,0.88,INFORMANT_TIP,0
E000244,P000101,Ratan Saini,P000121,Ashfaq Saifi,REPORTS_TO,,2024-04-24,0.75,0.98,SEIZURE_MEMO,0
E000245,P000120,Harbhajan Sekhon,P000121,Ashfaq Saifi,REPORTS_TO,,2023-08-22,0.63,0.52,TOWER_DUMP,0
E000246,P000103,Hanuman Beniwal,P000121,Ashfaq Saifi,REPORTS_TO,,2018-06-23,0.81,0.56,CHARGESHEET,0
E000247,P000133,Gurmeet Bajwa,P000121,Ashfaq Saifi,REPORTS_TO,,2020-03-23,0.65,0.76,INTELLIGENCE_REPORT,0
E000248,P000121,Ashfaq Saifi,P000133,Gurmeet Bajwa,HANDLER_OF,,2026-03-07,0.83,0.83,IPDR,1
E000249,P000115,Nirmal Singh,P000121,Ashfaq Saifi,REPORTS_TO,,2024-12-22,0.68,0.58,SURVEILLANCE_REPORT,1
E000250,P000164,Gurmeet Aulakh,P000121,Ashfaq Saifi,REPORTS_TO,,2022-09-18,0.75,0.81,CHARGESHEET,0
E000251,P000139,Chhagan Saini,P000121,Ashfaq Saifi,REPORTS_TO,,2021-12-16,0.55,0.66,SURVEILLANCE_REPORT,0
E000252,P000159,Lakhwinder Brar,P000121,Ashfaq Saifi,REPORTS_TO,,2022-06-02,0.76,0.54,PASSPORT_IMMIGRATION,0
E000253,P000142,Karamjit Bajwa,P000121,Ashfaq Saifi,REPORTS_TO,,2024-07-14,0.56,0.7,TOWER_DUMP,1
E000254,P000121,Ashfaq Saifi,P000142,Karamjit Bajwa,HANDLER_OF,,2021-11-10,0.24,0.9,SURVEILLANCE_REPORT,0
E000255,P000170,Gopal Poonia,P000121,Ashfaq Saifi,REPORTS_TO,,2024-12-22,0.84,0.8,PASSPORT_IMMIGRATION,1
E000256,P000130,Sohan Kumawat,P000121,Ashfaq Saifi,REPORTS_TO,,2021-02-11,0.85,0.64,INFORMANT_TIP,0
E000257,P000121,Ashfaq Saifi,P000130,Sohan Kumawat,HANDLER_OF,,2024-09-17,0.92,0.64,INTELLIGENCE_REPORT,0
E000258,P000138,Rajwinder Sarao,P000121,Ashfaq Saifi,REPORTS_TO,,2026-06-06,0.88,0.6,CHARGESHEET,0
E000259,P000152,Bhoma Poonia,P000111,Nirmal Bains,ASSOCIATE_OF,,2018-07-29,0.6,0.81,SEIZURE_MEMO,0
E000260,P000152,Bhoma Poonia,P000133,Gurmeet Bajwa,ASSOCIATE_OF,,2019-07-14,0.38,0.63,FIR,0
E000261,P000117,Nathu Choudhary,P000135,Karni Meena,ASSOCIATE_OF,,2020-05-10,0.77,0.71,CDR,1
E000262,P000117,Nathu Choudhary,P000167,Sukhwinder Dhillon,ASSOCIATE_OF,,2023-02-15,0.6,0.48,IPDR,1
E000263,P000117,Nathu Choudhary,P000159,Lakhwinder Brar,ASSOCIATE_OF,,2025-06-19,0.48,0.61,SURVEILLANCE_REPORT,1
E000264,P000135,Karni Meena,P000141,Paramjit Grewal,ASSOCIATE_OF,,2026-03-16,0.48,0.9,SOCIAL_MEDIA_INTEL,0
E000265,P000135,Karni Meena,P000111,Nirmal Bains,ASSOCIATE_OF,,2023-03-20,0.72,0.88,TOWER_DUMP,0
E000266,P000135,Karni Meena,P000130,Sohan Kumawat,ASSOCIATE_OF,,2024-02-13,0.73,0.83,INFORMANT_TIP,1
E000267,P000135,Karni Meena,P000138,Rajwinder Sarao,ASSOCIATE_OF,,2021-12-18,0.71,0.88,SURVEILLANCE_REPORT,0
E000268,P000141,Paramjit Grewal,P000101,Ratan Saini,ASSOCIATE_OF,,2021-07-23,0.79,0.87,CHARGESHEET,1
E000269,P000141,Paramjit Grewal,P000170,Gopal Poonia,ASSOCIATE_OF,,2025-05-06,0.56,0.9,CDR,0
E000270,P000141,Paramjit Grewal,P000130,Sohan Kumawat,ASSOCIATE_OF,,2023-06-01,0.38,0.51,IPDR,1
E000271,P000111,Nirmal Bains,P000167,Sukhwinder Dhillon,ASSOCIATE_OF,,2024-05-26,0.46,0.65,TOWER_DUMP,1
E000272,P000111,Nirmal Bains,P000169,Rukhsana Ahmed,ASSOCIATE_OF,,2020-02-23,0.46,0.56,FIR,1
E000273,P000167,Sukhwinder Dhillon,P000115,Nirmal Singh,ASSOCIATE_OF,,2020-06-12,0.64,0.87,SURVEILLANCE_REPORT,0
E000274,P000169,Rukhsana Ahmed,P000120,Harbhajan Sekhon,ASSOCIATE_OF,,2023-04-10,0.55,0.85,FIR,1
E000275,P000169,Rukhsana Ahmed,P000133,Gurmeet Bajwa,ASSOCIATE_OF,,2022-10-06,0.67,0.89,BANK_STATEMENT,0
E000276,P000169,Rukhsana Ahmed,P000115,Nirmal Singh,ASSOCIATE_OF,,2020-08-30,0.55,0.72,SOCIAL_MEDIA_INTEL,0
E000277,P000169,Rukhsana Ahmed,P000139,Chhagan Saini,ASSOCIATE_OF,,2023-02-06,0.68,0.78,BANK_STATEMENT,1
E000278,P000105,Mohan Sisodia,P000101,Ratan Saini,ASSOCIATE_OF,,2018-02-14,0.51,0.81,PASSPORT_IMMIGRATION,1
E000279,P000120,Harbhajan Sekhon,P000115,Nirmal Singh,ASSOCIATE_OF,,2025-04-04,0.8,0.93,SEIZURE_MEMO,1
E000280,P000120,Harbhajan Sekhon,P000130,Sohan Kumawat,ASSOCIATE_OF,,2024-12-13,0.64,0.53,IPDR,1
E000281,P000103,Hanuman Beniwal,P000159,Lakhwinder Brar,ASSOCIATE_OF,,2026-03-24,0.31,0.48,FIR,0
E000282,P000133,Gurmeet Bajwa,P000159,Lakhwinder Brar,ASSOCIATE_OF,,2019-09-22,0.65,0.76,CRIMINAL_HISTORY_DB,1
E000283,P000115,Nirmal Singh,P000164,Gurmeet Aulakh,ASSOCIATE_OF,,2022-01-21,0.76,0.65,TOWER_DUMP,1
E000284,P000115,Nirmal Singh,P000142,Karamjit Bajwa,ASSOCIATE_OF,,2023-11-08,0.57,0.54,SURVEILLANCE_REPORT,1
E000285,P000115,Nirmal Singh,P000138,Rajwinder Sarao,ASSOCIATE_OF,,2019-08-30,0.74,0.74,INTELLIGENCE_REPORT,1
E000286,P000145,Nirmal Singh,P000127,Nadeem Mirza,REPORTS_TO,,2024-04-15,0.84,0.56,FIR,0
E000287,P000149,Satnam Sandhu,P000127,Nadeem Mirza,REPORTS_TO,,2022-10-30,0.82,0.52,IPDR,1
E000288,P000132,Jarnail Sidhu,P000127,Nadeem Mirza,REPORTS_TO,,2019-12-07,0.89,0.84,PASSPORT_IMMIGRATION,0
E000289,P000153,Shahnawaz Mansuri,P000127,Nadeem Mirza,REPORTS_TO,,2022-11-26,0.5,0.78,FIR,0
E000290,P000108,Ranveer Kumawat,P000127,Nadeem Mirza,REPORTS_TO,,2025-04-15,0.85,0.5,CHARGESHEET,1
E000291,P000123,Bhoma Poonia,P000127,Nadeem Mirza,REPORTS_TO,,2020-03-10,0.58,0.78,PASSPORT_IMMIGRATION,0
E000292,P000110,Iqbal Pathan,P000127,Nadeem Mirza,REPORTS_TO,,2023-04-14,0.56,0.94,CDR,0
E000293,P000127,Nadeem Mirza,P000110,Iqbal Pathan,RECRUITED_BY,,2023-06-25,0.31,0.55,FIR,1
E000294,P000096,Navneet Bajwa,P000127,Nadeem Mirza,REPORTS_TO,,2018-06-17,0.55,0.55,CDR,1
E000295,P000109,Firoz Chaudhary,P000127,Nadeem Mirza,REPORTS_TO,,2018-09-14,0.54,0.94,SURVEILLANCE_REPORT,1
E000296,P000119,Faizan Alam,P000127,Nadeem Mirza,REPORTS_TO,,2019-09-13,0.72,0.6,PASSPORT_IMMIGRATION,0
E000297,P000122,Karni Bishnoi,P000127,Nadeem Mirza,REPORTS_TO,,2025-08-14,0.88,0.46,CRIMINAL_HISTORY_DB,1
E000298,P000127,Nadeem Mirza,P000122,Karni Bishnoi,HANDLER_OF,,2022-10-12,0.69,0.82,CRIMINAL_HISTORY_DB,0
E000299,P000158,Sarfaraz Siddiqui,P000127,Nadeem Mirza,REPORTS_TO,,2022-12-04,0.73,0.65,SOCIAL_MEDIA_INTEL,1
E000300,P000143,Nadeem Khan,P000127,Nadeem Mirza,REPORTS_TO,,2022-05-03,0.6,0.61,SEIZURE_MEMO,1
E000301,P000127,Nadeem Mirza,P000143,Nadeem Khan,HANDLER_OF,,2022-02-05,0.75,0.53,CDR,1
E000302,P000099,Shakeel Pathan,P000127,Nadeem Mirza,REPORTS_TO,,2020-10-28,0.8,0.47,CDR,0
E000303,P000127,Nadeem Mirza,P000099,Shakeel Pathan,HANDLER_OF,,2020-09-27,0.96,0.75,SOCIAL_MEDIA_INTEL,0
E000304,P000146,Paramjit Sarao,P000127,Nadeem Mirza,REPORTS_TO,,2023-09-20,0.88,0.78,PASSPORT_IMMIGRATION,1
E000305,P000107,Mohammed Shaikh,P000127,Nadeem Mirza,REPORTS_TO,,2018-10-22,0.56,0.88,BANK_STATEMENT,0
E000306,P000095,Satnam Bains,P000127,Nadeem Mirza,REPORTS_TO,,2018-04-28,0.53,0.75,CRIMINAL_HISTORY_DB,0
E000307,P000147,Devi Lal Sisodia,P000127,Nadeem Mirza,REPORTS_TO,,2021-04-14,0.76,0.54,CRIMINAL_HISTORY_DB,1
E000308,P000127,Nadeem Mirza,P000147,Devi Lal Sisodia,HANDLER_OF,,2019-06-16,0.67,0.68,CDR,0
E000309,P000104,Devi Lal Vyas,P000127,Nadeem Mirza,REPORTS_TO,,2023-11-09,0.51,0.56,PASSPORT_IMMIGRATION,0
E000310,P000145,Nirmal Singh,P000099,Shakeel Pathan,ASSOCIATE_OF,,2019-02-22,0.49,0.63,BANK_STATEMENT,0
E000311,P000145,Nirmal Singh,P000095,Satnam Bains,ASSOCIATE_OF,,2018-03-13,0.57,0.85,SEIZURE_MEMO,1
E000312,P000149,Satnam Sandhu,P000119,Faizan Alam,ASSOCIATE_OF,,2026-04-06,0.44,0.45,SURVEILLANCE_REPORT,1
E000313,P000149,Satnam Sandhu,P000158,Sarfaraz Siddiqui,ASSOCIATE_OF,,2018-01-13,0.72,0.62,IPDR,1
E000314,P000132,Jarnail Sidhu,P000108,Ranveer Kumawat,ASSOCIATE_OF,,2024-11-24,0.34,0.54,CRIMINAL_HISTORY_DB,1
E000315,P000153,Shahnawaz Mansuri,P000096,Navneet Bajwa,ASSOCIATE_OF,,2019-02-14,0.58,0.77,PASSPORT_IMMIGRATION,0
E000316,P000153,Shahnawaz Mansuri,P000095,Satnam Bains,ASSOCIATE_OF,,2018-03-08,0.69,0.46,CDR,1
E000317,P000108,Ranveer Kumawat,P000110,Iqbal Pathan,ASSOCIATE_OF,,2019-10-26,0.51,0.49,SURVEILLANCE_REPORT,0
E000318,P000108,Ranveer Kumawat,P000158,Sarfaraz Siddiqui,ASSOCIATE_OF,,2019-05-03,0.66,0.7,TOWER_DUMP,0
E000319,P000123,Bhoma Poonia,P000096,Navneet Bajwa,ASSOCIATE_OF,,2025-06-18,0.68,0.57,TOWER_DUMP,0
E000320,P000123,Bhoma Poonia,P000158,Sarfaraz Siddiqui,ASSOCIATE_OF,,2023-03-03,0.32,0.61,IPDR,1
E000321,P000123,Bhoma Poonia,P000143,Nadeem Khan,ASSOCIATE_OF,,2018-04-07,0.63,0.62,INFORMANT_TIP,1
E000322,P000123,Bhoma Poonia,P000095,Satnam Bains,ASSOCIATE_OF,,2026-04-30,0.38,0.58,BANK_STATEMENT,1
E000323,P000110,Iqbal Pathan,P000122,Karni Bishnoi,ASSOCIATE_OF,,2023-08-25,0.6,0.93,SOCIAL_MEDIA_INTEL,0
E000324,P000110,Iqbal Pathan,P000143,Nadeem Khan,ASSOCIATE_OF,,2021-06-20,0.3,0.87,INFORMANT_TIP,0
E000325,P000110,Iqbal Pathan,P000107,Mohammed Shaikh,ASSOCIATE_OF,,2024-02-06,0.52,0.96,INFORMANT_TIP,1
E000326,P000110,Iqbal Pathan,P000147,Devi Lal Sisodia,ASSOCIATE_OF,,2021-04-05,0.56,0.92,IPDR,1
E000327,P000096,Navneet Bajwa,P000158,Sarfaraz Siddiqui,ASSOCIATE_OF,,2020-03-01,0.78,0.94,CRIMINAL_HISTORY_DB,1
E000328,P000096,Navneet Bajwa,P000095,Satnam Bains,ASSOCIATE_OF,,2019-01-24,0.72,0.82,SEIZURE_MEMO,1
E000329,P000096,Navneet Bajwa,P000104,Devi Lal Vyas,ASSOCIATE_OF,,2018-10-02,0.67,0.52,CRIMINAL_HISTORY_DB,0
E000330,P000119,Faizan Alam,P000143,Nadeem Khan,ASSOCIATE_OF,,2021-02-08,0.78,0.84,INTELLIGENCE_REPORT,0
E000331,P000119,Faizan Alam,P000147,Devi Lal Sisodia,ASSOCIATE_OF,,2019-04-25,0.54,0.64,IPDR,1
E000332,P000122,Karni Bishnoi,P000146,Paramjit Sarao,ASSOCIATE_OF,,2020-12-27,0.55,0.98,INFORMANT_TIP,1
E000333,P000122,Karni Bishnoi,P000147,Devi Lal Sisodia,ASSOCIATE_OF,,2023-01-02,0.6,0.95,PASSPORT_IMMIGRATION,0
E000334,P000158,Sarfaraz Siddiqui,P000147,Devi Lal Sisodia,ASSOCIATE_OF,,2024-09-04,0.42,0.57,PASSPORT_IMMIGRATION,0
E000335,P000099,Shakeel Pathan,P000095,Satnam Bains,ASSOCIATE_OF,,2018-12-27,0.75,0.61,CDR,0
E000336,P000146,Paramjit Sarao,P000147,Devi Lal Sisodia,ASSOCIATE_OF,,2020-07-11,0.52,0.51,SURVEILLANCE_REPORT,1
E000337,P000146,Paramjit Sarao,P000104,Devi Lal Vyas,ASSOCIATE_OF,,2021-03-30,0.41,0.5,CDR,1
E000338,P000107,Mohammed Shaikh,P000147,Devi Lal Sisodia,ASSOCIATE_OF,,2023-09-01,0.35,0.71,INTELLIGENCE_REPORT,1
E000339,P000137,Paramjit Gill,P000128,Jasbir Kang,REPORTS_TO,,2021-03-02,0.72,0.9,SEIZURE_MEMO,0
E000340,P000102,Abdul Shaikh,P000128,Jasbir Kang,REPORTS_TO,,2025-01-25,0.65,0.88,INTELLIGENCE_REPORT,0
E000341,P000151,Baljinder Mann,P000128,Jasbir Kang,REPORTS_TO,,2025-07-05,0.86,0.63,CHARGESHEET,1
E000342,P000128,Jasbir Kang,P000151,Baljinder Mann,RECRUITED_BY,,2025-04-21,0.99,0.96,SURVEILLANCE_REPORT,0
E000343,P000171,Mohammed Shaikh,P000128,Jasbir Kang,REPORTS_TO,,2018-08-17,0.72,0.78,BANK_STATEMENT,0
E000344,P000173,Ibrahim Ahmed,P000128,Jasbir Kang,REPORTS_TO,,2018-05-09,0.62,0.92,INTELLIGENCE_REPORT,1
E000345,P000128,Jasbir Kang,P000173,Ibrahim Ahmed,RECRUITED_BY,,2019-07-22,0.92,0.55,INFORMANT_TIP,0
E000346,P000157,Devi Lal Godara,P000128,Jasbir Kang,REPORTS_TO,,2022-06-12,0.85,0.99,CHARGESHEET,1
E000347,P000113,Mushtaq Khan,P000128,Jasbir Kang,REPORTS_TO,,2020-03-12,0.78,0.98,BANK_STATEMENT,1
E000348,P000118,Bikramjit Sidhu,P000128,Jasbir Kang,REPORTS_TO,,2020-08-26,0.81,0.53,TOWER_DUMP,1
E000349,P000126,Haroon Baig,P000128,Jasbir Kang,REPORTS_TO,,2022-01-31,0.79,0.57,SEIZURE_MEMO,0
E000350,P000129,Kulwant Aulakh,P000128,Jasbir Kang,REPORTS_TO,,2018-06-19,0.6,0.56,CDR,0
E000351,P000112,Rafiq Ansari,P000128,Jasbir Kang,REPORTS_TO,,2025-08-17,0.89,0.92,BANK_STATEMENT,1
E000352,P000172,Kanta Choudhary,P000128,Jasbir Kang,REPORTS_TO,,2020-05-05,0.74,0.56,IPDR,0
E000353,P000094,Malkiat Grewal,P000128,Jasbir Kang,REPORTS_TO,,2018-09-27,0.55,0.89,INFORMANT_TIP,0
E000354,P000168,Sukhdev Bhullar,P000128,Jasbir Kang,REPORTS_TO,,2024-08-27,0.6,0.53,SURVEILLANCE_REPORT,0
E000355,P000098,Haroon Rahman,P000128,Jasbir Kang,REPORTS_TO,,2021-10-13,0.89,0.77,FIR,1
E000356,P000131,Imran Siddiqui,P000128,Jasbir Kang,REPORTS_TO,,2021-01-23,0.77,0.48,CRIMINAL_HISTORY_DB,1
E000357,P000116,Kishan Godara,P000128,Jasbir Kang,REPORTS_TO,,2021-08-14,0.79,0.76,CHARGESHEET,1
E000358,P000093,Wasim Baig,P000128,Jasbir Kang,REPORTS_TO,,2024-05-30,0.75,0.85,FIR,0
E000359,P000125,Sarfaraz Idrisi,P000128,Jasbir Kang,REPORTS_TO,,2019-08-20,0.85,0.94,TOWER_DUMP,0
E000360,P000137,Paramjit Gill,P000151,Baljinder Mann,ASSOCIATE_OF,,2019-03-04,0.61,0.5,INFORMANT_TIP,0
E000361,P000102,Abdul Shaikh,P000094,Malkiat Grewal,ASSOCIATE_OF,,2019-10-08,0.75,0.53,SOCIAL_MEDIA_INTEL,1
E000362,P000151,Baljinder Mann,P000094,Malkiat Grewal,ASSOCIATE_OF,,2024-12-03,0.31,0.84,PASSPORT_IMMIGRATION,1
E000363,P000151,Baljinder Mann,P000093,Wasim Baig,ASSOCIATE_OF,,2022-06-02,0.46,0.89,SURVEILLANCE_REPORT,0
E000364,P000171,Mohammed Shaikh,P000093,Wasim Baig,ASSOCIATE_OF,,2022-08-18,0.53,0.63,SEIZURE_MEMO,1
E000365,P000173,Ibrahim Ahmed,P000157,Devi Lal Godara,ASSOCIATE_OF,,2023-09-28,0.51,0.94,SURVEILLANCE_REPORT,0
E000366,P000173,Ibrahim Ahmed,P000129,Kulwant Aulakh,ASSOCIATE_OF,,2026-06-29,0.76,0.83,INTELLIGENCE_REPORT,1
E000367,P000173,Ibrahim Ahmed,P000168,Sukhdev Bhullar,ASSOCIATE_OF,,2023-05-21,0.72,0.86,PASSPORT_IMMIGRATION,0
E000368,P000173,Ibrahim Ahmed,P000125,Sarfaraz Idrisi,ASSOCIATE_OF,,2022-05-15,0.74,0.69,CRIMINAL_HISTORY_DB,1
E000369,P000157,Devi Lal Godara,P000113,Mushtaq Khan,ASSOCIATE_OF,,2021-01-08,0.56,0.53,BANK_STATEMENT,0
E000370,P000157,Devi Lal Godara,P000116,Kishan Godara,ASSOCIATE_OF,,2023-04-13,0.39,0.99,IPDR,1
E000371,P000113,Mushtaq Khan,P000172,Kanta Choudhary,ASSOCIATE_OF,,2025-10-22,0.61,0.87,CHARGESHEET,1
E000372,P000113,Mushtaq Khan,P000116,Kishan Godara,ASSOCIATE_OF,,2023-09-01,0.53,0.61,SOCIAL_MEDIA_INTEL,0
E000373,P000118,Bikramjit Sidhu,P000126,Haroon Baig,ASSOCIATE_OF,,2019-01-23,0.58,0.91,SURVEILLANCE_REPORT,1
E000374,P000118,Bikramjit Sidhu,P000093,Wasim Baig,ASSOCIATE_OF,,2018-10-15,0.57,0.55,FIR,1
E000375,P000126,Haroon Baig,P000172,Kanta Choudhary,ASSOCIATE_OF,,2019-04-10,0.48,0.75,INTELLIGENCE_REPORT,1
E000376,P000129,Kulwant Aulakh,P000168,Sukhdev Bhullar,ASSOCIATE_OF,,2025-03-30,0.76,0.81,SEIZURE_MEMO,1
E000377,P000129,Kulwant Aulakh,P000116,Kishan Godara,ASSOCIATE_OF,,2022-01-04,0.36,0.84,TOWER_DUMP,0
E000378,P000112,Rafiq Ansari,P000131,Imran Siddiqui,ASSOCIATE_OF,,2019-05-07,0.39,0.72,SURVEILLANCE_REPORT,1
E000379,P000172,Kanta Choudhary,P000168,Sukhdev Bhullar,ASSOCIATE_OF,,2022-11-05,0.5,0.61,PASSPORT_IMMIGRATION,1
E000380,P000172,Kanta Choudhary,P000093,Wasim Baig,ASSOCIATE_OF,,2025-02-11,0.75,0.76,INFORMANT_TIP,1
E000381,P000094,Malkiat Grewal,P000098,Haroon Rahman,ASSOCIATE_OF,,2021-07-24,0.37,0.65,PASSPORT_IMMIGRATION,0
E000382,P000094,Malkiat Grewal,P000131,Imran Siddiqui,ASSOCIATE_OF,,2020-04-12,0.68,0.76,SOCIAL_MEDIA_INTEL,0
E000383,P000131,Imran Siddiqui,P000125,Sarfaraz Idrisi,ASSOCIATE_OF,,2019-09-17,0.31,0.55,CDR,1
E000384,P000116,Kishan Godara,P000125,Sarfaraz Idrisi,ASSOCIATE_OF,,2020-11-16,0.75,0.61,INFORMANT_TIP,0
E000385,P000165,Nadeem Chaudhary,P000156,Paramjit Gill,REPORTS_TO,,2023-08-22,0.69,0.8,BANK_STATEMENT,0
E000386,P000156,Paramjit Gill,P000165,Nadeem Chaudhary,HANDLER_OF,,2023-04-20,0.52,0.82,INTELLIGENCE_REPORT,1
E000387,P000163,Shahnaz Siddiqui,P000156,Paramjit Gill,REPORTS_TO,,2018-10-29,0.66,0.55,CHARGESHEET,1
E000388,P000156,Paramjit Gill,P000163,Shahnaz Siddiqui,RECRUITED_BY,,2022-09-19,0.76,0.71,BANK_STATEMENT,0
E000389,P000161,Mohan Sisodia,P000156,Paramjit Gill,REPORTS_TO,,2020-07-27,0.7,0.91,PASSPORT_IMMIGRATION,0
E000390,P000097,Manpreet Sekhon,P000156,Paramjit Gill,REPORTS_TO,,2018-09-21,0.57,0.7,BANK_STATEMENT,0
E000391,P000166,Faizan Hussain,P000156,Paramjit Gill,REPORTS_TO,,2024-04-25,0.62,0.6,PASSPORT_IMMIGRATION,0
E000392,P000156,Paramjit Gill,P000166,Faizan Hussain,RECRUITED_BY,,2024-05-25,0.27,0.5,CRIMINAL_HISTORY_DB,1
E000393,P000154,Nadeem Farooqui,P000156,Paramjit Gill,REPORTS_TO,,2024-05-19,0.82,0.98,CHARGESHEET,1
E000394,P000174,Ranveer Gurjar,P000156,Paramjit Gill,REPORTS_TO,,2025-03-11,0.76,0.56,CHARGESHEET,1
E000395,P000124,Rafiq Baig,P000156,Paramjit Gill,REPORTS_TO,,2023-11-07,0.76,0.68,CHARGESHEET,1
E000396,P000136,Amarjit Grewal,P000156,Paramjit Gill,REPORTS_TO,,2021-11-17,0.77,0.94,TOWER_DUMP,1
E000397,P000144,Yusuf Baig,P000156,Paramjit Gill,REPORTS_TO,,2022-01-08,0.8,0.98,INFORMANT_TIP,0
E000398,P000156,Paramjit Gill,P000144,Yusuf Baig,RECRUITED_BY,,2021-06-27,0.35,0.49,TOWER_DUMP,1
E000399,P000148,Bhanwar Saini,P000156,Paramjit Gill,REPORTS_TO,,2025-05-03,0.61,0.56,SEIZURE_MEMO,1
E000400,P000106,Amarjit Sidhu,P000156,Paramjit Gill,REPORTS_TO,,2025-04-07,0.66,0.84,SURVEILLANCE_REPORT,0
E000401,P000160,Rachhpal Singh,P000156,Paramjit Gill,REPORTS_TO,,2019-09-28,0.53,0.92,INFORMANT_TIP,1
E000402,P000155,Ashfaq Shaikh,P000156,Paramjit Gill,REPORTS_TO,,2018-07-10,0.73,0.62,INFORMANT_TIP,0
E000403,P000162,Amarjit Dhillon,P000156,Paramjit Gill,REPORTS_TO,,2019-10-27,0.54,0.62,TOWER_DUMP,1
E000404,P000100,Ranveer Choudhary,P000156,Paramjit Gill,REPORTS_TO,,2019-01-30,0.67,0.74,FIR,0
E000405,P000134,Tanveer Sheikh,P000156,Paramjit Gill,REPORTS_TO,,2022-03-22,0.87,0.45,INFORMANT_TIP,0
E000406,P000150,Sarfaraz Mansuri,P000156,Paramjit Gill,REPORTS_TO,,2018-03-23,0.67,0.49,SURVEILLANCE_REPORT,0
E000407,P000114,Gayatri Jat,P000156,Paramjit Gill,REPORTS_TO,,2019-04-17,0.79,0.79,TOWER_DUMP,0
E000408,P000156,Paramjit Gill,P000114,Gayatri Jat,HANDLER_OF,,2025-12-03,0.78,0.65,PASSPORT_IMMIGRATION,1
E000409,P000165,Nadeem Chaudhary,P000114,Gayatri Jat,ASSOCIATE_OF,,2026-06-06,0.48,0.85,INFORMANT_TIP,0
E000410,P000163,Shahnaz Siddiqui,P000154,Nadeem Farooqui,ASSOCIATE_OF,,2024-02-21,0.34,0.54,INFORMANT_TIP,0
E000411,P000163,Shahnaz Siddiqui,P000174,Ranveer Gurjar,ASSOCIATE_OF,,2026-03-03,0.39,0.73,CDR,1
E000412,P000163,Shahnaz Siddiqui,P000106,Amarjit Sidhu,ASSOCIATE_OF,,2021-03-30,0.61,0.9,PASSPORT_IMMIGRATION,0
E000413,P000163,Shahnaz Siddiqui,P000155,Ashfaq Shaikh,ASSOCIATE_OF,,2023-02-27,0.68,0.86,TOWER_DUMP,0
E000414,P000163,Shahnaz Siddiqui,P000162,Amarjit Dhillon,ASSOCIATE_OF,,2024-11-28,0.5,0.58,BANK_STATEMENT,0
E000415,P000163,Shahnaz Siddiqui,P000134,Tanveer Sheikh,ASSOCIATE_OF,,2025-07-05,0.35,0.49,FIR,1
E000416,P000097,Manpreet Sekhon,P000124,Rafiq Baig,ASSOCIATE_OF,,2024-04-28,0.32,0.47,CHARGESHEET,1
E000417,P000097,Manpreet Sekhon,P000148,Bhanwar Saini,ASSOCIATE_OF,,2025-04-29,0.65,0.71,SURVEILLANCE_REPORT,0
E000418,P000166,Faizan Hussain,P000148,Bhanwar Saini,ASSOCIATE_OF,,2022-02-25,0.45,0.92,INFORMANT_TIP,1
E000419,P000154,Nadeem Farooqui,P000136,Amarjit Grewal,ASSOCIATE_OF,,2019-10-15,0.73,0.64,SURVEILLANCE_REPORT,0
E000420,P000174,Ranveer Gurjar,P000124,Rafiq Baig,ASSOCIATE_OF,,2021-08-28,0.37,0.76,BANK_STATEMENT,0
E000421,P000174,Ranveer Gurjar,P000136,Amarjit Grewal,ASSOCIATE_OF,,2022-10-14,0.69,0.74,IPDR,1
E000422,P000174,Ranveer Gurjar,P000144,Yusuf Baig,ASSOCIATE_OF,,2019-05-21,0.8,0.97,CDR,1
E000423,P000174,Ranveer Gurjar,P000106,Amarjit Sidhu,ASSOCIATE_OF,,2018-10-27,0.66,0.62,CDR,0
E000424,P000124,Rafiq Baig,P000144,Yusuf Baig,ASSOCIATE_OF,,2024-12-04,0.34,0.58,PASSPORT_IMMIGRATION,0
E000425,P000124,Rafiq Baig,P000162,Amarjit Dhillon,ASSOCIATE_OF,,2021-04-01,0.7,0.55,SEIZURE_MEMO,1
E000426,P000124,Rafiq Baig,P000134,Tanveer Sheikh,ASSOCIATE_OF,,2023-10-25,0.49,0.5,PASSPORT_IMMIGRATION,1
E000427,P000136,Amarjit Grewal,P000144,Yusuf Baig,ASSOCIATE_OF,,2019-04-21,0.74,0.69,INTELLIGENCE_REPORT,1
E000428,P000136,Amarjit Grewal,P000162,Amarjit Dhillon,ASSOCIATE_OF,,2022-05-26,0.59,0.66,CDR,1
E000429,P000136,Amarjit Grewal,P000150,Sarfaraz Mansuri,ASSOCIATE_OF,,2025-08-21,0.51,0.96,FIR,1
E000430,P000144,Yusuf Baig,P000150,Sarfaraz Mansuri,ASSOCIATE_OF,,2023-07-15,0.64,0.5,IPDR,1
E000431,P000148,Bhanwar Saini,P000114,Gayatri Jat,ASSOCIATE_OF,,2023-04-03,0.72,0.55,SOCIAL_MEDIA_INTEL,1
E000432,P000106,Amarjit Sidhu,P000162,Amarjit Dhillon,ASSOCIATE_OF,,2021-07-11,0.6,0.58,CRIMINAL_HISTORY_DB,1
E000433,P000106,Amarjit Sidhu,P000114,Gayatri Jat,ASSOCIATE_OF,,2021-07-18,0.5,0.9,SEIZURE_MEMO,0
E000434,P000155,Ashfaq Shaikh,P000162,Amarjit Dhillon,ASSOCIATE_OF,,2026-03-03,0.47,0.66,IPDR,0
E000435,P000155,Ashfaq Shaikh,P000150,Sarfaraz Mansuri,ASSOCIATE_OF,,2025-03-16,0.58,0.57,TOWER_DUMP,0
E000436,P000162,Amarjit Dhillon,P000150,Sarfaraz Mansuri,ASSOCIATE_OF,,2018-06-06,0.75,0.83,CDR,1
E000437,P000134,Tanveer Sheikh,P000114,Gayatri Jat,ASSOCIATE_OF,,2020-09-26,0.66,0.55,CRIMINAL_HISTORY_DB,0
E000438,P000168,Sukhdev Bhullar,P000134,Tanveer Sheikh,ASSOCIATE_OF,,2018-12-13,0.63,0.83,SURVEILLANCE_REPORT,0
E000439,P000139,Chhagan Saini,P000135,Karni Meena,CO_ACCUSED_WITH,,2022-09-28,0.94,0.56,FIR,0
E000440,P000119,Faizan Alam,P000160,Rachhpal Singh,SHARES_HIDEOUT_WITH,,2024-08-03,0.52,0.65,CHARGESHEET,1
E000441,P000144,Yusuf Baig,P000157,Devi Lal Godara,SHARES_HIDEOUT_WITH,,2020-08-24,0.77,0.52,SOCIAL_MEDIA_INTEL,0
E000442,P000164,Gurmeet Aulakh,P000138,Rajwinder Sarao,ASSOCIATE_OF,,2024-07-31,0.77,0.85,BANK_STATEMENT,1
E000443,P000163,Shahnaz Siddiqui,P000152,Bhoma Poonia,ASSOCIATE_OF,,2020-09-11,0.86,0.87,SEIZURE_MEMO,0
E000444,P000159,Lakhwinder Brar,P000152,Bhoma Poonia,SHARES_HIDEOUT_WITH,,2022-11-03,0.95,0.73,SEIZURE_MEMO,0
E000445,P000117,Nathu Choudhary,P000093,Wasim Baig,CO_ACCUSED_WITH,,2025-07-21,0.38,0.89,FIR,0
E000446,P000121,Ashfaq Saifi,P000156,Paramjit Gill,ASSOCIATE_OF,,2024-05-22,0.7,0.64,SEIZURE_MEMO,1
E000447,P000133,Gurmeet Bajwa,P000115,Nirmal Singh,FAMILY_OF,Uncle,2025-11-09,0.9,0.95,CRIMINAL_HISTORY_DB,1
E000448,P000106,Amarjit Sidhu,P000146,Paramjit Sarao,FAMILY_OF,Son,2019-12-23,0.9,0.95,CRIMINAL_HISTORY_DB,1
E000449,P000205,Anup Adhikari,P000181,Satish Rajput,REPORTS_TO,,2021-02-02,0.87,0.9,INTELLIGENCE_REPORT,1
E000450,P000219,Jagdish Tomar,P000181,Satish Rajput,REPORTS_TO,,2021-11-01,0.83,0.9,INTELLIGENCE_REPORT,1
E000451,P000229,Abdul Sheikh,P000181,Satish Rajput,REPORTS_TO,,2021-05-08,0.99,0.9,INTELLIGENCE_REPORT,1
E000452,P000243,Reshma Hussain,P000181,Satish Rajput,REPORTS_TO,,2019-11-25,0.77,0.9,INTELLIGENCE_REPORT,1
E000453,P000257,Sarfaraz Zaidi,P000181,Satish Rajput,REPORTS_TO,,2025-10-13,0.8,0.9,INTELLIGENCE_REPORT,1
E000454,P000268,Deepak Sengar,P000181,Satish Rajput,REPORTS_TO,,2023-11-03,0.97,0.9,INTELLIGENCE_REPORT,1
E000455,P000285,Vijay Dixit,P000181,Satish Rajput,FINANCES,,2018-10-21,0.74,0.86,BANK_STATEMENT,1
E000456,P000190,Iqbal Khan,P000181,Satish Rajput,FINANCES,,2024-06-25,0.87,0.86,BANK_STATEMENT,1
E000457,P000181,Satish Rajput,P000245,Kartik Adhikari,HANDLER_OF,,2021-01-24,0.27,0.6,INTELLIGENCE_REPORT,0
E000458,P000205,Anup Adhikari,P000288,Gautam Ghosh,REPORTS_TO,,2023-06-22,0.95,0.9,INTELLIGENCE_REPORT,1
E000459,P000219,Jagdish Tomar,P000288,Gautam Ghosh,REPORTS_TO,,2026-04-01,0.96,0.9,INTELLIGENCE_REPORT,1
E000460,P000229,Abdul Sheikh,P000288,Gautam Ghosh,REPORTS_TO,,2024-06-03,0.81,0.9,INTELLIGENCE_REPORT,1
E000461,P000243,Reshma Hussain,P000288,Gautam Ghosh,REPORTS_TO,,2020-11-21,0.87,0.9,INTELLIGENCE_REPORT,1
E000462,P000257,Sarfaraz Zaidi,P000288,Gautam Ghosh,REPORTS_TO,,2018-05-26,0.93,0.9,INTELLIGENCE_REPORT,1
E000463,P000268,Deepak Sengar,P000288,Gautam Ghosh,REPORTS_TO,,2021-04-03,0.75,0.9,INTELLIGENCE_REPORT,1
E000464,P000190,Iqbal Khan,P000288,Gautam Ghosh,FINANCES,,2024-07-15,0.88,0.86,BANK_STATEMENT,1
E000465,P000253,Ibrahim Shaikh,P000288,Gautam Ghosh,FINANCES,,2026-02-09,0.76,0.86,BANK_STATEMENT,1
E000466,P000241,Shakeel Zaidi,P000205,Anup Adhikari,REPORTS_TO,,2018-12-31,0.57,0.77,TOWER_DUMP,1
E000467,P000267,Sanjib Dutta,P000205,Anup Adhikari,REPORTS_TO,,2024-01-18,0.68,0.71,INTELLIGENCE_REPORT,1
E000468,P000230,Tapan Sarkar,P000205,Anup Adhikari,REPORTS_TO,,2024-03-13,0.7,0.86,INTELLIGENCE_REPORT,1
E000469,P000188,Sujoy Sarkar,P000205,Anup Adhikari,REPORTS_TO,,2025-02-07,0.59,0.6,CDR,1
E000470,P000263,Palash Sen,P000205,Anup Adhikari,REPORTS_TO,,2023-04-13,0.6,0.46,FIR,0
E000471,P000192,Faizan Malik,P000205,Anup Adhikari,REPORTS_TO,,2024-01-31,0.88,0.68,CRIMINAL_HISTORY_DB,1
E000472,P000283,Shakeel Sheikh,P000205,Anup Adhikari,REPORTS_TO,,2023-09-25,0.88,0.61,CHARGESHEET,0
E000473,P000191,Firoz Sheikh,P000205,Anup Adhikari,REPORTS_TO,,2025-01-12,0.72,0.65,CDR,1
E000474,P000247,Deepak Nagar,P000205,Anup Adhikari,REPORTS_TO,,2023-01-17,0.8,0.8,PASSPORT_IMMIGRATION,0
E000475,P000205,Anup Adhikari,P000247,Deepak Nagar,RECRUITED_BY,,2021-02-13,0.96,0.97,BANK_STATEMENT,0
E000476,P000232,Netrapal Singh,P000205,Anup Adhikari,REPORTS_TO,,2022-01-05,0.63,0.57,IPDR,0
E000477,P000261,Sunil Shukla,P000205,Anup Adhikari,REPORTS_TO,,2025-08-11,0.88,0.86,SEIZURE_MEMO,0
E000478,P000220,Yogendra Gupta,P000205,Anup Adhikari,REPORTS_TO,,2025-08-30,0.75,0.52,CDR,1
E000479,P000212,Mousumi Sen,P000205,Anup Adhikari,REPORTS_TO,,2022-04-25,0.8,0.45,FIR,0
E000480,P000205,Anup Adhikari,P000212,Mousumi Sen,HANDLER_OF,,2019-01-29,0.56,0.84,PASSPORT_IMMIGRATION,1
E000481,P000264,Girdhari Prajapati,P000205,Anup Adhikari,REPORTS_TO,,2021-05-01,0.58,0.87,IPDR,1
E000482,P000205,Anup Adhikari,P000264,Girdhari Prajapati,HANDLER_OF,,2018-06-19,0.91,0.77,INTELLIGENCE_REPORT,1
E000483,P000211,Imran Baig,P000205,Anup Adhikari,REPORTS_TO,,2024-03-19,0.6,0.84,FIR,1
E000484,P000287,Mahesh Maurya,P000205,Anup Adhikari,REPORTS_TO,,2024-11-10,0.9,0.54,FIR,1
E000485,P000205,Anup Adhikari,P000287,Mahesh Maurya,RECRUITED_BY,,2020-04-04,0.27,0.48,CRIMINAL_HISTORY_DB,0
E000486,P000248,Afsana Ansari,P000205,Anup Adhikari,REPORTS_TO,,2025-03-30,0.55,0.89,PASSPORT_IMMIGRATION,1
E000487,P000205,Anup Adhikari,P000248,Afsana Ansari,HANDLER_OF,,2026-04-18,0.36,0.56,INTELLIGENCE_REPORT,1
E000488,P000240,Javed Ansari,P000205,Anup Adhikari,REPORTS_TO,,2023-05-27,0.85,0.98,SOCIAL_MEDIA_INTEL,0
E000489,P000267,Sanjib Dutta,P000220,Yogendra Gupta,ASSOCIATE_OF,,2025-01-12,0.63,0.89,BANK_STATEMENT,1
E000490,P000230,Tapan Sarkar,P000188,Sujoy Sarkar,ASSOCIATE_OF,,2018-07-12,0.36,0.69,TOWER_DUMP,0
E000491,P000230,Tapan Sarkar,P000192,Faizan Malik,ASSOCIATE_OF,,2023-07-26,0.4,0.83,PASSPORT_IMMIGRATION,1
E000492,P000230,Tapan Sarkar,P000283,Shakeel Sheikh,ASSOCIATE_OF,,2019-10-28,0.61,0.85,CRIMINAL_HISTORY_DB,0
E000493,P000230,Tapan Sarkar,P000232,Netrapal Singh,ASSOCIATE_OF,,2025-06-22,0.33,0.89,CDR,0
E000494,P000230,Tapan Sarkar,P000240,Javed Ansari,ASSOCIATE_OF,,2025-12-28,0.59,0.55,SURVEILLANCE_REPORT,1
E000495,P000188,Sujoy Sarkar,P000192,Faizan Malik,ASSOCIATE_OF,,2020-10-12,0.59,0.82,INTELLIGENCE_REPORT,1
E000496,P000263,Palash Sen,P000191,Firoz Sheikh,ASSOCIATE_OF,,2019-11-30,0.49,0.64,PASSPORT_IMMIGRATION,1
E000497,P000192,Faizan Malik,P000287,Mahesh Maurya,ASSOCIATE_OF,,2024-08-06,0.78,0.77,CRIMINAL_HISTORY_DB,1
E000498,P000283,Shakeel Sheikh,P000211,Imran Baig,ASSOCIATE_OF,,2020-11-12,0.34,0.87,FIR,0
E000499,P000283,Shakeel Sheikh,P000248,Afsana Ansari,ASSOCIATE_OF,,2021-07-27,0.55,0.57,SEIZURE_MEMO,0
E000500,P000232,Netrapal Singh,P000264,Girdhari Prajapati,ASSOCIATE_OF,,2025-12-31,0.46,0.76,IPDR,0
E000501,P000261,Sunil Shukla,P000287,Mahesh Maurya,ASSOCIATE_OF,,2018-06-28,0.4,0.6,PASSPORT_IMMIGRATION,1
E000502,P000261,Sunil Shukla,P000248,Afsana Ansari,ASSOCIATE_OF,,2018-12-04,0.37,0.59,CRIMINAL_HISTORY_DB,1
E000503,P000212,Mousumi Sen,P000287,Mahesh Maurya,ASSOCIATE_OF,,2019-06-24,0.48,0.69,PASSPORT_IMMIGRATION,1
E000504,P000264,Girdhari Prajapati,P000240,Javed Ansari,ASSOCIATE_OF,,2024-03-17,0.72,0.5,SURVEILLANCE_REPORT,1
E000505,P000287,Mahesh Maurya,P000248,Afsana Ansari,ASSOCIATE_OF,,2018-03-28,0.42,0.78,FIR,1
E000506,P000287,Mahesh Maurya,P000240,Javed Ansari,ASSOCIATE_OF,,2023-03-27,0.61,0.91,IPDR,0
E000507,P000248,Afsana Ansari,P000240,Javed Ansari,ASSOCIATE_OF,,2024-09-24,0.54,0.95,CRIMINAL_HISTORY_DB,0
E000508,P000273,Sukumar Chakraborty,P000219,Jagdish Tomar,REPORTS_TO,,2026-06-23,0.8,0.8,FIR,1
E000509,P000195,Anil Thakur,P000219,Jagdish Tomar,REPORTS_TO,,2023-11-19,0.86,0.52,INFORMANT_TIP,1
E000510,P000245,Kartik Adhikari,P000219,Jagdish Tomar,REPORTS_TO,,2025-12-14,0.79,0.79,CRIMINAL_HISTORY_DB,0
E000511,P000214,Subhas Dutta,P000219,Jagdish Tomar,REPORTS_TO,,2026-05-02,0.6,0.94,SURVEILLANCE_REPORT,1
E000512,P000251,Javed Chaudhary,P000219,Jagdish Tomar,REPORTS_TO,,2019-06-01,0.86,0.94,CRIMINAL_HISTORY_DB,1
E000513,P000239,Kuldeep Rathore,P000219,Jagdish Tomar,REPORTS_TO,,2026-05-12,0.56,0.52,SEIZURE_MEMO,1
E000514,P000275,Arif Shaikh,P000219,Jagdish Tomar,REPORTS_TO,,2023-06-09,0.52,0.74,PASSPORT_IMMIGRATION,1
E000515,P000200,Kavita Dubey,P000219,Jagdish Tomar,REPORTS_TO,,2025-10-14,0.62,0.92,INFORMANT_TIP,0
E000516,P000280,Ashim Sardar,P000219,Jagdish Tomar,REPORTS_TO,,2026-02-26,0.78,0.6,CRIMINAL_HISTORY_DB,1
E000517,P000219,Jagdish Tomar,P000280,Ashim Sardar,HANDLER_OF,,2020-01-17,0.21,0.98,SOCIAL_MEDIA_INTEL,0
E000518,P000193,Nirmal Barman,P000219,Jagdish Tomar,REPORTS_TO,,2023-05-27,0.87,0.91,INTELLIGENCE_REPORT,1
E000519,P000250,Palash Ghosh,P000219,Jagdish Tomar,REPORTS_TO,,2020-11-04,0.52,0.95,SEIZURE_MEMO,0
E000520,P000279,Bhupendra Awasthi,P000219,Jagdish Tomar,REPORTS_TO,,2026-02-21,0.63,0.94,TOWER_DUMP,1
E000521,P000221,Triloki Solanki,P000219,Jagdish Tomar,REPORTS_TO,,2018-09-21,0.58,0.9,FIR,1
E000522,P000217,Vinod Sharma,P000219,Jagdish Tomar,REPORTS_TO,,2024-05-08,0.77,0.49,TOWER_DUMP,0
E000523,P000194,Bandana Das,P000219,Jagdish Tomar,REPORTS_TO,,2021-09-03,0.87,0.85,SEIZURE_MEMO,1
E000524,P000219,Jagdish Tomar,P000194,Bandana Das,RECRUITED_BY,,2019-07-13,0.59,0.97,SEIZURE_MEMO,0
E000525,P000186,Netrapal Rathore,P000219,Jagdish Tomar,REPORTS_TO,,2024-10-19,0.54,0.94,SOCIAL_MEDIA_INTEL,0
E000526,P000281,Subhas Adhikari,P000219,Jagdish Tomar,REPORTS_TO,,2022-01-10,0.75,0.45,INFORMANT_TIP,0
E000527,P000249,Firoz Sheikh,P000219,Jagdish Tomar,REPORTS_TO,,2021-12-30,0.68,0.99,CRIMINAL_HISTORY_DB,0
E000528,P000219,Jagdish Tomar,P000249,Firoz Sheikh,RECRUITED_BY,,2020-07-28,0.21,0.85,CDR,0
E000529,P000195,Anil Thakur,P000245,Kartik Adhikari,ASSOCIATE_OF,,2025-04-27,0.43,0.48,SURVEILLANCE_REPORT,0
E000530,P000195,Anil Thakur,P000217,Vinod Sharma,ASSOCIATE_OF,,2022-02-08,0.46,0.69,IPDR,1
E000531,P000245,Kartik Adhikari,P000200,Kavita Dubey,ASSOCIATE_OF,,2022-02-01,0.57,0.59,CHARGESHEET,0
E000532,P000245,Kartik Adhikari,P000279,Bhupendra Awasthi,ASSOCIATE_OF,,2025-05-18,0.76,0.96,CHARGESHEET,1
E000533,P000245,Kartik Adhikari,P000249,Firoz Sheikh,ASSOCIATE_OF,,2022-01-20,0.38,0.65,CDR,0
E000534,P000214,Subhas Dutta,P000281,Subhas Adhikari,ASSOCIATE_OF,,2022-05-22,0.57,0.59,SURVEILLANCE_REPORT,1
E000535,P000251,Javed Chaudhary,P000279,Bhupendra Awasthi,ASSOCIATE_OF,,2018-03-02,0.61,0.59,CDR,1
E000536,P000251,Javed Chaudhary,P000217,Vinod Sharma,ASSOCIATE_OF,,2018-08-18,0.31,0.78,SEIZURE_MEMO,1
E000537,P000251,Javed Chaudhary,P000249,Firoz Sheikh,ASSOCIATE_OF,,2023-07-22,0.73,0.46,BANK_STATEMENT,1
E000538,P000239,Kuldeep Rathore,P000250,Palash Ghosh,ASSOCIATE_OF,,2023-06-26,0.35,0.83,CDR,1
E000539,P000275,Arif Shaikh,P000280,Ashim Sardar,ASSOCIATE_OF,,2022-07-21,0.76,0.98,INFORMANT_TIP,1
E000540,P000275,Arif Shaikh,P000221,Triloki Solanki,ASSOCIATE_OF,,2021-06-12,0.46,0.73,BANK_STATEMENT,1
E000541,P000200,Kavita Dubey,P000250,Palash Ghosh,ASSOCIATE_OF,,2018-01-10,0.68,0.49,FIR,1
E000542,P000200,Kavita Dubey,P000186,Netrapal Rathore,ASSOCIATE_OF,,2018-09-15,0.54,0.63,CHARGESHEET,1
E000543,P000280,Ashim Sardar,P000193,Nirmal Barman,ASSOCIATE_OF,,2021-01-27,0.72,0.91,SEIZURE_MEMO,1
E000544,P000280,Ashim Sardar,P000186,Netrapal Rathore,ASSOCIATE_OF,,2025-11-08,0.63,0.88,PASSPORT_IMMIGRATION,0
E000545,P000193,Nirmal Barman,P000186,Netrapal Rathore,ASSOCIATE_OF,,2020-02-03,0.72,0.8,CHARGESHEET,1
E000546,P000193,Nirmal Barman,P000249,Firoz Sheikh,ASSOCIATE_OF,,2020-06-12,0.63,0.45,CHARGESHEET,0
E000547,P000250,Palash Ghosh,P000217,Vinod Sharma,ASSOCIATE_OF,,2018-10-01,0.56,0.89,TOWER_DUMP,0
E000548,P000279,Bhupendra Awasthi,P000221,Triloki Solanki,ASSOCIATE_OF,,2019-09-05,0.44,0.98,INFORMANT_TIP,0
E000549,P000221,Triloki Solanki,P000281,Subhas Adhikari,ASSOCIATE_OF,,2024-05-31,0.56,0.63,CDR,0
E000550,P000221,Triloki Solanki,P000249,Firoz Sheikh,ASSOCIATE_OF,,2020-08-19,0.36,0.96,CDR,1
E000551,P000227,Pradip Biswas,P000229,Abdul Sheikh,REPORTS_TO,,2025-07-11,0.62,0.52,CRIMINAL_HISTORY_DB,1
E000552,P000255,Lekhraj Dixit,P000229,Abdul Sheikh,REPORTS_TO,,2023-07-17,0.57,0.59,CHARGESHEET,0
E000553,P000198,Pradip Barman,P000229,Abdul Sheikh,REPORTS_TO,,2022-12-05,0.8,0.61,IPDR,1
E000554,P000183,Ranjan Mondal,P000229,Abdul Sheikh,REPORTS_TO,,2021-01-22,0.6,0.95,INFORMANT_TIP,0
E000555,P000190,Iqbal Khan,P000229,Abdul Sheikh,REPORTS_TO,,2018-09-20,0.53,0.47,BANK_STATEMENT,0
E000556,P000270,Bhupendra Awasthi,P000229,Abdul Sheikh,REPORTS_TO,,2022-05-14,0.67,0.45,FIR,0
E000557,P000237,Tapan Sardar,P000229,Abdul Sheikh,REPORTS_TO,,2020-04-08,0.71,0.45,BANK_STATEMENT,1
E000558,P000289,Netrapal Dixit,P000229,Abdul Sheikh,REPORTS_TO,,2020-08-31,0.76,0.68,TOWER_DUMP,0
E000559,P000229,Abdul Sheikh,P000289,Netrapal Dixit,RECRUITED_BY,,2021-06-18,0.47,0.74,CRIMINAL_HISTORY_DB,1
E000560,P000226,Debashish Roy,P000229,Abdul Sheikh,REPORTS_TO,,2025-10-19,0.87,0.96,BANK_STATEMENT,1
E000561,P000229,Abdul Sheikh,P000226,Debashish Roy,HANDLER_OF,,2021-03-19,0.89,0.59,CDR,1
E000562,P000256,Mahesh Verma,P000229,Abdul Sheikh,REPORTS_TO,,2019-10-28,0.8,0.49,INTELLIGENCE_REPORT,1
E000563,P000229,Abdul Sheikh,P000256,Mahesh Verma,RECRUITED_BY,,2021-03-19,0.43,0.8,CDR,1
E000564,P000234,Faizan Shaikh,P000229,Abdul Sheikh,REPORTS_TO,,2022-11-14,0.82,0.88,TOWER_DUMP,0
E000565,P000197,Gopal Roy,P000229,Abdul Sheikh,REPORTS_TO,,2019-05-13,0.54,0.49,INFORMANT_TIP,0
E000566,P000285,Vijay Dixit,P000229,Abdul Sheikh,REPORTS_TO,,2024-10-30,0.84,0.46,FIR,0
E000567,P000229,Abdul Sheikh,P000285,Vijay Dixit,RECRUITED_BY,,2020-02-16,0.79,0.74,SOCIAL_MEDIA_INTEL,0
E000568,P000259,Rizwan Baig,P000229,Abdul Sheikh,REPORTS_TO,,2025-09-13,0.79,0.51,INTELLIGENCE_REPORT,1
E000569,P000210,Haroon Idrisi,P000229,Abdul Sheikh,REPORTS_TO,,2020-10-26,0.65,0.63,CDR,1
E000570,P000258,Subhas Roy,P000229,Abdul Sheikh,REPORTS_TO,,2019-03-11,0.68,0.48,SURVEILLANCE_REPORT,1
E000571,P000274,Anwar Sheikh,P000229,Abdul Sheikh,REPORTS_TO,,2023-05-21,0.59,0.97,CRIMINAL_HISTORY_DB,1
E000572,P000271,Ranjan Gayen,P000229,Abdul Sheikh,REPORTS_TO,,2018-05-21,0.6,0.79,CRIMINAL_HISTORY_DB,1
E000573,P000227,Pradip Biswas,P000255,Lekhraj Dixit,ASSOCIATE_OF,,2022-02-23,0.48,0.61,BANK_STATEMENT,0
E000574,P000227,Pradip Biswas,P000190,Iqbal Khan,ASSOCIATE_OF,,2024-05-27,0.75,0.51,INFORMANT_TIP,1
E000575,P000227,Pradip Biswas,P000289,Netrapal Dixit,ASSOCIATE_OF,,2026-05-20,0.39,0.46,SURVEILLANCE_REPORT,0
E000576,P000227,Pradip Biswas,P000259,Rizwan Baig,ASSOCIATE_OF,,2025-11-29,0.53,0.67,SURVEILLANCE_REPORT,0
E000577,P000227,Pradip Biswas,P000258,Subhas Roy,ASSOCIATE_OF,,2026-01-09,0.44,0.71,INTELLIGENCE_REPORT,1
E000578,P000227,Pradip Biswas,P000274,Anwar Sheikh,ASSOCIATE_OF,,2025-06-01,0.77,0.84,PASSPORT_IMMIGRATION,0
E000579,P000255,Lekhraj Dixit,P000183,Ranjan Mondal,ASSOCIATE_OF,,2025-10-21,0.38,0.75,SEIZURE_MEMO,0
E000580,P000255,Lekhraj Dixit,P000237,Tapan Sardar,ASSOCIATE_OF,,2026-02-17,0.51,0.61,INFORMANT_TIP,0
E000581,P000255,Lekhraj Dixit,P000258,Subhas Roy,ASSOCIATE_OF,,2018-07-20,0.36,0.96,PASSPORT_IMMIGRATION,0
E000582,P000198,Pradip Barman,P000270,Bhupendra Awasthi,ASSOCIATE_OF,,2022-11-04,0.49,0.61,INTELLIGENCE_REPORT,0
E000583,P000198,Pradip Barman,P000289,Netrapal Dixit,ASSOCIATE_OF,,2022-12-13,0.79,0.62,TOWER_DUMP,1
E000584,P000198,Pradip Barman,P000285,Vijay Dixit,ASSOCIATE_OF,,2022-08-19,0.57,0.81,CHARGESHEET,0
E000585,P000183,Ranjan Mondal,P000289,Netrapal Dixit,ASSOCIATE_OF,,2019-09-20,0.57,0.79,BANK_STATEMENT,1
E000586,P000183,Ranjan Mondal,P000197,Gopal Roy,ASSOCIATE_OF,,2019-12-06,0.71,0.93,TOWER_DUMP,0
E000587,P000270,Bhupendra Awasthi,P000234,Faizan Shaikh,ASSOCIATE_OF,,2025-07-26,0.75,0.56,FIR,1
E000588,P000270,Bhupendra Awasthi,P000285,Vijay Dixit,ASSOCIATE_OF,,2021-11-07,0.4,0.66,CHARGESHEET,1
E000589,P000237,Tapan Sardar,P000234,Faizan Shaikh,ASSOCIATE_OF,,2024-05-28,0.52,0.5,CRIMINAL_HISTORY_DB,1
E000590,P000289,Netrapal Dixit,P000210,Haroon Idrisi,ASSOCIATE_OF,,2019-09-19,0.5,0.74,SURVEILLANCE_REPORT,0
E000591,P000226,Debashish Roy,P000258,Subhas Roy,ASSOCIATE_OF,,2023-08-29,0.31,0.49,SOCIAL_MEDIA_INTEL,1
E000592,P000256,Mahesh Verma,P000210,Haroon Idrisi,ASSOCIATE_OF,,2025-11-16,0.69,0.8,CHARGESHEET,1
E000593,P000256,Mahesh Verma,P000258,Subhas Roy,ASSOCIATE_OF,,2022-01-22,0.53,0.72,CRIMINAL_HISTORY_DB,1
E000594,P000234,Faizan Shaikh,P000197,Gopal Roy,ASSOCIATE_OF,,2026-04-02,0.51,0.77,FIR,1
E000595,P000197,Gopal Roy,P000210,Haroon Idrisi,ASSOCIATE_OF,,2026-02-09,0.53,0.8,SEIZURE_MEMO,0
E000596,P000259,Rizwan Baig,P000258,Subhas Roy,ASSOCIATE_OF,,2020-08-27,0.47,0.54,SOCIAL_MEDIA_INTEL,0
E000597,P000210,Haroon Idrisi,P000271,Ranjan Gayen,ASSOCIATE_OF,,2025-06-27,0.7,0.6,SOCIAL_MEDIA_INTEL,1
E000598,P000208,Mushtaq Rahman,P000243,Reshma Hussain,REPORTS_TO,,2023-07-28,0.87,0.46,CHARGESHEET,0
E000599,P000242,Pradeep Maurya,P000243,Reshma Hussain,REPORTS_TO,,2021-05-01,0.66,0.6,SOCIAL_MEDIA_INTEL,1
E000600,P000243,Reshma Hussain,P000242,Pradeep Maurya,HANDLER_OF,,2023-10-13,0.73,0.85,BANK_STATEMENT,0
E000601,P000204,Jagdish Rajput,P000243,Reshma Hussain,REPORTS_TO,,2024-01-10,0.84,0.48,CRIMINAL_HISTORY_DB,0
E000602,P000265,Mushtaq Siddiqui,P000243,Reshma Hussain,REPORTS_TO,,2020-12-06,0.51,0.9,SURVEILLANCE_REPORT,1
E000603,P000236,Shyamlal Rajput,P000243,Reshma Hussain,REPORTS_TO,,2025-05-07,0.54,0.65,SOCIAL_MEDIA_INTEL,0
E000604,P000216,Firoz Ahmed,P000243,Reshma Hussain,REPORTS_TO,,2019-04-22,0.54,0.88,IPDR,1
E000605,P000201,Balbir Singh,P000243,Reshma Hussain,REPORTS_TO,,2019-10-10,0.86,0.91,SOCIAL_MEDIA_INTEL,1
E000606,P000222,Prakash Srivastava,P000243,Reshma Hussain,REPORTS_TO,,2024-03-21,0.73,0.99,SURVEILLANCE_REPORT,1
E000607,P000202,Sujoy Das,P000243,Reshma Hussain,REPORTS_TO,,2024-06-28,0.79,0.64,CHARGESHEET,0
E000608,P000243,Reshma Hussain,P000202,Sujoy Das,HANDLER_OF,,2019-01-05,0.36,0.51,SEIZURE_MEMO,0
E000609,P000235,Dinesh Baghel,P000243,Reshma Hussain,REPORTS_TO,,2026-04-03,0.62,0.88,INTELLIGENCE_REPORT,0
E000610,P000243,Reshma Hussain,P000235,Dinesh Baghel,HANDLER_OF,,2023-01-06,0.91,0.79,TOWER_DUMP,1
E000611,P000207,Mahesh Sharma,P000243,Reshma Hussain,REPORTS_TO,,2025-09-07,0.5,0.89,CHARGESHEET,1
E000612,P000243,Reshma Hussain,P000207,Mahesh Sharma,RECRUITED_BY,,2026-04-22,0.63,0.55,BANK_STATEMENT,1
E000613,P000266,Nepal Adhikari,P000243,Reshma Hussain,REPORTS_TO,,2022-04-13,0.57,0.45,SEIZURE_MEMO,1
E000614,P000233,Naseer Saifi,P000243,Reshma Hussain,REPORTS_TO,,2022-09-07,0.81,0.57,INFORMANT_TIP,1
E000615,P000253,Ibrahim Shaikh,P000243,Reshma Hussain,REPORTS_TO,,2022-09-29,0.67,0.94,CDR,0
E000616,P000176,Sanjib Gayen,P000243,Reshma Hussain,REPORTS_TO,,2021-01-27,0.57,0.66,CHARGESHEET,1
E000617,P000243,Reshma Hussain,P000176,Sanjib Gayen,RECRUITED_BY,,2023-07-12,0.63,0.97,SURVEILLANCE_REPORT,1
E000618,P000286,Gautam Mondal,P000243,Reshma Hussain,REPORTS_TO,,2018-05-30,0.84,0.74,INFORMANT_TIP,1
E000619,P000189,Pradip Roy,P000243,Reshma Hussain,REPORTS_TO,,2026-06-05,0.55,0.46,FIR,0
E000620,P000182,Iqbal Pathan,P000243,Reshma Hussain,REPORTS_TO,,2026-03-05,0.57,0.73,INFORMANT_TIP,0
E000621,P000208,Mushtaq Rahman,P000242,Pradeep Maurya,ASSOCIATE_OF,,2018-09-03,0.39,0.57,SOCIAL_MEDIA_INTEL,0
E000622,P000242,Pradeep Maurya,P000204,Jagdish Rajput,ASSOCIATE_OF,,2026-05-23,0.75,0.65,CDR,1
E000623,P000242,Pradeep Maurya,P000236,Shyamlal Rajput,ASSOCIATE_OF,,2023-04-22,0.52,0.76,FIR,1
E000624,P000242,Pradeep Maurya,P000202,Sujoy Das,ASSOCIATE_OF,,2024-03-29,0.36,0.98,SURVEILLANCE_REPORT,0
E000625,P000204,Jagdish Rajput,P000176,Sanjib Gayen,ASSOCIATE_OF,,2020-08-04,0.55,0.78,SEIZURE_MEMO,0
E000626,P000265,Mushtaq Siddiqui,P000236,Shyamlal Rajput,ASSOCIATE_OF,,2019-04-24,0.54,0.64,CDR,1
E000627,P000265,Mushtaq Siddiqui,P000207,Mahesh Sharma,ASSOCIATE_OF,,2020-05-14,0.69,0.99,PASSPORT_IMMIGRATION,1
E000628,P000265,Mushtaq Siddiqui,P000233,Naseer Saifi,ASSOCIATE_OF,,2022-05-11,0.58,0.69,INFORMANT_TIP,1
E000629,P000236,Shyamlal Rajput,P000201,Balbir Singh,ASSOCIATE_OF,,2018-05-07,0.71,0.94,CDR,0
E000630,P000236,Shyamlal Rajput,P000207,Mahesh Sharma,ASSOCIATE_OF,,2024-09-24,0.57,0.55,INFORMANT_TIP,1
E000631,P000216,Firoz Ahmed,P000202,Sujoy Das,ASSOCIATE_OF,,2019-08-12,0.54,0.97,IPDR,0
E000632,P000216,Firoz Ahmed,P000235,Dinesh Baghel,ASSOCIATE_OF,,2023-09-18,0.64,0.82,INTELLIGENCE_REPORT,1
E000633,P000201,Balbir Singh,P000235,Dinesh Baghel,ASSOCIATE_OF,,2022-07-03,0.79,0.5,SEIZURE_MEMO,1
E000634,P000201,Balbir Singh,P000182,Iqbal Pathan,ASSOCIATE_OF,,2020-11-24,0.3,0.84,FIR,1
E000635,P000222,Prakash Srivastava,P000233,Naseer Saifi,ASSOCIATE_OF,,2021-12-27,0.69,0.65,CDR,0
E000636,P000222,Prakash Srivastava,P000253,Ibrahim Shaikh,ASSOCIATE_OF,,2026-05-26,0.61,0.55,FIR,1
E000637,P000222,Prakash Srivastava,P000189,Pradip Roy,ASSOCIATE_OF,,2019-03-26,0.55,0.84,FIR,0
E000638,P000202,Sujoy Das,P000207,Mahesh Sharma,ASSOCIATE_OF,,2024-09-08,0.68,0.9,INTELLIGENCE_REPORT,1
E000639,P000202,Sujoy Das,P000176,Sanjib Gayen,ASSOCIATE_OF,,2023-06-20,0.7,0.84,SEIZURE_MEMO,0
E000640,P000207,Mahesh Sharma,P000233,Naseer Saifi,ASSOCIATE_OF,,2022-07-05,0.42,0.78,CHARGESHEET,1
E000641,P000207,Mahesh Sharma,P000253,Ibrahim Shaikh,ASSOCIATE_OF,,2020-09-21,0.34,0.56,CRIMINAL_HISTORY_DB,1
E000642,P000207,Mahesh Sharma,P000286,Gautam Mondal,ASSOCIATE_OF,,2025-11-02,0.54,0.78,CHARGESHEET,1
E000643,P000176,Sanjib Gayen,P000182,Iqbal Pathan,ASSOCIATE_OF,,2023-09-10,0.55,0.71,BANK_STATEMENT,0
E000644,P000185,Ashok Bhadauria,P000257,Sarfaraz Zaidi,REPORTS_TO,,2018-08-21,0.65,0.94,INFORMANT_TIP,0
E000645,P000282,Farida Rahman,P000257,Sarfaraz Zaidi,REPORTS_TO,,2025-07-13,0.78,0.48,INTELLIGENCE_REPORT,1
E000646,P000246,Sunil Sharma,P000257,Sarfaraz Zaidi,REPORTS_TO,,2020-04-17,0.55,0.56,BANK_STATEMENT,0
E000647,P000179,Nepal Mistry,P000257,Sarfaraz Zaidi,REPORTS_TO,,2025-01-18,0.6,0.56,BANK_STATEMENT,1
E000648,P000213,Ajay Tiwari,P000257,Sarfaraz Zaidi,REPORTS_TO,,2020-07-10,0.71,0.54,TOWER_DUMP,0
E000649,P000175,Rajesh Prajapati,P000257,Sarfaraz Zaidi,REPORTS_TO,,2019-03-14,0.84,0.84,TOWER_DUMP,1
E000650,P000260,Gautam Adhikari,P000257,Sarfaraz Zaidi,REPORTS_TO,,2026-01-16,0.8,0.6,CHARGESHEET,0
E000651,P000223,Har Prasad Yadav,P000257,Sarfaraz Zaidi,REPORTS_TO,,2024-07-29,0.6,0.59,BANK_STATEMENT,1
E000652,P000180,Sukumar Biswas,P000257,Sarfaraz Zaidi,REPORTS_TO,,2018-12-19,0.89,0.9,FIR,1
E000653,P000199,Imran Hussain,P000257,Sarfaraz Zaidi,REPORTS_TO,,2023-03-14,0.69,0.6,FIR,1
E000654,P000262,Ibrahim Ansari,P000257,Sarfaraz Zaidi,REPORTS_TO,,2020-01-08,0.61,0.8,INFORMANT_TIP,1
E000655,P000257,Sarfaraz Zaidi,P000262,Ibrahim Ansari,HANDLER_OF,,2021-07-08,0.69,0.53,BANK_STATEMENT,0
E000656,P000254,Wasim Sheikh,P000257,Sarfaraz Zaidi,REPORTS_TO,,2025-05-19,0.57,0.72,CHARGESHEET,0
E000657,P000257,Sarfaraz Zaidi,P000254,Wasim Sheikh,HANDLER_OF,,2023-11-04,0.86,0.64,CRIMINAL_HISTORY_DB,1
E000658,P000228,Rupa Roy,P000257,Sarfaraz Zaidi,REPORTS_TO,,2019-04-16,0.89,0.58,CHARGESHEET,1
E000659,P000257,Sarfaraz Zaidi,P000228,Rupa Roy,RECRUITED_BY,,2018-01-11,0.72,0.82,SURVEILLANCE_REPORT,1
E000660,P000244,Altaf Baig,P000257,Sarfaraz Zaidi,REPORTS_TO,,2022-10-15,0.69,0.55,CDR,1
E000661,P000257,Sarfaraz Zaidi,P000244,Altaf Baig,RECRUITED_BY,,2018-12-20,0.93,0.88,TOWER_DUMP,1
E000662,P000272,Abdul Saifi,P000257,Sarfaraz Zaidi,REPORTS_TO,,2021-05-23,0.73,0.59,BANK_STATEMENT,1
E000663,P000203,Palash Gayen,P000257,Sarfaraz Zaidi,REPORTS_TO,,2023-09-15,0.81,0.56,IPDR,0
E000664,P000196,Sujoy Chakraborty,P000257,Sarfaraz Zaidi,REPORTS_TO,,2021-07-15,0.62,0.52,SURVEILLANCE_REPORT,1
E000665,P000257,Sarfaraz Zaidi,P000196,Sujoy Chakraborty,RECRUITED_BY,,2020-04-03,0.5,0.61,CDR,1
E000666,P000206,Mahesh Shukla,P000257,Sarfaraz Zaidi,REPORTS_TO,,2021-11-16,0.57,0.72,INTELLIGENCE_REPORT,1
E000667,P000282,Farida Rahman,P000199,Imran Hussain,ASSOCIATE_OF,,2018-10-07,0.66,0.94,INFORMANT_TIP,0
E000668,P000282,Farida Rahman,P000262,Ibrahim Ansari,ASSOCIATE_OF,,2019-11-18,0.65,0.5,INFORMANT_TIP,1
E000669,P000282,Farida Rahman,P000254,Wasim Sheikh,ASSOCIATE_OF,,2021-12-13,0.51,0.51,SEIZURE_MEMO,0
E000670,P000246,Sunil Sharma,P000180,Sukumar Biswas,ASSOCIATE_OF,,2021-04-23,0.4,0.69,FIR,1
E000671,P000246,Sunil Sharma,P000206,Mahesh Shukla,ASSOCIATE_OF,,2025-11-24,0.55,0.57,INTELLIGENCE_REPORT,1
E000672,P000179,Nepal Mistry,P000203,Palash Gayen,ASSOCIATE_OF,,2025-01-10,0.42,0.72,PASSPORT_IMMIGRATION,0
E000673,P000175,Rajesh Prajapati,P000244,Altaf Baig,ASSOCIATE_OF,,2019-08-09,0.41,0.76,IPDR,0
E000674,P000175,Rajesh Prajapati,P000196,Sujoy Chakraborty,ASSOCIATE_OF,,2024-12-28,0.71,0.68,SEIZURE_MEMO,1
E000675,P000260,Gautam Adhikari,P000262,Ibrahim Ansari,ASSOCIATE_OF,,2024-03-26,0.46,0.59,INFORMANT_TIP,0
E000676,P000260,Gautam Adhikari,P000196,Sujoy Chakraborty,ASSOCIATE_OF,,2019-10-13,0.6,0.59,INFORMANT_TIP,0
E000677,P000223,Har Prasad Yadav,P000254,Wasim Sheikh,ASSOCIATE_OF,,2025-08-31,0.35,0.54,PASSPORT_IMMIGRATION,0
E000678,P000180,Sukumar Biswas,P000203,Palash Gayen,ASSOCIATE_OF,,2018-12-24,0.48,0.94,CHARGESHEET,1
E000679,P000180,Sukumar Biswas,P000206,Mahesh Shukla,ASSOCIATE_OF,,2024-09-24,0.71,0.54,TOWER_DUMP,1
E000680,P000262,Ibrahim Ansari,P000203,Palash Gayen,ASSOCIATE_OF,,2018-01-18,0.47,0.61,FIR,1
E000681,P000277,Rupa Naskar,P000268,Deepak Sengar,REPORTS_TO,,2022-12-24,0.68,0.96,SEIZURE_MEMO,0
E000682,P000268,Deepak Sengar,P000277,Rupa Naskar,HANDLER_OF,,2021-11-03,0.23,0.45,INTELLIGENCE_REPORT,1
E000683,P000238,Girdhari Baghel,P000268,Deepak Sengar,REPORTS_TO,,2024-11-29,0.67,0.97,FIR,1
E000684,P000184,Ramesh Srivastava,P000268,Deepak Sengar,REPORTS_TO,,2023-12-28,0.55,0.49,FIR,1
E000685,P000278,Ramesh Shukla,P000268,Deepak Sengar,REPORTS_TO,,2021-11-28,0.75,0.88,CDR,1
E000686,P000252,Anil Yadav,P000268,Deepak Sengar,REPORTS_TO,,2025-10-19,0.57,0.75,IPDR,0
E000687,P000276,Sunil Rajput,P000268,Deepak Sengar,REPORTS_TO,,2023-11-06,0.53,0.47,CDR,0
E000688,P000209,Nadeem Rahman,P000268,Deepak Sengar,REPORTS_TO,,2020-11-19,0.73,0.76,INFORMANT_TIP,0
E000689,P000268,Deepak Sengar,P000209,Nadeem Rahman,RECRUITED_BY,,2019-10-14,0.28,0.97,IPDR,1
E000690,P000215,Udaiveer Yadav,P000268,Deepak Sengar,REPORTS_TO,,2023-03-17,0.56,0.7,IPDR,0
E000691,P000231,Swapan Bose,P000268,Deepak Sengar,REPORTS_TO,,2021-03-05,0.51,0.7,FIR,0
E000692,P000269,Sajid Farooqui,P000268,Deepak Sengar,REPORTS_TO,,2019-04-28,0.72,0.54,SEIZURE_MEMO,0
E000693,P000268,Deepak Sengar,P000269,Sajid Farooqui,RECRUITED_BY,,2019-04-15,0.52,0.91,INFORMANT_TIP,0
E000694,P000178,Udaiveer Saini,P000268,Deepak Sengar,REPORTS_TO,,2018-04-01,0.55,0.92,SURVEILLANCE_REPORT,0
E000695,P000187,Naresh Jaiswal,P000268,Deepak Sengar,REPORTS_TO,,2025-07-03,0.6,0.67,SEIZURE_MEMO,1
E000696,P000218,Haroon Baig,P000268,Deepak Sengar,REPORTS_TO,,2023-05-07,0.52,0.6,SEIZURE_MEMO,0
E000697,P000177,Palash Sardar,P000268,Deepak Sengar,REPORTS_TO,,2019-06-06,0.58,0.6,TOWER_DUMP,0
E000698,P000224,Sunil Bhardwaj,P000268,Deepak Sengar,REPORTS_TO,,2022-06-29,0.7,0.72,CHARGESHEET,0
E000699,P000284,Deepak Baghel,P000268,Deepak Sengar,REPORTS_TO,,2018-01-14,0.56,0.5,PASSPORT_IMMIGRATION,1
E000700,P000268,Deepak Sengar,P000284,Deepak Baghel,HANDLER_OF,,2020-11-27,0.52,0.89,SURVEILLANCE_REPORT,1
E000701,P000225,Arindam Gayen,P000268,Deepak Sengar,REPORTS_TO,,2018-07-01,0.69,0.79,BANK_STATEMENT,0
E000702,P000277,Rupa Naskar,P000269,Sajid Farooqui,ASSOCIATE_OF,,2024-07-04,0.65,0.66,CRIMINAL_HISTORY_DB,1
E000703,P000277,Rupa Naskar,P000225,Arindam Gayen,ASSOCIATE_OF,,2018-06-17,0.49,0.77,PASSPORT_IMMIGRATION,0
E000704,P000238,Girdhari Baghel,P000252,Anil Yadav,ASSOCIATE_OF,,2018-11-17,0.71,0.87,INTELLIGENCE_REPORT,0
E000705,P000184,Ramesh Srivastava,P000187,Naresh Jaiswal,ASSOCIATE_OF,,2020-08-19,0.47,0.7,INFORMANT_TIP,1
E000706,P000278,Ramesh Shukla,P000269,Sajid Farooqui,ASSOCIATE_OF,,2022-01-05,0.59,0.94,CDR,0
E000707,P000278,Ramesh Shukla,P000178,Udaiveer Saini,ASSOCIATE_OF,,2020-04-12,0.67,0.62,SEIZURE_MEMO,0
E000708,P000278,Ramesh Shukla,P000187,Naresh Jaiswal,ASSOCIATE_OF,,2024-10-09,0.6,0.48,INFORMANT_TIP,1
E000709,P000278,Ramesh Shukla,P000177,Palash Sardar,ASSOCIATE_OF,,2018-10-13,0.74,0.71,CDR,0
E000710,P000252,Anil Yadav,P000276,Sunil Rajput,ASSOCIATE_OF,,2019-09-03,0.44,0.82,CHARGESHEET,0
E000711,P000252,Anil Yadav,P000224,Sunil Bhardwaj,ASSOCIATE_OF,,2021-05-01,0.68,0.66,SEIZURE_MEMO,1
E000712,P000276,Sunil Rajput,P000209,Nadeem Rahman,ASSOCIATE_OF,,2023-06-12,0.4,0.66,SEIZURE_MEMO,0
E000713,P000276,Sunil Rajput,P000231,Swapan Bose,ASSOCIATE_OF,,2023-11-08,0.72,0.65,IPDR,0
E000714,P000276,Sunil Rajput,P000269,Sajid Farooqui,ASSOCIATE_OF,,2026-02-02,0.51,0.89,CDR,1
E000715,P000209,Nadeem Rahman,P000231,Swapan Bose,ASSOCIATE_OF,,2018-09-20,0.43,0.84,FIR,0
E000716,P000209,Nadeem Rahman,P000224,Sunil Bhardwaj,ASSOCIATE_OF,,2024-03-14,0.57,0.49,FIR,1
E000717,P000209,Nadeem Rahman,P000284,Deepak Baghel,ASSOCIATE_OF,,2019-06-22,0.53,0.9,BANK_STATEMENT,0
E000718,P000215,Udaiveer Yadav,P000231,Swapan Bose,ASSOCIATE_OF,,2026-03-14,0.41,0.62,FIR,0
E000719,P000178,Udaiveer Saini,P000225,Arindam Gayen,ASSOCIATE_OF,,2025-04-16,0.72,0.85,PASSPORT_IMMIGRATION,0
E000720,P000187,Naresh Jaiswal,P000225,Arindam Gayen,ASSOCIATE_OF,,2026-03-12,0.58,0.67,TOWER_DUMP,0
E000721,P000217,Vinod Sharma,P000269,Sajid Farooqui,SUPPLIES_TO,,2021-11-24,0.5,0.76,CDR,1
E000722,P000208,Mushtaq Rahman,P000199,Imran Hussain,CELLMATE_OF,,2024-11-21,0.54,0.98,IPDR,1
E000723,P000221,Triloki Solanki,P000207,Mahesh Sharma,ASSOCIATE_OF,,2018-10-14,0.32,0.63,FIR,1
E000724,P000221,Triloki Solanki,P000224,Sunil Bhardwaj,CELLMATE_OF,,2018-06-09,0.57,0.53,INTELLIGENCE_REPORT,1
E000725,P000261,Sunil Shukla,P000221,Triloki Solanki,CELLMATE_OF,,2020-12-24,0.95,0.49,SURVEILLANCE_REPORT,0
E000726,P000256,Mahesh Verma,P000275,Arif Shaikh,ASSOCIATE_OF,,2018-05-30,0.41,0.85,SURVEILLANCE_REPORT,0
E000727,P000239,Kuldeep Rathore,P000212,Mousumi Sen,ASSOCIATE_OF,,2025-02-20,0.25,0.65,IPDR,1
E000728,P000194,Bandana Das,P000255,Lekhraj Dixit,CO_ACCUSED_WITH,,2019-05-11,0.68,0.64,SOCIAL_MEDIA_INTEL,1
E000729,P000239,Kuldeep Rathore,P000185,Ashok Bhadauria,ASSOCIATE_OF,,2023-07-02,0.24,0.73,CDR,0
E000730,P000250,Palash Ghosh,P000216,Firoz Ahmed,CO_ACCUSED_WITH,,2022-05-15,0.6,0.77,CDR,0
E000731,P000218,Haroon Baig,P000188,Sujoy Sarkar,SUPPLIES_TO,,2025-01-20,0.23,0.82,FIR,0
E000732,P000287,Mahesh Maurya,P000252,Anil Yadav,FAMILY_OF,Brother,2020-04-25,0.9,0.95,CRIMINAL_HISTORY_DB,1
E000733,P000215,Udaiveer Yadav,P000271,Ranjan Gayen,FAMILY_OF,Uncle,2025-03-30,0.9,0.95,CRIMINAL_HISTORY_DB,1
E000734,P000254,Wasim Sheikh,P000288,Gautam Ghosh,FAMILY_OF,Brother-in-law,2019-10-08,0.9,0.95,CRIMINAL_HISTORY_DB,1
E000735,P000289,Netrapal Dixit,P000248,Afsana Ansari,FAMILY_OF,Brother-in-law,2023-02-16,0.9,0.95,CRIMINAL_HISTORY_DB,1
E000736,P000295,Imran Saifi,P000343,Hardik Zala,REPORTS_TO,,2019-06-29,0.92,0.9,INTELLIGENCE_REPORT,1
E000737,P000296,Salim Baig,P000343,Hardik Zala,REPORTS_TO,,2022-11-19,0.9,0.9,INTELLIGENCE_REPORT,1
E000738,P000305,Manoj Chauhan,P000343,Hardik Zala,REPORTS_TO,,2025-06-24,0.83,0.9,INTELLIGENCE_REPORT,1
E000739,P000318,Sarfaraz Shaikh,P000343,Hardik Zala,REPORTS_TO,,2022-11-21,0.99,0.9,INTELLIGENCE_REPORT,1
E000740,P000332,Shibu Thomas,P000343,Hardik Zala,FINANCES,,2022-12-07,0.86,0.86,BANK_STATEMENT,1
E000741,P000335,Wasim Baig,P000343,Hardik Zala,FINANCES,,2021-12-04,0.96,0.86,BANK_STATEMENT,1
E000742,P000343,Hardik Zala,P000298,Baiju Marar,HANDLER_OF,,2018-03-05,0.66,0.6,INTELLIGENCE_REPORT,0
E000743,P000341,Vipin Panicker,P000295,Imran Saifi,REPORTS_TO,,2018-01-20,0.85,0.97,INFORMANT_TIP,1
E000744,P000310,Anwar Alam,P000295,Imran Saifi,REPORTS_TO,,2024-07-25,0.89,0.77,FIR,1
E000745,P000295,Imran Saifi,P000310,Anwar Alam,RECRUITED_BY,,2023-07-11,0.92,0.61,FIR,1
E000746,P000356,Sudha Kushwaha,P000295,Imran Saifi,REPORTS_TO,,2022-02-07,0.58,0.79,BANK_STATEMENT,0
E000747,P000311,Naresh Nagar,P000295,Imran Saifi,REPORTS_TO,,2018-02-19,0.7,0.5,INFORMANT_TIP,0
E000748,P000350,Vipul Chauhan,P000295,Imran Saifi,REPORTS_TO,,2022-11-29,0.85,0.84,CDR,0
E000749,P000295,Imran Saifi,P000350,Vipul Chauhan,RECRUITED_BY,,2025-07-02,0.89,0.59,SURVEILLANCE_REPORT,1
E000750,P000345,Praveen Jacob,P000295,Imran Saifi,REPORTS_TO,,2024-08-16,0.77,0.83,TOWER_DUMP,0
E000751,P000295,Imran Saifi,P000345,Praveen Jacob,HANDLER_OF,,2025-08-31,0.68,0.59,FIR,1
E000752,P000308,Netrapal Singh,P000295,Imran Saifi,REPORTS_TO,,2024-02-26,0.81,0.83,CDR,0
E000753,P000309,Jignesh Thakor,P000295,Imran Saifi,REPORTS_TO,,2024-09-22,0.72,0.95,CDR,0
E000754,P000292,Wasim Mansuri,P000295,Imran Saifi,REPORTS_TO,,2021-08-03,0.62,0.5,SURVEILLANCE_REPORT,0
E000755,P000346,Rajeevan Marar,P000295,Imran Saifi,REPORTS_TO,,2023-05-01,0.88,0.61,FIR,0
E000756,P000294,Sarfaraz Pathan,P000295,Imran Saifi,REPORTS_TO,,2021-06-12,0.85,0.8,SOCIAL_MEDIA_INTEL,1
E000757,P000303,Balbir Yadav,P000295,Imran Saifi,REPORTS_TO,,2021-05-31,0.55,0.72,FIR,1
E000758,P000339,Nishad Jacob,P000295,Imran Saifi,REPORTS_TO,,2025-07-06,0.52,0.97,PASSPORT_IMMIGRATION,0
E000759,P000325,Chirag Dave,P000295,Imran Saifi,REPORTS_TO,,2025-05-31,0.68,0.66,INTELLIGENCE_REPORT,0
E000760,P000315,Paresh Vaghela,P000295,Imran Saifi,REPORTS_TO,,2019-04-28,0.67,0.55,SURVEILLANCE_REPORT,1
E000761,P000344,Jignesh Dave,P000295,Imran Saifi,REPORTS_TO,,2020-10-24,0.85,0.55,PASSPORT_IMMIGRATION,1
E000762,P000341,Vipin Panicker,P000350,Vipul Chauhan,ASSOCIATE_OF,,2021-08-25,0.37,0.76,FIR,0
E000763,P000310,Anwar Alam,P000309,Jignesh Thakor,ASSOCIATE_OF,,2022-06-01,0.64,0.99,SURVEILLANCE_REPORT,1
E000764,P000310,Anwar Alam,P000325,Chirag Dave,ASSOCIATE_OF,,2026-03-07,0.76,0.76,PASSPORT_IMMIGRATION,1
E000765,P000356,Sudha Kushwaha,P000350,Vipul Chauhan,ASSOCIATE_OF,,2022-03-04,0.72,0.88,FIR,1
E000766,P000356,Sudha Kushwaha,P000292,Wasim Mansuri,ASSOCIATE_OF,,2023-06-14,0.6,0.92,CDR,0
E000767,P000356,Sudha Kushwaha,P000346,Rajeevan Marar,ASSOCIATE_OF,,2021-03-24,0.49,0.94,IPDR,1
E000768,P000356,Sudha Kushwaha,P000325,Chirag Dave,ASSOCIATE_OF,,2026-03-09,0.52,0.69,TOWER_DUMP,0
E000769,P000311,Naresh Nagar,P000292,Wasim Mansuri,ASSOCIATE_OF,,2026-03-03,0.32,0.82,FIR,0
E000770,P000311,Naresh Nagar,P000346,Rajeevan Marar,ASSOCIATE_OF,,2024-09-27,0.41,0.78,SOCIAL_MEDIA_INTEL,0
E000771,P000311,Naresh Nagar,P000339,Nishad Jacob,ASSOCIATE_OF,,2025-02-07,0.62,0.67,BANK_STATEMENT,0
E000772,P000350,Vipul Chauhan,P000309,Jignesh Thakor,ASSOCIATE_OF,,2023-12-20,0.43,0.66,INTELLIGENCE_REPORT,1
E000773,P000345,Praveen Jacob,P000308,Netrapal Singh,ASSOCIATE_OF,,2025-02-10,0.67,0.98,SOCIAL_MEDIA_INTEL,1
E000774,P000345,Praveen Jacob,P000303,Balbir Yadav,ASSOCIATE_OF,,2025-06-23,0.63,0.88,IPDR,1
E000775,P000308,Netrapal Singh,P000346,Rajeevan Marar,ASSOCIATE_OF,,2019-12-27,0.71,0.89,PASSPORT_IMMIGRATION,1
E000776,P000308,Netrapal Singh,P000344,Jignesh Dave,ASSOCIATE_OF,,2024-09-28,0.66,0.98,SEIZURE_MEMO,1
E000777,P000294,Sarfaraz Pathan,P000339,Nishad Jacob,ASSOCIATE_OF,,2018-12-22,0.7,0.76,SEIZURE_MEMO,0
E000778,P000339,Nishad Jacob,P000325,Chirag Dave,ASSOCIATE_OF,,2020-03-31,0.76,0.99,SEIZURE_MEMO,0
E000779,P000304,Afsana Malik,P000296,Salim Baig,REPORTS_TO,,2024-03-26,0.8,0.96,INTELLIGENCE_REPORT,1
E000780,P000354,Shailendra Baghel,P000296,Salim Baig,REPORTS_TO,,2021-06-05,0.71,0.54,SURVEILLANCE_REPORT,1
E000781,P000319,Sarfaraz Baig,P000296,Salim Baig,REPORTS_TO,,2020-05-26,0.61,0.64,INTELLIGENCE_REPORT,0
E000782,P000333,Ketan Dave,P000296,Salim Baig,REPORTS_TO,,2023-03-29,0.53,0.64,SEIZURE_MEMO,1
E000783,P000316,Jitendra Solanki,P000296,Salim Baig,REPORTS_TO,,2019-06-01,0.68,0.71,SURVEILLANCE_REPORT,1
E000784,P000340,Girdhari Tiwari,P000296,Salim Baig,REPORTS_TO,,2018-04-11,0.82,0.76,PASSPORT_IMMIGRATION,1
E000785,P000349,Rinku Parmar,P000296,Salim Baig,REPORTS_TO,,2021-12-13,0.6,0.76,BANK_STATEMENT,1
E000786,P000314,Praveen Kurup,P000296,Salim Baig,REPORTS_TO,,2026-01-19,0.56,0.87,CRIMINAL_HISTORY_DB,1
E000787,P000312,Anoop Kurup,P000296,Salim Baig,REPORTS_TO,,2026-01-30,0.81,0.58,SEIZURE_MEMO,1
E000788,P000302,Biju Thomas,P000296,Salim Baig,REPORTS_TO,,2018-08-21,0.89,0.94,CRIMINAL_HISTORY_DB,1
E000789,P000296,Salim Baig,P000302,Biju Thomas,RECRUITED_BY,,2025-09-21,0.87,0.49,SEIZURE_MEMO,0
E000790,P000300,Haroon Idrisi,P000296,Salim Baig,REPORTS_TO,,2021-03-18,0.81,0.71,CRIMINAL_HISTORY_DB,0
E000791,P000301,Jayan Joseph,P000296,Salim Baig,REPORTS_TO,,2020-08-21,0.6,0.63,IPDR,1
E000792,P000298,Baiju Marar,P000296,Salim Baig,REPORTS_TO,,2025-08-31,0.87,0.67,SURVEILLANCE_REPORT,0
E000793,P000353,Ratheesh Menon,P000296,Salim Baig,REPORTS_TO,,2026-06-26,0.61,0.97,SURVEILLANCE_REPORT,0
E000794,P000322,Mushtaq Idrisi,P000296,Salim Baig,REPORTS_TO,,2023-02-07,0.68,0.87,PASSPORT_IMMIGRATION,0
E000795,P000297,Divyesh Patel,P000296,Salim Baig,REPORTS_TO,,2018-07-26,0.83,0.9,TOWER_DUMP,0
E000796,P000304,Afsana Malik,P000354,Shailendra Baghel,ASSOCIATE_OF,,2023-03-24,0.59,0.96,BANK_STATEMENT,1
E000797,P000319,Sarfaraz Baig,P000316,Jitendra Solanki,ASSOCIATE_OF,,2021-03-07,0.55,0.48,INFORMANT_TIP,0
E000798,P000319,Sarfaraz Baig,P000301,Jayan Joseph,ASSOCIATE_OF,,2025-09-20,0.57,0.68,PASSPORT_IMMIGRATION,1
E000799,P000333,Ketan Dave,P000298,Baiju Marar,ASSOCIATE_OF,,2024-02-27,0.75,0.47,CRIMINAL_HISTORY_DB,0
E000800,P000316,Jitendra Solanki,P000340,Girdhari Tiwari,ASSOCIATE_OF,,2019-02-23,0.48,0.85,SURVEILLANCE_REPORT,0
E000801,P000316,Jitendra Solanki,P000322,Mushtaq Idrisi,ASSOCIATE_OF,,2024-07-24,0.64,0.51,PASSPORT_IMMIGRATION,1
E000802,P000340,Girdhari Tiwari,P000302,Biju Thomas,ASSOCIATE_OF,,2024-12-15,0.67,0.78,TOWER_DUMP,0
E000803,P000340,Girdhari Tiwari,P000298,Baiju Marar,ASSOCIATE_OF,,2021-04-16,0.64,0.85,PASSPORT_IMMIGRATION,1
E000804,P000340,Girdhari Tiwari,P000297,Divyesh Patel,ASSOCIATE_OF,,2025-04-14,0.61,0.55,CRIMINAL_HISTORY_DB,0
E000805,P000301,Jayan Joseph,P000322,Mushtaq Idrisi,ASSOCIATE_OF,,2020-06-26,0.42,0.75,INTELLIGENCE_REPORT,1
E000806,P000301,Jayan Joseph,P000297,Divyesh Patel,ASSOCIATE_OF,,2018-11-25,0.57,0.9,INFORMANT_TIP,1
E000807,P000298,Baiju Marar,P000297,Divyesh Patel,ASSOCIATE_OF,,2022-04-25,0.37,0.67,INTELLIGENCE_REPORT,0
E000808,P000353,Ratheesh Menon,P000322,Mushtaq Idrisi,ASSOCIATE_OF,,2020-12-22,0.49,0.71,PASSPORT_IMMIGRATION,1
E000809,P000320,Anoop Mathew,P000305,Manoj Chauhan,REPORTS_TO,,2018-03-19,0.81,0.52,IPDR,0
E000810,P000352,Ramesh Tiwari,P000305,Manoj Chauhan,REPORTS_TO,,2019-04-11,0.7,0.81,CHARGESHEET,1
E000811,P000338,Bharat Rabari,P000305,Manoj Chauhan,REPORTS_TO,,2025-12-17,0.8,0.5,PASSPORT_IMMIGRATION,1
E000812,P000330,Wasim Rahman,P000305,Manoj Chauhan,REPORTS_TO,,2024-11-13,0.85,0.93,IPDR,0
E000813,P000327,Javed Chaudhary,P000305,Manoj Chauhan,REPORTS_TO,,2024-11-28,0.74,0.96,CDR,1
E000814,P000291,Manoj Menon,P000305,Manoj Chauhan,REPORTS_TO,,2018-10-09,0.69,0.67,INFORMANT_TIP,0
E000815,P000355,Randhir Sharma,P000305,Manoj Chauhan,REPORTS_TO,,2023-08-24,0.59,0.59,IPDR,1
E000816,P000307,Ibrahim Idrisi,P000305,Manoj Chauhan,REPORTS_TO,,2021-04-13,0.72,0.83,INTELLIGENCE_REPORT,1
E000817,P000331,Shakeel Ansari,P000305,Manoj Chauhan,REPORTS_TO,,2021-09-11,0.6,0.69,FIR,1
E000818,P000305,Manoj Chauhan,P000331,Shakeel Ansari,RECRUITED_BY,,2022-09-30,0.76,0.46,SOCIAL_MEDIA_INTEL,0
E000819,P000326,Jignesh Patel,P000305,Manoj Chauhan,REPORTS_TO,,2022-03-21,0.67,0.47,INFORMANT_TIP,1
E000820,P000313,Sanjay Rathore,P000305,Manoj Chauhan,REPORTS_TO,,2020-11-29,0.83,0.49,IPDR,1
E000821,P000305,Manoj Chauhan,P000313,Sanjay Rathore,RECRUITED_BY,,2018-02-07,0.22,0.9,INTELLIGENCE_REPORT,0
E000822,P000334,Sreenivasan Jacob,P000305,Manoj Chauhan,REPORTS_TO,,2021-12-22,0.6,0.51,TOWER_DUMP,1
E000823,P000306,Nadeem Idrisi,P000305,Manoj Chauhan,REPORTS_TO,,2019-10-20,0.56,0.62,CRIMINAL_HISTORY_DB,0
E000824,P000336,Munna Baghel,P000305,Manoj Chauhan,REPORTS_TO,,2025-03-16,0.64,0.88,IPDR,1
E000825,P000305,Manoj Chauhan,P000336,Munna Baghel,RECRUITED_BY,,2025-08-09,0.88,0.85,SOCIAL_MEDIA_INTEL,0
E000826,P000351,Shakeel Mirza,P000305,Manoj Chauhan,REPORTS_TO,,2023-12-08,0.87,0.73,CRIMINAL_HISTORY_DB,0
E000827,P000347,Satish Kushwaha,P000305,Manoj Chauhan,REPORTS_TO,,2025-09-24,0.64,0.71,CHARGESHEET,0
E000828,P000320,Anoop Mathew,P000352,Ramesh Tiwari,ASSOCIATE_OF,,2023-05-18,0.39,0.55,CHARGESHEET,0
E000829,P000320,Anoop Mathew,P000330,Wasim Rahman,ASSOCIATE_OF,,2024-11-07,0.43,0.92,CDR,1
E000830,P000320,Anoop Mathew,P000336,Munna Baghel,ASSOCIATE_OF,,2018-04-04,0.76,0.71,SOCIAL_MEDIA_INTEL,1
E000831,P000352,Ramesh Tiwari,P000334,Sreenivasan Jacob,ASSOCIATE_OF,,2024-06-29,0.5,0.51,CDR,0
E000832,P000338,Bharat Rabari,P000336,Munna Baghel,ASSOCIATE_OF,,2019-04-10,0.41,0.51,INTELLIGENCE_REPORT,0
E000833,P000338,Bharat Rabari,P000347,Satish Kushwaha,ASSOCIATE_OF,,2018-10-20,0.4,0.81,BANK_STATEMENT,1
E000834,P000330,Wasim Rahman,P000327,Javed Chaudhary,ASSOCIATE_OF,,2026-04-17,0.61,0.88,SOCIAL_MEDIA_INTEL,1
E000835,P000330,Wasim Rahman,P000355,Randhir Sharma,ASSOCIATE_OF,,2018-10-15,0.63,0.79,INTELLIGENCE_REPORT,1
E000836,P000330,Wasim Rahman,P000307,Ibrahim Idrisi,ASSOCIATE_OF,,2022-06-15,0.64,0.72,PASSPORT_IMMIGRATION,1
E000837,P000327,Javed Chaudhary,P000355,Randhir Sharma,ASSOCIATE_OF,,2026-04-10,0.38,0.69,IPDR,1
E000838,P000327,Javed Chaudhary,P000331,Shakeel Ansari,ASSOCIATE_OF,,2019-03-12,0.36,0.78,SOCIAL_MEDIA_INTEL,0
E000839,P000327,Javed Chaudhary,P000313,Sanjay Rathore,ASSOCIATE_OF,,2025-12-09,0.42,0.47,BANK_STATEMENT,1
E000840,P000291,Manoj Menon,P000355,Randhir Sharma,ASSOCIATE_OF,,2022-08-07,0.5,0.87,FIR,0
E000841,P000291,Manoj Menon,P000326,Jignesh Patel,ASSOCIATE_OF,,2020-03-06,0.65,0.98,FIR,0
E000842,P000355,Randhir Sharma,P000306,Nadeem Idrisi,ASSOCIATE_OF,,2025-09-07,0.36,0.64,PASSPORT_IMMIGRATION,1
E000843,P000355,Randhir Sharma,P000351,Shakeel Mirza,ASSOCIATE_OF,,2023-02-08,0.52,0.5,INTELLIGENCE_REPORT,0
E000844,P000307,Ibrahim Idrisi,P000306,Nadeem Idrisi,ASSOCIATE_OF,,2018-02-08,0.45,0.91,TOWER_DUMP,0
E000845,P000326,Jignesh Patel,P000336,Munna Baghel,ASSOCIATE_OF,,2020-12-12,0.6,0.88,INTELLIGENCE_REPORT,0
E000846,P000313,Sanjay Rathore,P000334,Sreenivasan Jacob,ASSOCIATE_OF,,2026-03-02,0.72,0.98,CDR,1
E000847,P000313,Sanjay Rathore,P000306,Nadeem Idrisi,ASSOCIATE_OF,,2021-10-08,0.64,0.46,SEIZURE_MEMO,1
E000848,P000306,Nadeem Idrisi,P000336,Munna Baghel,ASSOCIATE_OF,,2019-07-22,0.68,0.72,PASSPORT_IMMIGRATION,0
E000849,P000342,Rasik Mehta,P000318,Sarfaraz Shaikh,REPORTS_TO,,2021-08-24,0.75,0.85,BANK_STATEMENT,1
E000850,P000332,Shibu Thomas,P000318,Sarfaraz Shaikh,REPORTS_TO,,2021-07-07,0.88,0.82,IPDR,1
E000851,P000299,Vinayakan Joseph,P000318,Sarfaraz Shaikh,REPORTS_TO,,2023-02-04,0.54,0.67,IPDR,1
E000852,P000348,Firoz Mirza,P000318,Sarfaraz Shaikh,REPORTS_TO,,2019-06-28,0.61,0.86,FIR,0
E000853,P000324,Nilesh Parmar,P000318,Sarfaraz Shaikh,REPORTS_TO,,2020-08-25,0.8,0.46,IPDR,0
E000854,P000328,Prakash Awasthi,P000318,Sarfaraz Shaikh,REPORTS_TO,,2021-10-05,0.82,0.72,CDR,1
E000855,P000317,Nishad Panicker,P000318,Sarfaraz Shaikh,REPORTS_TO,,2021-06-14,0.83,0.77,TOWER_DUMP,0
E000856,P000357,Om Prakash Rajput,P000318,Sarfaraz Shaikh,REPORTS_TO,,2024-06-22,0.69,0.74,SEIZURE_MEMO,1
E000857,P000329,Rambabu Yadav,P000318,Sarfaraz Shaikh,REPORTS_TO,,2022-05-30,0.55,0.95,SEIZURE_MEMO,1
E000858,P000323,Wasim Sheikh,P000318,Sarfaraz Shaikh,REPORTS_TO,,2026-03-15,0.66,0.56,SOCIAL_MEDIA_INTEL,1
E000859,P000337,Kalpesh Vaghela,P000318,Sarfaraz Shaikh,REPORTS_TO,,2020-02-28,0.71,0.96,PASSPORT_IMMIGRATION,1
E000860,P000290,Alpesh Shah,P000318,Sarfaraz Shaikh,REPORTS_TO,,2023-01-10,0.78,0.48,BANK_STATEMENT,0
E000861,P000293,Har Prasad Sharma,P000318,Sarfaraz Shaikh,REPORTS_TO,,2024-12-01,0.57,0.75,CDR,0
E000862,P000335,Wasim Baig,P000318,Sarfaraz Shaikh,REPORTS_TO,,2018-12-16,0.73,0.59,INFORMANT_TIP,1
E000863,P000321,Vipul Chauhan,P000318,Sarfaraz Shaikh,REPORTS_TO,,2021-12-13,0.57,0.54,TOWER_DUMP,1
E000864,P000342,Rasik Mehta,P000337,Kalpesh Vaghela,ASSOCIATE_OF,,2019-01-02,0.41,0.79,IPDR,0
E000865,P000342,Rasik Mehta,P000290,Alpesh Shah,ASSOCIATE_OF,,2024-07-05,0.64,0.56,FIR,1
E000866,P000332,Shibu Thomas,P000348,Firoz Mirza,ASSOCIATE_OF,,2023-08-21,0.73,0.96,INTELLIGENCE_REPORT,1
E000867,P000332,Shibu Thomas,P000321,Vipul Chauhan,ASSOCIATE_OF,,2021-06-28,0.45,0.91,CDR,1
E000868,P000299,Vinayakan Joseph,P000348,Firoz Mirza,ASSOCIATE_OF,,2025-03-07,0.45,0.67,BANK_STATEMENT,1
E000869,P000299,Vinayakan Joseph,P000290,Alpesh Shah,ASSOCIATE_OF,,2022-11-03,0.44,0.46,CDR,0
E000870,P000348,Firoz Mirza,P000324,Nilesh Parmar,ASSOCIATE_OF,,2022-03-03,0.56,0.56,BANK_STATEMENT,0
E000871,P000348,Firoz Mirza,P000290,Alpesh Shah,ASSOCIATE_OF,,2022-04-25,0.7,0.47,SEIZURE_MEMO,1
E000872,P000328,Prakash Awasthi,P000293,Har Prasad Sharma,ASSOCIATE_OF,,2021-08-14,0.74,0.93,CDR,1
E000873,P000317,Nishad Panicker,P000321,Vipul Chauhan,ASSOCIATE_OF,,2023-04-28,0.55,0.73,INFORMANT_TIP,0
E000874,P000329,Rambabu Yadav,P000335,Wasim Baig,ASSOCIATE_OF,,2020-05-02,0.42,0.7,TOWER_DUMP,0
E000875,P000337,Kalpesh Vaghela,P000290,Alpesh Shah,ASSOCIATE_OF,,2024-11-11,0.57,0.67,PASSPORT_IMMIGRATION,1
E000876,P000337,Kalpesh Vaghela,P000335,Wasim Baig,ASSOCIATE_OF,,2024-05-02,0.71,0.81,INFORMANT_TIP,0
E000877,P000313,Sanjay Rathore,P000310,Anwar Alam,CO_ACCUSED_WITH,,2022-04-18,0.31,0.9,TOWER_DUMP,1
E000878,P000353,Ratheesh Menon,P000340,Girdhari Tiwari,SUPPLIES_TO,,2025-04-12,0.34,0.81,SOCIAL_MEDIA_INTEL,1
E000879,P000290,Alpesh Shah,P000303,Balbir Yadav,SHARES_HIDEOUT_WITH,,2020-10-28,0.57,0.93,BANK_STATEMENT,1
E000880,P000326,Jignesh Patel,P000312,Anoop Kurup,CELLMATE_OF,,2018-01-15,0.47,0.51,TOWER_DUMP,0
E000881,P000324,Nilesh Parmar,P000322,Mushtaq Idrisi,ASSOCIATE_OF,,2018-08-31,0.34,0.62,FIR,0
E000882,P000319,Sarfaraz Baig,P000306,Nadeem Idrisi,CELLMATE_OF,,2019-06-05,0.95,0.97,CRIMINAL_HISTORY_DB,1
E000883,P000343,Hardik Zala,P000304,Afsana Malik,FAMILY_OF,Cousin,2021-10-24,0.9,0.95,CRIMINAL_HISTORY_DB,1
E000884,P000359,Shivanna Kamath,P000397,Selvam Gounder,REPORTS_TO,,2020-12-31,0.97,0.9,INTELLIGENCE_REPORT,1
E000885,P000370,Yallappa Angadi,P000397,Selvam Gounder,REPORTS_TO,,2021-06-15,0.79,0.9,INTELLIGENCE_REPORT,1
E000886,P000384,Deepak Gupta,P000397,Selvam Gounder,REPORTS_TO,,2021-11-05,0.87,0.9,INTELLIGENCE_REPORT,1
E000887,P000372,Rajendran Pillai,P000397,Selvam Gounder,FINANCES,,2022-09-17,0.82,0.86,BANK_STATEMENT,1
E000888,P000368,Dinesh Rathore,P000397,Selvam Gounder,FINANCES,,2019-01-17,0.87,0.86,BANK_STATEMENT,1
E000889,P000397,Selvam Gounder,P000401,Rajendran Subramanian,HANDLER_OF,,2019-05-26,0.51,0.6,INTELLIGENCE_REPORT,0
E000890,P000393,Anbu Muthusamy,P000359,Shivanna Kamath,REPORTS_TO,,2025-02-11,0.84,0.59,SEIZURE_MEMO,1
E000891,P000395,Kannan Annadurai,P000359,Shivanna Kamath,REPORTS_TO,,2018-02-11,0.5,0.81,INTELLIGENCE_REPORT,0
E000892,P000359,Shivanna Kamath,P000395,Kannan Annadurai,RECRUITED_BY,,2018-07-19,0.41,0.66,INFORMANT_TIP,1
E000893,P000406,Triloki Dubey,P000359,Shivanna Kamath,REPORTS_TO,,2020-12-01,0.65,0.51,TOWER_DUMP,1
E000894,P000412,Lokesh Chikkanna,P000359,Shivanna Kamath,REPORTS_TO,,2022-11-15,0.52,0.87,BANK_STATEMENT,0
E000895,P000411,Kumaraswamy Kulkarni,P000359,Shivanna Kamath,REPORTS_TO,,2019-10-28,0.57,0.93,BANK_STATEMENT,0
E000896,P000361,Ramesh Dixit,P000359,Shivanna Kamath,REPORTS_TO,,2021-12-04,0.53,0.62,INFORMANT_TIP,1
E000897,P000394,Pramod Shukla,P000359,Shivanna Kamath,REPORTS_TO,,2022-12-13,0.72,0.56,BANK_STATEMENT,1
E000898,P000386,Thangaraj Naicker,P000359,Shivanna Kamath,REPORTS_TO,,2018-04-04,0.82,0.84,CRIMINAL_HISTORY_DB,1
E000899,P000376,Hanumanthappa Acharya,P000359,Shivanna Kamath,REPORTS_TO,,2022-07-02,0.89,0.87,SEIZURE_MEMO,1
E000900,P000360,Jagdish Singh,P000359,Shivanna Kamath,REPORTS_TO,,2022-07-07,0.71,0.93,PASSPORT_IMMIGRATION,1
E000901,P000415,Vinod Thakur,P000359,Shivanna Kamath,REPORTS_TO,,2019-11-28,0.5,0.94,INFORMANT_TIP,1
E000902,P000359,Shivanna Kamath,P000415,Vinod Thakur,RECRUITED_BY,,2022-11-30,0.41,0.47,BANK_STATEMENT,0
E000903,P000399,Netrapal Bhardwaj,P000359,Shivanna Kamath,REPORTS_TO,,2022-05-11,0.66,0.49,PASSPORT_IMMIGRATION,0
E000904,P000381,Perumal Subramanian,P000359,Shivanna Kamath,REPORTS_TO,,2023-06-01,0.86,0.75,SOCIAL_MEDIA_INTEL,1
E000905,P000391,Mallikarjun Desai,P000359,Shivanna Kamath,REPORTS_TO,,2025-05-09,0.88,0.82,TOWER_DUMP,1
E000906,P000382,Mallikarjun Rai,P000359,Shivanna Kamath,REPORTS_TO,,2019-07-17,0.77,0.83,BANK_STATEMENT,1
E000907,P000405,Om Prakash Chauhan,P000359,Shivanna Kamath,REPORTS_TO,,2022-11-13,0.54,0.68,INFORMANT_TIP,0
E000908,P000408,Manjunath Gowda,P000359,Shivanna Kamath,REPORTS_TO,,2019-01-25,0.68,0.93,BANK_STATEMENT,1
E000909,P000414,Thangaraj Rajendran,P000359,Shivanna Kamath,REPORTS_TO,,2020-07-10,0.53,0.48,CHARGESHEET,0
E000910,P000389,Shivanna Angadi,P000359,Shivanna Kamath,REPORTS_TO,,2018-12-22,0.88,0.95,CDR,1
E000911,P000393,Anbu Muthusamy,P000395,Kannan Annadurai,ASSOCIATE_OF,,2023-04-13,0.57,0.96,SEIZURE_MEMO,1
E000912,P000393,Anbu Muthusamy,P000376,Hanumanthappa Acharya,ASSOCIATE_OF,,2024-07-05,0.69,0.61,SURVEILLANCE_REPORT,1
E000913,P000393,Anbu Muthusamy,P000399,Netrapal Bhardwaj,ASSOCIATE_OF,,2018-09-13,0.32,0.65,CHARGESHEET,0
E000914,P000393,Anbu Muthusamy,P000381,Perumal Subramanian,ASSOCIATE_OF,,2020-09-07,0.64,0.59,SURVEILLANCE_REPORT,1
E000915,P000395,Kannan Annadurai,P000361,Ramesh Dixit,ASSOCIATE_OF,,2018-09-30,0.39,0.71,INTELLIGENCE_REPORT,0
E000916,P000395,Kannan Annadurai,P000391,Mallikarjun Desai,ASSOCIATE_OF,,2025-11-01,0.46,0.59,CRIMINAL_HISTORY_DB,1
E000917,P000395,Kannan Annadurai,P000408,Manjunath Gowda,ASSOCIATE_OF,,2023-09-09,0.63,0.53,BANK_STATEMENT,1
E000918,P000395,Kannan Annadurai,P000389,Shivanna Angadi,ASSOCIATE_OF,,2020-04-23,0.6,0.89,CHARGESHEET,1
E000919,P000406,Triloki Dubey,P000394,Pramod Shukla,ASSOCIATE_OF,,2021-07-05,0.4,0.6,IPDR,0
E000920,P000406,Triloki Dubey,P000386,Thangaraj Naicker,ASSOCIATE_OF,,2024-12-23,0.64,0.66,CDR,0
E000921,P000406,Triloki Dubey,P000382,Mallikarjun Rai,ASSOCIATE_OF,,2022-04-23,0.46,0.7,SURVEILLANCE_REPORT,1
E000922,P000406,Triloki Dubey,P000408,Manjunath Gowda,ASSOCIATE_OF,,2025-04-15,0.68,0.96,IPDR,1
E000923,P000406,Triloki Dubey,P000389,Shivanna Angadi,ASSOCIATE_OF,,2024-03-02,0.79,0.85,TOWER_DUMP,0
E000924,P000412,Lokesh Chikkanna,P000399,Netrapal Bhardwaj,ASSOCIATE_OF,,2018-03-29,0.62,0.61,BANK_STATEMENT,1
E000925,P000412,Lokesh Chikkanna,P000381,Perumal Subramanian,ASSOCIATE_OF,,2022-04-29,0.6,0.57,CHARGESHEET,1
E000926,P000411,Kumaraswamy Kulkarni,P000360,Jagdish Singh,ASSOCIATE_OF,,2020-02-16,0.53,0.94,SOCIAL_MEDIA_INTEL,0
E000927,P000411,Kumaraswamy Kulkarni,P000389,Shivanna Angadi,ASSOCIATE_OF,,2018-06-07,0.48,0.87,IPDR,0
E000928,P000361,Ramesh Dixit,P000399,Netrapal Bhardwaj,ASSOCIATE_OF,,2021-04-23,0.64,0.94,INTELLIGENCE_REPORT,0
E000929,P000361,Ramesh Dixit,P000414,Thangaraj Rajendran,ASSOCIATE_OF,,2022-04-03,0.79,0.74,INTELLIGENCE_REPORT,0
E000930,P000394,Pramod Shukla,P000386,Thangaraj Naicker,ASSOCIATE_OF,,2024-09-22,0.34,0.88,CHARGESHEET,1
E000931,P000394,Pramod Shukla,P000415,Vinod Thakur,ASSOCIATE_OF,,2023-04-08,0.45,0.77,PASSPORT_IMMIGRATION,0
E000932,P000394,Pramod Shukla,P000381,Perumal Subramanian,ASSOCIATE_OF,,2022-01-04,0.63,0.51,TOWER_DUMP,1
E000933,P000386,Thangaraj Naicker,P000389,Shivanna Angadi,ASSOCIATE_OF,,2024-10-24,0.62,0.85,FIR,1
E000934,P000360,Jagdish Singh,P000408,Manjunath Gowda,ASSOCIATE_OF,,2019-04-23,0.64,0.67,SEIZURE_MEMO,0
E000935,P000360,Jagdish Singh,P000414,Thangaraj Rajendran,ASSOCIATE_OF,,2021-11-30,0.5,0.68,CRIMINAL_HISTORY_DB,0
E000936,P000399,Netrapal Bhardwaj,P000405,Om Prakash Chauhan,ASSOCIATE_OF,,2024-02-01,0.75,0.78,CDR,0
E000937,P000381,Perumal Subramanian,P000382,Mallikarjun Rai,ASSOCIATE_OF,,2025-11-10,0.33,0.56,PASSPORT_IMMIGRATION,0
E000938,P000381,Perumal Subramanian,P000405,Om Prakash Chauhan,ASSOCIATE_OF,,2024-07-10,0.74,0.63,CRIMINAL_HISTORY_DB,1
E000939,P000381,Perumal Subramanian,P000389,Shivanna Angadi,ASSOCIATE_OF,,2021-05-08,0.42,0.67,SURVEILLANCE_REPORT,1
E000940,P000362,Suresh Jaiswal,P000370,Yallappa Angadi,REPORTS_TO,,2022-07-22,0.84,0.78,SEIZURE_MEMO,0
E000941,P000403,Saravanan Mudaliar,P000370,Yallappa Angadi,REPORTS_TO,,2023-11-26,0.74,0.72,IPDR,1
E000942,P000366,Har Prasad Yadav,P000370,Yallappa Angadi,REPORTS_TO,,2025-08-26,0.6,0.69,PASSPORT_IMMIGRATION,0
E000943,P000370,Yallappa Angadi,P000366,Har Prasad Yadav,RECRUITED_BY,,2024-11-19,0.32,0.47,SEIZURE_MEMO,1
E000944,P000396,Netrapal Nishad,P000370,Yallappa Angadi,REPORTS_TO,,2023-07-01,0.72,0.5,IPDR,1
E000945,P000377,Veeresh Acharya,P000370,Yallappa Angadi,REPORTS_TO,,2020-05-10,0.76,0.84,SOCIAL_MEDIA_INTEL,1
E000946,P000383,Balbir Yadav,P000370,Yallappa Angadi,REPORTS_TO,,2021-05-15,0.64,0.61,CDR,1
E000947,P000358,Prakash Rai,P000370,Yallappa Angadi,REPORTS_TO,,2023-12-06,0.79,0.94,INFORMANT_TIP,1
E000948,P000364,Jitendra Prajapati,P000370,Yallappa Angadi,REPORTS_TO,,2022-12-16,0.87,0.61,TOWER_DUMP,0
E000949,P000410,Arun Maurya,P000370,Yallappa Angadi,REPORTS_TO,,2020-03-06,0.53,0.68,CHARGESHEET,1
E000950,P000370,Yallappa Angadi,P000410,Arun Maurya,HANDLER_OF,,2018-02-13,0.38,0.87,SOCIAL_MEDIA_INTEL,1
E000951,P000375,Satish Kushwaha,P000370,Yallappa Angadi,REPORTS_TO,,2024-05-24,0.59,0.53,FIR,1
E000952,P000370,Yallappa Angadi,P000375,Satish Kushwaha,RECRUITED_BY,,2024-01-29,0.65,0.64,TOWER_DUMP,0
E000953,P000398,Girish Hiremath,P000370,Yallappa Angadi,REPORTS_TO,,2020-09-22,0.89,0.89,TOWER_DUMP,1
E000954,P000385,Ilango Palanivel,P000370,Yallappa Angadi,REPORTS_TO,,2019-03-17,0.51,0.73,SURVEILLANCE_REPORT,0
E000955,P000370,Yallappa Angadi,P000385,Ilango Palanivel,RECRUITED_BY,,2018-02-16,0.99,0.78,SURVEILLANCE_REPORT,0
E000956,P000400,Mallikarjun Hiremath,P000370,Yallappa Angadi,REPORTS_TO,,2023-09-24,0.74,0.6,INFORMANT_TIP,0
E000957,P000404,Elango Annadurai,P000370,Yallappa Angadi,REPORTS_TO,,2018-09-18,0.73,0.53,SOCIAL_MEDIA_INTEL,0
E000958,P000368,Dinesh Rathore,P000370,Yallappa Angadi,REPORTS_TO,,2025-10-22,0.83,0.7,CRIMINAL_HISTORY_DB,0
E000959,P000407,Ajay Prajapati,P000370,Yallappa Angadi,REPORTS_TO,,2019-03-27,0.56,0.77,CHARGESHEET,0
E000960,P000365,Velu Nadar,P000370,Yallappa Angadi,REPORTS_TO,,2022-10-13,0.53,0.78,FIR,1
E000961,P000392,Palanisamy Raja,P000370,Yallappa Angadi,REPORTS_TO,,2022-10-21,0.54,0.97,CHARGESHEET,0
E000962,P000370,Yallappa Angadi,P000392,Palanisamy Raja,HANDLER_OF,,2022-02-04,0.43,0.73,CRIMINAL_HISTORY_DB,1
E000963,P000362,Suresh Jaiswal,P000398,Girish Hiremath,ASSOCIATE_OF,,2020-12-24,0.7,0.66,SURVEILLANCE_REPORT,1
E000964,P000362,Suresh Jaiswal,P000400,Mallikarjun Hiremath,ASSOCIATE_OF,,2023-11-05,0.31,0.95,CHARGESHEET,0
E000965,P000362,Suresh Jaiswal,P000407,Ajay Prajapati,ASSOCIATE_OF,,2021-02-25,0.58,0.55,SURVEILLANCE_REPORT,0
E000966,P000403,Saravanan Mudaliar,P000396,Netrapal Nishad,ASSOCIATE_OF,,2024-01-12,0.66,0.68,SEIZURE_MEMO,0
E000967,P000403,Saravanan Mudaliar,P000364,Jitendra Prajapati,ASSOCIATE_OF,,2021-09-17,0.57,0.62,PASSPORT_IMMIGRATION,0
E000968,P000403,Saravanan Mudaliar,P000407,Ajay Prajapati,ASSOCIATE_OF,,2023-02-16,0.43,0.67,CDR,1
E000969,P000403,Saravanan Mudaliar,P000392,Palanisamy Raja,ASSOCIATE_OF,,2024-03-14,0.32,0.52,CDR,1
E000970,P000366,Har Prasad Yadav,P000410,Arun Maurya,ASSOCIATE_OF,,2019-04-04,0.59,0.76,SURVEILLANCE_REPORT,1
E000971,P000366,Har Prasad Yadav,P000400,Mallikarjun Hiremath,ASSOCIATE_OF,,2019-09-14,0.44,0.84,IPDR,1
E000972,P000396,Netrapal Nishad,P000410,Arun Maurya,ASSOCIATE_OF,,2018-12-29,0.64,0.73,CRIMINAL_HISTORY_DB,1
E000973,P000396,Netrapal Nishad,P000365,Velu Nadar,ASSOCIATE_OF,,2021-03-19,0.67,0.47,CRIMINAL_HISTORY_DB,1
E000974,P000377,Veeresh Acharya,P000383,Balbir Yadav,ASSOCIATE_OF,,2018-09-03,0.5,0.77,TOWER_DUMP,1
E000975,P000377,Veeresh Acharya,P000358,Prakash Rai,ASSOCIATE_OF,,2022-09-11,0.42,0.82,SEIZURE_MEMO,1
E000976,P000377,Veeresh Acharya,P000365,Velu Nadar,ASSOCIATE_OF,,2024-08-16,0.63,0.52,INFORMANT_TIP,0
E000977,P000377,Veeresh Acharya,P000392,Palanisamy Raja,ASSOCIATE_OF,,2023-10-18,0.49,0.7,IPDR,1
E000978,P000383,Balbir Yadav,P000400,Mallikarjun Hiremath,ASSOCIATE_OF,,2024-02-03,0.63,0.52,SOCIAL_MEDIA_INTEL,1
E000979,P000383,Balbir Yadav,P000404,Elango Annadurai,ASSOCIATE_OF,,2022-07-24,0.64,0.63,PASSPORT_IMMIGRATION,1
E000980,P000410,Arun Maurya,P000398,Girish Hiremath,ASSOCIATE_OF,,2019-02-10,0.7,0.81,PASSPORT_IMMIGRATION,1
E000981,P000410,Arun Maurya,P000407,Ajay Prajapati,ASSOCIATE_OF,,2021-03-26,0.75,0.48,SEIZURE_MEMO,0
E000982,P000375,Satish Kushwaha,P000385,Ilango Palanivel,ASSOCIATE_OF,,2024-10-14,0.8,0.51,SEIZURE_MEMO,1
E000983,P000375,Satish Kushwaha,P000400,Mallikarjun Hiremath,ASSOCIATE_OF,,2026-06-26,0.34,0.81,INFORMANT_TIP,1
E000984,P000375,Satish Kushwaha,P000368,Dinesh Rathore,ASSOCIATE_OF,,2022-09-12,0.59,0.47,CDR,0
E000985,P000385,Ilango Palanivel,P000392,Palanisamy Raja,ASSOCIATE_OF,,2022-12-28,0.4,0.53,CDR,0
E000986,P000404,Elango Annadurai,P000365,Velu Nadar,ASSOCIATE_OF,,2026-01-31,0.34,0.92,IPDR,1
E000987,P000368,Dinesh Rathore,P000407,Ajay Prajapati,ASSOCIATE_OF,,2026-01-30,0.63,0.97,SURVEILLANCE_REPORT,1
E000988,P000387,Selvam Naicker,P000384,Deepak Gupta,REPORTS_TO,,2025-12-17,0.6,0.87,BANK_STATEMENT,0
E000989,P000384,Deepak Gupta,P000387,Selvam Naicker,HANDLER_OF,,2020-11-28,0.56,0.74,TOWER_DUMP,0
E000990,P000416,Manikandan Annadurai,P000384,Deepak Gupta,REPORTS_TO,,2019-02-03,0.72,0.62,CRIMINAL_HISTORY_DB,0
E000991,P000384,Deepak Gupta,P000416,Manikandan Annadurai,RECRUITED_BY,,2023-09-20,0.32,0.54,INFORMANT_TIP,0
E000992,P000379,Saravanan Naicker,P000384,Deepak Gupta,REPORTS_TO,,2021-02-21,0.72,0.52,CRIMINAL_HISTORY_DB,0
E000993,P000373,Saravanan Mudaliar,P000384,Deepak Gupta,REPORTS_TO,,2022-12-04,0.65,0.53,BANK_STATEMENT,0
E000994,P000390,Chitra Mudaliar,P000384,Deepak Gupta,REPORTS_TO,,2022-08-24,0.56,0.76,CDR,1
E000995,P000384,Deepak Gupta,P000390,Chitra Mudaliar,RECRUITED_BY,,2023-04-01,0.98,0.75,IPDR,0
E000996,P000369,Ravichandran Nadar,P000384,Deepak Gupta,REPORTS_TO,,2023-09-14,0.67,0.53,FIR,0
E000997,P000409,Sanjay Nagar,P000384,Deepak Gupta,REPORTS_TO,,2023-07-29,0.83,0.65,CHARGESHEET,1
E000998,P000384,Deepak Gupta,P000409,Sanjay Nagar,HANDLER_OF,,2023-05-13,0.86,0.84,FIR,0
E000999,P000371,Manoj Yadav,P000384,Deepak Gupta,REPORTS_TO,,2022-06-11,0.7,0.98,TOWER_DUMP,1
E001000,P000401,Rajendran Subramanian,P000384,Deepak Gupta,REPORTS_TO,,2021-09-11,0.66,0.56,FIR,1
E001001,P000384,Deepak Gupta,P000401,Rajendran Subramanian,HANDLER_OF,,2025-01-10,0.42,0.65,CDR,1
E001002,P000374,Murugan Annadurai,P000384,Deepak Gupta,REPORTS_TO,,2018-07-16,0.67,0.63,IPDR,1
E001003,P000384,Deepak Gupta,P000374,Murugan Annadurai,RECRUITED_BY,,2025-07-22,0.59,0.5,SEIZURE_MEMO,1
E001004,P000413,Selvam Kurup,P000384,Deepak Gupta,REPORTS_TO,,2023-03-02,0.82,0.56,INTELLIGENCE_REPORT,1
E001005,P000378,Malathi Raja,P000384,Deepak Gupta,REPORTS_TO,,2020-03-21,0.55,0.66,CRIMINAL_HISTORY_DB,1
E001006,P000384,Deepak Gupta,P000378,Malathi Raja,HANDLER_OF,,2022-04-25,0.45,0.46,INFORMANT_TIP,1
E001007,P000380,Rajendran Gounder,P000384,Deepak Gupta,REPORTS_TO,,2021-01-13,0.52,0.61,BANK_STATEMENT,1
E001008,P000363,Perumal Kurup,P000384,Deepak Gupta,REPORTS_TO,,2024-08-23,0.62,0.91,BANK_STATEMENT,1
E001009,P000367,Ilango Annadurai,P000384,Deepak Gupta,REPORTS_TO,,2018-04-22,0.65,0.63,SURVEILLANCE_REPORT,0
E001010,P000372,Rajendran Pillai,P000384,Deepak Gupta,REPORTS_TO,,2021-03-29,0.64,0.85,IPDR,1
E001011,P000402,Sanjay Dubey,P000384,Deepak Gupta,REPORTS_TO,,2023-05-19,0.66,0.84,SOCIAL_MEDIA_INTEL,1
E001012,P000384,Deepak Gupta,P000402,Sanjay Dubey,HANDLER_OF,,2020-11-07,0.9,0.51,PASSPORT_IMMIGRATION,0
E001013,P000388,Manjunath Hegde,P000384,Deepak Gupta,REPORTS_TO,,2019-01-29,0.57,0.5,INFORMANT_TIP,0
E001014,P000387,Selvam Naicker,P000413,Selvam Kurup,ASSOCIATE_OF,,2019-04-05,0.74,0.83,CHARGESHEET,0
E001015,P000387,Selvam Naicker,P000378,Malathi Raja,ASSOCIATE_OF,,2021-05-11,0.49,0.73,SEIZURE_MEMO,0
E001016,P000387,Selvam Naicker,P000402,Sanjay Dubey,ASSOCIATE_OF,,2018-09-21,0.47,0.63,IPDR,0
E001017,P000387,Selvam Naicker,P000388,Manjunath Hegde,ASSOCIATE_OF,,2025-03-19,0.71,0.96,CHARGESHEET,0
E001018,P000416,Manikandan Annadurai,P000371,Manoj Yadav,ASSOCIATE_OF,,2025-12-07,0.72,0.88,CHARGESHEET,1
E001019,P000416,Manikandan Annadurai,P000374,Murugan Annadurai,ASSOCIATE_OF,,2025-12-06,0.57,0.87,SEIZURE_MEMO,0
E001020,P000416,Manikandan Annadurai,P000380,Rajendran Gounder,ASSOCIATE_OF,,2019-01-22,0.31,0.63,SURVEILLANCE_REPORT,0
E001021,P000379,Saravanan Naicker,P000409,Sanjay Nagar,ASSOCIATE_OF,,2019-02-05,0.79,0.77,SURVEILLANCE_REPORT,1
E001022,P000379,Saravanan Naicker,P000378,Malathi Raja,ASSOCIATE_OF,,2018-06-13,0.52,0.81,CDR,1
E001023,P000373,Saravanan Mudaliar,P000388,Manjunath Hegde,ASSOCIATE_OF,,2020-11-08,0.79,0.58,INTELLIGENCE_REPORT,1
E001024,P000390,Chitra Mudaliar,P000374,Murugan Annadurai,ASSOCIATE_OF,,2025-02-01,0.63,0.59,BANK_STATEMENT,1
E001025,P000390,Chitra Mudaliar,P000378,Malathi Raja,ASSOCIATE_OF,,2024-03-20,0.48,0.74,IPDR,0
E001026,P000369,Ravichandran Nadar,P000367,Ilango Annadurai,ASSOCIATE_OF,,2025-11-02,0.4,0.72,INFORMANT_TIP,1
E001027,P000409,Sanjay Nagar,P000374,Murugan Annadurai,ASSOCIATE_OF,,2022-02-14,0.61,0.72,INFORMANT_TIP,0
E001028,P000409,Sanjay Nagar,P000378,Malathi Raja,ASSOCIATE_OF,,2024-10-01,0.38,0.51,CHARGESHEET,1
E001029,P000371,Manoj Yadav,P000402,Sanjay Dubey,ASSOCIATE_OF,,2021-07-01,0.57,0.61,FIR,1
E001030,P000401,Rajendran Subramanian,P000374,Murugan Annadurai,ASSOCIATE_OF,,2019-09-09,0.54,0.89,INFORMANT_TIP,0
E001031,P000401,Rajendran Subramanian,P000413,Selvam Kurup,ASSOCIATE_OF,,2024-09-11,0.72,0.88,IPDR,1
E001032,P000401,Rajendran Subramanian,P000402,Sanjay Dubey,ASSOCIATE_OF,,2019-11-05,0.35,0.89,BANK_STATEMENT,1
E001033,P000374,Murugan Annadurai,P000380,Rajendran Gounder,ASSOCIATE_OF,,2019-07-17,0.43,0.52,INFORMANT_TIP,0
E001034,P000413,Selvam Kurup,P000378,Malathi Raja,ASSOCIATE_OF,,2020-04-08,0.34,0.63,IPDR,0
E001035,P000411,Kumaraswamy Kulkarni,P000361,Ramesh Dixit,ASSOCIATE_OF,,2024-01-29,0.48,0.71,SURVEILLANCE_REPORT,0
E001036,P000366,Har Prasad Yadav,P000383,Balbir Yadav,SUPPLIES_TO,,2023-10-24,0.34,0.91,IPDR,1
E001037,P000371,Manoj Yadav,P000373,Saravanan Mudaliar,ASSOCIATE_OF,,2020-03-24,0.3,0.76,CHARGESHEET,1
E001038,P000368,Dinesh Rathore,P000360,Jagdish Singh,CO_ACCUSED_WITH,,2022-10-14,0.9,0.64,IPDR,0
E001039,P000381,Perumal Subramanian,P000378,Malathi Raja,SHARES_HIDEOUT_WITH,,2018-12-13,0.93,0.65,SURVEILLANCE_REPORT,1
E001040,P000376,Hanumanthappa Acharya,P000378,Malathi Raja,FAMILY_OF,Nephew,2023-08-21,0.9,0.95,CRIMINAL_HISTORY_DB,1
E001041,P000398,Girish Hiremath,P000414,Thangaraj Rajendran,FAMILY_OF,Son,2021-09-03,0.9,0.95,CRIMINAL_HISTORY_DB,1
E001042,P000426,Ibrahim Mirza,P000464,Vinod Rajput,REPORTS_TO,,2022-09-03,0.95,0.9,INTELLIGENCE_REPORT,1
E001043,P000429,Tapan Biswas,P000464,Vinod Rajput,REPORTS_TO,,2020-08-31,0.93,0.9,INTELLIGENCE_REPORT,1
E001044,P000431,Bikash Roy,P000464,Vinod Rajput,REPORTS_TO,,2020-04-13,0.96,0.9,INTELLIGENCE_REPORT,1
E001045,P000460,Anil Pandey,P000464,Vinod Rajput,FINANCES,,2019-11-04,0.85,0.86,BANK_STATEMENT,1
E001046,P000432,Mohammed Pathan,P000464,Vinod Rajput,FINANCES,,2022-11-08,0.71,0.86,BANK_STATEMENT,1
E001047,P000464,Vinod Rajput,P000425,Nirmal Chakraborty,HANDLER_OF,,2026-04-27,0.26,0.6,INTELLIGENCE_REPORT,0
E001048,P000433,Subhas Naskar,P000426,Ibrahim Mirza,REPORTS_TO,,2020-12-19,0.65,0.59,TOWER_DUMP,0
E001049,P000454,Gautam Halder,P000426,Ibrahim Mirza,REPORTS_TO,,2023-03-12,0.71,0.82,IPDR,1
E001050,P000452,Mushtaq Baig,P000426,Ibrahim Mirza,REPORTS_TO,,2024-09-03,0.67,0.7,FIR,0
E001051,P000417,Yogendra Tomar,P000426,Ibrahim Mirza,REPORTS_TO,,2024-01-21,0.7,0.94,SURVEILLANCE_REPORT,0
E001052,P000470,Girdhari Shukla,P000426,Ibrahim Mirza,REPORTS_TO,,2022-05-27,0.56,0.61,INTELLIGENCE_REPORT,0
E001053,P000465,Sanjib Das,P000426,Ibrahim Mirza,REPORTS_TO,,2024-10-24,0.63,0.69,PASSPORT_IMMIGRATION,0
E001054,P000442,Swapan Gayen,P000426,Ibrahim Mirza,REPORTS_TO,,2022-09-16,0.53,0.55,CHARGESHEET,0
E001055,P000471,Swapan Dutta,P000426,Ibrahim Mirza,REPORTS_TO,,2025-09-28,0.83,0.71,PASSPORT_IMMIGRATION,0
E001056,P000462,Kuldeep Pandey,P000426,Ibrahim Mirza,REPORTS_TO,,2019-12-14,0.62,0.94,IPDR,0
E001057,P000447,Javed Malik,P000426,Ibrahim Mirza,REPORTS_TO,,2020-09-29,0.54,0.9,CRIMINAL_HISTORY_DB,1
E001058,P000453,Hariom Shukla,P000426,Ibrahim Mirza,REPORTS_TO,,2025-10-07,0.65,0.84,PASSPORT_IMMIGRATION,1
E001059,P000423,Sikha Halder,P000426,Ibrahim Mirza,REPORTS_TO,,2026-01-09,0.83,0.68,CRIMINAL_HISTORY_DB,1
E001060,P000460,Anil Pandey,P000426,Ibrahim Mirza,REPORTS_TO,,2022-05-31,0.64,0.84,CDR,0
E001061,P000421,Yusuf Hussain,P000426,Ibrahim Mirza,REPORTS_TO,,2022-12-07,0.54,0.82,TOWER_DUMP,1
E001062,P000426,Ibrahim Mirza,P000421,Yusuf Hussain,RECRUITED_BY,,2021-01-28,0.51,0.66,INFORMANT_TIP,1
E001063,P000428,Sajid Farooqui,P000426,Ibrahim Mirza,REPORTS_TO,,2019-07-23,0.82,0.99,SEIZURE_MEMO,0
E001064,P000455,Kartik Majumdar,P000426,Ibrahim Mirza,REPORTS_TO,,2018-12-30,0.69,0.56,CDR,1
E001065,P000466,Har Prasad Pandey,P000426,Ibrahim Mirza,REPORTS_TO,,2019-01-12,0.73,0.51,CRIMINAL_HISTORY_DB,0
E001066,P000433,Subhas Naskar,P000417,Yogendra Tomar,ASSOCIATE_OF,,2022-02-27,0.64,0.48,CDR,1
E001067,P000433,Subhas Naskar,P000471,Swapan Dutta,ASSOCIATE_OF,,2022-08-24,0.71,0.62,INFORMANT_TIP,0
E001068,P000433,Subhas Naskar,P000421,Yusuf Hussain,ASSOCIATE_OF,,2021-06-15,0.45,0.57,SEIZURE_MEMO,0
E001069,P000452,Mushtaq Baig,P000423,Sikha Halder,ASSOCIATE_OF,,2022-05-30,0.53,0.5,SURVEILLANCE_REPORT,1
E001070,P000452,Mushtaq Baig,P000421,Yusuf Hussain,ASSOCIATE_OF,,2019-03-29,0.67,0.77,CHARGESHEET,1
E001071,P000417,Yogendra Tomar,P000470,Girdhari Shukla,ASSOCIATE_OF,,2025-07-26,0.58,0.78,CDR,0
E001072,P000417,Yogendra Tomar,P000465,Sanjib Das,ASSOCIATE_OF,,2019-01-17,0.65,0.79,TOWER_DUMP,1
E001073,P000470,Girdhari Shukla,P000447,Javed Malik,ASSOCIATE_OF,,2024-11-24,0.51,0.71,PASSPORT_IMMIGRATION,0
E001074,P000465,Sanjib Das,P000462,Kuldeep Pandey,ASSOCIATE_OF,,2024-10-12,0.49,0.46,TOWER_DUMP,1
E001075,P000465,Sanjib Das,P000447,Javed Malik,ASSOCIATE_OF,,2021-04-23,0.36,0.56,BANK_STATEMENT,1
E001076,P000465,Sanjib Das,P000453,Hariom Shukla,ASSOCIATE_OF,,2024-06-18,0.45,0.82,CDR,1
E001077,P000465,Sanjib Das,P000423,Sikha Halder,ASSOCIATE_OF,,2021-03-01,0.77,0.53,SURVEILLANCE_REPORT,0
E001078,P000442,Swapan Gayen,P000447,Javed Malik,ASSOCIATE_OF,,2018-01-16,0.67,0.5,BANK_STATEMENT,0
E001079,P000471,Swapan Dutta,P000447,Javed Malik,ASSOCIATE_OF,,2021-04-27,0.52,0.7,FIR,0
E001080,P000471,Swapan Dutta,P000428,Sajid Farooqui,ASSOCIATE_OF,,2023-07-23,0.65,0.52,SURVEILLANCE_REPORT,1
E001081,P000471,Swapan Dutta,P000455,Kartik Majumdar,ASSOCIATE_OF,,2019-06-19,0.34,0.49,SURVEILLANCE_REPORT,1
E001082,P000462,Kuldeep Pandey,P000453,Hariom Shukla,ASSOCIATE_OF,,2021-04-30,0.35,0.96,INTELLIGENCE_REPORT,1
E001083,P000453,Hariom Shukla,P000460,Anil Pandey,ASSOCIATE_OF,,2023-09-17,0.34,0.51,CDR,0
E001084,P000453,Hariom Shukla,P000421,Yusuf Hussain,ASSOCIATE_OF,,2018-09-06,0.56,0.76,CRIMINAL_HISTORY_DB,1
E001085,P000453,Hariom Shukla,P000428,Sajid Farooqui,ASSOCIATE_OF,,2018-02-01,0.38,0.84,SURVEILLANCE_REPORT,1
E001086,P000460,Anil Pandey,P000428,Sajid Farooqui,ASSOCIATE_OF,,2026-01-02,0.78,0.62,TOWER_DUMP,0
E001087,P000459,Gopal Pal,P000429,Tapan Biswas,REPORTS_TO,,2021-09-06,0.74,0.72,FIR,1
E001088,P000444,Haroon Ansari,P000429,Tapan Biswas,REPORTS_TO,,2021-04-10,0.65,0.83,INFORMANT_TIP,1
E001089,P000429,Tapan Biswas,P000444,Haroon Ansari,HANDLER_OF,,2018-05-27,0.84,0.79,FIR,1
E001090,P000458,Zubair Ahmed,P000429,Tapan Biswas,REPORTS_TO,,2019-03-30,0.8,0.82,IPDR,0
E001091,P000429,Tapan Biswas,P000458,Zubair Ahmed,RECRUITED_BY,,2019-02-24,0.92,0.7,CHARGESHEET,1
E001092,P000422,Debashish Biswas,P000429,Tapan Biswas,REPORTS_TO,,2023-10-25,0.8,0.64,SOCIAL_MEDIA_INTEL,0
E001093,P000439,Gopal Biswas,P000429,Tapan Biswas,REPORTS_TO,,2024-04-30,0.74,0.55,BANK_STATEMENT,0
E001094,P000456,Manju Prajapati,P000429,Tapan Biswas,REPORTS_TO,,2025-02-11,0.52,0.59,INFORMANT_TIP,1
E001095,P000418,Gopal Naskar,P000429,Tapan Biswas,REPORTS_TO,,2026-01-30,0.69,0.86,INTELLIGENCE_REPORT,0
E001096,P000429,Tapan Biswas,P000418,Gopal Naskar,RECRUITED_BY,,2022-05-06,0.96,0.55,CRIMINAL_HISTORY_DB,1
E001097,P000467,Firoz Rahman,P000429,Tapan Biswas,REPORTS_TO,,2022-06-01,0.8,0.8,BANK_STATEMENT,1
E001098,P000448,Gautam Majumdar,P000429,Tapan Biswas,REPORTS_TO,,2022-06-28,0.9,0.92,INTELLIGENCE_REPORT,1
E001099,P000429,Tapan Biswas,P000448,Gautam Majumdar,HANDLER_OF,,2018-07-01,0.75,0.9,IPDR,0
E001100,P000463,Ashim Pal,P000429,Tapan Biswas,REPORTS_TO,,2025-04-13,0.56,0.54,INFORMANT_TIP,1
E001101,P000446,Udaiveer Gupta,P000429,Tapan Biswas,REPORTS_TO,,2025-04-09,0.55,0.99,CHARGESHEET,0
E001102,P000435,Naseer Zaidi,P000429,Tapan Biswas,REPORTS_TO,,2018-10-30,0.86,0.78,INTELLIGENCE_REPORT,0
E001103,P000437,Farida Khan,P000429,Tapan Biswas,REPORTS_TO,,2018-05-23,0.57,0.52,CDR,1
E001104,P000429,Tapan Biswas,P000437,Farida Khan,HANDLER_OF,,2019-04-11,0.42,0.98,BANK_STATEMENT,1
E001105,P000440,Swapan Gayen,P000429,Tapan Biswas,REPORTS_TO,,2025-10-17,0.52,0.58,FIR,1
E001106,P000424,Shanti Dubey,P000429,Tapan Biswas,REPORTS_TO,,2025-04-24,0.83,0.64,TOWER_DUMP,0
E001107,P000429,Tapan Biswas,P000424,Shanti Dubey,RECRUITED_BY,,2019-01-17,0.56,0.87,TOWER_DUMP,0
E001108,P000436,Shahnawaz Mirza,P000429,Tapan Biswas,REPORTS_TO,,2019-12-31,0.52,0.93,INTELLIGENCE_REPORT,1
E001109,P000438,Kartik Bose,P000429,Tapan Biswas,REPORTS_TO,,2021-05-07,0.52,0.83,CDR,1
E001110,P000459,Gopal Pal,P000439,Gopal Biswas,ASSOCIATE_OF,,2022-12-19,0.52,0.66,SOCIAL_MEDIA_INTEL,0
E001111,P000444,Haroon Ansari,P000418,Gopal Naskar,ASSOCIATE_OF,,2021-03-09,0.62,0.92,INTELLIGENCE_REPORT,0
E001112,P000444,Haroon Ansari,P000440,Swapan Gayen,ASSOCIATE_OF,,2022-06-07,0.5,0.76,PASSPORT_IMMIGRATION,1
E001113,P000458,Zubair Ahmed,P000456,Manju Prajapati,ASSOCIATE_OF,,2021-05-28,0.72,0.67,SEIZURE_MEMO,0
E001114,P000458,Zubair Ahmed,P000418,Gopal Naskar,ASSOCIATE_OF,,2018-07-23,0.75,0.69,SOCIAL_MEDIA_INTEL,1
E001115,P000458,Zubair Ahmed,P000467,Firoz Rahman,ASSOCIATE_OF,,2021-03-11,0.73,0.47,PASSPORT_IMMIGRATION,0
E001116,P000458,Zubair Ahmed,P000424,Shanti Dubey,ASSOCIATE_OF,,2019-01-15,0.38,0.93,FIR,0
E001117,P000422,Debashish Biswas,P000439,Gopal Biswas,ASSOCIATE_OF,,2025-06-19,0.76,0.96,FIR,0
E001118,P000422,Debashish Biswas,P000463,Ashim Pal,ASSOCIATE_OF,,2019-11-08,0.76,0.86,SURVEILLANCE_REPORT,0
E001119,P000422,Debashish Biswas,P000440,Swapan Gayen,ASSOCIATE_OF,,2021-12-19,0.57,0.54,FIR,0
E001120,P000422,Debashish Biswas,P000438,Kartik Bose,ASSOCIATE_OF,,2019-05-29,0.57,0.55,INFORMANT_TIP,1
E001121,P000456,Manju Prajapati,P000463,Ashim Pal,ASSOCIATE_OF,,2021-07-30,0.35,0.77,SURVEILLANCE_REPORT,0
E001122,P000418,Gopal Naskar,P000440,Swapan Gayen,ASSOCIATE_OF,,2025-08-07,0.51,0.73,IPDR,0
E001123,P000467,Firoz Rahman,P000463,Ashim Pal,ASSOCIATE_OF,,2024-04-25,0.44,0.57,SEIZURE_MEMO,0
E001124,P000467,Firoz Rahman,P000446,Udaiveer Gupta,ASSOCIATE_OF,,2023-10-04,0.42,0.88,CRIMINAL_HISTORY_DB,1
E001125,P000448,Gautam Majumdar,P000463,Ashim Pal,ASSOCIATE_OF,,2026-02-10,0.41,0.9,PASSPORT_IMMIGRATION,0
E001126,P000463,Ashim Pal,P000424,Shanti Dubey,ASSOCIATE_OF,,2022-07-31,0.37,0.53,IPDR,1
E001127,P000446,Udaiveer Gupta,P000440,Swapan Gayen,ASSOCIATE_OF,,2022-06-03,0.71,0.64,INTELLIGENCE_REPORT,1
E001128,P000435,Naseer Zaidi,P000438,Kartik Bose,ASSOCIATE_OF,,2024-01-24,0.7,0.9,CHARGESHEET,0
E001129,P000437,Farida Khan,P000438,Kartik Bose,ASSOCIATE_OF,,2023-05-14,0.46,0.89,INTELLIGENCE_REPORT,0
E001130,P000449,Sanjib Bhattacharya,P000431,Bikash Roy,REPORTS_TO,,2023-06-12,0.75,0.71,CDR,1
E001131,P000469,Mohammed Baig,P000431,Bikash Roy,REPORTS_TO,,2021-02-19,0.52,0.9,INTELLIGENCE_REPORT,0
E001132,P000445,Kartik Das,P000431,Bikash Roy,REPORTS_TO,,2018-01-23,0.88,0.92,CRIMINAL_HISTORY_DB,0
E001133,P000431,Bikash Roy,P000445,Kartik Das,RECRUITED_BY,,2025-03-19,0.29,0.91,BANK_STATEMENT,1
E001134,P000450,Neelam Singh,P000431,Bikash Roy,REPORTS_TO,,2021-12-01,0.57,0.93,FIR,1
E001135,P000431,Bikash Roy,P000450,Neelam Singh,RECRUITED_BY,,2022-03-07,0.51,0.84,INTELLIGENCE_REPORT,0
E001136,P000427,Naseer Baig,P000431,Bikash Roy,REPORTS_TO,,2019-03-18,0.67,0.78,TOWER_DUMP,1
E001137,P000434,Ibrahim Khan,P000431,Bikash Roy,REPORTS_TO,,2024-08-05,0.66,0.86,SURVEILLANCE_REPORT,1
E001138,P000425,Nirmal Chakraborty,P000431,Bikash Roy,REPORTS_TO,,2022-05-19,0.61,0.52,SEIZURE_MEMO,1
E001139,P000432,Mohammed Pathan,P000431,Bikash Roy,REPORTS_TO,,2025-01-13,0.64,0.77,INFORMANT_TIP,1
E001140,P000420,Shahnawaz Hussain,P000431,Bikash Roy,REPORTS_TO,,2021-04-09,0.74,0.83,IPDR,1
E001141,P000441,Tanveer Rahman,P000431,Bikash Roy,REPORTS_TO,,2024-02-19,0.58,0.64,BANK_STATEMENT,1
E001142,P000419,Palash Mistry,P000431,Bikash Roy,REPORTS_TO,,2024-09-19,0.69,0.89,PASSPORT_IMMIGRATION,1
E001143,P000461,Palash Sarkar,P000431,Bikash Roy,REPORTS_TO,,2023-01-22,0.86,0.84,SURVEILLANCE_REPORT,1
E001144,P000468,Gopal Naskar,P000431,Bikash Roy,REPORTS_TO,,2023-03-21,0.61,0.52,SURVEILLANCE_REPORT,0
E001145,P000451,Munna Chauhan,P000431,Bikash Roy,REPORTS_TO,,2019-11-02,0.81,0.85,INFORMANT_TIP,0
E001146,P000457,Naseer Malik,P000431,Bikash Roy,REPORTS_TO,,2019-12-22,0.58,0.84,PASSPORT_IMMIGRATION,0
E001147,P000431,Bikash Roy,P000457,Naseer Malik,HANDLER_OF,,2022-08-04,0.62,0.79,INFORMANT_TIP,1
E001148,P000430,Kartik Halder,P000431,Bikash Roy,REPORTS_TO,,2024-02-22,0.61,0.54,PASSPORT_IMMIGRATION,0
E001149,P000443,Salim Zaidi,P000431,Bikash Roy,REPORTS_TO,,2021-06-17,0.87,0.74,CRIMINAL_HISTORY_DB,0
E001150,P000449,Sanjib Bhattacharya,P000469,Mohammed Baig,ASSOCIATE_OF,,2025-04-17,0.45,0.47,PASSPORT_IMMIGRATION,1
E001151,P000449,Sanjib Bhattacharya,P000461,Palash Sarkar,ASSOCIATE_OF,,2022-02-20,0.3,0.57,PASSPORT_IMMIGRATION,0
E001152,P000449,Sanjib Bhattacharya,P000468,Gopal Naskar,ASSOCIATE_OF,,2022-03-11,0.69,0.99,INTELLIGENCE_REPORT,1
E001153,P000469,Mohammed Baig,P000432,Mohammed Pathan,ASSOCIATE_OF,,2024-10-21,0.37,0.93,TOWER_DUMP,0
E001154,P000469,Mohammed Baig,P000457,Naseer Malik,ASSOCIATE_OF,,2019-04-08,0.38,0.83,CDR,0
E001155,P000469,Mohammed Baig,P000430,Kartik Halder,ASSOCIATE_OF,,2020-04-28,0.68,0.79,INTELLIGENCE_REPORT,0
E001156,P000445,Kartik Das,P000457,Naseer Malik,ASSOCIATE_OF,,2024-06-19,0.55,0.51,SOCIAL_MEDIA_INTEL,1
E001157,P000445,Kartik Das,P000430,Kartik Halder,ASSOCIATE_OF,,2018-09-25,0.77,0.94,CHARGESHEET,1
E001158,P000445,Kartik Das,P000443,Salim Zaidi,ASSOCIATE_OF,,2022-09-08,0.66,0.57,CHARGESHEET,1
E001159,P000427,Naseer Baig,P000434,Ibrahim Khan,ASSOCIATE_OF,,2018-08-25,0.79,0.82,TOWER_DUMP,1
E001160,P000427,Naseer Baig,P000461,Palash Sarkar,ASSOCIATE_OF,,2022-01-01,0.55,0.96,CDR,1
E001161,P000427,Naseer Baig,P000451,Munna Chauhan,ASSOCIATE_OF,,2026-05-06,0.48,0.79,CDR,1
E001162,P000434,Ibrahim Khan,P000468,Gopal Naskar,ASSOCIATE_OF,,2024-05-13,0.72,0.6,SURVEILLANCE_REPORT,1
E001163,P000425,Nirmal Chakraborty,P000451,Munna Chauhan,ASSOCIATE_OF,,2021-01-30,0.35,0.66,CRIMINAL_HISTORY_DB,0
E001164,P000432,Mohammed Pathan,P000457,Naseer Malik,ASSOCIATE_OF,,2021-03-30,0.68,0.9,SOCIAL_MEDIA_INTEL,0
E001165,P000420,Shahnawaz Hussain,P000457,Naseer Malik,ASSOCIATE_OF,,2021-11-28,0.52,0.67,SEIZURE_MEMO,1
E001166,P000468,Gopal Naskar,P000443,Salim Zaidi,ASSOCIATE_OF,,2018-09-23,0.54,0.55,PASSPORT_IMMIGRATION,1
E001167,P000457,Naseer Malik,P000430,Kartik Halder,ASSOCIATE_OF,,2020-10-07,0.55,0.93,IPDR,1
E001168,P000457,Naseer Malik,P000443,Salim Zaidi,ASSOCIATE_OF,,2020-10-02,0.49,0.64,CHARGESHEET,0
E001169,P000462,Kuldeep Pandey,P000471,Swapan Dutta,SUPPLIES_TO,,2024-07-26,0.75,0.98,CHARGESHEET,1
E001170,P000436,Shahnawaz Mirza,P000462,Kuldeep Pandey,ASSOCIATE_OF,,2021-03-12,0.37,0.6,INFORMANT_TIP,1
E001171,P000424,Shanti Dubey,P000435,Naseer Zaidi,ASSOCIATE_OF,,2019-04-14,0.54,0.53,SOCIAL_MEDIA_INTEL,0
E001172,P000447,Javed Malik,P000425,Nirmal Chakraborty,ASSOCIATE_OF,,2022-08-13,0.7,0.65,SOCIAL_MEDIA_INTEL,0
E001173,P000443,Salim Zaidi,P000439,Gopal Biswas,ASSOCIATE_OF,,2021-10-04,0.62,0.46,FIR,0
E001174,P000426,Ibrahim Mirza,P000429,Tapan Biswas,ASSOCIATE_OF,,2020-02-09,0.7,0.72,INFORMANT_TIP,0
E001175,P000429,Tapan Biswas,P000431,Bikash Roy,ASSOCIATE_OF,,2023-05-04,0.7,0.98,CHARGESHEET,1
E001176,P000472,Manoj Kashyap,P000497,Prakash Thakur,REPORTS_TO,,2022-04-23,0.93,0.9,INTELLIGENCE_REPORT,1
E001177,P000498,Chandrabhan Srivastava,P000497,Prakash Thakur,REPORTS_TO,,2024-02-20,0.79,0.9,INTELLIGENCE_REPORT,1
E001178,P000485,Pramod Kushwaha,P000497,Prakash Thakur,FINANCES,,2022-01-16,0.97,0.86,BANK_STATEMENT,1
E001179,P000481,Sajid Mansuri,P000472,Manoj Kashyap,REPORTS_TO,,2019-08-19,0.85,0.92,CRIMINAL_HISTORY_DB,0
E001180,P000493,Yusuf Saifi,P000472,Manoj Kashyap,REPORTS_TO,,2019-09-13,0.56,0.93,FIR,0
E001181,P000477,Tanveer Farooqui,P000472,Manoj Kashyap,REPORTS_TO,,2021-01-21,0.67,0.57,SEIZURE_MEMO,1
E001182,P000505,Nazia Khan,P000472,Manoj Kashyap,REPORTS_TO,,2025-12-18,0.82,0.61,INFORMANT_TIP,1
E001183,P000489,Jitendra Mishra,P000472,Manoj Kashyap,REPORTS_TO,,2018-10-23,0.6,0.6,FIR,1
E001184,P000487,Ashfaq Zaidi,P000472,Manoj Kashyap,REPORTS_TO,,2023-03-06,0.67,0.84,TOWER_DUMP,1
E001185,P000472,Manoj Kashyap,P000487,Ashfaq Zaidi,HANDLER_OF,,2023-02-25,0.37,0.8,FIR,0
E001186,P000511,Rafiq Zaidi,P000472,Manoj Kashyap,REPORTS_TO,,2022-03-31,0.87,0.97,CDR,1
E001187,P000472,Manoj Kashyap,P000511,Rafiq Zaidi,HANDLER_OF,,2023-08-05,0.65,0.55,CRIMINAL_HISTORY_DB,1
E001188,P000506,Urmila Prajapati,P000472,Manoj Kashyap,REPORTS_TO,,2020-05-25,0.83,0.56,INTELLIGENCE_REPORT,1
E001189,P000490,Ashok Verma,P000472,Manoj Kashyap,REPORTS_TO,,2019-11-09,0.82,0.63,BANK_STATEMENT,1
E001190,P000474,Prakash Singh,P000472,Manoj Kashyap,REPORTS_TO,,2024-10-15,0.64,0.72,INFORMANT_TIP,1
E001191,P000510,Nazia Saifi,P000472,Manoj Kashyap,REPORTS_TO,,2024-05-21,0.53,0.6,SEIZURE_MEMO,1
E001192,P000472,Manoj Kashyap,P000510,Nazia Saifi,HANDLER_OF,,2018-02-05,0.65,0.65,CRIMINAL_HISTORY_DB,1
E001193,P000515,Mahesh Chauhan,P000472,Manoj Kashyap,REPORTS_TO,,2018-08-03,0.61,0.54,SEIZURE_MEMO,0
E001194,P000488,Aslam Ahmed,P000472,Manoj Kashyap,REPORTS_TO,,2023-09-29,0.6,0.64,TOWER_DUMP,1
E001195,P000512,Firoz Saifi,P000472,Manoj Kashyap,REPORTS_TO,,2022-10-29,0.79,0.73,CHARGESHEET,1
E001196,P000501,Rafiq Siddiqui,P000472,Manoj Kashyap,REPORTS_TO,,2022-10-05,0.82,0.89,SEIZURE_MEMO,1
E001197,P000472,Manoj Kashyap,P000501,Rafiq Siddiqui,HANDLER_OF,,2024-02-28,0.38,0.86,INFORMANT_TIP,1
E001198,P000509,Shakeel Mirza,P000472,Manoj Kashyap,REPORTS_TO,,2022-12-01,0.82,0.86,FIR,1
E001199,P000472,Manoj Kashyap,P000509,Shakeel Mirza,RECRUITED_BY,,2019-03-23,0.57,0.6,BANK_STATEMENT,1
E001200,P000491,Anil Srivastava,P000472,Manoj Kashyap,REPORTS_TO,,2021-07-02,0.77,0.74,SURVEILLANCE_REPORT,0
E001201,P000516,Altaf Pathan,P000472,Manoj Kashyap,REPORTS_TO,,2023-02-05,0.69,0.53,SOCIAL_MEDIA_INTEL,0
E001202,P000472,Manoj Kashyap,P000516,Altaf Pathan,RECRUITED_BY,,2020-06-23,0.72,0.92,SEIZURE_MEMO,0
E001203,P000502,Ramesh Nagar,P000472,Manoj Kashyap,REPORTS_TO,,2024-11-18,0.64,0.85,INFORMANT_TIP,1
E001204,P000499,Chandrabhan Pandey,P000472,Manoj Kashyap,REPORTS_TO,,2021-09-22,0.55,0.73,IPDR,1
E001205,P000483,Ibrahim Pathan,P000472,Manoj Kashyap,REPORTS_TO,,2022-03-06,0.58,0.72,SURVEILLANCE_REPORT,1
E001206,P000479,Balbir Baghel,P000472,Manoj Kashyap,REPORTS_TO,,2018-05-23,0.77,0.65,INTELLIGENCE_REPORT,1
E001207,P000481,Sajid Mansuri,P000506,Urmila Prajapati,ASSOCIATE_OF,,2021-04-27,0.63,0.54,IPDR,1
E001208,P000481,Sajid Mansuri,P000502,Ramesh Nagar,ASSOCIATE_OF,,2025-08-19,0.79,0.87,INTELLIGENCE_REPORT,1
E001209,P000481,Sajid Mansuri,P000483,Ibrahim Pathan,ASSOCIATE_OF,,2023-12-29,0.59,0.88,SURVEILLANCE_REPORT,1
E001210,P000493,Yusuf Saifi,P000487,Ashfaq Zaidi,ASSOCIATE_OF,,2025-02-11,0.37,0.83,BANK_STATEMENT,1
E001211,P000493,Yusuf Saifi,P000490,Ashok Verma,ASSOCIATE_OF,,2019-09-23,0.36,0.98,PASSPORT_IMMIGRATION,1
E001212,P000493,Yusuf Saifi,P000474,Prakash Singh,ASSOCIATE_OF,,2023-12-07,0.62,0.64,BANK_STATEMENT,0
E001213,P000493,Yusuf Saifi,P000510,Nazia Saifi,ASSOCIATE_OF,,2021-02-23,0.43,0.66,SURVEILLANCE_REPORT,1
E001214,P000493,Yusuf Saifi,P000515,Mahesh Chauhan,ASSOCIATE_OF,,2026-04-16,0.61,0.82,FIR,0
E001215,P000493,Yusuf Saifi,P000512,Firoz Saifi,ASSOCIATE_OF,,2022-03-24,0.63,0.96,INFORMANT_TIP,0
E001216,P000493,Yusuf Saifi,P000499,Chandrabhan Pandey,ASSOCIATE_OF,,2026-01-28,0.66,0.85,FIR,1
E001217,P000477,Tanveer Farooqui,P000487,Ashfaq Zaidi,ASSOCIATE_OF,,2019-01-04,0.79,0.75,TOWER_DUMP,0
E001218,P000477,Tanveer Farooqui,P000490,Ashok Verma,ASSOCIATE_OF,,2025-08-03,0.38,0.63,SEIZURE_MEMO,0
E001219,P000505,Nazia Khan,P000487,Ashfaq Zaidi,ASSOCIATE_OF,,2018-05-10,0.63,0.86,BANK_STATEMENT,1
E001220,P000505,Nazia Khan,P000516,Altaf Pathan,ASSOCIATE_OF,,2023-08-07,0.42,0.96,INFORMANT_TIP,0
E001221,P000505,Nazia Khan,P000479,Balbir Baghel,ASSOCIATE_OF,,2021-05-24,0.37,0.83,TOWER_DUMP,1
E001222,P000489,Jitendra Mishra,P000511,Rafiq Zaidi,ASSOCIATE_OF,,2025-04-14,0.58,0.69,SURVEILLANCE_REPORT,0
E001223,P000489,Jitendra Mishra,P000510,Nazia Saifi,ASSOCIATE_OF,,2021-01-02,0.78,0.5,SURVEILLANCE_REPORT,1
E001224,P000489,Jitendra Mishra,P000488,Aslam Ahmed,ASSOCIATE_OF,,2022-07-03,0.73,0.87,SURVEILLANCE_REPORT,1
E001225,P000489,Jitendra Mishra,P000512,Firoz Saifi,ASSOCIATE_OF,,2021-04-03,0.39,0.62,SEIZURE_MEMO,1
E001226,P000489,Jitendra Mishra,P000479,Balbir Baghel,ASSOCIATE_OF,,2025-07-15,0.36,0.46,INFORMANT_TIP,0
E001227,P000487,Ashfaq Zaidi,P000490,Ashok Verma,ASSOCIATE_OF,,2019-01-08,0.68,0.52,PASSPORT_IMMIGRATION,1
E001228,P000487,Ashfaq Zaidi,P000474,Prakash Singh,ASSOCIATE_OF,,2024-02-24,0.79,0.52,SURVEILLANCE_REPORT,0
E001229,P000511,Rafiq Zaidi,P000506,Urmila Prajapati,ASSOCIATE_OF,,2024-10-23,0.36,0.89,SURVEILLANCE_REPORT,1
E001230,P000511,Rafiq Zaidi,P000510,Nazia Saifi,ASSOCIATE_OF,,2020-09-12,0.65,0.95,SOCIAL_MEDIA_INTEL,1
E001231,P000511,Rafiq Zaidi,P000501,Rafiq Siddiqui,ASSOCIATE_OF,,2019-09-27,0.6,0.98,SOCIAL_MEDIA_INTEL,0
E001232,P000506,Urmila Prajapati,P000483,Ibrahim Pathan,ASSOCIATE_OF,,2022-01-26,0.76,0.61,FIR,1
E001233,P000490,Ashok Verma,P000515,Mahesh Chauhan,ASSOCIATE_OF,,2020-12-04,0.34,0.71,SURVEILLANCE_REPORT,0
E001234,P000490,Ashok Verma,P000499,Chandrabhan Pandey,ASSOCIATE_OF,,2024-05-14,0.66,0.7,CRIMINAL_HISTORY_DB,1
E001235,P000474,Prakash Singh,P000483,Ibrahim Pathan,ASSOCIATE_OF,,2019-08-09,0.66,0.59,IPDR,1
E001236,P000510,Nazia Saifi,P000488,Aslam Ahmed,ASSOCIATE_OF,,2018-07-12,0.68,0.62,SURVEILLANCE_REPORT,1
E001237,P000510,Nazia Saifi,P000501,Rafiq Siddiqui,ASSOCIATE_OF,,2026-02-24,0.46,0.97,SEIZURE_MEMO,0
E001238,P000510,Nazia Saifi,P000509,Shakeel Mirza,ASSOCIATE_OF,,2022-08-24,0.46,0.55,IPDR,0
E001239,P000510,Nazia Saifi,P000483,Ibrahim Pathan,ASSOCIATE_OF,,2024-02-07,0.46,0.74,INFORMANT_TIP,0
E001240,P000515,Mahesh Chauhan,P000488,Aslam Ahmed,ASSOCIATE_OF,,2022-09-26,0.76,0.57,CHARGESHEET,1
E001241,P000515,Mahesh Chauhan,P000502,Ramesh Nagar,ASSOCIATE_OF,,2025-02-22,0.6,0.8,TOWER_DUMP,1
E001242,P000488,Aslam Ahmed,P000501,Rafiq Siddiqui,ASSOCIATE_OF,,2024-10-19,0.65,0.95,INFORMANT_TIP,0
E001243,P000488,Aslam Ahmed,P000491,Anil Srivastava,ASSOCIATE_OF,,2026-04-11,0.71,0.64,CDR,1
E001244,P000512,Firoz Saifi,P000516,Altaf Pathan,ASSOCIATE_OF,,2019-12-03,0.36,0.63,CDR,1
E001245,P000509,Shakeel Mirza,P000499,Chandrabhan Pandey,ASSOCIATE_OF,,2021-02-03,0.32,0.77,INTELLIGENCE_REPORT,0
E001246,P000499,Chandrabhan Pandey,P000483,Ibrahim Pathan,ASSOCIATE_OF,,2025-12-13,0.56,0.8,TOWER_DUMP,1
E001247,P000483,Ibrahim Pathan,P000479,Balbir Baghel,ASSOCIATE_OF,,2019-02-09,0.47,0.64,FIR,0
E001248,P000508,Rizwan Ahmed,P000498,Chandrabhan Srivastava,REPORTS_TO,,2025-08-01,0.57,0.6,SEIZURE_MEMO,1
E001249,P000480,Tanveer Farooqui,P000498,Chandrabhan Srivastava,REPORTS_TO,,2025-11-04,0.76,0.54,BANK_STATEMENT,0
E001250,P000500,Wasim Rahman,P000498,Chandrabhan Srivastava,REPORTS_TO,,2025-12-02,0.56,0.77,CDR,1
E001251,P000484,Tanveer Shaikh,P000498,Chandrabhan Srivastava,REPORTS_TO,,2018-05-26,0.76,0.95,IPDR,0
E001252,P000478,Triloki Tiwari,P000498,Chandrabhan Srivastava,REPORTS_TO,,2019-04-26,0.73,0.67,INFORMANT_TIP,0
E001253,P000494,Yogendra Pandey,P000498,Chandrabhan Srivastava,REPORTS_TO,,2018-04-05,0.69,0.47,INFORMANT_TIP,1
E001254,P000503,Kavita Nishad,P000498,Chandrabhan Srivastava,REPORTS_TO,,2019-11-25,0.87,0.63,SEIZURE_MEMO,1
E001255,P000514,Rafiq Sheikh,P000498,Chandrabhan Srivastava,REPORTS_TO,,2019-04-06,0.9,0.99,BANK_STATEMENT,1
E001256,P000492,Sunil Nagar,P000498,Chandrabhan Srivastava,REPORTS_TO,,2020-07-26,0.81,0.67,PASSPORT_IMMIGRATION,0
E001257,P000476,Imran Rahman,P000498,Chandrabhan Srivastava,REPORTS_TO,,2021-10-11,0.62,0.5,INFORMANT_TIP,0
E001258,P000504,Jitendra Solanki,P000498,Chandrabhan Srivastava,REPORTS_TO,,2025-11-29,0.67,0.94,IPDR,0
E001259,P000485,Pramod Kushwaha,P000498,Chandrabhan Srivastava,REPORTS_TO,,2020-11-12,0.87,0.58,CRIMINAL_HISTORY_DB,1
E001260,P000498,Chandrabhan Srivastava,P000485,Pramod Kushwaha,RECRUITED_BY,,2018-05-31,0.51,0.84,CRIMINAL_HISTORY_DB,0
E001261,P000473,Arun Kashyap,P000498,Chandrabhan Srivastava,REPORTS_TO,,2022-06-14,0.63,0.67,CHARGESHEET,1
E001262,P000498,Chandrabhan Srivastava,P000473,Arun Kashyap,HANDLER_OF,,2024-04-21,0.99,0.58,IPDR,0
E001263,P000507,Suresh Nishad,P000498,Chandrabhan Srivastava,REPORTS_TO,,2023-07-19,0.53,0.96,SURVEILLANCE_REPORT,1
E001264,P000498,Chandrabhan Srivastava,P000507,Suresh Nishad,RECRUITED_BY,,2026-05-18,0.53,0.57,TOWER_DUMP,1
E001265,P000495,Firoz Mansuri,P000498,Chandrabhan Srivastava,REPORTS_TO,,2025-05-28,0.73,0.61,INTELLIGENCE_REPORT,1
E001266,P000482,Naresh Mishra,P000498,Chandrabhan Srivastava,REPORTS_TO,,2019-08-23,0.82,0.85,BANK_STATEMENT,0
E001267,P000475,Tanveer Pathan,P000498,Chandrabhan Srivastava,REPORTS_TO,,2019-05-25,0.85,0.66,SEIZURE_MEMO,1
E001268,P000486,Tanveer Khan,P000498,Chandrabhan Srivastava,REPORTS_TO,,2024-09-25,0.71,0.51,SURVEILLANCE_REPORT,0
E001269,P000518,Rukhsana Rahman,P000498,Chandrabhan Srivastava,REPORTS_TO,,2025-07-13,0.64,0.71,INTELLIGENCE_REPORT,0
E001270,P000517,Hariom Sengar,P000498,Chandrabhan Srivastava,REPORTS_TO,,2020-12-19,0.8,0.46,TOWER_DUMP,0
E001271,P000498,Chandrabhan Srivastava,P000517,Hariom Sengar,HANDLER_OF,,2022-04-11,0.28,0.59,FIR,0
E001272,P000513,Devendra Bhardwaj,P000498,Chandrabhan Srivastava,REPORTS_TO,,2025-05-05,0.75,0.45,SURVEILLANCE_REPORT,0
E001273,P000496,Har Prasad Rajput,P000498,Chandrabhan Srivastava,REPORTS_TO,,2021-04-18,0.5,0.93,BANK_STATEMENT,1
E001274,P000508,Rizwan Ahmed,P000514,Rafiq Sheikh,ASSOCIATE_OF,,2023-11-12,0.67,0.93,INTELLIGENCE_REPORT,1
E001275,P000508,Rizwan Ahmed,P000475,Tanveer Pathan,ASSOCIATE_OF,,2019-01-28,0.78,0.64,IPDR,1
E001276,P000480,Tanveer Farooqui,P000504,Jitendra Solanki,ASSOCIATE_OF,,2022-06-08,0.66,0.81,SOCIAL_MEDIA_INTEL,1
E001277,P000480,Tanveer Farooqui,P000482,Naresh Mishra,ASSOCIATE_OF,,2024-07-08,0.6,0.81,CHARGESHEET,1
E001278,P000480,Tanveer Farooqui,P000518,Rukhsana Rahman,ASSOCIATE_OF,,2019-10-01,0.31,0.58,INTELLIGENCE_REPORT,0
E001279,P000500,Wasim Rahman,P000504,Jitendra Solanki,ASSOCIATE_OF,,2018-01-25,0.74,0.97,CHARGESHEET,0
E001280,P000500,Wasim Rahman,P000507,Suresh Nishad,ASSOCIATE_OF,,2019-03-30,0.33,0.96,TOWER_DUMP,1
E001281,P000484,Tanveer Shaikh,P000495,Firoz Mansuri,ASSOCIATE_OF,,2019-02-07,0.56,0.97,CHARGESHEET,1
E001282,P000478,Triloki Tiwari,P000476,Imran Rahman,ASSOCIATE_OF,,2020-04-08,0.58,0.85,BANK_STATEMENT,0
E001283,P000478,Triloki Tiwari,P000485,Pramod Kushwaha,ASSOCIATE_OF,,2019-10-24,0.3,0.46,PASSPORT_IMMIGRATION,0
E001284,P000494,Yogendra Pandey,P000482,Naresh Mishra,ASSOCIATE_OF,,2020-08-02,0.54,0.97,BANK_STATEMENT,1
E001285,P000494,Yogendra Pandey,P000517,Hariom Sengar,ASSOCIATE_OF,,2026-06-20,0.51,0.5,CHARGESHEET,0
E001286,P000494,Yogendra Pandey,P000513,Devendra Bhardwaj,ASSOCIATE_OF,,2025-03-26,0.59,0.73,SURVEILLANCE_REPORT,0
E001287,P000503,Kavita Nishad,P000518,Rukhsana Rahman,ASSOCIATE_OF,,2020-10-07,0.62,0.76,INTELLIGENCE_REPORT,0
E001288,P000476,Imran Rahman,P000504,Jitendra Solanki,ASSOCIATE_OF,,2018-12-29,0.78,0.82,INFORMANT_TIP,0
E001289,P000476,Imran Rahman,P000473,Arun Kashyap,ASSOCIATE_OF,,2024-04-04,0.45,0.59,SOCIAL_MEDIA_INTEL,1
E001290,P000476,Imran Rahman,P000496,Har Prasad Rajput,ASSOCIATE_OF,,2018-08-27,0.31,0.86,SOCIAL_MEDIA_INTEL,1
E001291,P000504,Jitendra Solanki,P000518,Rukhsana Rahman,ASSOCIATE_OF,,2023-10-29,0.55,0.83,INTELLIGENCE_REPORT,1
E001292,P000504,Jitendra Solanki,P000513,Devendra Bhardwaj,ASSOCIATE_OF,,2019-10-09,0.39,0.9,IPDR,0
E001293,P000504,Jitendra Solanki,P000496,Har Prasad Rajput,ASSOCIATE_OF,,2018-03-25,0.55,0.5,SEIZURE_MEMO,1
E001294,P000485,Pramod Kushwaha,P000495,Firoz Mansuri,ASSOCIATE_OF,,2023-06-16,0.71,0.65,INTELLIGENCE_REPORT,0
E001295,P000485,Pramod Kushwaha,P000486,Tanveer Khan,ASSOCIATE_OF,,2022-08-08,0.57,0.59,IPDR,0
E001296,P000473,Arun Kashyap,P000486,Tanveer Khan,ASSOCIATE_OF,,2018-04-26,0.72,0.93,INTELLIGENCE_REPORT,0
E001297,P000495,Firoz Mansuri,P000482,Naresh Mishra,ASSOCIATE_OF,,2022-04-12,0.52,0.89,FIR,0
E001298,P000482,Naresh Mishra,P000475,Tanveer Pathan,ASSOCIATE_OF,,2020-07-04,0.79,0.6,SOCIAL_MEDIA_INTEL,0
E001299,P000486,Tanveer Khan,P000513,Devendra Bhardwaj,ASSOCIATE_OF,,2024-09-23,0.64,0.9,CRIMINAL_HISTORY_DB,1
E001300,P000486,Tanveer Khan,P000496,Har Prasad Rajput,ASSOCIATE_OF,,2021-06-29,0.61,0.8,PASSPORT_IMMIGRATION,1
E001301,P000513,Devendra Bhardwaj,P000496,Har Prasad Rajput,ASSOCIATE_OF,,2020-08-20,0.77,0.9,SEIZURE_MEMO,0
E001302,P000506,Urmila Prajapati,P000491,Anil Srivastava,CO_ACCUSED_WITH,,2026-02-07,0.84,0.74,CRIMINAL_HISTORY_DB,1
E001303,P000475,Tanveer Pathan,P000488,Aslam Ahmed,ASSOCIATE_OF,,2025-07-06,0.49,0.83,CRIMINAL_HISTORY_DB,1
E001304,P000517,Hariom Sengar,P000495,Firoz Mansuri,CO_ACCUSED_WITH,,2020-07-10,0.41,0.55,SEIZURE_MEMO,0
E001305,P000484,Tanveer Shaikh,P000478,Triloki Tiwari,ASSOCIATE_OF,,2020-07-06,0.75,0.94,SOCIAL_MEDIA_INTEL,1
E001306,P000551,Abdul Idrisi,P000556,Zubair Saifi,REPORTS_TO,,2024-09-10,0.81,0.9,INTELLIGENCE_REPORT,1
E001307,P000555,Dinesh Gupta,P000556,Zubair Saifi,REPORTS_TO,,2021-07-20,0.93,0.9,INTELLIGENCE_REPORT,1
E001308,P000561,Nirmal Gill,P000556,Zubair Saifi,REPORTS_TO,,2023-04-12,0.93,0.9,INTELLIGENCE_REPORT,1
E001309,P000558,Mahesh Kushwaha,P000556,Zubair Saifi,FINANCES,,2022-08-13,0.89,0.86,BANK_STATEMENT,1
E001310,P000560,Devendra Bhardwaj,P000556,Zubair Saifi,FINANCES,,2022-05-14,0.95,0.86,BANK_STATEMENT,1
E001311,P000556,Zubair Saifi,P000557,Haroon Pathan,HANDLER_OF,,2022-12-28,0.81,0.6,INTELLIGENCE_REPORT,0
E001312,P000533,Jaswant Brar,P000551,Abdul Idrisi,REPORTS_TO,,2021-04-12,0.87,0.85,INTELLIGENCE_REPORT,0
E001313,P000551,Abdul Idrisi,P000533,Jaswant Brar,HANDLER_OF,,2021-06-01,0.8,0.93,BANK_STATEMENT,1
E001314,P000537,Harbhajan Bhullar,P000551,Abdul Idrisi,REPORTS_TO,,2021-10-24,0.62,0.49,FIR,1
E001315,P000548,Anil Prajapati,P000551,Abdul Idrisi,REPORTS_TO,,2021-10-15,0.55,0.73,IPDR,0
E001316,P000542,Paramjit Sarao,P000551,Abdul Idrisi,REPORTS_TO,,2018-11-29,0.72,0.64,BANK_STATEMENT,0
E001317,P000541,Javed Alam,P000551,Abdul Idrisi,REPORTS_TO,,2023-12-22,0.89,0.77,TOWER_DUMP,1
E001318,P000523,Triloki Shukla,P000551,Abdul Idrisi,REPORTS_TO,,2025-10-12,0.9,0.62,BANK_STATEMENT,1
E001319,P000557,Haroon Pathan,P000551,Abdul Idrisi,REPORTS_TO,,2018-07-14,0.81,0.94,TOWER_DUMP,0
E001320,P000564,Wasim Khan,P000551,Abdul Idrisi,REPORTS_TO,,2025-07-24,0.61,0.6,BANK_STATEMENT,1
E001321,P000545,Abdul Alam,P000551,Abdul Idrisi,REPORTS_TO,,2022-03-07,0.76,0.72,BANK_STATEMENT,1
E001322,P000536,Javed Shaikh,P000551,Abdul Idrisi,REPORTS_TO,,2019-11-06,0.55,0.63,PASSPORT_IMMIGRATION,0
E001323,P000530,Ranjit Bajwa,P000551,Abdul Idrisi,REPORTS_TO,,2018-02-09,0.67,0.87,TOWER_DUMP,0
E001324,P000569,Rizwan Qureshi,P000551,Abdul Idrisi,REPORTS_TO,,2020-10-11,0.67,0.46,BANK_STATEMENT,0
E001325,P000551,Abdul Idrisi,P000569,Rizwan Qureshi,RECRUITED_BY,,2022-05-07,0.82,0.71,SURVEILLANCE_REPORT,1
E001326,P000531,Ashfaq Rahman,P000551,Abdul Idrisi,REPORTS_TO,,2025-09-25,0.6,0.63,INTELLIGENCE_REPORT,1
E001327,P000551,Abdul Idrisi,P000531,Ashfaq Rahman,HANDLER_OF,,2025-08-02,0.95,0.88,IPDR,0
E001328,P000547,Jarnail Sarao,P000551,Abdul Idrisi,REPORTS_TO,,2024-09-10,0.72,0.65,SEIZURE_MEMO,0
E001329,P000550,Anwar Qureshi,P000551,Abdul Idrisi,REPORTS_TO,,2018-06-05,0.76,0.74,FIR,1
E001330,P000551,Abdul Idrisi,P000550,Anwar Qureshi,HANDLER_OF,,2023-05-09,0.85,0.82,SEIZURE_MEMO,1
E001331,P000566,Ajay Dubey,P000551,Abdul Idrisi,REPORTS_TO,,2022-02-06,0.66,0.99,BANK_STATEMENT,1
E001332,P000533,Jaswant Brar,P000530,Ranjit Bajwa,ASSOCIATE_OF,,2022-11-15,0.52,0.69,INTELLIGENCE_REPORT,1
E001333,P000533,Jaswant Brar,P000550,Anwar Qureshi,ASSOCIATE_OF,,2018-04-04,0.63,0.48,BANK_STATEMENT,0
E001334,P000537,Harbhajan Bhullar,P000541,Javed Alam,ASSOCIATE_OF,,2023-11-21,0.7,0.85,CDR,1
E001335,P000537,Harbhajan Bhullar,P000536,Javed Shaikh,ASSOCIATE_OF,,2026-02-18,0.56,0.75,SEIZURE_MEMO,0
E001336,P000537,Harbhajan Bhullar,P000566,Ajay Dubey,ASSOCIATE_OF,,2023-04-22,0.35,0.71,INTELLIGENCE_REPORT,0
E001337,P000548,Anil Prajapati,P000523,Triloki Shukla,ASSOCIATE_OF,,2019-06-04,0.43,0.55,TOWER_DUMP,1
E001338,P000548,Anil Prajapati,P000545,Abdul Alam,ASSOCIATE_OF,,2022-04-16,0.54,0.77,BANK_STATEMENT,0
E001339,P000548,Anil Prajapati,P000569,Rizwan Qureshi,ASSOCIATE_OF,,2023-08-07,0.77,0.53,CHARGESHEET,1
E001340,P000542,Paramjit Sarao,P000530,Ranjit Bajwa,ASSOCIATE_OF,,2022-07-01,0.59,0.6,INTELLIGENCE_REPORT,1
E001341,P000542,Paramjit Sarao,P000569,Rizwan Qureshi,ASSOCIATE_OF,,2018-12-03,0.79,0.65,INTELLIGENCE_REPORT,0
E001342,P000542,Paramjit Sarao,P000547,Jarnail Sarao,ASSOCIATE_OF,,2024-09-20,0.3,0.45,SEIZURE_MEMO,1
E001343,P000541,Javed Alam,P000547,Jarnail Sarao,ASSOCIATE_OF,,2025-10-22,0.38,0.55,SOCIAL_MEDIA_INTEL,1
E001344,P000523,Triloki Shukla,P000545,Abdul Alam,ASSOCIATE_OF,,2021-07-26,0.71,0.91,PASSPORT_IMMIGRATION,1
E001345,P000523,Triloki Shukla,P000550,Anwar Qureshi,ASSOCIATE_OF,,2020-07-16,0.68,0.5,INFORMANT_TIP,0
E001346,P000523,Triloki Shukla,P000566,Ajay Dubey,ASSOCIATE_OF,,2020-12-24,0.62,0.8,SEIZURE_MEMO,1
E001347,P000557,Haroon Pathan,P000545,Abdul Alam,ASSOCIATE_OF,,2022-06-25,0.72,0.89,CHARGESHEET,1
E001348,P000557,Haroon Pathan,P000530,Ranjit Bajwa,ASSOCIATE_OF,,2024-12-17,0.57,0.46,SEIZURE_MEMO,1
E001349,P000557,Haroon Pathan,P000531,Ashfaq Rahman,ASSOCIATE_OF,,2026-04-04,0.35,0.86,IPDR,0
E001350,P000557,Haroon Pathan,P000550,Anwar Qureshi,ASSOCIATE_OF,,2018-02-04,0.8,0.48,INFORMANT_TIP,0
E001351,P000564,Wasim Khan,P000530,Ranjit Bajwa,ASSOCIATE_OF,,2018-12-02,0.33,0.62,PASSPORT_IMMIGRATION,0
E001352,P000564,Wasim Khan,P000550,Anwar Qureshi,ASSOCIATE_OF,,2022-01-22,0.43,0.95,TOWER_DUMP,0
E001353,P000564,Wasim Khan,P000566,Ajay Dubey,ASSOCIATE_OF,,2026-01-25,0.4,0.63,PASSPORT_IMMIGRATION,0
E001354,P000545,Abdul Alam,P000531,Ashfaq Rahman,ASSOCIATE_OF,,2023-11-27,0.42,0.86,SURVEILLANCE_REPORT,1
E001355,P000536,Javed Shaikh,P000531,Ashfaq Rahman,ASSOCIATE_OF,,2024-12-25,0.63,0.92,CHARGESHEET,1
E001356,P000530,Ranjit Bajwa,P000569,Rizwan Qureshi,ASSOCIATE_OF,,2018-09-05,0.5,0.51,SURVEILLANCE_REPORT,1
E001357,P000547,Jarnail Sarao,P000566,Ajay Dubey,ASSOCIATE_OF,,2023-04-28,0.71,0.58,CDR,0
E001358,P000550,Anwar Qureshi,P000566,Ajay Dubey,ASSOCIATE_OF,,2018-07-25,0.59,0.66,SOCIAL_MEDIA_INTEL,0
E001359,P000560,Devendra Bhardwaj,P000555,Dinesh Gupta,REPORTS_TO,,2018-02-02,0.72,0.48,IPDR,0
E001360,P000540,Tarsem Gill,P000555,Dinesh Gupta,REPORTS_TO,,2025-02-07,0.75,0.59,INFORMANT_TIP,0
E001361,P000555,Dinesh Gupta,P000540,Tarsem Gill,HANDLER_OF,,2018-03-22,0.23,0.49,TOWER_DUMP,0
E001362,P000558,Mahesh Kushwaha,P000555,Dinesh Gupta,REPORTS_TO,,2025-04-23,0.71,0.49,SOCIAL_MEDIA_INTEL,0
E001363,P000567,Triloki Yadav,P000555,Dinesh Gupta,REPORTS_TO,,2021-04-19,0.68,0.92,PASSPORT_IMMIGRATION,1
E001364,P000555,Dinesh Gupta,P000567,Triloki Yadav,HANDLER_OF,,2022-02-22,0.85,0.81,FIR,1
E001365,P000525,Naseer Ahmed,P000555,Dinesh Gupta,REPORTS_TO,,2019-03-17,0.61,0.6,INFORMANT_TIP,1
E001366,P000555,Dinesh Gupta,P000525,Naseer Ahmed,HANDLER_OF,,2020-08-11,0.46,0.57,INFORMANT_TIP,1
E001367,P000539,Sandeep Awasthi,P000555,Dinesh Gupta,REPORTS_TO,,2023-08-11,0.77,0.46,CHARGESHEET,0
E001368,P000554,Davinder Bhullar,P000555,Dinesh Gupta,REPORTS_TO,,2018-06-17,0.7,0.58,CDR,0
E001369,P000528,Satnam Sidhu,P000555,Dinesh Gupta,REPORTS_TO,,2021-11-08,0.54,0.52,SEIZURE_MEMO,0
E001370,P000529,Pramod Baghel,P000555,Dinesh Gupta,REPORTS_TO,,2021-08-23,0.76,0.77,IPDR,0
E001371,P000543,Shahnawaz Mansuri,P000555,Dinesh Gupta,REPORTS_TO,,2021-05-25,0.55,0.91,BANK_STATEMENT,0
E001372,P000535,Om Prakash Bhardwaj,P000555,Dinesh Gupta,REPORTS_TO,,2018-12-15,0.53,0.85,INTELLIGENCE_REPORT,1
E001373,P000549,Tanveer Rahman,P000555,Dinesh Gupta,REPORTS_TO,,2024-03-28,0.89,0.61,SOCIAL_MEDIA_INTEL,0
E001374,P000526,Vinod Singh,P000555,Dinesh Gupta,REPORTS_TO,,2019-12-01,0.52,0.86,CDR,0
E001375,P000568,Lakhwinder Singh,P000555,Dinesh Gupta,REPORTS_TO,,2022-12-22,0.88,0.92,BANK_STATEMENT,0
E001376,P000519,Pramod Jaiswal,P000555,Dinesh Gupta,REPORTS_TO,,2021-04-24,0.65,0.98,SEIZURE_MEMO,1
E001377,P000555,Dinesh Gupta,P000519,Pramod Jaiswal,HANDLER_OF,,2021-01-25,0.4,0.48,PASSPORT_IMMIGRATION,0
E001378,P000553,Vijay Rajput,P000555,Dinesh Gupta,REPORTS_TO,,2025-08-26,0.72,0.48,PASSPORT_IMMIGRATION,1
E001379,P000560,Devendra Bhardwaj,P000525,Naseer Ahmed,ASSOCIATE_OF,,2022-01-02,0.4,0.53,TOWER_DUMP,0
E001380,P000560,Devendra Bhardwaj,P000539,Sandeep Awasthi,ASSOCIATE_OF,,2024-10-08,0.4,0.47,IPDR,1
E001381,P000560,Devendra Bhardwaj,P000519,Pramod Jaiswal,ASSOCIATE_OF,,2022-02-01,0.46,0.88,CRIMINAL_HISTORY_DB,0
E001382,P000560,Devendra Bhardwaj,P000553,Vijay Rajput,ASSOCIATE_OF,,2023-12-16,0.77,0.58,BANK_STATEMENT,0
E001383,P000540,Tarsem Gill,P000567,Triloki Yadav,ASSOCIATE_OF,,2020-03-11,0.79,0.58,CHARGESHEET,1
E001384,P000558,Mahesh Kushwaha,P000535,Om Prakash Bhardwaj,ASSOCIATE_OF,,2024-10-29,0.69,0.53,SOCIAL_MEDIA_INTEL,1
E001385,P000558,Mahesh Kushwaha,P000526,Vinod Singh,ASSOCIATE_OF,,2025-06-26,0.76,0.75,SOCIAL_MEDIA_INTEL,0
E001386,P000558,Mahesh Kushwaha,P000519,Pramod Jaiswal,ASSOCIATE_OF,,2018-05-13,0.59,0.49,TOWER_DUMP,0
E001387,P000567,Triloki Yadav,P000526,Vinod Singh,ASSOCIATE_OF,,2020-03-30,0.58,0.6,INTELLIGENCE_REPORT,1
E001388,P000525,Naseer Ahmed,P000549,Tanveer Rahman,ASSOCIATE_OF,,2018-02-24,0.71,0.49,INFORMANT_TIP,0
E001389,P000539,Sandeep Awasthi,P000528,Satnam Sidhu,ASSOCIATE_OF,,2020-05-07,0.46,0.48,BANK_STATEMENT,1
E001390,P000539,Sandeep Awasthi,P000568,Lakhwinder Singh,ASSOCIATE_OF,,2023-08-13,0.79,0.72,PASSPORT_IMMIGRATION,1
E001391,P000554,Davinder Bhullar,P000529,Pramod Baghel,ASSOCIATE_OF,,2019-01-23,0.41,0.85,PASSPORT_IMMIGRATION,0
E001392,P000528,Satnam Sidhu,P000529,Pramod Baghel,ASSOCIATE_OF,,2020-09-13,0.77,0.57,CHARGESHEET,1
E001393,P000528,Satnam Sidhu,P000535,Om Prakash Bhardwaj,ASSOCIATE_OF,,2020-05-04,0.46,0.69,BANK_STATEMENT,1
E001394,P000528,Satnam Sidhu,P000526,Vinod Singh,ASSOCIATE_OF,,2019-02-17,0.37,0.89,PASSPORT_IMMIGRATION,1
E001395,P000528,Satnam Sidhu,P000553,Vijay Rajput,ASSOCIATE_OF,,2020-04-24,0.78,0.64,SURVEILLANCE_REPORT,0
E001396,P000529,Pramod Baghel,P000526,Vinod Singh,ASSOCIATE_OF,,2024-09-07,0.71,0.67,IPDR,0
E001397,P000543,Shahnawaz Mansuri,P000526,Vinod Singh,ASSOCIATE_OF,,2021-09-09,0.32,0.84,SOCIAL_MEDIA_INTEL,1
E001398,P000535,Om Prakash Bhardwaj,P000526,Vinod Singh,ASSOCIATE_OF,,2022-08-24,0.42,0.92,INFORMANT_TIP,0
E001399,P000535,Om Prakash Bhardwaj,P000553,Vijay Rajput,ASSOCIATE_OF,,2021-05-20,0.7,0.89,SURVEILLANCE_REPORT,1
E001400,P000549,Tanveer Rahman,P000519,Pramod Jaiswal,ASSOCIATE_OF,,2020-07-04,0.6,0.59,IPDR,1
E001401,P000538,Balwinder Gill,P000561,Nirmal Gill,REPORTS_TO,,2018-07-10,0.56,0.93,SEIZURE_MEMO,1
E001402,P000563,Malkiat Bains,P000561,Nirmal Gill,REPORTS_TO,,2019-05-08,0.79,0.46,PASSPORT_IMMIGRATION,1
E001403,P000546,Om Prakash Rathore,P000561,Nirmal Gill,REPORTS_TO,,2020-01-12,0.81,0.72,SEIZURE_MEMO,0
E001404,P000524,Aslam Saifi,P000561,Nirmal Gill,REPORTS_TO,,2019-06-08,0.67,0.47,FIR,0
E001405,P000527,Harbhajan Sarao,P000561,Nirmal Gill,REPORTS_TO,,2022-01-13,0.83,0.53,CDR,1
E001406,P000559,Tarsem Singh,P000561,Nirmal Gill,REPORTS_TO,,2024-11-15,0.78,0.73,SEIZURE_MEMO,1
E001407,P000552,Manju Yadav,P000561,Nirmal Gill,REPORTS_TO,,2022-11-14,0.84,0.91,FIR,0
E001408,P000534,Pushpa Awasthi,P000561,Nirmal Gill,REPORTS_TO,,2025-09-15,0.73,0.95,CRIMINAL_HISTORY_DB,0
E001409,P000521,Vijay Bhadauria,P000561,Nirmal Gill,REPORTS_TO,,2020-08-19,0.58,0.92,BANK_STATEMENT,1
E001410,P000565,Devendra Tiwari,P000561,Nirmal Gill,REPORTS_TO,,2018-03-17,0.68,0.91,FIR,1
E001411,P000544,Iqbal Malik,P000561,Nirmal Gill,REPORTS_TO,,2021-11-17,0.68,0.52,INTELLIGENCE_REPORT,0
E001412,P000522,Wasim Malik,P000561,Nirmal Gill,REPORTS_TO,,2026-04-23,0.57,0.72,TOWER_DUMP,0
E001413,P000561,Nirmal Gill,P000522,Wasim Malik,HANDLER_OF,,2026-06-11,0.23,0.72,PASSPORT_IMMIGRATION,0
E001414,P000520,Simranjit Bains,P000561,Nirmal Gill,REPORTS_TO,,2024-06-12,0.77,0.84,SEIZURE_MEMO,1
E001415,P000561,Nirmal Gill,P000520,Simranjit Bains,HANDLER_OF,,2023-09-17,0.32,0.82,BANK_STATEMENT,0
E001416,P000532,Shakeel Rahman,P000561,Nirmal Gill,REPORTS_TO,,2025-10-28,0.65,0.52,SOCIAL_MEDIA_INTEL,1
E001417,P000562,Yusuf Pathan,P000561,Nirmal Gill,REPORTS_TO,,2025-08-15,0.76,0.65,INTELLIGENCE_REPORT,1
E001418,P000538,Balwinder Gill,P000559,Tarsem Singh,ASSOCIATE_OF,,2023-02-24,0.37,0.59,PASSPORT_IMMIGRATION,0
E001419,P000538,Balwinder Gill,P000522,Wasim Malik,ASSOCIATE_OF,,2021-05-05,0.42,0.46,TOWER_DUMP,0
E001420,P000563,Malkiat Bains,P000559,Tarsem Singh,ASSOCIATE_OF,,2019-05-05,0.37,0.66,PASSPORT_IMMIGRATION,0
E001421,P000563,Malkiat Bains,P000534,Pushpa Awasthi,ASSOCIATE_OF,,2024-11-03,0.56,0.57,CRIMINAL_HISTORY_DB,0
E001422,P000563,Malkiat Bains,P000520,Simranjit Bains,ASSOCIATE_OF,,2022-01-16,0.74,0.61,INFORMANT_TIP,1
E001423,P000546,Om Prakash Rathore,P000527,Harbhajan Sarao,ASSOCIATE_OF,,2026-04-10,0.7,0.78,BANK_STATEMENT,0
E001424,P000546,Om Prakash Rathore,P000522,Wasim Malik,ASSOCIATE_OF,,2022-03-11,0.32,0.58,FIR,0
E001425,P000546,Om Prakash Rathore,P000532,Shakeel Rahman,ASSOCIATE_OF,,2026-05-14,0.51,0.78,INTELLIGENCE_REPORT,1
E001426,P000546,Om Prakash Rathore,P000562,Yusuf Pathan,ASSOCIATE_OF,,2020-02-27,0.4,0.88,SEIZURE_MEMO,1
E001427,P000527,Harbhajan Sarao,P000552,Manju Yadav,ASSOCIATE_OF,,2020-01-07,0.64,0.51,FIR,0
E001428,P000527,Harbhajan Sarao,P000521,Vijay Bhadauria,ASSOCIATE_OF,,2019-08-07,0.45,0.9,TOWER_DUMP,1
E001429,P000559,Tarsem Singh,P000522,Wasim Malik,ASSOCIATE_OF,,2018-10-23,0.77,0.81,SURVEILLANCE_REPORT,1
E001430,P000559,Tarsem Singh,P000562,Yusuf Pathan,ASSOCIATE_OF,,2023-09-06,0.68,0.56,TOWER_DUMP,0
E001431,P000552,Manju Yadav,P000534,Pushpa Awasthi,ASSOCIATE_OF,,2021-11-07,0.55,0.85,CHARGESHEET,0
E001432,P000552,Manju Yadav,P000562,Yusuf Pathan,ASSOCIATE_OF,,2025-09-12,0.48,0.7,SURVEILLANCE_REPORT,0
E001433,P000534,Pushpa Awasthi,P000521,Vijay Bhadauria,ASSOCIATE_OF,,2018-09-30,0.3,0.9,TOWER_DUMP,1
E001434,P000534,Pushpa Awasthi,P000532,Shakeel Rahman,ASSOCIATE_OF,,2018-05-13,0.48,0.95,FIR,0
E001435,P000534,Pushpa Awasthi,P000562,Yusuf Pathan,ASSOCIATE_OF,,2022-04-11,0.51,0.66,BANK_STATEMENT,1
E001436,P000521,Vijay Bhadauria,P000532,Shakeel Rahman,ASSOCIATE_OF,,2019-05-04,0.56,0.68,BANK_STATEMENT,0
E001437,P000565,Devendra Tiwari,P000544,Iqbal Malik,ASSOCIATE_OF,,2023-02-12,0.37,0.71,SOCIAL_MEDIA_INTEL,1
E001438,P000565,Devendra Tiwari,P000522,Wasim Malik,ASSOCIATE_OF,,2020-03-31,0.69,0.77,IPDR,1
E001439,P000522,Wasim Malik,P000520,Simranjit Bains,ASSOCIATE_OF,,2020-10-19,0.72,0.61,SURVEILLANCE_REPORT,0
E001440,P000531,Ashfaq Rahman,P000542,Paramjit Sarao,ASSOCIATE_OF,,2023-03-06,0.75,0.9,SOCIAL_MEDIA_INTEL,1
E001441,P000538,Balwinder Gill,P000567,Triloki Yadav,CO_ACCUSED_WITH,,2020-06-21,0.78,0.89,CHARGESHEET,0
E001442,P000536,Javed Shaikh,P000534,Pushpa Awasthi,CO_ACCUSED_WITH,,2018-05-13,0.34,0.68,SOCIAL_MEDIA_INTEL,0
E001443,P000566,Ajay Dubey,P000569,Rizwan Qureshi,ASSOCIATE_OF,,2018-11-11,0.27,0.82,IPDR,1
E001444,P000540,Tarsem Gill,P000562,Yusuf Pathan,SUPPLIES_TO,,2019-10-27,0.89,0.97,CRIMINAL_HISTORY_DB,0
E001445,P000555,Dinesh Gupta,P000561,Nirmal Gill,ASSOCIATE_OF,,2024-04-14,0.7,0.64,CDR,1
E001446,P000579,Shanti Kushwaha,P000610,Nirmal Bose,REPORTS_TO,,2022-02-06,0.8,0.9,INTELLIGENCE_REPORT,1
E001447,P000580,Nepal Mondal,P000610,Nirmal Bose,REPORTS_TO,,2019-01-24,0.76,0.9,INTELLIGENCE_REPORT,1
E001448,P000591,Anup Roy,P000610,Nirmal Bose,FINANCES,,2023-01-29,0.96,0.86,BANK_STATEMENT,1
E001449,P000583,Arindam Biswas,P000579,Shanti Kushwaha,REPORTS_TO,,2021-09-07,0.54,0.82,CDR,0
E001450,P000575,Vinod Nagar,P000579,Shanti Kushwaha,REPORTS_TO,,2020-11-13,0.9,0.81,FIR,1
E001451,P000574,Ashim Mondal,P000579,Shanti Kushwaha,REPORTS_TO,,2022-07-29,0.82,0.95,CHARGESHEET,0
E001452,P000589,Ramesh Awasthi,P000579,Shanti Kushwaha,REPORTS_TO,,2021-03-03,0.62,0.82,CDR,1
E001453,P000587,Shabana Ahmed,P000579,Shanti Kushwaha,REPORTS_TO,,2022-08-20,0.87,0.52,BANK_STATEMENT,0
E001454,P000576,Anup Chakraborty,P000579,Shanti Kushwaha,REPORTS_TO,,2020-02-24,0.79,0.9,BANK_STATEMENT,1
E001455,P000579,Shanti Kushwaha,P000576,Anup Chakraborty,RECRUITED_BY,,2025-01-11,0.25,0.9,PASSPORT_IMMIGRATION,1
E001456,P000588,Tapan Roy,P000579,Shanti Kushwaha,REPORTS_TO,,2019-08-26,0.88,0.88,CDR,1
E001457,P000598,Tanveer Siddiqui,P000579,Shanti Kushwaha,REPORTS_TO,,2026-01-28,0.52,0.47,INFORMANT_TIP,1
E001458,P000603,Firoz Rahman,P000579,Shanti Kushwaha,REPORTS_TO,,2019-07-17,0.54,0.89,CDR,1
E001459,P000579,Shanti Kushwaha,P000603,Firoz Rahman,HANDLER_OF,,2024-09-25,0.26,0.55,FIR,1
E001460,P000608,Shailendra Sengar,P000579,Shanti Kushwaha,REPORTS_TO,,2024-08-20,0.67,0.71,SEIZURE_MEMO,0
E001461,P000601,Sarfaraz Chaudhary,P000579,Shanti Kushwaha,REPORTS_TO,,2025-09-30,0.83,0.91,FIR,1
E001462,P000586,Nirmal Mistry,P000579,Shanti Kushwaha,REPORTS_TO,,2021-06-01,0.67,0.72,SOCIAL_MEDIA_INTEL,0
E001463,P000577,Nirmal Naskar,P000579,Shanti Kushwaha,REPORTS_TO,,2018-06-04,0.53,0.56,INTELLIGENCE_REPORT,0
E001464,P000584,Pradip Sen,P000579,Shanti Kushwaha,REPORTS_TO,,2025-10-24,0.61,0.55,INTELLIGENCE_REPORT,1
E001465,P000604,Faizan Malik,P000579,Shanti Kushwaha,REPORTS_TO,,2022-11-14,0.54,0.5,SOCIAL_MEDIA_INTEL,0
E001466,P000592,Sudha Singh,P000579,Shanti Kushwaha,REPORTS_TO,,2018-08-21,0.64,0.79,CRIMINAL_HISTORY_DB,1
E001467,P000591,Anup Roy,P000579,Shanti Kushwaha,REPORTS_TO,,2026-03-10,0.66,0.56,CDR,1
E001468,P000599,Satish Awasthi,P000579,Shanti Kushwaha,REPORTS_TO,,2020-08-13,0.79,0.46,FIR,0
E001469,P000600,Shabana Qureshi,P000579,Shanti Kushwaha,REPORTS_TO,,2025-01-19,0.76,0.73,CDR,1
E001470,P000575,Vinod Nagar,P000608,Shailendra Sengar,ASSOCIATE_OF,,2022-05-22,0.73,0.84,CHARGESHEET,1
E001471,P000575,Vinod Nagar,P000577,Nirmal Naskar,ASSOCIATE_OF,,2019-09-30,0.66,0.84,CDR,1
E001472,P000574,Ashim Mondal,P000601,Sarfaraz Chaudhary,ASSOCIATE_OF,,2023-06-22,0.67,0.45,TOWER_DUMP,1
E001473,P000574,Ashim Mondal,P000586,Nirmal Mistry,ASSOCIATE_OF,,2022-12-16,0.5,0.52,INFORMANT_TIP,1
E001474,P000574,Ashim Mondal,P000577,Nirmal Naskar,ASSOCIATE_OF,,2021-11-18,0.79,0.84,TOWER_DUMP,1
E001475,P000574,Ashim Mondal,P000584,Pradip Sen,ASSOCIATE_OF,,2020-12-03,0.58,0.87,CDR,0
E001476,P000574,Ashim Mondal,P000592,Sudha Singh,ASSOCIATE_OF,,2024-11-10,0.65,0.81,SEIZURE_MEMO,0
E001477,P000589,Ramesh Awasthi,P000598,Tanveer Siddiqui,ASSOCIATE_OF,,2024-07-26,0.49,0.7,CDR,0
E001478,P000589,Ramesh Awasthi,P000599,Satish Awasthi,ASSOCIATE_OF,,2021-08-25,0.54,0.69,BANK_STATEMENT,1
E001479,P000587,Shabana Ahmed,P000576,Anup Chakraborty,ASSOCIATE_OF,,2024-03-03,0.45,0.61,INFORMANT_TIP,0
E001480,P000587,Shabana Ahmed,P000592,Sudha Singh,ASSOCIATE_OF,,2025-11-04,0.3,0.63,TOWER_DUMP,1
E001481,P000576,Anup Chakraborty,P000591,Anup Roy,ASSOCIATE_OF,,2018-06-08,0.48,0.98,SURVEILLANCE_REPORT,0
E001482,P000588,Tapan Roy,P000586,Nirmal Mistry,ASSOCIATE_OF,,2020-05-05,0.45,0.83,CHARGESHEET,1
E001483,P000588,Tapan Roy,P000592,Sudha Singh,ASSOCIATE_OF,,2025-09-29,0.31,0.95,INFORMANT_TIP,1
E001484,P000598,Tanveer Siddiqui,P000601,Sarfaraz Chaudhary,ASSOCIATE_OF,,2022-07-03,0.34,0.58,CHARGESHEET,1
E001485,P000598,Tanveer Siddiqui,P000600,Shabana Qureshi,ASSOCIATE_OF,,2023-11-22,0.66,0.88,BANK_STATEMENT,0
E001486,P000603,Firoz Rahman,P000601,Sarfaraz Chaudhary,ASSOCIATE_OF,,2023-01-19,0.31,0.96,SURVEILLANCE_REPORT,1
E001487,P000603,Firoz Rahman,P000584,Pradip Sen,ASSOCIATE_OF,,2022-05-10,0.36,0.93,INTELLIGENCE_REPORT,1
E001488,P000608,Shailendra Sengar,P000601,Sarfaraz Chaudhary,ASSOCIATE_OF,,2020-02-07,0.51,0.96,FIR,1
E001489,P000608,Shailendra Sengar,P000577,Nirmal Naskar,ASSOCIATE_OF,,2022-12-06,0.58,0.52,PASSPORT_IMMIGRATION,1
E001490,P000601,Sarfaraz Chaudhary,P000577,Nirmal Naskar,ASSOCIATE_OF,,2020-01-29,0.55,0.98,IPDR,1
E001491,P000601,Sarfaraz Chaudhary,P000599,Satish Awasthi,ASSOCIATE_OF,,2025-11-05,0.76,0.47,SOCIAL_MEDIA_INTEL,1
E001492,P000586,Nirmal Mistry,P000592,Sudha Singh,ASSOCIATE_OF,,2020-04-13,0.41,0.85,BANK_STATEMENT,1
E001493,P000577,Nirmal Naskar,P000592,Sudha Singh,ASSOCIATE_OF,,2021-04-27,0.67,0.88,SURVEILLANCE_REPORT,0
E001494,P000584,Pradip Sen,P000600,Shabana Qureshi,ASSOCIATE_OF,,2024-09-14,0.77,0.5,INFORMANT_TIP,1
E001495,P000604,Faizan Malik,P000591,Anup Roy,ASSOCIATE_OF,,2023-02-23,0.63,0.98,SEIZURE_MEMO,1
E001496,P000582,Arindam Bhattacharya,P000580,Nepal Mondal,REPORTS_TO,,2020-06-11,0.52,0.58,SEIZURE_MEMO,0
E001497,P000580,Nepal Mondal,P000582,Arindam Bhattacharya,HANDLER_OF,,2020-08-29,0.9,0.78,TOWER_DUMP,0
E001498,P000602,Kuldeep Sengar,P000580,Nepal Mondal,REPORTS_TO,,2018-07-04,0.55,0.48,SOCIAL_MEDIA_INTEL,0
E001499,P000581,Shahnawaz Ansari,P000580,Nepal Mondal,REPORTS_TO,,2018-03-24,0.59,0.82,INFORMANT_TIP,1
E001500,P000570,Dinesh Dubey,P000580,Nepal Mondal,REPORTS_TO,,2018-07-19,0.57,0.82,CHARGESHEET,0
E001501,P000606,Tanveer Rahman,P000580,Nepal Mondal,REPORTS_TO,,2022-12-29,0.64,0.49,CRIMINAL_HISTORY_DB,1
E001502,P000580,Nepal Mondal,P000606,Tanveer Rahman,HANDLER_OF,,2018-06-18,0.75,0.93,BANK_STATEMENT,1
E001503,P000585,Iqbal Hussain,P000580,Nepal Mondal,REPORTS_TO,,2025-06-04,0.57,0.54,PASSPORT_IMMIGRATION,0
E001504,P000578,Nepal Gayen,P000580,Nepal Mondal,REPORTS_TO,,2022-10-05,0.73,0.74,CRIMINAL_HISTORY_DB,0
E001505,P000595,Faizan Pathan,P000580,Nepal Mondal,REPORTS_TO,,2024-01-05,0.85,0.47,CHARGESHEET,1
E001506,P000594,Sanjib Majumdar,P000580,Nepal Mondal,REPORTS_TO,,2020-01-24,0.75,0.71,CHARGESHEET,1
E001507,P000605,Pradip Chakraborty,P000580,Nepal Mondal,REPORTS_TO,,2023-05-18,0.57,0.56,BANK_STATEMENT,0
E001508,P000571,Salim Ahmed,P000580,Nepal Mondal,REPORTS_TO,,2023-04-17,0.65,0.49,CDR,0
E001509,P000597,Anup Roy,P000580,Nepal Mondal,REPORTS_TO,,2023-01-08,0.62,0.82,FIR,1
E001510,P000580,Nepal Mondal,P000597,Anup Roy,HANDLER_OF,,2021-09-19,0.43,0.8,PASSPORT_IMMIGRATION,0
E001511,P000590,Shailendra Kashyap,P000580,Nepal Mondal,REPORTS_TO,,2024-09-30,0.82,0.99,TOWER_DUMP,1
E001512,P000572,Mohammed Sheikh,P000580,Nepal Mondal,REPORTS_TO,,2022-01-13,0.58,0.8,BANK_STATEMENT,0
E001513,P000593,Ashim Pal,P000580,Nepal Mondal,REPORTS_TO,,2018-05-05,0.65,0.92,TOWER_DUMP,1
E001514,P000573,Sandeep Dixit,P000580,Nepal Mondal,REPORTS_TO,,2020-08-14,0.77,0.53,SEIZURE_MEMO,1
E001515,P000607,Udaiveer Prajapati,P000580,Nepal Mondal,REPORTS_TO,,2019-11-26,0.83,0.49,INTELLIGENCE_REPORT,0
E001516,P000580,Nepal Mondal,P000607,Udaiveer Prajapati,HANDLER_OF,,2019-11-01,0.75,0.53,SEIZURE_MEMO,0
E001517,P000596,Afsana Ahmed,P000580,Nepal Mondal,REPORTS_TO,,2025-06-15,0.6,0.82,BANK_STATEMENT,1
E001518,P000609,Pradeep Shukla,P000580,Nepal Mondal,REPORTS_TO,,2024-09-27,0.67,0.91,BANK_STATEMENT,0
E001519,P000582,Arindam Bhattacharya,P000597,Anup Roy,ASSOCIATE_OF,,2026-05-28,0.79,0.63,SURVEILLANCE_REPORT,1
E001520,P000602,Kuldeep Sengar,P000570,Dinesh Dubey,ASSOCIATE_OF,,2018-01-13,0.51,0.73,INTELLIGENCE_REPORT,1
E001521,P000602,Kuldeep Sengar,P000578,Nepal Gayen,ASSOCIATE_OF,,2019-05-30,0.73,0.63,INFORMANT_TIP,0
E001522,P000602,Kuldeep Sengar,P000605,Pradip Chakraborty,ASSOCIATE_OF,,2020-04-12,0.45,0.56,CDR,1
E001523,P000581,Shahnawaz Ansari,P000595,Faizan Pathan,ASSOCIATE_OF,,2025-10-08,0.47,0.66,TOWER_DUMP,1
E001524,P000581,Shahnawaz Ansari,P000571,Salim Ahmed,ASSOCIATE_OF,,2025-05-28,0.55,0.67,SOCIAL_MEDIA_INTEL,0
E001525,P000570,Dinesh Dubey,P000578,Nepal Gayen,ASSOCIATE_OF,,2018-12-03,0.69,0.78,INTELLIGENCE_REPORT,0
E001526,P000570,Dinesh Dubey,P000595,Faizan Pathan,ASSOCIATE_OF,,2024-07-10,0.41,0.94,INFORMANT_TIP,0
E001527,P000570,Dinesh Dubey,P000590,Shailendra Kashyap,ASSOCIATE_OF,,2021-07-22,0.72,0.94,FIR,0
E001528,P000570,Dinesh Dubey,P000572,Mohammed Sheikh,ASSOCIATE_OF,,2021-01-01,0.77,0.94,CRIMINAL_HISTORY_DB,1
E001529,P000570,Dinesh Dubey,P000573,Sandeep Dixit,ASSOCIATE_OF,,2022-06-25,0.33,0.97,PASSPORT_IMMIGRATION,0
E001530,P000606,Tanveer Rahman,P000571,Salim Ahmed,ASSOCIATE_OF,,2022-02-11,0.33,0.81,SEIZURE_MEMO,1
E001531,P000585,Iqbal Hussain,P000595,Faizan Pathan,ASSOCIATE_OF,,2022-09-13,0.59,0.74,SURVEILLANCE_REPORT,0
E001532,P000585,Iqbal Hussain,P000605,Pradip Chakraborty,ASSOCIATE_OF,,2021-11-28,0.73,0.73,TOWER_DUMP,1
E001533,P000585,Iqbal Hussain,P000597,Anup Roy,ASSOCIATE_OF,,2019-09-10,0.46,0.75,CHARGESHEET,1
E001534,P000585,Iqbal Hussain,P000572,Mohammed Sheikh,ASSOCIATE_OF,,2018-08-11,0.77,0.73,CRIMINAL_HISTORY_DB,0
E001535,P000585,Iqbal Hussain,P000596,Afsana Ahmed,ASSOCIATE_OF,,2024-12-04,0.72,0.8,PASSPORT_IMMIGRATION,1
E001536,P000585,Iqbal Hussain,P000609,Pradeep Shukla,ASSOCIATE_OF,,2025-11-06,0.52,0.85,INTELLIGENCE_REPORT,0
E001537,P000578,Nepal Gayen,P000595,Faizan Pathan,ASSOCIATE_OF,,2021-03-22,0.62,0.88,CDR,0
E001538,P000578,Nepal Gayen,P000596,Afsana Ahmed,ASSOCIATE_OF,,2025-10-30,0.42,0.59,SEIZURE_MEMO,0
E001539,P000595,Faizan Pathan,P000594,Sanjib Majumdar,ASSOCIATE_OF,,2022-03-18,0.78,0.94,SOCIAL_MEDIA_INTEL,1
E001540,P000595,Faizan Pathan,P000571,Salim Ahmed,ASSOCIATE_OF,,2026-01-08,0.7,0.62,TOWER_DUMP,1
E001541,P000594,Sanjib Majumdar,P000571,Salim Ahmed,ASSOCIATE_OF,,2018-05-16,0.71,0.85,PASSPORT_IMMIGRATION,0
E001542,P000594,Sanjib Majumdar,P000573,Sandeep Dixit,ASSOCIATE_OF,,2023-06-02,0.41,0.5,IPDR,1
E001543,P000594,Sanjib Majumdar,P000607,Udaiveer Prajapati,ASSOCIATE_OF,,2018-12-02,0.69,0.98,TOWER_DUMP,1
E001544,P000605,Pradip Chakraborty,P000573,Sandeep Dixit,ASSOCIATE_OF,,2020-08-29,0.42,0.85,SOCIAL_MEDIA_INTEL,1
E001545,P000605,Pradip Chakraborty,P000609,Pradeep Shukla,ASSOCIATE_OF,,2018-06-04,0.45,0.65,SURVEILLANCE_REPORT,1
E001546,P000571,Salim Ahmed,P000573,Sandeep Dixit,ASSOCIATE_OF,,2018-12-27,0.45,0.81,SURVEILLANCE_REPORT,0
E001547,P000597,Anup Roy,P000573,Sandeep Dixit,ASSOCIATE_OF,,2022-11-23,0.39,0.79,BANK_STATEMENT,0
E001548,P000597,Anup Roy,P000596,Afsana Ahmed,ASSOCIATE_OF,,2020-02-28,0.32,0.6,SOCIAL_MEDIA_INTEL,1
E001549,P000597,Anup Roy,P000581,Shahnawaz Ansari,ASSOCIATE_OF,,2019-05-09,0.47,0.54,CRIMINAL_HISTORY_DB,1
E001550,P000578,Nepal Gayen,P000590,Shailendra Kashyap,ASSOCIATE_OF,,2020-06-07,0.5,0.74,FIR,0
E001551,P000570,Dinesh Dubey,P000592,Sudha Singh,SHARES_HIDEOUT_WITH,,2023-02-11,0.96,0.98,SOCIAL_MEDIA_INTEL,0
E001552,P000596,Afsana Ahmed,P000576,Anup Chakraborty,CO_ACCUSED_WITH,,2021-02-21,0.77,0.7,TOWER_DUMP,1
E001553,P000612,Sudhakar Prasad,P000625,Perumal Sundaram,REPORTS_TO,,2022-11-18,0.83,0.9,INTELLIGENCE_REPORT,1
E001554,P000615,Mallesh Yadav,P000625,Perumal Sundaram,REPORTS_TO,,2023-03-06,0.88,0.9,INTELLIGENCE_REPORT,1
E001555,P000633,Arivazhagan Mudaliar,P000625,Perumal Sundaram,REPORTS_TO,,2024-08-07,0.8,0.9,INTELLIGENCE_REPORT,1
E001556,P000646,Jagabandhu Sahoo,P000625,Perumal Sundaram,FINANCES,,2023-06-29,0.79,0.86,BANK_STATEMENT,1
E001557,P000661,Rajendran Thevar,P000625,Perumal Sundaram,FINANCES,,2023-08-01,0.83,0.86,BANK_STATEMENT,1
E001558,P000630,Bibhuti Mohanty,P000612,Sudhakar Prasad,REPORTS_TO,,2020-05-28,0.86,0.75,SOCIAL_MEDIA_INTEL,0
E001559,P000612,Sudhakar Prasad,P000630,Bibhuti Mohanty,RECRUITED_BY,,2024-10-05,0.95,0.5,SOCIAL_MEDIA_INTEL,0
E001560,P000624,Balaraju Nallamothu,P000612,Sudhakar Prasad,REPORTS_TO,,2018-02-24,0.85,0.67,PASSPORT_IMMIGRATION,1
E001561,P000651,Yellaiah Kondapalli,P000612,Sudhakar Prasad,REPORTS_TO,,2024-05-10,0.8,0.73,INFORMANT_TIP,1
E001562,P000641,Palanisamy Palanivel,P000612,Sudhakar Prasad,REPORTS_TO,,2023-12-29,0.52,0.59,CDR,1
E001563,P000638,Mallesh Choudary,P000612,Sudhakar Prasad,REPORTS_TO,,2019-10-05,0.83,0.78,INFORMANT_TIP,0
E001564,P000612,Sudhakar Prasad,P000638,Mallesh Choudary,HANDLER_OF,,2024-09-13,0.99,0.59,PASSPORT_IMMIGRATION,0
E001565,P000649,Srinivas Choudary,P000612,Sudhakar Prasad,REPORTS_TO,,2021-05-25,0.82,0.52,PASSPORT_IMMIGRATION,1
E001566,P000640,Perumal Palanivel,P000612,Sudhakar Prasad,REPORTS_TO,,2026-02-20,0.51,0.84,SEIZURE_MEMO,1
E001567,P000617,Chandra Shekar Setty,P000612,Sudhakar Prasad,REPORTS_TO,,2023-01-17,0.84,0.48,IPDR,1
E001568,P000612,Sudhakar Prasad,P000617,Chandra Shekar Setty,RECRUITED_BY,,2022-06-11,0.88,0.92,BANK_STATEMENT,0
E001569,P000636,Lakshmi Sharma,P000612,Sudhakar Prasad,REPORTS_TO,,2024-07-19,0.89,0.81,TOWER_DUMP,0
E001570,P000642,Bhagaban Panda,P000612,Sudhakar Prasad,REPORTS_TO,,2022-08-13,0.55,0.65,SEIZURE_MEMO,1
E001571,P000658,Karthik Annadurai,P000612,Sudhakar Prasad,REPORTS_TO,,2025-05-27,0.64,0.9,TOWER_DUMP,1
E001572,P000620,Saravanan Rajendran,P000612,Sudhakar Prasad,REPORTS_TO,,2021-04-28,0.86,0.65,SEIZURE_MEMO,0
E001573,P000612,Sudhakar Prasad,P000620,Saravanan Rajendran,HANDLER_OF,,2018-03-19,0.94,0.88,INTELLIGENCE_REPORT,1
E001574,P000618,Basanta Behera,P000612,Sudhakar Prasad,REPORTS_TO,,2020-01-20,0.59,0.91,CDR,0
E001575,P000612,Sudhakar Prasad,P000618,Basanta Behera,HANDLER_OF,,2022-04-21,0.75,0.93,CHARGESHEET,1
E001576,P000652,Basanta Sahoo,P000612,Sudhakar Prasad,REPORTS_TO,,2020-10-29,0.6,0.89,CRIMINAL_HISTORY_DB,0
E001577,P000631,Narsimha Prasad,P000612,Sudhakar Prasad,REPORTS_TO,,2020-02-15,0.69,0.96,FIR,1
E001578,P000647,Trilochan Rout,P000612,Sudhakar Prasad,REPORTS_TO,,2024-05-02,0.83,0.77,SOCIAL_MEDIA_INTEL,0
E001579,P000619,Prasanna Mallick,P000612,Sudhakar Prasad,REPORTS_TO,,2020-02-18,0.54,0.45,SURVEILLANCE_REPORT,0
E001580,P000612,Sudhakar Prasad,P000619,Prasanna Mallick,RECRUITED_BY,,2026-05-19,0.54,0.57,BANK_STATEMENT,1
E001581,P000630,Bibhuti Mohanty,P000641,Palanisamy Palanivel,ASSOCIATE_OF,,2020-10-08,0.4,0.86,SOCIAL_MEDIA_INTEL,1
E001582,P000630,Bibhuti Mohanty,P000640,Perumal Palanivel,ASSOCIATE_OF,,2021-05-01,0.78,0.68,INFORMANT_TIP,1
E001583,P000630,Bibhuti Mohanty,P000636,Lakshmi Sharma,ASSOCIATE_OF,,2018-02-12,0.55,0.99,SEIZURE_MEMO,0
E001584,P000630,Bibhuti Mohanty,P000618,Basanta Behera,ASSOCIATE_OF,,2018-06-17,0.62,0.69,INTELLIGENCE_REPORT,1
E001585,P000630,Bibhuti Mohanty,P000631,Narsimha Prasad,ASSOCIATE_OF,,2020-09-26,0.57,0.84,IPDR,1
E001586,P000630,Bibhuti Mohanty,P000647,Trilochan Rout,ASSOCIATE_OF,,2023-04-22,0.68,0.85,PASSPORT_IMMIGRATION,0
E001587,P000624,Balaraju Nallamothu,P000641,Palanisamy Palanivel,ASSOCIATE_OF,,2023-03-21,0.62,0.47,CDR,0
E001588,P000624,Balaraju Nallamothu,P000640,Perumal Palanivel,ASSOCIATE_OF,,2024-03-22,0.8,0.67,SURVEILLANCE_REPORT,0
E001589,P000624,Balaraju Nallamothu,P000636,Lakshmi Sharma,ASSOCIATE_OF,,2025-12-16,0.43,0.68,SOCIAL_MEDIA_INTEL,1
E001590,P000651,Yellaiah Kondapalli,P000658,Karthik Annadurai,ASSOCIATE_OF,,2021-01-28,0.57,0.58,FIR,1
E001591,P000651,Yellaiah Kondapalli,P000620,Saravanan Rajendran,ASSOCIATE_OF,,2019-05-11,0.41,0.65,BANK_STATEMENT,1
E001592,P000651,Yellaiah Kondapalli,P000618,Basanta Behera,ASSOCIATE_OF,,2022-12-16,0.55,0.68,SURVEILLANCE_REPORT,1
E001593,P000651,Yellaiah Kondapalli,P000631,Narsimha Prasad,ASSOCIATE_OF,,2019-07-03,0.32,0.66,SEIZURE_MEMO,0
E001594,P000651,Yellaiah Kondapalli,P000619,Prasanna Mallick,ASSOCIATE_OF,,2023-04-15,0.67,0.52,CHARGESHEET,1
E001595,P000641,Palanisamy Palanivel,P000649,Srinivas Choudary,ASSOCIATE_OF,,2025-10-26,0.37,0.72,SOCIAL_MEDIA_INTEL,1
E001596,P000641,Palanisamy Palanivel,P000640,Perumal Palanivel,ASSOCIATE_OF,,2020-05-11,0.63,0.9,SOCIAL_MEDIA_INTEL,0
E001597,P000641,Palanisamy Palanivel,P000642,Bhagaban Panda,ASSOCIATE_OF,,2024-07-22,0.45,0.75,INTELLIGENCE_REPORT,0
E001598,P000638,Mallesh Choudary,P000631,Narsimha Prasad,ASSOCIATE_OF,,2026-03-20,0.57,0.71,CDR,1
E001599,P000649,Srinivas Choudary,P000652,Basanta Sahoo,ASSOCIATE_OF,,2023-06-14,0.71,0.83,FIR,1
E001600,P000649,Srinivas Choudary,P000619,Prasanna Mallick,ASSOCIATE_OF,,2022-12-06,0.7,0.66,CRIMINAL_HISTORY_DB,1
E001601,P000617,Chandra Shekar Setty,P000619,Prasanna Mallick,ASSOCIATE_OF,,2025-08-05,0.47,0.92,PASSPORT_IMMIGRATION,0
E001602,P000636,Lakshmi Sharma,P000620,Saravanan Rajendran,ASSOCIATE_OF,,2023-01-28,0.47,0.61,BANK_STATEMENT,1
E001603,P000636,Lakshmi Sharma,P000631,Narsimha Prasad,ASSOCIATE_OF,,2020-09-09,0.35,0.94,SEIZURE_MEMO,1
E001604,P000642,Bhagaban Panda,P000631,Narsimha Prasad,ASSOCIATE_OF,,2023-06-20,0.53,0.46,SOCIAL_MEDIA_INTEL,0
E001605,P000658,Karthik Annadurai,P000620,Saravanan Rajendran,ASSOCIATE_OF,,2024-08-08,0.37,0.72,IPDR,0
E001606,P000658,Karthik Annadurai,P000652,Basanta Sahoo,ASSOCIATE_OF,,2024-06-11,0.78,0.86,CRIMINAL_HISTORY_DB,0
E001607,P000658,Karthik Annadurai,P000619,Prasanna Mallick,ASSOCIATE_OF,,2020-08-19,0.36,0.47,CRIMINAL_HISTORY_DB,1
E001608,P000620,Saravanan Rajendran,P000631,Narsimha Prasad,ASSOCIATE_OF,,2025-04-27,0.51,0.65,BANK_STATEMENT,1
E001609,P000618,Basanta Behera,P000652,Basanta Sahoo,ASSOCIATE_OF,,2019-07-13,0.4,0.87,TOWER_DUMP,1
E001610,P000618,Basanta Behera,P000619,Prasanna Mallick,ASSOCIATE_OF,,2018-05-04,0.57,0.56,SURVEILLANCE_REPORT,0
E001611,P000665,Pramila Dash,P000615,Mallesh Yadav,REPORTS_TO,,2020-12-28,0.74,0.87,INFORMANT_TIP,0
E001612,P000616,Sudarshan Mallick,P000615,Mallesh Yadav,REPORTS_TO,,2020-09-13,0.89,0.96,FIR,0
E001613,P000637,Chitra Naicker,P000615,Mallesh Yadav,REPORTS_TO,,2025-05-11,0.8,0.6,INTELLIGENCE_REPORT,1
E001614,P000611,Rambabu Kumar,P000615,Mallesh Yadav,REPORTS_TO,,2025-12-11,0.79,0.62,BANK_STATEMENT,1
E001615,P000615,Mallesh Yadav,P000611,Rambabu Kumar,RECRUITED_BY,,2021-10-26,0.93,0.49,BANK_STATEMENT,1
E001616,P000627,Amutha Rajendran,P000615,Mallesh Yadav,REPORTS_TO,,2023-08-22,0.87,0.62,SEIZURE_MEMO,1
E001617,P000614,Rajendran Muthusamy,P000615,Mallesh Yadav,REPORTS_TO,,2018-05-22,0.56,0.82,IPDR,1
E001618,P000615,Mallesh Yadav,P000614,Rajendran Muthusamy,RECRUITED_BY,,2024-09-25,0.41,0.89,CRIMINAL_HISTORY_DB,1
E001619,P000643,Niranjan Panda,P000615,Mallesh Yadav,REPORTS_TO,,2018-06-07,0.72,0.68,SOCIAL_MEDIA_INTEL,1
E001620,P000660,Srinivas Kondapalli,P000615,Mallesh Yadav,REPORTS_TO,,2020-01-14,0.52,0.53,PASSPORT_IMMIGRATION,1
E001621,P000655,Karthik Thevar,P000615,Mallesh Yadav,REPORTS_TO,,2023-12-29,0.59,0.57,PASSPORT_IMMIGRATION,0
E001622,P000659,Jagabandhu Munda,P000615,Mallesh Yadav,REPORTS_TO,,2021-06-27,0.84,0.51,IPDR,1
E001623,P000623,Saravanan Pillai,P000615,Mallesh Yadav,REPORTS_TO,,2020-02-02,0.72,0.54,TOWER_DUMP,1
E001624,P000639,Sasmita Behera,P000615,Mallesh Yadav,REPORTS_TO,,2020-10-21,0.85,0.74,INTELLIGENCE_REPORT,0
E001625,P000613,Sasmita Behera,P000615,Mallesh Yadav,REPORTS_TO,,2024-04-07,0.61,0.58,CRIMINAL_HISTORY_DB,0
E001626,P000629,Ramulu Reddy,P000615,Mallesh Yadav,REPORTS_TO,,2023-10-04,0.73,0.77,CHARGESHEET,0
E001627,P000615,Mallesh Yadav,P000629,Ramulu Reddy,HANDLER_OF,,2023-07-09,0.78,0.56,INFORMANT_TIP,0
E001628,P000657,Bhagaban Mohanty,P000615,Mallesh Yadav,REPORTS_TO,,2021-06-13,0.86,0.77,BANK_STATEMENT,1
E001629,P000615,Mallesh Yadav,P000657,Bhagaban Mohanty,RECRUITED_BY,,2023-03-13,0.78,0.75,SOCIAL_MEDIA_INTEL,1
E001630,P000628,Vetrivel Gounder,P000615,Mallesh Yadav,REPORTS_TO,,2026-06-04,0.64,0.93,BANK_STATEMENT,0
E001631,P000621,Revathi Mudaliar,P000615,Mallesh Yadav,REPORTS_TO,,2022-02-25,0.89,0.64,BANK_STATEMENT,0
E001632,P000665,Pramila Dash,P000660,Srinivas Kondapalli,ASSOCIATE_OF,,2020-12-09,0.68,0.51,INTELLIGENCE_REPORT,1
E001633,P000665,Pramila Dash,P000655,Karthik Thevar,ASSOCIATE_OF,,2019-11-30,0.65,0.91,SOCIAL_MEDIA_INTEL,0
E001634,P000665,Pramila Dash,P000623,Saravanan Pillai,ASSOCIATE_OF,,2018-07-05,0.72,0.75,INFORMANT_TIP,0
E001635,P000665,Pramila Dash,P000628,Vetrivel Gounder,ASSOCIATE_OF,,2023-12-25,0.56,0.74,CDR,1
E001636,P000616,Sudarshan Mallick,P000637,Chitra Naicker,ASSOCIATE_OF,,2020-10-31,0.79,0.86,CDR,0
E001637,P000616,Sudarshan Mallick,P000627,Amutha Rajendran,ASSOCIATE_OF,,2026-05-22,0.49,0.62,CDR,0
E001638,P000616,Sudarshan Mallick,P000643,Niranjan Panda,ASSOCIATE_OF,,2022-05-16,0.79,0.48,PASSPORT_IMMIGRATION,1
E001639,P000616,Sudarshan Mallick,P000659,Jagabandhu Munda,ASSOCIATE_OF,,2024-04-23,0.68,0.87,IPDR,0
E001640,P000637,Chitra Naicker,P000611,Rambabu Kumar,ASSOCIATE_OF,,2022-12-23,0.75,0.82,CDR,1
E001641,P000637,Chitra Naicker,P000614,Rajendran Muthusamy,ASSOCIATE_OF,,2023-01-24,0.31,0.59,CHARGESHEET,1
E001642,P000637,Chitra Naicker,P000621,Revathi Mudaliar,ASSOCIATE_OF,,2022-09-29,0.59,0.92,INFORMANT_TIP,0
E001643,P000611,Rambabu Kumar,P000660,Srinivas Kondapalli,ASSOCIATE_OF,,2019-11-01,0.47,0.67,CRIMINAL_HISTORY_DB,1
E001644,P000611,Rambabu Kumar,P000629,Ramulu Reddy,ASSOCIATE_OF,,2024-05-15,0.35,0.47,CDR,1
E001645,P000611,Rambabu Kumar,P000657,Bhagaban Mohanty,ASSOCIATE_OF,,2025-12-12,0.6,0.73,TOWER_DUMP,0
E001646,P000627,Amutha Rajendran,P000614,Rajendran Muthusamy,ASSOCIATE_OF,,2019-09-18,0.42,0.72,CRIMINAL_HISTORY_DB,1
E001647,P000627,Amutha Rajendran,P000643,Niranjan Panda,ASSOCIATE_OF,,2021-05-27,0.32,0.93,SOCIAL_MEDIA_INTEL,1
E001648,P000627,Amutha Rajendran,P000660,Srinivas Kondapalli,ASSOCIATE_OF,,2018-01-08,0.63,0.58,CRIMINAL_HISTORY_DB,1
E001649,P000614,Rajendran Muthusamy,P000643,Niranjan Panda,ASSOCIATE_OF,,2025-08-12,0.45,0.72,INTELLIGENCE_REPORT,0
E001650,P000614,Rajendran Muthusamy,P000660,Srinivas Kondapalli,ASSOCIATE_OF,,2023-03-03,0.48,0.59,PASSPORT_IMMIGRATION,1
E001651,P000614,Rajendran Muthusamy,P000657,Bhagaban Mohanty,ASSOCIATE_OF,,2018-04-29,0.75,0.88,CDR,0
E001652,P000643,Niranjan Panda,P000613,Sasmita Behera,ASSOCIATE_OF,,2024-09-21,0.42,0.73,INTELLIGENCE_REPORT,1
E001653,P000643,Niranjan Panda,P000629,Ramulu Reddy,ASSOCIATE_OF,,2022-08-18,0.51,0.61,INTELLIGENCE_REPORT,1
E001654,P000643,Niranjan Panda,P000628,Vetrivel Gounder,ASSOCIATE_OF,,2018-05-19,0.37,0.79,BANK_STATEMENT,1
E001655,P000643,Niranjan Panda,P000621,Revathi Mudaliar,ASSOCIATE_OF,,2019-08-14,0.5,0.6,INTELLIGENCE_REPORT,1
E001656,P000660,Srinivas Kondapalli,P000655,Karthik Thevar,ASSOCIATE_OF,,2018-05-29,0.38,0.52,SOCIAL_MEDIA_INTEL,0
E001657,P000660,Srinivas Kondapalli,P000629,Ramulu Reddy,ASSOCIATE_OF,,2024-04-13,0.67,0.92,SEIZURE_MEMO,0
E001658,P000655,Karthik Thevar,P000628,Vetrivel Gounder,ASSOCIATE_OF,,2020-09-04,0.39,0.67,FIR,1
E001659,P000623,Saravanan Pillai,P000613,Sasmita Behera,ASSOCIATE_OF,,2019-06-15,0.65,0.91,CDR,1
E001660,P000623,Saravanan Pillai,P000657,Bhagaban Mohanty,ASSOCIATE_OF,,2018-11-04,0.63,0.57,PASSPORT_IMMIGRATION,1
E001661,P000623,Saravanan Pillai,P000621,Revathi Mudaliar,ASSOCIATE_OF,,2019-11-26,0.32,0.96,SEIZURE_MEMO,0
E001662,P000639,Sasmita Behera,P000621,Revathi Mudaliar,ASSOCIATE_OF,,2019-08-13,0.54,0.97,INTELLIGENCE_REPORT,1
E001663,P000613,Sasmita Behera,P000628,Vetrivel Gounder,ASSOCIATE_OF,,2023-03-14,0.45,0.94,IPDR,0
E001664,P000629,Ramulu Reddy,P000621,Revathi Mudaliar,ASSOCIATE_OF,,2024-06-28,0.48,0.86,FIR,0
E001665,P000661,Rajendran Thevar,P000633,Arivazhagan Mudaliar,REPORTS_TO,,2025-02-01,0.85,0.97,SOCIAL_MEDIA_INTEL,1
E001666,P000646,Jagabandhu Sahoo,P000633,Arivazhagan Mudaliar,REPORTS_TO,,2022-05-29,0.52,0.59,CDR,1
E001667,P000633,Arivazhagan Mudaliar,P000646,Jagabandhu Sahoo,HANDLER_OF,,2020-02-17,0.77,0.76,CHARGESHEET,1
E001668,P000653,Sudarshan Behera,P000633,Arivazhagan Mudaliar,REPORTS_TO,,2023-04-20,0.64,0.6,SURVEILLANCE_REPORT,1
E001669,P000656,Niranjan Dash,P000633,Arivazhagan Mudaliar,REPORTS_TO,,2025-07-28,0.69,0.66,CHARGESHEET,1
E001670,P000635,Manikandan Annadurai,P000633,Arivazhagan Mudaliar,REPORTS_TO,,2018-03-05,0.65,0.75,IPDR,0
E001671,P000622,Trilochan Mohanty,P000633,Arivazhagan Mudaliar,REPORTS_TO,,2023-11-05,0.53,0.98,INTELLIGENCE_REPORT,0
E001672,P000632,Sekar Subramanian,P000633,Arivazhagan Mudaliar,REPORTS_TO,,2020-01-31,0.55,0.55,CHARGESHEET,0
E001673,P000634,Srinivas Bandari,P000633,Arivazhagan Mudaliar,REPORTS_TO,,2020-08-06,0.81,0.55,BANK_STATEMENT,0
E001674,P000633,Arivazhagan Mudaliar,P000634,Srinivas Bandari,HANDLER_OF,,2023-07-05,0.5,0.86,SEIZURE_MEMO,1
E001675,P000648,Saravanan Mudaliar,P000633,Arivazhagan Mudaliar,REPORTS_TO,,2019-02-21,0.65,0.79,IPDR,0
E001676,P000633,Arivazhagan Mudaliar,P000648,Saravanan Mudaliar,HANDLER_OF,,2021-05-24,0.47,0.52,CHARGESHEET,1
E001677,P000663,Sabita Sahoo,P000633,Arivazhagan Mudaliar,REPORTS_TO,,2026-03-30,0.66,0.93,SEIZURE_MEMO,1
E001678,P000664,Mallesh Naidu,P000633,Arivazhagan Mudaliar,REPORTS_TO,,2019-03-03,0.83,0.64,FIR,1
E001679,P000650,Kumaresan Muthusamy,P000633,Arivazhagan Mudaliar,REPORTS_TO,,2020-08-18,0.75,0.77,CHARGESHEET,0
E001680,P000662,Akshaya Jena,P000633,Arivazhagan Mudaliar,REPORTS_TO,,2022-01-30,0.55,0.82,SURVEILLANCE_REPORT,0
E001681,P000654,Manikandan Rajendran,P000633,Arivazhagan Mudaliar,REPORTS_TO,,2019-01-19,0.51,0.81,IPDR,0
E001682,P000626,Murugan Muthusamy,P000633,Arivazhagan Mudaliar,REPORTS_TO,,2023-09-04,0.59,0.91,CDR,1
E001683,P000644,Nagaraju Rao,P000633,Arivazhagan Mudaliar,REPORTS_TO,,2021-07-23,0.85,0.99,SURVEILLANCE_REPORT,1
E001684,P000633,Arivazhagan Mudaliar,P000644,Nagaraju Rao,HANDLER_OF,,2025-09-22,0.93,0.7,CHARGESHEET,1
E001685,P000645,Prasanna Mohanty,P000633,Arivazhagan Mudaliar,REPORTS_TO,,2023-05-25,0.86,0.65,CDR,1
E001686,P000633,Arivazhagan Mudaliar,P000645,Prasanna Mohanty,RECRUITED_BY,,2024-06-03,0.51,0.8,IPDR,1
E001687,P000661,Rajendran Thevar,P000646,Jagabandhu Sahoo,ASSOCIATE_OF,,2021-02-06,0.55,0.47,CHARGESHEET,0
E001688,P000661,Rajendran Thevar,P000653,Sudarshan Behera,ASSOCIATE_OF,,2020-01-12,0.52,0.88,INFORMANT_TIP,1
E001689,P000661,Rajendran Thevar,P000656,Niranjan Dash,ASSOCIATE_OF,,2020-09-13,0.64,0.88,INTELLIGENCE_REPORT,1
E001690,P000661,Rajendran Thevar,P000648,Saravanan Mudaliar,ASSOCIATE_OF,,2023-12-17,0.64,0.63,CHARGESHEET,0
E001691,P000661,Rajendran Thevar,P000662,Akshaya Jena,ASSOCIATE_OF,,2022-02-25,0.34,0.89,INTELLIGENCE_REPORT,0
E001692,P000661,Rajendran Thevar,P000645,Prasanna Mohanty,ASSOCIATE_OF,,2024-02-23,0.43,0.81,SEIZURE_MEMO,1
E001693,P000646,Jagabandhu Sahoo,P000653,Sudarshan Behera,ASSOCIATE_OF,,2019-11-05,0.43,0.99,IPDR,0
E001694,P000646,Jagabandhu Sahoo,P000635,Manikandan Annadurai,ASSOCIATE_OF,,2022-04-02,0.51,0.91,FIR,1
E001695,P000646,Jagabandhu Sahoo,P000634,Srinivas Bandari,ASSOCIATE_OF,,2025-09-28,0.72,0.66,SURVEILLANCE_REPORT,1
E001696,P000653,Sudarshan Behera,P000664,Mallesh Naidu,ASSOCIATE_OF,,2021-12-18,0.7,0.75,SOCIAL_MEDIA_INTEL,1
E001697,P000653,Sudarshan Behera,P000662,Akshaya Jena,ASSOCIATE_OF,,2020-07-20,0.58,0.87,IPDR,1
E001698,P000653,Sudarshan Behera,P000654,Manikandan Rajendran,ASSOCIATE_OF,,2019-05-12,0.59,0.48,TOWER_DUMP,1
E001699,P000653,Sudarshan Behera,P000645,Prasanna Mohanty,ASSOCIATE_OF,,2024-07-11,0.51,0.91,TOWER_DUMP,0
E001700,P000656,Niranjan Dash,P000622,Trilochan Mohanty,ASSOCIATE_OF,,2026-01-14,0.64,0.49,TOWER_DUMP,1
E001701,P000656,Niranjan Dash,P000664,Mallesh Naidu,ASSOCIATE_OF,,2026-01-04,0.5,0.55,INFORMANT_TIP,0
E001702,P000656,Niranjan Dash,P000662,Akshaya Jena,ASSOCIATE_OF,,2021-11-04,0.37,0.73,IPDR,1
E001703,P000656,Niranjan Dash,P000654,Manikandan Rajendran,ASSOCIATE_OF,,2021-06-05,0.43,0.85,CHARGESHEET,1
E001704,P000635,Manikandan Annadurai,P000632,Sekar Subramanian,ASSOCIATE_OF,,2019-10-19,0.55,0.49,IPDR,0
E001705,P000635,Manikandan Annadurai,P000648,Saravanan Mudaliar,ASSOCIATE_OF,,2024-12-23,0.72,0.46,FIR,1
E001706,P000635,Manikandan Annadurai,P000645,Prasanna Mohanty,ASSOCIATE_OF,,2025-11-10,0.44,0.68,FIR,1
E001707,P000622,Trilochan Mohanty,P000663,Sabita Sahoo,ASSOCIATE_OF,,2023-08-20,0.38,0.56,INTELLIGENCE_REPORT,0
E001708,P000622,Trilochan Mohanty,P000650,Kumaresan Muthusamy,ASSOCIATE_OF,,2024-04-15,0.51,0.78,BANK_STATEMENT,0
E001709,P000632,Sekar Subramanian,P000650,Kumaresan Muthusamy,ASSOCIATE_OF,,2020-02-28,0.76,0.91,TOWER_DUMP,1
E001710,P000634,Srinivas Bandari,P000664,Mallesh Naidu,ASSOCIATE_OF,,2024-07-11,0.79,0.46,PASSPORT_IMMIGRATION,1
E001711,P000634,Srinivas Bandari,P000654,Manikandan Rajendran,ASSOCIATE_OF,,2025-12-28,0.69,0.58,INTELLIGENCE_REPORT,1
E001712,P000634,Srinivas Bandari,P000644,Nagaraju Rao,ASSOCIATE_OF,,2019-09-02,0.64,0.49,CRIMINAL_HISTORY_DB,1
E001713,P000648,Saravanan Mudaliar,P000662,Akshaya Jena,ASSOCIATE_OF,,2019-03-20,0.41,0.52,IPDR,1
E001714,P000648,Saravanan Mudaliar,P000645,Prasanna Mohanty,ASSOCIATE_OF,,2020-01-10,0.64,0.59,SOCIAL_MEDIA_INTEL,1
E001715,P000663,Sabita Sahoo,P000664,Mallesh Naidu,ASSOCIATE_OF,,2023-10-08,0.37,0.55,BANK_STATEMENT,1
E001716,P000664,Mallesh Naidu,P000654,Manikandan Rajendran,ASSOCIATE_OF,,2026-05-10,0.33,0.8,INTELLIGENCE_REPORT,0
E001717,P000650,Kumaresan Muthusamy,P000644,Nagaraju Rao,ASSOCIATE_OF,,2021-06-13,0.75,0.68,SURVEILLANCE_REPORT,0
E001718,P000656,Niranjan Dash,P000664,Mallesh Naidu,CELLMATE_OF,,2020-03-07,0.46,0.7,CDR,0
E001719,P000660,Srinivas Kondapalli,P000640,Perumal Palanivel,CO_ACCUSED_WITH,,2019-10-12,0.42,0.72,IPDR,1
E001720,P000638,Mallesh Choudary,P000626,Murugan Muthusamy,CO_ACCUSED_WITH,,2025-08-05,0.78,0.71,CRIMINAL_HISTORY_DB,0
E001721,P000641,Palanisamy Palanivel,P000634,Srinivas Bandari,ASSOCIATE_OF,,2020-04-29,0.74,0.69,IPDR,1
E001722,P000664,Mallesh Naidu,P000642,Bhagaban Panda,ASSOCIATE_OF,,2024-11-09,0.49,0.83,PASSPORT_IMMIGRATION,1
E001723,P000619,Prasanna Mallick,P000626,Murugan Muthusamy,FAMILY_OF,Father,2024-03-20,0.9,0.95,CRIMINAL_HISTORY_DB,1
E001724,P000649,Srinivas Choudary,P000664,Mallesh Naidu,FAMILY_OF,Cousin,2024-02-23,0.9,0.95,CRIMINAL_HISTORY_DB,1
E001725,P000693,Arun Chauhan,P000695,Basanta Mallick,REPORTS_TO,,2024-08-31,0.87,0.9,INTELLIGENCE_REPORT,1
E001726,P000707,Akshaya Sahoo,P000695,Basanta Mallick,REPORTS_TO,,2024-07-06,0.97,0.9,INTELLIGENCE_REPORT,1
E001727,P000691,Arun Gupta,P000695,Basanta Mallick,FINANCES,,2020-04-23,0.97,0.86,BANK_STATEMENT,1
E001728,P000683,Sanjib Mistry,P000695,Basanta Mallick,FINANCES,,2018-12-26,0.76,0.86,BANK_STATEMENT,1
E001729,P000695,Basanta Mallick,P000705,Arindam Mondal,HANDLER_OF,,2020-11-10,0.3,0.6,INTELLIGENCE_REPORT,0
E001730,P000688,Pradip Ghosh,P000693,Arun Chauhan,REPORTS_TO,,2019-01-22,0.68,0.5,CRIMINAL_HISTORY_DB,0
E001731,P000673,Vijay Dubey,P000693,Arun Chauhan,REPORTS_TO,,2019-01-25,0.9,0.51,SURVEILLANCE_REPORT,1
E001732,P000701,Pradip Naskar,P000693,Arun Chauhan,REPORTS_TO,,2024-11-28,0.74,0.58,CDR,0
E001733,P000702,Basanta Jena,P000693,Arun Chauhan,REPORTS_TO,,2019-10-21,0.89,0.71,INTELLIGENCE_REPORT,1
E001734,P000689,Jagdish Verma,P000693,Arun Chauhan,REPORTS_TO,,2024-07-25,0.69,0.89,BANK_STATEMENT,0
E001735,P000693,Arun Chauhan,P000689,Jagdish Verma,RECRUITED_BY,,2019-06-25,0.27,0.69,SURVEILLANCE_REPORT,0
E001736,P000684,Sunil Verma,P000693,Arun Chauhan,REPORTS_TO,,2021-03-22,0.55,0.82,BANK_STATEMENT,0
E001737,P000680,Prakash Dubey,P000693,Arun Chauhan,REPORTS_TO,,2019-04-08,0.56,0.49,FIR,1
E001738,P000679,Bandana Sardar,P000693,Arun Chauhan,REPORTS_TO,,2024-09-16,0.74,0.51,IPDR,1
E001739,P000685,Balbir Mishra,P000693,Arun Chauhan,REPORTS_TO,,2023-12-04,0.69,0.62,SEIZURE_MEMO,1
E001740,P000674,Basanta Pradhan,P000693,Arun Chauhan,REPORTS_TO,,2024-06-07,0.73,0.66,IPDR,0
E001741,P000711,Vijay Singh,P000693,Arun Chauhan,REPORTS_TO,,2020-01-05,0.76,0.51,FIR,0
E001742,P000666,Hariom Bhardwaj,P000693,Arun Chauhan,REPORTS_TO,,2025-08-19,0.62,0.55,CDR,1
E001743,P000705,Arindam Mondal,P000693,Arun Chauhan,REPORTS_TO,,2018-03-14,0.64,0.94,SEIZURE_MEMO,1
E001744,P000668,Sarat Rout,P000693,Arun Chauhan,REPORTS_TO,,2021-03-12,0.64,0.69,SOCIAL_MEDIA_INTEL,1
E001745,P000693,Arun Chauhan,P000668,Sarat Rout,RECRUITED_BY,,2021-05-28,0.93,0.6,TOWER_DUMP,1
E001746,P000681,Ashim Biswas,P000693,Arun Chauhan,REPORTS_TO,,2022-03-14,0.72,0.63,INFORMANT_TIP,0
E001747,P000671,Basanta Jena,P000693,Arun Chauhan,REPORTS_TO,,2022-05-13,0.72,0.75,INTELLIGENCE_REPORT,1
E001748,P000708,Rabindra Nayak,P000693,Arun Chauhan,REPORTS_TO,,2022-01-09,0.69,0.94,IPDR,0
E001749,P000683,Sanjib Mistry,P000693,Arun Chauhan,REPORTS_TO,,2022-05-13,0.55,0.76,INTELLIGENCE_REPORT,1
E001750,P000709,Akshaya Sahoo,P000693,Arun Chauhan,REPORTS_TO,,2018-02-11,0.75,0.81,INTELLIGENCE_REPORT,1
E001751,P000703,Mahesh Saini,P000693,Arun Chauhan,REPORTS_TO,,2024-06-07,0.74,0.9,INFORMANT_TIP,1
E001752,P000686,Arindam Halder,P000693,Arun Chauhan,REPORTS_TO,,2019-10-02,0.74,0.54,CHARGESHEET,0
E001753,P000676,Kartik Sardar,P000693,Arun Chauhan,REPORTS_TO,,2022-12-12,0.65,0.49,PASSPORT_IMMIGRATION,0
E001754,P000688,Pradip Ghosh,P000673,Vijay Dubey,ASSOCIATE_OF,,2021-05-01,0.58,0.46,SURVEILLANCE_REPORT,1
E001755,P000688,Pradip Ghosh,P000685,Balbir Mishra,ASSOCIATE_OF,,2023-12-20,0.5,0.59,INTELLIGENCE_REPORT,1
E001756,P000688,Pradip Ghosh,P000674,Basanta Pradhan,ASSOCIATE_OF,,2025-10-05,0.7,0.75,CRIMINAL_HISTORY_DB,1
E001757,P000688,Pradip Ghosh,P000711,Vijay Singh,ASSOCIATE_OF,,2021-02-19,0.68,0.67,CRIMINAL_HISTORY_DB,1
E001758,P000688,Pradip Ghosh,P000666,Hariom Bhardwaj,ASSOCIATE_OF,,2020-04-26,0.67,0.81,INFORMANT_TIP,0
E001759,P000688,Pradip Ghosh,P000709,Akshaya Sahoo,ASSOCIATE_OF,,2024-02-26,0.32,0.88,TOWER_DUMP,1
E001760,P000688,Pradip Ghosh,P000686,Arindam Halder,ASSOCIATE_OF,,2025-07-21,0.41,0.48,BANK_STATEMENT,1
E001761,P000673,Vijay Dubey,P000680,Prakash Dubey,ASSOCIATE_OF,,2022-09-12,0.74,0.94,INTELLIGENCE_REPORT,1
E001762,P000673,Vijay Dubey,P000685,Balbir Mishra,ASSOCIATE_OF,,2020-01-10,0.59,0.71,FIR,1
E001763,P000673,Vijay Dubey,P000674,Basanta Pradhan,ASSOCIATE_OF,,2022-10-17,0.66,0.48,CHARGESHEET,1
E001764,P000701,Pradip Naskar,P000680,Prakash Dubey,ASSOCIATE_OF,,2023-10-23,0.77,0.8,IPDR,1
E001765,P000701,Pradip Naskar,P000703,Mahesh Saini,ASSOCIATE_OF,,2018-04-19,0.65,0.9,CHARGESHEET,0
E001766,P000702,Basanta Jena,P000674,Basanta Pradhan,ASSOCIATE_OF,,2024-12-26,0.31,0.99,SURVEILLANCE_REPORT,1
E001767,P000702,Basanta Jena,P000683,Sanjib Mistry,ASSOCIATE_OF,,2023-09-06,0.64,0.98,TOWER_DUMP,1
E001768,P000689,Jagdish Verma,P000684,Sunil Verma,ASSOCIATE_OF,,2024-12-14,0.79,0.73,SURVEILLANCE_REPORT,0
E001769,P000689,Jagdish Verma,P000680,Prakash Dubey,ASSOCIATE_OF,,2025-07-19,0.7,0.93,INTELLIGENCE_REPORT,0
E001770,P000684,Sunil Verma,P000668,Sarat Rout,ASSOCIATE_OF,,2022-09-28,0.73,0.74,INTELLIGENCE_REPORT,1
E001771,P000684,Sunil Verma,P000683,Sanjib Mistry,ASSOCIATE_OF,,2021-07-21,0.52,0.58,SURVEILLANCE_REPORT,1
E001772,P000684,Sunil Verma,P000709,Akshaya Sahoo,ASSOCIATE_OF,,2022-10-16,0.56,0.64,SOCIAL_MEDIA_INTEL,1
E001773,P000680,Prakash Dubey,P000679,Bandana Sardar,ASSOCIATE_OF,,2020-09-29,0.53,0.7,SURVEILLANCE_REPORT,0
E001774,P000680,Prakash Dubey,P000668,Sarat Rout,ASSOCIATE_OF,,2025-04-04,0.61,0.54,FIR,1
E001775,P000680,Prakash Dubey,P000709,Akshaya Sahoo,ASSOCIATE_OF,,2022-04-20,0.53,0.61,INFORMANT_TIP,0
E001776,P000679,Bandana Sardar,P000685,Balbir Mishra,ASSOCIATE_OF,,2022-03-09,0.69,0.95,CRIMINAL_HISTORY_DB,0
E001777,P000679,Bandana Sardar,P000666,Hariom Bhardwaj,ASSOCIATE_OF,,2025-08-18,0.69,0.91,SEIZURE_MEMO,0
E001778,P000679,Bandana Sardar,P000668,Sarat Rout,ASSOCIATE_OF,,2018-07-07,0.75,0.79,INTELLIGENCE_REPORT,0
E001779,P000679,Bandana Sardar,P000709,Akshaya Sahoo,ASSOCIATE_OF,,2020-05-25,0.72,0.55,FIR,0
E001780,P000674,Basanta Pradhan,P000666,Hariom Bhardwaj,ASSOCIATE_OF,,2018-07-10,0.79,0.48,CRIMINAL_HISTORY_DB,1
E001781,P000674,Basanta Pradhan,P000676,Kartik Sardar,ASSOCIATE_OF,,2023-10-15,0.4,0.76,INFORMANT_TIP,1
E001782,P000711,Vijay Singh,P000708,Rabindra Nayak,ASSOCIATE_OF,,2018-07-11,0.44,0.66,SEIZURE_MEMO,0
E001783,P000711,Vijay Singh,P000703,Mahesh Saini,ASSOCIATE_OF,,2021-02-02,0.5,0.67,IPDR,1
E001784,P000666,Hariom Bhardwaj,P000681,Ashim Biswas,ASSOCIATE_OF,,2025-02-03,0.52,0.59,SOCIAL_MEDIA_INTEL,1
E001785,P000666,Hariom Bhardwaj,P000708,Rabindra Nayak,ASSOCIATE_OF,,2020-03-11,0.32,0.51,CDR,0
E001786,P000666,Hariom Bhardwaj,P000683,Sanjib Mistry,ASSOCIATE_OF,,2022-10-08,0.78,0.63,INFORMANT_TIP,1
E001787,P000705,Arindam Mondal,P000709,Akshaya Sahoo,ASSOCIATE_OF,,2022-09-27,0.64,0.54,SEIZURE_MEMO,1
E001788,P000705,Arindam Mondal,P000686,Arindam Halder,ASSOCIATE_OF,,2020-07-24,0.63,0.56,INFORMANT_TIP,1
E001789,P000705,Arindam Mondal,P000676,Kartik Sardar,ASSOCIATE_OF,,2018-03-04,0.79,0.88,INTELLIGENCE_REPORT,0
E001790,P000668,Sarat Rout,P000676,Kartik Sardar,ASSOCIATE_OF,,2019-11-19,0.38,0.59,IPDR,1
E001791,P000681,Ashim Biswas,P000683,Sanjib Mistry,ASSOCIATE_OF,,2026-02-23,0.8,0.98,SOCIAL_MEDIA_INTEL,0
E001792,P000681,Ashim Biswas,P000703,Mahesh Saini,ASSOCIATE_OF,,2023-01-09,0.73,0.96,SEIZURE_MEMO,0
E001793,P000671,Basanta Jena,P000708,Rabindra Nayak,ASSOCIATE_OF,,2024-09-28,0.68,0.92,INTELLIGENCE_REPORT,1
E001794,P000683,Sanjib Mistry,P000709,Akshaya Sahoo,ASSOCIATE_OF,,2024-04-27,0.78,0.53,FIR,1
E001795,P000682,Rupa Das,P000707,Akshaya Sahoo,REPORTS_TO,,2025-02-09,0.61,0.63,SEIZURE_MEMO,1
E001796,P000707,Akshaya Sahoo,P000682,Rupa Das,RECRUITED_BY,,2022-07-25,0.64,0.54,SOCIAL_MEDIA_INTEL,0
E001797,P000675,Naresh Shukla,P000707,Akshaya Sahoo,REPORTS_TO,,2023-07-30,0.66,0.86,SOCIAL_MEDIA_INTEL,1
E001798,P000707,Akshaya Sahoo,P000675,Naresh Shukla,RECRUITED_BY,,2021-01-10,0.87,0.86,FIR,1
E001799,P000667,Pramod Singh,P000707,Akshaya Sahoo,REPORTS_TO,,2025-06-08,0.63,0.73,SOCIAL_MEDIA_INTEL,0
E001800,P000707,Akshaya Sahoo,P000667,Pramod Singh,RECRUITED_BY,,2021-02-14,0.88,0.61,SOCIAL_MEDIA_INTEL,0
E001801,P000678,Bibhuti Munda,P000707,Akshaya Sahoo,REPORTS_TO,,2025-08-22,0.63,0.52,INFORMANT_TIP,1
E001802,P000691,Arun Gupta,P000707,Akshaya Sahoo,REPORTS_TO,,2019-01-04,0.65,0.54,INTELLIGENCE_REPORT,1
E001803,P000692,Bimal Halder,P000707,Akshaya Sahoo,REPORTS_TO,,2020-07-01,0.58,0.96,PASSPORT_IMMIGRATION,1
E001804,P000698,Sunil Pandey,P000707,Akshaya Sahoo,REPORTS_TO,,2019-03-23,0.76,0.72,CHARGESHEET,1
E001805,P000706,Balbir Baghel,P000707,Akshaya Sahoo,REPORTS_TO,,2021-09-13,0.88,0.82,FIR,1
E001806,P000694,Gautam Sen,P000707,Akshaya Sahoo,REPORTS_TO,,2019-03-14,0.71,0.74,SURVEILLANCE_REPORT,0
E001807,P000672,Sasmita Mallick,P000707,Akshaya Sahoo,REPORTS_TO,,2023-08-23,0.88,0.57,SOCIAL_MEDIA_INTEL,0
E001808,P000710,Sujoy Bhattacharya,P000707,Akshaya Sahoo,REPORTS_TO,,2022-08-16,0.53,0.9,TOWER_DUMP,1
E001809,P000712,Basanta Panda,P000707,Akshaya Sahoo,REPORTS_TO,,2025-02-07,0.57,0.68,SURVEILLANCE_REPORT,1
E001810,P000670,Bhagaban Sahoo,P000707,Akshaya Sahoo,REPORTS_TO,,2023-10-21,0.65,0.53,INFORMANT_TIP,0
E001811,P000707,Akshaya Sahoo,P000670,Bhagaban Sahoo,RECRUITED_BY,,2025-01-06,0.88,0.7,TOWER_DUMP,0
E001812,P000690,Bimal Majumdar,P000707,Akshaya Sahoo,REPORTS_TO,,2020-10-28,0.73,0.47,TOWER_DUMP,0
E001813,P000687,Dinesh Prajapati,P000707,Akshaya Sahoo,REPORTS_TO,,2018-10-03,0.68,0.83,SOCIAL_MEDIA_INTEL,0
E001814,P000696,Jagabandhu Sahoo,P000707,Akshaya Sahoo,REPORTS_TO,,2020-07-06,0.7,0.62,INFORMANT_TIP,0
E001815,P000704,Udaiveer Srivastava,P000707,Akshaya Sahoo,REPORTS_TO,,2022-09-26,0.87,0.73,PASSPORT_IMMIGRATION,0
E001816,P000699,Prasanna Jena,P000707,Akshaya Sahoo,REPORTS_TO,,2019-06-08,0.56,0.48,FIR,0
E001817,P000707,Akshaya Sahoo,P000699,Prasanna Jena,HANDLER_OF,,2021-10-19,0.91,0.63,IPDR,0
E001818,P000677,Bhagaban Dash,P000707,Akshaya Sahoo,REPORTS_TO,,2024-12-13,0.71,0.82,PASSPORT_IMMIGRATION,1
E001819,P000707,Akshaya Sahoo,P000677,Bhagaban Dash,RECRUITED_BY,,2024-10-08,0.92,0.82,SURVEILLANCE_REPORT,1
E001820,P000697,Kartik Dutta,P000707,Akshaya Sahoo,REPORTS_TO,,2022-07-03,0.58,0.59,CHARGESHEET,1
E001821,P000700,Mahesh Yadav,P000707,Akshaya Sahoo,REPORTS_TO,,2024-03-27,0.8,0.5,CDR,1
E001822,P000669,Tapan Naskar,P000707,Akshaya Sahoo,REPORTS_TO,,2020-01-26,0.73,0.7,FIR,0
E001823,P000682,Rupa Das,P000675,Naresh Shukla,ASSOCIATE_OF,,2019-11-20,0.76,0.77,IPDR,1
E001824,P000682,Rupa Das,P000667,Pramod Singh,ASSOCIATE_OF,,2025-01-10,0.67,0.83,CDR,1
E001825,P000682,Rupa Das,P000706,Balbir Baghel,ASSOCIATE_OF,,2018-04-21,0.35,0.65,FIR,0
E001826,P000682,Rupa Das,P000670,Bhagaban Sahoo,ASSOCIATE_OF,,2023-09-18,0.59,0.67,SEIZURE_MEMO,0
E001827,P000682,Rupa Das,P000687,Dinesh Prajapati,ASSOCIATE_OF,,2023-11-04,0.63,0.86,PASSPORT_IMMIGRATION,1
E001828,P000682,Rupa Das,P000696,Jagabandhu Sahoo,ASSOCIATE_OF,,2022-07-06,0.61,0.7,IPDR,1
E001829,P000675,Naresh Shukla,P000710,Sujoy Bhattacharya,ASSOCIATE_OF,,2020-08-30,0.74,0.53,SOCIAL_MEDIA_INTEL,1
E001830,P000675,Naresh Shukla,P000704,Udaiveer Srivastava,ASSOCIATE_OF,,2018-02-19,0.58,0.83,CHARGESHEET,1
E001831,P000675,Naresh Shukla,P000699,Prasanna Jena,ASSOCIATE_OF,,2023-09-27,0.35,0.72,PASSPORT_IMMIGRATION,0
E001832,P000675,Naresh Shukla,P000669,Tapan Naskar,ASSOCIATE_OF,,2018-02-04,0.53,0.75,INFORMANT_TIP,1
E001833,P000667,Pramod Singh,P000691,Arun Gupta,ASSOCIATE_OF,,2025-07-22,0.68,0.72,CDR,1
E001834,P000667,Pramod Singh,P000706,Balbir Baghel,ASSOCIATE_OF,,2019-01-24,0.41,0.51,TOWER_DUMP,0
E001835,P000667,Pramod Singh,P000696,Jagabandhu Sahoo,ASSOCIATE_OF,,2019-10-06,0.47,0.96,FIR,1
E001836,P000667,Pramod Singh,P000677,Bhagaban Dash,ASSOCIATE_OF,,2025-11-17,0.47,0.91,IPDR,1
E001837,P000667,Pramod Singh,P000700,Mahesh Yadav,ASSOCIATE_OF,,2020-12-09,0.67,0.98,TOWER_DUMP,1
E001838,P000678,Bibhuti Munda,P000692,Bimal Halder,ASSOCIATE_OF,,2022-02-09,0.75,0.6,INFORMANT_TIP,0
E001839,P000678,Bibhuti Munda,P000672,Sasmita Mallick,ASSOCIATE_OF,,2021-04-20,0.61,0.48,SEIZURE_MEMO,1
E001840,P000678,Bibhuti Munda,P000677,Bhagaban Dash,ASSOCIATE_OF,,2024-03-11,0.75,0.47,CHARGESHEET,0
E001841,P000691,Arun Gupta,P000670,Bhagaban Sahoo,ASSOCIATE_OF,,2024-02-23,0.35,0.63,INFORMANT_TIP,0
E001842,P000691,Arun Gupta,P000699,Prasanna Jena,ASSOCIATE_OF,,2022-04-06,0.62,0.48,INTELLIGENCE_REPORT,1
E001843,P000692,Bimal Halder,P000706,Balbir Baghel,ASSOCIATE_OF,,2022-04-18,0.39,0.87,CRIMINAL_HISTORY_DB,1
E001844,P000692,Bimal Halder,P000712,Basanta Panda,ASSOCIATE_OF,,2021-04-18,0.49,0.87,BANK_STATEMENT,1
E001845,P000692,Bimal Halder,P000687,Dinesh Prajapati,ASSOCIATE_OF,,2025-02-14,0.39,0.59,CDR,0
E001846,P000692,Bimal Halder,P000699,Prasanna Jena,ASSOCIATE_OF,,2023-08-25,0.58,0.75,BANK_STATEMENT,0
E001847,P000692,Bimal Halder,P000669,Tapan Naskar,ASSOCIATE_OF,,2019-02-14,0.34,0.68,PASSPORT_IMMIGRATION,0
E001848,P000706,Balbir Baghel,P000694,Gautam Sen,ASSOCIATE_OF,,2021-11-28,0.6,0.63,SURVEILLANCE_REPORT,0
E001849,P000706,Balbir Baghel,P000670,Bhagaban Sahoo,ASSOCIATE_OF,,2023-05-19,0.37,0.9,SEIZURE_MEMO,0
E001850,P000706,Balbir Baghel,P000690,Bimal Majumdar,ASSOCIATE_OF,,2024-02-24,0.62,0.57,SOCIAL_MEDIA_INTEL,0
E001851,P000706,Balbir Baghel,P000700,Mahesh Yadav,ASSOCIATE_OF,,2025-12-22,0.36,0.9,CRIMINAL_HISTORY_DB,1
E001852,P000694,Gautam Sen,P000712,Basanta Panda,ASSOCIATE_OF,,2024-01-23,0.61,0.98,INFORMANT_TIP,1
E001853,P000694,Gautam Sen,P000690,Bimal Majumdar,ASSOCIATE_OF,,2018-04-20,0.72,0.52,CDR,0
E001854,P000694,Gautam Sen,P000696,Jagabandhu Sahoo,ASSOCIATE_OF,,2018-11-05,0.56,0.57,SEIZURE_MEMO,1
E001855,P000694,Gautam Sen,P000704,Udaiveer Srivastava,ASSOCIATE_OF,,2021-11-17,0.32,0.85,SURVEILLANCE_REPORT,1
E001856,P000694,Gautam Sen,P000699,Prasanna Jena,ASSOCIATE_OF,,2020-08-30,0.57,0.82,CHARGESHEET,0
E001857,P000694,Gautam Sen,P000669,Tapan Naskar,ASSOCIATE_OF,,2024-01-23,0.69,0.62,SEIZURE_MEMO,1
E001858,P000672,Sasmita Mallick,P000670,Bhagaban Sahoo,ASSOCIATE_OF,,2024-09-12,0.56,0.9,PASSPORT_IMMIGRATION,0
E001859,P000672,Sasmita Mallick,P000699,Prasanna Jena,ASSOCIATE_OF,,2022-12-14,0.43,0.88,TOWER_DUMP,0
E001860,P000710,Sujoy Bhattacharya,P000696,Jagabandhu Sahoo,ASSOCIATE_OF,,2019-03-07,0.4,0.67,PASSPORT_IMMIGRATION,0
E001861,P000710,Sujoy Bhattacharya,P000699,Prasanna Jena,ASSOCIATE_OF,,2018-04-07,0.48,0.79,IPDR,0
E001862,P000710,Sujoy Bhattacharya,P000697,Kartik Dutta,ASSOCIATE_OF,,2021-04-06,0.41,0.7,SEIZURE_MEMO,1
E001863,P000712,Basanta Panda,P000696,Jagabandhu Sahoo,ASSOCIATE_OF,,2020-12-31,0.56,0.74,SEIZURE_MEMO,1
E001864,P000670,Bhagaban Sahoo,P000699,Prasanna Jena,ASSOCIATE_OF,,2023-11-05,0.69,0.77,BANK_STATEMENT,1
E001865,P000670,Bhagaban Sahoo,P000677,Bhagaban Dash,ASSOCIATE_OF,,2018-07-30,0.67,0.96,SURVEILLANCE_REPORT,0
E001866,P000690,Bimal Majumdar,P000687,Dinesh Prajapati,ASSOCIATE_OF,,2020-03-21,0.55,0.77,SOCIAL_MEDIA_INTEL,0
E001867,P000690,Bimal Majumdar,P000700,Mahesh Yadav,ASSOCIATE_OF,,2018-06-04,0.59,0.48,SOCIAL_MEDIA_INTEL,1
E001868,P000687,Dinesh Prajapati,P000697,Kartik Dutta,ASSOCIATE_OF,,2019-01-30,0.31,0.72,SEIZURE_MEMO,1
E001869,P000696,Jagabandhu Sahoo,P000697,Kartik Dutta,ASSOCIATE_OF,,2025-03-20,0.74,0.96,SOCIAL_MEDIA_INTEL,1
E001870,P000696,Jagabandhu Sahoo,P000700,Mahesh Yadav,ASSOCIATE_OF,,2019-10-14,0.69,0.48,SURVEILLANCE_REPORT,1
E001871,P000696,Jagabandhu Sahoo,P000669,Tapan Naskar,ASSOCIATE_OF,,2019-12-01,0.31,0.74,PASSPORT_IMMIGRATION,1
E001872,P000697,Kartik Dutta,P000700,Mahesh Yadav,ASSOCIATE_OF,,2022-12-11,0.77,0.7,BANK_STATEMENT,0
E001873,P000697,Kartik Dutta,P000669,Tapan Naskar,ASSOCIATE_OF,,2024-01-03,0.56,0.59,SOCIAL_MEDIA_INTEL,1
E001874,P000687,Dinesh Prajapati,P000674,Basanta Pradhan,ASSOCIATE_OF,,2019-01-18,0.61,0.49,SURVEILLANCE_REPORT,1
E001875,P000696,Jagabandhu Sahoo,P000701,Pradip Naskar,SHARES_HIDEOUT_WITH,,2021-10-03,0.3,0.61,SEIZURE_MEMO,0
E001876,P000687,Dinesh Prajapati,P000700,Mahesh Yadav,ASSOCIATE_OF,,2018-06-23,0.61,0.51,TOWER_DUMP,0
E001877,P000698,Sunil Pandey,P000675,Naresh Shukla,CELLMATE_OF,,2022-06-26,0.39,0.8,TOWER_DUMP,0
E001878,P000684,Sunil Verma,P000673,Vijay Dubey,FAMILY_OF,Uncle,2020-12-01,0.9,0.95,CRIMINAL_HISTORY_DB,1
E001879,P000712,Basanta Panda,P000680,Prakash Dubey,FAMILY_OF,Father,2022-04-30,0.9,0.95,CRIMINAL_HISTORY_DB,1
E001880,P000722,Ashwin Shah,P000737,Sachin Patil,REPORTS_TO,,2024-12-17,0.96,0.9,INTELLIGENCE_REPORT,1
E001881,P000725,Altaf Khan,P000737,Sachin Patil,REPORTS_TO,,2026-01-04,0.93,0.9,INTELLIGENCE_REPORT,1
E001882,P000729,Vinod Bhadauria,P000737,Sachin Patil,REPORTS_TO,,2026-06-06,0.97,0.9,INTELLIGENCE_REPORT,1
E001883,P000723,Ketan Prajapati,P000737,Sachin Patil,FINANCES,,2019-01-08,0.98,0.86,BANK_STATEMENT,1
E001884,P000741,Trupti Parmar,P000737,Sachin Patil,FINANCES,,2022-09-17,0.98,0.86,BANK_STATEMENT,1
E001885,P000737,Sachin Patil,P000735,Vipul Parmar,HANDLER_OF,,2025-07-21,0.26,0.6,INTELLIGENCE_REPORT,0
E001886,P000748,Divyesh Desai,P000722,Ashwin Shah,REPORTS_TO,,2019-08-31,0.89,0.84,INFORMANT_TIP,1
E001887,P000757,Ashfaq Rahman,P000722,Ashwin Shah,REPORTS_TO,,2018-02-09,0.77,0.81,SEIZURE_MEMO,0
E001888,P000735,Vipul Parmar,P000722,Ashwin Shah,REPORTS_TO,,2022-08-22,0.89,0.56,CHARGESHEET,1
E001889,P000743,Har Prasad Sharma,P000722,Ashwin Shah,REPORTS_TO,,2025-07-31,0.73,0.78,INFORMANT_TIP,0
E001890,P000747,Jitendra Bhardwaj,P000722,Ashwin Shah,REPORTS_TO,,2025-01-28,0.78,0.74,SEIZURE_MEMO,1
E001891,P000727,Vishal More,P000722,Ashwin Shah,REPORTS_TO,,2021-09-23,0.61,0.96,SOCIAL_MEDIA_INTEL,0
E001892,P000722,Ashwin Shah,P000727,Vishal More,RECRUITED_BY,,2021-08-14,0.64,0.51,CHARGESHEET,0
E001893,P000726,Rahul Rane,P000722,Ashwin Shah,REPORTS_TO,,2024-09-28,0.89,0.85,INFORMANT_TIP,0
E001894,P000728,Netrapal Saini,P000722,Ashwin Shah,REPORTS_TO,,2023-04-05,0.89,0.64,BANK_STATEMENT,1
E001895,P000722,Ashwin Shah,P000728,Netrapal Saini,RECRUITED_BY,,2023-02-13,0.81,0.48,INFORMANT_TIP,0
E001896,P000761,Mahesh Pandey,P000722,Ashwin Shah,REPORTS_TO,,2024-10-02,0.78,0.75,FIR,1
E001897,P000722,Ashwin Shah,P000761,Mahesh Pandey,HANDLER_OF,,2023-01-13,0.54,0.62,IPDR,1
E001898,P000719,Yusuf Khan,P000722,Ashwin Shah,REPORTS_TO,,2019-09-26,0.67,0.79,CHARGESHEET,0
E001899,P000716,Vaishnavi Kadam,P000722,Ashwin Shah,REPORTS_TO,,2020-09-02,0.84,0.51,CDR,1
E001900,P000722,Ashwin Shah,P000716,Vaishnavi Kadam,RECRUITED_BY,,2021-02-25,0.21,0.5,FIR,0
E001901,P000753,Chandrabhan Shukla,P000722,Ashwin Shah,REPORTS_TO,,2025-03-06,0.75,0.76,SEIZURE_MEMO,0
E001902,P000730,Arif Mansuri,P000722,Ashwin Shah,REPORTS_TO,,2025-05-20,0.63,0.84,CHARGESHEET,1
E001903,P000715,Imran Farooqui,P000722,Ashwin Shah,REPORTS_TO,,2022-09-18,0.75,0.96,CHARGESHEET,0
E001904,P000722,Ashwin Shah,P000715,Imran Farooqui,HANDLER_OF,,2025-03-16,0.72,0.88,CDR,0
E001905,P000733,Kalpesh Solanki,P000722,Ashwin Shah,REPORTS_TO,,2023-01-06,0.58,0.45,INTELLIGENCE_REPORT,1
E001906,P000751,Devendra Maurya,P000722,Ashwin Shah,REPORTS_TO,,2023-01-14,0.57,0.8,FIR,0
E001907,P000722,Ashwin Shah,P000751,Devendra Maurya,RECRUITED_BY,,2022-11-17,0.3,0.68,CHARGESHEET,1
E001908,P000757,Ashfaq Rahman,P000735,Vipul Parmar,ASSOCIATE_OF,,2022-03-25,0.65,0.95,INFORMANT_TIP,1
E001909,P000757,Ashfaq Rahman,P000747,Jitendra Bhardwaj,ASSOCIATE_OF,,2021-12-06,0.4,0.87,INTELLIGENCE_REPORT,1
E001910,P000757,Ashfaq Rahman,P000726,Rahul Rane,ASSOCIATE_OF,,2022-12-06,0.37,0.57,INTELLIGENCE_REPORT,0
E001911,P000757,Ashfaq Rahman,P000733,Kalpesh Solanki,ASSOCIATE_OF,,2018-12-13,0.45,0.64,SOCIAL_MEDIA_INTEL,1
E001912,P000735,Vipul Parmar,P000726,Rahul Rane,ASSOCIATE_OF,,2018-08-12,0.37,0.59,SEIZURE_MEMO,0
E001913,P000735,Vipul Parmar,P000715,Imran Farooqui,ASSOCIATE_OF,,2018-11-18,0.43,0.74,SEIZURE_MEMO,1
E001914,P000743,Har Prasad Sharma,P000716,Vaishnavi Kadam,ASSOCIATE_OF,,2022-12-11,0.73,0.54,CDR,0
E001915,P000747,Jitendra Bhardwaj,P000727,Vishal More,ASSOCIATE_OF,,2024-08-04,0.39,0.7,CHARGESHEET,1
E001916,P000727,Vishal More,P000716,Vaishnavi Kadam,ASSOCIATE_OF,,2024-10-10,0.43,0.67,INFORMANT_TIP,0
E001917,P000727,Vishal More,P000730,Arif Mansuri,ASSOCIATE_OF,,2022-07-18,0.76,0.57,PASSPORT_IMMIGRATION,0
E001918,P000726,Rahul Rane,P000719,Yusuf Khan,ASSOCIATE_OF,,2018-02-04,0.7,0.66,INTELLIGENCE_REPORT,0
E001919,P000726,Rahul Rane,P000753,Chandrabhan Shukla,ASSOCIATE_OF,,2018-06-17,0.53,0.77,CHARGESHEET,1
E001920,P000726,Rahul Rane,P000715,Imran Farooqui,ASSOCIATE_OF,,2022-01-25,0.8,0.5,CDR,0
E001921,P000728,Netrapal Saini,P000761,Mahesh Pandey,ASSOCIATE_OF,,2018-02-09,0.6,0.55,CHARGESHEET,0
E001922,P000728,Netrapal Saini,P000733,Kalpesh Solanki,ASSOCIATE_OF,,2025-09-20,0.53,0.88,SOCIAL_MEDIA_INTEL,0
E001923,P000728,Netrapal Saini,P000751,Devendra Maurya,ASSOCIATE_OF,,2023-08-13,0.44,0.47,PASSPORT_IMMIGRATION,0
E001924,P000761,Mahesh Pandey,P000753,Chandrabhan Shukla,ASSOCIATE_OF,,2018-10-16,0.69,0.7,INTELLIGENCE_REPORT,1
E001925,P000761,Mahesh Pandey,P000733,Kalpesh Solanki,ASSOCIATE_OF,,2023-06-19,0.44,0.89,CDR,1
E001926,P000719,Yusuf Khan,P000730,Arif Mansuri,ASSOCIATE_OF,,2018-12-24,0.63,0.83,CHARGESHEET,0
E001927,P000716,Vaishnavi Kadam,P000715,Imran Farooqui,ASSOCIATE_OF,,2025-02-22,0.67,0.67,PASSPORT_IMMIGRATION,0
E001928,P000716,Vaishnavi Kadam,P000751,Devendra Maurya,ASSOCIATE_OF,,2020-06-03,0.62,0.77,CRIMINAL_HISTORY_DB,0
E001929,P000753,Chandrabhan Shukla,P000715,Imran Farooqui,ASSOCIATE_OF,,2024-11-10,0.65,0.53,CHARGESHEET,1
E001930,P000730,Arif Mansuri,P000751,Devendra Maurya,ASSOCIATE_OF,,2018-12-16,0.45,0.98,CRIMINAL_HISTORY_DB,0
E001931,P000745,Paresh Rabari,P000725,Altaf Khan,REPORTS_TO,,2021-01-23,0.74,0.86,INFORMANT_TIP,1
E001932,P000714,Divyesh Vaghela,P000725,Altaf Khan,REPORTS_TO,,2024-12-26,0.72,0.54,IPDR,0
E001933,P000718,Haroon Pathan,P000725,Altaf Khan,REPORTS_TO,,2022-10-21,0.74,0.47,SEIZURE_MEMO,0
E001934,P000725,Altaf Khan,P000718,Haroon Pathan,RECRUITED_BY,,2022-02-04,0.43,0.62,CDR,0
E001935,P000746,Swapnil Kadam,P000725,Altaf Khan,REPORTS_TO,,2019-08-09,0.5,0.94,SEIZURE_MEMO,0
E001936,P000734,Bhaskar Kadam,P000725,Altaf Khan,REPORTS_TO,,2023-06-05,0.71,0.81,IPDR,1
E001937,P000763,Randhir Tiwari,P000725,Altaf Khan,REPORTS_TO,,2024-05-14,0.75,0.69,INTELLIGENCE_REPORT,1
E001938,P000732,Bhaskar Shinde,P000725,Altaf Khan,REPORTS_TO,,2023-02-10,0.76,0.92,IPDR,1
E001939,P000742,Smita Sawant,P000725,Altaf Khan,REPORTS_TO,,2022-04-13,0.66,0.63,CDR,1
E001940,P000755,Nilesh Bhoir,P000725,Altaf Khan,REPORTS_TO,,2024-08-07,0.87,0.51,CHARGESHEET,0
E001941,P000749,Shyamlal Bhardwaj,P000725,Altaf Khan,REPORTS_TO,,2023-09-09,0.82,0.67,INFORMANT_TIP,1
E001942,P000731,Aarti Shinde,P000725,Altaf Khan,REPORTS_TO,,2025-04-03,0.52,0.5,PASSPORT_IMMIGRATION,0
E001943,P000723,Ketan Prajapati,P000725,Altaf Khan,REPORTS_TO,,2023-07-25,0.6,0.82,INFORMANT_TIP,1
E001944,P000754,Dharmesh Makwana,P000725,Altaf Khan,REPORTS_TO,,2025-12-04,0.59,0.72,SURVEILLANCE_REPORT,0
E001945,P000758,Ibrahim Shaikh,P000725,Altaf Khan,REPORTS_TO,,2025-06-14,0.88,0.68,BANK_STATEMENT,1
E001946,P000750,Nadeem Khan,P000725,Altaf Khan,REPORTS_TO,,2018-09-17,0.7,0.98,SURVEILLANCE_REPORT,1
E001947,P000721,Munna Kushwaha,P000725,Altaf Khan,REPORTS_TO,,2022-10-21,0.66,0.47,SEIZURE_MEMO,1
E001948,P000745,Paresh Rabari,P000763,Randhir Tiwari,ASSOCIATE_OF,,2022-03-15,0.65,0.73,PASSPORT_IMMIGRATION,1
E001949,P000745,Paresh Rabari,P000723,Ketan Prajapati,ASSOCIATE_OF,,2026-03-09,0.47,0.62,CDR,1
E001950,P000714,Divyesh Vaghela,P000734,Bhaskar Kadam,ASSOCIATE_OF,,2024-05-13,0.42,0.53,INFORMANT_TIP,0
E001951,P000714,Divyesh Vaghela,P000758,Ibrahim Shaikh,ASSOCIATE_OF,,2022-12-03,0.61,0.58,CRIMINAL_HISTORY_DB,1
E001952,P000718,Haroon Pathan,P000721,Munna Kushwaha,ASSOCIATE_OF,,2023-03-16,0.77,0.83,TOWER_DUMP,1
E001953,P000746,Swapnil Kadam,P000742,Smita Sawant,ASSOCIATE_OF,,2025-11-19,0.46,0.7,SEIZURE_MEMO,0
E001954,P000734,Bhaskar Kadam,P000721,Munna Kushwaha,ASSOCIATE_OF,,2025-02-19,0.6,0.66,PASSPORT_IMMIGRATION,0
E001955,P000763,Randhir Tiwari,P000758,Ibrahim Shaikh,ASSOCIATE_OF,,2021-09-07,0.37,0.57,BANK_STATEMENT,1
E001956,P000732,Bhaskar Shinde,P000749,Shyamlal Bhardwaj,ASSOCIATE_OF,,2022-12-07,0.32,0.87,TOWER_DUMP,1
E001957,P000732,Bhaskar Shinde,P000731,Aarti Shinde,ASSOCIATE_OF,,2020-01-02,0.55,0.79,CRIMINAL_HISTORY_DB,0
E001958,P000732,Bhaskar Shinde,P000750,Nadeem Khan,ASSOCIATE_OF,,2019-03-19,0.79,0.7,SURVEILLANCE_REPORT,1
E001959,P000742,Smita Sawant,P000731,Aarti Shinde,ASSOCIATE_OF,,2022-02-17,0.46,0.59,CDR,0
E001960,P000742,Smita Sawant,P000721,Munna Kushwaha,ASSOCIATE_OF,,2018-04-15,0.79,0.7,SEIZURE_MEMO,0
E001961,P000723,Ketan Prajapati,P000758,Ibrahim Shaikh,ASSOCIATE_OF,,2021-05-12,0.57,0.6,FIR,0
E001962,P000723,Ketan Prajapati,P000750,Nadeem Khan,ASSOCIATE_OF,,2018-07-27,0.7,0.85,SEIZURE_MEMO,0
E001963,P000754,Dharmesh Makwana,P000758,Ibrahim Shaikh,ASSOCIATE_OF,,2018-03-05,0.48,0.61,BANK_STATEMENT,1
E001964,P000758,Ibrahim Shaikh,P000750,Nadeem Khan,ASSOCIATE_OF,,2023-11-04,0.74,0.98,TOWER_DUMP,1
E001965,P000720,Manisha Patil,P000729,Vinod Bhadauria,REPORTS_TO,,2025-01-21,0.55,0.66,SURVEILLANCE_REPORT,1
E001966,P000744,Hardik Thakor,P000729,Vinod Bhadauria,REPORTS_TO,,2025-02-18,0.84,0.82,SEIZURE_MEMO,1
E001967,P000729,Vinod Bhadauria,P000744,Hardik Thakor,RECRUITED_BY,,2019-05-21,0.81,0.5,CRIMINAL_HISTORY_DB,1
E001968,P000741,Trupti Parmar,P000729,Vinod Bhadauria,REPORTS_TO,,2023-07-01,0.87,0.81,INFORMANT_TIP,1
E001969,P000729,Vinod Bhadauria,P000741,Trupti Parmar,HANDLER_OF,,2023-12-20,0.49,0.64,CDR,0
E001970,P000717,Hitesh Zala,P000729,Vinod Bhadauria,REPORTS_TO,,2026-05-12,0.73,0.74,PASSPORT_IMMIGRATION,1
E001971,P000724,Pandurang Naik,P000729,Vinod Bhadauria,REPORTS_TO,,2026-05-17,0.74,0.65,INFORMANT_TIP,1
E001972,P000752,Mitesh Shah,P000729,Vinod Bhadauria,REPORTS_TO,,2025-06-19,0.75,0.84,INFORMANT_TIP,0
E001973,P000759,Devendra Chauhan,P000729,Vinod Bhadauria,REPORTS_TO,,2026-06-25,0.66,0.58,CHARGESHEET,1
E001974,P000729,Vinod Bhadauria,P000759,Devendra Chauhan,RECRUITED_BY,,2021-08-07,0.97,0.76,BANK_STATEMENT,0
E001975,P000739,Har Prasad Gupta,P000729,Vinod Bhadauria,REPORTS_TO,,2023-01-21,0.61,0.99,PASSPORT_IMMIGRATION,1
E001976,P000760,Ashfaq Shaikh,P000729,Vinod Bhadauria,REPORTS_TO,,2018-06-06,0.57,0.56,SURVEILLANCE_REPORT,0
E001977,P000713,Aarti More,P000729,Vinod Bhadauria,REPORTS_TO,,2021-03-20,0.59,0.51,IPDR,1
E001978,P000729,Vinod Bhadauria,P000713,Aarti More,HANDLER_OF,,2019-09-21,0.3,0.66,IPDR,0
E001979,P000762,Nilesh Shinde,P000729,Vinod Bhadauria,REPORTS_TO,,2021-05-28,0.54,0.62,BANK_STATEMENT,0
E001980,P000729,Vinod Bhadauria,P000762,Nilesh Shinde,HANDLER_OF,,2020-11-29,0.85,0.69,IPDR,0
E001981,P000756,Shakeel Malik,P000729,Vinod Bhadauria,REPORTS_TO,,2021-11-23,0.86,0.62,TOWER_DUMP,0
E001982,P000738,Dharmesh Joshi,P000729,Vinod Bhadauria,REPORTS_TO,,2024-07-27,0.87,0.62,CRIMINAL_HISTORY_DB,0
E001983,P000736,Sunil Yadav,P000729,Vinod Bhadauria,REPORTS_TO,,2021-03-07,0.58,0.49,SOCIAL_MEDIA_INTEL,0
E001984,P000740,Faizan Baig,P000729,Vinod Bhadauria,REPORTS_TO,,2025-11-18,0.65,0.7,SURVEILLANCE_REPORT,1
E001985,P000720,Manisha Patil,P000724,Pandurang Naik,ASSOCIATE_OF,,2019-05-11,0.35,0.91,INFORMANT_TIP,0
E001986,P000744,Hardik Thakor,P000724,Pandurang Naik,ASSOCIATE_OF,,2022-06-10,0.54,0.98,TOWER_DUMP,0
E001987,P000744,Hardik Thakor,P000760,Ashfaq Shaikh,ASSOCIATE_OF,,2023-02-09,0.45,0.49,SEIZURE_MEMO,1
E001988,P000744,Hardik Thakor,P000762,Nilesh Shinde,ASSOCIATE_OF,,2026-06-07,0.65,0.57,CRIMINAL_HISTORY_DB,0
E001989,P000741,Trupti Parmar,P000760,Ashfaq Shaikh,ASSOCIATE_OF,,2018-07-05,0.67,0.74,IPDR,1
E001990,P000741,Trupti Parmar,P000740,Faizan Baig,ASSOCIATE_OF,,2019-11-23,0.37,0.46,TOWER_DUMP,0
E001991,P000717,Hitesh Zala,P000760,Ashfaq Shaikh,ASSOCIATE_OF,,2025-06-14,0.73,0.69,SOCIAL_MEDIA_INTEL,1
E001992,P000724,Pandurang Naik,P000759,Devendra Chauhan,ASSOCIATE_OF,,2021-10-19,0.76,0.45,TOWER_DUMP,1
E001993,P000752,Mitesh Shah,P000762,Nilesh Shinde,ASSOCIATE_OF,,2019-02-23,0.31,0.6,CRIMINAL_HISTORY_DB,0
E001994,P000759,Devendra Chauhan,P000740,Faizan Baig,ASSOCIATE_OF,,2025-08-03,0.42,0.84,PASSPORT_IMMIGRATION,1
E001995,P000739,Har Prasad Gupta,P000762,Nilesh Shinde,ASSOCIATE_OF,,2026-03-13,0.73,0.51,FIR,1
E001996,P000739,Har Prasad Gupta,P000738,Dharmesh Joshi,ASSOCIATE_OF,,2025-09-03,0.63,0.89,CDR,1
E001997,P000760,Ashfaq Shaikh,P000736,Sunil Yadav,ASSOCIATE_OF,,2025-05-31,0.39,0.81,TOWER_DUMP,0
E001998,P000762,Nilesh Shinde,P000756,Shakeel Malik,ASSOCIATE_OF,,2020-06-17,0.57,0.86,IPDR,0
E001999,P000756,Shakeel Malik,P000740,Faizan Baig,ASSOCIATE_OF,,2019-06-17,0.75,0.68,CHARGESHEET,1
E002000,P000738,Dharmesh Joshi,P000736,Sunil Yadav,ASSOCIATE_OF,,2021-04-13,0.57,0.94,IPDR,1
E002001,P000749,Shyamlal Bhardwaj,P000750,Nadeem Khan,CO_ACCUSED_WITH,,2024-06-03,0.29,0.95,BANK_STATEMENT,1
E002002,P000726,Rahul Rane,P000752,Mitesh Shah,ASSOCIATE_OF,,2021-08-28,0.89,0.53,CRIMINAL_HISTORY_DB,0
E002003,P000758,Ibrahim Shaikh,P000721,Munna Kushwaha,ASSOCIATE_OF,,2021-07-19,0.28,0.65,IPDR,1
E002004,P000742,Smita Sawant,P000753,Chandrabhan Shukla,SHARES_HIDEOUT_WITH,,2019-05-06,0.61,0.8,TOWER_DUMP,0
E002005,P000736,Sunil Yadav,P000747,Jitendra Bhardwaj,ASSOCIATE_OF,,2020-07-08,0.24,0.77,SOCIAL_MEDIA_INTEL,1
E002006,P000726,Rahul Rane,P000732,Bhaskar Shinde,FAMILY_OF,Maternal cousin,2020-12-03,0.9,0.95,CRIMINAL_HISTORY_DB,1
E002007,P000792,Nazia Khan,P000797,Imran Ahmed,REPORTS_TO,,2023-03-15,0.8,0.9,INTELLIGENCE_REPORT,1
E002008,P000794,Wasim Hussain,P000797,Imran Ahmed,REPORTS_TO,,2023-03-07,0.87,0.9,INTELLIGENCE_REPORT,1
E002009,P000765,Salim Shaikh,P000797,Imran Ahmed,FINANCES,,2021-07-05,0.82,0.86,BANK_STATEMENT,1
E002010,P000789,Wasim Qureshi,P000797,Imran Ahmed,FINANCES,,2018-03-06,0.8,0.86,BANK_STATEMENT,1
E002011,P000797,Imran Ahmed,P000796,Abdul Malik,HANDLER_OF,,2025-10-21,0.22,0.6,INTELLIGENCE_REPORT,0
E002012,P000782,Sarfaraz Siddiqui,P000792,Nazia Khan,REPORTS_TO,,2020-04-20,0.65,0.91,SEIZURE_MEMO,0
E002013,P000766,Balbir Shukla,P000792,Nazia Khan,REPORTS_TO,,2020-11-11,0.69,0.82,TOWER_DUMP,0
E002014,P000790,Deepak Bhardwaj,P000792,Nazia Khan,REPORTS_TO,,2023-01-11,0.57,0.51,SEIZURE_MEMO,1
E002015,P000792,Nazia Khan,P000790,Deepak Bhardwaj,RECRUITED_BY,,2026-05-02,0.65,0.49,IPDR,1
E002016,P000774,Naseer Farooqui,P000792,Nazia Khan,REPORTS_TO,,2021-04-03,0.88,0.56,FIR,1
E002017,P000791,Sarfaraz Saifi,P000792,Nazia Khan,REPORTS_TO,,2019-06-07,0.62,0.7,IPDR,1
E002018,P000771,Chandrabhan Bhardwaj,P000792,Nazia Khan,REPORTS_TO,,2021-07-24,0.73,0.62,SEIZURE_MEMO,1
E002019,P000776,Ibrahim Alam,P000792,Nazia Khan,REPORTS_TO,,2019-07-26,0.69,0.96,INFORMANT_TIP,1
E002020,P000780,Pradeep Prajapati,P000792,Nazia Khan,REPORTS_TO,,2023-06-14,0.84,0.89,CHARGESHEET,0
E002021,P000787,Shabana Mirza,P000792,Nazia Khan,REPORTS_TO,,2020-07-28,0.79,0.92,SEIZURE_MEMO,1
E002022,P000792,Nazia Khan,P000787,Shabana Mirza,RECRUITED_BY,,2025-01-24,0.8,0.92,FIR,0
E002023,P000795,Zubair Chaudhary,P000792,Nazia Khan,REPORTS_TO,,2018-04-16,0.8,0.93,FIR,1
E002024,P000788,Rafiq Malik,P000792,Nazia Khan,REPORTS_TO,,2026-03-31,0.64,0.68,IPDR,1
E002025,P000768,Prakash Gupta,P000792,Nazia Khan,REPORTS_TO,,2022-03-31,0.84,0.73,IPDR,0
E002026,P000773,Shakuntala Nishad,P000792,Nazia Khan,REPORTS_TO,,2022-02-06,0.85,0.56,FIR,0
E002027,P000792,Nazia Khan,P000773,Shakuntala Nishad,RECRUITED_BY,,2025-03-08,0.88,0.81,CHARGESHEET,0
E002028,P000777,Hariom Chauhan,P000792,Nazia Khan,REPORTS_TO,,2024-01-23,0.7,0.59,CDR,0
E002029,P000786,Shailendra Sharma,P000792,Nazia Khan,REPORTS_TO,,2020-08-07,0.8,0.5,IPDR,1
E002030,P000792,Nazia Khan,P000786,Shailendra Sharma,RECRUITED_BY,,2024-10-29,0.91,0.56,INFORMANT_TIP,1
E002031,P000778,Shakeel Malik,P000792,Nazia Khan,REPORTS_TO,,2023-05-22,0.68,0.52,IPDR,1
E002032,P000792,Nazia Khan,P000778,Shakeel Malik,HANDLER_OF,,2018-03-11,0.7,0.89,TOWER_DUMP,1
E002033,P000767,Balbir Dixit,P000792,Nazia Khan,REPORTS_TO,,2019-10-17,0.53,0.66,FIR,0
E002034,P000782,Sarfaraz Siddiqui,P000791,Sarfaraz Saifi,ASSOCIATE_OF,,2026-02-04,0.75,0.62,IPDR,1
E002035,P000766,Balbir Shukla,P000791,Sarfaraz Saifi,ASSOCIATE_OF,,2025-11-14,0.32,0.48,BANK_STATEMENT,0
E002036,P000766,Balbir Shukla,P000786,Shailendra Sharma,ASSOCIATE_OF,,2021-12-27,0.66,0.96,TOWER_DUMP,1
E002037,P000766,Balbir Shukla,P000767,Balbir Dixit,ASSOCIATE_OF,,2022-05-09,0.42,0.52,SEIZURE_MEMO,0
E002038,P000790,Deepak Bhardwaj,P000776,Ibrahim Alam,ASSOCIATE_OF,,2023-01-09,0.5,0.74,INFORMANT_TIP,1
E002039,P000790,Deepak Bhardwaj,P000786,Shailendra Sharma,ASSOCIATE_OF,,2023-11-04,0.78,0.66,CRIMINAL_HISTORY_DB,0
E002040,P000774,Naseer Farooqui,P000791,Sarfaraz Saifi,ASSOCIATE_OF,,2018-10-28,0.31,0.52,INTELLIGENCE_REPORT,0
E002041,P000774,Naseer Farooqui,P000786,Shailendra Sharma,ASSOCIATE_OF,,2019-09-09,0.41,0.58,FIR,0
E002042,P000791,Sarfaraz Saifi,P000780,Pradeep Prajapati,ASSOCIATE_OF,,2021-08-09,0.71,0.78,IPDR,1
E002043,P000791,Sarfaraz Saifi,P000795,Zubair Chaudhary,ASSOCIATE_OF,,2018-01-02,0.67,0.79,BANK_STATEMENT,0
E002044,P000791,Sarfaraz Saifi,P000768,Prakash Gupta,ASSOCIATE_OF,,2023-01-31,0.35,0.7,FIR,1
E002045,P000791,Sarfaraz Saifi,P000773,Shakuntala Nishad,ASSOCIATE_OF,,2018-10-16,0.76,0.72,CRIMINAL_HISTORY_DB,0
E002046,P000791,Sarfaraz Saifi,P000786,Shailendra Sharma,ASSOCIATE_OF,,2024-05-29,0.77,0.88,SURVEILLANCE_REPORT,1
E002047,P000791,Sarfaraz Saifi,P000778,Shakeel Malik,ASSOCIATE_OF,,2026-02-28,0.59,0.54,SOCIAL_MEDIA_INTEL,0
E002048,P000791,Sarfaraz Saifi,P000767,Balbir Dixit,ASSOCIATE_OF,,2021-11-23,0.36,0.48,CDR,0
E002049,P000771,Chandrabhan Bhardwaj,P000787,Shabana Mirza,ASSOCIATE_OF,,2025-03-01,0.49,0.78,CRIMINAL_HISTORY_DB,0
E002050,P000771,Chandrabhan Bhardwaj,P000795,Zubair Chaudhary,ASSOCIATE_OF,,2023-12-07,0.52,0.93,FIR,1
E002051,P000771,Chandrabhan Bhardwaj,P000786,Shailendra Sharma,ASSOCIATE_OF,,2022-06-17,0.56,0.48,CHARGESHEET,1
E002052,P000776,Ibrahim Alam,P000773,Shakuntala Nishad,ASSOCIATE_OF,,2019-07-11,0.37,0.59,CDR,0
E002053,P000776,Ibrahim Alam,P000767,Balbir Dixit,ASSOCIATE_OF,,2024-10-02,0.6,0.83,CHARGESHEET,1
E002054,P000787,Shabana Mirza,P000777,Hariom Chauhan,ASSOCIATE_OF,,2020-12-11,0.59,0.8,INFORMANT_TIP,0
E002055,P000795,Zubair Chaudhary,P000788,Rafiq Malik,ASSOCIATE_OF,,2021-03-30,0.49,0.61,CRIMINAL_HISTORY_DB,0
E002056,P000788,Rafiq Malik,P000768,Prakash Gupta,ASSOCIATE_OF,,2019-12-11,0.51,0.88,PASSPORT_IMMIGRATION,1
E002057,P000788,Rafiq Malik,P000778,Shakeel Malik,ASSOCIATE_OF,,2023-01-19,0.68,0.77,SURVEILLANCE_REPORT,0
E002058,P000768,Prakash Gupta,P000777,Hariom Chauhan,ASSOCIATE_OF,,2025-07-10,0.78,0.61,SOCIAL_MEDIA_INTEL,0
E002059,P000773,Shakuntala Nishad,P000786,Shailendra Sharma,ASSOCIATE_OF,,2019-04-28,0.69,0.89,INTELLIGENCE_REPORT,0
E002060,P000777,Hariom Chauhan,P000786,Shailendra Sharma,ASSOCIATE_OF,,2021-11-02,0.72,0.53,BANK_STATEMENT,1
E002061,P000783,Firoz Siddiqui,P000794,Wasim Hussain,REPORTS_TO,,2019-05-25,0.83,0.78,INTELLIGENCE_REPORT,1
E002062,P000784,Ashfaq Sheikh,P000794,Wasim Hussain,REPORTS_TO,,2020-09-22,0.89,0.75,BANK_STATEMENT,0
E002063,P000789,Wasim Qureshi,P000794,Wasim Hussain,REPORTS_TO,,2025-09-10,0.51,0.68,INFORMANT_TIP,1
E002064,P000772,Abdul Chaudhary,P000794,Wasim Hussain,REPORTS_TO,,2020-04-01,0.67,0.95,PASSPORT_IMMIGRATION,1
E002065,P000770,Pradeep Bhardwaj,P000794,Wasim Hussain,REPORTS_TO,,2018-06-29,0.76,0.76,CDR,1
E002066,P000794,Wasim Hussain,P000770,Pradeep Bhardwaj,HANDLER_OF,,2018-02-09,0.98,0.62,PASSPORT_IMMIGRATION,1
E002067,P000800,Haroon Mansuri,P000794,Wasim Hussain,REPORTS_TO,,2022-01-08,0.9,0.59,CDR,1
E002068,P000799,Shakeel Pathan,P000794,Wasim Hussain,REPORTS_TO,,2025-09-06,0.52,0.95,IPDR,0
E002069,P000779,Shakeel Ansari,P000794,Wasim Hussain,REPORTS_TO,,2019-10-08,0.52,0.68,SURVEILLANCE_REPORT,1
E002070,P000764,Om Prakash Maurya,P000794,Wasim Hussain,REPORTS_TO,,2020-04-02,0.72,0.64,INTELLIGENCE_REPORT,1
E002071,P000781,Prakash Maurya,P000794,Wasim Hussain,REPORTS_TO,,2019-09-11,0.54,0.94,TOWER_DUMP,1
E002072,P000798,Firoz Mansuri,P000794,Wasim Hussain,REPORTS_TO,,2022-11-21,0.79,0.46,TOWER_DUMP,0
E002073,P000775,Shakeel Idrisi,P000794,Wasim Hussain,REPORTS_TO,,2024-03-04,0.64,0.61,BANK_STATEMENT,1
E002074,P000794,Wasim Hussain,P000775,Shakeel Idrisi,RECRUITED_BY,,2019-09-17,0.81,0.74,CRIMINAL_HISTORY_DB,1
E002075,P000769,Shakeel Siddiqui,P000794,Wasim Hussain,REPORTS_TO,,2022-07-02,0.78,0.72,FIR,1
E002076,P000796,Abdul Malik,P000794,Wasim Hussain,REPORTS_TO,,2019-06-12,0.82,0.8,PASSPORT_IMMIGRATION,1
E002077,P000794,Wasim Hussain,P000796,Abdul Malik,RECRUITED_BY,,2018-10-01,0.7,0.72,FIR,1
E002078,P000785,Girdhari Saini,P000794,Wasim Hussain,REPORTS_TO,,2021-07-11,0.76,0.96,SEIZURE_MEMO,1
E002079,P000765,Salim Shaikh,P000794,Wasim Hussain,REPORTS_TO,,2020-11-11,0.87,0.47,CHARGESHEET,1
E002080,P000793,Jitendra Baghel,P000794,Wasim Hussain,REPORTS_TO,,2020-08-07,0.82,0.89,PASSPORT_IMMIGRATION,1
E002081,P000784,Ashfaq Sheikh,P000799,Shakeel Pathan,ASSOCIATE_OF,,2022-09-21,0.51,0.95,PASSPORT_IMMIGRATION,1
E002082,P000789,Wasim Qureshi,P000800,Haroon Mansuri,ASSOCIATE_OF,,2023-01-27,0.54,0.6,CRIMINAL_HISTORY_DB,1
E002083,P000789,Wasim Qureshi,P000799,Shakeel Pathan,ASSOCIATE_OF,,2026-06-19,0.43,0.83,SOCIAL_MEDIA_INTEL,0
E002084,P000789,Wasim Qureshi,P000764,Om Prakash Maurya,ASSOCIATE_OF,,2018-11-12,0.38,0.7,SEIZURE_MEMO,1
E002085,P000789,Wasim Qureshi,P000781,Prakash Maurya,ASSOCIATE_OF,,2019-01-17,0.43,0.7,CHARGESHEET,1
E002086,P000789,Wasim Qureshi,P000775,Shakeel Idrisi,ASSOCIATE_OF,,2022-05-05,0.69,0.79,CRIMINAL_HISTORY_DB,1
E002087,P000772,Abdul Chaudhary,P000785,Girdhari Saini,ASSOCIATE_OF,,2025-10-22,0.76,0.81,TOWER_DUMP,1
E002088,P000770,Pradeep Bhardwaj,P000785,Girdhari Saini,ASSOCIATE_OF,,2020-04-30,0.56,0.59,INFORMANT_TIP,1
E002089,P000770,Pradeep Bhardwaj,P000793,Jitendra Baghel,ASSOCIATE_OF,,2025-04-16,0.39,0.63,BANK_STATEMENT,1
E002090,P000800,Haroon Mansuri,P000775,Shakeel Idrisi,ASSOCIATE_OF,,2021-01-30,0.5,0.81,TOWER_DUMP,0
E002091,P000800,Haroon Mansuri,P000769,Shakeel Siddiqui,ASSOCIATE_OF,,2020-04-27,0.66,0.53,BANK_STATEMENT,0
E002092,P000800,Haroon Mansuri,P000793,Jitendra Baghel,ASSOCIATE_OF,,2020-01-26,0.38,0.85,BANK_STATEMENT,0
E002093,P000799,Shakeel Pathan,P000769,Shakeel Siddiqui,ASSOCIATE_OF,,2021-06-30,0.53,0.56,SEIZURE_MEMO,1
E002094,P000799,Shakeel Pathan,P000785,Girdhari Saini,ASSOCIATE_OF,,2024-02-09,0.33,0.61,INFORMANT_TIP,1
E002095,P000779,Shakeel Ansari,P000775,Shakeel Idrisi,ASSOCIATE_OF,,2021-01-10,0.34,0.73,CHARGESHEET,1
E002096,P000779,Shakeel Ansari,P000796,Abdul Malik,ASSOCIATE_OF,,2026-05-15,0.75,0.92,INTELLIGENCE_REPORT,1
E002097,P000779,Shakeel Ansari,P000765,Salim Shaikh,ASSOCIATE_OF,,2023-03-26,0.36,0.99,CRIMINAL_HISTORY_DB,1
E002098,P000764,Om Prakash Maurya,P000775,Shakeel Idrisi,ASSOCIATE_OF,,2019-12-30,0.69,0.45,SURVEILLANCE_REPORT,0
E002099,P000764,Om Prakash Maurya,P000796,Abdul Malik,ASSOCIATE_OF,,2019-08-15,0.35,0.57,IPDR,1
E002100,P000781,Prakash Maurya,P000796,Abdul Malik,ASSOCIATE_OF,,2018-11-11,0.75,0.62,INFORMANT_TIP,0
E002101,P000781,Prakash Maurya,P000793,Jitendra Baghel,ASSOCIATE_OF,,2021-09-29,0.64,0.53,INTELLIGENCE_REPORT,1
E002102,P000798,Firoz Mansuri,P000785,Girdhari Saini,ASSOCIATE_OF,,2018-10-21,0.78,0.98,INFORMANT_TIP,0
E002103,P000798,Firoz Mansuri,P000765,Salim Shaikh,ASSOCIATE_OF,,2022-12-29,0.65,0.8,CRIMINAL_HISTORY_DB,0
E002104,P000769,Shakeel Siddiqui,P000765,Salim Shaikh,ASSOCIATE_OF,,2024-11-26,0.7,0.59,BANK_STATEMENT,1
E002105,P000796,Abdul Malik,P000765,Salim Shaikh,ASSOCIATE_OF,,2022-01-27,0.43,0.94,FIR,1
E002106,P000768,Prakash Gupta,P000780,Pradeep Prajapati,ASSOCIATE_OF,,2024-09-30,0.54,0.51,CRIMINAL_HISTORY_DB,0
E002107,P000781,Prakash Maurya,P000785,Girdhari Saini,CO_ACCUSED_WITH,,2018-06-02,0.87,0.98,SURVEILLANCE_REPORT,1
E002108,P000782,Sarfaraz Siddiqui,P000791,Sarfaraz Saifi,ASSOCIATE_OF,,2024-04-06,0.2,0.62,FIR,1
E002109,P000792,Nazia Khan,P000794,Wasim Hussain,ASSOCIATE_OF,,2020-06-26,0.7,0.68,SEIZURE_MEMO,1
E002110,P000833,Sukhdev Singh,P000830,Harpreet Sandhu,REPORTS_TO,,2018-07-11,0.99,0.9,INTELLIGENCE_REPORT,1
E002111,P000843,Ranveer Kumawat,P000830,Harpreet Sandhu,REPORTS_TO,,2019-04-19,0.82,0.9,INTELLIGENCE_REPORT,1
E002112,P000820,Kulwant Toor,P000830,Harpreet Sandhu,FINANCES,,2022-05-09,0.76,0.86,BANK_STATEMENT,1
E002113,P000813,Mukesh Baghel,P000830,Harpreet Sandhu,FINANCES,,2024-10-11,0.87,0.86,BANK_STATEMENT,1
E002114,P000830,Harpreet Sandhu,P000834,Jasbir Brar,HANDLER_OF,,2020-04-02,0.3,0.6,INTELLIGENCE_REPORT,0
E002115,P000842,Madan Bishnoi,P000833,Sukhdev Singh,REPORTS_TO,,2023-07-11,0.73,0.93,FIR,0
E002116,P000827,Prakash Shukla,P000833,Sukhdev Singh,REPORTS_TO,,2023-12-19,0.88,0.79,IPDR,0
E002117,P000805,Ranveer Beniwal,P000833,Sukhdev Singh,REPORTS_TO,,2025-08-18,0.76,0.88,PASSPORT_IMMIGRATION,1
E002118,P000802,Kishan Jat,P000833,Sukhdev Singh,REPORTS_TO,,2025-10-30,0.64,0.81,SEIZURE_MEMO,1
E002119,P000801,Nathu Ranawat,P000833,Sukhdev Singh,REPORTS_TO,,2018-08-20,0.77,0.49,TOWER_DUMP,0
E002120,P000810,Kishan Choudhary,P000833,Sukhdev Singh,REPORTS_TO,,2021-02-21,0.57,0.9,FIR,0
E002121,P000818,Gopal Saini,P000833,Sukhdev Singh,REPORTS_TO,,2018-09-03,0.63,0.67,CDR,0
E002122,P000803,Malkiat Virk,P000833,Sukhdev Singh,REPORTS_TO,,2019-09-10,0.56,0.93,CRIMINAL_HISTORY_DB,0
E002123,P000839,Ratan Jat,P000833,Sukhdev Singh,REPORTS_TO,,2020-04-12,0.82,0.96,SURVEILLANCE_REPORT,1
E002124,P000826,Jarnail Singh,P000833,Sukhdev Singh,REPORTS_TO,,2021-11-11,0.62,0.95,FIR,1
E002125,P000823,Harpreet Brar,P000833,Sukhdev Singh,REPORTS_TO,,2022-01-18,0.84,0.79,INTELLIGENCE_REPORT,1
E002126,P000832,Kuldeep Virk,P000833,Sukhdev Singh,REPORTS_TO,,2022-01-01,0.88,0.74,IPDR,1
E002127,P000828,Harjinder Kang,P000833,Sukhdev Singh,REPORTS_TO,,2019-09-10,0.64,0.51,INTELLIGENCE_REPORT,1
E002128,P000808,Sunil Sengar,P000833,Sukhdev Singh,REPORTS_TO,,2021-09-20,0.75,0.94,BANK_STATEMENT,0
E002129,P000838,Chandrabhan Bhadauria,P000833,Sukhdev Singh,REPORTS_TO,,2023-12-20,0.52,0.82,SEIZURE_MEMO,1
E002130,P000833,Sukhdev Singh,P000838,Chandrabhan Bhadauria,HANDLER_OF,,2021-07-31,0.35,0.87,BANK_STATEMENT,1
E002131,P000845,Yogendra Saini,P000833,Sukhdev Singh,REPORTS_TO,,2023-05-10,0.78,0.77,CHARGESHEET,1
E002132,P000841,Paramjit Virk,P000833,Sukhdev Singh,REPORTS_TO,,2024-01-28,0.61,0.74,CRIMINAL_HISTORY_DB,0
E002133,P000819,Bhanwar Meena,P000833,Sukhdev Singh,REPORTS_TO,,2020-05-23,0.52,0.96,SOCIAL_MEDIA_INTEL,1
E002134,P000821,Girdhari Rathore,P000833,Sukhdev Singh,REPORTS_TO,,2023-05-07,0.71,0.93,CHARGESHEET,0
E002135,P000816,Tarsem Virk,P000833,Sukhdev Singh,REPORTS_TO,,2020-10-02,0.64,0.97,SURVEILLANCE_REPORT,0
E002136,P000837,Ratan Kumawat,P000833,Sukhdev Singh,REPORTS_TO,,2025-09-02,0.78,0.57,PASSPORT_IMMIGRATION,1
E002137,P000842,Madan Bishnoi,P000818,Gopal Saini,ASSOCIATE_OF,,2018-10-30,0.31,0.52,BANK_STATEMENT,1
E002138,P000842,Madan Bishnoi,P000826,Jarnail Singh,ASSOCIATE_OF,,2019-04-10,0.78,0.47,INTELLIGENCE_REPORT,1
E002139,P000842,Madan Bishnoi,P000838,Chandrabhan Bhadauria,ASSOCIATE_OF,,2021-12-22,0.7,0.52,PASSPORT_IMMIGRATION,0
E002140,P000827,Prakash Shukla,P000818,Gopal Saini,ASSOCIATE_OF,,2021-10-10,0.65,0.82,BANK_STATEMENT,0
E002141,P000827,Prakash Shukla,P000816,Tarsem Virk,ASSOCIATE_OF,,2026-05-20,0.45,0.51,CRIMINAL_HISTORY_DB,0
E002142,P000805,Ranveer Beniwal,P000803,Malkiat Virk,ASSOCIATE_OF,,2022-03-31,0.48,0.76,CDR,1
E002143,P000805,Ranveer Beniwal,P000839,Ratan Jat,ASSOCIATE_OF,,2023-05-28,0.68,0.93,PASSPORT_IMMIGRATION,0
E002144,P000802,Kishan Jat,P000803,Malkiat Virk,ASSOCIATE_OF,,2022-06-14,0.6,0.56,INFORMANT_TIP,1
E002145,P000802,Kishan Jat,P000826,Jarnail Singh,ASSOCIATE_OF,,2025-09-29,0.52,0.47,FIR,1
E002146,P000802,Kishan Jat,P000832,Kuldeep Virk,ASSOCIATE_OF,,2018-10-20,0.5,0.87,IPDR,1
E002147,P000802,Kishan Jat,P000819,Bhanwar Meena,ASSOCIATE_OF,,2021-09-16,0.63,0.65,INTELLIGENCE_REPORT,1
E002148,P000801,Nathu Ranawat,P000821,Girdhari Rathore,ASSOCIATE_OF,,2021-12-08,0.66,0.79,CRIMINAL_HISTORY_DB,0
E002149,P000801,Nathu Ranawat,P000837,Ratan Kumawat,ASSOCIATE_OF,,2020-09-03,0.51,0.8,TOWER_DUMP,1
E002150,P000810,Kishan Choudhary,P000828,Harjinder Kang,ASSOCIATE_OF,,2025-08-05,0.65,0.47,BANK_STATEMENT,1
E002151,P000810,Kishan Choudhary,P000837,Ratan Kumawat,ASSOCIATE_OF,,2021-02-11,0.46,0.96,PASSPORT_IMMIGRATION,0
E002152,P000818,Gopal Saini,P000826,Jarnail Singh,ASSOCIATE_OF,,2025-01-25,0.36,0.49,INTELLIGENCE_REPORT,1
E002153,P000818,Gopal Saini,P000819,Bhanwar Meena,ASSOCIATE_OF,,2020-08-19,0.65,0.56,IPDR,1
E002154,P000818,Gopal Saini,P000816,Tarsem Virk,ASSOCIATE_OF,,2022-11-11,0.33,0.88,SURVEILLANCE_REPORT,1
E002155,P000803,Malkiat Virk,P000838,Chandrabhan Bhadauria,ASSOCIATE_OF,,2021-02-21,0.5,0.87,INTELLIGENCE_REPORT,0
E002156,P000839,Ratan Jat,P000808,Sunil Sengar,ASSOCIATE_OF,,2024-02-23,0.31,0.68,SEIZURE_MEMO,1
E002157,P000839,Ratan Jat,P000838,Chandrabhan Bhadauria,ASSOCIATE_OF,,2022-09-28,0.55,0.84,CRIMINAL_HISTORY_DB,1
E002158,P000826,Jarnail Singh,P000823,Harpreet Brar,ASSOCIATE_OF,,2023-05-18,0.37,0.49,IPDR,1
E002159,P000826,Jarnail Singh,P000808,Sunil Sengar,ASSOCIATE_OF,,2025-03-15,0.5,0.95,CDR,1
E002160,P000826,Jarnail Singh,P000821,Girdhari Rathore,ASSOCIATE_OF,,2022-02-24,0.45,0.83,FIR,1
E002161,P000832,Kuldeep Virk,P000838,Chandrabhan Bhadauria,ASSOCIATE_OF,,2024-10-08,0.44,0.95,SEIZURE_MEMO,1
E002162,P000828,Harjinder Kang,P000819,Bhanwar Meena,ASSOCIATE_OF,,2020-04-24,0.75,0.86,TOWER_DUMP,0
E002163,P000838,Chandrabhan Bhadauria,P000821,Girdhari Rathore,ASSOCIATE_OF,,2020-12-26,0.64,0.66,FIR,0
E002164,P000841,Paramjit Virk,P000816,Tarsem Virk,ASSOCIATE_OF,,2019-07-06,0.39,0.84,CDR,0
E002165,P000819,Bhanwar Meena,P000821,Girdhari Rathore,ASSOCIATE_OF,,2024-09-07,0.48,0.63,CRIMINAL_HISTORY_DB,0
E002166,P000821,Girdhari Rathore,P000837,Ratan Kumawat,ASSOCIATE_OF,,2018-12-21,0.49,0.84,BANK_STATEMENT,0
E002167,P000811,Sohan Purohit,P000843,Ranveer Kumawat,REPORTS_TO,,2021-10-30,0.56,0.55,CRIMINAL_HISTORY_DB,1
E002168,P000807,Bikramjit Brar,P000843,Ranveer Kumawat,REPORTS_TO,,2020-01-08,0.7,0.67,SOCIAL_MEDIA_INTEL,1
E002169,P000843,Ranveer Kumawat,P000807,Bikramjit Brar,RECRUITED_BY,,2018-03-07,0.25,0.69,SURVEILLANCE_REPORT,0
E002170,P000831,Bheru Ranawat,P000843,Ranveer Kumawat,REPORTS_TO,,2019-04-12,0.78,0.72,SOCIAL_MEDIA_INTEL,0
E002171,P000843,Ranveer Kumawat,P000831,Bheru Ranawat,RECRUITED_BY,,2020-05-29,0.3,0.73,CHARGESHEET,1
E002172,P000836,Lakhwinder Bains,P000843,Ranveer Kumawat,REPORTS_TO,,2020-03-11,0.57,0.85,FIR,1
E002173,P000843,Ranveer Kumawat,P000836,Lakhwinder Bains,HANDLER_OF,,2024-07-03,0.44,0.51,SURVEILLANCE_REPORT,1
E002174,P000835,Bikramjit Sekhon,P000843,Ranveer Kumawat,REPORTS_TO,,2022-12-05,0.77,0.95,SEIZURE_MEMO,1
E002175,P000817,Rachhpal Sandhu,P000843,Ranveer Kumawat,REPORTS_TO,,2018-10-27,0.64,0.69,BANK_STATEMENT,1
E002176,P000824,Gopal Beniwal,P000843,Ranveer Kumawat,REPORTS_TO,,2024-07-29,0.57,0.68,BANK_STATEMENT,0
E002177,P000843,Ranveer Kumawat,P000824,Gopal Beniwal,RECRUITED_BY,,2021-03-03,0.49,0.54,SEIZURE_MEMO,0
E002178,P000844,Gurpreet Toor,P000843,Ranveer Kumawat,REPORTS_TO,,2022-10-02,0.76,0.64,CDR,0
E002179,P000815,Kuldeep Srivastava,P000843,Ranveer Kumawat,REPORTS_TO,,2023-12-09,0.53,0.48,PASSPORT_IMMIGRATION,0
E002180,P000804,Yogendra Srivastava,P000843,Ranveer Kumawat,REPORTS_TO,,2023-05-08,0.62,0.8,BANK_STATEMENT,0
E002181,P000822,Harjinder Sarao,P000843,Ranveer Kumawat,REPORTS_TO,,2023-05-25,0.66,0.98,IPDR,1
E002182,P000834,Jasbir Brar,P000843,Ranveer Kumawat,REPORTS_TO,,2019-01-01,0.8,0.69,INTELLIGENCE_REPORT,1
E002183,P000813,Mukesh Baghel,P000843,Ranveer Kumawat,REPORTS_TO,,2024-11-06,0.52,0.6,SOCIAL_MEDIA_INTEL,0
E002184,P000829,Devendra Srivastava,P000843,Ranveer Kumawat,REPORTS_TO,,2026-02-16,0.57,0.73,SURVEILLANCE_REPORT,1
E002185,P000806,Hanuman Shekhawat,P000843,Ranveer Kumawat,REPORTS_TO,,2021-12-25,0.64,0.59,TOWER_DUMP,1
E002186,P000809,Sandeep Maurya,P000843,Ranveer Kumawat,REPORTS_TO,,2018-11-12,0.54,0.87,TOWER_DUMP,1
E002187,P000825,Jitendra Rajput,P000843,Ranveer Kumawat,REPORTS_TO,,2019-04-29,0.82,0.58,INTELLIGENCE_REPORT,0
E002188,P000820,Kulwant Toor,P000843,Ranveer Kumawat,REPORTS_TO,,2024-09-27,0.75,0.72,FIR,0
E002189,P000840,Sukhwinder Kang,P000843,Ranveer Kumawat,REPORTS_TO,,2021-11-29,0.53,0.91,FIR,1
E002190,P000814,Balbir Thakur,P000843,Ranveer Kumawat,REPORTS_TO,,2023-08-27,0.73,0.72,INTELLIGENCE_REPORT,1
E002191,P000812,Udaiveer Baghel,P000843,Ranveer Kumawat,REPORTS_TO,,2026-02-22,0.86,0.5,TOWER_DUMP,0
E002192,P000811,Sohan Purohit,P000815,Kuldeep Srivastava,ASSOCIATE_OF,,2024-07-13,0.54,0.73,CDR,1
E002193,P000811,Sohan Purohit,P000813,Mukesh Baghel,ASSOCIATE_OF,,2023-03-29,0.6,0.85,INTELLIGENCE_REPORT,0
E002194,P000811,Sohan Purohit,P000820,Kulwant Toor,ASSOCIATE_OF,,2026-03-09,0.47,0.84,SOCIAL_MEDIA_INTEL,1
E002195,P000807,Bikramjit Brar,P000836,Lakhwinder Bains,ASSOCIATE_OF,,2022-01-16,0.33,0.75,CDR,1
E002196,P000807,Bikramjit Brar,P000844,Gurpreet Toor,ASSOCIATE_OF,,2020-08-31,0.32,0.51,FIR,1
E002197,P000807,Bikramjit Brar,P000804,Yogendra Srivastava,ASSOCIATE_OF,,2024-06-12,0.71,0.97,CHARGESHEET,1
E002198,P000807,Bikramjit Brar,P000813,Mukesh Baghel,ASSOCIATE_OF,,2020-07-05,0.39,0.74,PASSPORT_IMMIGRATION,1
E002199,P000807,Bikramjit Brar,P000825,Jitendra Rajput,ASSOCIATE_OF,,2024-09-07,0.33,0.67,SURVEILLANCE_REPORT,0
E002200,P000807,Bikramjit Brar,P000820,Kulwant Toor,ASSOCIATE_OF,,2020-08-17,0.58,0.54,SOCIAL_MEDIA_INTEL,0
E002201,P000831,Bheru Ranawat,P000836,Lakhwinder Bains,ASSOCIATE_OF,,2021-07-20,0.52,0.52,BANK_STATEMENT,0
E002202,P000831,Bheru Ranawat,P000844,Gurpreet Toor,ASSOCIATE_OF,,2022-08-28,0.41,0.92,CHARGESHEET,0
E002203,P000831,Bheru Ranawat,P000834,Jasbir Brar,ASSOCIATE_OF,,2024-01-19,0.57,0.62,PASSPORT_IMMIGRATION,1
E002204,P000831,Bheru Ranawat,P000806,Hanuman Shekhawat,ASSOCIATE_OF,,2026-06-22,0.73,0.49,CHARGESHEET,0
E002205,P000831,Bheru Ranawat,P000809,Sandeep Maurya,ASSOCIATE_OF,,2022-07-24,0.38,0.68,PASSPORT_IMMIGRATION,1
E002206,P000831,Bheru Ranawat,P000814,Balbir Thakur,ASSOCIATE_OF,,2024-12-22,0.33,0.77,CRIMINAL_HISTORY_DB,1
E002207,P000836,Lakhwinder Bains,P000824,Gopal Beniwal,ASSOCIATE_OF,,2019-02-07,0.4,0.52,INTELLIGENCE_REPORT,0
E002208,P000836,Lakhwinder Bains,P000804,Yogendra Srivastava,ASSOCIATE_OF,,2018-09-22,0.41,0.53,TOWER_DUMP,1
E002209,P000835,Bikramjit Sekhon,P000804,Yogendra Srivastava,ASSOCIATE_OF,,2025-01-14,0.6,0.95,CRIMINAL_HISTORY_DB,1
E002210,P000835,Bikramjit Sekhon,P000806,Hanuman Shekhawat,ASSOCIATE_OF,,2019-01-12,0.32,0.93,PASSPORT_IMMIGRATION,1
E002211,P000835,Bikramjit Sekhon,P000814,Balbir Thakur,ASSOCIATE_OF,,2019-06-21,0.45,0.63,IPDR,1
E002212,P000817,Rachhpal Sandhu,P000813,Mukesh Baghel,ASSOCIATE_OF,,2021-03-19,0.57,0.93,BANK_STATEMENT,1
E002213,P000817,Rachhpal Sandhu,P000840,Sukhwinder Kang,ASSOCIATE_OF,,2024-08-24,0.37,0.85,INFORMANT_TIP,1
E002214,P000817,Rachhpal Sandhu,P000814,Balbir Thakur,ASSOCIATE_OF,,2018-11-07,0.37,0.51,BANK_STATEMENT,0
E002215,P000824,Gopal Beniwal,P000822,Harjinder Sarao,ASSOCIATE_OF,,2020-10-21,0.73,0.93,PASSPORT_IMMIGRATION,0
E002216,P000844,Gurpreet Toor,P000820,Kulwant Toor,ASSOCIATE_OF,,2019-06-01,0.31,0.55,INFORMANT_TIP,0
E002217,P000815,Kuldeep Srivastava,P000812,Udaiveer Baghel,ASSOCIATE_OF,,2025-08-14,0.34,0.62,SEIZURE_MEMO,0
E002218,P000804,Yogendra Srivastava,P000834,Jasbir Brar,ASSOCIATE_OF,,2024-08-19,0.57,0.54,INTELLIGENCE_REPORT,1
E002219,P000804,Yogendra Srivastava,P000840,Sukhwinder Kang,ASSOCIATE_OF,,2024-10-31,0.57,0.8,PASSPORT_IMMIGRATION,1
E002220,P000804,Yogendra Srivastava,P000814,Balbir Thakur,ASSOCIATE_OF,,2025-11-19,0.52,0.53,TOWER_DUMP,1
E002221,P000822,Harjinder Sarao,P000814,Balbir Thakur,ASSOCIATE_OF,,2024-03-05,0.59,0.45,FIR,0
E002222,P000822,Harjinder Sarao,P000812,Udaiveer Baghel,ASSOCIATE_OF,,2022-11-08,0.38,0.45,INTELLIGENCE_REPORT,0
E002223,P000834,Jasbir Brar,P000806,Hanuman Shekhawat,ASSOCIATE_OF,,2018-02-11,0.36,0.67,TOWER_DUMP,0
E002224,P000834,Jasbir Brar,P000820,Kulwant Toor,ASSOCIATE_OF,,2024-06-24,0.68,0.61,SEIZURE_MEMO,1
E002225,P000813,Mukesh Baghel,P000806,Hanuman Shekhawat,ASSOCIATE_OF,,2021-01-28,0.47,0.7,SURVEILLANCE_REPORT,1
E002226,P000806,Hanuman Shekhawat,P000812,Udaiveer Baghel,ASSOCIATE_OF,,2024-03-24,0.4,0.85,SURVEILLANCE_REPORT,0
E002227,P000809,Sandeep Maurya,P000840,Sukhwinder Kang,ASSOCIATE_OF,,2025-06-10,0.73,0.59,SEIZURE_MEMO,0
E002228,P000825,Jitendra Rajput,P000814,Balbir Thakur,ASSOCIATE_OF,,2023-11-21,0.35,0.7,CRIMINAL_HISTORY_DB,0
E002229,P000840,Sukhwinder Kang,P000814,Balbir Thakur,ASSOCIATE_OF,,2024-12-14,0.77,0.55,CRIMINAL_HISTORY_DB,1
E002230,P000814,Balbir Thakur,P000812,Udaiveer Baghel,ASSOCIATE_OF,,2022-03-10,0.62,0.83,SURVEILLANCE_REPORT,1
E002231,P000813,Mukesh Baghel,P000820,Kulwant Toor,ASSOCIATE_OF,,2023-02-01,0.57,0.69,FIR,1
E002232,P000807,Bikramjit Brar,P000808,Sunil Sengar,CO_ACCUSED_WITH,,2021-11-09,0.45,0.46,SEIZURE_MEMO,1
E002233,P000801,Nathu Ranawat,P000841,Paramjit Virk,ASSOCIATE_OF,,2018-01-24,0.84,0.47,CRIMINAL_HISTORY_DB,0
E002234,P000838,Chandrabhan Bhadauria,P000822,Harjinder Sarao,CO_ACCUSED_WITH,,2026-02-18,0.73,0.54,INFORMANT_TIP,0
E002235,P000827,Prakash Shukla,P000836,Lakhwinder Bains,FAMILY_OF,Nephew,2019-12-14,0.9,0.95,CRIMINAL_HISTORY_DB,1
E002236,P000819,Bhanwar Meena,P000833,Sukhdev Singh,FAMILY_OF,Spouse,2018-01-23,0.9,0.95,CRIMINAL_HISTORY_DB,1
E002237,P000838,Chandrabhan Bhadauria,P000814,Balbir Thakur,FAMILY_OF,Spouse,2023-12-27,0.9,0.95,CRIMINAL_HISTORY_DB,1
E002238,P000848,Nagaraju Gupta,P000859,Thangaraj Naicker,REPORTS_TO,,2018-12-07,0.88,0.9,INTELLIGENCE_REPORT,1
E002239,P000873,Bikram Basumatary,P000859,Thangaraj Naicker,REPORTS_TO,,2021-09-06,0.87,0.9,INTELLIGENCE_REPORT,1
E002240,P000856,Bala Gounder,P000859,Thangaraj Naicker,FINANCES,,2023-09-08,0.92,0.86,BANK_STATEMENT,1
E002241,P000866,Chinnadurai Annadurai,P000859,Thangaraj Naicker,FINANCES,,2018-11-04,0.84,0.86,BANK_STATEMENT,1
E002242,P000861,Balbir Yadav,P000848,Nagaraju Gupta,REPORTS_TO,,2025-05-02,0.77,0.81,CDR,1
E002243,P000878,Srinivas Bandari,P000848,Nagaraju Gupta,REPORTS_TO,,2018-10-28,0.79,0.98,CHARGESHEET,1
E002244,P000869,Selvam Subramanian,P000848,Nagaraju Gupta,REPORTS_TO,,2024-05-14,0.86,0.48,PASSPORT_IMMIGRATION,0
E002245,P000875,Yumnam Rabha,P000848,Nagaraju Gupta,REPORTS_TO,,2018-03-06,0.89,0.7,IPDR,1
E002246,P000848,Nagaraju Gupta,P000875,Yumnam Rabha,RECRUITED_BY,,2018-07-31,0.59,0.64,SOCIAL_MEDIA_INTEL,0
E002247,P000857,Narsimha Vemula,P000848,Nagaraju Gupta,REPORTS_TO,,2025-05-21,0.8,0.76,INFORMANT_TIP,1
E002248,P000848,Nagaraju Gupta,P000857,Narsimha Vemula,HANDLER_OF,,2021-08-27,0.4,0.75,BANK_STATEMENT,1
E002249,P000855,Alemba Momin,P000848,Nagaraju Gupta,REPORTS_TO,,2018-01-07,0.9,0.6,TOWER_DUMP,0
E002250,P000862,Ngangbam Brahma,P000848,Nagaraju Gupta,REPORTS_TO,,2018-02-09,0.7,0.68,CHARGESHEET,1
E002251,P000864,Rambabu Goud,P000848,Nagaraju Gupta,REPORTS_TO,,2021-10-01,0.59,0.77,BANK_STATEMENT,0
E002252,P000877,Palanisamy Annadurai,P000848,Nagaraju Gupta,REPORTS_TO,,2023-07-24,0.51,0.73,INTELLIGENCE_REPORT,0
E002253,P000868,Satish Maurya,P000848,Nagaraju Gupta,REPORTS_TO,,2026-05-08,0.82,0.55,SOCIAL_MEDIA_INTEL,1
E002254,P000854,Bikram Devi,P000848,Nagaraju Gupta,REPORTS_TO,,2024-01-11,0.8,0.93,INTELLIGENCE_REPORT,0
E002255,P000847,Yumnam Marak,P000848,Nagaraju Gupta,REPORTS_TO,,2020-10-14,0.59,0.63,PASSPORT_IMMIGRATION,0
E002256,P000848,Nagaraju Gupta,P000847,Yumnam Marak,RECRUITED_BY,,2023-10-29,0.69,0.67,IPDR,0
E002257,P000858,Randhir Nishad,P000848,Nagaraju Gupta,REPORTS_TO,,2024-09-11,0.77,0.58,SEIZURE_MEMO,1
E002258,P000848,Nagaraju Gupta,P000858,Randhir Nishad,RECRUITED_BY,,2023-09-07,0.94,0.79,INTELLIGENCE_REPORT,1
E002259,P000880,Murugan Annadurai,P000848,Nagaraju Gupta,REPORTS_TO,,2019-04-25,0.84,0.97,FIR,0
E002260,P000848,Nagaraju Gupta,P000880,Murugan Annadurai,RECRUITED_BY,,2024-03-08,0.3,0.75,INTELLIGENCE_REPORT,1
E002261,P000846,Mahesh Shukla,P000848,Nagaraju Gupta,REPORTS_TO,,2018-11-06,0.89,0.49,BANK_STATEMENT,0
E002262,P000856,Bala Gounder,P000848,Nagaraju Gupta,REPORTS_TO,,2023-09-28,0.74,0.82,INTELLIGENCE_REPORT,0
E002263,P000861,Balbir Yadav,P000864,Rambabu Goud,ASSOCIATE_OF,,2023-01-03,0.49,0.9,CHARGESHEET,1
E002264,P000861,Balbir Yadav,P000858,Randhir Nishad,ASSOCIATE_OF,,2025-04-24,0.34,0.49,TOWER_DUMP,1
E002265,P000878,Srinivas Bandari,P000862,Ngangbam Brahma,ASSOCIATE_OF,,2024-10-19,0.72,0.46,SEIZURE_MEMO,0
E002266,P000869,Selvam Subramanian,P000875,Yumnam Rabha,ASSOCIATE_OF,,2023-07-27,0.44,0.9,CHARGESHEET,0
E002267,P000869,Selvam Subramanian,P000857,Narsimha Vemula,ASSOCIATE_OF,,2025-04-11,0.45,0.95,SEIZURE_MEMO,0
E002268,P000869,Selvam Subramanian,P000868,Satish Maurya,ASSOCIATE_OF,,2024-07-07,0.6,0.95,CHARGESHEET,1
E002269,P000869,Selvam Subramanian,P000854,Bikram Devi,ASSOCIATE_OF,,2024-11-21,0.61,0.82,BANK_STATEMENT,1
E002270,P000869,Selvam Subramanian,P000847,Yumnam Marak,ASSOCIATE_OF,,2023-12-12,0.68,0.78,CRIMINAL_HISTORY_DB,0
E002271,P000869,Selvam Subramanian,P000858,Randhir Nishad,ASSOCIATE_OF,,2020-06-04,0.71,0.79,IPDR,1
E002272,P000875,Yumnam Rabha,P000855,Alemba Momin,ASSOCIATE_OF,,2021-10-25,0.44,0.99,INTELLIGENCE_REPORT,0
E002273,P000875,Yumnam Rabha,P000862,Ngangbam Brahma,ASSOCIATE_OF,,2020-04-21,0.6,0.96,SURVEILLANCE_REPORT,0
E002274,P000875,Yumnam Rabha,P000847,Yumnam Marak,ASSOCIATE_OF,,2022-04-16,0.34,0.5,SURVEILLANCE_REPORT,1
E002275,P000857,Narsimha Vemula,P000862,Ngangbam Brahma,ASSOCIATE_OF,,2022-12-07,0.48,0.89,SOCIAL_MEDIA_INTEL,0
E002276,P000855,Alemba Momin,P000858,Randhir Nishad,ASSOCIATE_OF,,2019-10-08,0.59,0.6,CDR,0
E002277,P000855,Alemba Momin,P000846,Mahesh Shukla,ASSOCIATE_OF,,2025-03-08,0.43,0.89,IPDR,1
E002278,P000862,Ngangbam Brahma,P000854,Bikram Devi,ASSOCIATE_OF,,2026-04-01,0.37,0.82,INFORMANT_TIP,1
E002279,P000864,Rambabu Goud,P000846,Mahesh Shukla,ASSOCIATE_OF,,2020-03-23,0.69,0.53,SURVEILLANCE_REPORT,1
E002280,P000868,Satish Maurya,P000846,Mahesh Shukla,ASSOCIATE_OF,,2023-05-31,0.48,0.64,FIR,1
E002281,P000868,Satish Maurya,P000856,Bala Gounder,ASSOCIATE_OF,,2020-11-20,0.63,0.72,BANK_STATEMENT,1
E002282,P000854,Bikram Devi,P000846,Mahesh Shukla,ASSOCIATE_OF,,2020-09-03,0.49,0.86,INFORMANT_TIP,1
E002283,P000858,Randhir Nishad,P000880,Murugan Annadurai,ASSOCIATE_OF,,2018-11-13,0.46,0.53,CDR,0
E002284,P000867,Lekhraj Bhardwaj,P000873,Bikram Basumatary,REPORTS_TO,,2021-09-12,0.87,0.68,SURVEILLANCE_REPORT,0
E002285,P000873,Bikram Basumatary,P000867,Lekhraj Bhardwaj,RECRUITED_BY,,2020-11-23,0.81,0.78,CDR,0
E002286,P000874,Ramulu Nallamothu,P000873,Bikram Basumatary,REPORTS_TO,,2023-02-06,0.73,0.49,CHARGESHEET,0
E002287,P000851,Ilango Subramanian,P000873,Bikram Basumatary,REPORTS_TO,,2020-02-29,0.59,0.89,PASSPORT_IMMIGRATION,1
E002288,P000853,Rajesh Jaiswal,P000873,Bikram Basumatary,REPORTS_TO,,2021-11-10,0.89,0.95,BANK_STATEMENT,1
E002289,P000866,Chinnadurai Annadurai,P000873,Bikram Basumatary,REPORTS_TO,,2018-04-17,0.83,0.59,TOWER_DUMP,0
E002290,P000873,Bikram Basumatary,P000866,Chinnadurai Annadurai,HANDLER_OF,,2019-01-16,0.59,0.71,TOWER_DUMP,1
E002291,P000849,Bikram Sangma,P000873,Bikram Basumatary,REPORTS_TO,,2025-12-26,0.76,0.92,CHARGESHEET,0
E002292,P000850,Nagaraju Nallamothu,P000873,Bikram Basumatary,REPORTS_TO,,2025-01-18,0.63,0.89,INFORMANT_TIP,1
E002293,P000870,Mariappan Pandian,P000873,Bikram Basumatary,REPORTS_TO,,2025-09-28,0.78,0.71,BANK_STATEMENT,0
E002294,P000871,Temjen Momin,P000873,Bikram Basumatary,REPORTS_TO,,2018-11-16,0.58,0.91,SOCIAL_MEDIA_INTEL,0
E002295,P000879,Velu Annadurai,P000873,Bikram Basumatary,REPORTS_TO,,2025-09-21,0.83,0.88,TOWER_DUMP,0
E002296,P000872,Bikram Jamir,P000873,Bikram Basumatary,REPORTS_TO,,2022-01-06,0.57,0.55,IPDR,0
E002297,P000852,Mallesh Kumar,P000873,Bikram Basumatary,REPORTS_TO,,2022-11-29,0.76,0.47,SOCIAL_MEDIA_INTEL,0
E002298,P000876,Krishnaiah Goud,P000873,Bikram Basumatary,REPORTS_TO,,2021-03-19,0.75,0.58,INFORMANT_TIP,1
E002299,P000873,Bikram Basumatary,P000876,Krishnaiah Goud,HANDLER_OF,,2022-02-25,0.3,0.85,FIR,0
E002300,P000860,Chandra Shekar Choudary,P000873,Bikram Basumatary,REPORTS_TO,,2020-06-11,0.8,0.47,CDR,1
E002301,P000873,Bikram Basumatary,P000860,Chandra Shekar Choudary,RECRUITED_BY,,2025-06-25,0.25,0.93,FIR,0
E002302,P000865,Padma Yadav,P000873,Bikram Basumatary,REPORTS_TO,,2020-04-20,0.54,0.79,PASSPORT_IMMIGRATION,0
E002303,P000863,Lalthanga Momin,P000873,Bikram Basumatary,REPORTS_TO,,2025-05-02,0.54,0.48,SURVEILLANCE_REPORT,1
E002304,P000867,Lekhraj Bhardwaj,P000851,Ilango Subramanian,ASSOCIATE_OF,,2020-10-13,0.71,0.69,INFORMANT_TIP,0
E002305,P000867,Lekhraj Bhardwaj,P000872,Bikram Jamir,ASSOCIATE_OF,,2020-08-01,0.67,0.83,TOWER_DUMP,0
E002306,P000867,Lekhraj Bhardwaj,P000876,Krishnaiah Goud,ASSOCIATE_OF,,2021-03-17,0.58,0.85,INFORMANT_TIP,1
E002307,P000867,Lekhraj Bhardwaj,P000865,Padma Yadav,ASSOCIATE_OF,,2023-06-19,0.62,0.6,PASSPORT_IMMIGRATION,0
E002308,P000853,Rajesh Jaiswal,P000866,Chinnadurai Annadurai,ASSOCIATE_OF,,2020-03-16,0.52,0.96,FIR,0
E002309,P000853,Rajesh Jaiswal,P000879,Velu Annadurai,ASSOCIATE_OF,,2019-12-18,0.63,0.56,SURVEILLANCE_REPORT,0
E002310,P000853,Rajesh Jaiswal,P000872,Bikram Jamir,ASSOCIATE_OF,,2018-01-13,0.59,0.8,TOWER_DUMP,0
E002311,P000853,Rajesh Jaiswal,P000865,Padma Yadav,ASSOCIATE_OF,,2018-07-18,0.39,0.85,SOCIAL_MEDIA_INTEL,1
E002312,P000866,Chinnadurai Annadurai,P000879,Velu Annadurai,ASSOCIATE_OF,,2018-06-13,0.43,0.96,SOCIAL_MEDIA_INTEL,0
E002313,P000849,Bikram Sangma,P000879,Velu Annadurai,ASSOCIATE_OF,,2021-08-02,0.73,0.84,IPDR,1
E002314,P000849,Bikram Sangma,P000852,Mallesh Kumar,ASSOCIATE_OF,,2024-10-18,0.53,0.59,SEIZURE_MEMO,1
E002315,P000850,Nagaraju Nallamothu,P000876,Krishnaiah Goud,ASSOCIATE_OF,,2021-12-22,0.34,0.67,SURVEILLANCE_REPORT,1
E002316,P000872,Bikram Jamir,P000865,Padma Yadav,ASSOCIATE_OF,,2021-09-09,0.44,0.53,PASSPORT_IMMIGRATION,0
E002317,P000876,Krishnaiah Goud,P000860,Chandra Shekar Choudary,ASSOCIATE_OF,,2025-12-07,0.67,0.49,INTELLIGENCE_REPORT,1
E002318,P000871,Temjen Momin,P000870,Mariappan Pandian,CO_ACCUSED_WITH,,2024-12-03,0.92,0.45,CDR,1
E002319,P000850,Nagaraju Nallamothu,P000877,Palanisamy Annadurai,CO_ACCUSED_WITH,,2021-01-25,0.27,0.5,IPDR,0
E002320,P000866,Chinnadurai Annadurai,P000847,Yumnam Marak,ASSOCIATE_OF,,2025-08-01,0.99,0.68,CDR,1
E002321,P000848,Nagaraju Gupta,P000846,Mahesh Shukla,FAMILY_OF,Spouse,2021-10-22,0.9,0.95,CRIMINAL_HISTORY_DB,1
E002322,P000343,Hardik Zala,P000859,Thangaraj Naicker,ASSOCIATE_OF,Inter-syndicate accommodation,2026-04-08,0.68,0.66,INTELLIGENCE_REPORT,0
E002323,P000859,Thangaraj Naicker,P000695,Basanta Mallick,ASSOCIATE_OF,Inter-syndicate accommodation,2023-10-30,0.81,0.48,INTELLIGENCE_REPORT,0
E002324,P000695,Basanta Mallick,P000556,Zubair Saifi,ASSOCIATE_OF,Inter-syndicate accommodation,2021-05-20,0.79,0.61,INTELLIGENCE_REPORT,0
E002325,P000556,Zubair Saifi,P000464,Vinod Rajput,ASSOCIATE_OF,Inter-syndicate accommodation,2022-03-31,0.81,0.58,INTELLIGENCE_REPORT,0
E002326,P000464,Vinod Rajput,P000288,Gautam Ghosh,ASSOCIATE_OF,Inter-syndicate accommodation,2025-10-15,0.62,0.64,INTELLIGENCE_REPORT,0
E002327,P000181,Satish Rajput,P000397,Selvam Gounder,ASSOCIATE_OF,Inter-syndicate accommodation,2019-01-10,0.86,0.49,INTELLIGENCE_REPORT,0
E002328,P000397,Selvam Gounder,P000737,Sachin Patil,ASSOCIATE_OF,Inter-syndicate accommodation,2018-02-21,0.72,0.67,INTELLIGENCE_REPORT,0
E002329,P000737,Sachin Patil,P000625,Perumal Sundaram,ASSOCIATE_OF,Inter-syndicate accommodation,2018-10-18,0.63,0.55,INTELLIGENCE_REPORT,0
E002330,P000625,Perumal Sundaram,P000497,Prakash Thakur,ASSOCIATE_OF,Inter-syndicate accommodation,2023-01-03,0.71,0.55,INTELLIGENCE_REPORT,0
E002331,P000497,Prakash Thakur,P000140,Bhanwari Jat,ASSOCIATE_OF,Inter-syndicate accommodation,2022-02-08,0.56,0.45,INTELLIGENCE_REPORT,0
E002332,P000140,Bhanwari Jat,P000610,Nirmal Bose,ASSOCIATE_OF,Inter-syndicate accommodation,2021-05-08,0.7,0.7,INTELLIGENCE_REPORT,0
E002333,P000610,Nirmal Bose,P000830,Harpreet Sandhu,ASSOCIATE_OF,Inter-syndicate accommodation,2018-06-08,0.86,0.58,INTELLIGENCE_REPORT,0
E002334,P000830,Harpreet Sandhu,P000035,Sachin Bhosale,ASSOCIATE_OF,Inter-syndicate accommodation,2022-12-30,0.87,0.61,INTELLIGENCE_REPORT,0
E002335,P000035,Sachin Bhosale,P000797,Imran Ahmed,ASSOCIATE_OF,Inter-syndicate accommodation,2024-03-17,0.59,0.59,INTELLIGENCE_REPORT,0
E002336,P000797,Imran Ahmed,P000343,Hardik Zala,ASSOCIATE_OF,Inter-syndicate accommodation,2024-03-07,0.84,0.56,INTELLIGENCE_REPORT,0
E002337,P000140,Bhanwari Jat,P000464,Vinod Rajput,ASSOCIATE_OF,Inter-syndicate accommodation,2020-12-15,0.53,0.55,INTELLIGENCE_REPORT,0
E002338,P000140,Bhanwari Jat,P000343,Hardik Zala,ASSOCIATE_OF,Inter-syndicate accommodation,2022-09-02,0.83,0.55,INTELLIGENCE_REPORT,0
E002339,P000859,Thangaraj Naicker,P000610,Nirmal Bose,ASSOCIATE_OF,Inter-syndicate accommodation,2024-04-02,0.59,0.55,INTELLIGENCE_REPORT,0
E002340,P000497,Prakash Thakur,P000343,Hardik Zala,ASSOCIATE_OF,Inter-syndicate accommodation,2021-08-27,0.67,0.55,INTELLIGENCE_REPORT,0
E002341,P000859,Thangaraj Naicker,P000830,Harpreet Sandhu,ASSOCIATE_OF,Inter-syndicate accommodation,2023-11-04,0.68,0.55,INTELLIGENCE_REPORT,0
E002342,P000343,Hardik Zala,P000288,Gautam Ghosh,ASSOCIATE_OF,Inter-syndicate accommodation,2023-06-10,0.75,0.55,INTELLIGENCE_REPORT,0
E002343,P000625,Perumal Sundaram,P000181,Satish Rajput,ASSOCIATE_OF,Inter-syndicate accommodation,2024-04-27,0.65,0.55,INTELLIGENCE_REPORT,0
E002344,P000556,Zubair Saifi,P000081,Sandip Salunkhe,ASSOCIATE_OF,Inter-syndicate accommodation,2025-08-11,0.77,0.55,INTELLIGENCE_REPORT,0
E002345,P000587,Shabana Ahmed,P000472,Manoj Kashyap,RIVAL_OF,,2025-12-03,0.52,0.94,INTELLIGENCE_REPORT,1
E002346,P000618,Basanta Behera,P000551,Abdul Idrisi,RIVAL_OF,,2021-12-18,0.97,0.69,INTELLIGENCE_REPORT,0
E002347,P000561,Nirmal Gill,P000226,Debashish Roy,RIVAL_OF,,2021-01-28,0.64,0.86,INTELLIGENCE_REPORT,0
E002348,P000095,Satnam Bains,P000680,Prakash Dubey,RIVAL_OF,,2019-06-16,0.62,0.67,INTELLIGENCE_REPORT,0
E002349,P000730,Arif Mansuri,P000191,Firoz Sheikh,RIVAL_OF,,2024-05-22,0.53,0.66,INTELLIGENCE_REPORT,1
E002350,P000729,Vinod Bhadauria,P000221,Triloki Solanki,RIVAL_OF,,2022-11-10,0.82,0.95,INTELLIGENCE_REPORT,0
E002351,P000318,Sarfaraz Shaikh,P000843,Ranveer Kumawat,RIVAL_OF,,2026-06-12,0.95,0.94,INTELLIGENCE_REPORT,0
E002352,P000321,Vipul Chauhan,P000486,Tanveer Khan,RIVAL_OF,,2024-03-18,0.67,0.81,INTELLIGENCE_REPORT,1
E002353,P000834,Jasbir Brar,P000290,Alpesh Shah,RIVAL_OF,,2019-02-06,0.79,0.96,INTELLIGENCE_REPORT,1
E002354,P000277,Rupa Naskar,P000764,Om Prakash Maurya,RIVAL_OF,,2025-06-18,0.61,0.77,INTELLIGENCE_REPORT,1
E002355,P000820,Kulwant Toor,P000364,Jitendra Prajapati,RIVAL_OF,,2022-10-01,0.81,0.84,INTELLIGENCE_REPORT,0
E002356,P000489,Jitendra Mishra,P000555,Dinesh Gupta,RIVAL_OF,,2024-09-13,0.61,0.88,INTELLIGENCE_REPORT,1
E002357,P000623,Saravanan Pillai,P000039,Sagar Rane,RIVAL_OF,,2026-02-24,0.85,0.59,INTELLIGENCE_REPORT,0
E002358,P000849,Bikram Sangma,P000016,Hardik Barot,RIVAL_OF,,2018-06-13,0.81,0.93,INTELLIGENCE_REPORT,1
E002359,P000052,Vishal Jadhav,P000499,Chandrabhan Pandey,RIVAL_OF,,2026-06-23,0.99,0.82,INTELLIGENCE_REPORT,1
E002360,P000763,Randhir Tiwari,P000362,Suresh Jaiswal,RIVAL_OF,,2018-05-04,0.72,0.49,INTELLIGENCE_REPORT,0
E002361,P000502,Ramesh Nagar,P000860,Chandra Shekar Choudary,RIVAL_OF,,2023-05-30,0.64,0.59,INTELLIGENCE_REPORT,0
E002362,P000676,Kartik Sardar,P000665,Pramila Dash,RIVAL_OF,,2024-07-02,0.78,0.57,INTELLIGENCE_REPORT,0
E002363,P000810,Kishan Choudhary,P000696,Jagabandhu Sahoo,RIVAL_OF,,2025-01-03,0.88,0.55,INTELLIGENCE_REPORT,0
E002364,P000819,Bhanwar Meena,P000762,Nilesh Shinde,RIVAL_OF,,2023-12-25,0.69,0.79,INTELLIGENCE_REPORT,0
E002365,P000844,Gurpreet Toor,P000868,Satish Maurya,RIVAL_OF,,2020-11-16,0.95,0.89,INTELLIGENCE_REPORT,1
E002366,P000725,Altaf Khan,P000858,Randhir Nishad,RIVAL_OF,,2025-09-06,0.75,0.67,INTELLIGENCE_REPORT,0
E002367,P000699,Prasanna Jena,P000521,Vijay Bhadauria,RIVAL_OF,,2025-10-30,0.5,0.6,INTELLIGENCE_REPORT,1
E002368,P000812,Udaiveer Baghel,P000559,Tarsem Singh,RIVAL_OF,,2021-08-15,0.66,0.75,INTELLIGENCE_REPORT,1
E002369,P000906,Palanisamy Gounder,P000930,Yallappa Acharya,CO_ACCUSED_WITH,,2022-08-23,0.33,0.61,IPDR,1
E002370,P000931,Jagdish Sengar,P000977,Rahul More,CO_ACCUSED_WITH,,2024-08-26,0.57,0.9,INTELLIGENCE_REPORT,1
E002371,P000964,Kiran Waghmare,P000967,Jagmal Saini,CO_ACCUSED_WITH,,2026-02-28,0.88,0.8,TOWER_DUMP,1
E002372,P000964,Kiran Waghmare,P000968,Ganesh Pawar,CO_ACCUSED_WITH,,2022-10-09,0.29,0.82,TOWER_DUMP,0
E002373,P000964,Kiran Waghmare,P000953,Bibhuti Behera,CO_ACCUSED_WITH,,2020-10-22,0.76,0.85,SURVEILLANCE_REPORT,1
E002374,P000967,Jagmal Saini,P000968,Ganesh Pawar,CO_ACCUSED_WITH,,2018-10-31,0.43,0.48,IPDR,0
E002375,P000968,Ganesh Pawar,P000953,Bibhuti Behera,CO_ACCUSED_WITH,,2024-11-06,0.35,0.71,INFORMANT_TIP,1
E002376,P000960,Sushila Jat,P000942,Rambabu Yadav,CO_ACCUSED_WITH,,2021-08-15,0.36,0.94,SURVEILLANCE_REPORT,0
E002377,P000960,Sushila Jat,P000925,Sachin Naik,CO_ACCUSED_WITH,,2023-12-20,0.66,0.86,INTELLIGENCE_REPORT,0
E002378,P000990,Ravi Naik,P000942,Rambabu Yadav,CO_ACCUSED_WITH,,2024-06-17,0.44,0.51,CRIMINAL_HISTORY_DB,0
E002379,P000938,Shanti Tomar,P000982,Nirmal Sarkar,CO_ACCUSED_WITH,,2020-12-07,0.57,0.81,TOWER_DUMP,1
E002380,P000893,Imran Qureshi,P000924,Aarti Waghmare,CO_ACCUSED_WITH,,2026-01-13,0.77,0.88,BANK_STATEMENT,1
E002381,P000893,Imran Qureshi,P000948,Xavier Almeida,CO_ACCUSED_WITH,,2022-09-17,0.77,0.77,CRIMINAL_HISTORY_DB,0
E002382,P000924,Aarti Waghmare,P000936,Rajesh Awasthi,CO_ACCUSED_WITH,,2021-07-31,0.95,0.63,BANK_STATEMENT,0
E002383,P000924,Aarti Waghmare,P000948,Xavier Almeida,CO_ACCUSED_WITH,,2022-10-14,0.69,0.8,BANK_STATEMENT,1
E002384,P000941,Bhagaban Mallick,P000913,Sandip Bhoir,CO_ACCUSED_WITH,,2018-04-07,0.62,0.48,PASSPORT_IMMIGRATION,1
E002385,P000941,Bhagaban Mallick,P000979,Zubair Khan,CO_ACCUSED_WITH,,2024-04-18,0.79,0.63,INTELLIGENCE_REPORT,0
E002386,P000941,Bhagaban Mallick,P000981,Ibrahim Shaikh,CO_ACCUSED_WITH,,2021-01-24,0.85,0.75,TOWER_DUMP,0
E002387,P000913,Sandip Bhoir,P000979,Zubair Khan,CO_ACCUSED_WITH,,2019-01-07,0.31,0.89,FIR,1
E002388,P000969,Aslam Ansari,P000983,Rodney Fernandes,CO_ACCUSED_WITH,,2020-11-07,0.34,0.57,CHARGESHEET,0
E002389,P000969,Aslam Ansari,P000992,Murugan Annadurai,CO_ACCUSED_WITH,,2021-07-20,0.98,0.72,INTELLIGENCE_REPORT,1
E002390,P000969,Aslam Ansari,P000926,Mariappan Annadurai,CO_ACCUSED_WITH,,2025-09-01,0.99,0.55,INFORMANT_TIP,1
E002391,P000983,Rodney Fernandes,P000926,Mariappan Annadurai,CO_ACCUSED_WITH,,2022-09-10,0.88,0.99,CRIMINAL_HISTORY_DB,0
E002392,P000969,Aslam Ansari,P000725,Altaf Khan,SUPPLIES_TO,,2018-11-30,0.77,0.5,SURVEILLANCE_REPORT,0
E002393,P000955,Balaraju Nallamothu,P000974,Netrapal Tiwari,CO_ACCUSED_WITH,,2020-09-04,0.85,0.84,FIR,1
E002394,P000955,Balaraju Nallamothu,P000939,Chandru Shetty,CO_ACCUSED_WITH,,2023-10-07,0.68,0.79,FIR,1
E002395,P000955,Balaraju Nallamothu,P000907,Ashim Gayen,CO_ACCUSED_WITH,,2024-01-20,0.73,0.85,INTELLIGENCE_REPORT,1
E002396,P000974,Netrapal Tiwari,P000939,Chandru Shetty,CO_ACCUSED_WITH,,2023-07-19,0.38,0.65,SOCIAL_MEDIA_INTEL,1
E002397,P000939,Chandru Shetty,P000907,Ashim Gayen,CO_ACCUSED_WITH,,2023-04-24,0.27,0.61,FIR,1
E002398,P000916,Anil Gupta,P000963,Sandip Bhoir,CO_ACCUSED_WITH,,2024-08-17,0.49,0.93,INFORMANT_TIP,1
E002399,P000916,Anil Gupta,P000884,Wasim Mansuri,CO_ACCUSED_WITH,,2023-07-13,0.47,0.86,BANK_STATEMENT,1
E002400,P000898,Ashok Kashyap,P000884,Wasim Mansuri,CO_ACCUSED_WITH,,2019-09-16,0.33,0.5,SEIZURE_MEMO,0
E002401,P000963,Sandip Bhoir,P000884,Wasim Mansuri,CO_ACCUSED_WITH,,2024-07-04,0.74,0.65,PASSPORT_IMMIGRATION,1
E002402,P000917,Gurpreet Mann,P000991,Nathu Beniwal,CO_ACCUSED_WITH,,2020-09-11,0.55,0.9,BANK_STATEMENT,1
E002403,P000917,Gurpreet Mann,P000922,Jignesh Parmar,CO_ACCUSED_WITH,,2020-11-24,0.62,0.63,BANK_STATEMENT,1
E002404,P000991,Nathu Beniwal,P000932,Chandrabhan Baghel,CO_ACCUSED_WITH,,2024-09-29,0.3,0.65,BANK_STATEMENT,1
E002405,P000932,Chandrabhan Baghel,P000922,Jignesh Parmar,CO_ACCUSED_WITH,,2021-10-17,0.4,0.75,FIR,1
E002406,P000961,Rambabu Tomar,P000903,Lekhraj Srivastava,CO_ACCUSED_WITH,,2020-10-31,0.42,0.57,SOCIAL_MEDIA_INTEL,1
E002407,P000903,Lekhraj Srivastava,P000962,Divyesh Bhatt,CO_ACCUSED_WITH,,2018-10-06,0.21,0.64,TOWER_DUMP,0
E002408,P000961,Rambabu Tomar,P000338,Bharat Rabari,SUPPLIES_TO,,2026-01-31,0.3,0.5,CRIMINAL_HISTORY_DB,0
E002409,P000908,Harpreet Sidhu,P000943,Ashfaq Farooqui,CO_ACCUSED_WITH,,2019-12-20,0.78,0.48,CRIMINAL_HISTORY_DB,1
E002410,P000908,Harpreet Sidhu,P000911,Pradeep Maurya,CO_ACCUSED_WITH,,2019-07-30,0.37,0.48,CHARGESHEET,1
E002411,P000908,Harpreet Sidhu,P000952,Paresh Shah,CO_ACCUSED_WITH,,2024-03-04,0.45,0.79,SURVEILLANCE_REPORT,0
E002412,P000943,Ashfaq Farooqui,P000911,Pradeep Maurya,CO_ACCUSED_WITH,,2023-01-07,0.52,0.97,CDR,0
E002413,P000943,Ashfaq Farooqui,P000952,Paresh Shah,CO_ACCUSED_WITH,,2023-11-21,0.49,0.48,SEIZURE_MEMO,1
E002414,P000951,Nathu Ranawat,P000976,Snehal Bhosale,CO_ACCUSED_WITH,,2026-03-20,0.88,0.52,SOCIAL_MEDIA_INTEL,1
E002415,P000951,Nathu Ranawat,P000887,Anoop Kartha,CO_ACCUSED_WITH,,2023-09-21,0.25,0.88,BANK_STATEMENT,0
E002416,P000976,Snehal Bhosale,P000897,Pramod Baghel,CO_ACCUSED_WITH,,2025-12-15,0.71,0.66,CHARGESHEET,0
E002417,P000887,Anoop Kartha,P000897,Pramod Baghel,CO_ACCUSED_WITH,,2022-05-01,0.82,0.76,FIR,0
E002418,P000928,Vijay Sengar,P000921,Reshma Rahman,CO_ACCUSED_WITH,,2018-09-08,0.23,0.49,TOWER_DUMP,1
E002419,P000928,Vijay Sengar,P000905,Amarjit Kang,CO_ACCUSED_WITH,,2018-06-16,0.44,0.6,FIR,1
E002420,P000966,Sarita Tiwari,P000921,Reshma Rahman,CO_ACCUSED_WITH,,2018-01-27,0.57,0.85,SOCIAL_MEDIA_INTEL,1
E002421,P000966,Sarita Tiwari,P000905,Amarjit Kang,CO_ACCUSED_WITH,,2026-01-08,0.23,0.77,CHARGESHEET,0
E002422,P000921,Reshma Rahman,P000905,Amarjit Kang,CO_ACCUSED_WITH,,2022-04-21,0.78,0.77,PASSPORT_IMMIGRATION,1
E002423,P000984,Manju Awasthi,P000989,Basanta Patra,CO_ACCUSED_WITH,,2019-08-04,0.75,0.47,FIR,1
E002424,P000984,Manju Awasthi,P000996,Udaiveer Thakur,CO_ACCUSED_WITH,,2023-09-06,0.62,0.75,SEIZURE_MEMO,1
E002425,P000989,Basanta Patra,P000996,Udaiveer Thakur,CO_ACCUSED_WITH,,2020-05-12,0.92,0.89,INTELLIGENCE_REPORT,0
E002426,P000902,Manjunath Desai,P000032,Rasik Joshi,SUPPLIES_TO,,2019-06-15,0.24,0.5,PASSPORT_IMMIGRATION,0
E002427,P000882,Lekhraj Baghel,P001000,Bhagya Angadi,CO_ACCUSED_WITH,,2022-07-17,0.28,0.71,BANK_STATEMENT,1
E002428,P000882,Lekhraj Baghel,P000918,Deepak Awasthi,CO_ACCUSED_WITH,,2026-04-24,0.42,0.93,SURVEILLANCE_REPORT,1
E002429,P000882,Lekhraj Baghel,P000949,Sudha Singh,CO_ACCUSED_WITH,,2020-04-15,0.68,0.73,TOWER_DUMP,0
E002430,P001000,Bhagya Angadi,P000918,Deepak Awasthi,CO_ACCUSED_WITH,,2021-05-10,0.45,0.5,CHARGESHEET,0
E002431,P001000,Bhagya Angadi,P000949,Sudha Singh,CO_ACCUSED_WITH,,2025-06-09,0.25,0.92,SURVEILLANCE_REPORT,1
E002432,P000918,Deepak Awasthi,P000949,Sudha Singh,CO_ACCUSED_WITH,,2025-02-11,0.93,0.7,BANK_STATEMENT,0
E002433,P000882,Lekhraj Baghel,P000457,Naseer Malik,SUPPLIES_TO,,2025-06-07,0.51,0.5,IPDR,0
E002434,P000896,Aslam Khan,P000944,Siddaraju Patil,CO_ACCUSED_WITH,,2024-02-21,0.66,0.77,INFORMANT_TIP,1
E002435,P000896,Aslam Khan,P000892,Rakesh Solanki,CO_ACCUSED_WITH,,2019-08-18,0.56,0.94,PASSPORT_IMMIGRATION,0
E002436,P000896,Aslam Khan,P000997,Pradip Majumdar,CO_ACCUSED_WITH,,2025-10-05,0.92,0.85,INTELLIGENCE_REPORT,1
E002437,P000892,Rakesh Solanki,P000997,Pradip Majumdar,CO_ACCUSED_WITH,,2021-08-01,0.37,0.54,INFORMANT_TIP,1
E002438,P000985,Arindam Chakraborty,P000958,Bhupendra Srivastava,CO_ACCUSED_WITH,,2026-02-03,0.42,0.59,SOCIAL_MEDIA_INTEL,0
E002439,P000985,Arindam Chakraborty,P000937,Vipul Rabari,CO_ACCUSED_WITH,,2024-06-26,0.73,0.7,SEIZURE_MEMO,1
E002440,P000985,Arindam Chakraborty,P000950,Nirmal Sardar,CO_ACCUSED_WITH,,2019-11-30,0.2,0.46,PASSPORT_IMMIGRATION,1
E002441,P000958,Bhupendra Srivastava,P000937,Vipul Rabari,CO_ACCUSED_WITH,,2020-02-02,0.25,0.87,IPDR,1
E002442,P000958,Bhupendra Srivastava,P000950,Nirmal Sardar,CO_ACCUSED_WITH,,2024-03-12,0.62,0.52,BANK_STATEMENT,1
E002443,P000881,Rajitha Naidu,P000891,Hariom Nishad,CO_ACCUSED_WITH,,2022-09-26,0.48,0.67,SEIZURE_MEMO,1
E002444,P000881,Rajitha Naidu,P000910,Ranjan Sardar,CO_ACCUSED_WITH,,2022-09-25,0.25,0.55,SURVEILLANCE_REPORT,1
E002445,P000881,Rajitha Naidu,P000994,Jasbir Virk,CO_ACCUSED_WITH,,2019-02-10,0.55,0.84,IPDR,1
E002446,P000891,Hariom Nishad,P000910,Ranjan Sardar,CO_ACCUSED_WITH,,2021-01-20,0.65,0.46,SURVEILLANCE_REPORT,1
E002447,P000891,Hariom Nishad,P000994,Jasbir Virk,CO_ACCUSED_WITH,,2026-05-05,0.55,0.63,TOWER_DUMP,1
E002448,P000910,Ranjan Sardar,P000994,Jasbir Virk,CO_ACCUSED_WITH,,2022-11-11,0.78,0.5,SOCIAL_MEDIA_INTEL,0
E002449,P000881,Rajitha Naidu,P000305,Manoj Chauhan,SUPPLIES_TO,,2021-11-11,0.72,0.5,IPDR,0
E002450,P000912,Ajay Jaiswal,P000901,Yogesh Rane,CO_ACCUSED_WITH,,2025-04-23,0.52,0.97,CHARGESHEET,0
E002451,P000912,Ajay Jaiswal,P000888,Balwinder Dhaliwal,CO_ACCUSED_WITH,,2026-05-28,0.76,0.94,SOCIAL_MEDIA_INTEL,0
E002452,P000912,Ajay Jaiswal,P000975,Rajwinder Sidhu,CO_ACCUSED_WITH,,2026-04-02,0.35,0.46,SOCIAL_MEDIA_INTEL,1
E002453,P000888,Balwinder Dhaliwal,P000975,Rajwinder Sidhu,CO_ACCUSED_WITH,,2023-01-22,0.41,0.66,SOCIAL_MEDIA_INTEL,1
E002454,P000919,Sreenivasan Achari,P000933,Sajid Zaidi,CO_ACCUSED_WITH,,2018-06-18,0.32,0.85,CRIMINAL_HISTORY_DB,1
E002455,P000919,Sreenivasan Achari,P000999,Satish Rathore,CO_ACCUSED_WITH,,2026-03-30,0.28,0.9,CDR,0
E002456,P000933,Sajid Zaidi,P000999,Satish Rathore,CO_ACCUSED_WITH,,2026-01-26,0.51,0.87,INFORMANT_TIP,1
E002457,P000935,Bhanwar Charan,P000999,Satish Rathore,CO_ACCUSED_WITH,,2023-07-12,0.98,0.85,INTELLIGENCE_REPORT,1
E002458,P000909,Balwinder Sidhu,P000886,Rachhpal Grewal,CO_ACCUSED_WITH,,2021-10-13,0.23,0.96,PASSPORT_IMMIGRATION,0
E002459,P000886,Rachhpal Grewal,P000883,Ravi Poojary,CO_ACCUSED_WITH,,2021-07-02,0.27,0.91,CRIMINAL_HISTORY_DB,1
E002460,P000993,Gurpreet Dhillon,P000904,Bhagaban Patra,CO_ACCUSED_WITH,,2025-09-13,0.41,0.58,FIR,1
E002461,P000993,Gurpreet Dhillon,P000959,Mitesh Rabari,CO_ACCUSED_WITH,,2019-04-03,0.6,0.78,CDR,1
E002462,P000993,Gurpreet Dhillon,P000946,Rajni Awasthi,CO_ACCUSED_WITH,,2025-10-30,0.87,0.78,CDR,1
E002463,P000904,Bhagaban Patra,P000959,Mitesh Rabari,CO_ACCUSED_WITH,,2018-10-02,0.46,0.91,SOCIAL_MEDIA_INTEL,1
E002464,P000993,Gurpreet Dhillon,P000305,Manoj Chauhan,SUPPLIES_TO,,2024-02-18,0.89,0.5,BANK_STATEMENT,0
E002465,P000914,Shivanna Angadi,P000987,Karni Gurjar,CO_ACCUSED_WITH,,2021-06-02,0.24,0.95,CRIMINAL_HISTORY_DB,1
E002466,P000914,Shivanna Angadi,P000851,Ilango Subramanian,SUPPLIES_TO,,2022-04-02,0.63,0.5,SOCIAL_MEDIA_INTEL,0
E002467,P000986,Venkatesh Setty,P000973,Shabana Pathan,CO_ACCUSED_WITH,,2020-07-01,0.53,0.9,CHARGESHEET,1
E002468,P000986,Venkatesh Setty,P000957,Harjinder Sekhon,CO_ACCUSED_WITH,,2024-12-28,0.64,0.67,INTELLIGENCE_REPORT,0
E002469,P000894,Aslam Baig,P000957,Harjinder Sekhon,CO_ACCUSED_WITH,,2023-11-27,0.3,0.49,IPDR,1
E002470,P000986,Venkatesh Setty,P000183,Ranjan Mondal,SUPPLIES_TO,,2020-02-21,0.27,0.5,SURVEILLANCE_REPORT,0
E002471,P000929,Nitin Patil,P000956,Bhaskar Kadam,CO_ACCUSED_WITH,,2018-11-16,0.85,0.66,PASSPORT_IMMIGRATION,1
E002472,P000929,Nitin Patil,P000954,Rekha Sengar,CO_ACCUSED_WITH,,2025-09-09,0.8,0.63,PASSPORT_IMMIGRATION,0
E002473,P000956,Bhaskar Kadam,P000954,Rekha Sengar,CO_ACCUSED_WITH,,2025-11-17,0.93,0.56,TOWER_DUMP,0
E002474,P000954,Rekha Sengar,P000988,Bikramjit Sandhu,CO_ACCUSED_WITH,,2024-06-25,0.2,0.69,INFORMANT_TIP,0
E002475,P000995,Dinesh Yadav,P000899,Pradeep Pandey,CO_ACCUSED_WITH,,2018-03-30,0.41,0.95,CDR,0
E002476,P000995,Dinesh Yadav,P000978,Kuldeep Thakur,CO_ACCUSED_WITH,,2021-11-29,0.42,0.79,CDR,0
E002477,P000899,Pradeep Pandey,P000978,Kuldeep Thakur,CO_ACCUSED_WITH,,2021-03-29,0.7,0.75,INTELLIGENCE_REPORT,1
E002478,P000899,Pradeep Pandey,P000965,Nabam Konyak,CO_ACCUSED_WITH,,2018-12-01,0.81,0.6,PASSPORT_IMMIGRATION,0
E002479,P000978,Kuldeep Thakur,P000965,Nabam Konyak,CO_ACCUSED_WITH,,2024-02-29,0.74,0.86,INFORMANT_TIP,0
E002480,P000995,Dinesh Yadav,P000160,Rachhpal Singh,SUPPLIES_TO,,2018-02-21,0.76,0.5,TOWER_DUMP,0
E002481,P000900,Sagar Bhosale,P000915,Ibrahim Qureshi,CO_ACCUSED_WITH,,2025-06-30,0.74,0.99,SEIZURE_MEMO,1
E002482,P000900,Sagar Bhosale,P000947,Ratheesh Kurup,CO_ACCUSED_WITH,,2022-07-06,0.83,0.97,BANK_STATEMENT,1
E002483,P000900,Sagar Bhosale,P000890,Vishal Bhosale,CO_ACCUSED_WITH,,2025-07-30,0.69,0.46,BANK_STATEMENT,0
E002484,P000915,Ibrahim Qureshi,P000947,Ratheesh Kurup,CO_ACCUSED_WITH,,2025-11-19,0.51,0.91,SURVEILLANCE_REPORT,0
E002485,P000947,Ratheesh Kurup,P000890,Vishal Bhosale,CO_ACCUSED_WITH,,2026-05-12,0.43,0.88,CHARGESHEET,1
E002486,P000885,Nepal Halder,P000970,Ashfaq Saifi,CO_ACCUSED_WITH,,2022-12-26,0.39,0.56,INFORMANT_TIP,1
E002487,P000885,Nepal Halder,P000980,Manikandan Subramanian,CO_ACCUSED_WITH,,2025-01-10,0.68,0.47,CDR,0
E002488,P000970,Ashfaq Saifi,P000980,Manikandan Subramanian,CO_ACCUSED_WITH,,2021-07-09,0.84,0.98,CRIMINAL_HISTORY_DB,0
E002489,P000940,Mitesh Solanki,P000980,Manikandan Subramanian,CO_ACCUSED_WITH,,2019-06-15,0.78,0.7,SOCIAL_MEDIA_INTEL,1
E002490,P000895,Palash Ghosh,P000971,Bimal Adhikari,CO_ACCUSED_WITH,,2020-01-03,0.27,0.77,CDR,0
E002491,P000998,Kalpesh Prajapati,P000971,Bimal Adhikari,CO_ACCUSED_WITH,,2019-11-09,0.77,0.86,INFORMANT_TIP,1
E002492,P000368,Dinesh Rathore,P000854,Bikram Devi,FINANCES,,2019-07-14,0.67,0.58,INTELLIGENCE_REPORT,0
E002493,P000312,Anoop Kurup,P000229,Abdul Sheikh,ASSOCIATE_OF,,2023-01-04,0.66,0.76,INTELLIGENCE_REPORT,0
E002494,P000312,Anoop Kurup,P000268,Deepak Sengar,FINANCES,,2026-02-24,0.64,0.52,CDR,0
E002495,P000312,Anoop Kurup,P000190,Iqbal Khan,SUPPLIES_TO,,2023-12-03,0.62,0.53,CDR,1
E002496,P000245,Kartik Adhikari,P000112,Rafiq Ansari,SUPPLIES_TO,,2020-07-06,0.7,0.62,INTELLIGENCE_REPORT,1
E002497,P000245,Kartik Adhikari,P000833,Sukhdev Singh,ASSOCIATE_OF,,2020-04-25,0.64,0.57,INTELLIGENCE_REPORT,1
E002498,P000245,Kartik Adhikari,P000820,Kulwant Toor,ASSOCIATE_OF,,2025-02-20,0.69,0.58,INTELLIGENCE_REPORT,0
E002499,P000838,Chandrabhan Bhadauria,P000436,Shahnawaz Mirza,FINANCES,,2024-06-24,0.49,0.64,CDR,1
E002500,P000838,Chandrabhan Bhadauria,P000418,Gopal Naskar,FINANCES,,2022-10-07,0.6,0.84,CDR,1
E002501,P000838,Chandrabhan Bhadauria,P000432,Mohammed Pathan,ASSOCIATE_OF,,2025-03-20,0.46,0.84,CDR,0
E002502,P000834,Jasbir Brar,P000320,Anoop Mathew,SUPPLIES_TO,,2019-02-20,0.63,0.52,CDR,0
E002503,P000834,Jasbir Brar,P000318,Sarfaraz Shaikh,FINANCES,,2020-08-24,0.52,0.6,CDR,1
E002504,P000834,Jasbir Brar,P000351,Shakeel Mirza,SUPPLIES_TO,,2023-07-27,0.67,0.65,CDR,0
E002505,P000563,Malkiat Bains,P000689,Jagdish Verma,ASSOCIATE_OF,,2018-05-28,0.62,0.75,INTELLIGENCE_REPORT,0
E002506,P000563,Malkiat Bains,P000707,Akshaya Sahoo,FINANCES,,2023-04-20,0.58,0.57,BANK_STATEMENT,1
E002507,P000354,Shailendra Baghel,P000498,Chandrabhan Srivastava,ASSOCIATE_OF,,2020-10-19,0.57,0.78,CDR,0
E002508,P000354,Shailendra Baghel,P000591,Anup Roy,SUPPLIES_TO,,2019-09-03,0.57,0.56,CDR,0
E002509,P000354,Shailendra Baghel,P000579,Shanti Kushwaha,FINANCES,,2021-12-15,0.59,0.77,INTELLIGENCE_REPORT,1
E002510,P000354,Shailendra Baghel,P000874,Ramulu Nallamothu,SUPPLIES_TO,,2023-05-02,0.57,0.83,BANK_STATEMENT,1
E002511,P000354,Shailendra Baghel,P000866,Chinnadurai Annadurai,FINANCES,,2018-03-21,0.67,0.66,BANK_STATEMENT,0
E002512,P000614,Rajendran Muthusamy,P000430,Kartik Halder,FINANCES,,2020-05-01,0.62,0.57,CDR,0
E002513,P000356,Sudha Kushwaha,P000722,Ashwin Shah,SUPPLIES_TO,,2018-09-04,0.67,0.6,INTELLIGENCE_REPORT,0
E002514,P000356,Sudha Kushwaha,P000405,Om Prakash Chauhan,SUPPLIES_TO,,2020-03-12,0.68,0.74,INTELLIGENCE_REPORT,0
E002515,P000356,Sudha Kushwaha,P000366,Har Prasad Yadav,SUPPLIES_TO,,2021-12-13,0.46,0.85,BANK_STATEMENT,1
E002516,P000356,Sudha Kushwaha,P000372,Rajendran Pillai,FINANCES,,2021-12-18,0.76,0.69,BANK_STATEMENT,0
E002517,P000356,Sudha Kushwaha,P000564,Wasim Khan,ASSOCIATE_OF,,2020-10-20,0.8,0.7,CDR,0
E002518,P000593,Ashim Pal,P000785,Girdhari Saini,FINANCES,,2022-02-05,0.84,0.54,INTELLIGENCE_REPORT,0
E002519,P000593,Ashim Pal,P000295,Imran Saifi,FINANCES,,2020-05-28,0.56,0.78,BANK_STATEMENT,1
E002520,P000593,Ashim Pal,P000343,Hardik Zala,SUPPLIES_TO,,2021-02-11,0.69,0.51,CDR,0
E002521,P000593,Ashim Pal,P000417,Yogendra Tomar,ASSOCIATE_OF,,2026-05-24,0.67,0.68,INTELLIGENCE_REPORT,1
E002522,P000593,Ashim Pal,P000435,Naseer Zaidi,ASSOCIATE_OF,,2024-04-24,0.78,0.78,INTELLIGENCE_REPORT,1
E002523,P000511,Rafiq Zaidi,P000778,Shakeel Malik,ASSOCIATE_OF,,2020-12-27,0.72,0.76,INTELLIGENCE_REPORT,0
E002524,P000511,Rafiq Zaidi,P000776,Ibrahim Alam,ASSOCIATE_OF,,2019-09-11,0.61,0.56,CDR,0
E002525,P000585,Iqbal Hussain,P000326,Jignesh Patel,FINANCES,,2026-05-19,0.75,0.63,INTELLIGENCE_REPORT,0
E002526,P000585,Iqbal Hussain,P000301,Jayan Joseph,FINANCES,,2026-03-09,0.56,0.65,INTELLIGENCE_REPORT,0
E002527,P000585,Iqbal Hussain,P000359,Shivanna Kamath,SUPPLIES_TO,,2019-08-16,0.47,0.68,CDR,0
E002528,P000585,Iqbal Hussain,P000395,Kannan Annadurai,SUPPLIES_TO,,2021-08-17,0.6,0.69,BANK_STATEMENT,1
E002529,P000585,Iqbal Hussain,P000269,Sajid Farooqui,SUPPLIES_TO,,2020-10-11,0.51,0.71,INTELLIGENCE_REPORT,1
E002530,P000594,Sanjib Majumdar,P000444,Haroon Ansari,SUPPLIES_TO,,2021-11-16,0.73,0.54,INTELLIGENCE_REPORT,1
E002531,P000594,Sanjib Majumdar,P000466,Har Prasad Pandey,FINANCES,,2020-11-03,0.77,0.51,CDR,0
E002532,P000594,Sanjib Majumdar,P000464,Vinod Rajput,FINANCES,,2025-09-13,0.85,0.74,CDR,0
E002533,P000594,Sanjib Majumdar,P000543,Shahnawaz Mansuri,ASSOCIATE_OF,,2025-06-12,0.68,0.65,INTELLIGENCE_REPORT,1
E002534,P000594,Sanjib Majumdar,P000553,Vijay Rajput,FINANCES,,2023-05-26,0.54,0.64,CDR,0
E002535,P000594,Sanjib Majumdar,P000561,Nirmal Gill,FINANCES,,2022-04-12,0.45,0.52,INTELLIGENCE_REPORT,1
E002536,P000144,Yusuf Baig,P000212,Mousumi Sen,SUPPLIES_TO,,2025-05-25,0.67,0.69,INTELLIGENCE_REPORT,0
E002537,P000144,Yusuf Baig,P000854,Bikram Devi,SUPPLIES_TO,,2023-11-25,0.65,0.83,INTELLIGENCE_REPORT,1
E002538,P000144,Yusuf Baig,P000860,Chandra Shekar Choudary,ASSOCIATE_OF,,2020-06-19,0.72,0.74,BANK_STATEMENT,1
E002539,P000144,Yusuf Baig,P000655,Karthik Thevar,ASSOCIATE_OF,,2021-04-27,0.64,0.71,BANK_STATEMENT,0
E002540,P000129,Kulwant Aulakh,P000040,Shahnawaz Pathan,ASSOCIATE_OF,,2022-11-24,0.76,0.8,INTELLIGENCE_REPORT,0
E002541,P000129,Kulwant Aulakh,P000829,Devendra Srivastava,ASSOCIATE_OF,,2021-05-16,0.66,0.62,CDR,0
E002542,P000129,Kulwant Aulakh,P000813,Mukesh Baghel,SUPPLIES_TO,,2025-09-26,0.54,0.81,CDR,0
E002543,P000129,Kulwant Aulakh,P000607,Udaiveer Prajapati,FINANCES,,2019-05-28,0.57,0.84,INTELLIGENCE_REPORT,1
E002544,P000129,Kulwant Aulakh,P000610,Nirmal Bose,FINANCES,,2025-12-22,0.74,0.61,INTELLIGENCE_REPORT,0
E002545,P000407,Ajay Prajapati,P000683,Sanjib Mistry,SUPPLIES_TO,,2025-06-09,0.81,0.53,CDR,0
E002546,P000407,Ajay Prajapati,P000689,Jagdish Verma,SUPPLIES_TO,,2024-06-12,0.48,0.8,CDR,1
E002547,P000407,Ajay Prajapati,P000707,Akshaya Sahoo,ASSOCIATE_OF,,2024-04-12,0.51,0.72,BANK_STATEMENT,1
E002548,P000209,Nadeem Rahman,P000579,Shanti Kushwaha,SUPPLIES_TO,,2020-03-30,0.7,0.56,CDR,0
E002549,P000209,Nadeem Rahman,P000580,Nepal Mondal,SUPPLIES_TO,,2018-07-07,0.48,0.54,CDR,1
E002550,P000209,Nadeem Rahman,P000554,Davinder Bhullar,SUPPLIES_TO,,2026-04-01,0.59,0.62,BANK_STATEMENT,1
E002551,P000209,Nadeem Rahman,P000397,Selvam Gounder,SUPPLIES_TO,,2020-03-11,0.69,0.76,INTELLIGENCE_REPORT,0
E002552,P000802,Kishan Jat,P000116,Kishan Godara,ASSOCIATE_OF,,2018-04-12,0.67,0.7,BANK_STATEMENT,0
E002553,P000802,Kishan Jat,P000129,Kulwant Aulakh,FINANCES,,2025-08-05,0.81,0.72,INTELLIGENCE_REPORT,0
E002554,P000650,Kumaresan Muthusamy,P000785,Girdhari Saini,FINANCES,,2021-08-08,0.57,0.6,BANK_STATEMENT,0
E002555,P000650,Kumaresan Muthusamy,P000789,Wasim Qureshi,FINANCES,,2021-10-14,0.51,0.52,INTELLIGENCE_REPORT,1
E002556,P000650,Kumaresan Muthusamy,P000797,Imran Ahmed,SUPPLIES_TO,,2025-12-26,0.79,0.64,BANK_STATEMENT,0
E002557,P000650,Kumaresan Muthusamy,P000683,Sanjib Mistry,SUPPLIES_TO,,2025-07-18,0.73,0.53,BANK_STATEMENT,1
E002558,P000650,Kumaresan Muthusamy,P000707,Akshaya Sahoo,ASSOCIATE_OF,,2024-01-19,0.8,0.58,BANK_STATEMENT,1
E002559,P000650,Kumaresan Muthusamy,P000330,Wasim Rahman,ASSOCIATE_OF,,2025-10-11,0.77,0.51,INTELLIGENCE_REPORT,0
E002560,P000853,Rajesh Jaiswal,P000646,Jagabandhu Sahoo,FINANCES,,2022-07-10,0.79,0.72,CDR,0
E002561,P000853,Rajesh Jaiswal,P000628,Vetrivel Gounder,FINANCES,,2020-04-06,0.57,0.85,INTELLIGENCE_REPORT,0
E002562,P000853,Rajesh Jaiswal,P000829,Devendra Srivastava,ASSOCIATE_OF,,2018-09-30,0.59,0.78,CDR,1
E002563,P000820,Kulwant Toor,P000101,Ratan Saini,FINANCES,,2021-06-30,0.5,0.6,BANK_STATEMENT,0
E002564,P000211,Imran Baig,P000314,Praveen Kurup,SUPPLIES_TO,,2019-03-13,0.79,0.59,BANK_STATEMENT,0
E002565,P000211,Imran Baig,P000320,Anoop Mathew,SUPPLIES_TO,,2021-05-29,0.5,0.74,INTELLIGENCE_REPORT,1
E002566,P000211,Imran Baig,P000695,Basanta Mallick,ASSOCIATE_OF,,2024-01-18,0.76,0.83,CDR,0
E002567,P001501,P. Majumdar,P000896,Aslam Khan,CO_ACCUSED_WITH,,2021-06-16,0.43,0.74,FIR,0
E002568,P001501,P. Majumdar,P000892,Rakesh Solanki,CO_ACCUSED_WITH,,2022-12-14,0.88,0.48,FIR,0
E002569,P001502,M. Sisodia,P000156,Paramjit Gill,CO_ACCUSED_WITH,,2023-05-04,0.39,0.71,INFORMANT_TIP,0
E002570,P001503,Netrapal,P000361,Ramesh Dixit,CO_ACCUSED_WITH,,2022-12-14,0.21,0.61,CHARGESHEET,0
E002571,P001503,Netrapal,P000359,Shivanna Kamath,CO_ACCUSED_WITH,,2022-05-27,0.36,0.64,CHARGESHEET,0
E002572,P001503,Netrapal,P000393,Anbu Muthusamy,CO_ACCUSED_WITH,,2022-06-20,0.53,0.74,CHARGESHEET,0
E002573,P001504,Shukla Balbir,P000791,Sarfaraz Saifi,CO_ACCUSED_WITH,,2021-04-22,0.27,0.43,CHARGESHEET,0
E002574,P001504,Shukla Balbir,P000767,Balbir Dixit,CO_ACCUSED_WITH,,2018-06-04,0.68,0.44,CHARGESHEET,0
E002575,P001504,Shukla Balbir,P000786,Shailendra Sharma,CO_ACCUSED_WITH,,2022-02-21,0.37,0.67,CHARGESHEET,0
E002576,P001505,R. Awasthi,P000924,Aarti Waghmare,CO_ACCUSED_WITH,,2020-01-03,0.53,0.72,INFORMANT_TIP,0
E002577,P001506,N. Khan,P000127,Nadeem Mirza,CO_ACCUSED_WITH,,2022-12-21,0.89,0.47,FIR,0
E002578,P001506,N. Khan,P000123,Bhoma Poonia,CO_ACCUSED_WITH,,2018-10-25,0.82,0.55,FIR,0
E002579,P001506,N. Khan,P000119,Faizan Alam,CO_ACCUSED_WITH,,2019-10-21,0.71,0.5,FIR,0
E002580,P001507,Balbir,P000792,Nazia Khan,CO_ACCUSED_WITH,,2020-05-19,0.5,0.68,CRIMINAL_HISTORY_DB,0
E002581,P001507,Balbir,P000766,Balbir Shukla,CO_ACCUSED_WITH,,2024-02-15,0.78,0.64,CRIMINAL_HISTORY_DB,0
E002582,P001507,Balbir,P000776,Ibrahim Alam,CO_ACCUSED_WITH,,2021-12-22,0.61,0.54,CRIMINAL_HISTORY_DB,0
E002583,P001508,Pandurang Deshmuk,P000027,Vishal Gaikwad,CO_ACCUSED_WITH,,2021-09-27,0.7,0.48,CHARGESHEET,0
E002584,P001509,Khan Altaf,P000858,Randhir Nishad,CO_ACCUSED_WITH,,2023-10-29,0.45,0.53,FIR,0
E002585,P001509,Khan Altaf,P000754,Dharmesh Makwana,CO_ACCUSED_WITH,,2021-03-24,0.46,0.57,FIR,0
E002586,P001510,Solanki Mitesh,P000980,Manikandan Subramanian,CO_ACCUSED_WITH,,2019-10-12,0.69,0.48,CHARGESHEET,0
E002587,P001511,Nepal,P000582,Arindam Bhattacharya,CO_ACCUSED_WITH,,2024-07-31,0.94,0.53,INFORMANT_TIP,0
E002588,P001511,Nepal,P000570,Dinesh Dubey,CO_ACCUSED_WITH,,2022-08-18,0.97,0.53,INFORMANT_TIP,0
E002589,P001512,Goud Rambabu,P000846,Mahesh Shukla,CO_ACCUSED_WITH,,2025-06-28,0.66,0.55,FIR,0
E002590,P001513,Yadav Rambabu,P000960,Sushila Jat,CO_ACCUSED_WITH,,2019-08-02,0.28,0.72,FIR,0
E002591,P001514,Pathan Shakeel,P000789,Wasim Qureshi,CO_ACCUSED_WITH,,2025-12-25,0.46,0.73,INFORMANT_TIP,0
E002592,P001515,M. Annadurai,P000380,Rajendran Gounder,CO_ACCUSED_WITH,,2023-12-29,0.82,0.44,INFORMANT_TIP,0
E002593,P001515,M. Annadurai,P000384,Deepak Gupta,CO_ACCUSED_WITH,,2024-09-09,0.25,0.74,INFORMANT_TIP,0
E002594,P001516,Subramanian Rajendran,P000384,Deepak Gupta,CO_ACCUSED_WITH,,2023-05-09,0.42,0.65,CHARGESHEET,0
E002595,P001516,Subramanian Rajendran,P000374,Murugan Annadurai,CO_ACCUSED_WITH,,2020-05-27,0.47,0.64,CHARGESHEET,0
E002596,P001516,Subramanian Rajendran,P000397,Selvam Gounder,CO_ACCUSED_WITH,,2022-05-22,0.37,0.4,CHARGESHEET,0
E002597,P001517,Rafiq Shaikh,P000498,Chandrabhan Srivastava,CO_ACCUSED_WITH,,2020-04-27,0.67,0.56,FIR,0
E002598,P001518,Amutha,P000615,Mallesh Yadav,CO_ACCUSED_WITH,,2021-03-30,0.67,0.51,FIR,0
E002599,P001518,Amutha,P000660,Srinivas Kondapalli,CO_ACCUSED_WITH,,2024-09-29,0.59,0.41,FIR,0
E002600,P001519,Menon Manoj,P000305,Manoj Chauhan,CO_ACCUSED_WITH,,2021-06-03,0.44,0.74,FIR,0
E002601,P001520,Sasmita,P000621,Revathi Mudaliar,CO_ACCUSED_WITH,,2025-06-23,0.32,0.74,FIR,0
E002602,P001520,Sasmita,P000615,Mallesh Yadav,CO_ACCUSED_WITH,,2018-08-11,0.84,0.54,FIR,0
E002603,P001521,Har Prasad,P000504,Jitendra Solanki,CO_ACCUSED_WITH,,2025-07-28,0.77,0.67,CHARGESHEET,0
E002604,P001523,Bhagaban,P000614,Rajendran Muthusamy,CO_ACCUSED_WITH,,2021-04-18,0.83,0.44,FIR,0
E002605,P001523,Bhagaban,P000623,Saravanan Pillai,CO_ACCUSED_WITH,,2018-02-22,0.2,0.58,FIR,0
E002606,P001523,Bhagaban,P000615,Mallesh Yadav,CO_ACCUSED_WITH,,2019-11-08,0.22,0.74,FIR,0
E002607,P001524,Saini Netrapal,P000722,Ashwin Shah,CO_ACCUSED_WITH,,2021-11-04,0.94,0.49,CRIMINAL_HISTORY_DB,0
E002608,P001525,D. Vaghela,P000758,Ibrahim Shaikh,CO_ACCUSED_WITH,,2023-02-28,0.86,0.5,FIR,0
E002609,P001525,D. Vaghela,P000734,Bhaskar Kadam,CO_ACCUSED_WITH,,2020-11-19,0.71,0.54,FIR,0
E002610,P001526,A. Saifi,P000885,Nepal Halder,CO_ACCUSED_WITH,,2026-06-14,0.38,0.5,CRIMINAL_HISTORY_DB,0
E002611,P001526,A. Saifi,P000980,Manikandan Subramanian,CO_ACCUSED_WITH,,2022-09-07,0.31,0.53,CRIMINAL_HISTORY_DB,0
E002612,P001527,Sahoo Sabita,P000622,Trilochan Mohanty,CO_ACCUSED_WITH,,2019-04-10,0.62,0.45,FIR,0
E002613,P001527,Sahoo Sabita,P000633,Arivazhagan Mudaliar,CO_ACCUSED_WITH,,2022-03-20,0.79,0.67,FIR,0
E002614,P001527,Sahoo Sabita,P000664,Mallesh Naidu,CO_ACCUSED_WITH,,2026-05-15,0.61,0.51,FIR,0
E002615,P001528,N. Parmar,P000322,Mushtaq Idrisi,CO_ACCUSED_WITH,,2020-05-07,0.97,0.47,FIR,0
E002616,P001528,N. Parmar,P000348,Firoz Mirza,CO_ACCUSED_WITH,,2024-09-21,0.46,0.55,FIR,0
E002617,P001529,Ansari Aslam,P000725,Altaf Khan,CO_ACCUSED_WITH,,2019-03-10,0.62,0.66,INFORMANT_TIP,0
E002618,P001529,Ansari Aslam,P000983,Rodney Fernandes,CO_ACCUSED_WITH,,2018-01-24,0.81,0.49,INFORMANT_TIP,0
E002619,P001529,Ansari Aslam,P000992,Murugan Annadurai,CO_ACCUSED_WITH,,2024-02-15,0.4,0.5,INFORMANT_TIP,0
E002620,P001530,Jitendra,P000843,Ranveer Kumawat,CO_ACCUSED_WITH,,2019-09-24,0.27,0.51,FIR,0
E002621,P001531,Sengar Rekha,P000929,Nitin Patil,CO_ACCUSED_WITH,,2023-12-12,0.36,0.4,FIR,0
E002622,P001531,Sengar Rekha,P000988,Bikramjit Sandhu,CO_ACCUSED_WITH,,2021-11-18,0.69,0.63,FIR,0
E002623,P001532,Tanveer,P000498,Chandrabhan Srivastava,CO_ACCUSED_WITH,,2026-02-24,0.61,0.54,CHARGESHEET,0
E002624,P001533,S. Mudaliar,P000371,Manoj Yadav,CO_ACCUSED_WITH,,2020-02-03,0.92,0.48,FIR,0
E002625,P001534,Kurup Anoop,P000190,Iqbal Khan,CO_ACCUSED_WITH,,2022-07-28,0.87,0.68,FIR,0
E002626,P001535,Sarfaraz Kureshi,P000023,Hardik Barot,CO_ACCUSED_WITH,,2021-01-31,0.96,0.71,CHARGESHEET,0
E002627,P001535,Sarfaraz Kureshi,P000021,Kishor Makwana,CO_ACCUSED_WITH,,2020-10-08,0.24,0.66,CHARGESHEET,0
E002628,P001535,Sarfaraz Kureshi,P000015,Swapnil Bhoir,CO_ACCUSED_WITH,,2021-12-02,0.76,0.5,CHARGESHEET,0
E002629,P001536,Gill Nirmal,P000562,Yusuf Pathan,CO_ACCUSED_WITH,,2022-08-25,0.34,0.62,CRIMINAL_HISTORY_DB,0
E002630,P001536,Gill Nirmal,P000524,Aslam Saifi,CO_ACCUSED_WITH,,2019-12-21,0.39,0.69,CRIMINAL_HISTORY_DB,0
E002631,P001536,Gill Nirmal,P000520,Simranjit Bains,CO_ACCUSED_WITH,,2020-09-27,0.96,0.56,CRIMINAL_HISTORY_DB,0
E002632,P001537,Shabana,P000576,Anup Chakraborty,CO_ACCUSED_WITH,,2022-01-31,0.83,0.46,FIR,0
E002633,P001537,Shabana,P000472,Manoj Kashyap,CO_ACCUSED_WITH,,2022-07-20,0.36,0.71,FIR,0
E002634,P001537,Shabana,P000592,Sudha Singh,CO_ACCUSED_WITH,,2022-03-05,0.72,0.58,FIR,0
E002635,P001538,Dinesh,P000690,Bimal Majumdar,CO_ACCUSED_WITH,,2020-06-26,0.75,0.55,CRIMINAL_HISTORY_DB,0
E002636,P001538,Dinesh,P000700,Mahesh Yadav,CO_ACCUSED_WITH,,2024-07-14,0.52,0.62,CRIMINAL_HISTORY_DB,0
E002637,P001538,Dinesh,P000707,Akshaya Sahoo,CO_ACCUSED_WITH,,2021-10-04,0.43,0.45,CRIMINAL_HISTORY_DB,0
E002638,P001539,H. Idrisi,P000271,Ranjan Gayen,CO_ACCUSED_WITH,,2025-02-01,0.67,0.46,CHARGESHEET,0
E002639,P001539,H. Idrisi,P000197,Gopal Roy,CO_ACCUSED_WITH,,2022-02-14,0.31,0.51,CHARGESHEET,0
E002640,P001539,H. Idrisi,P000256,Mahesh Verma,CO_ACCUSED_WITH,,2019-05-09,0.79,0.6,CHARGESHEET,0
E002641,P001540,Om Prakash Rathod,P000532,Shakeel Rahman,CO_ACCUSED_WITH,,2020-06-13,0.83,0.63,INFORMANT_TIP,0
E002642,P001541,Tandel Swapnil,P000068,Reshma Saifi,CO_ACCUSED_WITH,,2019-11-24,0.4,0.72,CHARGESHEET,0
E002643,P001542,Idrisi Shakeel,P000779,Shakeel Ansari,CO_ACCUSED_WITH,,2019-05-02,0.74,0.64,FIR,0
E002644,P001542,Idrisi Shakeel,P000794,Wasim Hussain,CO_ACCUSED_WITH,,2019-03-28,0.54,0.64,FIR,0
E002645,P001542,Idrisi Shakeel,P000800,Haroon Mansuri,CO_ACCUSED_WITH,,2018-03-16,0.98,0.43,FIR,0
E002646,P001543,Ganesh,P000953,Bibhuti Behera,CO_ACCUSED_WITH,,2019-06-30,0.25,0.66,CRIMINAL_HISTORY_DB,0
E002647,P001543,Ganesh,P000967,Jagmal Saini,CO_ACCUSED_WITH,,2025-10-06,0.7,0.48,CRIMINAL_HISTORY_DB,0
E002648,P001544,R. Jadhav,P000018,Salim Saifi,CO_ACCUSED_WITH,,2023-03-15,0.84,0.61,CRIMINAL_HISTORY_DB,0
E002649,P001545,N. Bhoir,P000725,Altaf Khan,CO_ACCUSED_WITH,,2020-01-07,0.22,0.57,CRIMINAL_HISTORY_DB,0
E002650,P001546,J. Parmar,P000917,Gurpreet Mann,CO_ACCUSED_WITH,,2024-12-05,0.42,0.48,CHARGESHEET,0
E002651,P001546,J. Parmar,P000932,Chandrabhan Baghel,CO_ACCUSED_WITH,,2021-11-04,0.55,0.45,CHARGESHEET,0
E002652,P001547,Sandeep,P000568,Lakhwinder Singh,CO_ACCUSED_WITH,,2020-01-01,0.22,0.73,INFORMANT_TIP,0
E002653,P001547,Sandeep,P000560,Devendra Bhardwaj,CO_ACCUSED_WITH,,2024-04-23,0.84,0.41,INFORMANT_TIP,0
E002654,P001548,Udaiveer,P000580,Nepal Mondal,CO_ACCUSED_WITH,,2022-07-11,0.44,0.63,CRIMINAL_HISTORY_DB,0
E002655,P001548,Udaiveer,P000129,Kulwant Aulakh,CO_ACCUSED_WITH,,2023-02-11,0.52,0.53,CRIMINAL_HISTORY_DB,0
E002656,P001548,Udaiveer,P000594,Sanjib Majumdar,CO_ACCUSED_WITH,,2018-11-28,0.3,0.47,CRIMINAL_HISTORY_DB,0
E002657,P001549,Zaidi Shakeel,P000205,Anup Adhikari,CO_ACCUSED_WITH,,2025-12-05,0.58,0.45,FIR,0
E002658,P001550,R. Naskar,P000764,Om Prakash Maurya,CO_ACCUSED_WITH,,2020-11-26,0.28,0.58,CHARGESHEET,0
E002659,P001550,R. Naskar,P000269,Sajid Farooqui,CO_ACCUSED_WITH,,2025-12-11,1.0,0.58,CHARGESHEET,0
E002660,P001551,D. Makwana,P000758,Ibrahim Shaikh,CO_ACCUSED_WITH,,2026-05-29,0.88,0.63,CHARGESHEET,0
E002661,P001551,D. Makwana,P001509,Khan Altaf,CO_ACCUSED_WITH,,2020-06-22,0.27,0.4,CHARGESHEET,0
E002662,P001551,D. Makwana,P000725,Altaf Khan,CO_ACCUSED_WITH,,2026-03-26,0.84,0.58,CHARGESHEET,0
E002663,P001552,Shah Mitesh,P000729,Vinod Bhadauria,CO_ACCUSED_WITH,,2020-09-23,0.92,0.54,CHARGESHEET,0
E002664,P001552,Shah Mitesh,P000762,Nilesh Shinde,CO_ACCUSED_WITH,,2024-01-06,0.56,0.46,CHARGESHEET,0
E002665,P001552,Shah Mitesh,P000726,Rahul Rane,CO_ACCUSED_WITH,,2022-12-16,0.41,0.74,CHARGESHEET,0
E002666,P001553,Vipul Chouhan,P000295,Imran Saifi,CO_ACCUSED_WITH,,2025-09-08,0.93,0.4,CRIMINAL_HISTORY_DB,0
E002667,P001553,Vipul Chouhan,P000356,Sudha Kushwaha,CO_ACCUSED_WITH,,2020-10-14,0.6,0.52,CRIMINAL_HISTORY_DB,0
E002668,P001554,Raja Palanisamy,P000370,Yallappa Angadi,CO_ACCUSED_WITH,,2019-10-12,0.49,0.48,CHARGESHEET,0
E002669,P001555,Bhagaban,P000993,Gurpreet Dhillon,CO_ACCUSED_WITH,,2019-08-19,0.9,0.54,INFORMANT_TIP,0
E002670,P001555,Bhagaban,P000959,Mitesh Rabari,CO_ACCUSED_WITH,,2019-12-01,0.36,0.45,INFORMANT_TIP,0
E002671,P001556,Y. Pandey,P000517,Hariom Sengar,CO_ACCUSED_WITH,,2023-03-15,0.21,0.6,INFORMANT_TIP,0
E002672,P001556,Y. Pandey,P000498,Chandrabhan Srivastava,CO_ACCUSED_WITH,,2025-06-07,0.76,0.69,INFORMANT_TIP,0
E002673,P001556,Y. Pandey,P000513,Devendra Bhardwaj,CO_ACCUSED_WITH,,2026-04-20,0.29,0.7,INFORMANT_TIP,0
E002674,P001557,Ketan,P000298,Baiju Marar,CO_ACCUSED_WITH,,2022-04-30,0.62,0.6,CRIMINAL_HISTORY_DB,0
E002675,P001557,Ketan,P000296,Salim Baig,CO_ACCUSED_WITH,,2024-07-15,0.2,0.61,CRIMINAL_HISTORY_DB,0
E002676,P001558,J. Solanki,P000513,Devendra Bhardwaj,CO_ACCUSED_WITH,,2023-10-05,0.28,0.52,INFORMANT_TIP,0
E002677,P001558,J. Solanki,P000476,Imran Rahman,CO_ACCUSED_WITH,,2022-12-05,0.5,0.43,INFORMANT_TIP,0
E002678,P001558,J. Solanki,P001521,Har Prasad,CO_ACCUSED_WITH,,2020-05-21,0.42,0.54,INFORMANT_TIP,0
E002679,P001559,D. Gupta,P000363,Perumal Kurup,CO_ACCUSED_WITH,,2019-08-29,0.89,0.52,CRIMINAL_HISTORY_DB,0
E002680,P001559,D. Gupta,P000401,Rajendran Subramanian,CO_ACCUSED_WITH,,2020-11-19,0.26,0.59,CRIMINAL_HISTORY_DB,0
E002681,P001560,S. Mudaliar,P000364,Jitendra Prajapati,CO_ACCUSED_WITH,,2019-05-12,0.52,0.65,FIR,0
E002682,P001560,S. Mudaliar,P000396,Netrapal Nishad,CO_ACCUSED_WITH,,2021-06-19,0.6,0.6,FIR,0
E002683,P001560,S. Mudaliar,P000392,Palanisamy Raja,CO_ACCUSED_WITH,,2018-12-22,0.69,0.56,FIR,0
E002684,P001561,Sandhu Rachhpal,P000840,Sukhwinder Kang,CO_ACCUSED_WITH,,2023-01-12,0.25,0.54,FIR,0
E002685,P001561,Sandhu Rachhpal,P000813,Mukesh Baghel,CO_ACCUSED_WITH,,2019-04-05,0.85,0.44,FIR,0
E002686,P001561,Sandhu Rachhpal,P000814,Balbir Thakur,CO_ACCUSED_WITH,,2023-02-23,0.31,0.5,FIR,0
E002687,P001562,Shukla Girdhari,P000447,Javed Malik,CO_ACCUSED_WITH,,2025-04-21,0.94,0.61,FIR,0
E002688,P001563,S. Purohit,P000815,Kuldeep Srivastava,CO_ACCUSED_WITH,,2025-07-21,0.51,0.69,FIR,0
E002689,P001563,S. Purohit,P000843,Ranveer Kumawat,CO_ACCUSED_WITH,,2023-02-11,0.86,0.63,FIR,0
E002690,P001564,S. Prasad,P000620,Saravanan Rajendran,CO_ACCUSED_WITH,,2023-07-12,0.76,0.73,CRIMINAL_HISTORY_DB,0
E002691,P001564,S. Prasad,P000638,Mallesh Choudary,CO_ACCUSED_WITH,,2018-10-14,0.81,0.65,CRIMINAL_HISTORY_DB,0
E002692,P001564,S. Prasad,P000630,Bibhuti Mohanty,CO_ACCUSED_WITH,,2022-02-02,0.23,0.71,CRIMINAL_HISTORY_DB,0
E002693,P001565,J. Dave,P000295,Imran Saifi,CO_ACCUSED_WITH,,2022-10-14,0.53,0.63,CHARGESHEET,0
E002694,P001565,J. Dave,P000308,Netrapal Singh,CO_ACCUSED_WITH,,2024-09-16,0.9,0.55,CHARGESHEET,0
E002695,P001566,G. Pal,P000439,Gopal Biswas,CO_ACCUSED_WITH,,2021-08-12,0.3,0.63,FIR,0
E002696,P001566,G. Pal,P000429,Tapan Biswas,CO_ACCUSED_WITH,,2018-12-13,0.35,0.46,FIR,0
E002697,P001567,A. Dhillon,P000106,Amarjit Sidhu,CO_ACCUSED_WITH,,2020-08-20,0.39,0.59,FIR,0
E002698,P001567,A. Dhillon,P000136,Amarjit Grewal,CO_ACCUSED_WITH,,2024-05-17,0.44,0.69,FIR,0
E002699,P001568,T. Rabari,P000016,Hardik Barot,CO_ACCUSED_WITH,,2023-09-20,0.81,0.75,CHARGESHEET,0
E002700,P001568,T. Rabari,P000006,Zubair Sheikh,CO_ACCUSED_WITH,,2018-11-03,0.86,0.58,CHARGESHEET,0
E002701,P001568,T. Rabari,P000015,Swapnil Bhoir,CO_ACCUSED_WITH,,2024-03-17,0.82,0.68,CHARGESHEET,0
E002702,P001569,Manikandan,P000664,Mallesh Naidu,CO_ACCUSED_WITH,,2022-04-21,0.69,0.51,CRIMINAL_HISTORY_DB,0
E002703,P001569,Manikandan,P000634,Srinivas Bandari,CO_ACCUSED_WITH,,2018-08-17,0.58,0.73,CRIMINAL_HISTORY_DB,0
E002704,P001569,Manikandan,P000653,Sudarshan Behera,CO_ACCUSED_WITH,,2018-01-15,0.75,0.73,CRIMINAL_HISTORY_DB,0
E002705,P001570,V. Kadam,P000727,Vishal More,CO_ACCUSED_WITH,,2025-06-01,0.78,0.57,CRIMINAL_HISTORY_DB,0
E002706,P001570,V. Kadam,P000715,Imran Farooqui,CO_ACCUSED_WITH,,2018-03-26,0.69,0.56,CRIMINAL_HISTORY_DB,0
E002707,P001570,V. Kadam,P000751,Devendra Maurya,CO_ACCUSED_WITH,,2023-04-02,0.42,0.65,CRIMINAL_HISTORY_DB,0
E002708,P001571,Baghel Jitendra,P000781,Prakash Maurya,CO_ACCUSED_WITH,,2025-06-21,0.37,0.56,CRIMINAL_HISTORY_DB,0
E002709,P001571,Baghel Jitendra,P000800,Haroon Mansuri,CO_ACCUSED_WITH,,2021-10-20,0.9,0.73,CRIMINAL_HISTORY_DB,0
E002710,P001572,Afsana,P000240,Javed Ansari,CO_ACCUSED_WITH,,2023-12-30,0.62,0.65,CRIMINAL_HISTORY_DB,0
E002711,P001572,Afsana,P000261,Sunil Shukla,CO_ACCUSED_WITH,,2022-04-09,0.63,0.72,CRIMINAL_HISTORY_DB,0
E002712,P001572,Afsana,P000287,Mahesh Maurya,CO_ACCUSED_WITH,,2025-09-20,0.87,0.71,CRIMINAL_HISTORY_DB,0
E002713,P001573,Kushwaha Shanti,P000576,Anup Chakraborty,CO_ACCUSED_WITH,,2020-09-22,0.43,0.59,CRIMINAL_HISTORY_DB,0
E002714,P001574,Alpesh,P000057,Sagar Bhoir,CO_ACCUSED_WITH,,2021-01-12,0.8,0.48,CRIMINAL_HISTORY_DB,0
E002715,P001574,Alpesh,P000017,Swapnil Tandel,CO_ACCUSED_WITH,,2024-11-03,0.29,0.51,CRIMINAL_HISTORY_DB,0
E002716,P001574,Alpesh,P000013,Mushtaq Baig,CO_ACCUSED_WITH,,2023-04-04,0.98,0.58,CRIMINAL_HISTORY_DB,0
E002717,P001575,Manoj,P000487,Ashfaq Zaidi,CO_ACCUSED_WITH,,2026-03-27,0.96,0.56,CHARGESHEET,0
E002718,P001576,P. Singh,P000487,Ashfaq Zaidi,CO_ACCUSED_WITH,,2025-07-07,0.85,0.73,CRIMINAL_HISTORY_DB,0
E002719,P001576,P. Singh,P000483,Ibrahim Pathan,CO_ACCUSED_WITH,,2022-04-07,0.49,0.4,CRIMINAL_HISTORY_DB,0
E002720,P001576,P. Singh,P000472,Manoj Kashyap,CO_ACCUSED_WITH,,2019-12-27,0.44,0.49,CRIMINAL_HISTORY_DB,0
E002721,P001577,Yumnam,P000855,Alemba Momin,CO_ACCUSED_WITH,,2022-04-26,0.42,0.61,FIR,0
E002722,P001577,Yumnam,P000869,Selvam Subramanian,CO_ACCUSED_WITH,,2026-04-30,0.82,0.49,FIR,0
E002723,P001577,Yumnam,P000848,Nagaraju Gupta,CO_ACCUSED_WITH,,2020-06-17,0.49,0.65,FIR,0
E002724,P001578,H. Sekhon,P000115,Nirmal Singh,CO_ACCUSED_WITH,,2024-02-19,0.7,0.73,FIR,0
E002725,P001579,Prakash,P000293,Har Prasad Sharma,CO_ACCUSED_WITH,,2022-08-07,0.73,0.73,CHARGESHEET,0
E002726,P001579,Prakash,P000318,Sarfaraz Shaikh,CO_ACCUSED_WITH,,2025-04-17,0.24,0.63,CHARGESHEET,0
E002727,P001580,Devendra,P000853,Rajesh Jaiswal,CO_ACCUSED_WITH,,2026-05-02,0.83,0.55,FIR,0
E002728,P001580,Devendra,P000843,Ranveer Kumawat,CO_ACCUSED_WITH,,2026-05-07,0.38,0.43,FIR,0
E002729,P001580,Devendra,P000129,Kulwant Aulakh,CO_ACCUSED_WITH,,2020-01-20,0.34,0.55,FIR,0
E002730,P001581,Chandra Shekar,P000619,Prasanna Mallick,CO_ACCUSED_WITH,,2019-03-12,0.21,0.53,CHARGESHEET,0
E002731,P001581,Chandra Shekar,P000612,Sudhakar Prasad,CO_ACCUSED_WITH,,2020-03-05,0.55,0.43,CHARGESHEET,0
E002732,P001582,Yadav Balbir,P000370,Yallappa Angadi,CO_ACCUSED_WITH,,2023-10-25,0.96,0.63,FIR,0
E002733,P001582,Yadav Balbir,P000377,Veeresh Acharya,CO_ACCUSED_WITH,,2021-07-06,0.94,0.59,FIR,0
E002734,P001582,Yadav Balbir,P000404,Elango Annadurai,CO_ACCUSED_WITH,,2025-04-27,0.36,0.46,FIR,0
E002735,P001583,Nathu Chaudhary,P000093,Wasim Baig,CO_ACCUSED_WITH,,2023-04-01,0.65,0.44,FIR,0
E002736,P001583,Nathu Chaudhary,P000159,Lakhwinder Brar,CO_ACCUSED_WITH,,2024-09-05,0.54,0.6,FIR,0
E002737,P001583,Nathu Chaudhary,P000167,Sukhwinder Dhillon,CO_ACCUSED_WITH,,2024-03-07,0.57,0.44,FIR,0
E002738,P001584,Vaghela Paresh,P000295,Imran Saifi,CO_ACCUSED_WITH,,2019-09-25,0.52,0.72,CHARGESHEET,0
E002739,P001585,Shukla Naresh,P000682,Rupa Das,CO_ACCUSED_WITH,,2023-05-16,0.2,0.66,CRIMINAL_HISTORY_DB,0
E002740,P001585,Shukla Naresh,P000699,Prasanna Jena,CO_ACCUSED_WITH,,2021-05-23,0.67,0.5,CRIMINAL_HISTORY_DB,0
E002741,P001586,A. Tiwari,P000257,Sarfaraz Zaidi,CO_ACCUSED_WITH,,2020-01-03,0.37,0.58,CHARGESHEET,0
E002742,P001587,Prajapati Rajesh,P000257,Sarfaraz Zaidi,CO_ACCUSED_WITH,,2022-11-20,0.72,0.44,FIR,0
E002743,P001588,D. Baghel,P000268,Deepak Sengar,CO_ACCUSED_WITH,,2026-06-25,0.74,0.6,CHARGESHEET,0
E002744,P001588,D. Baghel,P000209,Nadeem Rahman,CO_ACCUSED_WITH,,2018-10-19,0.31,0.56,CHARGESHEET,0
E002745,P001589,M. Annadurai,P000648,Saravanan Mudaliar,CO_ACCUSED_WITH,,2019-03-04,0.37,0.7,FIR,0
E002746,P001589,M. Annadurai,P000632,Sekar Subramanian,CO_ACCUSED_WITH,,2025-05-26,0.88,0.72,FIR,0
E002747,P001589,M. Annadurai,P000633,Arivazhagan Mudaliar,CO_ACCUSED_WITH,,2021-02-14,0.7,0.4,FIR,0
E002748,P001590,Yadav Manju,P000534,Pushpa Awasthi,CO_ACCUSED_WITH,,2021-11-06,0.81,0.66,CHARGESHEET,0
E002749,P001591,Rajendran,P000374,Murugan Annadurai,CO_ACCUSED_WITH,,2019-02-04,0.27,0.69,CRIMINAL_HISTORY_DB,0
E002750,P001591,Rajendran,P001515,M. Annadurai,CO_ACCUSED_WITH,,2022-10-15,0.69,0.63,CRIMINAL_HISTORY_DB,0
E002751,P001592,Ahmed Aslam,P000491,Anil Srivastava,CO_ACCUSED_WITH,,2022-03-21,0.67,0.63,FIR,0
E002752,P001593,Shahnawaz,P000457,Naseer Malik,CO_ACCUSED_WITH,,2019-12-31,0.73,0.6,CHARGESHEET,0
E002753,P001593,Shahnawaz,P000431,Bikash Roy,CO_ACCUSED_WITH,,2026-06-29,0.62,0.45,CHARGESHEET,0
E002754,P001594,Swapnil,P000081,Sandip Salunkhe,CO_ACCUSED_WITH,,2023-07-30,0.21,0.56,CHARGESHEET,0
E002755,P001595,R. Trivedi,P000012,Vishal Shinde,CO_ACCUSED_WITH,,2022-10-09,0.44,0.41,CRIMINAL_HISTORY_DB,0
E002756,P001595,R. Trivedi,P000024,Bharat Gohil,CO_ACCUSED_WITH,,2025-07-23,0.57,0.74,CRIMINAL_HISTORY_DB,0
E002757,P001596,Vipin,P000350,Vipul Chauhan,CO_ACCUSED_WITH,,2020-04-14,0.57,0.7,CHARGESHEET,0
E002758,P001596,Vipin,P000295,Imran Saifi,CO_ACCUSED_WITH,,2025-11-10,0.41,0.51,CHARGESHEET,0
E002759,P001597,F. Rahman,P000446,Udaiveer Gupta,CO_ACCUSED_WITH,,2018-07-08,0.36,0.7,CHARGESHEET,0
E002760,P001597,F. Rahman,P000458,Zubair Ahmed,CO_ACCUSED_WITH,,2024-05-16,0.6,0.54,CHARGESHEET,0
E002761,P001598,K. Prajapati,P000971,Bimal Adhikari,CO_ACCUSED_WITH,,2023-01-12,0.21,0.52,FIR,0
E002762,P001599,Ibrahim Kureshi,P000900,Sagar Bhosale,CO_ACCUSED_WITH,,2024-03-03,0.3,0.62,CHARGESHEET,0
E002763,P001599,Ibrahim Kureshi,P000947,Ratheesh Kurup,CO_ACCUSED_WITH,,2024-09-16,0.69,0.48,CHARGESHEET,0
E002764,P001600,B. Baghel,P000682,Rupa Das,CO_ACCUSED_WITH,,2018-03-01,0.85,0.47,FIR,0
E002765,P001600,B. Baghel,P000670,Bhagaban Sahoo,CO_ACCUSED_WITH,,2020-01-06,0.55,0.71,FIR,0
E002766,P001600,B. Baghel,P000690,Bimal Majumdar,CO_ACCUSED_WITH,,2021-06-04,0.64,0.54,FIR,0
E002767,P001601,S. Rahman,P000534,Pushpa Awasthi,CO_ACCUSED_WITH,,2023-04-24,0.28,0.45,INFORMANT_TIP,0
E002768,P001602,Ibrahim,P000465,Sanjib Das,CO_ACCUSED_WITH,,2021-04-03,0.36,0.47,INFORMANT_TIP,0
E002769,P001603,Mohd. Baig,P000430,Kartik Halder,CO_ACCUSED_WITH,,2021-05-02,0.29,0.52,FIR,0
E002770,P001604,Ashfaq Shaikh,P000799,Shakeel Pathan,CO_ACCUSED_WITH,,2021-01-19,0.28,0.72,INFORMANT_TIP,0
E002771,P001604,Ashfaq Shaikh,P000794,Wasim Hussain,CO_ACCUSED_WITH,,2019-11-30,0.47,0.56,INFORMANT_TIP,0
E002772,P001605,Munna,P000338,Bharat Rabari,CO_ACCUSED_WITH,,2023-04-19,0.7,0.5,INFORMANT_TIP,0
E002773,P001606,Rajput Om Prakash,P000318,Sarfaraz Shaikh,CO_ACCUSED_WITH,,2024-11-23,0.65,0.72,FIR,0
E002774,P001607,M. Khan,P000116,Kishan Godara,CO_ACCUSED_WITH,,2026-06-22,0.39,0.49,CRIMINAL_HISTORY_DB,0
E002775,P001608,Mansuri Iqbal,P000037,Ganesh Dalvi,CO_ACCUSED_WITH,,2024-11-05,0.58,0.51,FIR,0
E002776,P001608,Mansuri Iqbal,P000013,Mushtaq Baig,CO_ACCUSED_WITH,,2021-02-14,0.77,0.43,FIR,0
E002777,P001608,Mansuri Iqbal,P000011,Hitesh Zala,CO_ACCUSED_WITH,,2019-01-04,0.27,0.54,FIR,0
E002778,P001609,P. Rai,P000370,Yallappa Angadi,CO_ACCUSED_WITH,,2025-01-28,0.71,0.45,CHARGESHEET,0
E002779,P001609,P. Rai,P000377,Veeresh Acharya,CO_ACCUSED_WITH,,2019-04-28,0.65,0.65,CHARGESHEET,0
E002780,P001610,Kulwant,P000101,Ratan Saini,CO_ACCUSED_WITH,,2018-09-26,0.38,0.56,CHARGESHEET,0
E002781,P001610,Kulwant,P000834,Jasbir Brar,CO_ACCUSED_WITH,,2023-01-19,0.51,0.62,CHARGESHEET,0
E002782,P001610,Kulwant,P000807,Bikramjit Brar,CO_ACCUSED_WITH,,2021-09-08,0.83,0.71,CHARGESHEET,0
E002783,P001611,Sikha Halder,P000998,Kalpesh Prajapati,ASSOCIATE_OF,,2025-03-17,0.98,0.69,FIR,0
E002784,P001612,Palanisamy Gounder,P000705,Arindam Mondal,ASSOCIATE_OF,,2022-12-06,0.78,0.67,CRIMINAL_HISTORY_DB,0
E002785,P001613,Ganesh Pawar,P000417,Yogendra Tomar,ASSOCIATE_OF,,2025-05-12,0.31,0.61,CRIMINAL_HISTORY_DB,0
E002786,P001614,Deepak Sengar,P000045,Dharmesh Zala,ASSOCIATE_OF,,2025-06-09,0.68,0.58,CRIMINAL_HISTORY_DB,0
E002787,P001614,Deepak Sengar,P000219,Jagdish Tomar,ASSOCIATE_OF,,2024-12-09,0.77,0.5,CRIMINAL_HISTORY_DB,0
E002788,P001614,Deepak Sengar,P000992,Murugan Annadurai,ASSOCIATE_OF,,2021-01-19,0.54,0.41,FIR,0
E002789,P001615,Rasik Joshi,P000455,Kartik Majumdar,ASSOCIATE_OF,,2018-10-13,0.71,0.49,CRIMINAL_HISTORY_DB,0
E002790,P001615,Rasik Joshi,P000630,Bibhuti Mohanty,ASSOCIATE_OF,,2024-05-22,0.98,0.54,CRIMINAL_HISTORY_DB,0
E002791,P001616,Vinod Rajput,P000470,Girdhari Shukla,ASSOCIATE_OF,,2020-12-20,0.82,0.4,FIR,0
E002792,P001617,Jasbir Virk,P000020,Nitin Bhoir,ASSOCIATE_OF,,2026-03-31,0.23,0.65,FIR,0
E002793,P001617,Jasbir Virk,P000714,Divyesh Vaghela,ASSOCIATE_OF,,2023-04-28,0.77,0.56,FIR,0
E002794,P001618,Karamjit Bajwa,P000552,Manju Yadav,ASSOCIATE_OF,,2022-06-11,0.93,0.6,FIR,0
E002795,P001618,Karamjit Bajwa,P000911,Pradeep Maurya,ASSOCIATE_OF,,2026-01-12,0.45,0.69,CRIMINAL_HISTORY_DB,0
E002796,P001619,Kannan Annadurai,P000131,Imran Siddiqui,ASSOCIATE_OF,,2024-12-21,0.48,0.45,FIR,0
E002797,P001619,Kannan Annadurai,P000946,Rajni Awasthi,ASSOCIATE_OF,,2023-02-11,0.4,0.68,CRIMINAL_HISTORY_DB,0
E002798,P001620,Bikram Basumatary,P000355,Randhir Sharma,ASSOCIATE_OF,,2025-02-08,0.57,0.48,CRIMINAL_HISTORY_DB,0
E002799,P001620,Bikram Basumatary,P000529,Pramod Baghel,ASSOCIATE_OF,,2023-01-12,0.61,0.46,CRIMINAL_HISTORY_DB,0
E002800,P001621,Bhavesh Thakor,P000510,Nazia Saifi,ASSOCIATE_OF,,2025-05-13,0.34,0.44,CRIMINAL_HISTORY_DB,0
E002801,P001621,Bhavesh Thakor,P000146,Paramjit Sarao,ASSOCIATE_OF,,2022-03-30,0.47,0.62,FIR,0
E002802,P001622,Jasbir Virk,P000355,Randhir Sharma,ASSOCIATE_OF,,2022-11-02,0.48,0.61,CRIMINAL_HISTORY_DB,0
E002803,P001622,Jasbir Virk,P000052,Vishal Jadhav,ASSOCIATE_OF,,2018-03-11,0.39,0.64,CRIMINAL_HISTORY_DB,0
E002804,P001622,Jasbir Virk,P000811,Sohan Purohit,ASSOCIATE_OF,,2018-01-22,0.8,0.69,FIR,0
E002805,P001623,Sachin Naik,P000019,Bhaskar Bhosale,ASSOCIATE_OF,,2022-07-21,0.41,0.55,CRIMINAL_HISTORY_DB,0
E002806,P001623,Sachin Naik,P000264,Girdhari Prajapati,ASSOCIATE_OF,,2026-05-29,0.99,0.56,CRIMINAL_HISTORY_DB,0
E002807,P001623,Sachin Naik,P000383,Balbir Yadav,ASSOCIATE_OF,,2023-01-28,0.9,0.69,FIR,0
E002808,P001624,Dharmesh Makwana,P000614,Rajendran Muthusamy,ASSOCIATE_OF,,2024-11-04,0.23,0.59,FIR,0
E002809,P001624,Dharmesh Makwana,P000706,Balbir Baghel,ASSOCIATE_OF,,2022-06-02,0.34,0.51,FIR,0
E002810,P001624,Dharmesh Makwana,P000697,Kartik Dutta,ASSOCIATE_OF,,2021-09-10,0.25,0.46,FIR,0
E002811,P001625,Bharat Gohil,P000207,Mahesh Sharma,ASSOCIATE_OF,,2019-01-01,0.66,0.47,CRIMINAL_HISTORY_DB,0
E002812,P001625,Bharat Gohil,P000720,Manisha Patil,ASSOCIATE_OF,,2025-04-06,0.67,0.64,FIR,0
E002813,P001625,Bharat Gohil,P000520,Simranjit Bains,ASSOCIATE_OF,,2024-12-08,0.4,0.59,CRIMINAL_HISTORY_DB,0
E002814,P001626,Rambabu Kumar,P000276,Sunil Rajput,ASSOCIATE_OF,,2023-06-27,0.55,0.42,FIR,0
E002815,P001627,Basanta Behera,P000914,Shivanna Angadi,ASSOCIATE_OF,,2025-05-07,0.43,0.41,CRIMINAL_HISTORY_DB,0
E002816,P001627,Basanta Behera,P000477,Tanveer Farooqui,ASSOCIATE_OF,,2021-07-17,0.33,0.43,CRIMINAL_HISTORY_DB,0
E002817,P001628,Vishal Gaikwad,P000459,Gopal Pal,ASSOCIATE_OF,,2019-10-14,0.97,0.5,CRIMINAL_HISTORY_DB,0
E002818,P001629,Rajni Awasthi,P000019,Bhaskar Bhosale,ASSOCIATE_OF,,2022-07-07,0.98,0.57,CRIMINAL_HISTORY_DB,0
E002819,P001629,Rajni Awasthi,P000156,Paramjit Gill,ASSOCIATE_OF,,2020-04-06,0.54,0.67,FIR,0
E002820,P001630,Balwinder Dhaliwal,P000133,Gurmeet Bajwa,ASSOCIATE_OF,,2023-02-12,0.42,0.61,FIR,0
E002821,P001630,Balwinder Dhaliwal,P000049,Bhavesh Thakor,ASSOCIATE_OF,,2019-05-08,0.3,0.57,FIR,0
E002822,P001631,Rodney Fernandes,P000949,Sudha Singh,ASSOCIATE_OF,,2021-11-26,0.78,0.42,FIR,0
E002823,P001632,Manoj Menon,P000661,Rajendran Thevar,ASSOCIATE_OF,,2019-11-13,0.74,0.64,CRIMINAL_HISTORY_DB,0
E002824,P001632,Manoj Menon,P000288,Gautam Ghosh,ASSOCIATE_OF,,2020-11-03,0.66,0.49,CRIMINAL_HISTORY_DB,0
E002825,P001632,Manoj Menon,P000649,Srinivas Choudary,ASSOCIATE_OF,,2020-06-29,0.73,0.5,CRIMINAL_HISTORY_DB,0
E002826,P001633,Bala Gounder,P000260,Gautam Adhikari,ASSOCIATE_OF,,2021-09-24,0.74,0.58,CRIMINAL_HISTORY_DB,0
E002827,P001633,Bala Gounder,P000482,Naresh Mishra,ASSOCIATE_OF,,2024-12-07,0.52,0.44,FIR,0
E002828,P001634,Harpreet Sidhu,P000169,Rukhsana Ahmed,ASSOCIATE_OF,,2022-10-26,0.93,0.53,FIR,0
E002829,P001634,Harpreet Sidhu,P000672,Sasmita Mallick,ASSOCIATE_OF,,2022-01-22,0.32,0.62,CRIMINAL_HISTORY_DB,0
E002830,P001635,Sarfaraz Mansuri,P000871,Temjen Momin,ASSOCIATE_OF,,2021-02-28,0.81,0.66,CRIMINAL_HISTORY_DB,0
E002831,P001635,Sarfaraz Mansuri,P000725,Altaf Khan,ASSOCIATE_OF,,2020-10-12,0.34,0.43,CRIMINAL_HISTORY_DB,0
E002832,P001635,Sarfaraz Mansuri,P000738,Dharmesh Joshi,ASSOCIATE_OF,,2018-02-24,0.25,0.45,CRIMINAL_HISTORY_DB,0
E002833,P001636,Swapnil Bhoir,P000379,Saravanan Naicker,ASSOCIATE_OF,,2024-10-05,0.7,0.61,FIR,0
E002834,P001636,Swapnil Bhoir,P000933,Sajid Zaidi,ASSOCIATE_OF,,2023-05-26,0.31,0.54,FIR,0
E002835,P001637,Bikram Jamir,P000757,Ashfaq Rahman,ASSOCIATE_OF,,2022-11-02,0.82,0.48,CRIMINAL_HISTORY_DB,0
E002836,P001637,Bikram Jamir,P000925,Sachin Naik,ASSOCIATE_OF,,2023-10-24,0.7,0.6,FIR,0
E002837,P001637,Bikram Jamir,P000178,Udaiveer Saini,ASSOCIATE_OF,,2025-11-08,0.2,0.44,CRIMINAL_HISTORY_DB,0
E002838,P001638,Swapnil Bhoir,P000852,Mallesh Kumar,ASSOCIATE_OF,,2023-07-06,0.37,0.67,CRIMINAL_HISTORY_DB,0
E002839,P001638,Swapnil Bhoir,P000109,Firoz Chaudhary,ASSOCIATE_OF,,2021-10-11,0.29,0.52,FIR,0
E002840,P001639,Firoz Mansuri,P000238,Girdhari Baghel,ASSOCIATE_OF,,2022-12-06,0.8,0.65,CRIMINAL_HISTORY_DB,0
E002841,P001639,Firoz Mansuri,P000218,Haroon Baig,ASSOCIATE_OF,,2023-09-04,0.38,0.61,CRIMINAL_HISTORY_DB,0
E002842,P001639,Firoz Mansuri,P000690,Bimal Majumdar,ASSOCIATE_OF,,2020-10-30,0.21,0.52,CRIMINAL_HISTORY_DB,0
E002843,P001640,Shakeel Malik,P000540,Tarsem Gill,ASSOCIATE_OF,,2022-01-18,0.29,0.66,FIR,0
E002844,P001640,Shakeel Malik,P000160,Rachhpal Singh,ASSOCIATE_OF,,2022-06-27,0.41,0.51,FIR,0
E002845,P001641,Tanveer Rahman,P000445,Kartik Das,ASSOCIATE_OF,,2025-10-01,0.25,0.52,CRIMINAL_HISTORY_DB,0
E002846,P001642,Sunil Sharma,P000170,Gopal Poonia,ASSOCIATE_OF,,2019-01-16,0.85,0.64,CRIMINAL_HISTORY_DB,0
E002847,P001642,Sunil Sharma,P000784,Ashfaq Sheikh,ASSOCIATE_OF,,2018-02-13,0.91,0.7,CRIMINAL_HISTORY_DB,0
E002848,P001642,Sunil Sharma,P000472,Manoj Kashyap,ASSOCIATE_OF,,2025-05-12,0.65,0.47,FIR,0
E002849,P001643,Malkiat Virk,P000355,Randhir Sharma,ASSOCIATE_OF,,2019-01-17,0.46,0.67,FIR,0
E002850,P001643,Malkiat Virk,P000521,Vijay Bhadauria,ASSOCIATE_OF,,2022-10-09,0.3,0.44,FIR,0
E002851,P001643,Malkiat Virk,P000068,Reshma Saifi,ASSOCIATE_OF,,2025-11-23,0.6,0.61,CRIMINAL_HISTORY_DB,0
E002852,P001644,Mallesh Naidu,P000647,Trilochan Rout,ASSOCIATE_OF,,2021-11-16,0.31,0.55,CRIMINAL_HISTORY_DB,0
E002853,P001644,Mallesh Naidu,P000353,Ratheesh Menon,ASSOCIATE_OF,,2025-10-14,0.25,0.46,CRIMINAL_HISTORY_DB,0
E002854,P001645,Rupa Das,P000534,Pushpa Awasthi,ASSOCIATE_OF,,2025-01-28,0.72,0.63,CRIMINAL_HISTORY_DB,0
E002855,P001645,Rupa Das,P000469,Mohammed Baig,ASSOCIATE_OF,,2020-07-30,0.92,0.55,CRIMINAL_HISTORY_DB,0
E002856,P001646,Gopal Naskar,P000619,Prasanna Mallick,ASSOCIATE_OF,,2020-02-25,0.38,0.42,CRIMINAL_HISTORY_DB,0
E002857,P001647,Shahnawaz Ansari,P000757,Ashfaq Rahman,ASSOCIATE_OF,,2019-06-28,0.48,0.69,FIR,0
E002858,P001647,Shahnawaz Ansari,P000244,Altaf Baig,ASSOCIATE_OF,,2026-03-20,0.36,0.47,FIR,0
E002859,P001648,Gurmeet Bajwa,P000453,Hariom Shukla,ASSOCIATE_OF,,2023-09-02,0.71,0.61,CRIMINAL_HISTORY_DB,0
E002860,P001648,Gurmeet Bajwa,P000456,Manju Prajapati,ASSOCIATE_OF,,2021-01-01,0.63,0.66,CRIMINAL_HISTORY_DB,0
E002861,P001649,Imran Qureshi,P000324,Nilesh Parmar,ASSOCIATE_OF,,2020-10-13,0.7,0.61,CRIMINAL_HISTORY_DB,0
E002862,P001650,Velu Nadar,P000179,Nepal Mistry,ASSOCIATE_OF,,2018-12-21,0.37,0.56,FIR,0
E002863,P001650,Velu Nadar,P000733,Kalpesh Solanki,ASSOCIATE_OF,,2018-03-16,0.24,0.41,FIR,0
E002864,P001651,Ashok Verma,P000175,Rajesh Prajapati,ASSOCIATE_OF,,2020-01-03,0.5,0.51,FIR,0
E002865,P001651,Ashok Verma,P000028,Alpesh Thakor,ASSOCIATE_OF,,2021-12-09,0.85,0.68,CRIMINAL_HISTORY_DB,0
E002866,P001652,Ratheesh Menon,P000544,Iqbal Malik,ASSOCIATE_OF,,2020-09-29,0.63,0.58,FIR,0
E002867,P001653,Shanti Dubey,P000582,Arindam Bhattacharya,ASSOCIATE_OF,,2023-04-01,0.65,0.44,FIR,0
E002868,P001654,Pradeep Maurya,P000423,Sikha Halder,ASSOCIATE_OF,,2025-05-20,0.61,0.43,CRIMINAL_HISTORY_DB,0
E002869,P001654,Pradeep Maurya,P000554,Davinder Bhullar,ASSOCIATE_OF,,2020-09-23,0.21,0.41,CRIMINAL_HISTORY_DB,0
E002870,P001655,Sarfaraz Chaudhary,P000014,Jayesh Barot,ASSOCIATE_OF,,2018-08-17,0.79,0.42,CRIMINAL_HISTORY_DB,0
E002871,P001655,Sarfaraz Chaudhary,P000911,Pradeep Maurya,ASSOCIATE_OF,,2022-11-27,0.41,0.59,CRIMINAL_HISTORY_DB,0
E002872,P001655,Sarfaraz Chaudhary,P000105,Mohan Sisodia,ASSOCIATE_OF,,2025-11-11,0.44,0.63,FIR,0
E002873,P001656,Netrapal Saini,P000363,Perumal Kurup,ASSOCIATE_OF,,2020-06-11,0.33,0.51,FIR,0
E002874,P001656,Netrapal Saini,P000388,Manjunath Hegde,ASSOCIATE_OF,,2025-09-25,0.62,0.61,CRIMINAL_HISTORY_DB,0
E002875,P001656,Netrapal Saini,P000197,Gopal Roy,ASSOCIATE_OF,,2025-05-01,0.32,0.56,FIR,0
E002876,P001657,Girdhari Prajapati,P000396,Netrapal Nishad,ASSOCIATE_OF,,2025-10-23,0.29,0.51,FIR,0
E002877,P001658,Sanjay Nagar,P000308,Netrapal Singh,ASSOCIATE_OF,,2024-02-05,0.72,0.47,CRIMINAL_HISTORY_DB,0
E002878,P001658,Sanjay Nagar,P000291,Manoj Menon,ASSOCIATE_OF,,2025-05-30,0.36,0.59,FIR,0
E002879,P001658,Sanjay Nagar,P000997,Pradip Majumdar,ASSOCIATE_OF,,2021-03-14,0.41,0.53,CRIMINAL_HISTORY_DB,0
E002880,P001659,Zubair Sheikh,P000983,Rodney Fernandes,ASSOCIATE_OF,,2023-05-03,0.55,0.4,FIR,0
E002881,P001659,Zubair Sheikh,P000826,Jarnail Singh,ASSOCIATE_OF,,2025-05-20,0.68,0.45,FIR,0
E002882,P001659,Zubair Sheikh,P000428,Sajid Farooqui,ASSOCIATE_OF,,2024-08-23,0.56,0.55,CRIMINAL_HISTORY_DB,0
E002883,P001660,Altaf Khan,P000550,Anwar Qureshi,ASSOCIATE_OF,,2022-11-03,0.57,0.55,CRIMINAL_HISTORY_DB,0
E002884,P001660,Altaf Khan,P000134,Tanveer Sheikh,ASSOCIATE_OF,,2020-07-27,0.91,0.47,CRIMINAL_HISTORY_DB,0
E002885,P001661,Subhas Naskar,P000584,Pradip Sen,ASSOCIATE_OF,,2023-09-22,0.5,0.58,FIR,0
E002886,P001662,Mahesh Pandey,P000195,Anil Thakur,ASSOCIATE_OF,,2026-04-07,0.73,0.5,CRIMINAL_HISTORY_DB,0
E002887,P001663,Saravanan Mudaliar,P000342,Rasik Mehta,ASSOCIATE_OF,,2021-12-23,0.77,0.67,CRIMINAL_HISTORY_DB,0
E002888,P001664,Abdul Shaikh,P000854,Bikram Devi,ASSOCIATE_OF,,2019-08-10,0.84,0.58,FIR,0
E002889,P001664,Abdul Shaikh,P000152,Bhoma Poonia,ASSOCIATE_OF,,2022-12-18,0.34,0.63,CRIMINAL_HISTORY_DB,0
E002890,P001664,Abdul Shaikh,P000758,Ibrahim Shaikh,ASSOCIATE_OF,,2021-05-12,0.24,0.58,FIR,0
E002891,P001665,Anwar Qureshi,P000178,Udaiveer Saini,ASSOCIATE_OF,,2019-01-28,0.6,0.52,FIR,0
E002892,P001666,Nirmal Barman,P000037,Ganesh Dalvi,ASSOCIATE_OF,,2021-03-27,0.94,0.43,FIR,0
E002893,P001667,Sarfaraz Chaudhary,P000164,Gurmeet Aulakh,ASSOCIATE_OF,,2020-05-03,0.31,0.66,FIR,0
E002894,P001667,Sarfaraz Chaudhary,P000221,Triloki Solanki,ASSOCIATE_OF,,2020-10-03,0.29,0.65,FIR,0
E002895,P001667,Sarfaraz Chaudhary,P000067,Pandurang Mhatre,ASSOCIATE_OF,,2023-08-22,0.42,0.65,FIR,0
E002896,P001668,Shailendra Kashyap,P000359,Shivanna Kamath,ASSOCIATE_OF,,2020-06-28,0.83,0.42,FIR,0
E002897,P001668,Shailendra Kashyap,P000514,Rafiq Sheikh,ASSOCIATE_OF,,2018-09-04,0.86,0.66,FIR,0
E002898,P001668,Shailendra Kashyap,P000130,Sohan Kumawat,ASSOCIATE_OF,,2019-08-13,0.35,0.64,FIR,0
E002899,P001669,Mukesh Baghel,P000985,Arindam Chakraborty,ASSOCIATE_OF,,2025-10-21,0.22,0.51,FIR,0
E002900,P001670,Mallikarjun Desai,P000723,Ketan Prajapati,ASSOCIATE_OF,,2019-07-05,0.49,0.58,FIR,0
E002901,P001670,Mallikarjun Desai,P000595,Faizan Pathan,ASSOCIATE_OF,,2022-01-21,0.97,0.51,FIR,0
E002902,P001670,Mallikarjun Desai,P000963,Sandip Bhoir,ASSOCIATE_OF,,2018-12-29,0.7,0.57,FIR,0
E002903,P001671,Bimal Adhikari,P000969,Aslam Ansari,ASSOCIATE_OF,,2022-12-18,0.67,0.69,FIR,0
E002904,P001671,Bimal Adhikari,P000655,Karthik Thevar,ASSOCIATE_OF,,2023-03-16,0.43,0.47,FIR,0
E002905,P001672,Ajay Tiwari,P000162,Amarjit Dhillon,ASSOCIATE_OF,,2022-03-28,0.74,0.49,CRIMINAL_HISTORY_DB,0
E002906,P001672,Ajay Tiwari,P000737,Sachin Patil,ASSOCIATE_OF,,2022-03-17,0.64,0.55,CRIMINAL_HISTORY_DB,0
E002907,P001673,Sarfaraz Zaidi,P000838,Chandrabhan Bhadauria,ASSOCIATE_OF,,2018-04-03,0.36,0.6,FIR,0
E002908,P001673,Sarfaraz Zaidi,P000876,Krishnaiah Goud,ASSOCIATE_OF,,2019-08-18,0.22,0.57,FIR,0
E002909,P001673,Sarfaraz Zaidi,P000284,Deepak Baghel,ASSOCIATE_OF,,2024-08-01,0.94,0.51,CRIMINAL_HISTORY_DB,0
E002910,P001674,Bikramjit Sidhu,P000953,Bibhuti Behera,ASSOCIATE_OF,,2023-12-22,0.94,0.63,CRIMINAL_HISTORY_DB,0
E002911,P001674,Bikramjit Sidhu,P000150,Sarfaraz Mansuri,ASSOCIATE_OF,,2022-08-05,0.79,0.65,CRIMINAL_HISTORY_DB,0
E002912,P001674,Bikramjit Sidhu,P000087,Ibrahim Siddiqui,ASSOCIATE_OF,,2023-10-06,0.64,0.57,CRIMINAL_HISTORY_DB,0
E002913,P001675,Manju Yadav,P000588,Tapan Roy,ASSOCIATE_OF,,2020-05-21,0.56,0.48,FIR,0
E002914,P001675,Manju Yadav,P000417,Yogendra Tomar,ASSOCIATE_OF,,2025-05-02,0.59,0.63,FIR,0
E002915,P001675,Manju Yadav,P000673,Vijay Dubey,ASSOCIATE_OF,,2026-01-05,0.69,0.46,CRIMINAL_HISTORY_DB,0
E002916,P001676,Tushar Zala,P000981,Ibrahim Shaikh,ASSOCIATE_OF,,2023-05-03,0.91,0.53,CRIMINAL_HISTORY_DB,0
E002917,P001676,Tushar Zala,P000527,Harbhajan Sarao,ASSOCIATE_OF,,2022-12-10,0.7,0.54,CRIMINAL_HISTORY_DB,0
E002918,P001676,Tushar Zala,P000261,Sunil Shukla,ASSOCIATE_OF,,2021-02-15,0.72,0.66,FIR,0
E002919,P001677,Aslam Ansari,P000453,Hariom Shukla,ASSOCIATE_OF,,2024-05-24,0.2,0.44,FIR,0
E002920,P001677,Aslam Ansari,P000333,Ketan Dave,ASSOCIATE_OF,,2020-10-19,0.31,0.62,CRIMINAL_HISTORY_DB,0
E002921,P001678,Farida Khan,P000835,Bikramjit Sekhon,ASSOCIATE_OF,,2025-07-26,0.96,0.64,FIR,0
E002922,P001678,Farida Khan,P000609,Pradeep Shukla,ASSOCIATE_OF,,2022-03-04,0.91,0.41,FIR,0
E002923,P001678,Farida Khan,P000859,Thangaraj Naicker,ASSOCIATE_OF,,2019-10-20,0.87,0.66,FIR,0
E002924,P001679,Satnam Sandhu,P000175,Rajesh Prajapati,ASSOCIATE_OF,,2019-06-17,0.85,0.49,FIR,0
E002925,P001680,Jignesh Patel,P000879,Velu Annadurai,ASSOCIATE_OF,,2018-05-13,0.27,0.52,CRIMINAL_HISTORY_DB,0
E002926,P001680,Jignesh Patel,P000191,Firoz Sheikh,ASSOCIATE_OF,,2020-06-12,0.38,0.61,CRIMINAL_HISTORY_DB,0
E002927,P001681,Manoj Menon,P000343,Hardik Zala,ASSOCIATE_OF,,2023-09-26,0.67,0.64,CRIMINAL_HISTORY_DB,0
E002928,P001682,Pramod Shukla,P000976,Snehal Bhosale,ASSOCIATE_OF,,2021-01-19,0.56,0.47,CRIMINAL_HISTORY_DB,0
E002929,P001683,Mallikarjun Desai,P000742,Smita Sawant,ASSOCIATE_OF,,2024-01-12,0.22,0.45,FIR,0
E002930,P001683,Mallikarjun Desai,P000667,Pramod Singh,ASSOCIATE_OF,,2018-06-20,0.62,0.46,CRIMINAL_HISTORY_DB,0
E002931,P001683,Mallikarjun Desai,P000736,Sunil Yadav,ASSOCIATE_OF,,2018-12-11,0.33,0.6,FIR,0
E002932,P001684,Bhagaban Patra,P000795,Zubair Chaudhary,ASSOCIATE_OF,,2019-03-18,0.33,0.48,CRIMINAL_HISTORY_DB,0
E002933,P001684,Bhagaban Patra,P000284,Deepak Baghel,ASSOCIATE_OF,,2019-08-14,0.26,0.62,FIR,0
E002934,P001685,Prakash Srivastava,P000923,Sarfaraz Farooqui,ASSOCIATE_OF,,2018-01-17,0.97,0.69,CRIMINAL_HISTORY_DB,0
E002935,P001686,Prakash Awasthi,P000042,Trupti Rabari,ASSOCIATE_OF,,2022-04-29,0.81,0.51,CRIMINAL_HISTORY_DB,0
E002936,P001686,Prakash Awasthi,P000119,Faizan Alam,ASSOCIATE_OF,,2021-04-11,0.7,0.52,FIR,0
E002937,P001686,Prakash Awasthi,P000632,Sekar Subramanian,ASSOCIATE_OF,,2021-03-09,0.24,0.57,CRIMINAL_HISTORY_DB,0
E002938,P001687,Imran Hussain,P000191,Firoz Sheikh,ASSOCIATE_OF,,2021-06-04,0.96,0.49,FIR,0
E002939,P001687,Imran Hussain,P000678,Bibhuti Munda,ASSOCIATE_OF,,2026-03-09,0.45,0.55,FIR,0
E002940,P001688,Aslam Khan,P000323,Wasim Sheikh,ASSOCIATE_OF,,2021-04-30,0.34,0.68,CRIMINAL_HISTORY_DB,0
E002941,P001688,Aslam Khan,P000714,Divyesh Vaghela,ASSOCIATE_OF,,2021-09-16,0.21,0.52,CRIMINAL_HISTORY_DB,0
E002942,P001688,Aslam Khan,P000137,Paramjit Gill,ASSOCIATE_OF,,2019-07-21,0.75,0.46,CRIMINAL_HISTORY_DB,0
E002943,P001689,Nagaraju Nallamothu,P000161,Mohan Sisodia,ASSOCIATE_OF,,2023-04-28,0.31,0.44,CRIMINAL_HISTORY_DB,0
E002944,P001689,Nagaraju Nallamothu,P000858,Randhir Nishad,ASSOCIATE_OF,,2025-07-28,0.67,0.57,FIR,0
E002945,P001689,Nagaraju Nallamothu,P000802,Kishan Jat,ASSOCIATE_OF,,2019-03-02,0.92,0.48,CRIMINAL_HISTORY_DB,0
E002946,P001690,Ranveer Kumawat,P000665,Pramila Dash,ASSOCIATE_OF,,2018-10-02,0.55,0.42,CRIMINAL_HISTORY_DB,0
E002947,P001690,Ranveer Kumawat,P000789,Wasim Qureshi,ASSOCIATE_OF,,2025-09-09,0.79,0.51,CRIMINAL_HISTORY_DB,0
E002948,P001691,Nathu Ranawat,P000367,Ilango Annadurai,ASSOCIATE_OF,,2019-07-15,0.29,0.53,CRIMINAL_HISTORY_DB,0
E002949,P001691,Nathu Ranawat,P000665,Pramila Dash,ASSOCIATE_OF,,2019-07-22,0.26,0.47,FIR,0
E002950,P001691,Nathu Ranawat,P000853,Rajesh Jaiswal,ASSOCIATE_OF,,2021-06-08,0.36,0.57,FIR,0
E002951,P001692,Firoz Chaudhary,P000946,Rajni Awasthi,ASSOCIATE_OF,,2021-03-15,0.81,0.42,CRIMINAL_HISTORY_DB,0
E002952,P001692,Firoz Chaudhary,P000168,Sukhdev Bhullar,ASSOCIATE_OF,,2023-04-02,0.82,0.55,FIR,0
E002953,P001692,Firoz Chaudhary,P000365,Velu Nadar,ASSOCIATE_OF,,2023-10-05,0.97,0.54,CRIMINAL_HISTORY_DB,0
E002954,P001693,Ganesh Dalvi,P000573,Sandeep Dixit,ASSOCIATE_OF,,2025-02-08,0.25,0.43,CRIMINAL_HISTORY_DB,0
E002955,P001693,Ganesh Dalvi,P000170,Gopal Poonia,ASSOCIATE_OF,,2019-11-12,0.7,0.42,FIR,0
E002956,P001694,Netrapal Nishad,P000015,Swapnil Bhoir,ASSOCIATE_OF,,2023-10-11,0.94,0.51,CRIMINAL_HISTORY_DB,0
E002957,P001694,Netrapal Nishad,P000987,Karni Gurjar,ASSOCIATE_OF,,2024-10-28,0.69,0.42,FIR,0
E002958,P001694,Netrapal Nishad,P000201,Balbir Singh,ASSOCIATE_OF,,2018-07-08,0.37,0.56,FIR,0
