incident_id,person_id,person_name,role_in_incident,arrested,chargesheeted,arrest_date
INC000001,P000978,Kuldeep Thakur,SUSPECT,0,0,
INC000001,P000883,Ravi Poojary,ACCUSED,0,0,
INC000001,P000932,Chandrabhan Baghel,SUSPECT,1,0,2024-12-13
INC000001,P001498,Selvam Chettiar,COMPLAINANT,0,0,
INC000001,P001367,Temjen Basumatary,VICTIM,0,0,
INC000001,P001395,Satish Pandey,WITNESS,0,0,
INC000002,P000586,Nirmal Mistry,SUSPECT,1,1,2026-02-28
INC000002,P000591,Anup Roy,SUSPECT,1,0,2025-11-14
INC000002,P000610,Nirmal Bose,ACCUSED,1,1,2026-02-06
INC000002,P001046,Shakeel Ahmed,COMPLAINANT,0,0,
INC000002,P001200,Rajwinder Bains,VICTIM,0,0,
INC000002,P001448,Reshma Chaudhary,WITNESS,0,0,
INC000003,P000718,Haroon Pathan,ABSCONDING_ACCUSED,1,0,2026-07-06
INC000003,P000759,Devendra Chauhan,SUSPECT,0,0,
INC000003,P000753,Chandrabhan Shukla,ACCUSED,0,0,
INC000003,P000735,Vipul Parmar,ABSCONDING_ACCUSED,0,0,
INC000003,P001457,Nepal Biswas,COMPLAINANT,0,0,
INC000003,P001327,Hanuman Ranawat,VICTIM,0,0,
INC000004,P000834,Jasbir Brar,ACCUSED,1,0,2024-09-12
INC000004,P000826,Jarnail Singh,ACCUSED,0,0,
INC000004,P000828,Harjinder Kang,ACCUSED,0,0,
INC000004,P000803,Malkiat Virk,ACCUSED,1,0,2024-10-27
INC000004,P001092,Dhanapal Sundaram,COMPLAINANT,0,0,
INC000004,P001291,Hitesh Thakor,VICTIM,0,0,
INC000005,P000172,Kanta Choudhary,SUSPECT,0,0,
INC000005,P001054,Gopal Mistry,COMPLAINANT,0,0,
INC000005,P001175,Nagaratna Shetty,VICTIM,0,0,
INC000005,P001413,Nilesh Deshmukh,WITNESS,0,0,
INC000006,P000337,Kalpesh Vaghela,ABSCONDING_ACCUSED,0,0,
INC000006,P000298,Baiju Marar,ACCUSED,0,0,
INC000006,P001238,Nazia Malik,COMPLAINANT,0,0,
INC000006,P001375,Yellaiah Yadav,VICTIM,0,0,
INC000006,P001093,Farida Siddiqui,WITNESS,0,0,
INC000007,P000725,Altaf Khan,ACCUSED,0,0,
INC000007,P000713,Aarti More,ABSCONDING_ACCUSED,1,0,2021-10-23
INC000007,P000728,Netrapal Saini,ACCUSED,0,0,
INC000007,P000749,Shyamlal Bhardwaj,ACCUSED,0,0,
INC000007,P000758,Ibrahim Shaikh,SUSPECT,1,0,2021-08-25
INC000007,P001190,Ramkali Bhadauria,COMPLAINANT,0,0,
INC000007,P001385,Rafiq Rahman,VICTIM,0,0,
INC000007,P001277,Bhavesh Shah,WITNESS,0,0,
INC000008,P000165,Nadeem Chaudhary,ACCUSED,1,0,2024-01-13
INC000008,P000158,Sarfaraz Siddiqui,ACCUSED,1,1,2023-09-19
INC000008,P001153,Kanta Gurjar,COMPLAINANT,0,0,
INC000008,P001274,Yusuf Saifi,VICTIM,0,0,
INC000009,P000886,Rachhpal Grewal,ACCUSED,0,0,
INC000009,P000928,Vijay Sengar,ACCUSED,0,0,
INC000009,P000973,Shabana Pathan,SUSPECT,1,1,2019-08-17
INC000009,P001081,Afsana Mansuri,COMPLAINANT,0,0,
INC000009,P001394,Saravanan Gounder,VICTIM,0,0,
INC000009,P001036,Nasreen Zaidi,WITNESS,0,0,
INC000010,P000534,Pushpa Awasthi,ACCUSED,1,1,2025-08-28
INC000010,P000540,Tarsem Gill,ACCUSED,1,0,2025-06-07
INC000010,P000568,Lakhwinder Singh,SUSPECT,0,0,
INC000010,P000523,Triloki Shukla,ACCUSED,0,0,
INC000010,P000544,Iqbal Malik,SUSPECT,1,1,2025-11-03
INC000010,P001095,Meena Nagar,COMPLAINANT,0,0,
INC000010,P001161,Rina Pal,VICTIM,0,0,
INC000010,P001084,Davinder Kang,WITNESS,0,0,
INC000011,P000598,Tanveer Siddiqui,ABSCONDING_ACCUSED,1,0,2024-05-29
INC000011,P001320,Rafiq Pathan,COMPLAINANT,0,0,
INC000011,P001214,Mangesh Salunkhe,VICTIM,0,0,
INC000012,P000752,Mitesh Shah,SUSPECT,0,0,
INC000012,P000740,Faizan Baig,ACCUSED,1,1,2023-10-11
INC000012,P000749,Shyamlal Bhardwaj,ABSCONDING_ACCUSED,0,0,
INC000012,P000759,Devendra Chauhan,ACCUSED,1,1,2024-02-07
INC000012,P000735,Vipul Parmar,SUSPECT,0,0,
INC000012,P001435,Mangamma Vemula,COMPLAINANT,0,0,
INC000012,P001430,Rajendran Naicker,VICTIM,0,0,
INC000012,P001277,Bhavesh Shah,WITNESS,0,0,
INC000013,P000036,Shahnaz Alam,ACCUSED,1,1,2026-01-09
INC000013,P001300,Rajitha Goud,COMPLAINANT,0,0,
INC000013,P001103,Om Prakash Saini,VICTIM,0,0,
INC000013,P001483,Udaiveer Sengar,WITNESS,0,0,
INC000014,P000744,Hardik Thakor,ACCUSED,0,0,
INC000014,P000753,Chandrabhan Shukla,ACCUSED,1,1,2026-02-21
INC000014,P001358,Ravi Patil,COMPLAINANT,0,0,
INC000014,P001361,Suman Bhati,VICTIM,0,0,
INC000015,P000689,Jagdish Verma,ACCUSED,1,0,2021-10-15
INC000015,P001064,Aarti More,COMPLAINANT,0,0,
INC000015,P001425,Shyamlal Saini,VICTIM,0,0,
INC000015,P001353,Kuni Nayak,WITNESS,0,0,
INC000016,P000511,Rafiq Zaidi,ACCUSED,0,0,
INC000016,P000482,Naresh Mishra,ACCUSED,1,0,2026-12-02
INC000016,P000478,Triloki Tiwari,SUSPECT,1,0,2026-09-26
INC000016,P000475,Tanveer Pathan,SUSPECT,1,0,2026-11-07
INC000016,P001420,Rupa Halder,COMPLAINANT,0,0,
INC000016,P001276,Arif Pathan,VICTIM,0,0,
INC000016,P001443,Srinivas Varma,WITNESS,0,0,
INC000017,P000945,Bhaskar Dalvi,ACCUSED,1,0,2025-04-04
INC000017,P000882,Lekhraj Baghel,SUSPECT,1,0,2025-05-06
INC000017,P000958,Bhupendra Srivastava,ACCUSED,1,0,2025-08-10
INC000017,P000985,Arindam Chakraborty,ACCUSED,1,1,2025-06-04
INC000017,P000887,Anoop Kartha,ACCUSED,1,1,2025-05-20
INC000017,P001220,Nagaratna Kamath,COMPLAINANT,0,0,
INC000017,P001447,Tanaji Gaikwad,VICTIM,0,0,
INC000017,P001268,Deepa Warrier,WITNESS,0,0,
INC000018,P000871,Temjen Momin,ACCUSED,0,0,
INC000018,P000846,Mahesh Shukla,ACCUSED,0,0,
INC000018,P000878,Srinivas Bandari,SUSPECT,0,0,
INC000018,P001479,Jaswant Sandhu,COMPLAINANT,0,0,
INC000018,P001214,Mangesh Salunkhe,VICTIM,0,0,
INC000018,P001473,Shabana Qureshi,WITNESS,0,0,
INC000019,P000098,Haroon Rahman,SUSPECT,0,0,
INC000019,P000167,Sukhwinder Dhillon,SUSPECT,1,0,2023-07-23
INC000019,P000118,Bikramjit Sidhu,ACCUSED,0,0,
INC000019,P001479,Jaswant Sandhu,COMPLAINANT,0,0,
INC000019,P001277,Bhavesh Shah,WITNESS,0,0,
INC000020,P000927,Mangesh Salunkhe,ACCUSED,0,0,
INC000020,P000893,Imran Qureshi,ACCUSED,1,1,2023-07-21
INC000020,P000931,Jagdish Sengar,SUSPECT,1,1,2023-05-02
INC000020,P000913,Sandip Bhoir,ACCUSED,1,1,2023-07-20
INC000020,P001237,Devendra Sengar,COMPLAINANT,0,0,
INC000020,P001264,Karni Rathore,VICTIM,0,0,
INC000021,P000567,Triloki Yadav,ACCUSED,1,1,2026-08-24
INC000021,P000548,Anil Prajapati,SUSPECT,0,0,
INC000021,P000526,Vinod Singh,ACCUSED,0,0,
INC000021,P000559,Tarsem Singh,ACCUSED,0,0,
INC000021,P001269,Hanumanthappa Chikkanna,COMPLAINANT,0,0,
INC000021,P001153,Kanta Gurjar,VICTIM,0,0,
INC000021,P001470,Nadeem Shaikh,WITNESS,0,0,
INC000022,P000490,Ashok Verma,ACCUSED,0,0,
INC000022,P000504,Jitendra Solanki,ACCUSED,1,1,2026-03-02
INC000022,P000475,Tanveer Pathan,ACCUSED,1,1,2026-08-03
INC000022,P001494,Poonam Sengar,COMPLAINANT,0,0,
INC000022,P001173,Sarla Vyas,VICTIM,0,0,
INC000023,P000488,Aslam Ahmed,ACCUSED,0,0,
INC000023,P000480,Tanveer Farooqui,ACCUSED,1,1,2026-03-28
INC000023,P000514,Rafiq Sheikh,SUSPECT,0,0,
INC000023,P001283,Swapnil Naik,COMPLAINANT,0,0,
INC000023,P001369,Pushpalatha Angadi,VICTIM,0,0,
INC000023,P001046,Shakeel Ahmed,WITNESS,0,0,
INC000024,P000792,Nazia Khan,ACCUSED,1,1,2024-06-01
INC000024,P000765,Salim Shaikh,ACCUSED,0,0,
INC000024,P000786,Shailendra Sharma,ACCUSED,1,1,2024-09-01
INC000024,P001320,Rafiq Pathan,COMPLAINANT,0,0,
INC000024,P001139,Nagaraju Sharma,VICTIM,0,0,
INC000025,P000844,Gurpreet Toor,SUSPECT,1,0,2025-08-25
INC000025,P001036,Nasreen Zaidi,COMPLAINANT,0,0,
INC000025,P001143,Suresh Srivastava,VICTIM,0,0,
INC000026,P000715,Imran Farooqui,ACCUSED,1,0,2026-11-13
INC000026,P000730,Arif Mansuri,SUSPECT,1,1,2026-07-18
INC000026,P000755,Nilesh Bhoir,ABSCONDING_ACCUSED,1,1,2026-10-20
INC000026,P000737,Sachin Patil,ABSCONDING_ACCUSED,1,0,2026-11-18
INC000026,P001171,Sandip Rane,COMPLAINANT,0,0,
INC000026,P001381,Ilango Pillai,VICTIM,0,0,
INC000026,P001321,Moumita Das,WITNESS,0,0,
INC000027,P000963,Sandip Bhoir,ACCUSED,0,0,
INC000027,P000947,Ratheesh Kurup,ACCUSED,0,0,
INC000027,P000915,Ibrahim Qureshi,ACCUSED,0,0,
INC000027,P001003,Rachna Baghel,COMPLAINANT,0,0,
INC000027,P001092,Dhanapal Sundaram,VICTIM,0,0,
INC000027,P001278,Imran Hussain,WITNESS,0,0,
INC000028,P000629,Ramulu Reddy,SUSPECT,1,1,2026-10-24
INC000028,P000657,Bhagaban Mohanty,ABSCONDING_ACCUSED,1,1,2026-09-30
INC000028,P000661,Rajendran Thevar,ACCUSED,1,1,2026-09-06
INC000028,P000613,Sasmita Behera,ACCUSED,1,1,2026-07-07
INC000028,P000612,Sudhakar Prasad,SUSPECT,0,0,
INC000028,P001261,Sabitri Adhikari,COMPLAINANT,0,0,
INC000028,P001144,Rekha Nagar,VICTIM,0,0,
INC000028,P001042,Yusuf Shaikh,WITNESS,0,0,
INC000029,P000731,Aarti Shinde,ACCUSED,1,1,2026-10-02
INC000029,P000718,Haroon Pathan,SUSPECT,0,0,
INC000029,P001306,Rajni Bhardwaj,COMPLAINANT,0,0,
INC000029,P001473,Shabana Qureshi,VICTIM,0,0,
INC000030,P000556,Zubair Saifi,ACCUSED,0,0,
INC000030,P000520,Simranjit Bains,ABSCONDING_ACCUSED,1,0,2021-11-11
INC000030,P001270,Meena Jaiswal,COMPLAINANT,0,0,
INC000030,P001337,Snehal Shinde,VICTIM,0,0,
INC000031,P000853,Rajesh Jaiswal,SUSPECT,0,0,
INC000031,P000846,Mahesh Shukla,SUSPECT,1,0,2025-04-23
INC000031,P000867,Lekhraj Bhardwaj,ACCUSED,0,0,
INC000031,P000868,Satish Maurya,SUSPECT,0,0,
INC000031,P001033,Thangaraj Chettiar,COMPLAINANT,0,0,
INC000031,P001090,Rekha Awasthi,VICTIM,0,0,
INC000032,P000008,Tanveer Idrisi,ACCUSED,1,1,2024-07-26
INC000032,P000076,Divyesh Shah,ACCUSED,1,1,2024-09-21
INC000032,P000091,Shahnawaz Hussain,ACCUSED,1,1,2024-10-07
INC000032,P000012,Vishal Shinde,SUSPECT,0,0,
INC000032,P001159,Rina Biswas,COMPLAINANT,0,0,
INC000032,P001254,Lekhraj Kashyap,VICTIM,0,0,
INC000033,P000128,Jasbir Kang,ABSCONDING_ACCUSED,0,0,
INC000033,P000123,Bhoma Poonia,ACCUSED,1,1,2026-11-06
INC000033,P000110,Iqbal Pathan,ACCUSED,1,1,2026-09-14
INC000033,P001227,Tapan Ghosh,COMPLAINANT,0,0,
INC000034,P000418,Gopal Naskar,ACCUSED,1,1,2023-05-27
INC000034,P000455,Kartik Majumdar,SUSPECT,0,0,
INC000034,P000456,Manju Prajapati,ACCUSED,1,0,2023-05-05
INC000034,P000461,Palash Sarkar,ABSCONDING_ACCUSED,1,1,2023-09-03
INC000034,P001185,Peter Lobo,COMPLAINANT,0,0,
INC000034,P001198,Iqbal Hussain,VICTIM,0,0,
INC000034,P001335,Manoj Srivastava,WITNESS,0,0,
INC000035,P000544,Iqbal Malik,ACCUSED,0,0,
INC000035,P000537,Harbhajan Bhullar,SUSPECT,1,1,2022-03-13
INC000035,P001111,Ravinder Prasad,COMPLAINANT,0,0,
INC000035,P001497,Deepak Singh,VICTIM,0,0,
INC000036,P000847,Yumnam Marak,ABSCONDING_ACCUSED,1,1,2024-07-19
INC000036,P000865,Padma Yadav,ACCUSED,1,1,2024-08-14
INC000036,P000878,Srinivas Bandari,ACCUSED,1,1,2024-07-26
INC000036,P000864,Rambabu Goud,ACCUSED,0,0,
INC000036,P000862,Ngangbam Brahma,SUSPECT,1,1,2024-09-30
INC000036,P001191,Imran Chaudhary,COMPLAINANT,0,0,
INC000036,P001410,Sanjay Yadav,VICTIM,0,0,
INC000037,P000704,Udaiveer Srivastava,SUSPECT,1,0,2023-07-02
INC000037,P000706,Balbir Baghel,SUSPECT,1,1,2023-10-24
INC000037,P000712,Basanta Panda,SUSPECT,1,0,2023-10-21
INC000037,P001462,Shyamlal Awasthi,COMPLAINANT,0,0,
INC000037,P001194,Arif Saifi,VICTIM,0,0,
INC000037,P001450,Chitra Chettiar,WITNESS,0,0,
INC000038,P000724,Pandurang Naik,ACCUSED,1,1,2026-02-19
INC000038,P000729,Vinod Bhadauria,ACCUSED,1,1,2025-12-20
INC000038,P000744,Hardik Thakor,SUSPECT,1,0,2025-12-03
INC000038,P000732,Bhaskar Shinde,SUSPECT,1,1,2026-04-05
INC000038,P001354,Sachin Salunkhe,COMPLAINANT,0,0,
INC000038,P001444,Clara Coutinho,VICTIM,0,0,
INC000039,P000714,Divyesh Vaghela,ABSCONDING_ACCUSED,0,0,
INC000039,P000719,Yusuf Khan,ACCUSED,0,0,
INC000039,P000735,Vipul Parmar,ACCUSED,0,0,
INC000039,P001002,Suman Sisodia,COMPLAINANT,0,0,
INC000039,P001412,Savita Saini,VICTIM,0,0,
INC000039,P001128,Mousumi Adhikari,WITNESS,0,0,
INC000040,P000743,Har Prasad Sharma,ACCUSED,1,1,2026-06-28
INC000040,P000760,Ashfaq Shaikh,ACCUSED,0,0,
INC000040,P000755,Nilesh Bhoir,SUSPECT,0,0,
INC000040,P000756,Shakeel Malik,ACCUSED,0,0,
INC000040,P000719,Yusuf Khan,ACCUSED,0,0,
INC000040,P000757,Ashfaq Rahman,SUSPECT,1,1,2026-12-20
INC000040,P000746,Swapnil Kadam,ACCUSED,0,0,
INC000040,P001184,Mallesh Mudiraj,COMPLAINANT,0,0,
INC000040,P001491,Shabana Siddiqui,WITNESS,0,0,
INC000041,P000673,Vijay Dubey,SUSPECT,1,1,2025-11-12
INC000041,P000702,Basanta Jena,ACCUSED,0,0,
INC000041,P000680,Prakash Dubey,ACCUSED,1,0,2025-08-19
INC000041,P000681,Ashim Biswas,ACCUSED,0,0,
INC000041,P000708,Rabindra Nayak,ABSCONDING_ACCUSED,1,1,2025-12-14
INC000041,P001115,Amol Kamble,COMPLAINANT,0,0,
INC000041,P001326,Nirmala Rajput,VICTIM,0,0,
INC000041,P001296,Elango Naicker,WITNESS,0,0,
INC000042,P000035,Sachin Bhosale,ABSCONDING_ACCUSED,1,1,2020-08-23
INC000042,P001439,Shabana Farooqui,COMPLAINANT,0,0,
INC000042,P001390,Naresh Srivastava,VICTIM,0,0,
INC000043,P000709,Akshaya Sahoo,ACCUSED,0,0,
INC000043,P001122,Nazia Ahmed,COMPLAINANT,0,0,
INC000043,P001004,Manjunath Bhat,VICTIM,0,0,
INC000043,P001372,Dhanapal Chettiar,WITNESS,0,0,
INC000044,P000707,Akshaya Sahoo,ACCUSED,0,0,
INC000044,P000676,Kartik Sardar,ACCUSED,0,0,
INC000044,P000702,Basanta Jena,ACCUSED,1,1,2024-06-11
INC000044,P001185,Peter Lobo,COMPLAINANT,0,0,
INC000044,P001463,Sudheer Menon,VICTIM,0,0,
INC000044,P001238,Nazia Malik,WITNESS,0,0,
INC000045,P000865,Padma Yadav,SUSPECT,1,1,2024-01-25
INC000045,P000850,Nagaraju Nallamothu,ACCUSED,0,0,
INC000045,P000860,Chandra Shekar Choudary,SUSPECT,0,0,
INC000045,P000846,Mahesh Shukla,ACCUSED,1,1,2023-12-24
INC000045,P000858,Randhir Nishad,ACCUSED,1,0,2024-04-01
INC000045,P001189,Jaswant Brar,COMPLAINANT,0,0,
INC000045,P001130,Seema Nishad,VICTIM,0,0,
INC000045,P001402,Falguni Bhatt,WITNESS,0,0,
INC000046,P000605,Pradip Chakraborty,ACCUSED,0,0,
INC000046,P000606,Tanveer Rahman,ABSCONDING_ACCUSED,1,0,2026-12-30
INC000046,P001239,Yogendra Bhadauria,COMPLAINANT,0,0,
INC000046,P001007,Naseer Saifi,VICTIM,0,0,
INC000046,P001024,Revathi Thevar,WITNESS,0,0,
INC000047,P000985,Arindam Chakraborty,SUSPECT,0,0,
INC000047,P000991,Nathu Beniwal,ABSCONDING_ACCUSED,1,0,2024-05-11
INC000047,P001331,Sukumar Pal,COMPLAINANT,0,0,
INC000047,P001095,Meena Nagar,VICTIM,0,0,
INC000048,P000891,Hariom Nishad,ACCUSED,0,0,
INC000048,P000972,Prakash Rai,ACCUSED,0,0,
INC000048,P001234,Kuldeep Awasthi,COMPLAINANT,0,0,
INC000048,P001249,Ganesh Pawar,VICTIM,0,0,
INC000048,P001045,Vidyawati Rathore,WITNESS,0,0,
INC000049,P000963,Sandip Bhoir,ACCUSED,0,0,
INC000049,P000926,Mariappan Annadurai,ACCUSED,1,1,2022-09-30
INC000049,P000899,Pradeep Pandey,ACCUSED,1,0,2022-11-24
INC000049,P001111,Ravinder Prasad,COMPLAINANT,0,0,
INC000049,P001476,Sandip Patil,VICTIM,0,0,
INC000049,P001155,Padma Kondapalli,WITNESS,0,0,
INC000050,P000518,Rukhsana Rahman,ACCUSED,1,1,2020-11-24
INC000050,P001253,Mousumi Ghosh,COMPLAINANT,0,0,
INC000050,P001469,Sandeep Mishra,VICTIM,0,0,
INC000051,P000981,Ibrahim Shaikh,ACCUSED,1,1,2026-06-24
INC000051,P000971,Bimal Adhikari,ACCUSED,0,0,
INC000051,P000989,Basanta Patra,ACCUSED,0,0,
INC000051,P001291,Hitesh Thakor,COMPLAINANT,0,0,
INC000051,P001008,Yasmin Alam,VICTIM,0,0,
INC000051,P001436,Alpesh Shah,WITNESS,0,0,
INC000052,P000079,Rasik Trivedi,ACCUSED,1,0,2024-03-30
INC000052,P000029,Ashwin Zala,ACCUSED,1,1,2023-11-27
INC000052,P001148,Kishan Jhala,COMPLAINANT,0,0,
INC000052,P001134,Mangamma Setty,VICTIM,0,0,
INC000052,P001405,Nagesh Angadi,WITNESS,0,0,
INC000053,P000481,Sajid Mansuri,ABSCONDING_ACCUSED,0,0,
INC000053,P000505,Nazia Khan,ACCUSED,0,0,
INC000053,P000476,Imran Rahman,ACCUSED,1,0,2023-03-18
INC000053,P000504,Jitendra Solanki,SUSPECT,1,1,2023-06-08
INC000053,P001299,Afsana Saifi,COMPLAINANT,0,0,
INC000053,P001243,Rajni Pandey,VICTIM,0,0,
INC000054,P000945,Bhaskar Dalvi,ACCUSED,0,0,
INC000054,P000901,Yogesh Rane,ACCUSED,1,1,2019-12-26
INC000054,P000992,Murugan Annadurai,ACCUSED,0,0,
INC000054,P000990,Ravi Naik,ACCUSED,1,1,2020-01-22
INC000054,P000944,Siddaraju Patil,ACCUSED,1,1,2019-09-23
INC000054,P000914,Shivanna Angadi,SUSPECT,0,0,
INC000054,P000921,Reshma Rahman,ACCUSED,1,0,2019-12-22
INC000054,P001148,Kishan Jhala,COMPLAINANT,0,0,
INC000054,P001028,Arun Baghel,VICTIM,0,0,
INC000054,P001243,Rajni Pandey,WITNESS,0,0,
INC000055,P000213,Ajay Tiwari,ACCUSED,0,0,
INC000055,P000220,Yogendra Gupta,ACCUSED,1,0,2026-04-27
INC000055,P001016,Preeti Rathore,COMPLAINANT,0,0,
INC000055,P001176,Amutha Pandian,VICTIM,0,0,
INC000055,P001256,Alwyn Noronha,WITNESS,0,0,
INC000056,P000985,Arindam Chakraborty,ABSCONDING_ACCUSED,1,0,2023-07-02
INC000056,P000917,Gurpreet Mann,ACCUSED,1,1,2023-09-22
INC000056,P001359,Sarita Gupta,COMPLAINANT,0,0,
INC000056,P001385,Rafiq Rahman,VICTIM,0,0,
INC000056,P001257,Vaishnavi Bhoir,WITNESS,0,0,
INC000057,P000947,Ratheesh Kurup,ACCUSED,1,1,2025-10-28
INC000057,P000885,Nepal Halder,ACCUSED,0,0,
INC000057,P000948,Xavier Almeida,ABSCONDING_ACCUSED,0,0,
INC000057,P000916,Anil Gupta,SUSPECT,1,0,2025-10-10
INC000057,P001000,Bhagya Angadi,ACCUSED,1,1,2025-06-27
INC000057,P000996,Udaiveer Thakur,ACCUSED,0,0,
INC000057,P000939,Chandru Shetty,SUSPECT,0,0,
INC000057,P001082,Shakeel Shaikh,COMPLAINANT,0,0,
INC000057,P001184,Mallesh Mudiraj,VICTIM,0,0,
INC000057,P001199,Sunil Chauhan,WITNESS,0,0,
INC000058,P000440,Swapan Gayen,ACCUSED,1,0,2023-05-12
INC000058,P000453,Hariom Shukla,ACCUSED,1,0,2023-04-17
INC000058,P001159,Rina Biswas,COMPLAINANT,0,0,
INC000058,P001148,Kishan Jhala,VICTIM,0,0,
INC000059,P000847,Yumnam Marak,ACCUSED,0,0,
INC000059,P000870,Mariappan Pandian,ACCUSED,0,0,
INC000059,P000848,Nagaraju Gupta,ACCUSED,1,1,2026-06-11
INC000059,P000867,Lekhraj Bhardwaj,ACCUSED,1,1,2026-07-03
INC000059,P001068,Kondaiah Bandari,COMPLAINANT,0,0,
INC000059,P001342,Prakash Patil,VICTIM,0,0,
INC000059,P001206,Mukesh Thakur,WITNESS,0,0,
INC000060,P000691,Arun Gupta,ACCUSED,0,0,
INC000060,P000677,Bhagaban Dash,SUSPECT,1,1,2026-08-20
INC000060,P001052,Bheru Vyas,COMPLAINANT,0,0,
INC000060,P001208,Hanumanthappa Hegde,VICTIM,0,0,
INC000060,P001249,Ganesh Pawar,WITNESS,0,0,
INC000061,P000713,Aarti More,SUSPECT,1,1,2026-07-01
INC000061,P000758,Ibrahim Shaikh,ACCUSED,0,0,
INC000061,P000745,Paresh Rabari,ACCUSED,1,1,2026-10-29
INC000061,P001222,Prasanna Behera,COMPLAINANT,0,0,
INC000061,P001007,Naseer Saifi,VICTIM,0,0,
INC000061,P001222,Prasanna Behera,WITNESS,0,0,
INC000062,P000469,Mohammed Baig,SUSPECT,1,1,2023-06-26
INC000062,P000424,Shanti Dubey,ACCUSED,1,0,2023-03-13
INC000062,P000461,Palash Sarkar,SUSPECT,0,0,
INC000062,P001123,Randhir Yadav,COMPLAINANT,0,0,
INC000062,P001249,Ganesh Pawar,VICTIM,0,0,
INC000063,P000406,Triloki Dubey,ACCUSED,0,0,
INC000063,P000390,Chitra Mudaliar,ACCUSED,1,0,2026-02-26
INC000063,P000386,Thangaraj Naicker,ABSCONDING_ACCUSED,1,1,2026-08-03
INC000063,P000387,Selvam Naicker,ABSCONDING_ACCUSED,0,0,
INC000063,P001172,Swapan Das,COMPLAINANT,0,0,
INC000063,P001227,Tapan Ghosh,VICTIM,0,0,
INC000064,P000761,Mahesh Pandey,ACCUSED,1,1,2023-12-13
INC000064,P000757,Ashfaq Rahman,ACCUSED,0,0,
INC000064,P001296,Elango Naicker,COMPLAINANT,0,0,
INC000064,P001254,Lekhraj Kashyap,VICTIM,0,0,
INC000064,P001234,Kuldeep Awasthi,WITNESS,0,0,
INC000065,P000929,Nitin Patil,SUSPECT,1,1,2019-03-19
INC000065,P000950,Nirmal Sardar,ACCUSED,1,1,2019-06-19
INC000065,P001066,Shibu Thomas,COMPLAINANT,0,0,
INC000065,P001050,Aparna Bose,VICTIM,0,0,
INC000066,P000978,Kuldeep Thakur,ACCUSED,1,1,2021-07-22
INC000066,P000926,Mariappan Annadurai,SUSPECT,1,1,2021-09-18
INC000066,P001186,Balaraju Mudiraj,COMPLAINANT,0,0,
INC000066,P001178,Javed Malik,VICTIM,0,0,
INC000067,P000962,Divyesh Bhatt,ACCUSED,1,1,2021-12-03
INC000067,P000881,Rajitha Naidu,SUSPECT,1,1,2021-11-07
INC000067,P000982,Nirmal Sarkar,SUSPECT,1,0,2022-01-19
INC000067,P000943,Ashfaq Farooqui,ACCUSED,0,0,
INC000067,P000938,Shanti Tomar,SUSPECT,1,0,2022-02-08
INC000067,P000957,Harjinder Sekhon,ACCUSED,1,1,2021-11-23
INC000067,P000917,Gurpreet Mann,ABSCONDING_ACCUSED,0,0,
INC000067,P001471,Sudarshan Swain,COMPLAINANT,0,0,
INC000067,P001281,Vidyawati Tiwari,VICTIM,0,0,
INC000067,P001394,Saravanan Gounder,WITNESS,0,0,
INC000068,P000869,Selvam Subramanian,SUSPECT,0,0,
INC000068,P000853,Rajesh Jaiswal,ACCUSED,0,0,
INC000068,P000877,Palanisamy Annadurai,ACCUSED,0,0,
INC000068,P001290,Baljit Toor,COMPLAINANT,0,0,
INC000068,P001039,Sanjay Kushwaha,VICTIM,0,0,
INC000069,P000855,Alemba Momin,ABSCONDING_ACCUSED,0,0,
INC000069,P000852,Mallesh Kumar,SUSPECT,1,1,2025-10-05
INC000069,P000871,Temjen Momin,SUSPECT,1,0,2025-12-07
INC000069,P000853,Rajesh Jaiswal,ACCUSED,1,0,2025-07-18
INC000069,P001405,Nagesh Angadi,COMPLAINANT,0,0,
INC000069,P001008,Yasmin Alam,VICTIM,0,0,
INC000069,P001477,Chhaya Bhattacharya,WITNESS,0,0,
INC000070,P000859,Thangaraj Naicker,ACCUSED,1,1,2020-12-11
INC000070,P000850,Nagaraju Nallamothu,ACCUSED,0,0,
INC000070,P001308,Chandrabhan Shukla,COMPLAINANT,0,0,
INC000070,P001001,Trilochan Swain,VICTIM,0,0,
INC000070,P001418,Dinesh Srivastava,WITNESS,0,0,
INC000071,P000679,Bandana Sardar,ACCUSED,1,1,2023-07-20
INC000071,P000668,Sarat Rout,ACCUSED,1,1,2023-10-17
INC000071,P001425,Shyamlal Saini,COMPLAINANT,0,0,
INC000071,P001181,Shahnaz Khan,VICTIM,0,0,
INC000072,P000822,Harjinder Sarao,ACCUSED,1,1,2025-04-10
INC000072,P000838,Chandrabhan Bhadauria,ACCUSED,1,0,2025-04-19
INC000072,P000812,Udaiveer Baghel,ACCUSED,0,0,
INC000072,P000828,Harjinder Kang,ACCUSED,1,1,2025-04-16
INC000072,P001073,Rajendran Thevar,COMPLAINANT,0,0,
INC000072,P001439,Shabana Farooqui,VICTIM,0,0,
INC000072,P001354,Sachin Salunkhe,WITNESS,0,0,
INC000073,P000851,Ilango Subramanian,ACCUSED,0,0,
INC000073,P000855,Alemba Momin,ACCUSED,1,1,2024-02-28
INC000073,P001357,Devi Lal Ranawat,COMPLAINANT,0,0,
INC000073,P001433,Reshma Idrisi,VICTIM,0,0,
INC000073,P001190,Ramkali Bhadauria,WITNESS,0,0,
INC000074,P000900,Sagar Bhosale,SUSPECT,1,1,2023-03-16
INC000074,P000885,Nepal Halder,ACCUSED,1,0,2022-09-20
INC000074,P000967,Jagmal Saini,ACCUSED,1,0,2023-03-15
INC000074,P001179,Chhagan Chouhan,COMPLAINANT,0,0,
INC000074,P001318,Paresh Solanki,VICTIM,0,0,
INC000075,P000693,Arun Chauhan,ACCUSED,0,0,
INC000075,P001043,Mallesh Choudary,COMPLAINANT,0,0,
INC000075,P001146,Vidyawati Kushwaha,VICTIM,0,0,
INC000075,P001170,Hansa Dave,WITNESS,0,0,
INC000076,P000595,Faizan Pathan,ACCUSED,0,0,
INC000076,P000603,Firoz Rahman,ACCUSED,0,0,
INC000076,P000573,Sandeep Dixit,ACCUSED,0,0,
INC000076,P000609,Pradeep Shukla,ACCUSED,1,0,2024-02-23
INC000076,P001082,Shakeel Shaikh,COMPLAINANT,0,0,
INC000076,P001211,Mangi Rathore,VICTIM,0,0,
INC000076,P001410,Sanjay Yadav,WITNESS,0,0,
INC000077,P000628,Vetrivel Gounder,SUSPECT,0,0,
INC000077,P000616,Sudarshan Mallick,ACCUSED,0,0,
INC000077,P000644,Nagaraju Rao,ACCUSED,1,1,2025-09-01
INC000077,P000654,Manikandan Rajendran,ACCUSED,1,1,2025-11-22
INC000077,P001375,Yellaiah Yadav,COMPLAINANT,0,0,
INC000077,P001034,Bandana Sen,VICTIM,0,0,
INC000077,P001142,Suresh Bhardwaj,WITNESS,0,0,
INC000078,P000750,Nadeem Khan,ACCUSED,1,1,2025-09-05
INC000078,P000725,Altaf Khan,ACCUSED,0,0,
INC000078,P001449,Swapan Bose,COMPLAINANT,0,0,
INC000078,P001478,Satish Mishra,WITNESS,0,0,
INC000079,P000996,Udaiveer Thakur,ACCUSED,1,0,2022-08-09
INC000079,P000945,Bhaskar Dalvi,SUSPECT,1,1,2022-12-03
INC000079,P000983,Rodney Fernandes,ACCUSED,0,0,
INC000079,P001065,Karthik Raja,COMPLAINANT,0,0,
INC000079,P001424,Nathu Ranawat,VICTIM,0,0,
INC000079,P001278,Imran Hussain,WITNESS,0,0,
INC000080,P000679,Bandana Sardar,ACCUSED,1,1,2026-07-09
INC000080,P001135,Sudhakar Yadav,COMPLAINANT,0,0,
INC000080,P001233,Techi Jamir,VICTIM,0,0,
INC000080,P001448,Reshma Chaudhary,WITNESS,0,0,
INC000081,P000997,Pradip Majumdar,ACCUSED,1,1,2026-10-13
INC000081,P000911,Pradeep Maurya,SUSPECT,0,0,
INC000081,P001280,Rubina Zaidi,COMPLAINANT,0,0,
INC000081,P001228,Yasmin Pathan,WITNESS,0,0,
INC000082,P000103,Hanuman Beniwal,ACCUSED,1,1,2026-07-02
INC000082,P000162,Amarjit Dhillon,ACCUSED,1,1,2026-10-28
INC000082,P000119,Faizan Alam,ACCUSED,0,0,
INC000082,P001168,Krishnaiah Varma,COMPLAINANT,0,0,
INC000082,P001353,Kuni Nayak,VICTIM,0,0,
INC000083,P000718,Haroon Pathan,ACCUSED,1,1,2026-02-04
INC000083,P000742,Smita Sawant,ACCUSED,1,1,2026-04-21
INC000083,P000722,Ashwin Shah,ABSCONDING_ACCUSED,1,1,2026-01-26
INC000083,P000731,Aarti Shinde,ACCUSED,1,0,2026-02-12
INC000083,P000751,Devendra Maurya,ACCUSED,1,1,2026-01-07
INC000083,P001012,Harjinder Gill,COMPLAINANT,0,0,
INC000083,P001489,Narsimha Prasad,WITNESS,0,0,
INC000084,P000455,Kartik Majumdar,ACCUSED,1,0,2024-03-19
INC000084,P000428,Sajid Farooqui,SUSPECT,1,1,2024-05-22
INC000084,P000444,Haroon Ansari,ABSCONDING_ACCUSED,0,0,
INC000084,P000418,Gopal Naskar,SUSPECT,0,0,
INC000084,P001015,Nasreen Baig,COMPLAINANT,0,0,
INC000084,P001177,Thangaraj Mudaliar,VICTIM,0,0,
INC000084,P001258,Subhas Ghosh,WITNESS,0,0,
INC000085,P000952,Paresh Shah,ACCUSED,1,1,2025-03-30
INC000085,P000934,Bikash Mistry,ACCUSED,1,1,2024-12-20
INC000085,P000963,Sandip Bhoir,SUSPECT,1,1,2024-12-09
INC000085,P000933,Sajid Zaidi,ACCUSED,1,1,2025-04-12
INC000085,P001443,Srinivas Varma,COMPLAINANT,0,0,
INC000085,P001393,Swaroopa Vemula,VICTIM,0,0,
INC000086,P000454,Gautam Halder,ACCUSED,0,0,
INC000086,P000443,Salim Zaidi,ACCUSED,1,1,2026-01-18
INC000086,P000449,Sanjib Bhattacharya,ACCUSED,0,0,
INC000086,P000436,Shahnawaz Mirza,ACCUSED,1,1,2026-03-29
INC000086,P001146,Vidyawati Kushwaha,COMPLAINANT,0,0,
INC000086,P001337,Snehal Shinde,VICTIM,0,0,
INC000086,P001016,Preeti Rathore,WITNESS,0,0,
INC000087,P000863,Lalthanga Momin,SUSPECT,0,0,
INC000087,P001438,Mallesh Rao,COMPLAINANT,0,0,
INC000087,P001193,Palash Das,VICTIM,0,0,
INC000087,P001376,Gurpreet Kang,WITNESS,0,0,
INC000088,P000753,Chandrabhan Shukla,ACCUSED,0,0,
INC000088,P000748,Divyesh Desai,ACCUSED,0,0,
INC000088,P001255,Arun Kushwaha,COMPLAINANT,0,0,
INC000088,P001089,Anita Dubey,VICTIM,0,0,
INC000088,P001217,Navneet Sandhu,WITNESS,0,0,
INC000089,P000487,Ashfaq Zaidi,ACCUSED,1,1,2025-09-27
INC000089,P000482,Naresh Mishra,ABSCONDING_ACCUSED,1,0,2025-09-12
INC000089,P001325,Nagaratna Kulkarni,COMPLAINANT,0,0,
INC000089,P001006,Kavya Raju,VICTIM,0,0,
INC000090,P000930,Yallappa Acharya,ACCUSED,1,1,2026-08-09
INC000090,P000881,Rajitha Naidu,SUSPECT,0,0,
INC000090,P001322,Vasanthi Muthusamy,COMPLAINANT,0,0,
INC000090,P001325,Nagaratna Kulkarni,VICTIM,0,0,
INC000091,P000913,Sandip Bhoir,SUSPECT,1,1,2023-05-09
INC000091,P001230,Lakshmi Mudiraj,COMPLAINANT,0,0,
INC000091,P001272,Girish Hiremath,VICTIM,0,0,
INC000092,P000332,Shibu Thomas,ACCUSED,1,1,2020-04-26
INC000092,P000324,Nilesh Parmar,SUSPECT,0,0,
INC000092,P001302,Manoj Marar,COMPLAINANT,0,0,
INC000092,P001276,Arif Pathan,VICTIM,0,0,
INC000093,P000091,Shahnawaz Hussain,ACCUSED,1,1,2025-12-06
INC000093,P000071,Chirag Desai,ACCUSED,0,0,
INC000093,P000021,Kishor Makwana,ACCUSED,1,1,2025-09-26
INC000093,P001032,Sanjay Tiwari,COMPLAINANT,0,0,
INC000093,P001389,Kishan Shekhawat,VICTIM,0,0,
INC000094,P000383,Balbir Yadav,ACCUSED,1,0,2024-10-14
INC000094,P000408,Manjunath Gowda,ACCUSED,1,1,2024-10-27
INC000094,P000385,Ilango Palanivel,ABSCONDING_ACCUSED,1,0,2025-02-23
INC000094,P000391,Mallikarjun Desai,ACCUSED,0,0,
INC000094,P000360,Jagdish Singh,ABSCONDING_ACCUSED,0,0,
INC000094,P001177,Thangaraj Mudaliar,COMPLAINANT,0,0,
INC000094,P001048,Prabhakar Mudiraj,VICTIM,0,0,
INC000094,P001397,Bhavesh Thakor,WITNESS,0,0,
INC000095,P000716,Vaishnavi Kadam,ACCUSED,1,1,2021-11-02
INC000095,P000733,Kalpesh Solanki,ACCUSED,0,0,
INC000095,P000715,Imran Farooqui,ACCUSED,1,0,2021-07-26
INC000095,P000725,Altaf Khan,ACCUSED,1,1,2021-10-10
INC000095,P000722,Ashwin Shah,SUSPECT,1,1,2021-11-26
INC000095,P001449,Swapan Bose,COMPLAINANT,0,0,
INC000095,P001355,Ajay Kashyap,VICTIM,0,0,
INC000095,P001174,Shahnawaz Khan,WITNESS,0,0,
INC000096,P000927,Mangesh Salunkhe,SUSPECT,1,1,2025-06-03
INC000096,P001145,Pushpalatha Kamath,COMPLAINANT,0,0,
INC000096,P001147,Nirmal Sarkar,VICTIM,0,0,
INC000096,P001248,Basanti Jena,WITNESS,0,0,
INC000097,P000374,Murugan Annadurai,ACCUSED,1,1,2025-02-08
INC000097,P000384,Deepak Gupta,ACCUSED,1,1,2025-03-15
INC000097,P000392,Palanisamy Raja,ABSCONDING_ACCUSED,1,1,2025-08-06
INC000097,P000403,Saravanan Mudaliar,ACCUSED,1,0,2025-03-30
INC000097,P000364,Jitendra Prajapati,ACCUSED,1,0,2025-06-29
INC000097,P000393,Anbu Muthusamy,ACCUSED,0,0,
INC000097,P000404,Elango Annadurai,ACCUSED,0,0,
INC000097,P001090,Rekha Awasthi,COMPLAINANT,0,0,
INC000097,P001118,Arif Malik,VICTIM,0,0,
INC000098,P000847,Yumnam Marak,SUSPECT,1,0,2024-08-18
INC000098,P000873,Bikram Basumatary,ACCUSED,0,0,
INC000098,P001435,Mangamma Vemula,COMPLAINANT,0,0,
INC000098,P001180,Bhanwari Purohit,VICTIM,0,0,
INC000098,P001390,Naresh Srivastava,WITNESS,0,0,
INC000099,P000768,Prakash Gupta,ACCUSED,1,1,2026-07-05
INC000099,P000780,Pradeep Prajapati,ACCUSED,1,1,2026-06-30
INC000099,P001267,Reshma Zaidi,COMPLAINANT,0,0,
INC000099,P001096,Mushtaq Mirza,VICTIM,0,0,
INC000100,P000362,Suresh Jaiswal,ACCUSED,1,1,2023-12-05
INC000100,P000379,Saravanan Naicker,ACCUSED,1,1,2023-11-14
INC000100,P000363,Perumal Kurup,ACCUSED,1,1,2023-09-21
INC000100,P000404,Elango Annadurai,SUSPECT,1,0,2023-09-02
INC000100,P000413,Selvam Kurup,ACCUSED,0,0,
INC000100,P000403,Saravanan Mudaliar,SUSPECT,0,0,
INC000100,P000408,Manjunath Gowda,ACCUSED,1,1,2023-07-24
INC000100,P001384,Palash Bose,COMPLAINANT,0,0,
INC000100,P001394,Saravanan Gounder,VICTIM,0,0,
INC000100,P001454,Chitra Kurup,WITNESS,0,0,
INC000101,P000461,Palash Sarkar,ACCUSED,0,0,
INC000101,P000425,Nirmal Chakraborty,ACCUSED,0,0,
INC000101,P000429,Tapan Biswas,SUSPECT,0,0,
INC000101,P001287,Tanveer Malik,COMPLAINANT,0,0,
INC000101,P001414,Sujoy Bose,VICTIM,0,0,
INC000101,P001067,Gopal Dutta,WITNESS,0,0,
INC000102,P000988,Bikramjit Sandhu,ACCUSED,1,1,2025-11-11
INC000102,P001395,Satish Pandey,COMPLAINANT,0,0,
INC000102,P001305,Anwar Chaudhary,VICTIM,0,0,
INC000103,P000723,Ketan Prajapati,ACCUSED,0,0,
INC000103,P000714,Divyesh Vaghela,ABSCONDING_ACCUSED,1,1,2024-09-06
INC000103,P000760,Ashfaq Shaikh,ACCUSED,0,0,
INC000103,P000730,Arif Mansuri,ACCUSED,1,0,2024-12-05
INC000103,P000738,Dharmesh Joshi,ACCUSED,0,0,
INC000103,P000741,Trupti Parmar,ABSCONDING_ACCUSED,1,1,2024-12-27
INC000103,P000736,Sunil Yadav,ACCUSED,1,1,2024-12-15
INC000103,P001456,Hanumanthappa Kamath,COMPLAINANT,0,0,
INC000103,P001013,Sachin Bhosale,VICTIM,0,0,
INC000103,P001004,Manjunath Bhat,WITNESS,0,0,
INC000104,P000051,Bhaskar Gaikwad,SUSPECT,0,0,
INC000104,P001368,Kuni Mohanty,COMPLAINANT,0,0,
INC000104,P001036,Nasreen Zaidi,VICTIM,0,0,
INC000104,P001035,Kartik Barman,WITNESS,0,0,
INC000105,P000461,Palash Sarkar,SUSPECT,1,1,2021-10-26
INC000105,P000431,Bikash Roy,ACCUSED,0,0,
INC000105,P000423,Sikha Halder,ACCUSED,1,0,2021-06-22
INC000105,P001180,Bhanwari Purohit,COMPLAINANT,0,0,
INC000105,P001279,Netrapal Baghel,VICTIM,0,0,
INC000105,P001234,Kuldeep Awasthi,WITNESS,0,0,
INC000106,P000970,Ashfaq Saifi,ACCUSED,0,0,
INC000106,P000959,Mitesh Rabari,ACCUSED,1,1,2023-01-31
INC000106,P000902,Manjunath Desai,ACCUSED,1,1,2023-02-01
INC000106,P000900,Sagar Bhosale,ABSCONDING_ACCUSED,1,0,2022-12-18
INC000106,P000978,Kuldeep Thakur,ABSCONDING_ACCUSED,1,1,2023-02-15
INC000106,P001044,Faizan Ansari,COMPLAINANT,0,0,
INC000106,P001216,Gautam Gayen,VICTIM,0,0,
INC000106,P001359,Sarita Gupta,WITNESS,0,0,
INC000107,P000299,Vinayakan Joseph,ABSCONDING_ACCUSED,1,0,2026-09-07
INC000107,P000315,Paresh Vaghela,ACCUSED,0,0,
INC000107,P000298,Baiju Marar,ACCUSED,1,1,2026-06-10
INC000107,P001222,Prasanna Behera,COMPLAINANT,0,0,
INC000107,P001355,Ajay Kashyap,VICTIM,0,0,
INC000107,P001424,Nathu Ranawat,WITNESS,0,0,
INC000108,P000874,Ramulu Nallamothu,ACCUSED,0,0,
INC000108,P000847,Yumnam Marak,ACCUSED,1,1,2020-08-09
INC000108,P000880,Murugan Annadurai,ABSCONDING_ACCUSED,1,1,2020-07-13
INC000108,P000862,Ngangbam Brahma,ACCUSED,1,1,2020-03-30
INC000108,P000851,Ilango Subramanian,ABSCONDING_ACCUSED,1,1,2020-06-11
INC000108,P000873,Bikram Basumatary,ACCUSED,1,0,2020-08-01
INC000108,P000859,Thangaraj Naicker,ACCUSED,1,0,2020-04-07
INC000108,P001343,Jagabandhu Sahoo,COMPLAINANT,0,0,
INC000108,P001009,Balbir Prajapati,VICTIM,0,0,
INC000109,P000726,Rahul Rane,SUSPECT,1,1,2026-03-01
INC000109,P001341,Tapasi Chakraborty,COMPLAINANT,0,0,
INC000109,P001242,Bhaskar Shinde,VICTIM,0,0,
INC000109,P001170,Hansa Dave,WITNESS,0,0,
INC000110,P000436,Shahnawaz Mirza,ACCUSED,1,0,2023-12-16
INC000110,P000460,Anil Pandey,SUSPECT,1,1,2023-11-28
INC000110,P000445,Kartik Das,ACCUSED,0,0,
INC000110,P000463,Ashim Pal,ACCUSED,0,0,
INC000110,P001424,Nathu Ranawat,COMPLAINANT,0,0,
INC000110,P001345,Bimal Halder,VICTIM,0,0,
INC000111,P000863,Lalthanga Momin,ACCUSED,1,1,2020-09-18
INC000111,P000873,Bikram Basumatary,SUSPECT,0,0,
INC000111,P001105,Gurpreet Dhaliwal,COMPLAINANT,0,0,
INC000111,P001313,Kulwant Cheema,VICTIM,0,0,
INC000112,P000449,Sanjib Bhattacharya,ACCUSED,1,0,2023-07-06
INC000112,P000458,Zubair Ahmed,ABSCONDING_ACCUSED,1,1,2023-02-18
INC000112,P001170,Hansa Dave,COMPLAINANT,0,0,
INC000112,P001152,Joseph Menezes,VICTIM,0,0,
INC000113,P000292,Wasim Mansuri,ACCUSED,1,1,2024-09-30
INC000113,P000312,Anoop Kurup,ACCUSED,1,1,2024-11-16
INC000113,P001168,Krishnaiah Varma,COMPLAINANT,0,0,
INC000113,P001015,Nasreen Baig,VICTIM,0,0,
INC000114,P000608,Shailendra Sengar,ACCUSED,1,1,2025-10-25
INC000114,P000578,Nepal Gayen,ACCUSED,1,0,2025-08-21
INC000114,P000590,Shailendra Kashyap,ACCUSED,1,1,2025-11-20
INC000114,P000602,Kuldeep Sengar,ACCUSED,1,0,2026-01-09
INC000114,P000595,Faizan Pathan,ACCUSED,1,1,2026-01-12
INC000114,P001237,Devendra Sengar,COMPLAINANT,0,0,
INC000114,P001172,Swapan Das,VICTIM,0,0,
INC000115,P000027,Vishal Gaikwad,ABSCONDING_ACCUSED,0,0,
INC000115,P000001,Anwar Ahmed,SUSPECT,0,0,
INC000115,P000071,Chirag Desai,ACCUSED,0,0,
INC000115,P000066,Ashfaq Mansuri,ACCUSED,0,0,
INC000115,P000043,Bharat Dave,SUSPECT,1,1,2025-05-29
INC000115,P001236,Gopal Chakraborty,COMPLAINANT,0,0,
INC000115,P001085,Alpesh Chauhan,VICTIM,0,0,
INC000115,P001154,Nagaraju Bandari,WITNESS,0,0,
INC000116,P000618,Basanta Behera,ABSCONDING_ACCUSED,1,1,2024-05-28
INC000116,P000635,Manikandan Annadurai,ACCUSED,1,0,2024-06-04
INC000116,P000665,Pramila Dash,ACCUSED,0,0,
INC000116,P000645,Prasanna Mohanty,ACCUSED,0,0,
INC000116,P001242,Bhaskar Shinde,COMPLAINANT,0,0,
INC000116,P001380,Aslam Sheikh,VICTIM,0,0,
INC000117,P000331,Shakeel Ansari,ACCUSED,1,1,2021-05-30
INC000117,P000348,Firoz Mirza,ACCUSED,1,1,2021-03-04
INC000117,P000347,Satish Kushwaha,ACCUSED,1,1,2021-04-11
INC000117,P001381,Ilango Pillai,COMPLAINANT,0,0,
INC000117,P001414,Sujoy Bose,VICTIM,0,0,
INC000117,P001186,Balaraju Mudiraj,WITNESS,0,0,
INC000118,P000177,Palash Sardar,ABSCONDING_ACCUSED,1,0,2026-06-02
INC000118,P000243,Reshma Hussain,ACCUSED,1,1,2026-01-03
INC000118,P000228,Rupa Roy,ACCUSED,1,1,2026-03-18
INC000118,P001399,Rachhpal Mann,COMPLAINANT,0,0,
INC000118,P001397,Bhavesh Thakor,VICTIM,0,0,
INC000119,P000992,Murugan Annadurai,ACCUSED,1,1,2026-07-11
INC000119,P000997,Pradip Majumdar,ACCUSED,1,1,2026-07-07
INC000119,P001235,Deepa Jacob,COMPLAINANT,0,0,
INC000119,P001356,Chandru Bellad,VICTIM,0,0,
INC000119,P001331,Sukumar Pal,WITNESS,0,0,
INC000120,P000667,Pramod Singh,ABSCONDING_ACCUSED,1,1,2024-08-29
INC000120,P000689,Jagdish Verma,SUSPECT,1,0,2024-06-03
INC000120,P000692,Bimal Halder,ACCUSED,0,0,
INC000120,P001262,Rajesh Thakur,COMPLAINANT,0,0,
INC000120,P001197,Bheru Kumawat,VICTIM,0,0,
INC000121,P000691,Arun Gupta,ACCUSED,1,1,2026-04-05
INC000121,P001187,Bhagaban Pradhan,COMPLAINANT,0,0,
INC000121,P001071,Surinder Bajwa,VICTIM,0,0,
INC000121,P001261,Sabitri Adhikari,WITNESS,0,0,
INC000122,P000673,Vijay Dubey,ACCUSED,0,0,
INC000122,P001043,Mallesh Choudary,COMPLAINANT,0,0,
INC000122,P001458,Sanjib Sarkar,VICTIM,0,0,
INC000122,P001134,Mangamma Setty,WITNESS,0,0,
INC000123,P000101,Ratan Saini,ACCUSED,0,0,
INC000123,P001056,Sunil Jaiswal,COMPLAINANT,0,0,
INC000123,P001339,Aparna Biswas,VICTIM,0,0,
INC000124,P000042,Trupti Rabari,ACCUSED,0,0,
INC000124,P001326,Nirmala Rajput,COMPLAINANT,0,0,
INC000124,P001487,Amol Mhatre,VICTIM,0,0,
INC000125,P000261,Sunil Shukla,SUSPECT,1,1,2026-05-04
INC000125,P000265,Mushtaq Siddiqui,ACCUSED,1,1,2025-12-01
INC000125,P000185,Ashok Bhadauria,SUSPECT,0,0,
INC000125,P000217,Vinod Sharma,ACCUSED,1,1,2025-12-20
INC000125,P000267,Sanjib Dutta,ACCUSED,0,0,
INC000125,P001224,Bhagwati Bhati,COMPLAINANT,0,0,
INC000125,P001207,Sunita Verma,VICTIM,0,0,
INC000126,P000809,Sandeep Maurya,ACCUSED,1,1,2024-06-17
INC000126,P001139,Nagaraju Sharma,COMPLAINANT,0,0,
INC000126,P001328,Sanoop Joseph,VICTIM,0,0,
INC000127,P000879,Velu Annadurai,ACCUSED,0,0,
INC000127,P000880,Murugan Annadurai,ACCUSED,0,0,
INC000127,P000846,Mahesh Shukla,ABSCONDING_ACCUSED,1,1,2023-11-27
INC000127,P001327,Hanuman Ranawat,COMPLAINANT,0,0,
INC000127,P001271,Jayan Namboothiri,VICTIM,0,0,
INC000128,P000884,Wasim Mansuri,ACCUSED,1,1,2023-11-05
INC000128,P000904,Bhagaban Patra,SUSPECT,1,1,2023-10-29
INC000128,P000891,Hariom Nishad,ACCUSED,1,0,2023-11-17
INC000128,P001295,Gautam Barman,COMPLAINANT,0,0,
INC000128,P001265,Jitendra Rathore,VICTIM,0,0,
INC000129,P000553,Vijay Rajput,ACCUSED,0,0,
INC000129,P000556,Zubair Saifi,ACCUSED,0,0,
INC000129,P001393,Swaroopa Vemula,COMPLAINANT,0,0,
INC000129,P001383,Debashish Halder,VICTIM,0,0,
INC000130,P000307,Ibrahim Idrisi,ACCUSED,0,0,
INC000130,P000291,Manoj Menon,ACCUSED,1,1,2023-01-26
INC000130,P001427,Amol Dalvi,COMPLAINANT,0,0,
INC000130,P001068,Kondaiah Bandari,VICTIM,0,0,
INC000131,P000952,Paresh Shah,ACCUSED,1,1,2024-12-12
INC000131,P000899,Pradeep Pandey,ACCUSED,1,1,2025-01-10
INC000131,P000894,Aslam Baig,ACCUSED,1,1,2025-02-04
INC000131,P001063,Nadeem Shaikh,COMPLAINANT,0,0,
INC000131,P001472,Karthik Mudaliar,VICTIM,0,0,
INC000132,P000348,Firoz Mirza,SUSPECT,0,0,
INC000132,P001170,Hansa Dave,COMPLAINANT,0,0,
INC000132,P001185,Peter Lobo,VICTIM,0,0,
INC000133,P000954,Rekha Sengar,SUSPECT,1,0,2022-09-30
INC000133,P000884,Wasim Mansuri,ABSCONDING_ACCUSED,0,0,
INC000133,P000956,Bhaskar Kadam,ACCUSED,0,0,
INC000133,P000947,Ratheesh Kurup,ACCUSED,0,0,
INC000133,P001343,Jagabandhu Sahoo,COMPLAINANT,0,0,
INC000133,P001037,Sindhu Namboothiri,VICTIM,0,0,
INC000134,P000830,Harpreet Sandhu,ACCUSED,0,0,
INC000134,P001455,Kesar Jhala,COMPLAINANT,0,0,
INC000134,P001143,Suresh Srivastava,VICTIM,0,0,
INC000135,P000291,Manoj Menon,ABSCONDING_ACCUSED,1,1,2026-06-12
INC000135,P001410,Sanjay Yadav,COMPLAINANT,0,0,
INC000135,P001275,Hanuman Jhala,VICTIM,0,0,
INC000135,P001432,Shanti Verma,WITNESS,0,0,
INC000136,P000353,Ratheesh Menon,ACCUSED,0,0,
INC000136,P000324,Nilesh Parmar,ABSCONDING_ACCUSED,1,1,2021-02-24
INC000136,P000327,Javed Chaudhary,ABSCONDING_ACCUSED,1,1,2021-03-22
INC000136,P000350,Vipul Chauhan,ACCUSED,1,0,2021-01-13
INC000136,P000305,Manoj Chauhan,ACCUSED,1,1,2021-02-16
INC000136,P000343,Hardik Zala,ACCUSED,1,1,2021-04-06
INC000136,P000342,Rasik Mehta,ACCUSED,0,0,
INC000136,P001184,Mallesh Mudiraj,COMPLAINANT,0,0,
INC000136,P001337,Snehal Shinde,VICTIM,0,0,
INC000137,P000088,Sagar Salunkhe,ACCUSED,1,1,2025-11-01
INC000137,P000002,Shabana Baig,ACCUSED,1,1,2025-11-14
INC000137,P001268,Deepa Warrier,COMPLAINANT,0,0,
INC000137,P001293,Shanti Gupta,VICTIM,0,0,
INC000138,P000853,Rajesh Jaiswal,ABSCONDING_ACCUSED,1,0,2026-01-14
INC000138,P000859,Thangaraj Naicker,ABSCONDING_ACCUSED,0,0,
INC000138,P000856,Bala Gounder,SUSPECT,0,0,
INC000138,P000872,Bikram Jamir,ABSCONDING_ACCUSED,0,0,
INC000138,P001126,Baljinder Brar,COMPLAINANT,0,0,
INC000138,P001367,Temjen Basumatary,VICTIM,0,0,
INC000139,P000357,Om Prakash Rajput,ABSCONDING_ACCUSED,1,0,2026-03-13
INC000139,P000344,Jignesh Dave,ACCUSED,1,1,2026-07-04
INC000139,P000324,Nilesh Parmar,ACCUSED,1,1,2026-05-24
INC000139,P001108,Nirmala Maurya,COMPLAINANT,0,0,
INC000139,P001460,Nilesh Jadhav,VICTIM,0,0,
INC000139,P001337,Snehal Shinde,WITNESS,0,0,
INC000140,P000865,Padma Yadav,SUSPECT,1,0,2023-12-09
INC000140,P001471,Sudarshan Swain,COMPLAINANT,0,0,
INC000140,P001104,Girdhari Sharma,VICTIM,0,0,
INC000140,P001382,Kavita Baghel,WITNESS,0,0,
INC000141,P000890,Vishal Bhosale,SUSPECT,1,1,2025-03-30
INC000141,P000941,Bhagaban Mallick,ACCUSED,1,1,2025-04-18
INC000141,P000957,Harjinder Sekhon,SUSPECT,1,1,2025-04-18
INC000141,P000976,Snehal Bhosale,ACCUSED,1,1,2025-01-26
INC000141,P000964,Kiran Waghmare,ACCUSED,0,0,
INC000141,P001127,Vaishali Trivedi,COMPLAINANT,0,0,
INC000142,P000640,Perumal Palanivel,ACCUSED,1,1,2023-07-04
INC000142,P000650,Kumaresan Muthusamy,ACCUSED,1,1,2023-10-27
INC000142,P000664,Mallesh Naidu,ACCUSED,1,0,2023-08-25
INC000142,P001377,Rekha Prajapati,COMPLAINANT,0,0,
INC000142,P001473,Shabana Qureshi,VICTIM,0,0,
INC000143,P000242,Pradeep Maurya,SUSPECT,1,1,2024-11-26
INC000143,P000234,Faizan Shaikh,ACCUSED,1,1,2025-01-21
INC000143,P000272,Abdul Saifi,ACCUSED,0,0,
INC000143,P001031,Mallesh Kumar,COMPLAINANT,0,0,
INC000143,P001387,Arun Yadav,VICTIM,0,0,
INC000143,P001176,Amutha Pandian,WITNESS,0,0,
INC000144,P000047,Swapnil Pawar,SUSPECT,1,1,2021-11-08
INC000144,P000046,Sandip Kamble,ACCUSED,1,1,2022-01-25
INC000144,P001190,Ramkali Bhadauria,COMPLAINANT,0,0,
INC000144,P001379,Ajay Chauhan,VICTIM,0,0,
INC000145,P000110,Iqbal Pathan,SUSPECT,0,0,
INC000145,P000171,Mohammed Shaikh,ACCUSED,0,0,
INC000145,P001463,Sudheer Menon,COMPLAINANT,0,0,
INC000145,P001273,Mallesh Naidu,WITNESS,0,0,
INC000146,P000606,Tanveer Rahman,SUSPECT,1,1,2025-11-22
INC000146,P000610,Nirmal Bose,ACCUSED,0,0,
INC000146,P001108,Nirmala Maurya,COMPLAINANT,0,0,
INC000146,P001042,Yusuf Shaikh,VICTIM,0,0,
INC000146,P001234,Kuldeep Awasthi,WITNESS,0,0,
INC000147,P000052,Vishal Jadhav,ACCUSED,1,1,2021-03-03
INC000147,P001397,Bhavesh Thakor,COMPLAINANT,0,0,
INC000147,P001333,Aparna Sardar,VICTIM,0,0,
INC000147,P001298,Harpreet Toor,WITNESS,0,0,
INC000148,P000553,Vijay Rajput,ABSCONDING_ACCUSED,1,0,2025-12-17
INC000148,P000564,Wasim Khan,ACCUSED,1,0,2026-02-23
INC000148,P001102,Kuldeep Nagar,COMPLAINANT,0,0,
INC000148,P001377,Rekha Prajapati,VICTIM,0,0,
INC000149,P000037,Ganesh Dalvi,SUSPECT,1,1,2023-10-22
INC000149,P000087,Ibrahim Siddiqui,ACCUSED,1,0,2023-11-14
INC000149,P001077,Chhaya Adhikari,COMPLAINANT,0,0,
INC000149,P001466,Afsana Shaikh,VICTIM,0,0,
INC000150,P000695,Basanta Mallick,ACCUSED,0,0,
INC000150,P000710,Sujoy Bhattacharya,ACCUSED,1,1,2026-01-19
INC000150,P000687,Dinesh Prajapati,ACCUSED,1,1,2025-10-31
INC000150,P001485,Farida Sheikh,COMPLAINANT,0,0,
INC000150,P001125,Remya Thomas,VICTIM,0,0,
INC000150,P001128,Mousumi Adhikari,WITNESS,0,0,
INC000151,P000932,Chandrabhan Baghel,ACCUSED,0,0,
INC000151,P000889,Shubhangi Naik,ACCUSED,0,0,
INC000151,P000981,Ibrahim Shaikh,ACCUSED,0,0,
INC000151,P000896,Aslam Khan,ABSCONDING_ACCUSED,1,1,2026-06-28
INC000151,P001342,Prakash Patil,COMPLAINANT,0,0,
INC000151,P001304,Gurpreet Toor,VICTIM,0,0,
INC000151,P001336,Swapnil Gaikwad,WITNESS,0,0,
INC000152,P000155,Ashfaq Shaikh,SUSPECT,1,1,2025-05-17
INC000152,P000105,Mohan Sisodia,ACCUSED,0,0,
INC000152,P001259,Sajitha Pillai,COMPLAINANT,0,0,
INC000152,P001066,Shibu Thomas,VICTIM,0,0,
INC000152,P001308,Chandrabhan Shukla,WITNESS,0,0,
INC000153,P000370,Yallappa Angadi,ACCUSED,1,1,2025-03-15
INC000153,P000384,Deepak Gupta,ACCUSED,1,1,2025-02-27
INC000153,P000413,Selvam Kurup,SUSPECT,0,0,
INC000153,P001425,Shyamlal Saini,COMPLAINANT,0,0,
INC000154,P000871,Temjen Momin,SUSPECT,0,0,
INC000154,P000878,Srinivas Bandari,SUSPECT,1,1,2026-05-26
INC000154,P001108,Nirmala Maurya,COMPLAINANT,0,0,
INC000154,P001357,Devi Lal Ranawat,VICTIM,0,0,
INC000154,P001140,Ramkali Gupta,WITNESS,0,0,
INC000155,P000872,Bikram Jamir,SUSPECT,1,1,2024-09-13
INC000155,P000852,Mallesh Kumar,ACCUSED,1,0,2024-09-06
INC000155,P000870,Mariappan Pandian,SUSPECT,1,1,2024-09-04
INC000155,P001384,Palash Bose,COMPLAINANT,0,0,
INC000155,P001060,Arivazhagan Mudaliar,VICTIM,0,0,
INC000155,P001228,Yasmin Pathan,WITNESS,0,0,
INC000156,P000914,Shivanna Angadi,ACCUSED,0,0,
INC000156,P000920,Aruna Yadav,ABSCONDING_ACCUSED,1,1,2025-12-14
INC000156,P000974,Netrapal Tiwari,ACCUSED,1,1,2025-11-21
INC000156,P000904,Bhagaban Patra,ABSCONDING_ACCUSED,1,1,2025-11-26
INC000156,P000991,Nathu Beniwal,ACCUSED,1,1,2025-09-09
INC000156,P001283,Swapnil Naik,COMPLAINANT,0,0,
INC000156,P001207,Sunita Verma,VICTIM,0,0,
INC000156,P001144,Rekha Nagar,WITNESS,0,0,
INC000157,P000162,Amarjit Dhillon,ACCUSED,1,0,2021-06-19
INC000157,P000135,Karni Meena,SUSPECT,1,1,2021-02-26
INC000157,P000156,Paramjit Gill,ABSCONDING_ACCUSED,0,0,
INC000157,P001237,Devendra Sengar,COMPLAINANT,0,0,
INC000157,P001446,Jayan Achari,VICTIM,0,0,
INC000157,P001469,Sandeep Mishra,WITNESS,0,0,
INC000158,P000157,Devi Lal Godara,SUSPECT,1,1,2022-10-25
INC000158,P000173,Ibrahim Ahmed,SUSPECT,1,1,2022-07-28
INC000158,P000100,Ranveer Choudhary,ACCUSED,1,1,2022-09-08
INC000158,P001004,Manjunath Bhat,COMPLAINANT,0,0,
INC000158,P001013,Sachin Bhosale,VICTIM,0,0,
INC000158,P001263,Priyanka Chavan,WITNESS,0,0,
INC000159,P000901,Yogesh Rane,ACCUSED,1,1,2021-01-09
INC000159,P001020,Mallesh Yadav,COMPLAINANT,0,0,
INC000159,P001382,Kavita Baghel,VICTIM,0,0,
INC000160,P000153,Shahnawaz Mansuri,ACCUSED,1,1,2026-05-19
INC000160,P001052,Bheru Vyas,COMPLAINANT,0,0,
INC000160,P001286,Poonam Kushwaha,VICTIM,0,0,
INC000160,P001363,Peter Menezes,WITNESS,0,0,
INC000161,P000947,Ratheesh Kurup,ACCUSED,0,0,
INC000161,P000899,Pradeep Pandey,ACCUSED,1,0,2024-07-10
INC000161,P001475,Bandana Biswas,COMPLAINANT,0,0,
INC000161,P001248,Basanti Jena,VICTIM,0,0,
INC000161,P001301,Pandurang Kadam,WITNESS,0,0,
INC000162,P000153,Shahnawaz Mansuri,ACCUSED,1,1,2026-07-12
INC000162,P001460,Nilesh Jadhav,COMPLAINANT,0,0,
INC000162,P001457,Nepal Biswas,VICTIM,0,0,
INC000162,P001492,Basanti Dash,WITNESS,0,0,
INC000163,P000738,Dharmesh Joshi,ACCUSED,1,1,2025-08-05
INC000163,P000744,Hardik Thakor,ACCUSED,1,1,2025-09-14
INC000163,P000713,Aarti More,ACCUSED,1,1,2025-12-10
INC000163,P001242,Bhaskar Shinde,COMPLAINANT,0,0,
INC000163,P001346,Xavier Coutinho,VICTIM,0,0,
INC000163,P001061,Manisha More,WITNESS,0,0,
INC000164,P000920,Aruna Yadav,ABSCONDING_ACCUSED,0,0,
INC000164,P001442,Bhavna Barot,COMPLAINANT,0,0,
INC000164,P001216,Gautam Gayen,VICTIM,0,0,
INC000164,P001310,Bikramjit Sekhon,WITNESS,0,0,
INC000165,P000337,Kalpesh Vaghela,ACCUSED,1,1,2024-03-05
INC000165,P001051,Sandip Dalvi,COMPLAINANT,0,0,
INC000165,P001309,Abdul Pathan,VICTIM,0,0,
INC000165,P001078,Pramila Munda,WITNESS,0,0,
INC000166,P000992,Murugan Annadurai,ACCUSED,0,0,
INC000166,P000898,Ashok Kashyap,SUSPECT,0,0,
INC000166,P000941,Bhagaban Mallick,SUSPECT,1,1,2022-06-26
INC000166,P000887,Anoop Kartha,SUSPECT,0,0,
INC000166,P001199,Sunil Chauhan,COMPLAINANT,0,0,
INC000166,P001325,Nagaratna Kulkarni,VICTIM,0,0,
INC000166,P001498,Selvam Chettiar,WITNESS,0,0,
INC000167,P000455,Kartik Majumdar,SUSPECT,1,1,2023-03-20
INC000167,P000454,Gautam Halder,ACCUSED,0,0,
INC000167,P001469,Sandeep Mishra,COMPLAINANT,0,0,
INC000167,P001173,Sarla Vyas,VICTIM,0,0,
INC000168,P000734,Bhaskar Kadam,ACCUSED,0,0,
INC000168,P001144,Rekha Nagar,COMPLAINANT,0,0,
INC000168,P001275,Hanuman Jhala,VICTIM,0,0,
INC000168,P001433,Reshma Idrisi,WITNESS,0,0,
INC000169,P000112,Rafiq Ansari,SUSPECT,0,0,
INC000169,P000154,Nadeem Farooqui,ACCUSED,1,1,2022-07-19
INC000169,P000155,Ashfaq Shaikh,ABSCONDING_ACCUSED,0,0,
INC000169,P001475,Bandana Biswas,COMPLAINANT,0,0,
INC000169,P001291,Hitesh Thakor,VICTIM,0,0,
INC000170,P000767,Balbir Dixit,ACCUSED,0,0,
INC000170,P000799,Shakeel Pathan,ACCUSED,1,1,2026-03-01
INC000170,P000792,Nazia Khan,ABSCONDING_ACCUSED,1,0,2025-09-15
INC000170,P000795,Zubair Chaudhary,ACCUSED,1,1,2026-02-25
INC000170,P001283,Swapnil Naik,COMPLAINANT,0,0,
INC000170,P001426,Falguni Patel,VICTIM,0,0,
INC000171,P000600,Shabana Qureshi,ACCUSED,1,0,2024-07-14
INC000171,P000570,Dinesh Dubey,SUSPECT,1,1,2024-08-13
INC000171,P001081,Afsana Mansuri,COMPLAINANT,0,0,
INC000171,P001421,Sukumar Pal,VICTIM,0,0,
INC000171,P001483,Udaiveer Sengar,WITNESS,0,0,
INC000172,P000553,Vijay Rajput,ABSCONDING_ACCUSED,0,0,
INC000172,P000552,Manju Yadav,SUSPECT,1,1,2020-12-18
INC000172,P001064,Aarti More,COMPLAINANT,0,0,
INC000172,P001363,Peter Menezes,VICTIM,0,0,
INC000172,P001145,Pushpalatha Kamath,WITNESS,0,0,
INC000173,P000949,Sudha Singh,ABSCONDING_ACCUSED,1,1,2026-07-18
INC000173,P000999,Satish Rathore,ACCUSED,1,1,2026-08-01
INC000173,P001223,Balaraju Reddy,COMPLAINANT,0,0,
INC000173,P001409,Ashfaq Hussain,WITNESS,0,0,
INC000174,P000776,Ibrahim Alam,ABSCONDING_ACCUSED,1,1,2025-12-04
INC000174,P000790,Deepak Bhardwaj,ABSCONDING_ACCUSED,1,1,2026-03-15
INC000174,P001295,Gautam Barman,COMPLAINANT,0,0,
INC000174,P001230,Lakshmi Mudiraj,VICTIM,0,0,
INC000174,P001336,Swapnil Gaikwad,WITNESS,0,0,
INC000175,P000291,Manoj Menon,ACCUSED,1,1,2021-10-13
INC000175,P001025,Ramulu Reddy,COMPLAINANT,0,0,
INC000175,P001271,Jayan Namboothiri,VICTIM,0,0,
INC000175,P001050,Aparna Bose,WITNESS,0,0,
INC000176,P000519,Pramod Jaiswal,ACCUSED,1,1,2024-10-24
INC000176,P000541,Javed Alam,ACCUSED,1,1,2024-11-01
INC000176,P000548,Anil Prajapati,SUSPECT,1,1,2024-10-19
INC000176,P000545,Abdul Alam,ACCUSED,0,0,
INC000176,P001006,Kavya Raju,COMPLAINANT,0,0,
INC000176,P001457,Nepal Biswas,VICTIM,0,0,
INC000177,P000184,Ramesh Srivastava,ACCUSED,1,0,2025-11-08
INC000177,P000175,Rajesh Prajapati,ACCUSED,1,0,2025-09-22
INC000177,P000178,Udaiveer Saini,ACCUSED,0,0,
INC000177,P000200,Kavita Dubey,ACCUSED,0,0,
INC000177,P000281,Subhas Adhikari,SUSPECT,1,1,2025-09-18
INC000177,P000191,Firoz Sheikh,ACCUSED,1,1,2025-07-22
INC000177,P000195,Anil Thakur,ABSCONDING_ACCUSED,0,0,
INC000177,P001083,Kavita Baghel,COMPLAINANT,0,0,
INC000177,P001110,Kamla Chauhan,VICTIM,0,0,
INC000177,P001057,Shanti Rathore,WITNESS,0,0,
INC000178,P000145,Nirmal Singh,SUSPECT,1,0,2021-12-02
INC000178,P000111,Nirmal Bains,ACCUSED,1,1,2021-10-05
INC000178,P001217,Navneet Sandhu,COMPLAINANT,0,0,
INC000178,P001339,Aparna Biswas,VICTIM,0,0,
INC000179,P000879,Velu Annadurai,SUSPECT,1,1,2021-06-19
INC000179,P000864,Rambabu Goud,SUSPECT,1,1,2021-06-22
INC000179,P000851,Ilango Subramanian,ACCUSED,0,0,
INC000179,P001305,Anwar Chaudhary,COMPLAINANT,0,0,
INC000179,P001055,Mushtaq Idrisi,VICTIM,0,0,
INC000180,P000389,Shivanna Angadi,ACCUSED,1,1,2025-05-26
INC000180,P000412,Lokesh Chikkanna,ACCUSED,0,0,
INC000180,P001126,Baljinder Brar,COMPLAINANT,0,0,
INC000181,P000730,Arif Mansuri,ACCUSED,0,0,
INC000181,P000745,Paresh Rabari,ACCUSED,0,0,
INC000181,P000721,Munna Kushwaha,ACCUSED,1,1,2026-11-15
INC000181,P000718,Haroon Pathan,ACCUSED,1,1,2026-11-19
INC000181,P000751,Devendra Maurya,ACCUSED,1,0,2026-09-15
INC000181,P000732,Bhaskar Shinde,ABSCONDING_ACCUSED,0,0,
INC000181,P000758,Ibrahim Shaikh,ACCUSED,1,1,2026-07-24
INC000181,P001003,Rachna Baghel,COMPLAINANT,0,0,
INC000182,P000409,Sanjay Nagar,ACCUSED,1,1,2026-08-08
INC000182,P000375,Satish Kushwaha,ACCUSED,0,0,
INC000182,P000370,Yallappa Angadi,SUSPECT,1,1,2026-04-02
INC000182,P000381,Perumal Subramanian,ACCUSED,1,0,2026-02-13
INC000182,P000389,Shivanna Angadi,ACCUSED,0,0,
INC000182,P000361,Ramesh Dixit,ACCUSED,0,0,
INC000182,P000377,Veeresh Acharya,ACCUSED,1,0,2026-07-07
INC000182,P001116,Padma Reddy,COMPLAINANT,0,0,
INC000182,P001013,Sachin Bhosale,VICTIM,0,0,
INC000182,P001227,Tapan Ghosh,WITNESS,0,0,
INC000183,P000095,Satnam Bains,ABSCONDING_ACCUSED,0,0,
INC000183,P000106,Amarjit Sidhu,ACCUSED,0,0,
INC000183,P001391,Ramkali Prajapati,COMPLAINANT,0,0,
INC000183,P001496,Poonam Pandey,VICTIM,0,0,
INC000183,P001170,Hansa Dave,WITNESS,0,0,
INC000184,P000738,Dharmesh Joshi,ACCUSED,0,0,
INC000184,P000757,Ashfaq Rahman,ACCUSED,1,1,2026-01-14
INC000184,P000763,Randhir Tiwari,SUSPECT,1,1,2026-02-25
INC000184,P000732,Bhaskar Shinde,ACCUSED,1,1,2026-04-22
INC000184,P000736,Sunil Yadav,ACCUSED,0,0,
INC000184,P001368,Kuni Mohanty,COMPLAINANT,0,0,
INC000184,P001083,Kavita Baghel,VICTIM,0,0,
INC000184,P001071,Surinder Bajwa,WITNESS,0,0,
INC000185,P000411,Kumaraswamy Kulkarni,SUSPECT,0,0,
INC000185,P000360,Jagdish Singh,ACCUSED,0,0,
INC000185,P000382,Mallikarjun Rai,ACCUSED,1,0,2025-09-12
INC000185,P000387,Selvam Naicker,ACCUSED,0,0,
INC000185,P001454,Chitra Kurup,COMPLAINANT,0,0,
INC000185,P001357,Devi Lal Ranawat,VICTIM,0,0,
INC000186,P000936,Rajesh Awasthi,SUSPECT,1,0,2024-11-20
INC000186,P000945,Bhaskar Dalvi,ACCUSED,1,0,2025-02-25
INC000186,P001471,Sudarshan Swain,COMPLAINANT,0,0,
INC000186,P001365,Sujatha Setty,VICTIM,0,0,
INC000186,P001039,Sanjay Kushwaha,WITNESS,0,0,
INC000187,P000278,Ramesh Shukla,ACCUSED,1,0,2026-01-04
INC000187,P001051,Sandip Dalvi,COMPLAINANT,0,0,
INC000187,P001198,Iqbal Hussain,VICTIM,0,0,
INC000187,P001044,Faizan Ansari,WITNESS,0,0,
INC000188,P000870,Mariappan Pandian,SUSPECT,1,1,2019-05-01
INC000188,P001098,Kuldeep Cheema,COMPLAINANT,0,0,
INC000188,P001442,Bhavna Barot,VICTIM,0,0,
INC000188,P001384,Palash Bose,WITNESS,0,0,
INC000189,P000881,Rajitha Naidu,SUSPECT,1,1,2025-06-16
INC000189,P000984,Manju Awasthi,ACCUSED,0,0,
INC000189,P001357,Devi Lal Ranawat,COMPLAINANT,0,0,
INC000189,P001264,Karni Rathore,VICTIM,0,0,
INC000190,P000249,Firoz Sheikh,ACCUSED,0,0,
INC000190,P000176,Sanjib Gayen,SUSPECT,1,0,2025-05-15
INC000190,P001332,Sumitra Naik,COMPLAINANT,0,0,
INC000190,P001409,Ashfaq Hussain,VICTIM,0,0,
INC000191,P000427,Naseer Baig,ABSCONDING_ACCUSED,1,0,2020-03-17
INC000191,P000469,Mohammed Baig,ACCUSED,1,1,2020-02-24
INC000191,P000426,Ibrahim Mirza,SUSPECT,1,1,2020-03-28
INC000191,P000448,Gautam Majumdar,ACCUSED,1,1,2019-11-10
INC000191,P000422,Debashish Biswas,ABSCONDING_ACCUSED,0,0,
INC000191,P001318,Paresh Solanki,COMPLAINANT,0,0,
INC000191,P001111,Ravinder Prasad,VICTIM,0,0,
INC000191,P001477,Chhaya Bhattacharya,WITNESS,0,0,
INC000192,P000904,Bhagaban Patra,ACCUSED,1,0,2023-07-24
INC000192,P000903,Lekhraj Srivastava,ACCUSED,1,1,2023-09-17
INC000192,P001009,Balbir Prajapati,COMPLAINANT,0,0,
INC000192,P001480,Ibrahim Ahmed,VICTIM,0,0,
INC000192,P001226,Lalthanga Debbarma,WITNESS,0,0,
INC000193,P000625,Perumal Sundaram,ACCUSED,0,0,
INC000193,P000655,Karthik Thevar,ABSCONDING_ACCUSED,1,1,2022-01-08
INC000193,P000617,Chandra Shekar Setty,ACCUSED,0,0,
INC000193,P000652,Basanta Sahoo,ACCUSED,0,0,
INC000193,P001224,Bhagwati Bhati,COMPLAINANT,0,0,
INC000194,P000725,Altaf Khan,ACCUSED,1,1,2024-10-27
INC000194,P000738,Dharmesh Joshi,ABSCONDING_ACCUSED,1,1,2025-02-19
INC000194,P001059,Salim Qureshi,COMPLAINANT,0,0,
INC000194,P001222,Prasanna Behera,VICTIM,0,0,
INC000195,P000581,Shahnawaz Ansari,ACCUSED,1,1,2025-06-01
INC000195,P000609,Pradeep Shukla,SUSPECT,1,1,2025-03-21
INC000195,P000596,Afsana Ahmed,ACCUSED,0,0,
INC000195,P001411,Clara Almeida,COMPLAINANT,0,0,
INC000195,P001429,Arindam Majumdar,VICTIM,0,0,
INC000196,P000097,Manpreet Sekhon,ACCUSED,0,0,
INC000196,P000157,Devi Lal Godara,ACCUSED,1,1,2024-03-10
INC000196,P000153,Shahnawaz Mansuri,ACCUSED,0,0,
INC000196,P000134,Tanveer Sheikh,ACCUSED,0,0,
INC000196,P000170,Gopal Poonia,ACCUSED,0,0,
INC000196,P001387,Arun Yadav,COMPLAINANT,0,0,
INC000196,P001152,Joseph Menezes,VICTIM,0,0,
INC000196,P001069,Baljinder Mann,WITNESS,0,0,
INC000197,P000965,Nabam Konyak,ACCUSED,0,0,
INC000197,P000892,Rakesh Solanki,ACCUSED,0,0,
INC000197,P001303,Naresh Baghel,COMPLAINANT,0,0,
INC000197,P001337,Snehal Shinde,VICTIM,0,0,
INC000197,P001389,Kishan Shekhawat,WITNESS,0,0,
INC000198,P000120,Harbhajan Sekhon,SUSPECT,1,1,2025-03-15
INC000198,P001380,Aslam Sheikh,COMPLAINANT,0,0,
INC000198,P001146,Vidyawati Kushwaha,VICTIM,0,0,
INC000199,P000781,Prakash Maurya,ACCUSED,0,0,
INC000199,P000784,Ashfaq Sheikh,ACCUSED,1,1,2026-05-16
INC000199,P000769,Shakeel Siddiqui,ACCUSED,0,0,
INC000199,P000795,Zubair Chaudhary,SUSPECT,1,1,2025-12-20
INC000199,P000775,Shakeel Idrisi,SUSPECT,0,0,
INC000199,P000793,Jitendra Baghel,ACCUSED,1,1,2026-03-13
INC000199,P000790,Deepak Bhardwaj,ACCUSED,1,1,2026-05-10
INC000199,P001283,Swapnil Naik,COMPLAINANT,0,0,
INC000199,P001427,Amol Dalvi,VICTIM,0,0,
INC000199,P001416,Kannan Pillai,WITNESS,0,0,
INC000200,P000618,Basanta Behera,ABSCONDING_ACCUSED,0,0,
INC000200,P000629,Ramulu Reddy,ACCUSED,1,1,2024-06-23
INC000200,P000659,Jagabandhu Munda,ACCUSED,1,1,2024-02-03
INC000200,P001230,Lakshmi Mudiraj,COMPLAINANT,0,0,
INC000200,P001052,Bheru Vyas,VICTIM,0,0,
INC000201,P000225,Arindam Gayen,ABSCONDING_ACCUSED,1,1,2024-06-14
INC000201,P000226,Debashish Roy,ACCUSED,0,0,
INC000201,P000254,Wasim Sheikh,ACCUSED,0,0,
INC000201,P001195,Malathi Annadurai,COMPLAINANT,0,0,
INC000201,P001476,Sandip Patil,VICTIM,0,0,
INC000201,P001030,Aruna Mudiraj,WITNESS,0,0,
INC000202,P000457,Naseer Malik,ACCUSED,0,0,
INC000202,P000454,Gautam Halder,ACCUSED,1,1,2021-05-21
INC000202,P001073,Rajendran Thevar,COMPLAINANT,0,0,
INC000202,P001327,Hanuman Ranawat,VICTIM,0,0,
INC000203,P000511,Rafiq Zaidi,SUSPECT,0,0,
INC000203,P000515,Mahesh Chauhan,ACCUSED,0,0,
INC000203,P000485,Pramod Kushwaha,ACCUSED,1,1,2024-08-05
INC000203,P000474,Prakash Singh,ACCUSED,1,0,2024-08-02
INC000203,P001316,Shanti Dixit,COMPLAINANT,0,0,
INC000203,P001041,Hansa Parmar,VICTIM,0,0,
INC000204,P000120,Harbhajan Sekhon,ACCUSED,1,0,2024-10-26
INC000204,P001271,Jayan Namboothiri,COMPLAINANT,0,0,
INC000204,P001323,Rohini Kamble,VICTIM,0,0,
INC000204,P001186,Balaraju Mudiraj,WITNESS,0,0,
INC000205,P000859,Thangaraj Naicker,ACCUSED,1,1,2022-07-24
INC000205,P001305,Anwar Chaudhary,COMPLAINANT,0,0,
INC000205,P001062,Ranjit Kang,VICTIM,0,0,
INC000206,P000800,Haroon Mansuri,ABSCONDING_ACCUSED,0,0,
INC000206,P000768,Prakash Gupta,SUSPECT,0,0,
INC000206,P000794,Wasim Hussain,ACCUSED,1,1,2024-10-31
INC000206,P001203,Nirmal Das,COMPLAINANT,0,0,
INC000206,P001020,Mallesh Yadav,VICTIM,0,0,
INC000207,P000244,Altaf Baig,ABSCONDING_ACCUSED,0,0,
INC000207,P000198,Pradip Barman,ACCUSED,1,1,2025-10-01
INC000207,P001306,Rajni Bhardwaj,COMPLAINANT,0,0,
INC000207,P001142,Suresh Bhardwaj,VICTIM,0,0,
INC000207,P001068,Kondaiah Bandari,WITNESS,0,0,
INC000208,P000326,Jignesh Patel,ABSCONDING_ACCUSED,0,0,
INC000208,P000304,Afsana Malik,ACCUSED,1,0,2026-06-19
INC000208,P000311,Naresh Nagar,ACCUSED,1,1,2026-08-19
INC000208,P001158,Saroja Kumar,COMPLAINANT,0,0,
INC000208,P001340,Farida Mirza,VICTIM,0,0,
INC000208,P001493,Nitin Jadhav,WITNESS,0,0,
INC000209,P000158,Sarfaraz Siddiqui,SUSPECT,1,1,2026-08-15
INC000209,P001076,Bikash Naskar,COMPLAINANT,0,0,
INC000209,P001008,Yasmin Alam,VICTIM,0,0,
INC000209,P001090,Rekha Awasthi,WITNESS,0,0,
INC000210,P000960,Sushila Jat,ACCUSED,1,1,2025-01-01
INC000210,P001480,Ibrahim Ahmed,COMPLAINANT,0,0,
INC000211,P000333,Ketan Dave,ACCUSED,1,1,2021-08-20
INC000211,P000319,Sarfaraz Baig,ACCUSED,1,1,2021-09-02
INC000211,P000320,Anoop Mathew,ACCUSED,1,0,2021-12-12
INC000211,P000314,Praveen Kurup,ACCUSED,1,0,2021-07-31
INC000211,P000303,Balbir Yadav,ACCUSED,1,1,2021-11-13
INC000211,P001380,Aslam Sheikh,COMPLAINANT,0,0,
INC000211,P001251,Reshma Farooqui,VICTIM,0,0,
INC000211,P001378,Palanisamy Subramanian,WITNESS,0,0,
INC000212,P000490,Ashok Verma,ACCUSED,1,1,2026-01-25
INC000212,P000481,Sajid Mansuri,ABSCONDING_ACCUSED,1,0,2026-07-12
INC000212,P001461,Chandra Shekar Choudary,COMPLAINANT,0,0,
INC000212,P001482,Sujoy Sardar,VICTIM,0,0,
INC000213,P000903,Lekhraj Srivastava,SUSPECT,1,0,2026-05-27
INC000213,P000893,Imran Qureshi,SUSPECT,1,0,2026-03-26
INC000213,P001103,Om Prakash Saini,COMPLAINANT,0,0,
INC000213,P001427,Amol Dalvi,VICTIM,0,0,
INC000213,P001423,Vidyawati Verma,WITNESS,0,0,
INC000214,P000122,Karni Bishnoi,ACCUSED,1,0,2020-07-05
INC000214,P000110,Iqbal Pathan,ACCUSED,0,0,
INC000214,P000094,Malkiat Grewal,ACCUSED,1,0,2020-02-28
INC000214,P001402,Falguni Bhatt,COMPLAINANT,0,0,
INC000214,P001110,Kamla Chauhan,VICTIM,0,0,
INC000215,P000147,Devi Lal Sisodia,ACCUSED,1,1,2023-07-01
INC000215,P000096,Navneet Bajwa,ACCUSED,0,0,
INC000215,P001067,Gopal Dutta,COMPLAINANT,0,0,
INC000215,P001314,Jasbir Singh,VICTIM,0,0,
INC000216,P000731,Aarti Shinde,ACCUSED,1,1,2021-01-29
INC000216,P001141,Prashant More,COMPLAINANT,0,0,
INC000216,P001103,Om Prakash Saini,VICTIM,0,0,
INC000216,P001106,Kuni Dash,WITNESS,0,0,
INC000217,P000921,Reshma Rahman,ABSCONDING_ACCUSED,0,0,
INC000217,P001374,Bhagwati Poonia,COMPLAINANT,0,0,
INC000217,P001452,Preeti Tomar,VICTIM,0,0,
INC000217,P001204,Kumaraswamy Hegde,WITNESS,0,0,
INC000218,P000947,Ratheesh Kurup,SUSPECT,1,1,2023-09-25
INC000218,P000995,Dinesh Yadav,ABSCONDING_ACCUSED,0,0,
INC000218,P000916,Anil Gupta,ACCUSED,1,1,2023-11-02
INC000218,P000998,Kalpesh Prajapati,SUSPECT,1,1,2024-01-04
INC000218,P001271,Jayan Namboothiri,COMPLAINANT,0,0,
INC000218,P001102,Kuldeep Nagar,VICTIM,0,0,
INC000218,P001371,Kavita Prajapati,WITNESS,0,0,
INC000219,P000466,Har Prasad Pandey,ACCUSED,1,1,2023-03-24
INC000219,P001305,Anwar Chaudhary,COMPLAINANT,0,0,
INC000219,P001333,Aparna Sardar,VICTIM,0,0,
INC000220,P000820,Kulwant Toor,ACCUSED,1,1,2026-05-13
INC000220,P001162,Anitha Achari,COMPLAINANT,0,0,
INC000220,P001070,Nazia Ansari,VICTIM,0,0,
INC000221,P000689,Jagdish Verma,SUSPECT,1,1,2025-07-18
INC000221,P001239,Yogendra Bhadauria,COMPLAINANT,0,0,
INC000221,P001255,Arun Kushwaha,VICTIM,0,0,
INC000221,P001294,Kanta Jhala,WITNESS,0,0,
INC000222,P000355,Randhir Sharma,ACCUSED,0,0,
INC000222,P000316,Jitendra Solanki,ACCUSED,1,1,2025-08-28
INC000222,P000306,Nadeem Idrisi,ACCUSED,0,0,
INC000222,P000337,Kalpesh Vaghela,ABSCONDING_ACCUSED,1,0,2025-09-02
INC000222,P001143,Suresh Srivastava,COMPLAINANT,0,0,
INC000222,P001333,Aparna Sardar,VICTIM,0,0,
INC000222,P001345,Bimal Halder,WITNESS,0,0,
INC000223,P000294,Sarfaraz Pathan,ACCUSED,1,0,2026-06-17
INC000223,P000299,Vinayakan Joseph,ACCUSED,1,1,2026-07-08
INC000223,P001103,Om Prakash Saini,COMPLAINANT,0,0,
INC000223,P001357,Devi Lal Ranawat,VICTIM,0,0,
INC000224,P000658,Karthik Annadurai,ACCUSED,1,1,2024-05-21
INC000224,P000648,Saravanan Mudaliar,SUSPECT,1,0,2024-02-15
INC000224,P001483,Udaiveer Sengar,COMPLAINANT,0,0,
INC000224,P001422,Sukhdev Kang,VICTIM,0,0,
INC000224,P001308,Chandrabhan Shukla,WITNESS,0,0,
INC000225,P000960,Sushila Jat,ACCUSED,0,0,
INC000225,P000980,Manikandan Subramanian,ACCUSED,0,0,
INC000225,P001026,Lissy Achari,COMPLAINANT,0,0,
INC000225,P001284,Prashant Mhatre,VICTIM,0,0,
INC000225,P001122,Nazia Ahmed,WITNESS,0,0,
INC000226,P000390,Chitra Mudaliar,SUSPECT,0,0,
INC000226,P000393,Anbu Muthusamy,ACCUSED,0,0,
INC000226,P000406,Triloki Dubey,ACCUSED,1,1,2024-11-13
INC000226,P001442,Bhavna Barot,COMPLAINANT,0,0,
INC000226,P001015,Nasreen Baig,VICTIM,0,0,
INC000227,P000848,Nagaraju Gupta,ACCUSED,0,0,
INC000227,P000853,Rajesh Jaiswal,SUSPECT,1,0,2025-04-15
INC000227,P000858,Randhir Nishad,ACCUSED,1,1,2025-01-26
INC000227,P001001,Trilochan Swain,COMPLAINANT,0,0,
INC000227,P001311,Jyotsna Patil,VICTIM,0,0,
INC000227,P001387,Arun Yadav,WITNESS,0,0,
INC000228,P000075,Nisha Zala,ABSCONDING_ACCUSED,1,1,2023-02-19
INC000228,P000017,Swapnil Tandel,SUSPECT,1,1,2023-06-09
INC000228,P001336,Swapnil Gaikwad,COMPLAINANT,0,0,
INC000228,P001459,Sujatha Yadav,VICTIM,0,0,
INC000229,P000797,Imran Ahmed,ACCUSED,1,1,2026-09-06
INC000229,P000773,Shakuntala Nishad,ACCUSED,1,1,2026-10-26
INC000229,P000792,Nazia Khan,SUSPECT,1,1,2026-08-18
INC000229,P000793,Jitendra Baghel,ACCUSED,0,0,
INC000229,P001130,Seema Nishad,COMPLAINANT,0,0,
INC000229,P001300,Rajitha Goud,VICTIM,0,0,
INC000230,P000424,Shanti Dubey,ACCUSED,1,1,2025-01-08
INC000230,P000443,Salim Zaidi,SUSPECT,1,1,2024-12-30
INC000230,P000423,Sikha Halder,ACCUSED,1,1,2025-05-09
INC000230,P000429,Tapan Biswas,ACCUSED,1,0,2024-12-20
INC000230,P001262,Rajesh Thakur,COMPLAINANT,0,0,
INC000230,P001269,Hanumanthappa Chikkanna,VICTIM,0,0,
INC000230,P001316,Shanti Dixit,WITNESS,0,0,
INC000231,P000322,Mushtaq Idrisi,ACCUSED,0,0,
INC000231,P000356,Sudha Kushwaha,ACCUSED,1,1,2022-07-06
INC000231,P001232,Sunil Verma,COMPLAINANT,0,0,
INC000231,P001401,Aparna Gayen,VICTIM,0,0,
INC000232,P000971,Bimal Adhikari,SUSPECT,1,1,2026-02-02
INC000232,P000955,Balaraju Nallamothu,ACCUSED,0,0,
INC000232,P000963,Sandip Bhoir,SUSPECT,1,1,2026-03-31
INC000232,P001185,Peter Lobo,COMPLAINANT,0,0,
INC000232,P001412,Savita Saini,VICTIM,0,0,
INC000232,P001265,Jitendra Rathore,WITNESS,0,0,
INC000233,P000860,Chandra Shekar Choudary,ACCUSED,0,0,
INC000233,P000859,Thangaraj Naicker,ACCUSED,0,0,
INC000233,P000868,Satish Maurya,SUSPECT,1,1,2020-12-09
INC000233,P001029,Arindam Sen,COMPLAINANT,0,0,
INC000233,P001242,Bhaskar Shinde,VICTIM,0,0,
INC000233,P001247,Wasim Malik,WITNESS,0,0,
INC000234,P000100,Ranveer Choudhary,ACCUSED,0,0,
INC000234,P000134,Tanveer Sheikh,ACCUSED,1,1,2021-10-03
INC000234,P001298,Harpreet Toor,COMPLAINANT,0,0,
INC000234,P001016,Preeti Rathore,VICTIM,0,0,
INC000235,P000511,Rafiq Zaidi,ACCUSED,1,1,2026-06-06
INC000235,P000498,Chandrabhan Srivastava,ACCUSED,1,1,2026-11-16
INC000235,P000512,Firoz Saifi,SUSPECT,0,0,
INC000235,P001321,Moumita Das,COMPLAINANT,0,0,
INC000235,P001126,Baljinder Brar,VICTIM,0,0,
INC000235,P001186,Balaraju Mudiraj,WITNESS,0,0,
INC000236,P000551,Abdul Idrisi,ACCUSED,1,1,2021-08-28
INC000236,P000529,Pramod Baghel,ACCUSED,1,1,2022-02-05
INC000236,P001094,Shabana Ahmed,COMPLAINANT,0,0,
INC000236,P001158,Saroja Kumar,VICTIM,0,0,
INC000237,P000373,Saravanan Mudaliar,ACCUSED,0,0,
INC000237,P000374,Murugan Annadurai,ACCUSED,1,0,2026-06-02
INC000237,P000383,Balbir Yadav,ACCUSED,1,1,2026-07-20
INC000237,P000360,Jagdish Singh,SUSPECT,1,1,2026-03-20
INC000237,P000412,Lokesh Chikkanna,ACCUSED,1,0,2026-05-15
INC000237,P001308,Chandrabhan Shukla,COMPLAINANT,0,0,
INC000237,P001010,Tarsem Sidhu,VICTIM,0,0,
INC000237,P001330,Kumaraswamy Shetty,WITNESS,0,0,
INC000238,P000754,Dharmesh Makwana,ACCUSED,0,0,
INC000238,P000755,Nilesh Bhoir,SUSPECT,0,0,
INC000238,P000747,Jitendra Bhardwaj,ACCUSED,0,0,
INC000238,P001392,Kamla Thakur,COMPLAINANT,0,0,
INC000239,P000745,Paresh Rabari,ACCUSED,1,0,2026-07-21
INC000239,P000719,Yusuf Khan,ACCUSED,0,0,
INC000239,P001055,Mushtaq Idrisi,COMPLAINANT,0,0,
INC000240,P000952,Paresh Shah,ACCUSED,1,1,2024-08-21
INC000240,P000979,Zubair Khan,ACCUSED,0,0,
INC000240,P000999,Satish Rathore,SUSPECT,1,1,2024-12-24
INC000240,P000913,Sandip Bhoir,ACCUSED,0,0,
INC000240,P000935,Bhanwar Charan,ACCUSED,1,1,2025-01-14
INC000240,P001156,Vetrivel Naicker,COMPLAINANT,0,0,
INC000240,P001390,Naresh Srivastava,VICTIM,0,0,
INC000240,P001134,Mangamma Setty,WITNESS,0,0,
INC000241,P000880,Murugan Annadurai,SUSPECT,1,1,2024-08-15
INC000241,P000863,Lalthanga Momin,SUSPECT,1,1,2024-05-24
INC000241,P001155,Padma Kondapalli,COMPLAINANT,0,0,
INC000241,P001163,Hariom Chauhan,VICTIM,0,0,
INC000242,P000446,Udaiveer Gupta,SUSPECT,1,1,2024-01-16
INC000242,P001003,Rachna Baghel,COMPLAINANT,0,0,
INC000242,P001115,Amol Kamble,VICTIM,0,0,
INC000242,P001090,Rekha Awasthi,WITNESS,0,0,
INC000243,P000876,Krishnaiah Goud,SUSPECT,0,0,
INC000243,P000856,Bala Gounder,SUSPECT,0,0,
INC000243,P000848,Nagaraju Gupta,SUSPECT,0,0,
INC000243,P000879,Velu Annadurai,SUSPECT,1,1,2025-05-26
INC000243,P000852,Mallesh Kumar,ACCUSED,0,0,
INC000243,P001410,Sanjay Yadav,COMPLAINANT,0,0,
INC000243,P001330,Kumaraswamy Shetty,VICTIM,0,0,
INC000243,P001242,Bhaskar Shinde,WITNESS,0,0,
INC000244,P000899,Pradeep Pandey,ACCUSED,1,0,2024-07-01
INC000244,P000926,Mariappan Annadurai,SUSPECT,0,0,
INC000244,P000964,Kiran Waghmare,ACCUSED,0,0,
INC000244,P001242,Bhaskar Shinde,COMPLAINANT,0,0,
INC000244,P001463,Sudheer Menon,VICTIM,0,0,
INC000245,P000119,Faizan Alam,ACCUSED,0,0,
INC000245,P000140,Bhanwari Jat,ACCUSED,1,0,2019-12-17
INC000245,P000102,Abdul Shaikh,SUSPECT,0,0,
INC000245,P000146,Paramjit Sarao,ACCUSED,1,1,2019-12-21
INC000245,P001144,Rekha Nagar,COMPLAINANT,0,0,
INC000245,P001174,Shahnawaz Khan,VICTIM,0,0,
INC000246,P000015,Swapnil Bhoir,ABSCONDING_ACCUSED,0,0,
INC000246,P000005,Aslam Ahmed,ACCUSED,1,1,2025-10-30
INC000246,P000088,Sagar Salunkhe,SUSPECT,0,0,
INC000246,P000083,Mitesh Joshi,ACCUSED,0,0,
INC000246,P000017,Swapnil Tandel,ACCUSED,1,0,2025-09-03
INC000246,P001258,Subhas Ghosh,COMPLAINANT,0,0,
INC000246,P001427,Amol Dalvi,VICTIM,0,0,
INC000246,P001450,Chitra Chettiar,WITNESS,0,0,
INC000247,P000012,Vishal Shinde,ACCUSED,0,0,
INC000247,P000036,Shahnaz Alam,ACCUSED,1,1,2026-02-01
INC000247,P001187,Bhagaban Pradhan,COMPLAINANT,0,0,
INC000247,P001315,Laxmi Saini,VICTIM,0,0,
INC000247,P001229,Poongodi Muthusamy,WITNESS,0,0,
INC000248,P000036,Shahnaz Alam,ACCUSED,0,0,
INC000248,P000022,Nasreen Sheikh,ACCUSED,1,1,2021-01-03
INC000248,P000061,Amol Tandel,SUSPECT,0,0,
INC000248,P001380,Aslam Sheikh,COMPLAINANT,0,0,
INC000248,P001016,Preeti Rathore,VICTIM,0,0,
INC000249,P000847,Yumnam Marak,ACCUSED,1,0,2024-01-04
INC000249,P000846,Mahesh Shukla,ACCUSED,0,0,
INC000249,P000851,Ilango Subramanian,ACCUSED,1,1,2023-09-05
INC000249,P000866,Chinnadurai Annadurai,ACCUSED,1,1,2023-08-30
INC000249,P000857,Narsimha Vemula,SUSPECT,1,0,2023-07-31
INC000249,P001245,Nirmal Sidhu,COMPLAINANT,0,0,
INC000249,P001400,Sudha Bhadauria,VICTIM,0,0,
INC000249,P001275,Hanuman Jhala,WITNESS,0,0,
INC000250,P000778,Shakeel Malik,ACCUSED,1,1,2025-09-27
INC000250,P001174,Shahnawaz Khan,COMPLAINANT,0,0,
INC000250,P001425,Shyamlal Saini,VICTIM,0,0,
INC000250,P001168,Krishnaiah Varma,WITNESS,0,0,
INC000251,P000810,Kishan Choudhary,ACCUSED,0,0,
INC000251,P001168,Krishnaiah Varma,COMPLAINANT,0,0,
INC000251,P001116,Padma Reddy,VICTIM,0,0,
INC000252,P000748,Divyesh Desai,ACCUSED,1,1,2026-11-02
INC000252,P001051,Sandip Dalvi,COMPLAINANT,0,0,
INC000252,P001457,Nepal Biswas,VICTIM,0,0,
INC000253,P000900,Sagar Bhosale,ACCUSED,1,0,2024-03-10
INC000253,P000901,Yogesh Rane,SUSPECT,1,1,2024-07-10
INC000253,P000933,Sajid Zaidi,ABSCONDING_ACCUSED,1,0,2024-04-08
INC000253,P001435,Mangamma Vemula,COMPLAINANT,0,0,
INC000253,P001002,Suman Sisodia,VICTIM,0,0,
INC000254,P000111,Nirmal Bains,ACCUSED,1,1,2023-01-07
INC000254,P001461,Chandra Shekar Choudary,COMPLAINANT,0,0,
INC000254,P001086,Rajni Jaiswal,WITNESS,0,0,
INC000255,P000078,Prashant Deshmukh,ABSCONDING_ACCUSED,0,0,
INC000255,P000047,Swapnil Pawar,ACCUSED,0,0,
INC000255,P000029,Ashwin Zala,ACCUSED,1,1,2023-12-18
INC000255,P000006,Zubair Sheikh,ABSCONDING_ACCUSED,0,0,
INC000255,P000021,Kishor Makwana,ACCUSED,1,0,2023-10-02
INC000255,P001411,Clara Almeida,COMPLAINANT,0,0,
INC000255,P001004,Manjunath Bhat,VICTIM,0,0,
INC000256,P000424,Shanti Dubey,ACCUSED,0,0,
INC000256,P000467,Firoz Rahman,SUSPECT,0,0,
INC000256,P000450,Neelam Singh,ACCUSED,0,0,
INC000256,P000435,Naseer Zaidi,ACCUSED,1,0,2026-08-05
INC000256,P000462,Kuldeep Pandey,ACCUSED,1,1,2026-06-21
INC000256,P000461,Palash Sarkar,ACCUSED,1,1,2026-05-02
INC000256,P000468,Gopal Naskar,ACCUSED,1,1,2026-03-20
INC000256,P001299,Afsana Saifi,COMPLAINANT,0,0,
INC000256,P001466,Afsana Shaikh,VICTIM,0,0,
INC000257,P000003,Dattatray Waghmare,ACCUSED,0,0,
INC000257,P000037,Ganesh Dalvi,ACCUSED,1,1,2024-07-19
INC000257,P000054,Dharmesh Shah,ACCUSED,1,1,2024-06-24
INC000257,P000015,Swapnil Bhoir,SUSPECT,1,1,2024-04-05
INC000257,P001296,Elango Naicker,COMPLAINANT,0,0,
INC000257,P001182,Jhunu Rout,VICTIM,0,0,
INC000257,P001495,Satish Verma,WITNESS,0,0,
INC000258,P000848,Nagaraju Gupta,ACCUSED,0,0,
INC000258,P000861,Balbir Yadav,ACCUSED,0,0,
INC000258,P000862,Ngangbam Brahma,ACCUSED,0,0,
INC000258,P001011,Pushpalatha Bellad,COMPLAINANT,0,0,
INC000258,P001414,Sujoy Bose,VICTIM,0,0,
INC000259,P000331,Shakeel Ansari,SUSPECT,1,0,2020-08-07
INC000259,P000324,Nilesh Parmar,ACCUSED,0,0,
INC000259,P001029,Arindam Sen,COMPLAINANT,0,0,
INC000259,P001026,Lissy Achari,VICTIM,0,0,
INC000259,P001192,Kavya Nallamothu,WITNESS,0,0,
INC000260,P000485,Pramod Kushwaha,ABSCONDING_ACCUSED,1,1,2026-06-28
INC000260,P000503,Kavita Nishad,SUSPECT,1,0,2026-09-13
INC000260,P001424,Nathu Ranawat,COMPLAINANT,0,0,
INC000260,P001137,Poongodi Annadurai,VICTIM,0,0,
INC000261,P000824,Gopal Beniwal,SUSPECT,0,0,
INC000261,P001487,Amol Mhatre,COMPLAINANT,0,0,
INC000261,P001432,Shanti Verma,VICTIM,0,0,
INC000262,P000382,Mallikarjun Rai,ACCUSED,0,0,
INC000262,P001024,Revathi Thevar,COMPLAINANT,0,0,
INC000262,P001223,Balaraju Reddy,VICTIM,0,0,
INC000263,P000969,Aslam Ansari,ACCUSED,0,0,
INC000263,P000948,Xavier Almeida,SUSPECT,1,0,2020-09-08
INC000263,P001327,Hanuman Ranawat,COMPLAINANT,0,0,
INC000263,P001377,Rekha Prajapati,VICTIM,0,0,
INC000264,P000026,Hitesh Trivedi,SUSPECT,0,0,
INC000264,P000085,Ibrahim Ansari,ACCUSED,1,1,2026-05-26
INC000264,P001029,Arindam Sen,COMPLAINANT,0,0,
INC000264,P001105,Gurpreet Dhaliwal,VICTIM,0,0,
INC000264,P001384,Palash Bose,WITNESS,0,0,
INC000265,P000512,Firoz Saifi,ACCUSED,0,0,
INC000265,P000515,Mahesh Chauhan,ACCUSED,1,1,2026-04-07
INC000265,P000484,Tanveer Shaikh,ACCUSED,0,0,
INC000265,P000501,Rafiq Siddiqui,ACCUSED,1,0,2026-03-21
INC000265,P001427,Amol Dalvi,COMPLAINANT,0,0,
INC000265,P001003,Rachna Baghel,VICTIM,0,0,
INC000265,P001119,Anwar Rahman,WITNESS,0,0,
INC000266,P000637,Chitra Naicker,ACCUSED,1,1,2024-07-22
INC000266,P000629,Ramulu Reddy,ACCUSED,0,0,
INC000266,P000636,Lakshmi Sharma,SUSPECT,0,0,
INC000266,P000647,Trilochan Rout,ABSCONDING_ACCUSED,1,1,2024-11-09
INC000266,P000639,Sasmita Behera,ABSCONDING_ACCUSED,0,0,
INC000266,P000619,Prasanna Mallick,SUSPECT,1,1,2024-07-20
INC000266,P000617,Chandra Shekar Setty,ACCUSED,1,1,2024-08-15
INC000266,P001378,Palanisamy Subramanian,COMPLAINANT,0,0,
INC000266,P001019,Rubina Pathan,VICTIM,0,0,
INC000266,P001225,Reshma Idrisi,WITNESS,0,0,
INC000267,P000445,Kartik Das,ACCUSED,0,0,
INC000267,P001171,Sandip Rane,COMPLAINANT,0,0,
INC000267,P001195,Malathi Annadurai,VICTIM,0,0,
INC000267,P001329,Firoz Shaikh,WITNESS,0,0,
INC000268,P000734,Bhaskar Kadam,SUSPECT,1,1,2024-08-11
INC000268,P000722,Ashwin Shah,ACCUSED,0,0,
INC000268,P001163,Hariom Chauhan,COMPLAINANT,0,0,
INC000268,P001294,Kanta Jhala,VICTIM,0,0,
INC000269,P000961,Rambabu Tomar,ACCUSED,1,0,2024-11-30
INC000269,P000951,Nathu Ranawat,ACCUSED,1,1,2024-11-23
INC000269,P000955,Balaraju Nallamothu,ACCUSED,1,0,2024-06-29
INC000269,P001402,Falguni Bhatt,COMPLAINANT,0,0,
INC000269,P001022,Kuldeep Kashyap,VICTIM,0,0,
INC000270,P000830,Harpreet Sandhu,ACCUSED,1,0,2024-11-13
INC000270,P000826,Jarnail Singh,ACCUSED,1,1,2024-06-13
INC000270,P000815,Kuldeep Srivastava,ACCUSED,0,0,
INC000270,P001254,Lekhraj Kashyap,COMPLAINANT,0,0,
INC000270,P001038,Charanjit Kang,VICTIM,0,0,
INC000270,P001289,Ranveer Gurjar,WITNESS,0,0,
INC000271,P000038,Tushar Zala,ACCUSED,0,0,
INC000271,P001239,Yogendra Bhadauria,COMPLAINANT,0,0,
INC000271,P001053,Jagmal Purohit,VICTIM,0,0,
INC000272,P000351,Shakeel Mirza,ABSCONDING_ACCUSED,1,1,2024-07-19
INC000272,P000326,Jignesh Patel,ACCUSED,1,0,2024-05-19
INC000272,P000318,Sarfaraz Shaikh,ACCUSED,1,1,2024-10-27
INC000272,P001173,Sarla Vyas,COMPLAINANT,0,0,
INC000272,P001266,Sekar Pandian,VICTIM,0,0,
INC000272,P001439,Shabana Farooqui,WITNESS,0,0,
INC000273,P000858,Randhir Nishad,SUSPECT,0,0,
INC000273,P000853,Rajesh Jaiswal,SUSPECT,1,0,2025-07-12
INC000273,P000848,Nagaraju Gupta,ACCUSED,1,1,2025-11-26
INC000273,P001151,Rizwan Pathan,COMPLAINANT,0,0,
INC000273,P001219,Arun Rajput,VICTIM,0,0,
INC000274,P000588,Tapan Roy,ACCUSED,1,0,2025-08-16
INC000274,P001376,Gurpreet Kang,COMPLAINANT,0,0,
INC000274,P001407,Bikash Majumdar,VICTIM,0,0,
INC000274,P001061,Manisha More,WITNESS,0,0,
INC000275,P000946,Rajni Awasthi,ABSCONDING_ACCUSED,1,1,2025-03-30
INC000275,P000979,Zubair Khan,SUSPECT,1,1,2024-09-23
INC000275,P000963,Sandip Bhoir,ACCUSED,0,0,
INC000275,P000905,Amarjit Kang,ACCUSED,1,1,2025-01-27
INC000275,P001078,Pramila Munda,COMPLAINANT,0,0,
INC000275,P001113,Bhanwar Jhala,VICTIM,0,0,
INC000276,P000700,Mahesh Yadav,ACCUSED,1,1,2024-01-15
INC000276,P001457,Nepal Biswas,COMPLAINANT,0,0,
INC000276,P001184,Mallesh Mudiraj,VICTIM,0,0,
INC000276,P001152,Joseph Menezes,WITNESS,0,0,
INC000277,P000934,Bikash Mistry,ACCUSED,0,0,
INC000277,P000884,Wasim Mansuri,ACCUSED,0,0,
INC000277,P000999,Satish Rathore,ACCUSED,1,1,2022-09-14
INC000277,P000908,Harpreet Sidhu,ACCUSED,1,0,2022-11-16
INC000277,P000970,Ashfaq Saifi,ACCUSED,0,0,
INC000277,P001466,Afsana Shaikh,COMPLAINANT,0,0,
INC000277,P001063,Nadeem Shaikh,VICTIM,0,0,
INC000277,P001037,Sindhu Namboothiri,WITNESS,0,0,
INC000278,P000805,Ranveer Beniwal,SUSPECT,1,1,2026-04-29
INC000278,P000807,Bikramjit Brar,SUSPECT,1,0,2026-10-16
INC000278,P000821,Girdhari Rathore,ACCUSED,1,1,2026-07-14
INC000278,P000827,Prakash Shukla,SUSPECT,0,0,
INC000278,P000838,Chandrabhan Bhadauria,ACCUSED,1,0,2026-06-25
INC000278,P001283,Swapnil Naik,COMPLAINANT,0,0,
INC000278,P001399,Rachhpal Mann,VICTIM,0,0,
INC000279,P000677,Bhagaban Dash,ACCUSED,1,1,2025-05-26
INC000279,P000668,Sarat Rout,ACCUSED,1,1,2025-06-14
INC000279,P001058,Ravichandran Pillai,COMPLAINANT,0,0,
INC000279,P001178,Javed Malik,VICTIM,0,0,
INC000279,P001421,Sukumar Pal,WITNESS,0,0,
INC000280,P000048,Tanaji Tandel,ACCUSED,0,0,
INC000280,P000017,Swapnil Tandel,ABSCONDING_ACCUSED,0,0,
INC000280,P000024,Bharat Gohil,ABSCONDING_ACCUSED,1,0,2023-01-19
INC000280,P000079,Rasik Trivedi,ACCUSED,1,1,2022-07-25
INC000280,P001109,Sasmita Sahoo,COMPLAINANT,0,0,
INC000280,P001200,Rajwinder Bains,VICTIM,0,0,
INC000280,P001300,Rajitha Goud,WITNESS,0,0,
INC000281,P000677,Bhagaban Dash,SUSPECT,0,0,
INC000281,P000672,Sasmita Mallick,ACCUSED,0,0,
INC000281,P000680,Prakash Dubey,ACCUSED,1,1,2025-04-25
INC000281,P001234,Kuldeep Awasthi,COMPLAINANT,0,0,
INC000281,P001303,Naresh Baghel,VICTIM,0,0,
INC000281,P001293,Shanti Gupta,WITNESS,0,0,
INC000282,P000460,Anil Pandey,SUSPECT,1,1,2025-09-03
INC000282,P000454,Gautam Halder,SUSPECT,1,1,2025-09-26
INC000282,P001234,Kuldeep Awasthi,COMPLAINANT,0,0,
INC000282,P001070,Nazia Ansari,VICTIM,0,0,
INC000283,P000742,Smita Sawant,SUSPECT,0,0,
INC000283,P000745,Paresh Rabari,ACCUSED,1,1,2026-10-06
INC000283,P000749,Shyamlal Bhardwaj,SUSPECT,0,0,
INC000283,P000756,Shakeel Malik,SUSPECT,1,1,2026-10-05
INC000283,P001153,Kanta Gurjar,COMPLAINANT,0,0,
INC000283,P001027,Murugan Rajendran,VICTIM,0,0,
INC000283,P001023,Siddaraju Poojary,WITNESS,0,0,
INC000284,P000681,Ashim Biswas,ACCUSED,0,0,
INC000284,P000710,Sujoy Bhattacharya,ACCUSED,1,1,2023-09-11
INC000284,P001049,Sabita Mohanty,COMPLAINANT,0,0,
INC000284,P001045,Vidyawati Rathore,VICTIM,0,0,
INC000285,P000002,Shabana Baig,ACCUSED,0,0,
INC000285,P001262,Rajesh Thakur,COMPLAINANT,0,0,
INC000285,P001065,Karthik Raja,VICTIM,0,0,
INC000286,P000357,Om Prakash Rajput,SUSPECT,1,1,2019-02-08
INC000286,P000298,Baiju Marar,ABSCONDING_ACCUSED,0,0,
INC000286,P000305,Manoj Chauhan,ACCUSED,1,0,2019-04-16
INC000286,P001005,Aslam Mansuri,COMPLAINANT,0,0,
INC000286,P001346,Xavier Coutinho,VICTIM,0,0,
INC000287,P000873,Bikram Basumatary,ACCUSED,1,1,2025-05-24
INC000287,P001216,Gautam Gayen,COMPLAINANT,0,0,
INC000287,P001176,Amutha Pandian,VICTIM,0,0,
INC000288,P000889,Shubhangi Naik,ACCUSED,0,0,
INC000288,P000940,Mitesh Solanki,SUSPECT,0,0,
INC000288,P000916,Anil Gupta,SUSPECT,0,0,
INC000288,P000943,Ashfaq Farooqui,ACCUSED,1,1,2025-08-21
INC000288,P001261,Sabitri Adhikari,COMPLAINANT,0,0,
INC000288,P001187,Bhagaban Pradhan,VICTIM,0,0,
INC000289,P000909,Balwinder Sidhu,ACCUSED,0,0,
INC000289,P000889,Shubhangi Naik,ACCUSED,1,1,2023-02-28
INC000289,P001462,Shyamlal Awasthi,COMPLAINANT,0,0,
INC000290,P000718,Haroon Pathan,SUSPECT,1,1,2023-10-22
INC000290,P000737,Sachin Patil,ACCUSED,1,1,2023-08-24
INC000290,P001491,Shabana Siddiqui,COMPLAINANT,0,0,
INC000290,P001136,Shakeel Ansari,VICTIM,0,0,
INC000290,P001273,Mallesh Naidu,WITNESS,0,0,
INC000291,P000314,Praveen Kurup,ACCUSED,0,0,
INC000291,P000302,Biju Thomas,ABSCONDING_ACCUSED,1,0,2022-05-29
INC000291,P000320,Anoop Mathew,ACCUSED,0,0,
INC000291,P001384,Palash Bose,COMPLAINANT,0,0,
INC000291,P001457,Nepal Biswas,VICTIM,0,0,
INC000292,P000765,Salim Shaikh,ABSCONDING_ACCUSED,0,0,
INC000292,P000768,Prakash Gupta,ACCUSED,0,0,
INC000292,P000797,Imran Ahmed,SUSPECT,1,1,2025-10-30
INC000292,P000774,Naseer Farooqui,SUSPECT,1,1,2025-11-09
INC000292,P001446,Jayan Achari,COMPLAINANT,0,0,
INC000292,P001342,Prakash Patil,VICTIM,0,0,
INC000292,P001048,Prabhakar Mudiraj,WITNESS,0,0,
INC000293,P000368,Dinesh Rathore,ACCUSED,1,1,2024-06-08
INC000293,P000372,Rajendran Pillai,ACCUSED,0,0,
INC000293,P000407,Ajay Prajapati,ACCUSED,0,0,
INC000293,P000411,Kumaraswamy Kulkarni,ACCUSED,1,0,2024-05-29
INC000293,P000408,Manjunath Gowda,ACCUSED,0,0,
INC000293,P000409,Sanjay Nagar,ACCUSED,1,1,2024-04-24
INC000293,P000371,Manoj Yadav,ACCUSED,0,0,
INC000293,P001385,Rafiq Rahman,COMPLAINANT,0,0,
INC000293,P001292,Rachna Mishra,VICTIM,0,0,
INC000293,P001251,Reshma Farooqui,WITNESS,0,0,
INC000294,P000497,Prakash Thakur,SUSPECT,1,1,2022-03-01
INC000294,P000510,Nazia Saifi,ACCUSED,0,0,
INC000294,P000488,Aslam Ahmed,ACCUSED,1,1,2022-08-04
INC000294,P001083,Kavita Baghel,COMPLAINANT,0,0,
INC000294,P001043,Mallesh Choudary,VICTIM,0,0,
INC000294,P001353,Kuni Nayak,WITNESS,0,0,
INC000295,P000966,Sarita Tiwari,ACCUSED,1,1,2026-08-15
INC000295,P000942,Rambabu Yadav,ACCUSED,0,0,
INC000295,P000934,Bikash Mistry,ACCUSED,1,1,2026-06-11
INC000295,P000905,Amarjit Kang,ACCUSED,1,1,2026-07-26
INC000295,P001253,Mousumi Ghosh,COMPLAINANT,0,0,
INC000295,P001368,Kuni Mohanty,VICTIM,0,0,
INC000296,P000666,Hariom Bhardwaj,ABSCONDING_ACCUSED,1,1,2024-09-29
INC000296,P000694,Gautam Sen,ACCUSED,1,1,2025-02-07
INC000296,P000675,Naresh Shukla,ACCUSED,1,1,2025-03-12
INC000296,P000689,Jagdish Verma,SUSPECT,0,0,
INC000296,P001200,Rajwinder Bains,COMPLAINANT,0,0,
INC000296,P001476,Sandip Patil,VICTIM,0,0,
INC000296,P001133,Madan Charan,WITNESS,0,0,
INC000297,P000206,Mahesh Shukla,ACCUSED,0,0,
INC000297,P000214,Subhas Dutta,ACCUSED,0,0,
INC000297,P001435,Mangamma Vemula,COMPLAINANT,0,0,
INC000297,P001349,Jaswant Sarao,VICTIM,0,0,
INC000297,P001116,Padma Reddy,WITNESS,0,0,
INC000298,P000127,Nadeem Mirza,ACCUSED,0,0,
INC000298,P000162,Amarjit Dhillon,ACCUSED,1,1,2022-10-07
INC000298,P000131,Imran Siddiqui,ACCUSED,0,0,
INC000298,P000159,Lakhwinder Brar,ACCUSED,1,1,2022-06-26
INC000298,P000141,Paramjit Grewal,ACCUSED,1,0,2022-07-28
INC000298,P001022,Kuldeep Kashyap,COMPLAINANT,0,0,
INC000298,P001308,Chandrabhan Shukla,VICTIM,0,0,
INC000298,P001361,Suman Bhati,WITNESS,0,0,
INC000299,P000747,Jitendra Bhardwaj,ACCUSED,1,1,2025-12-27
INC000299,P000730,Arif Mansuri,ACCUSED,0,0,
INC000299,P001353,Kuni Nayak,COMPLAINANT,0,0,
INC000299,P001478,Satish Mishra,WITNESS,0,0,
INC000300,P000743,Har Prasad Sharma,ACCUSED,1,1,2026-01-11
INC000300,P000727,Vishal More,SUSPECT,1,1,2025-11-05
INC000300,P000728,Netrapal Saini,SUSPECT,0,0,
INC000300,P000762,Nilesh Shinde,ACCUSED,1,1,2026-03-26
INC000300,P000763,Randhir Tiwari,ACCUSED,1,1,2026-02-01
INC000300,P000722,Ashwin Shah,SUSPECT,1,1,2026-02-14
INC000300,P000733,Kalpesh Solanki,SUSPECT,1,0,2026-03-16
INC000300,P001190,Ramkali Bhadauria,COMPLAINANT,0,0,
INC000300,P001207,Sunita Verma,WITNESS,0,0,
INC000301,P000558,Mahesh Kushwaha,ACCUSED,1,1,2022-04-22
INC000301,P000554,Davinder Bhullar,SUSPECT,1,1,2022-06-29
INC000301,P000547,Jarnail Sarao,ACCUSED,0,0,
INC000301,P001364,Hariom Gupta,COMPLAINANT,0,0,
INC000301,P001300,Rajitha Goud,VICTIM,0,0,
INC000302,P000690,Bimal Majumdar,ACCUSED,1,1,2024-08-13
INC000302,P000704,Udaiveer Srivastava,ACCUSED,1,0,2024-11-11
INC000302,P001271,Jayan Namboothiri,COMPLAINANT,0,0,
INC000302,P001098,Kuldeep Cheema,VICTIM,0,0,
INC000302,P001161,Rina Pal,WITNESS,0,0,
INC000303,P000868,Satish Maurya,ACCUSED,1,1,2024-02-04
INC000303,P000879,Velu Annadurai,ACCUSED,0,0,
INC000303,P001126,Baljinder Brar,COMPLAINANT,0,0,
INC000303,P001493,Nitin Jadhav,VICTIM,0,0,
INC000303,P001382,Kavita Baghel,WITNESS,0,0,
INC000304,P000674,Basanta Pradhan,ACCUSED,0,0,
INC000304,P000700,Mahesh Yadav,ACCUSED,0,0,
INC000304,P000693,Arun Chauhan,ACCUSED,0,0,
INC000304,P000707,Akshaya Sahoo,ACCUSED,1,1,2026-04-05
INC000304,P001315,Laxmi Saini,COMPLAINANT,0,0,
INC000304,P001452,Preeti Tomar,VICTIM,0,0,
INC000304,P001164,Sasmita Rout,WITNESS,0,0,
INC000305,P000806,Hanuman Shekhawat,SUSPECT,0,0,
INC000305,P000818,Gopal Saini,SUSPECT,1,1,2026-07-05
INC000305,P001344,Baljit Sidhu,COMPLAINANT,0,0,
INC000305,P001090,Rekha Awasthi,VICTIM,0,0,
INC000306,P000105,Mohan Sisodia,ACCUSED,0,0,
INC000306,P001068,Kondaiah Bandari,COMPLAINANT,0,0,
INC000306,P001260,Madhuri Salunkhe,VICTIM,0,0,
INC000307,P000059,Bharat Bhatt,ACCUSED,1,1,2026-08-22
INC000307,P000026,Hitesh Trivedi,ACCUSED,0,0,
INC000307,P001349,Jaswant Sarao,COMPLAINANT,0,0,
INC000307,P001173,Sarla Vyas,VICTIM,0,0,
INC000307,P001378,Palanisamy Subramanian,WITNESS,0,0,
INC000308,P000353,Ratheesh Menon,ACCUSED,0,0,
INC000308,P000336,Munna Baghel,ACCUSED,0,0,
INC000308,P000349,Rinku Parmar,SUSPECT,1,1,2025-11-30
INC000308,P001410,Sanjay Yadav,COMPLAINANT,0,0,
INC000308,P001263,Priyanka Chavan,VICTIM,0,0,
INC000308,P001112,Anita Tiwari,WITNESS,0,0,
INC000309,P000889,Shubhangi Naik,ACCUSED,1,1,2024-05-23
INC000309,P000900,Sagar Bhosale,ACCUSED,1,0,2024-04-11
INC000309,P000940,Mitesh Solanki,SUSPECT,1,1,2024-05-27
INC000309,P000989,Basanta Patra,SUSPECT,1,0,2024-04-06
INC000309,P000943,Ashfaq Farooqui,ACCUSED,1,1,2024-03-24
INC000309,P001341,Tapasi Chakraborty,COMPLAINANT,0,0,
INC000309,P001324,Wasim Ahmed,VICTIM,0,0,
INC000310,P000124,Rafiq Baig,ACCUSED,1,1,2022-03-21
INC000310,P000139,Chhagan Saini,SUSPECT,1,1,2022-07-12
INC000310,P000112,Rafiq Ansari,ACCUSED,0,0,
INC000310,P001303,Naresh Baghel,COMPLAINANT,0,0,
INC000310,P001270,Meena Jaiswal,VICTIM,0,0,
INC000311,P000719,Yusuf Khan,ACCUSED,0,0,
INC000311,P000753,Chandrabhan Shukla,ACCUSED,1,0,2025-06-04
INC000311,P000733,Kalpesh Solanki,ACCUSED,1,1,2025-04-18
INC000311,P001337,Snehal Shinde,COMPLAINANT,0,0,
INC000311,P001399,Rachhpal Mann,VICTIM,0,0,
INC000311,P001039,Sanjay Kushwaha,WITNESS,0,0,
INC000312,P000156,Paramjit Gill,ACCUSED,1,1,2023-02-02
INC000312,P000124,Rafiq Baig,SUSPECT,1,1,2022-10-25
INC000312,P001289,Ranveer Gurjar,COMPLAINANT,0,0,
INC000312,P001083,Kavita Baghel,VICTIM,0,0,
INC000312,P001093,Farida Siddiqui,WITNESS,0,0,
INC000313,P000914,Shivanna Angadi,ACCUSED,1,0,2025-03-19
INC000313,P001176,Amutha Pandian,COMPLAINANT,0,0,
INC000314,P000255,Lekhraj Dixit,ABSCONDING_ACCUSED,1,1,2024-08-20
INC000314,P000231,Swapan Bose,ACCUSED,0,0,
INC000314,P001400,Sudha Bhadauria,COMPLAINANT,0,0,
INC000314,P001122,Nazia Ahmed,VICTIM,0,0,
INC000314,P001141,Prashant More,WITNESS,0,0,
INC000315,P000741,Trupti Parmar,ACCUSED,0,0,
INC000315,P001042,Yusuf Shaikh,COMPLAINANT,0,0,
INC000315,P001341,Tapasi Chakraborty,WITNESS,0,0,
INC000316,P000864,Rambabu Goud,SUSPECT,1,1,2021-09-07
INC000316,P000874,Ramulu Nallamothu,SUSPECT,1,1,2021-10-10
INC000316,P001098,Kuldeep Cheema,COMPLAINANT,0,0,
INC000316,P001236,Gopal Chakraborty,VICTIM,0,0,
INC000316,P001496,Poonam Pandey,WITNESS,0,0,
INC000317,P000124,Rafiq Baig,ACCUSED,1,1,2024-07-29
INC000317,P000099,Shakeel Pathan,ACCUSED,0,0,
INC000317,P000110,Iqbal Pathan,ACCUSED,0,0,
INC000317,P000149,Satnam Sandhu,ACCUSED,0,0,
INC000317,P001112,Anita Tiwari,COMPLAINANT,0,0,
INC000317,P001071,Surinder Bajwa,VICTIM,0,0,
INC000317,P001471,Sudarshan Swain,WITNESS,0,0,
INC000318,P000107,Mohammed Shaikh,SUSPECT,1,1,2023-05-19
INC000318,P000100,Ranveer Choudhary,ACCUSED,0,0,
INC000318,P000094,Malkiat Grewal,ACCUSED,0,0,
INC000318,P001442,Bhavna Barot,COMPLAINANT,0,0,
INC000318,P001373,Alpesh Barot,VICTIM,0,0,
INC000319,P000906,Palanisamy Gounder,SUSPECT,1,1,2022-03-02
INC000319,P000920,Aruna Yadav,ACCUSED,0,0,
INC000319,P000887,Anoop Kartha,SUSPECT,1,1,2022-04-19
INC000319,P000881,Rajitha Naidu,ACCUSED,1,1,2022-02-26
INC000319,P001456,Hanumanthappa Kamath,COMPLAINANT,0,0,
INC000319,P001351,Nilesh Trivedi,VICTIM,0,0,
INC000320,P000284,Deepak Baghel,ACCUSED,1,1,2025-09-20
INC000320,P001180,Bhanwari Purohit,COMPLAINANT,0,0,
INC000320,P001250,Yogendra Shukla,VICTIM,0,0,
INC000320,P001351,Nilesh Trivedi,WITNESS,0,0,
INC000321,P000943,Ashfaq Farooqui,SUSPECT,0,0,
INC000321,P000994,Jasbir Virk,SUSPECT,1,1,2020-04-19
INC000321,P001126,Baljinder Brar,COMPLAINANT,0,0,
INC000321,P001084,Davinder Kang,VICTIM,0,0,
INC000322,P000461,Palash Sarkar,ACCUSED,1,1,2024-07-26
INC000322,P001194,Arif Saifi,COMPLAINANT,0,0,
INC000322,P001028,Arun Baghel,VICTIM,0,0,
INC000322,P001314,Jasbir Singh,WITNESS,0,0,
INC000323,P000523,Triloki Shukla,SUSPECT,1,1,2023-05-31
INC000323,P000561,Nirmal Gill,ACCUSED,0,0,
INC000323,P001476,Sandip Patil,COMPLAINANT,0,0,
INC000323,P001342,Prakash Patil,VICTIM,0,0,
INC000324,P000114,Gayatri Jat,ACCUSED,0,0,
INC000324,P000106,Amarjit Sidhu,ACCUSED,0,0,
INC000324,P001289,Ranveer Gurjar,COMPLAINANT,0,0,
INC000324,P001398,Sajid Chaudhary,VICTIM,0,0,
INC000325,P000326,Jignesh Patel,ACCUSED,1,1,2024-09-12
INC000325,P000324,Nilesh Parmar,ACCUSED,1,0,2024-08-01
INC000325,P000337,Kalpesh Vaghela,ACCUSED,1,1,2024-11-21
INC000325,P000330,Wasim Rahman,ACCUSED,1,1,2024-06-11
INC000325,P001345,Bimal Halder,COMPLAINANT,0,0,
INC000325,P001289,Ranveer Gurjar,VICTIM,0,0,
INC000325,P001156,Vetrivel Naicker,WITNESS,0,0,
INC000326,P000521,Vijay Bhadauria,ACCUSED,1,0,2026-08-11
INC000326,P001321,Moumita Das,COMPLAINANT,0,0,
INC000326,P001066,Shibu Thomas,VICTIM,0,0,
INC000326,P001286,Poonam Kushwaha,WITNESS,0,0,
INC000327,P000060,Rasik Vaghela,ACCUSED,1,1,2021-04-27
INC000327,P001285,Farida Qureshi,COMPLAINANT,0,0,
INC000327,P001464,Sathish Sharma,VICTIM,0,0,
INC000327,P001479,Jaswant Sandhu,WITNESS,0,0,
INC000328,P000489,Jitendra Mishra,ACCUSED,1,1,2025-10-19
INC000328,P001316,Shanti Dixit,COMPLAINANT,0,0,
INC000328,P001075,Alpesh Solanki,VICTIM,0,0,
INC000328,P001431,Chandra Shekar Reddy,WITNESS,0,0,
INC000329,P000681,Ashim Biswas,SUSPECT,0,0,
INC000329,P000683,Sanjib Mistry,ACCUSED,1,1,2024-10-05
INC000329,P000700,Mahesh Yadav,ACCUSED,1,1,2024-12-01
INC000329,P000691,Arun Gupta,SUSPECT,0,0,
INC000329,P001151,Rizwan Pathan,COMPLAINANT,0,0,
INC000329,P001041,Hansa Parmar,VICTIM,0,0,
INC000329,P001328,Sanoop Joseph,WITNESS,0,0,
INC000330,P000432,Mohammed Pathan,ACCUSED,0,0,
INC000330,P000434,Ibrahim Khan,ACCUSED,1,0,2024-06-28
INC000330,P000468,Gopal Naskar,ACCUSED,1,1,2024-04-20
INC000330,P000446,Udaiveer Gupta,ACCUSED,0,0,
INC000330,P001121,Archana Bhardwaj,COMPLAINANT,0,0,
INC000330,P001237,Devendra Sengar,VICTIM,0,0,
INC000331,P000460,Anil Pandey,ABSCONDING_ACCUSED,1,1,2022-07-12
INC000331,P000470,Girdhari Shukla,ACCUSED,0,0,
INC000331,P000466,Har Prasad Pandey,ACCUSED,0,0,
INC000331,P000445,Kartik Das,SUSPECT,1,1,2022-10-04
INC000331,P001244,Velu Pillai,COMPLAINANT,0,0,
INC000331,P001072,Manjit Sekhon,VICTIM,0,0,
INC000331,P001412,Savita Saini,WITNESS,0,0,
INC000332,P000872,Bikram Jamir,ACCUSED,0,0,
INC000332,P001218,Rajwinder Toor,COMPLAINANT,0,0,
INC000332,P001268,Deepa Warrier,VICTIM,0,0,
INC000333,P000684,Sunil Verma,ACCUSED,0,0,
INC000333,P001001,Trilochan Swain,COMPLAINANT,0,0,
INC000333,P001028,Arun Baghel,VICTIM,0,0,
INC000333,P001368,Kuni Mohanty,WITNESS,0,0,
INC000334,P000501,Rafiq Siddiqui,ACCUSED,0,0,
INC000334,P000515,Mahesh Chauhan,ACCUSED,1,1,2026-07-25
INC000334,P000499,Chandrabhan Pandey,ACCUSED,0,0,
INC000334,P001349,Jaswant Sarao,COMPLAINANT,0,0,
INC000334,P001039,Sanjay Kushwaha,VICTIM,0,0,
INC000334,P001297,Abdul Mansuri,WITNESS,0,0,
INC000335,P000326,Jignesh Patel,ACCUSED,1,1,2025-09-24
INC000335,P000327,Javed Chaudhary,ACCUSED,0,0,
INC000335,P000297,Divyesh Patel,ACCUSED,1,0,2025-07-08
INC000335,P001017,Meena Awasthi,COMPLAINANT,0,0,
INC000335,P001122,Nazia Ahmed,VICTIM,0,0,
INC000336,P000752,Mitesh Shah,ACCUSED,1,1,2026-07-08
INC000336,P000751,Devendra Maurya,ACCUSED,1,1,2026-04-22
INC000336,P000735,Vipul Parmar,ACCUSED,1,0,2026-07-07
INC000336,P000737,Sachin Patil,ACCUSED,1,0,2026-08-03
INC000336,P001311,Jyotsna Patil,COMPLAINANT,0,0,
INC000336,P001332,Sumitra Naik,VICTIM,0,0,
INC000337,P000037,Ganesh Dalvi,ACCUSED,1,1,2021-05-24
INC000337,P000058,Alpesh Shah,ACCUSED,1,1,2021-07-06
INC000337,P000010,Amol Rane,SUSPECT,1,0,2021-08-14
INC000337,P000080,Kalpesh Zala,ACCUSED,0,0,
INC000337,P000077,Dharmesh Thakor,ACCUSED,1,1,2021-09-26
INC000337,P001249,Ganesh Pawar,COMPLAINANT,0,0,
INC000337,P001158,Saroja Kumar,VICTIM,0,0,
INC000338,P000959,Mitesh Rabari,ACCUSED,1,1,2020-11-08
INC000338,P000893,Imran Qureshi,ACCUSED,0,0,
INC000338,P000889,Shubhangi Naik,ACCUSED,1,1,2021-01-29
INC000338,P000948,Xavier Almeida,ABSCONDING_ACCUSED,0,0,
INC000338,P001449,Swapan Bose,COMPLAINANT,0,0,
INC000338,P001024,Revathi Thevar,VICTIM,0,0,
INC000338,P001248,Basanti Jena,WITNESS,0,0,
INC000339,P000569,Rizwan Qureshi,ABSCONDING_ACCUSED,1,1,2026-08-02
INC000339,P000533,Jaswant Brar,ACCUSED,1,1,2026-05-21
INC000339,P000565,Devendra Tiwari,ACCUSED,1,1,2026-06-27
INC000339,P001228,Yasmin Pathan,COMPLAINANT,0,0,
INC000339,P001209,Saroja Naidu,VICTIM,0,0,
INC000340,P000127,Nadeem Mirza,ACCUSED,1,0,2019-11-26
INC000340,P000137,Paramjit Gill,ACCUSED,1,1,2019-12-12
INC000340,P000145,Nirmal Singh,ACCUSED,0,0,
INC000340,P001210,Nilesh More,COMPLAINANT,0,0,
INC000340,P001112,Anita Tiwari,WITNESS,0,0,
INC000341,P000711,Vijay Singh,SUSPECT,1,1,2025-03-14
INC000341,P000693,Arun Chauhan,ACCUSED,1,1,2024-12-16
INC000341,P000697,Kartik Dutta,SUSPECT,1,1,2024-12-01
INC000341,P000668,Sarat Rout,ACCUSED,0,0,
INC000341,P000685,Balbir Mishra,ACCUSED,0,0,
INC000341,P000704,Udaiveer Srivastava,ACCUSED,0,0,
INC000341,P000681,Ashim Biswas,ACCUSED,1,1,2025-01-27
INC000341,P001140,Ramkali Gupta,COMPLAINANT,0,0,
INC000341,P001185,Peter Lobo,VICTIM,0,0,
INC000341,P001445,Jyoti Solanki,WITNESS,0,0,
INC000342,P000858,Randhir Nishad,ACCUSED,1,0,2022-10-29
INC000342,P000866,Chinnadurai Annadurai,ABSCONDING_ACCUSED,1,1,2022-10-27
INC000342,P000852,Mallesh Kumar,ABSCONDING_ACCUSED,0,0,
INC000342,P001239,Yogendra Bhadauria,COMPLAINANT,0,0,
INC000342,P001346,Xavier Coutinho,VICTIM,0,0,
INC000342,P001312,Sreenivasan Kurup,WITNESS,0,0,
INC000343,P000366,Har Prasad Yadav,ACCUSED,0,0,
INC000343,P000370,Yallappa Angadi,SUSPECT,1,1,2025-03-01
INC000343,P000394,Pramod Shukla,ACCUSED,1,1,2024-11-03
INC000343,P000398,Girish Hiremath,ACCUSED,0,0,
INC000343,P001041,Hansa Parmar,COMPLAINANT,0,0,
INC000343,P001344,Baljit Sidhu,VICTIM,0,0,
INC000344,P000888,Balwinder Dhaliwal,ACCUSED,1,1,2021-06-27
INC000344,P000991,Nathu Beniwal,ACCUSED,1,1,2021-06-11
INC000344,P001132,Pushpa Saini,COMPLAINANT,0,0,
INC000344,P001420,Rupa Halder,VICTIM,0,0,
INC000345,P000340,Girdhari Tiwari,ACCUSED,0,0,
INC000345,P001153,Kanta Gurjar,COMPLAINANT,0,0,
INC000345,P001070,Nazia Ansari,VICTIM,0,0,
INC000345,P001486,Netrapal Bhardwaj,WITNESS,0,0,
INC000346,P000946,Rajni Awasthi,ACCUSED,0,0,
INC000346,P000902,Manjunath Desai,ACCUSED,0,0,
INC000346,P001004,Manjunath Bhat,COMPLAINANT,0,0,
INC000346,P001446,Jayan Achari,VICTIM,0,0,
INC000347,P000645,Prasanna Mohanty,ACCUSED,1,1,2019-11-02
INC000347,P000639,Sasmita Behera,ACCUSED,1,1,2020-02-02
INC000347,P001289,Ranveer Gurjar,COMPLAINANT,0,0,
INC000347,P001137,Poongodi Annadurai,WITNESS,0,0,
INC000348,P000724,Pandurang Naik,ACCUSED,1,1,2025-11-29
INC000348,P000716,Vaishnavi Kadam,ABSCONDING_ACCUSED,0,0,
INC000348,P001171,Sandip Rane,COMPLAINANT,0,0,
INC000348,P001378,Palanisamy Subramanian,VICTIM,0,0,
INC000349,P000231,Swapan Bose,SUSPECT,0,0,
INC000349,P001361,Suman Bhati,COMPLAINANT,0,0,
INC000349,P001275,Hanuman Jhala,VICTIM,0,0,
INC000349,P001142,Suresh Bhardwaj,WITNESS,0,0,
INC000350,P000489,Jitendra Mishra,SUSPECT,1,1,2020-12-22
INC000350,P001265,Jitendra Rathore,COMPLAINANT,0,0,
INC000350,P001090,Rekha Awasthi,VICTIM,0,0,
INC000351,P000798,Firoz Mansuri,ACCUSED,1,1,2026-08-12
INC000351,P000766,Balbir Shukla,ACCUSED,1,0,2026-12-09
INC000351,P001403,Ratheesh Varghese,COMPLAINANT,0,0,
INC000351,P001377,Rekha Prajapati,VICTIM,0,0,
INC000351,P001318,Paresh Solanki,WITNESS,0,0,
INC000352,P000409,Sanjay Nagar,ACCUSED,1,1,2025-07-16
INC000352,P000358,Prakash Rai,ACCUSED,1,0,2025-09-12
INC000352,P001430,Rajendran Naicker,COMPLAINANT,0,0,
INC000352,P001386,Tamilselvi Sundaram,VICTIM,0,0,
INC000352,P001091,Sandip Mhatre,WITNESS,0,0,
INC000353,P000108,Ranveer Kumawat,ACCUSED,0,0,
INC000353,P000168,Sukhdev Bhullar,ACCUSED,1,0,2020-10-06
INC000353,P001246,Sabitri Majumdar,COMPLAINANT,0,0,
INC000353,P001075,Alpesh Solanki,VICTIM,0,0,
INC000354,P000554,Davinder Bhullar,ACCUSED,1,1,2024-09-09
INC000354,P000553,Vijay Rajput,ACCUSED,1,0,2024-12-06
INC000354,P000566,Ajay Dubey,ACCUSED,0,0,
INC000354,P000534,Pushpa Awasthi,ACCUSED,1,0,2025-01-23
INC000354,P000546,Om Prakash Rathore,SUSPECT,1,1,2025-01-11
INC000354,P001473,Shabana Qureshi,COMPLAINANT,0,0,
INC000354,P001399,Rachhpal Mann,VICTIM,0,0,
INC000355,P000734,Bhaskar Kadam,ACCUSED,0,0,
INC000355,P000751,Devendra Maurya,ACCUSED,1,1,2022-08-04
INC000355,P001215,Nirmala Jaiswal,COMPLAINANT,0,0,
INC000355,P001476,Sandip Patil,VICTIM,0,0,
INC000356,P000397,Selvam Gounder,ACCUSED,1,1,2026-03-14
INC000356,P000415,Vinod Thakur,SUSPECT,1,0,2026-01-30
INC000356,P000406,Triloki Dubey,SUSPECT,0,0,
INC000356,P001246,Sabitri Majumdar,COMPLAINANT,0,0,
INC000356,P001211,Mangi Rathore,VICTIM,0,0,
INC000357,P000857,Narsimha Vemula,ACCUSED,1,1,2023-07-31
INC000357,P000847,Yumnam Marak,ACCUSED,1,1,2023-02-03
INC000357,P001252,Prakash Nagar,COMPLAINANT,0,0,
INC000357,P001441,Javed Shaikh,VICTIM,0,0,
INC000358,P000707,Akshaya Sahoo,ACCUSED,1,1,2023-10-31
INC000358,P000677,Bhagaban Dash,SUSPECT,1,1,2023-09-29
INC000358,P000685,Balbir Mishra,ACCUSED,1,0,2023-10-19
INC000358,P000670,Bhagaban Sahoo,ACCUSED,1,0,2023-08-06
INC000358,P000683,Sanjib Mistry,ACCUSED,1,1,2023-07-13
INC000358,P001193,Palash Das,COMPLAINANT,0,0,
INC000358,P001089,Anita Dubey,VICTIM,0,0,
INC000359,P000234,Faizan Shaikh,SUSPECT,0,0,
INC000359,P000189,Pradip Roy,ACCUSED,0,0,
INC000359,P001274,Yusuf Saifi,COMPLAINANT,0,0,
INC000359,P001368,Kuni Mohanty,VICTIM,0,0,
INC000360,P000151,Baljinder Mann,SUSPECT,0,0,
INC000360,P001444,Clara Coutinho,COMPLAINANT,0,0,
INC000360,P001242,Bhaskar Shinde,VICTIM,0,0,
INC000360,P001314,Jasbir Singh,WITNESS,0,0,
INC000361,P000102,Abdul Shaikh,ACCUSED,1,0,2024-04-22
INC000361,P000118,Bikramjit Sidhu,ABSCONDING_ACCUSED,1,1,2024-06-30
INC000361,P000131,Imran Siddiqui,ACCUSED,1,0,2024-04-24
INC000361,P000161,Mohan Sisodia,SUSPECT,0,0,
INC000361,P000163,Shahnaz Siddiqui,ACCUSED,1,1,2024-08-17
INC000361,P001445,Jyoti Solanki,COMPLAINANT,0,0,
INC000361,P001121,Archana Bhardwaj,VICTIM,0,0,
INC000362,P000869,Selvam Subramanian,ABSCONDING_ACCUSED,1,1,2018-06-23
INC000362,P001498,Selvam Chettiar,COMPLAINANT,0,0,
INC000362,P001154,Nagaraju Bandari,VICTIM,0,0,
INC000363,P000802,Kishan Jat,ACCUSED,0,0,
INC000363,P000810,Kishan Choudhary,ABSCONDING_ACCUSED,0,0,
INC000363,P000823,Harpreet Brar,ACCUSED,1,1,2024-07-08
INC000363,P000808,Sunil Sengar,ACCUSED,1,1,2024-02-27
INC000363,P000813,Mukesh Baghel,SUSPECT,1,1,2024-03-15
INC000363,P000826,Jarnail Singh,ACCUSED,1,1,2024-05-16
INC000363,P000832,Kuldeep Virk,SUSPECT,1,0,2024-07-10
INC000363,P001320,Rafiq Pathan,COMPLAINANT,0,0,
INC000363,P001291,Hitesh Thakor,VICTIM,0,0,
INC000363,P001319,Nilesh Kadam,WITNESS,0,0,
INC000364,P000317,Nishad Panicker,ACCUSED,1,1,2026-05-10
INC000364,P001378,Palanisamy Subramanian,COMPLAINANT,0,0,
INC000364,P001304,Gurpreet Toor,VICTIM,0,0,
INC000364,P001278,Imran Hussain,WITNESS,0,0,
INC000365,P000429,Tapan Biswas,ACCUSED,1,0,2026-03-31
INC000365,P000438,Kartik Bose,ACCUSED,0,0,
INC000365,P000442,Swapan Gayen,ACCUSED,1,1,2026-04-24
INC000365,P001057,Shanti Rathore,COMPLAINANT,0,0,
INC000365,P001204,Kumaraswamy Hegde,VICTIM,0,0,
INC000365,P001120,Basanta Jena,WITNESS,0,0,
INC000366,P000988,Bikramjit Sandhu,ACCUSED,1,1,2026-11-03
INC000366,P000944,Siddaraju Patil,ACCUSED,0,0,
INC000366,P001371,Kavita Prajapati,COMPLAINANT,0,0,
INC000366,P001459,Sujatha Yadav,VICTIM,0,0,
INC000366,P001361,Suman Bhati,WITNESS,0,0,
INC000367,P000775,Shakeel Idrisi,SUSPECT,1,1,2023-03-01
INC000367,P000774,Naseer Farooqui,ACCUSED,0,0,
INC000367,P000793,Jitendra Baghel,ACCUSED,0,0,
INC000367,P001308,Chandrabhan Shukla,COMPLAINANT,0,0,
INC000367,P001027,Murugan Rajendran,VICTIM,0,0,
INC000367,P001083,Kavita Baghel,WITNESS,0,0,
INC000368,P000718,Haroon Pathan,ACCUSED,1,0,2026-04-22
INC000368,P000745,Paresh Rabari,ACCUSED,1,1,2026-05-28
INC000368,P000748,Divyesh Desai,ACCUSED,1,0,2026-03-04
INC000368,P000752,Mitesh Shah,ABSCONDING_ACCUSED,1,1,2026-07-14
INC000368,P001394,Saravanan Gounder,COMPLAINANT,0,0,
INC000368,P001274,Yusuf Saifi,VICTIM,0,0,
INC000368,P001124,Hardik Patel,WITNESS,0,0,
INC000369,P000584,Pradip Sen,ACCUSED,1,1,2026-09-18
INC000369,P000593,Ashim Pal,SUSPECT,1,0,2026-03-29
INC000369,P000587,Shabana Ahmed,ACCUSED,0,0,
INC000369,P001497,Deepak Singh,COMPLAINANT,0,0,
INC000369,P001221,Rodney Almeida,VICTIM,0,0,
INC000369,P001085,Alpesh Chauhan,WITNESS,0,0,
INC000370,P000516,Altaf Pathan,ACCUSED,0,0,
INC000370,P000504,Jitendra Solanki,ACCUSED,1,0,2025-12-13
INC000370,P000508,Rizwan Ahmed,ACCUSED,1,0,2026-02-24
INC000370,P000496,Har Prasad Rajput,ACCUSED,0,0,
INC000370,P001262,Rajesh Thakur,COMPLAINANT,0,0,
INC000370,P001078,Pramila Munda,VICTIM,0,0,
INC000371,P000946,Rajni Awasthi,SUSPECT,0,0,
INC000371,P000930,Yallappa Acharya,SUSPECT,1,1,2022-11-11
INC000371,P001392,Kamla Thakur,COMPLAINANT,0,0,
INC000371,P001001,Trilochan Swain,VICTIM,0,0,
INC000372,P000107,Mohammed Shaikh,ACCUSED,1,1,2026-08-25
INC000372,P000096,Navneet Bajwa,ACCUSED,0,0,
INC000372,P001017,Meena Awasthi,COMPLAINANT,0,0,
INC000372,P001276,Arif Pathan,VICTIM,0,0,
INC000373,P000360,Jagdish Singh,ACCUSED,1,0,2020-10-11
INC000373,P000369,Ravichandran Nadar,ACCUSED,0,0,
INC000373,P000404,Elango Annadurai,ACCUSED,1,1,2020-10-02
INC000373,P000412,Lokesh Chikkanna,ABSCONDING_ACCUSED,0,0,
INC000373,P001376,Gurpreet Kang,COMPLAINANT,0,0,
INC000373,P001284,Prashant Mhatre,WITNESS,0,0,
INC000374,P000569,Rizwan Qureshi,ACCUSED,0,0,
INC000374,P000538,Balwinder Gill,ACCUSED,0,0,
INC000374,P001086,Rajni Jaiswal,COMPLAINANT,0,0,
INC000374,P001254,Lekhraj Kashyap,VICTIM,0,0,
INC000374,P001212,Malkiat Bajwa,WITNESS,0,0,
INC000375,P000891,Hariom Nishad,ACCUSED,1,1,2022-01-13
INC000375,P000926,Mariappan Annadurai,ACCUSED,0,0,
INC000375,P000972,Prakash Rai,ABSCONDING_ACCUSED,1,1,2021-10-03
INC000375,P001068,Kondaiah Bandari,COMPLAINANT,0,0,
INC000375,P001472,Karthik Mudaliar,VICTIM,0,0,
INC000375,P001380,Aslam Sheikh,WITNESS,0,0,
INC000376,P000286,Gautam Mondal,ABSCONDING_ACCUSED,1,1,2024-11-26
INC000376,P000232,Netrapal Singh,ACCUSED,1,1,2024-10-05
INC000376,P000206,Mahesh Shukla,ACCUSED,1,1,2024-08-05
INC000376,P001188,Nasreen Malik,COMPLAINANT,0,0,
INC000376,P001160,Pramod Awasthi,VICTIM,0,0,
INC000377,P000956,Bhaskar Kadam,SUSPECT,1,1,2025-04-19
INC000377,P000990,Ravi Naik,SUSPECT,0,0,
INC000377,P001130,Seema Nishad,COMPLAINANT,0,0,
INC000377,P001151,Rizwan Pathan,VICTIM,0,0,
INC000377,P001109,Sasmita Sahoo,WITNESS,0,0,
INC000378,P000724,Pandurang Naik,ACCUSED,0,0,
INC000378,P000744,Hardik Thakor,ABSCONDING_ACCUSED,1,1,2025-07-20
INC000378,P001089,Anita Dubey,COMPLAINANT,0,0,
INC000379,P000685,Balbir Mishra,ACCUSED,0,0,
INC000379,P000672,Sasmita Mallick,ACCUSED,0,0,
INC000379,P000674,Basanta Pradhan,ACCUSED,0,0,
INC000379,P000708,Rabindra Nayak,ACCUSED,0,0,
INC000379,P001107,Lalrinpuii Ao,COMPLAINANT,0,0,
INC000379,P001093,Farida Siddiqui,VICTIM,0,0,
INC000379,P001216,Gautam Gayen,WITNESS,0,0,
INC000380,P000758,Ibrahim Shaikh,ACCUSED,1,1,2024-01-15
INC000380,P000739,Har Prasad Gupta,ACCUSED,0,0,
INC000380,P000756,Shakeel Malik,ACCUSED,0,0,
INC000380,P001016,Preeti Rathore,COMPLAINANT,0,0,
INC000380,P001010,Tarsem Sidhu,VICTIM,0,0,
INC000380,P001431,Chandra Shekar Reddy,WITNESS,0,0,
INC000381,P000998,Kalpesh Prajapati,SUSPECT,0,0,
INC000381,P000943,Ashfaq Farooqui,ACCUSED,1,1,2026-04-30
INC000381,P001365,Sujatha Setty,COMPLAINANT,0,0,
INC000381,P001029,Arindam Sen,VICTIM,0,0,
INC000382,P000111,Nirmal Bains,ABSCONDING_ACCUSED,1,0,2022-03-08
INC000382,P001157,Praveen Joseph,COMPLAINANT,0,0,
INC000382,P001249,Ganesh Pawar,VICTIM,0,0,
INC000382,P001497,Deepak Singh,WITNESS,0,0,
INC000383,P000895,Palash Ghosh,ACCUSED,0,0,
INC000383,P000971,Bimal Adhikari,ACCUSED,0,0,
INC000383,P001172,Swapan Das,COMPLAINANT,0,0,
INC000383,P001471,Sudarshan Swain,VICTIM,0,0,
INC000384,P000688,Pradip Ghosh,ABSCONDING_ACCUSED,0,0,
INC000384,P000679,Bandana Sardar,ACCUSED,0,0,
INC000384,P001051,Sandip Dalvi,COMPLAINANT,0,0,
INC000384,P001082,Shakeel Shaikh,VICTIM,0,0,
INC000384,P001131,Harjinder Bajwa,WITNESS,0,0,
INC000385,P000676,Kartik Sardar,SUSPECT,1,0,2024-03-10
INC000385,P001173,Sarla Vyas,COMPLAINANT,0,0,
INC000385,P001427,Amol Dalvi,VICTIM,0,0,
INC000385,P001495,Satish Verma,WITNESS,0,0,
INC000386,P000477,Tanveer Farooqui,ABSCONDING_ACCUSED,1,1,2024-10-28
INC000386,P000505,Nazia Khan,ACCUSED,1,1,2024-08-03
INC000386,P000495,Firoz Mansuri,SUSPECT,1,1,2024-11-02
INC000386,P000487,Ashfaq Zaidi,SUSPECT,1,1,2024-12-28
INC000386,P000472,Manoj Kashyap,SUSPECT,1,1,2025-01-10
INC000386,P001370,Chandrakala Bhat,COMPLAINANT,0,0,
INC000386,P001461,Chandra Shekar Choudary,VICTIM,0,0,
INC000386,P001157,Praveen Joseph,WITNESS,0,0,
INC000387,P000555,Dinesh Gupta,SUSPECT,1,1,2025-07-13
INC000387,P000550,Anwar Qureshi,SUSPECT,0,0,
INC000387,P001283,Swapnil Naik,COMPLAINANT,0,0,
INC000387,P001170,Hansa Dave,VICTIM,0,0,
INC000388,P000745,Paresh Rabari,SUSPECT,0,0,
INC000388,P001204,Kumaraswamy Hegde,COMPLAINANT,0,0,
INC000388,P001378,Palanisamy Subramanian,WITNESS,0,0,
INC000389,P000046,Sandip Kamble,ACCUSED,1,1,2022-09-10
INC000389,P000060,Rasik Vaghela,ACCUSED,0,0,
INC000389,P001074,Hariom Awasthi,COMPLAINANT,0,0,
INC000389,P001290,Baljit Toor,VICTIM,0,0,
INC000390,P000369,Ravichandran Nadar,ACCUSED,1,1,2025-09-22
INC000390,P000398,Girish Hiremath,ABSCONDING_ACCUSED,1,1,2025-08-16
INC000390,P001469,Sandeep Mishra,COMPLAINANT,0,0,
INC000390,P001187,Bhagaban Pradhan,VICTIM,0,0,
INC000391,P000209,Nadeem Rahman,ACCUSED,0,0,
INC000391,P000188,Sujoy Sarkar,ACCUSED,1,1,2023-12-28
INC000391,P001364,Hariom Gupta,COMPLAINANT,0,0,
INC000391,P001107,Lalrinpuii Ao,VICTIM,0,0,
INC000392,P000881,Rajitha Naidu,ACCUSED,1,0,2023-01-16
INC000392,P000937,Vipul Rabari,SUSPECT,1,1,2023-01-15
INC000392,P000895,Palash Ghosh,ACCUSED,1,1,2023-03-20
INC000392,P001003,Rachna Baghel,COMPLAINANT,0,0,
INC000392,P001366,Sasmita Barik,VICTIM,0,0,
INC000393,P000969,Aslam Ansari,ACCUSED,1,0,2026-05-15
INC000393,P000909,Balwinder Sidhu,ACCUSED,1,0,2026-09-13
INC000393,P000982,Nirmal Sarkar,ACCUSED,0,0,
INC000393,P000897,Pramod Baghel,ACCUSED,1,1,2026-10-18
INC000393,P000892,Rakesh Solanki,ABSCONDING_ACCUSED,1,1,2026-10-18
INC000393,P001446,Jayan Achari,COMPLAINANT,0,0,
INC000393,P001162,Anitha Achari,VICTIM,0,0,
INC000393,P001471,Sudarshan Swain,WITNESS,0,0,
INC000394,P000774,Naseer Farooqui,ACCUSED,0,0,
INC000394,P000786,Shailendra Sharma,ACCUSED,1,1,2026-04-23
INC000394,P000775,Shakeel Idrisi,ACCUSED,0,0,
INC000394,P001401,Aparna Gayen,COMPLAINANT,0,0,
INC000394,P001193,Palash Das,VICTIM,0,0,
INC000395,P001000,Bhagya Angadi,SUSPECT,1,1,2023-04-21
INC000395,P000945,Bhaskar Dalvi,ACCUSED,1,1,2023-06-08
INC000395,P001128,Mousumi Adhikari,COMPLAINANT,0,0,
INC000395,P001064,Aarti More,WITNESS,0,0,
INC000396,P000345,Praveen Jacob,ACCUSED,1,1,2023-12-14
INC000396,P001259,Sajitha Pillai,COMPLAINANT,0,0,
INC000396,P001043,Mallesh Choudary,VICTIM,0,0,
INC000396,P001029,Arindam Sen,WITNESS,0,0,
INC000397,P000591,Anup Roy,ACCUSED,0,0,
INC000397,P000572,Mohammed Sheikh,ACCUSED,1,0,2023-08-13
INC000397,P000592,Sudha Singh,ACCUSED,1,1,2023-06-06
INC000397,P000584,Pradip Sen,SUSPECT,0,0,
INC000397,P001415,Poongodi Muthusamy,COMPLAINANT,0,0,
INC000397,P001126,Baljinder Brar,VICTIM,0,0,
INC000397,P001096,Mushtaq Mirza,WITNESS,0,0,
INC000398,P000536,Javed Shaikh,ABSCONDING_ACCUSED,0,0,
INC000398,P000564,Wasim Khan,ACCUSED,1,1,2022-09-01
INC000398,P000550,Anwar Qureshi,ACCUSED,1,1,2022-11-21
INC000398,P000520,Simranjit Bains,ACCUSED,0,0,
INC000398,P000539,Sandeep Awasthi,ACCUSED,1,1,2022-10-30
INC000398,P000540,Tarsem Gill,ACCUSED,1,1,2023-01-21
INC000398,P000569,Rizwan Qureshi,SUSPECT,1,0,2022-10-28
INC000398,P001281,Vidyawati Tiwari,COMPLAINANT,0,0,
INC000398,P001277,Bhavesh Shah,VICTIM,0,0,
INC000399,P000925,Sachin Naik,SUSPECT,1,1,2026-09-22
INC000399,P001381,Ilango Pillai,COMPLAINANT,0,0,
INC000399,P001245,Nirmal Sidhu,VICTIM,0,0,
INC000400,P000586,Nirmal Mistry,ACCUSED,0,0,
INC000400,P000587,Shabana Ahmed,ACCUSED,1,1,2025-06-06
INC000400,P000584,Pradip Sen,ACCUSED,0,0,
INC000400,P000581,Shahnawaz Ansari,SUSPECT,1,0,2024-12-15
INC000400,P001212,Malkiat Bajwa,COMPLAINANT,0,0,
INC000400,P001369,Pushpalatha Angadi,VICTIM,0,0,
INC000400,P001066,Shibu Thomas,WITNESS,0,0,
INC000401,P000083,Mitesh Joshi,ACCUSED,1,0,2022-12-18
INC000401,P000034,Mohammed Idrisi,ACCUSED,1,1,2023-02-04
INC000401,P000060,Rasik Vaghela,ACCUSED,1,1,2023-03-30
INC000401,P000074,Ashwin Parmar,ACCUSED,0,0,
INC000401,P001223,Balaraju Reddy,COMPLAINANT,0,0,
INC000401,P001143,Suresh Srivastava,VICTIM,0,0,
INC000402,P000005,Aslam Ahmed,SUSPECT,1,1,2026-01-14
INC000402,P001009,Balbir Prajapati,COMPLAINANT,0,0,
INC000402,P001081,Afsana Mansuri,VICTIM,0,0,
INC000402,P001463,Sudheer Menon,WITNESS,0,0,
INC000403,P000724,Pandurang Naik,ACCUSED,1,1,2026-10-04
INC000403,P001250,Yogendra Shukla,COMPLAINANT,0,0,
INC000403,P001392,Kamla Thakur,VICTIM,0,0,
INC000403,P001302,Manoj Marar,WITNESS,0,0,
INC000404,P000125,Sarfaraz Idrisi,SUSPECT,1,1,2023-06-14
INC000404,P000109,Firoz Chaudhary,ACCUSED,0,0,
INC000404,P000118,Bikramjit Sidhu,ACCUSED,0,0,
INC000404,P001295,Gautam Barman,COMPLAINANT,0,0,
INC000404,P001045,Vidyawati Rathore,VICTIM,0,0,
INC000404,P001192,Kavya Nallamothu,WITNESS,0,0,
INC000405,P000064,Rafiq Ahmed,ACCUSED,0,0,
INC000405,P000076,Divyesh Shah,ACCUSED,1,1,2021-01-06
INC000405,P000063,Dattatray Tandel,ACCUSED,0,0,
INC000405,P001078,Pramila Munda,COMPLAINANT,0,0,
INC000405,P001416,Kannan Pillai,VICTIM,0,0,
INC000405,P001286,Poonam Kushwaha,WITNESS,0,0,
INC000406,P000757,Ashfaq Rahman,ACCUSED,1,1,2022-06-29
INC000406,P000742,Smita Sawant,ACCUSED,0,0,
INC000406,P001277,Bhavesh Shah,COMPLAINANT,0,0,
INC000406,P001155,Padma Kondapalli,VICTIM,0,0,
INC000407,P000977,Rahul More,ACCUSED,1,1,2026-10-22
INC000407,P000967,Jagmal Saini,ACCUSED,1,1,2026-07-09
INC000407,P001249,Ganesh Pawar,COMPLAINANT,0,0,
INC000408,P000776,Ibrahim Alam,SUSPECT,0,0,
INC000408,P000764,Om Prakash Maurya,ACCUSED,1,1,2022-07-04
INC000408,P001234,Kuldeep Awasthi,COMPLAINANT,0,0,
INC000408,P001206,Mukesh Thakur,VICTIM,0,0,
INC000408,P001340,Farida Mirza,WITNESS,0,0,
INC000409,P000762,Nilesh Shinde,ACCUSED,1,1,2023-10-01
INC000409,P000752,Mitesh Shah,ABSCONDING_ACCUSED,0,0,
INC000409,P001199,Sunil Chauhan,COMPLAINANT,0,0,
INC000410,P000616,Sudarshan Mallick,ABSCONDING_ACCUSED,1,0,2024-03-05
INC000410,P000647,Trilochan Rout,ACCUSED,1,1,2024-05-20
INC000410,P000661,Rajendran Thevar,SUSPECT,0,0,
INC000410,P001413,Nilesh Deshmukh,COMPLAINANT,0,0,
INC000410,P001114,Ravinder Rao,VICTIM,0,0,
INC000410,P001199,Sunil Chauhan,WITNESS,0,0,
INC000411,P000452,Mushtaq Baig,ACCUSED,0,0,
INC000411,P000447,Javed Malik,ACCUSED,1,1,2025-09-25
INC000411,P001276,Arif Pathan,COMPLAINANT,0,0,
INC000411,P001025,Ramulu Reddy,VICTIM,0,0,
INC000412,P000746,Swapnil Kadam,ACCUSED,1,1,2025-11-23
INC000412,P001478,Satish Mishra,COMPLAINANT,0,0,
INC000413,P000940,Mitesh Solanki,SUSPECT,1,1,2022-09-29
INC000413,P000959,Mitesh Rabari,ACCUSED,1,1,2022-10-28
INC000413,P000915,Ibrahim Qureshi,ABSCONDING_ACCUSED,1,1,2022-11-15
INC000413,P001336,Swapnil Gaikwad,COMPLAINANT,0,0,
INC000413,P001465,Afsana Mirza,VICTIM,0,0,
INC000413,P001461,Chandra Shekar Choudary,WITNESS,0,0,
INC000414,P000476,Imran Rahman,ACCUSED,0,0,
INC000414,P000490,Ashok Verma,ACCUSED,1,1,2026-08-13
INC000414,P001301,Pandurang Kadam,COMPLAINANT,0,0,
INC000414,P001087,Shahnawaz Mansuri,VICTIM,0,0,
INC000414,P001419,Malathi Nadar,WITNESS,0,0,
INC000415,P000497,Prakash Thakur,ABSCONDING_ACCUSED,1,1,2023-05-18
INC000415,P000515,Mahesh Chauhan,ACCUSED,1,1,2023-02-28
INC000415,P000479,Balbir Baghel,SUSPECT,1,0,2023-02-06
INC000415,P001158,Saroja Kumar,COMPLAINANT,0,0,
INC000415,P001365,Sujatha Setty,VICTIM,0,0,
INC000416,P000989,Basanta Patra,SUSPECT,1,1,2022-10-04
INC000416,P000979,Zubair Khan,ACCUSED,0,0,
INC000416,P000919,Sreenivasan Achari,ACCUSED,1,1,2022-07-06
INC000416,P001327,Hanuman Ranawat,COMPLAINANT,0,0,
INC000416,P001091,Sandip Mhatre,VICTIM,0,0,
INC000417,P000677,Bhagaban Dash,ACCUSED,1,0,2026-01-17
INC000417,P000690,Bimal Majumdar,ACCUSED,1,1,2025-12-03
INC000417,P000692,Bimal Halder,ACCUSED,0,0,
INC000417,P001290,Baljit Toor,COMPLAINANT,0,0,
INC000417,P001150,Venkatesh Sharma,VICTIM,0,0,
INC000418,P000612,Sudhakar Prasad,ACCUSED,1,1,2026-06-25
INC000418,P000617,Chandra Shekar Setty,ACCUSED,0,0,
INC000418,P000663,Sabita Sahoo,SUSPECT,1,1,2026-11-17
INC000418,P000647,Trilochan Rout,SUSPECT,0,0,
INC000418,P001335,Manoj Srivastava,COMPLAINANT,0,0,
INC000418,P001056,Sunil Jaiswal,VICTIM,0,0,
INC000419,P000979,Zubair Khan,ACCUSED,1,1,2026-07-23
INC000419,P000888,Balwinder Dhaliwal,ACCUSED,1,1,2026-09-22
INC000419,P001448,Reshma Chaudhary,COMPLAINANT,0,0,
INC000419,P001108,Nirmala Maurya,VICTIM,0,0,
INC000420,P000873,Bikram Basumatary,ABSCONDING_ACCUSED,1,0,2025-03-13
INC000420,P000868,Satish Maurya,ACCUSED,1,1,2025-01-07
INC000420,P000878,Srinivas Bandari,ABSCONDING_ACCUSED,0,0,
INC000420,P000880,Murugan Annadurai,ACCUSED,0,0,
INC000420,P000855,Alemba Momin,ACCUSED,1,1,2025-01-27
INC000420,P001220,Nagaratna Kamath,COMPLAINANT,0,0,
INC000420,P001315,Laxmi Saini,VICTIM,0,0,
INC000420,P001388,Haroon Rahman,WITNESS,0,0,
INC000421,P000525,Naseer Ahmed,ABSCONDING_ACCUSED,0,0,
INC000421,P001074,Hariom Awasthi,COMPLAINANT,0,0,
INC000421,P001171,Sandip Rane,VICTIM,0,0,
INC000421,P001356,Chandru Bellad,WITNESS,0,0,
INC000422,P000579,Shanti Kushwaha,SUSPECT,1,1,2026-03-02
INC000422,P000608,Shailendra Sengar,ACCUSED,1,1,2026-05-20
INC000422,P000603,Firoz Rahman,ABSCONDING_ACCUSED,0,0,
INC000422,P000582,Arindam Bhattacharya,ABSCONDING_ACCUSED,1,1,2026-06-18
INC000422,P001147,Nirmal Sarkar,COMPLAINANT,0,0,
INC000422,P001048,Prabhakar Mudiraj,VICTIM,0,0,
INC000422,P001277,Bhavesh Shah,WITNESS,0,0,
INC000423,P000639,Sasmita Behera,ACCUSED,1,1,2020-04-15
INC000423,P000661,Rajendran Thevar,ACCUSED,0,0,
INC000423,P001127,Vaishali Trivedi,COMPLAINANT,0,0,
INC000423,P001439,Shabana Farooqui,VICTIM,0,0,
INC000424,P000875,Yumnam Rabha,ACCUSED,0,0,
INC000424,P000871,Temjen Momin,ACCUSED,1,0,2021-06-07
INC000424,P000850,Nagaraju Nallamothu,SUSPECT,0,0,
INC000424,P000853,Rajesh Jaiswal,SUSPECT,0,0,
INC000424,P000874,Ramulu Nallamothu,SUSPECT,0,0,
INC000424,P000873,Bikram Basumatary,SUSPECT,0,0,
INC000424,P000864,Rambabu Goud,ABSCONDING_ACCUSED,1,1,2021-06-10
INC000424,P001430,Rajendran Naicker,COMPLAINANT,0,0,
INC000424,P001047,Mariappan Kurup,VICTIM,0,0,
INC000425,P000508,Rizwan Ahmed,ACCUSED,1,0,2025-06-12
INC000425,P001233,Techi Jamir,COMPLAINANT,0,0,
INC000425,P001176,Amutha Pandian,VICTIM,0,0,
INC000426,P000862,Ngangbam Brahma,ABSCONDING_ACCUSED,0,0,
INC000426,P000867,Lekhraj Bhardwaj,ACCUSED,1,1,2025-04-17
INC000426,P000869,Selvam Subramanian,ACCUSED,1,1,2025-02-27
INC000426,P001024,Revathi Thevar,COMPLAINANT,0,0,
INC000426,P001232,Sunil Verma,VICTIM,0,0,
INC000426,P001190,Ramkali Bhadauria,WITNESS,0,0,
INC000427,P000692,Bimal Halder,ACCUSED,1,1,2025-08-28
INC000427,P000690,Bimal Majumdar,ACCUSED,1,0,2025-11-07
INC000427,P001499,Palash Adhikari,COMPLAINANT,0,0,
INC000427,P001334,Ramesh Tomar,VICTIM,0,0,
INC000428,P000065,Shahnawaz Mansuri,ABSCONDING_ACCUSED,1,1,2023-09-23
INC000428,P000052,Vishal Jadhav,ACCUSED,1,1,2023-11-20
INC000428,P000038,Tushar Zala,ACCUSED,0,0,
INC000428,P000063,Dattatray Tandel,ACCUSED,0,0,
INC000428,P000031,Vipul Desai,ACCUSED,1,0,2024-03-05
INC000428,P000057,Sagar Bhoir,ACCUSED,0,0,
INC000428,P000042,Trupti Rabari,ACCUSED,1,1,2023-09-25
INC000428,P001165,Harbhajan Bains,COMPLAINANT,0,0,
INC000428,P001066,Shibu Thomas,VICTIM,0,0,
INC000429,P000849,Bikram Sangma,SUSPECT,1,1,2025-06-08
INC000429,P001041,Hansa Parmar,COMPLAINANT,0,0,
INC000429,P001238,Nazia Malik,VICTIM,0,0,
INC000429,P001210,Nilesh More,WITNESS,0,0,
INC000430,P000924,Aarti Waghmare,ACCUSED,1,1,2024-10-24
INC000430,P001182,Jhunu Rout,COMPLAINANT,0,0,
INC000430,P001007,Naseer Saifi,VICTIM,0,0,
INC000431,P000952,Paresh Shah,ACCUSED,0,0,
INC000431,P001377,Rekha Prajapati,COMPLAINANT,0,0,
INC000432,P000991,Nathu Beniwal,ACCUSED,1,1,2021-11-23
INC000432,P000911,Pradeep Maurya,SUSPECT,1,1,2021-08-23
INC000432,P000914,Shivanna Angadi,ACCUSED,0,0,
INC000432,P001070,Nazia Ansari,COMPLAINANT,0,0,
INC000432,P001167,Palanisamy Nadar,VICTIM,0,0,
INC000433,P000554,Davinder Bhullar,ACCUSED,0,0,
INC000433,P000520,Simranjit Bains,SUSPECT,0,0,
INC000433,P000563,Malkiat Bains,ACCUSED,0,0,
INC000433,P001055,Mushtaq Idrisi,COMPLAINANT,0,0,
INC000433,P001169,Seema Bhadauria,VICTIM,0,0,
INC000433,P001451,Sindhu Panicker,WITNESS,0,0,
INC000434,P000543,Shahnawaz Mansuri,ACCUSED,0,0,
INC000434,P001216,Gautam Gayen,COMPLAINANT,0,0,
INC000434,P001022,Kuldeep Kashyap,VICTIM,0,0,
INC000434,P001486,Netrapal Bhardwaj,WITNESS,0,0,
INC000435,P000614,Rajendran Muthusamy,SUSPECT,0,0,
INC000435,P000611,Rambabu Kumar,SUSPECT,1,1,2024-02-28
INC000435,P000656,Niranjan Dash,ABSCONDING_ACCUSED,0,0,
INC000435,P000637,Chitra Naicker,ACCUSED,1,1,2024-03-13
INC000435,P000627,Amutha Rajendran,ACCUSED,1,1,2023-12-07
INC000435,P000617,Chandra Shekar Setty,SUSPECT,1,1,2023-12-13
INC000435,P000613,Sasmita Behera,SUSPECT,1,1,2024-01-30
INC000435,P001168,Krishnaiah Varma,COMPLAINANT,0,0,
INC000436,P000706,Balbir Baghel,SUSPECT,1,1,2023-12-15
INC000436,P000692,Bimal Halder,ACCUSED,0,0,
INC000436,P001066,Shibu Thomas,COMPLAINANT,0,0,
INC000436,P001448,Reshma Chaudhary,VICTIM,0,0,
INC000436,P001281,Vidyawati Tiwari,WITNESS,0,0,
INC000437,P000554,Davinder Bhullar,ACCUSED,1,1,2020-12-05
INC000437,P000541,Javed Alam,ABSCONDING_ACCUSED,0,0,
INC000437,P000562,Yusuf Pathan,ACCUSED,1,1,2020-11-28
INC000437,P001094,Shabana Ahmed,COMPLAINANT,0,0,
INC000437,P001234,Kuldeep Awasthi,VICTIM,0,0,
INC000438,P000341,Vipin Panicker,ACCUSED,0,0,
INC000438,P000311,Naresh Nagar,ACCUSED,1,0,2025-05-11
INC000438,P000293,Har Prasad Sharma,ACCUSED,1,1,2025-07-07
INC000438,P000350,Vipul Chauhan,ACCUSED,0,0,
INC000438,P000325,Chirag Dave,ACCUSED,0,0,
INC000438,P001101,Shanti Shukla,COMPLAINANT,0,0,
INC000438,P001232,Sunil Verma,VICTIM,0,0,
INC000438,P001416,Kannan Pillai,WITNESS,0,0,
INC000439,P000353,Ratheesh Menon,ACCUSED,1,0,2022-08-20
INC000439,P001120,Basanta Jena,COMPLAINANT,0,0,
INC000439,P001280,Rubina Zaidi,VICTIM,0,0,
INC000439,P001065,Karthik Raja,WITNESS,0,0,
INC000440,P000017,Swapnil Tandel,ACCUSED,1,1,2020-06-11
INC000440,P000067,Pandurang Mhatre,ACCUSED,1,1,2020-07-11
INC000440,P000090,Mangesh Tandel,ABSCONDING_ACCUSED,1,1,2020-05-22
INC000440,P000085,Ibrahim Ansari,ACCUSED,0,0,
INC000440,P000091,Shahnawaz Hussain,ACCUSED,1,0,2020-07-01
INC000440,P001015,Nasreen Baig,COMPLAINANT,0,0,
INC000440,P001364,Hariom Gupta,VICTIM,0,0,
INC000441,P000350,Vipul Chauhan,SUSPECT,1,1,2020-09-16
INC000441,P000322,Mushtaq Idrisi,ABSCONDING_ACCUSED,0,0,
INC000441,P001397,Bhavesh Thakor,COMPLAINANT,0,0,
INC000441,P001298,Harpreet Toor,VICTIM,0,0,
INC000442,P000126,Haroon Baig,ACCUSED,0,0,
INC000442,P000111,Nirmal Bains,SUSPECT,1,1,2020-01-14
INC000442,P000174,Ranveer Gurjar,ACCUSED,1,1,2020-05-08
INC000442,P001055,Mushtaq Idrisi,COMPLAINANT,0,0,
INC000442,P001343,Jagabandhu Sahoo,VICTIM,0,0,
INC000443,P000756,Shakeel Malik,ACCUSED,1,0,2023-11-01
INC000443,P000733,Kalpesh Solanki,SUSPECT,1,0,2023-08-04
INC000443,P001329,Firoz Shaikh,COMPLAINANT,0,0,
INC000443,P001124,Hardik Patel,VICTIM,0,0,
INC000443,P001440,Elango Annadurai,WITNESS,0,0,
INC000444,P000501,Rafiq Siddiqui,ACCUSED,1,1,2026-07-13
INC000444,P000506,Urmila Prajapati,SUSPECT,0,0,
INC000444,P000517,Hariom Sengar,ACCUSED,0,0,
INC000444,P000484,Tanveer Shaikh,ACCUSED,1,1,2026-07-27
INC000444,P001042,Yusuf Shaikh,COMPLAINANT,0,0,
INC000444,P001064,Aarti More,VICTIM,0,0,
INC000445,P000333,Ketan Dave,ACCUSED,1,0,2021-07-26
INC000445,P000301,Jayan Joseph,ACCUSED,0,0,
INC000445,P000327,Javed Chaudhary,ACCUSED,1,1,2021-08-09
INC000445,P000329,Rambabu Yadav,ACCUSED,0,0,
INC000445,P001170,Hansa Dave,COMPLAINANT,0,0,
INC000445,P001175,Nagaratna Shetty,VICTIM,0,0,
INC000445,P001067,Gopal Dutta,WITNESS,0,0,
INC000446,P000618,Basanta Behera,ACCUSED,1,1,2024-10-19
INC000446,P001233,Techi Jamir,COMPLAINANT,0,0,
INC000446,P001184,Mallesh Mudiraj,VICTIM,0,0,
INC000447,P000469,Mohammed Baig,ACCUSED,1,1,2025-09-15
INC000447,P001243,Rajni Pandey,COMPLAINANT,0,0,
INC000447,P001027,Murugan Rajendran,VICTIM,0,0,
INC000448,P000450,Neelam Singh,ACCUSED,0,0,
INC000448,P000459,Gopal Pal,ACCUSED,0,0,
INC000448,P000417,Yogendra Tomar,SUSPECT,1,1,2025-09-16
INC000448,P000457,Naseer Malik,ABSCONDING_ACCUSED,0,0,
INC000448,P000422,Debashish Biswas,ACCUSED,0,0,
INC000448,P001345,Bimal Halder,COMPLAINANT,0,0,
INC000448,P001447,Tanaji Gaikwad,VICTIM,0,0,
INC000449,P000525,Naseer Ahmed,SUSPECT,0,0,
INC000449,P000521,Vijay Bhadauria,ACCUSED,0,0,
INC000449,P000533,Jaswant Brar,ACCUSED,0,0,
INC000449,P001154,Nagaraju Bandari,COMPLAINANT,0,0,
INC000449,P001258,Subhas Ghosh,VICTIM,0,0,
INC000450,P000412,Lokesh Chikkanna,ACCUSED,1,0,2026-06-02
INC000450,P000363,Perumal Kurup,ACCUSED,1,1,2026-03-06
INC000450,P000359,Shivanna Kamath,ACCUSED,1,1,2026-04-23
INC000450,P000398,Girish Hiremath,SUSPECT,1,1,2026-02-25
INC000450,P000371,Manoj Yadav,ABSCONDING_ACCUSED,1,1,2026-02-28
INC000450,P000376,Hanumanthappa Acharya,ACCUSED,0,0,
INC000450,P000402,Sanjay Dubey,ABSCONDING_ACCUSED,0,0,
INC000450,P001394,Saravanan Gounder,COMPLAINANT,0,0,
INC000450,P001382,Kavita Baghel,VICTIM,0,0,
INC000451,P000997,Pradip Majumdar,ACCUSED,1,1,2024-10-24
INC000451,P000896,Aslam Khan,ACCUSED,1,0,2024-10-13
INC000451,P000889,Shubhangi Naik,ACCUSED,1,1,2024-12-09
INC000451,P001105,Gurpreet Dhaliwal,COMPLAINANT,0,0,
INC000451,P001295,Gautam Barman,VICTIM,0,0,
INC000452,P000787,Shabana Mirza,ACCUSED,1,0,2025-07-22
INC000452,P000767,Balbir Dixit,SUSPECT,1,0,2025-06-16
INC000452,P000771,Chandrabhan Bhardwaj,ACCUSED,1,0,2025-06-02
INC000452,P000788,Rafiq Malik,ABSCONDING_ACCUSED,1,1,2025-01-18
INC000452,P001246,Sabitri Majumdar,COMPLAINANT,0,0,
INC000452,P001366,Sasmita Barik,VICTIM,0,0,
INC000453,P000273,Sukumar Chakraborty,ABSCONDING_ACCUSED,1,0,2024-12-02
INC000453,P000189,Pradip Roy,ACCUSED,0,0,
INC000453,P001183,Shobha Poojary,COMPLAINANT,0,0,
INC000453,P001370,Chandrakala Bhat,VICTIM,0,0,
INC000453,P001326,Nirmala Rajput,WITNESS,0,0,
INC000454,P000100,Ranveer Choudhary,ACCUSED,1,1,2025-07-26
INC000454,P000121,Ashfaq Saifi,ACCUSED,0,0,
INC000454,P001012,Harjinder Gill,COMPLAINANT,0,0,
INC000454,P001475,Bandana Biswas,VICTIM,0,0,
INC000454,P001257,Vaishnavi Bhoir,WITNESS,0,0,
INC000455,P000540,Tarsem Gill,SUSPECT,1,1,2026-06-10
INC000455,P000529,Pramod Baghel,ACCUSED,1,0,2026-05-21
INC000455,P000533,Jaswant Brar,ACCUSED,1,0,2026-03-28
INC000455,P000556,Zubair Saifi,ABSCONDING_ACCUSED,1,1,2026-06-30
INC000455,P001327,Hanuman Ranawat,COMPLAINANT,0,0,
INC000455,P001191,Imran Chaudhary,VICTIM,0,0,
INC000455,P001196,Jagabandhu Dash,WITNESS,0,0,
INC000456,P000381,Perumal Subramanian,ACCUSED,1,1,2022-11-02
INC000456,P000394,Pramod Shukla,SUSPECT,0,0,
INC000456,P000411,Kumaraswamy Kulkarni,ACCUSED,1,1,2023-01-10
INC000456,P000404,Elango Annadurai,ACCUSED,1,1,2023-03-11
INC000456,P001236,Gopal Chakraborty,COMPLAINANT,0,0,
INC000456,P001391,Ramkali Prajapati,VICTIM,0,0,
INC000456,P001389,Kishan Shekhawat,WITNESS,0,0,
INC000457,P000501,Rafiq Siddiqui,ACCUSED,1,0,2024-05-26
INC000457,P000502,Ramesh Nagar,ACCUSED,1,1,2024-10-06
INC000457,P000510,Nazia Saifi,SUSPECT,1,1,2024-08-28
INC000457,P000516,Altaf Pathan,ACCUSED,0,0,
INC000457,P000483,Ibrahim Pathan,ACCUSED,0,0,
INC000457,P001393,Swaroopa Vemula,COMPLAINANT,0,0,
INC000457,P001303,Naresh Baghel,VICTIM,0,0,
INC000458,P000630,Bibhuti Mohanty,ACCUSED,0,0,
INC000458,P000647,Trilochan Rout,ACCUSED,1,1,2023-02-24
INC000458,P001251,Reshma Farooqui,COMPLAINANT,0,0,
INC000458,P001231,Rambabu Pandey,WITNESS,0,0,
INC000459,P000430,Kartik Halder,ABSCONDING_ACCUSED,1,1,2026-04-16
INC000459,P000447,Javed Malik,ACCUSED,0,0,
INC000459,P001142,Suresh Bhardwaj,COMPLAINANT,0,0,
INC000459,P001157,Praveen Joseph,VICTIM,0,0,
INC000460,P000995,Dinesh Yadav,ACCUSED,1,0,2023-09-23
INC000460,P000883,Ravi Poojary,ACCUSED,1,0,2023-12-19
INC000460,P000919,Sreenivasan Achari,ACCUSED,0,0,
INC000460,P000885,Nepal Halder,ACCUSED,1,1,2023-12-23
INC000460,P001162,Anitha Achari,COMPLAINANT,0,0,
INC000460,P001041,Hansa Parmar,VICTIM,0,0,
INC000461,P000719,Yusuf Khan,ACCUSED,1,1,2025-09-20
INC000461,P000744,Hardik Thakor,ABSCONDING_ACCUSED,0,0,
INC000461,P000752,Mitesh Shah,ACCUSED,1,0,2025-08-11
INC000461,P000747,Jitendra Bhardwaj,ACCUSED,1,0,2025-08-29
INC000461,P001383,Debashish Halder,COMPLAINANT,0,0,
INC000462,P000094,Malkiat Grewal,ACCUSED,0,0,
INC000462,P000172,Kanta Choudhary,ACCUSED,0,0,
INC000462,P000110,Iqbal Pathan,SUSPECT,0,0,
INC000462,P000136,Amarjit Grewal,ACCUSED,0,0,
INC000462,P001230,Lakshmi Mudiraj,COMPLAINANT,0,0,
INC000462,P001297,Abdul Mansuri,VICTIM,0,0,
INC000462,P001460,Nilesh Jadhav,WITNESS,0,0,
INC000463,P000579,Shanti Kushwaha,ACCUSED,1,0,2026-11-10
INC000463,P000602,Kuldeep Sengar,ACCUSED,1,1,2026-09-06
INC000463,P000600,Shabana Qureshi,ACCUSED,1,0,2026-08-29
INC000463,P000572,Mohammed Sheikh,ABSCONDING_ACCUSED,1,0,2026-10-12
INC000463,P000581,Shahnawaz Ansari,ACCUSED,1,0,2026-11-16
INC000463,P001096,Mushtaq Mirza,COMPLAINANT,0,0,
INC000463,P001222,Prasanna Behera,VICTIM,0,0,
INC000464,P000851,Ilango Subramanian,ACCUSED,1,1,2026-01-08
INC000464,P000870,Mariappan Pandian,SUSPECT,1,0,2026-02-18
INC000464,P001485,Farida Sheikh,COMPLAINANT,0,0,
INC000464,P001147,Nirmal Sarkar,VICTIM,0,0,
INC000464,P001463,Sudheer Menon,WITNESS,0,0,
INC000465,P000991,Nathu Beniwal,ACCUSED,1,1,2024-04-10
INC000465,P000952,Paresh Shah,ACCUSED,1,1,2024-07-17
INC000465,P000905,Amarjit Kang,ACCUSED,1,0,2024-04-07
INC000465,P000993,Gurpreet Dhillon,ACCUSED,0,0,
INC000465,P001060,Arivazhagan Mudaliar,COMPLAINANT,0,0,
INC000465,P001049,Sabita Mohanty,VICTIM,0,0,
INC000466,P000064,Rafiq Ahmed,ACCUSED,1,1,2020-08-17
INC000466,P000063,Dattatray Tandel,SUSPECT,1,0,2020-10-01
INC000466,P001347,Sanoop Kartha,COMPLAINANT,0,0,
INC000466,P001087,Shahnawaz Mansuri,VICTIM,0,0,
INC000467,P000977,Rahul More,ACCUSED,1,1,2023-12-19
INC000467,P000936,Rajesh Awasthi,ACCUSED,0,0,
INC000467,P000950,Nirmal Sardar,ABSCONDING_ACCUSED,1,1,2023-09-17
INC000467,P000991,Nathu Beniwal,ACCUSED,1,0,2023-09-02
INC000467,P000945,Bhaskar Dalvi,ACCUSED,1,1,2023-12-12
INC000467,P001451,Sindhu Panicker,COMPLAINANT,0,0,
INC000467,P001301,Pandurang Kadam,VICTIM,0,0,
INC000467,P001215,Nirmala Jaiswal,WITNESS,0,0,
INC000468,P000953,Bibhuti Behera,ACCUSED,1,1,2025-11-25
INC000468,P001076,Bikash Naskar,COMPLAINANT,0,0,
INC000468,P001007,Naseer Saifi,VICTIM,0,0,
INC000468,P001129,Aruna Prasad,WITNESS,0,0,
INC000469,P000148,Bhanwar Saini,SUSPECT,0,0,
INC000469,P000123,Bhoma Poonia,ACCUSED,1,0,2022-02-03
INC000469,P000111,Nirmal Bains,ACCUSED,1,1,2022-04-15
INC000469,P000169,Rukhsana Ahmed,SUSPECT,1,1,2022-03-03
INC000469,P001263,Priyanka Chavan,COMPLAINANT,0,0,
INC000469,P001201,Kanta Rathore,WITNESS,0,0,
INC000470,P000852,Mallesh Kumar,SUSPECT,0,0,
INC000470,P000876,Krishnaiah Goud,ACCUSED,1,1,2024-09-13
INC000470,P001062,Ranjit Kang,COMPLAINANT,0,0,
INC000470,P001082,Shakeel Shaikh,VICTIM,0,0,
INC000471,P000885,Nepal Halder,ABSCONDING_ACCUSED,1,1,2026-10-24
INC000471,P000972,Prakash Rai,SUSPECT,1,0,2026-09-11
INC000471,P000922,Jignesh Parmar,SUSPECT,1,0,2026-05-27
INC000471,P000965,Nabam Konyak,ACCUSED,0,0,
INC000471,P000954,Rekha Sengar,ACCUSED,1,0,2026-09-15
INC000471,P001220,Nagaratna Kamath,COMPLAINANT,0,0,
INC000471,P001011,Pushpalatha Bellad,VICTIM,0,0,
INC000471,P001085,Alpesh Chauhan,WITNESS,0,0,
INC000472,P000831,Bheru Ranawat,ACCUSED,0,0,
INC000472,P000806,Hanuman Shekhawat,SUSPECT,1,0,2026-08-19
INC000472,P000838,Chandrabhan Bhadauria,ACCUSED,1,1,2026-11-23
INC000472,P001043,Mallesh Choudary,COMPLAINANT,0,0,
INC000472,P001278,Imran Hussain,VICTIM,0,0,
INC000472,P001118,Arif Malik,WITNESS,0,0,
INC000473,P000482,Naresh Mishra,ACCUSED,1,1,2026-06-08
INC000473,P000477,Tanveer Farooqui,ACCUSED,1,1,2026-05-28
INC000473,P000481,Sajid Mansuri,SUSPECT,0,0,
INC000473,P000479,Balbir Baghel,SUSPECT,0,0,
INC000473,P000496,Har Prasad Rajput,SUSPECT,0,0,
INC000473,P000486,Tanveer Khan,ACCUSED,1,1,2026-09-05
INC000473,P000492,Sunil Nagar,ABSCONDING_ACCUSED,0,0,
INC000473,P001360,Har Prasad Gupta,COMPLAINANT,0,0,
INC000473,P001016,Preeti Rathore,VICTIM,0,0,
INC000474,P000611,Rambabu Kumar,ACCUSED,1,1,2022-04-26
INC000474,P000661,Rajendran Thevar,ACCUSED,1,1,2022-08-19
INC000474,P000619,Prasanna Mallick,ACCUSED,0,0,
INC000474,P001199,Sunil Chauhan,COMPLAINANT,0,0,
INC000474,P001343,Jagabandhu Sahoo,VICTIM,0,0,
INC000475,P000493,Yusuf Saifi,ACCUSED,0,0,
INC000475,P000508,Rizwan Ahmed,SUSPECT,0,0,
INC000475,P001490,Renuka Kulkarni,COMPLAINANT,0,0,
INC000475,P001191,Imran Chaudhary,VICTIM,0,0,
INC000476,P000860,Chandra Shekar Choudary,ACCUSED,0,0,
INC000476,P000879,Velu Annadurai,ACCUSED,0,0,
INC000476,P000863,Lalthanga Momin,ACCUSED,1,1,2026-01-24
INC000476,P000875,Yumnam Rabha,SUSPECT,1,1,2026-05-08
INC000476,P000877,Palanisamy Annadurai,ACCUSED,1,1,2026-06-03
INC000476,P000865,Padma Yadav,SUSPECT,0,0,
INC000476,P000872,Bikram Jamir,SUSPECT,0,0,
INC000476,P001392,Kamla Thakur,COMPLAINANT,0,0,
INC000476,P001134,Mangamma Setty,VICTIM,0,0,
INC000476,P001111,Ravinder Prasad,WITNESS,0,0,
INC000477,P000313,Sanjay Rathore,SUSPECT,1,1,2022-01-27
INC000477,P000329,Rambabu Yadav,ACCUSED,1,1,2021-10-11
INC000477,P001195,Malathi Annadurai,COMPLAINANT,0,0,
INC000477,P001369,Pushpalatha Angadi,VICTIM,0,0,
INC000477,P001032,Sanjay Tiwari,WITNESS,0,0,
INC000478,P000619,Prasanna Mallick,ACCUSED,1,1,2025-03-30
INC000478,P000659,Jagabandhu Munda,SUSPECT,0,0,
INC000478,P000645,Prasanna Mohanty,SUSPECT,0,0,
INC000478,P000643,Niranjan Panda,ACCUSED,1,1,2024-10-24
INC000478,P001031,Mallesh Kumar,COMPLAINANT,0,0,
INC000478,P001212,Malkiat Bajwa,VICTIM,0,0,
INC000479,P000458,Zubair Ahmed,ACCUSED,1,0,2022-07-27
INC000479,P000420,Shahnawaz Hussain,SUSPECT,1,0,2022-04-28
INC000479,P000464,Vinod Rajput,ACCUSED,1,1,2022-10-05
INC000479,P001447,Tanaji Gaikwad,COMPLAINANT,0,0,
INC000479,P001037,Sindhu Namboothiri,VICTIM,0,0,
INC000480,P000126,Haroon Baig,ACCUSED,0,0,
INC000480,P000133,Gurmeet Bajwa,ACCUSED,1,1,2024-08-31
INC000480,P000128,Jasbir Kang,ACCUSED,1,0,2024-08-23
INC000480,P001474,Joseph Almeida,COMPLAINANT,0,0,
INC000480,P001369,Pushpalatha Angadi,VICTIM,0,0,
INC000480,P001497,Deepak Singh,WITNESS,0,0,
INC000481,P000709,Akshaya Sahoo,ACCUSED,0,0,
INC000481,P000696,Jagabandhu Sahoo,ABSCONDING_ACCUSED,1,1,2026-05-13
INC000481,P000676,Kartik Sardar,ACCUSED,1,1,2026-04-19
INC000481,P001252,Prakash Nagar,COMPLAINANT,0,0,
INC000481,P001360,Har Prasad Gupta,VICTIM,0,0,
INC000481,P001019,Rubina Pathan,WITNESS,0,0,
INC000482,P000519,Pramod Jaiswal,ACCUSED,0,0,
INC000482,P000548,Anil Prajapati,SUSPECT,1,1,2023-11-02
INC000482,P000567,Triloki Yadav,SUSPECT,1,1,2024-01-22
INC000482,P001434,Triloki Singh,COMPLAINANT,0,0,
INC000482,P001326,Nirmala Rajput,VICTIM,0,0,
INC000482,P001114,Ravinder Rao,WITNESS,0,0,
INC000483,P000583,Arindam Biswas,ACCUSED,1,0,2023-10-25
INC000483,P000572,Mohammed Sheikh,ACCUSED,0,0,
INC000483,P000577,Nirmal Naskar,ABSCONDING_ACCUSED,1,0,2023-10-30
INC000483,P001288,Chhaya Bose,COMPLAINANT,0,0,
INC000483,P001104,Girdhari Sharma,VICTIM,0,0,
INC000484,P000392,Palanisamy Raja,SUSPECT,0,0,
INC000484,P000376,Hanumanthappa Acharya,ABSCONDING_ACCUSED,1,1,2019-09-06
INC000484,P001299,Afsana Saifi,COMPLAINANT,0,0,
INC000484,P001420,Rupa Halder,VICTIM,0,0,
INC000484,P001349,Jaswant Sarao,WITNESS,0,0,
INC000485,P000429,Tapan Biswas,SUSPECT,1,0,2022-09-29
INC000485,P000434,Ibrahim Khan,ACCUSED,1,1,2022-12-07
INC000485,P000441,Tanveer Rahman,ACCUSED,1,1,2023-01-05
INC000485,P000446,Udaiveer Gupta,SUSPECT,0,0,
INC000485,P001414,Sujoy Bose,COMPLAINANT,0,0,
INC000485,P001351,Nilesh Trivedi,VICTIM,0,0,
INC000485,P001451,Sindhu Panicker,WITNESS,0,0,
INC000486,P000994,Jasbir Virk,ABSCONDING_ACCUSED,0,0,
INC000486,P001216,Gautam Gayen,COMPLAINANT,0,0,
INC000486,P001499,Palash Adhikari,VICTIM,0,0,
INC000487,P000980,Manikandan Subramanian,SUSPECT,0,0,
INC000487,P000952,Paresh Shah,SUSPECT,1,0,2026-09-23
INC000487,P001077,Chhaya Adhikari,COMPLAINANT,0,0,
INC000487,P001457,Nepal Biswas,VICTIM,0,0,
INC000488,P000931,Jagdish Sengar,ACCUSED,1,1,2025-02-07
INC000488,P000951,Nathu Ranawat,ACCUSED,1,1,2024-12-16
INC000488,P000909,Balwinder Sidhu,ACCUSED,0,0,
INC000488,P001096,Mushtaq Mirza,COMPLAINANT,0,0,
INC000488,P001145,Pushpalatha Kamath,VICTIM,0,0,
INC000488,P001450,Chitra Chettiar,WITNESS,0,0,
INC000489,P000892,Rakesh Solanki,ACCUSED,0,0,
INC000489,P000914,Shivanna Angadi,ACCUSED,0,0,
INC000489,P001392,Kamla Thakur,COMPLAINANT,0,0,
INC000489,P001425,Shyamlal Saini,VICTIM,0,0,
INC000489,P001060,Arivazhagan Mudaliar,WITNESS,0,0,
INC000490,P000540,Tarsem Gill,ACCUSED,1,1,2026-04-23
INC000490,P001419,Malathi Nadar,COMPLAINANT,0,0,
INC000490,P001266,Sekar Pandian,VICTIM,0,0,
INC000490,P001035,Kartik Barman,WITNESS,0,0,
INC000491,P000960,Sushila Jat,ACCUSED,1,0,2026-03-18
INC000491,P000932,Chandrabhan Baghel,ACCUSED,1,1,2026-01-16
INC000491,P001229,Poongodi Muthusamy,COMPLAINANT,0,0,
INC000491,P001408,Udaiveer Dixit,VICTIM,0,0,
INC000492,P000704,Udaiveer Srivastava,ACCUSED,1,1,2025-08-28
INC000492,P000675,Naresh Shukla,ACCUSED,1,1,2026-01-26
INC000492,P000711,Vijay Singh,ACCUSED,1,0,2025-10-21
INC000492,P001225,Reshma Idrisi,COMPLAINANT,0,0,
INC000492,P001497,Deepak Singh,VICTIM,0,0,
INC000493,P000425,Nirmal Chakraborty,ACCUSED,1,0,2022-12-18
INC000493,P000456,Manju Prajapati,ABSCONDING_ACCUSED,0,0,
INC000493,P000432,Mohammed Pathan,ABSCONDING_ACCUSED,0,0,
INC000493,P000423,Sikha Halder,ACCUSED,1,1,2023-01-16
INC000493,P000460,Anil Pandey,SUSPECT,0,0,
INC000493,P001051,Sandip Dalvi,COMPLAINANT,0,0,
INC000493,P001195,Malathi Annadurai,VICTIM,0,0,
INC000493,P001178,Javed Malik,WITNESS,0,0,
INC000494,P000743,Har Prasad Sharma,ACCUSED,0,0,
INC000494,P000719,Yusuf Khan,ACCUSED,1,0,2026-02-11
INC000494,P000715,Imran Farooqui,ACCUSED,1,1,2025-12-08
INC000494,P000744,Hardik Thakor,ACCUSED,0,0,
INC000494,P001494,Poonam Sengar,COMPLAINANT,0,0,
INC000494,P001080,Sukumar Pal,WITNESS,0,0,
INC000495,P000578,Nepal Gayen,SUSPECT,0,0,
INC000495,P000571,Salim Ahmed,ACCUSED,0,0,
INC000495,P000579,Shanti Kushwaha,ACCUSED,1,1,2026-06-03
INC000495,P000605,Pradip Chakraborty,ACCUSED,1,0,2026-06-17
INC000495,P001003,Rachna Baghel,COMPLAINANT,0,0,
INC000495,P001499,Palash Adhikari,VICTIM,0,0,
INC000496,P000397,Selvam Gounder,SUSPECT,1,1,2026-08-01
INC000496,P000368,Dinesh Rathore,ABSCONDING_ACCUSED,1,1,2026-05-11
INC000496,P000391,Mallikarjun Desai,ACCUSED,1,1,2026-08-18
INC000496,P000407,Ajay Prajapati,ACCUSED,1,1,2026-09-29
INC000496,P000388,Manjunath Hegde,ACCUSED,0,0,
INC000496,P000366,Har Prasad Yadav,ACCUSED,0,0,
INC000496,P000412,Lokesh Chikkanna,ACCUSED,0,0,
INC000496,P001205,Vijay Thakur,COMPLAINANT,0,0,
INC000496,P001180,Bhanwari Purohit,VICTIM,0,0,
INC000496,P001310,Bikramjit Sekhon,WITNESS,0,0,
INC000497,P000360,Jagdish Singh,ACCUSED,1,1,2020-06-03
INC000497,P000405,Om Prakash Chauhan,ACCUSED,1,0,2020-06-24
INC000497,P001415,Poongodi Muthusamy,COMPLAINANT,0,0,
INC000497,P001395,Satish Pandey,VICTIM,0,0,
INC000497,P001476,Sandip Patil,WITNESS,0,0,
INC000498,P000778,Shakeel Malik,ACCUSED,1,1,2024-04-06
INC000498,P000797,Imran Ahmed,ACCUSED,0,0,
INC000498,P000775,Shakeel Idrisi,ABSCONDING_ACCUSED,0,0,
INC000498,P001222,Prasanna Behera,COMPLAINANT,0,0,
INC000498,P001038,Charanjit Kang,VICTIM,0,0,
INC000499,P000160,Rachhpal Singh,ABSCONDING_ACCUSED,1,1,2026-03-13
INC000499,P000158,Sarfaraz Siddiqui,SUSPECT,1,1,2026-06-04
INC000499,P001181,Shahnaz Khan,COMPLAINANT,0,0,
INC000499,P001330,Kumaraswamy Shetty,VICTIM,0,0,
INC000499,P001162,Anitha Achari,WITNESS,0,0,
INC000500,P000866,Chinnadurai Annadurai,ABSCONDING_ACCUSED,0,0,
INC000500,P001040,Girish Kamath,COMPLAINANT,0,0,
INC000500,P001093,Farida Siddiqui,VICTIM,0,0,
INC000501,P000547,Jarnail Sarao,ABSCONDING_ACCUSED,0,0,
INC000501,P000519,Pramod Jaiswal,ACCUSED,0,0,
INC000501,P000527,Harbhajan Sarao,SUSPECT,0,0,
INC000501,P000525,Naseer Ahmed,ACCUSED,0,0,
INC000501,P001272,Girish Hiremath,COMPLAINANT,0,0,
INC000501,P001108,Nirmala Maurya,VICTIM,0,0,
INC000502,P000669,Tapan Naskar,ACCUSED,1,0,2024-05-02
INC000502,P001326,Nirmala Rajput,COMPLAINANT,0,0,
INC000502,P001309,Abdul Pathan,VICTIM,0,0,
INC000502,P001489,Narsimha Prasad,WITNESS,0,0,
INC000503,P000365,Velu Nadar,ACCUSED,1,0,2023-05-17
INC000503,P000378,Malathi Raja,ACCUSED,0,0,
INC000503,P001194,Arif Saifi,COMPLAINANT,0,0,
INC000503,P001221,Rodney Almeida,VICTIM,0,0,
INC000504,P000965,Nabam Konyak,ACCUSED,1,1,2026-07-15
INC000504,P000982,Nirmal Sarkar,ACCUSED,1,1,2026-10-28
INC000504,P000887,Anoop Kartha,ACCUSED,0,0,
INC000504,P000904,Bhagaban Patra,SUSPECT,0,0,
INC000504,P001065,Karthik Raja,COMPLAINANT,0,0,
INC000504,P001170,Hansa Dave,VICTIM,0,0,
INC000505,P000135,Karni Meena,ACCUSED,1,1,2026-04-05
INC000505,P001141,Prashant More,COMPLAINANT,0,0,
INC000505,P001158,Saroja Kumar,VICTIM,0,0,
INC000506,P000404,Elango Annadurai,ACCUSED,1,1,2024-01-25
INC000506,P000364,Jitendra Prajapati,ACCUSED,1,1,2023-11-29
INC000506,P001341,Tapasi Chakraborty,COMPLAINANT,0,0,
INC000506,P001329,Firoz Shaikh,VICTIM,0,0,
INC000506,P001297,Abdul Mansuri,WITNESS,0,0,
INC000507,P000867,Lekhraj Bhardwaj,SUSPECT,1,0,2022-11-13
INC000507,P000848,Nagaraju Gupta,ACCUSED,0,0,
INC000507,P001052,Bheru Vyas,COMPLAINANT,0,0,
INC000507,P001273,Mallesh Naidu,VICTIM,0,0,
INC000508,P000411,Kumaraswamy Kulkarni,ACCUSED,0,0,
INC000508,P001463,Sudheer Menon,COMPLAINANT,0,0,
INC000508,P001009,Balbir Prajapati,VICTIM,0,0,
INC000508,P001136,Shakeel Ansari,WITNESS,0,0,
INC000509,P000348,Firoz Mirza,ABSCONDING_ACCUSED,1,1,2026-03-18
INC000509,P000337,Kalpesh Vaghela,SUSPECT,1,0,2026-04-28
INC000509,P000352,Ramesh Tiwari,SUSPECT,1,1,2026-04-08
INC000509,P001030,Aruna Mudiraj,COMPLAINANT,0,0,
INC000509,P001279,Netrapal Baghel,VICTIM,0,0,
INC000509,P001135,Sudhakar Yadav,WITNESS,0,0,
INC000510,P000728,Netrapal Saini,ACCUSED,1,0,2026-07-26
INC000510,P000757,Ashfaq Rahman,ACCUSED,0,0,
INC000510,P000717,Hitesh Zala,ACCUSED,1,0,2026-11-09
INC000510,P000755,Nilesh Bhoir,ACCUSED,1,0,2026-07-08
INC000510,P001271,Jayan Namboothiri,COMPLAINANT,0,0,
INC000510,P001105,Gurpreet Dhaliwal,VICTIM,0,0,
INC000510,P001021,Priyanka Gaikwad,WITNESS,0,0,
INC000511,P000783,Firoz Siddiqui,ACCUSED,0,0,
INC000511,P000771,Chandrabhan Bhardwaj,ACCUSED,1,1,2025-12-06
INC000511,P000778,Shakeel Malik,SUSPECT,0,0,
INC000511,P000772,Abdul Chaudhary,ABSCONDING_ACCUSED,0,0,
INC000511,P001254,Lekhraj Kashyap,COMPLAINANT,0,0,
INC000511,P001050,Aparna Bose,VICTIM,0,0,
INC000511,P001497,Deepak Singh,WITNESS,0,0,
INC000512,P000804,Yogendra Srivastava,ABSCONDING_ACCUSED,0,0,
INC000512,P000827,Prakash Shukla,ACCUSED,1,1,2026-07-14
INC000512,P001294,Kanta Jhala,COMPLAINANT,0,0,
INC000512,P001334,Ramesh Tomar,VICTIM,0,0,
INC000512,P001334,Ramesh Tomar,WITNESS,0,0,
INC000513,P000876,Krishnaiah Goud,ACCUSED,0,0,
INC000513,P001171,Sandip Rane,COMPLAINANT,0,0,
INC000513,P001018,Kesar Bishnoi,VICTIM,0,0,
INC000514,P000040,Shahnawaz Pathan,ACCUSED,1,1,2021-06-23
INC000514,P000072,Jayesh Desai,ACCUSED,0,0,
INC000514,P000043,Bharat Dave,SUSPECT,0,0,
INC000514,P000086,Chirag Dave,ACCUSED,1,1,2021-07-19
INC000514,P000056,Swapnil Salunkhe,SUSPECT,0,0,
INC000514,P001269,Hanumanthappa Chikkanna,COMPLAINANT,0,0,
INC000514,P001382,Kavita Baghel,VICTIM,0,0,
INC000515,P000983,Rodney Fernandes,ACCUSED,1,1,2024-08-30
INC000515,P001007,Naseer Saifi,COMPLAINANT,0,0,
INC000515,P001054,Gopal Mistry,VICTIM,0,0,
INC000516,P000291,Manoj Menon,SUSPECT,0,0,
INC000516,P001464,Sathish Sharma,COMPLAINANT,0,0,
INC000516,P001194,Arif Saifi,VICTIM,0,0,
INC000517,P000569,Rizwan Qureshi,ACCUSED,1,0,2026-04-10
INC000517,P000527,Harbhajan Sarao,ACCUSED,1,1,2026-04-24
INC000517,P000567,Triloki Yadav,ACCUSED,0,0,
INC000517,P000532,Shakeel Rahman,ACCUSED,1,0,2026-06-07
INC000517,P001189,Jaswant Brar,COMPLAINANT,0,0,
INC000517,P001364,Hariom Gupta,VICTIM,0,0,
INC000518,P000921,Reshma Rahman,SUSPECT,0,0,
INC000518,P001220,Nagaratna Kamath,COMPLAINANT,0,0,
INC000518,P001204,Kumaraswamy Hegde,VICTIM,0,0,
INC000518,P001053,Jagmal Purohit,WITNESS,0,0,
INC000519,P000163,Shahnaz Siddiqui,ABSCONDING_ACCUSED,1,0,2026-10-26
INC000519,P000116,Kishan Godara,ACCUSED,1,1,2026-04-24
INC000519,P001016,Preeti Rathore,COMPLAINANT,0,0,
INC000519,P001360,Har Prasad Gupta,VICTIM,0,0,
INC000520,P000791,Sarfaraz Saifi,ACCUSED,0,0,
INC000520,P000784,Ashfaq Sheikh,ACCUSED,1,0,2020-11-17
INC000520,P000765,Salim Shaikh,ACCUSED,1,0,2021-03-20
INC000520,P000792,Nazia Khan,ACCUSED,1,0,2021-03-18
INC000520,P001085,Alpesh Chauhan,COMPLAINANT,0,0,
INC000520,P001235,Deepa Jacob,VICTIM,0,0,
INC000521,P000940,Mitesh Solanki,ACCUSED,0,0,
INC000521,P001014,Sanjay Bhadauria,COMPLAINANT,0,0,
INC000521,P001025,Ramulu Reddy,VICTIM,0,0,
INC000521,P001019,Rubina Pathan,WITNESS,0,0,
INC000522,P000901,Yogesh Rane,SUSPECT,1,0,2025-04-16
INC000522,P000883,Ravi Poojary,ABSCONDING_ACCUSED,1,1,2025-05-15
INC000522,P001498,Selvam Chettiar,COMPLAINANT,0,0,
INC000522,P001292,Rachna Mishra,VICTIM,0,0,
INC000522,P001469,Sandeep Mishra,WITNESS,0,0,
INC000523,P000551,Abdul Idrisi,ACCUSED,1,1,2025-12-05
INC000523,P000530,Ranjit Bajwa,ABSCONDING_ACCUSED,0,0,
INC000523,P000553,Vijay Rajput,ACCUSED,1,0,2025-12-16
INC000523,P001475,Bandana Biswas,COMPLAINANT,0,0,
INC000523,P001344,Baljit Sidhu,VICTIM,0,0,
INC000523,P001144,Rekha Nagar,WITNESS,0,0,
INC000524,P000718,Haroon Pathan,ACCUSED,0,0,
INC000524,P000727,Vishal More,SUSPECT,1,0,2026-09-26
INC000524,P000743,Har Prasad Sharma,ABSCONDING_ACCUSED,0,0,
INC000524,P001138,Rajwinder Mann,COMPLAINANT,0,0,
INC000525,P000992,Murugan Annadurai,ACCUSED,1,1,2026-06-22
INC000525,P000882,Lekhraj Baghel,ACCUSED,1,1,2026-08-24
INC000525,P000996,Udaiveer Thakur,ACCUSED,0,0,
INC000525,P001147,Nirmal Sarkar,COMPLAINANT,0,0,
INC000525,P001218,Rajwinder Toor,VICTIM,0,0,
INC000526,P000322,Mushtaq Idrisi,SUSPECT,0,0,
INC000526,P000314,Praveen Kurup,ACCUSED,1,1,2023-04-30
INC000526,P001234,Kuldeep Awasthi,COMPLAINANT,0,0,
INC000526,P001091,Sandip Mhatre,VICTIM,0,0,
INC000527,P000318,Sarfaraz Shaikh,SUSPECT,1,0,2025-06-15
INC000527,P000300,Haroon Idrisi,ABSCONDING_ACCUSED,0,0,
INC000527,P000356,Sudha Kushwaha,ACCUSED,0,0,
INC000527,P001110,Kamla Chauhan,COMPLAINANT,0,0,
INC000527,P001422,Sukhdev Kang,VICTIM,0,0,
INC000527,P001439,Shabana Farooqui,WITNESS,0,0,
INC000528,P000887,Anoop Kartha,ACCUSED,1,1,2026-01-20
INC000528,P000943,Ashfaq Farooqui,ACCUSED,1,0,2026-06-10
INC000528,P000900,Sagar Bhosale,SUSPECT,1,0,2026-04-14
INC000528,P000896,Aslam Khan,ACCUSED,1,1,2026-06-21
INC000528,P000899,Pradeep Pandey,ACCUSED,1,1,2026-04-15
INC000528,P000918,Deepak Awasthi,SUSPECT,0,0,
INC000528,P000945,Bhaskar Dalvi,SUSPECT,1,0,2026-02-01
INC000528,P001424,Nathu Ranawat,COMPLAINANT,0,0,
INC000528,P001214,Mangesh Salunkhe,VICTIM,0,0,
INC000529,P000046,Sandip Kamble,ACCUSED,1,1,2025-05-19
INC000529,P000090,Mangesh Tandel,ACCUSED,1,1,2025-09-17
INC000529,P000004,Nilesh Vaghela,ACCUSED,0,0,
INC000529,P000083,Mitesh Joshi,ACCUSED,1,1,2025-09-21
INC000529,P001442,Bhavna Barot,COMPLAINANT,0,0,
INC000529,P001233,Techi Jamir,VICTIM,0,0,
INC000529,P001354,Sachin Salunkhe,WITNESS,0,0,
INC000530,P000462,Kuldeep Pandey,ACCUSED,1,1,2022-12-15
INC000530,P001496,Poonam Pandey,COMPLAINANT,0,0,
INC000530,P001281,Vidyawati Tiwari,VICTIM,0,0,
INC000531,P000999,Satish Rathore,ACCUSED,1,0,2024-03-19
INC000531,P001288,Chhaya Bose,COMPLAINANT,0,0,
INC000531,P001192,Kavya Nallamothu,VICTIM,0,0,
INC000532,P000215,Udaiveer Yadav,ACCUSED,1,1,2024-05-18
INC000532,P000245,Kartik Adhikari,ACCUSED,0,0,
INC000532,P000248,Afsana Ansari,ACCUSED,0,0,
INC000532,P001152,Joseph Menezes,COMPLAINANT,0,0,
INC000532,P001169,Seema Bhadauria,VICTIM,0,0,
INC000532,P001099,Yusuf Khan,WITNESS,0,0,
INC000533,P000558,Mahesh Kushwaha,ACCUSED,0,0,
INC000533,P000551,Abdul Idrisi,ACCUSED,0,0,
INC000533,P001060,Arivazhagan Mudaliar,COMPLAINANT,0,0,
INC000533,P001282,Nazia Khan,VICTIM,0,0,
INC000533,P001426,Falguni Patel,WITNESS,0,0,
INC000534,P000066,Ashfaq Mansuri,ACCUSED,0,0,
INC000534,P000084,Rafiq Farooqui,SUSPECT,1,1,2026-06-15
INC000534,P000042,Trupti Rabari,ACCUSED,0,0,
INC000534,P001010,Tarsem Sidhu,COMPLAINANT,0,0,
INC000534,P001073,Rajendran Thevar,VICTIM,0,0,
INC000534,P001474,Joseph Almeida,WITNESS,0,0,
INC000535,P000857,Narsimha Vemula,SUSPECT,0,0,
INC000535,P000848,Nagaraju Gupta,ACCUSED,1,1,2026-08-04
INC000535,P000877,Palanisamy Annadurai,SUSPECT,0,0,
INC000535,P000854,Bikram Devi,ACCUSED,1,1,2026-04-24
INC000535,P001134,Mangamma Setty,COMPLAINANT,0,0,
INC000535,P001310,Bikramjit Sekhon,VICTIM,0,0,
INC000535,P001475,Bandana Biswas,WITNESS,0,0,
INC000536,P000536,Javed Shaikh,ACCUSED,1,1,2026-03-05
INC000536,P000530,Ranjit Bajwa,ACCUSED,1,1,2026-03-25
INC000536,P000547,Jarnail Sarao,ABSCONDING_ACCUSED,1,1,2026-06-20
INC000536,P001473,Shabana Qureshi,COMPLAINANT,0,0,
INC000536,P001447,Tanaji Gaikwad,VICTIM,0,0,
INC000537,P000439,Gopal Biswas,ACCUSED,1,1,2026-08-30
INC000537,P000426,Ibrahim Mirza,SUSPECT,1,0,2026-10-13
INC000537,P001471,Sudarshan Swain,COMPLAINANT,0,0,
INC000537,P001048,Prabhakar Mudiraj,VICTIM,0,0,
INC000538,P000870,Mariappan Pandian,ACCUSED,0,0,
INC000538,P000846,Mahesh Shukla,ACCUSED,1,0,2026-09-20
INC000538,P001234,Kuldeep Awasthi,COMPLAINANT,0,0,
INC000538,P001420,Rupa Halder,VICTIM,0,0,
INC000539,P000295,Imran Saifi,ACCUSED,0,0,
INC000539,P000356,Sudha Kushwaha,ACCUSED,1,1,2022-07-29
INC000539,P000307,Ibrahim Idrisi,SUSPECT,1,1,2022-06-01
INC000539,P000300,Haroon Idrisi,SUSPECT,1,1,2022-05-12
INC000539,P001140,Ramkali Gupta,COMPLAINANT,0,0,
INC000539,P001287,Tanveer Malik,VICTIM,0,0,
INC000539,P001460,Nilesh Jadhav,WITNESS,0,0,
INC000540,P000572,Mohammed Sheikh,ABSCONDING_ACCUSED,1,0,2026-03-29
INC000540,P000596,Afsana Ahmed,ACCUSED,1,1,2026-01-20
INC000540,P000610,Nirmal Bose,ACCUSED,1,1,2026-04-22
INC000540,P001172,Swapan Das,COMPLAINANT,0,0,
INC000540,P001317,Rafiq Khan,VICTIM,0,0,
INC000541,P000827,Prakash Shukla,SUSPECT,0,0,
INC000541,P000811,Sohan Purohit,SUSPECT,1,1,2026-08-02
INC000541,P000821,Girdhari Rathore,SUSPECT,0,0,
INC000541,P001416,Kannan Pillai,COMPLAINANT,0,0,
INC000541,P001214,Mangesh Salunkhe,VICTIM,0,0,
INC000541,P001187,Bhagaban Pradhan,WITNESS,0,0,
INC000542,P000390,Chitra Mudaliar,ABSCONDING_ACCUSED,0,0,
INC000542,P000361,Ramesh Dixit,ACCUSED,0,0,
INC000542,P000400,Mallikarjun Hiremath,ACCUSED,1,1,2026-07-07
INC000542,P000387,Selvam Naicker,SUSPECT,0,0,
INC000542,P001241,Gautam Naskar,COMPLAINANT,0,0,
INC000542,P001070,Nazia Ansari,VICTIM,0,0,
INC000542,P001478,Satish Mishra,WITNESS,0,0,
INC000543,P000910,Ranjan Sardar,SUSPECT,1,1,2024-09-01
INC000543,P000996,Udaiveer Thakur,SUSPECT,1,1,2024-08-27
INC000543,P000960,Sushila Jat,ACCUSED,1,1,2024-11-22
INC000543,P001089,Anita Dubey,COMPLAINANT,0,0,
INC000543,P001463,Sudheer Menon,VICTIM,0,0,
INC000543,P001367,Temjen Basumatary,WITNESS,0,0,
INC000544,P000684,Sunil Verma,ACCUSED,1,1,2026-07-15
INC000544,P000705,Arindam Mondal,ACCUSED,1,1,2026-07-24
INC000544,P000694,Gautam Sen,SUSPECT,1,1,2026-03-24
INC000544,P001029,Arindam Sen,COMPLAINANT,0,0,
INC000544,P001448,Reshma Chaudhary,VICTIM,0,0,
INC000544,P001312,Sreenivasan Kurup,WITNESS,0,0,
INC000545,P000763,Randhir Tiwari,ACCUSED,0,0,
INC000545,P000740,Faizan Baig,ACCUSED,0,0,
INC000545,P000753,Chandrabhan Shukla,ACCUSED,1,1,2026-07-31
INC000545,P000751,Devendra Maurya,ACCUSED,1,1,2026-03-29
INC000545,P001471,Sudarshan Swain,COMPLAINANT,0,0,
INC000545,P001096,Mushtaq Mirza,WITNESS,0,0,
INC000546,P000743,Har Prasad Sharma,ACCUSED,0,0,
INC000546,P000747,Jitendra Bhardwaj,ACCUSED,1,1,2026-03-28
INC000546,P000752,Mitesh Shah,ACCUSED,1,1,2026-06-13
INC000546,P001138,Rajwinder Mann,COMPLAINANT,0,0,
INC000546,P001228,Yasmin Pathan,VICTIM,0,0,
INC000546,P001239,Yogendra Bhadauria,WITNESS,0,0,
INC000547,P000424,Shanti Dubey,SUSPECT,1,1,2023-11-22
INC000547,P001383,Debashish Halder,COMPLAINANT,0,0,
INC000547,P001080,Sukumar Pal,VICTIM,0,0,
INC000547,P001341,Tapasi Chakraborty,WITNESS,0,0,
INC000548,P000264,Girdhari Prajapati,ACCUSED,1,1,2021-09-16
INC000548,P000278,Ramesh Shukla,ABSCONDING_ACCUSED,0,0,
INC000548,P001348,Nazia Saifi,COMPLAINANT,0,0,
INC000548,P001240,Gurpreet Dhaliwal,VICTIM,0,0,
INC000549,P000965,Nabam Konyak,ACCUSED,1,1,2020-11-18
INC000549,P000973,Shabana Pathan,ACCUSED,0,0,
INC000549,P000974,Netrapal Tiwari,ABSCONDING_ACCUSED,0,0,
INC000549,P000897,Pramod Baghel,SUSPECT,1,1,2020-10-17
INC000549,P000910,Ranjan Sardar,SUSPECT,0,0,
INC000549,P001062,Ranjit Kang,COMPLAINANT,0,0,
INC000549,P001309,Abdul Pathan,VICTIM,0,0,
INC000550,P000412,Lokesh Chikkanna,ABSCONDING_ACCUSED,1,1,2023-04-01
INC000550,P000389,Shivanna Angadi,ACCUSED,1,0,2023-08-26
INC000550,P000392,Palanisamy Raja,ACCUSED,1,0,2023-05-14
INC000550,P001290,Baljit Toor,COMPLAINANT,0,0,
INC000550,P001454,Chitra Kurup,VICTIM,0,0,
INC000551,P000186,Netrapal Rathore,ABSCONDING_ACCUSED,1,1,2026-07-10
INC000551,P000286,Gautam Mondal,ACCUSED,1,0,2026-09-30
INC000551,P001106,Kuni Dash,COMPLAINANT,0,0,
INC000551,P001351,Nilesh Trivedi,VICTIM,0,0,
INC000552,P000733,Kalpesh Solanki,SUSPECT,0,0,
INC000552,P000720,Manisha Patil,SUSPECT,1,1,2026-03-01
INC000552,P001413,Nilesh Deshmukh,COMPLAINANT,0,0,
INC000553,P000838,Chandrabhan Bhadauria,ABSCONDING_ACCUSED,1,0,2022-10-01
INC000553,P000806,Hanuman Shekhawat,SUSPECT,0,0,
INC000553,P000826,Jarnail Singh,ACCUSED,1,0,2022-11-23
INC000553,P001349,Jaswant Sarao,COMPLAINANT,0,0,
INC000553,P001451,Sindhu Panicker,VICTIM,0,0,
INC000553,P001371,Kavita Prajapati,WITNESS,0,0,
INC000554,P000475,Tanveer Pathan,ACCUSED,1,1,2026-12-06
INC000554,P001327,Hanuman Ranawat,COMPLAINANT,0,0,
INC000554,P001472,Karthik Mudaliar,VICTIM,0,0,
INC000554,P001086,Rajni Jaiswal,WITNESS,0,0,
INC000555,P000367,Ilango Annadurai,SUSPECT,0,0,
INC000555,P000396,Netrapal Nishad,ABSCONDING_ACCUSED,0,0,
INC000555,P001389,Kishan Shekhawat,COMPLAINANT,0,0,
INC000555,P001256,Alwyn Noronha,VICTIM,0,0,
INC000555,P001234,Kuldeep Awasthi,WITNESS,0,0,
INC000556,P000985,Arindam Chakraborty,ACCUSED,1,1,2025-02-08
INC000556,P001243,Rajni Pandey,COMPLAINANT,0,0,
INC000556,P001205,Vijay Thakur,VICTIM,0,0,
INC000557,P000080,Kalpesh Zala,SUSPECT,1,0,2023-06-24
INC000557,P001430,Rajendran Naicker,COMPLAINANT,0,0,
INC000557,P001190,Ramkali Bhadauria,VICTIM,0,0,
INC000557,P001264,Karni Rathore,WITNESS,0,0,
INC000558,P000566,Ajay Dubey,ACCUSED,0,0,
INC000558,P000519,Pramod Jaiswal,ACCUSED,0,0,
INC000558,P001373,Alpesh Barot,COMPLAINANT,0,0,
INC000558,P001333,Aparna Sardar,VICTIM,0,0,
INC000559,P000972,Prakash Rai,ACCUSED,0,0,
INC000559,P000923,Sarfaraz Farooqui,ACCUSED,0,0,
INC000559,P001210,Nilesh More,COMPLAINANT,0,0,
INC000559,P001417,Bhagaban Mohanty,VICTIM,0,0,
INC000560,P000603,Firoz Rahman,ACCUSED,1,1,2026-08-02
INC000560,P001261,Sabitri Adhikari,COMPLAINANT,0,0,
INC000560,P001159,Rina Biswas,VICTIM,0,0,
INC000560,P001362,Tapasi Sen,WITNESS,0,0,
INC000561,P000930,Yallappa Acharya,ACCUSED,1,0,2026-08-11
INC000561,P000940,Mitesh Solanki,ACCUSED,0,0,
INC000561,P001392,Kamla Thakur,COMPLAINANT,0,0,
INC000561,P001277,Bhavesh Shah,VICTIM,0,0,
INC000561,P001493,Nitin Jadhav,WITNESS,0,0,
INC000562,P000941,Bhagaban Mallick,ACCUSED,1,1,2025-12-05
INC000562,P001344,Baljit Sidhu,COMPLAINANT,0,0,
INC000562,P001497,Deepak Singh,VICTIM,0,0,
INC000563,P000301,Jayan Joseph,ACCUSED,1,0,2026-10-18
INC000563,P001135,Sudhakar Yadav,COMPLAINANT,0,0,
INC000563,P001255,Arun Kushwaha,VICTIM,0,0,
INC000564,P000951,Nathu Ranawat,ACCUSED,0,0,
INC000564,P000946,Rajni Awasthi,ACCUSED,0,0,
INC000564,P001332,Sumitra Naik,COMPLAINANT,0,0,
INC000564,P001135,Sudhakar Yadav,VICTIM,0,0,
INC000565,P000398,Girish Hiremath,ACCUSED,0,0,
INC000565,P001231,Rambabu Pandey,COMPLAINANT,0,0,
INC000566,P000335,Wasim Baig,ACCUSED,1,1,2026-02-15
INC000566,P000330,Wasim Rahman,ACCUSED,0,0,
INC000566,P000299,Vinayakan Joseph,ABSCONDING_ACCUSED,0,0,
INC000566,P001105,Gurpreet Dhaliwal,COMPLAINANT,0,0,
INC000566,P001060,Arivazhagan Mudaliar,VICTIM,0,0,
INC000566,P001138,Rajwinder Mann,WITNESS,0,0,
INC000567,P000552,Manju Yadav,ACCUSED,0,0,
INC000567,P000530,Ranjit Bajwa,ACCUSED,0,0,
INC000567,P000566,Ajay Dubey,SUSPECT,1,1,2025-12-08
INC000567,P000545,Abdul Alam,ACCUSED,1,1,2026-05-09
INC000567,P001070,Nazia Ansari,COMPLAINANT,0,0,
INC000567,P001280,Rubina Zaidi,VICTIM,0,0,
INC000568,P000787,Shabana Mirza,SUSPECT,1,1,2021-05-21
INC000568,P000767,Balbir Dixit,ACCUSED,1,1,2021-10-11
INC000568,P001127,Vaishali Trivedi,COMPLAINANT,0,0,
INC000568,P001019,Rubina Pathan,VICTIM,0,0,
INC000568,P001461,Chandra Shekar Choudary,WITNESS,0,0,
INC000569,P000147,Devi Lal Sisodia,ACCUSED,1,1,2020-09-16
INC000569,P000114,Gayatri Jat,ACCUSED,0,0,
INC000569,P001237,Devendra Sengar,COMPLAINANT,0,0,
INC000569,P001396,Savita Chauhan,VICTIM,0,0,
INC000570,P000615,Mallesh Yadav,SUSPECT,0,0,
INC000570,P000622,Trilochan Mohanty,ACCUSED,1,1,2025-10-04
INC000570,P000644,Nagaraju Rao,ACCUSED,1,1,2025-09-19
INC000570,P000636,Lakshmi Sharma,SUSPECT,1,0,2026-01-12
INC000570,P001227,Tapan Ghosh,COMPLAINANT,0,0,
INC000570,P001448,Reshma Chaudhary,VICTIM,0,0,
INC000571,P000911,Pradeep Maurya,SUSPECT,0,0,
INC000571,P000941,Bhagaban Mallick,SUSPECT,1,1,2026-11-18
INC000571,P000886,Rachhpal Grewal,ACCUSED,1,1,2026-11-29
INC000571,P000892,Rakesh Solanki,ABSCONDING_ACCUSED,0,0,
INC000571,P000922,Jignesh Parmar,ACCUSED,1,0,2026-10-07
INC000571,P001183,Shobha Poojary,COMPLAINANT,0,0,
INC000571,P001476,Sandip Patil,VICTIM,0,0,
INC000571,P001303,Naresh Baghel,WITNESS,0,0,
INC000572,P000642,Bhagaban Panda,ACCUSED,1,1,2022-11-04
INC000572,P000627,Amutha Rajendran,ACCUSED,1,0,2022-09-25
INC000572,P000638,Mallesh Choudary,SUSPECT,0,0,
INC000572,P001427,Amol Dalvi,COMPLAINANT,0,0,
INC000572,P001210,Nilesh More,VICTIM,0,0,
INC000572,P001302,Manoj Marar,WITNESS,0,0,
INC000573,P000294,Sarfaraz Pathan,ACCUSED,1,1,2026-04-21
INC000573,P001067,Gopal Dutta,COMPLAINANT,0,0,
INC000573,P001110,Kamla Chauhan,VICTIM,0,0,
INC000574,P000940,Mitesh Solanki,SUSPECT,1,1,2026-03-30
INC000574,P000954,Rekha Sengar,ACCUSED,0,0,
INC000574,P001478,Satish Mishra,COMPLAINANT,0,0,
INC000574,P001342,Prakash Patil,VICTIM,0,0,
INC000575,P000872,Bikram Jamir,ABSCONDING_ACCUSED,0,0,
INC000575,P000867,Lekhraj Bhardwaj,ACCUSED,0,0,
INC000575,P001436,Alpesh Shah,COMPLAINANT,0,0,
INC000575,P001018,Kesar Bishnoi,VICTIM,0,0,
INC000576,P000854,Bikram Devi,SUSPECT,1,1,2018-07-23
INC000576,P001314,Jasbir Singh,COMPLAINANT,0,0,
INC000576,P001410,Sanjay Yadav,VICTIM,0,0,
INC000577,P000320,Anoop Mathew,SUSPECT,0,0,
INC000577,P000321,Vipul Chauhan,ACCUSED,0,0,
INC000577,P001229,Poongodi Muthusamy,COMPLAINANT,0,0,
INC000577,P001077,Chhaya Adhikari,VICTIM,0,0,
INC000577,P001312,Sreenivasan Kurup,WITNESS,0,0,
INC000578,P000062,Dattatray Tandel,ACCUSED,1,1,2022-04-23
INC000578,P001171,Sandip Rane,COMPLAINANT,0,0,
INC000578,P001500,Salim Qureshi,VICTIM,0,0,
INC000579,P000682,Rupa Das,SUSPECT,1,1,2025-10-16
INC000579,P000667,Pramod Singh,ACCUSED,0,0,
INC000579,P001099,Yusuf Khan,COMPLAINANT,0,0,
INC000579,P001100,Revathi Muthusamy,VICTIM,0,0,
INC000579,P001195,Malathi Annadurai,WITNESS,0,0,
INC000580,P000068,Reshma Saifi,ACCUSED,0,0,
INC000580,P000033,Arif Chaudhary,ACCUSED,1,1,2023-07-22
INC000580,P000028,Alpesh Thakor,ABSCONDING_ACCUSED,0,0,
INC000580,P000053,Mangesh Shinde,ACCUSED,1,0,2023-08-10
INC000580,P000032,Rasik Joshi,ACCUSED,1,1,2023-04-28
INC000580,P001028,Arun Baghel,COMPLAINANT,0,0,
INC000580,P001110,Kamla Chauhan,VICTIM,0,0,
INC000581,P000847,Yumnam Marak,ACCUSED,0,0,
INC000581,P000877,Palanisamy Annadurai,ACCUSED,0,0,
INC000581,P000848,Nagaraju Gupta,SUSPECT,0,0,
INC000581,P000858,Randhir Nishad,ACCUSED,0,0,
INC000581,P001150,Venkatesh Sharma,COMPLAINANT,0,0,
INC000581,P001455,Kesar Jhala,VICTIM,0,0,
INC000582,P000749,Shyamlal Bhardwaj,ACCUSED,1,1,2025-05-12
INC000582,P000739,Har Prasad Gupta,ACCUSED,1,1,2025-05-23
INC000582,P000748,Divyesh Desai,ABSCONDING_ACCUSED,1,0,2025-07-26
INC000582,P001019,Rubina Pathan,COMPLAINANT,0,0,
INC000582,P001120,Basanta Jena,VICTIM,0,0,
INC000582,P001282,Nazia Khan,WITNESS,0,0,
INC000583,P000296,Salim Baig,ACCUSED,1,1,2024-08-20
INC000583,P000325,Chirag Dave,ACCUSED,1,0,2024-07-23
INC000583,P000354,Shailendra Baghel,ACCUSED,1,1,2024-09-16
INC000583,P000353,Ratheesh Menon,SUSPECT,1,1,2024-10-04
INC000583,P001149,Savita Awasthi,COMPLAINANT,0,0,
INC000583,P001107,Lalrinpuii Ao,VICTIM,0,0,
INC000584,P000324,Nilesh Parmar,ACCUSED,0,0,
INC000584,P000354,Shailendra Baghel,ACCUSED,1,1,2025-10-18
INC000584,P000357,Om Prakash Rajput,ACCUSED,1,1,2025-10-12
INC000584,P000349,Rinku Parmar,SUSPECT,1,1,2026-02-24
INC000584,P001308,Chandrabhan Shukla,COMPLAINANT,0,0,
INC000584,P001162,Anitha Achari,VICTIM,0,0,
INC000584,P001085,Alpesh Chauhan,WITNESS,0,0,
INC000585,P000974,Netrapal Tiwari,ACCUSED,1,1,2023-03-31
INC000585,P001176,Amutha Pandian,COMPLAINANT,0,0,
INC000585,P001213,Sandeep Baghel,VICTIM,0,0,
INC000586,P000545,Abdul Alam,ABSCONDING_ACCUSED,1,1,2020-10-30
INC000586,P001265,Jitendra Rathore,COMPLAINANT,0,0,
INC000586,P001072,Manjit Sekhon,VICTIM,0,0,
INC000587,P000773,Shakuntala Nishad,ACCUSED,0,0,
INC000587,P000764,Om Prakash Maurya,ACCUSED,1,1,2022-07-31
INC000587,P000776,Ibrahim Alam,ACCUSED,1,0,2022-04-08
INC000587,P001451,Sindhu Panicker,COMPLAINANT,0,0,
INC000587,P001280,Rubina Zaidi,VICTIM,0,0,
INC000588,P000678,Bibhuti Munda,SUSPECT,0,0,
INC000588,P000701,Pradip Naskar,SUSPECT,0,0,
INC000588,P000708,Rabindra Nayak,SUSPECT,1,1,2025-03-17
INC000588,P000692,Bimal Halder,ACCUSED,0,0,
INC000588,P000702,Basanta Jena,ACCUSED,0,0,
INC000588,P001424,Nathu Ranawat,COMPLAINANT,0,0,
INC000588,P001477,Chhaya Bhattacharya,VICTIM,0,0,
INC000589,P000847,Yumnam Marak,ABSCONDING_ACCUSED,0,0,
INC000589,P001253,Mousumi Ghosh,COMPLAINANT,0,0,
INC000589,P001057,Shanti Rathore,VICTIM,0,0,
INC000589,P001486,Netrapal Bhardwaj,WITNESS,0,0,
INC000590,P000785,Girdhari Saini,ACCUSED,0,0,
INC000590,P000778,Shakeel Malik,ACCUSED,1,1,2026-07-04
INC000590,P000799,Shakeel Pathan,SUSPECT,1,1,2026-09-12
INC000590,P000782,Sarfaraz Siddiqui,ACCUSED,1,0,2026-09-22
INC000590,P001262,Rajesh Thakur,COMPLAINANT,0,0,
INC000590,P001134,Mangamma Setty,VICTIM,0,0,
INC000591,P000695,Basanta Mallick,ACCUSED,1,1,2025-06-08
INC000591,P000687,Dinesh Prajapati,SUSPECT,0,0,
INC000591,P000702,Basanta Jena,ABSCONDING_ACCUSED,0,0,
INC000591,P001073,Rajendran Thevar,COMPLAINANT,0,0,
INC000591,P001168,Krishnaiah Varma,VICTIM,0,0,
INC000592,P000543,Shahnawaz Mansuri,ACCUSED,1,0,2020-09-02
INC000592,P001325,Nagaratna Kulkarni,COMPLAINANT,0,0,
INC000592,P001112,Anita Tiwari,VICTIM,0,0,
INC000593,P000797,Imran Ahmed,ACCUSED,1,1,2024-03-24
INC000593,P000780,Pradeep Prajapati,ACCUSED,0,0,
INC000593,P000792,Nazia Khan,ACCUSED,0,0,
INC000593,P000774,Naseer Farooqui,ABSCONDING_ACCUSED,0,0,
INC000593,P001358,Ravi Patil,COMPLAINANT,0,0,
INC000593,P001159,Rina Biswas,VICTIM,0,0,
INC000593,P001054,Gopal Mistry,WITNESS,0,0,
INC000594,P000375,Satish Kushwaha,SUSPECT,0,0,
INC000594,P000371,Manoj Yadav,ACCUSED,0,0,
INC000594,P001336,Swapnil Gaikwad,COMPLAINANT,0,0,
INC000594,P001327,Hanuman Ranawat,VICTIM,0,0,
INC000595,P000960,Sushila Jat,ACCUSED,1,1,2026-02-11
INC000595,P000907,Ashim Gayen,ACCUSED,1,1,2026-07-19
INC000595,P000928,Vijay Sengar,ACCUSED,1,1,2026-05-18
INC000595,P001258,Subhas Ghosh,COMPLAINANT,0,0,
INC000595,P001470,Nadeem Shaikh,VICTIM,0,0,
INC000596,P000866,Chinnadurai Annadurai,ACCUSED,1,1,2020-10-18
INC000596,P000848,Nagaraju Gupta,SUSPECT,1,1,2020-11-16
INC000596,P000858,Randhir Nishad,ACCUSED,1,0,2020-11-16
INC000596,P000869,Selvam Subramanian,ACCUSED,0,0,
INC000596,P000878,Srinivas Bandari,ACCUSED,1,1,2020-09-03
INC000596,P001263,Priyanka Chavan,COMPLAINANT,0,0,
INC000596,P001360,Har Prasad Gupta,VICTIM,0,0,
INC000597,P000689,Jagdish Verma,SUSPECT,1,0,2026-03-25
INC000597,P000709,Akshaya Sahoo,SUSPECT,1,1,2025-11-04
INC000597,P000667,Pramod Singh,ACCUSED,1,1,2026-01-01
INC000597,P000678,Bibhuti Munda,SUSPECT,0,0,
INC000597,P001317,Rafiq Khan,COMPLAINANT,0,0,
INC000597,P001046,Shakeel Ahmed,VICTIM,0,0,
INC000597,P001024,Revathi Thevar,WITNESS,0,0,
INC000598,P000276,Sunil Rajput,ACCUSED,1,1,2021-10-18
INC000598,P000175,Rajesh Prajapati,ACCUSED,1,1,2021-12-28
INC000598,P000243,Reshma Hussain,ACCUSED,0,0,
INC000598,P000182,Iqbal Pathan,ACCUSED,0,0,
INC000598,P000198,Pradip Barman,ACCUSED,1,1,2021-11-01
INC000598,P001430,Rajendran Naicker,COMPLAINANT,0,0,
INC000598,P001058,Ravichandran Pillai,VICTIM,0,0,
INC000599,P000060,Rasik Vaghela,ACCUSED,1,1,2024-11-05
INC000599,P000061,Amol Tandel,ACCUSED,0,0,
INC000599,P000056,Swapnil Salunkhe,ACCUSED,0,0,
INC000599,P000091,Shahnawaz Hussain,SUSPECT,0,0,
INC000599,P001483,Udaiveer Sengar,COMPLAINANT,0,0,
INC000599,P001004,Manjunath Bhat,VICTIM,0,0,
INC000599,P001384,Palash Bose,WITNESS,0,0,
INC000600,P000369,Ravichandran Nadar,ACCUSED,0,0,
INC000600,P000378,Malathi Raja,ACCUSED,1,1,2025-10-02
INC000600,P000361,Ramesh Dixit,ACCUSED,1,0,2025-08-25
INC000600,P001041,Hansa Parmar,COMPLAINANT,0,0,
INC000600,P001478,Satish Mishra,VICTIM,0,0,
INC000600,P001215,Nirmala Jaiswal,WITNESS,0,0,
INC000601,P000668,Sarat Rout,ACCUSED,1,1,2026-06-10
INC000601,P000672,Sasmita Mallick,ACCUSED,0,0,
INC000601,P001058,Ravichandran Pillai,COMPLAINANT,0,0,
INC000601,P001423,Vidyawati Verma,VICTIM,0,0,
INC000601,P001449,Swapan Bose,WITNESS,0,0,
INC000602,P000259,Rizwan Baig,ACCUSED,0,0,
INC000602,P000254,Wasim Sheikh,ACCUSED,0,0,
INC000602,P001229,Poongodi Muthusamy,COMPLAINANT,0,0,
INC000602,P001362,Tapasi Sen,VICTIM,0,0,
INC000602,P001169,Seema Bhadauria,WITNESS,0,0,
INC000603,P000715,Imran Farooqui,SUSPECT,0,0,
INC000603,P000760,Ashfaq Shaikh,ACCUSED,1,1,2026-06-08
INC000603,P001317,Rafiq Khan,COMPLAINANT,0,0,
INC000603,P001214,Mangesh Salunkhe,VICTIM,0,0,
INC000604,P000425,Nirmal Chakraborty,ACCUSED,1,0,2023-11-05
INC000604,P001264,Karni Rathore,COMPLAINANT,0,0,
INC000604,P001438,Mallesh Rao,VICTIM,0,0,
INC000604,P001143,Suresh Srivastava,WITNESS,0,0,
INC000605,P000794,Wasim Hussain,SUSPECT,1,1,2025-12-07
INC000605,P000782,Sarfaraz Siddiqui,ACCUSED,1,1,2026-02-11
INC000605,P000780,Pradeep Prajapati,ACCUSED,1,1,2025-12-31
INC000605,P000784,Ashfaq Sheikh,SUSPECT,0,0,
INC000605,P001247,Wasim Malik,COMPLAINANT,0,0,
INC000605,P001462,Shyamlal Awasthi,VICTIM,0,0,
INC000606,P000977,Rahul More,ACCUSED,1,0,2026-01-29
INC000606,P001479,Jaswant Sandhu,COMPLAINANT,0,0,
INC000606,P001401,Aparna Gayen,VICTIM,0,0,
INC000606,P001395,Satish Pandey,WITNESS,0,0,
INC000607,P000776,Ibrahim Alam,ACCUSED,1,1,2020-05-09
INC000607,P000796,Abdul Malik,SUSPECT,1,1,2020-05-19
INC000607,P000791,Sarfaraz Saifi,ACCUSED,0,0,
INC000607,P000765,Salim Shaikh,ACCUSED,1,0,2020-04-27
INC000607,P000774,Naseer Farooqui,SUSPECT,1,1,2020-04-08
INC000607,P000800,Haroon Mansuri,ABSCONDING_ACCUSED,1,1,2020-05-25
INC000607,P000778,Shakeel Malik,ACCUSED,1,0,2020-06-13
INC000607,P001093,Farida Siddiqui,COMPLAINANT,0,0,
INC000607,P001472,Karthik Mudaliar,VICTIM,0,0,
INC000608,P000094,Malkiat Grewal,ACCUSED,0,0,
INC000608,P001409,Ashfaq Hussain,COMPLAINANT,0,0,
INC000608,P001500,Salim Qureshi,VICTIM,0,0,
INC000608,P001386,Tamilselvi Sundaram,WITNESS,0,0,
INC000609,P000003,Dattatray Waghmare,ACCUSED,1,1,2024-10-02
INC000609,P000005,Aslam Ahmed,SUSPECT,1,1,2025-01-26
INC000609,P000016,Hardik Barot,ACCUSED,0,0,
INC000609,P001267,Reshma Zaidi,COMPLAINANT,0,0,
INC000609,P001249,Ganesh Pawar,VICTIM,0,0,
INC000610,P000443,Salim Zaidi,SUSPECT,1,0,2026-10-15
INC000610,P001238,Nazia Malik,COMPLAINANT,0,0,
INC000610,P001030,Aruna Mudiraj,VICTIM,0,0,
INC000611,P000169,Rukhsana Ahmed,ACCUSED,1,0,2026-06-13
INC000611,P000163,Shahnaz Siddiqui,ABSCONDING_ACCUSED,1,1,2026-06-26
INC000611,P000154,Nadeem Farooqui,ACCUSED,0,0,
INC000611,P000143,Nadeem Khan,ACCUSED,0,0,
INC000611,P000119,Faizan Alam,ACCUSED,0,0,
INC000611,P001085,Alpesh Chauhan,COMPLAINANT,0,0,
INC000611,P001089,Anita Dubey,VICTIM,0,0,
INC000611,P001147,Nirmal Sarkar,WITNESS,0,0,
INC000612,P000805,Ranveer Beniwal,ACCUSED,1,1,2026-04-27
INC000612,P000839,Ratan Jat,ACCUSED,0,0,
INC000612,P000827,Prakash Shukla,ACCUSED,1,1,2026-03-17
INC000612,P000803,Malkiat Virk,ACCUSED,0,0,
INC000612,P000806,Hanuman Shekhawat,ACCUSED,0,0,
INC000612,P001310,Bikramjit Sekhon,COMPLAINANT,0,0,
INC000612,P001499,Palash Adhikari,VICTIM,0,0,
INC000612,P001269,Hanumanthappa Chikkanna,WITNESS,0,0,
INC000613,P000689,Jagdish Verma,ACCUSED,1,1,2025-12-21
INC000613,P000678,Bibhuti Munda,SUSPECT,0,0,
INC000613,P001057,Shanti Rathore,COMPLAINANT,0,0,
INC000613,P001322,Vasanthi Muthusamy,VICTIM,0,0,
INC000613,P001153,Kanta Gurjar,WITNESS,0,0,
INC000614,P000361,Ramesh Dixit,ABSCONDING_ACCUSED,0,0,
INC000614,P000388,Manjunath Hegde,ACCUSED,1,0,2026-06-13
INC000614,P000390,Chitra Mudaliar,SUSPECT,1,1,2026-07-12
INC000614,P000396,Netrapal Nishad,ACCUSED,0,0,
INC000614,P001436,Alpesh Shah,COMPLAINANT,0,0,
INC000614,P001489,Narsimha Prasad,VICTIM,0,0,
INC000614,P001290,Baljit Toor,WITNESS,0,0,
INC000615,P000052,Vishal Jadhav,ACCUSED,1,0,2024-11-15
INC000615,P000031,Vipul Desai,ACCUSED,1,0,2025-02-09
INC000615,P001266,Sekar Pandian,COMPLAINANT,0,0,
INC000615,P001346,Xavier Coutinho,VICTIM,0,0,
INC000616,P000709,Akshaya Sahoo,ACCUSED,0,0,
INC000616,P000693,Arun Chauhan,SUSPECT,1,1,2025-03-07
INC000616,P001149,Savita Awasthi,COMPLAINANT,0,0,
INC000616,P001162,Anitha Achari,VICTIM,0,0,
INC000617,P000364,Jitendra Prajapati,ACCUSED,1,0,2023-06-23
INC000617,P000410,Arun Maurya,SUSPECT,1,1,2023-07-21
INC000617,P001004,Manjunath Bhat,COMPLAINANT,0,0,
INC000617,P001363,Peter Menezes,VICTIM,0,0,
INC000618,P000988,Bikramjit Sandhu,ACCUSED,1,1,2021-02-08
INC000618,P000942,Rambabu Yadav,SUSPECT,1,1,2020-12-31
INC000618,P001110,Kamla Chauhan,COMPLAINANT,0,0,
INC000618,P001063,Nadeem Shaikh,VICTIM,0,0,
INC000618,P001490,Renuka Kulkarni,WITNESS,0,0,
INC000619,P000096,Navneet Bajwa,ACCUSED,0,0,
INC000619,P000169,Rukhsana Ahmed,SUSPECT,1,1,2024-01-29
INC000619,P000155,Ashfaq Shaikh,ACCUSED,1,1,2024-07-20
INC000619,P000117,Nathu Choudhary,ACCUSED,1,1,2024-02-25
INC000619,P000162,Amarjit Dhillon,ACCUSED,1,0,2024-06-19
INC000619,P000157,Devi Lal Godara,SUSPECT,1,1,2024-06-15
INC000619,P000133,Gurmeet Bajwa,ACCUSED,1,0,2024-07-18
INC000619,P001461,Chandra Shekar Choudary,COMPLAINANT,0,0,
INC000619,P001130,Seema Nishad,VICTIM,0,0,
INC000619,P001362,Tapasi Sen,WITNESS,0,0,
INC000620,P000872,Bikram Jamir,ACCUSED,0,0,
INC000620,P000849,Bikram Sangma,SUSPECT,1,1,2021-10-20
INC000620,P001222,Prasanna Behera,COMPLAINANT,0,0,
INC000620,P001189,Jaswant Brar,VICTIM,0,0,
INC000621,P000851,Ilango Subramanian,SUSPECT,0,0,
INC000621,P001479,Jaswant Sandhu,COMPLAINANT,0,0,
INC000621,P001238,Nazia Malik,VICTIM,0,0,
INC000622,P000033,Arif Chaudhary,SUSPECT,1,0,2023-08-03
INC000622,P000023,Hardik Barot,ABSCONDING_ACCUSED,0,0,
INC000622,P000030,Rahul Jadhav,ACCUSED,1,0,2023-08-25
INC000622,P000076,Divyesh Shah,SUSPECT,0,0,
INC000622,P000028,Alpesh Thakor,ACCUSED,0,0,
INC000622,P000089,Tushar Parmar,SUSPECT,1,1,2023-08-09
INC000622,P000085,Ibrahim Ansari,ACCUSED,1,1,2024-02-04
INC000622,P001034,Bandana Sen,COMPLAINANT,0,0,
INC000622,P001390,Naresh Srivastava,VICTIM,0,0,
INC000622,P001434,Triloki Singh,WITNESS,0,0,
INC000623,P000868,Satish Maurya,ACCUSED,1,1,2023-11-08
INC000623,P001179,Chhagan Chouhan,COMPLAINANT,0,0,
INC000623,P001038,Charanjit Kang,VICTIM,0,0,
INC000624,P000733,Kalpesh Solanki,SUSPECT,1,1,2025-02-09
INC000624,P000727,Vishal More,ACCUSED,1,0,2025-01-04
INC000624,P001017,Meena Awasthi,COMPLAINANT,0,0,
INC000624,P001464,Sathish Sharma,VICTIM,0,0,
INC000625,P000852,Mallesh Kumar,ACCUSED,1,1,2019-01-23
INC000625,P000875,Yumnam Rabha,ACCUSED,1,1,2018-07-26
INC000625,P000874,Ramulu Nallamothu,ACCUSED,0,0,
INC000625,P001309,Abdul Pathan,COMPLAINANT,0,0,
INC000625,P001013,Sachin Bhosale,VICTIM,0,0,
INC000625,P001258,Subhas Ghosh,WITNESS,0,0,
INC000626,P000441,Tanveer Rahman,ACCUSED,1,1,2024-04-24
INC000626,P000432,Mohammed Pathan,SUSPECT,1,1,2024-02-21
INC000626,P000436,Shahnawaz Mirza,SUSPECT,1,1,2023-12-19
INC000626,P000460,Anil Pandey,ACCUSED,0,0,
INC000626,P001216,Gautam Gayen,COMPLAINANT,0,0,
INC000626,P001020,Mallesh Yadav,VICTIM,0,0,
INC000626,P001077,Chhaya Adhikari,WITNESS,0,0,
INC000627,P000812,Udaiveer Baghel,ACCUSED,0,0,
INC000627,P000844,Gurpreet Toor,ACCUSED,1,1,2025-04-16
INC000627,P000802,Kishan Jat,ACCUSED,1,0,2025-01-22
INC000627,P000809,Sandeep Maurya,SUSPECT,1,0,2025-04-16
INC000627,P000819,Bhanwar Meena,ACCUSED,1,1,2025-04-25
INC000627,P001135,Sudhakar Yadav,COMPLAINANT,0,0,
INC000627,P001239,Yogendra Bhadauria,VICTIM,0,0,
INC000627,P001239,Yogendra Bhadauria,WITNESS,0,0,
INC000628,P000871,Temjen Momin,ACCUSED,1,1,2025-06-13
INC000628,P000846,Mahesh Shukla,SUSPECT,0,0,
INC000628,P001089,Anita Dubey,COMPLAINANT,0,0,
INC000628,P001091,Sandip Mhatre,VICTIM,0,0,
INC000629,P000135,Karni Meena,ACCUSED,1,1,2023-11-07
INC000629,P000171,Mohammed Shaikh,ACCUSED,0,0,
INC000629,P000173,Ibrahim Ahmed,ABSCONDING_ACCUSED,1,0,2023-08-30
INC000629,P000155,Ashfaq Shaikh,ACCUSED,1,1,2023-07-29
INC000629,P000130,Sohan Kumawat,ACCUSED,1,1,2023-09-04
INC000629,P001343,Jagabandhu Sahoo,COMPLAINANT,0,0,
INC000629,P001284,Prashant Mhatre,WITNESS,0,0,
INC000630,P000735,Vipul Parmar,ACCUSED,0,0,
INC000630,P001044,Faizan Ansari,COMPLAINANT,0,0,
INC000630,P001391,Ramkali Prajapati,VICTIM,0,0,
INC000630,P001088,Prabhakar Mudiraj,WITNESS,0,0,
INC000631,P000011,Hitesh Zala,ACCUSED,1,1,2026-05-07
INC000631,P000034,Mohammed Idrisi,ACCUSED,1,0,2026-04-26
INC000631,P000015,Swapnil Bhoir,ACCUSED,1,1,2026-02-21
INC000631,P000001,Anwar Ahmed,ACCUSED,1,0,2026-06-04
INC000631,P000041,Pandurang Bhoir,ACCUSED,1,0,2026-03-09
INC000631,P001132,Pushpa Saini,COMPLAINANT,0,0,
INC000631,P001228,Yasmin Pathan,VICTIM,0,0,
INC000632,P000151,Baljinder Mann,SUSPECT,0,0,
INC000632,P000158,Sarfaraz Siddiqui,SUSPECT,1,0,2025-04-15
INC000632,P000094,Malkiat Grewal,ACCUSED,0,0,
INC000632,P001416,Kannan Pillai,COMPLAINANT,0,0,
INC000632,P001102,Kuldeep Nagar,VICTIM,0,0,
INC000632,P001200,Rajwinder Bains,WITNESS,0,0,
INC000633,P000457,Naseer Malik,SUSPECT,1,1,2026-07-13
INC000633,P000463,Ashim Pal,ACCUSED,0,0,
INC000633,P001188,Nasreen Malik,COMPLAINANT,0,0,
INC000633,P001482,Sujoy Sardar,VICTIM,0,0,
INC000633,P001261,Sabitri Adhikari,WITNESS,0,0,
INC000634,P000278,Ramesh Shukla,ACCUSED,1,1,2024-05-01
INC000634,P000198,Pradip Barman,ACCUSED,1,1,2024-06-20
INC000634,P000217,Vinod Sharma,ABSCONDING_ACCUSED,0,0,
INC000634,P000245,Kartik Adhikari,ABSCONDING_ACCUSED,1,0,2024-05-30
INC000634,P001476,Sandip Patil,COMPLAINANT,0,0,
INC000634,P001488,Manpreet Bains,VICTIM,0,0,
INC000634,P001281,Vidyawati Tiwari,WITNESS,0,0,
INC000635,P000847,Yumnam Marak,ACCUSED,1,1,2026-05-08
INC000635,P000860,Chandra Shekar Choudary,ACCUSED,1,0,2026-07-07
INC000635,P000874,Ramulu Nallamothu,SUSPECT,1,1,2026-07-15
INC000635,P000879,Velu Annadurai,ABSCONDING_ACCUSED,1,1,2026-06-09
INC000635,P001342,Prakash Patil,COMPLAINANT,0,0,
INC000635,P001169,Seema Bhadauria,VICTIM,0,0,
INC000636,P000749,Shyamlal Bhardwaj,ACCUSED,1,1,2026-07-28
INC000636,P000744,Hardik Thakor,SUSPECT,0,0,
INC000636,P000748,Divyesh Desai,ACCUSED,0,0,
INC000636,P001487,Amol Mhatre,COMPLAINANT,0,0,
INC000636,P001046,Shakeel Ahmed,VICTIM,0,0,
INC000636,P001107,Lalrinpuii Ao,WITNESS,0,0,
INC000637,P000665,Pramila Dash,SUSPECT,1,1,2026-10-31
INC000637,P000652,Basanta Sahoo,ACCUSED,1,1,2026-09-29
INC000637,P000651,Yellaiah Kondapalli,ACCUSED,1,1,2026-09-22
INC000637,P000660,Srinivas Kondapalli,ACCUSED,1,0,2026-08-16
INC000637,P001351,Nilesh Trivedi,COMPLAINANT,0,0,
INC000637,P001264,Karni Rathore,VICTIM,0,0,
INC000637,P001431,Chandra Shekar Reddy,WITNESS,0,0,
INC000638,P000998,Kalpesh Prajapati,ABSCONDING_ACCUSED,0,0,
INC000638,P000979,Zubair Khan,ACCUSED,1,0,2023-05-27
INC000638,P001356,Chandru Bellad,COMPLAINANT,0,0,
INC000638,P001034,Bandana Sen,VICTIM,0,0,
INC000638,P001121,Archana Bhardwaj,WITNESS,0,0,
INC000639,P000545,Abdul Alam,ACCUSED,0,0,
INC000639,P000523,Triloki Shukla,ACCUSED,1,0,2020-08-26
INC000639,P000520,Simranjit Bains,ACCUSED,1,0,2020-12-07
INC000639,P000546,Om Prakash Rathore,ACCUSED,1,1,2020-08-29
INC000639,P000548,Anil Prajapati,ABSCONDING_ACCUSED,0,0,
INC000639,P001437,Prabhakar Naidu,COMPLAINANT,0,0,
INC000639,P001212,Malkiat Bajwa,VICTIM,0,0,
INC000639,P001251,Reshma Farooqui,WITNESS,0,0,
INC000640,P000882,Lekhraj Baghel,ACCUSED,1,1,2024-11-13
INC000640,P001143,Suresh Srivastava,COMPLAINANT,0,0,
INC000640,P001016,Preeti Rathore,VICTIM,0,0,
INC000641,P000249,Firoz Sheikh,ACCUSED,0,0,
INC000641,P000244,Altaf Baig,ACCUSED,0,0,
INC000641,P000212,Mousumi Sen,ACCUSED,1,1,2022-12-16
INC000641,P001408,Udaiveer Dixit,COMPLAINANT,0,0,
INC000641,P001258,Subhas Ghosh,VICTIM,0,0,
INC000642,P000627,Amutha Rajendran,SUSPECT,0,0,
INC000642,P000618,Basanta Behera,SUSPECT,1,1,2024-10-04
INC000642,P000635,Manikandan Annadurai,ACCUSED,1,1,2024-04-17
INC000642,P001317,Rafiq Khan,COMPLAINANT,0,0,
INC000642,P001177,Thangaraj Mudaliar,VICTIM,0,0,
INC000642,P001456,Hanumanthappa Kamath,WITNESS,0,0,
INC000643,P000376,Hanumanthappa Acharya,ACCUSED,1,1,2023-11-12
INC000643,P000392,Palanisamy Raja,ACCUSED,0,0,
INC000643,P000379,Saravanan Naicker,SUSPECT,1,1,2024-01-10
INC000643,P000402,Sanjay Dubey,ACCUSED,0,0,
INC000643,P001475,Bandana Biswas,COMPLAINANT,0,0,
INC000643,P001468,Arun Prajapati,VICTIM,0,0,
INC000643,P001072,Manjit Sekhon,WITNESS,0,0,
INC000644,P000488,Aslam Ahmed,ACCUSED,1,0,2022-11-22
INC000644,P000510,Nazia Saifi,SUSPECT,1,1,2023-03-29
INC000644,P001177,Thangaraj Mudaliar,COMPLAINANT,0,0,
INC000644,P001475,Bandana Biswas,VICTIM,0,0,
INC000644,P001158,Saroja Kumar,WITNESS,0,0,
INC000645,P000447,Javed Malik,ABSCONDING_ACCUSED,1,1,2023-01-12
INC000645,P001046,Shakeel Ahmed,COMPLAINANT,0,0,
INC000645,P001441,Javed Shaikh,VICTIM,0,0,
INC000645,P001481,Vaishnavi Gaikwad,WITNESS,0,0,
INC000646,P000918,Deepak Awasthi,ACCUSED,1,1,2024-11-23
INC000646,P000893,Imran Qureshi,SUSPECT,0,0,
INC000646,P000926,Mariappan Annadurai,SUSPECT,0,0,
INC000646,P001328,Sanoop Joseph,COMPLAINANT,0,0,
INC000646,P001363,Peter Menezes,VICTIM,0,0,
INC000647,P000893,Imran Qureshi,ACCUSED,1,0,2021-02-02
INC000647,P000925,Sachin Naik,ACCUSED,0,0,
INC000647,P000969,Aslam Ansari,SUSPECT,0,0,
INC000647,P000996,Udaiveer Thakur,ACCUSED,0,0,
INC000647,P001260,Madhuri Salunkhe,COMPLAINANT,0,0,
INC000647,P001457,Nepal Biswas,VICTIM,0,0,
INC000647,P001280,Rubina Zaidi,WITNESS,0,0,
INC000648,P000158,Sarfaraz Siddiqui,SUSPECT,1,1,2021-11-07
INC000648,P000156,Paramjit Gill,ACCUSED,1,0,2022-04-10
INC000648,P000123,Bhoma Poonia,ACCUSED,1,0,2022-05-14
INC000648,P001371,Kavita Prajapati,COMPLAINANT,0,0,
INC000648,P001043,Mallesh Choudary,VICTIM,0,0,
INC000648,P001017,Meena Awasthi,WITNESS,0,0,
INC000649,P000385,Ilango Palanivel,ACCUSED,1,1,2026-10-23
INC000649,P000408,Manjunath Gowda,ACCUSED,1,1,2026-06-03
INC000649,P001163,Hariom Chauhan,COMPLAINANT,0,0,
INC000649,P001335,Manoj Srivastava,VICTIM,0,0,
INC000649,P001105,Gurpreet Dhaliwal,WITNESS,0,0,
INC000650,P000136,Amarjit Grewal,SUSPECT,0,0,
INC000650,P000134,Tanveer Sheikh,ACCUSED,1,1,2020-01-24
INC000650,P001138,Rajwinder Mann,COMPLAINANT,0,0,
INC000651,P000796,Abdul Malik,ACCUSED,1,1,2025-12-25
INC000651,P000783,Firoz Siddiqui,ACCUSED,0,0,
INC000651,P000791,Sarfaraz Saifi,SUSPECT,0,0,
INC000651,P000772,Abdul Chaudhary,ACCUSED,1,0,2025-10-19
INC000651,P000784,Ashfaq Sheikh,ACCUSED,1,1,2025-10-18
INC000651,P000770,Pradeep Bhardwaj,ACCUSED,1,1,2026-04-11
INC000651,P000800,Haroon Mansuri,ACCUSED,0,0,
INC000651,P001408,Udaiveer Dixit,COMPLAINANT,0,0,
INC000651,P001206,Mukesh Thakur,VICTIM,0,0,
INC000652,P000240,Javed Ansari,ACCUSED,0,0,
INC000652,P001373,Alpesh Barot,COMPLAINANT,0,0,
INC000652,P001006,Kavya Raju,VICTIM,0,0,
INC000653,P000759,Devendra Chauhan,ACCUSED,0,0,
INC000653,P000743,Har Prasad Sharma,ACCUSED,0,0,
INC000653,P000749,Shyamlal Bhardwaj,ACCUSED,0,0,
INC000653,P000758,Ibrahim Shaikh,SUSPECT,1,1,2024-05-31
INC000653,P000730,Arif Mansuri,ABSCONDING_ACCUSED,0,0,
INC000653,P001317,Rafiq Khan,COMPLAINANT,0,0,
INC000653,P001107,Lalrinpuii Ao,VICTIM,0,0,
INC000653,P001107,Lalrinpuii Ao,WITNESS,0,0,
INC000654,P000425,Nirmal Chakraborty,ACCUSED,1,1,2025-10-31
INC000654,P000462,Kuldeep Pandey,SUSPECT,1,1,2025-11-21
INC000654,P001203,Nirmal Das,COMPLAINANT,0,0,
INC000654,P001363,Peter Menezes,VICTIM,0,0,
INC000654,P001292,Rachna Mishra,WITNESS,0,0,
INC000655,P000872,Bikram Jamir,ACCUSED,1,1,2024-12-25
INC000655,P000878,Srinivas Bandari,SUSPECT,0,0,
INC000655,P001052,Bheru Vyas,COMPLAINANT,0,0,
INC000655,P001461,Chandra Shekar Choudary,VICTIM,0,0,
INC000656,P000548,Anil Prajapati,ACCUSED,0,0,
INC000656,P001238,Nazia Malik,COMPLAINANT,0,0,
INC000656,P001132,Pushpa Saini,VICTIM,0,0,
INC000656,P001390,Naresh Srivastava,WITNESS,0,0,
INC000657,P000854,Bikram Devi,ACCUSED,1,0,2026-08-18
INC000657,P000871,Temjen Momin,ACCUSED,0,0,
INC000657,P001058,Ravichandran Pillai,COMPLAINANT,0,0,
INC000657,P001129,Aruna Prasad,VICTIM,0,0,
INC000657,P001483,Udaiveer Sengar,WITNESS,0,0,
INC000658,P000964,Kiran Waghmare,ACCUSED,1,1,2025-03-11
INC000658,P000977,Rahul More,ACCUSED,0,0,
INC000658,P000998,Kalpesh Prajapati,ACCUSED,1,1,2025-01-13
INC000658,P001083,Kavita Baghel,COMPLAINANT,0,0,
INC000658,P001376,Gurpreet Kang,VICTIM,0,0,
INC000659,P000850,Nagaraju Nallamothu,SUSPECT,0,0,
INC000659,P000868,Satish Maurya,ACCUSED,0,0,
INC000659,P000864,Rambabu Goud,SUSPECT,1,1,2021-12-26
INC000659,P000870,Mariappan Pandian,SUSPECT,0,0,
INC000659,P001052,Bheru Vyas,COMPLAINANT,0,0,
INC000659,P001107,Lalrinpuii Ao,VICTIM,0,0,
INC000660,P000311,Naresh Nagar,ABSCONDING_ACCUSED,1,1,2024-06-25
INC000660,P000298,Baiju Marar,ACCUSED,0,0,
INC000660,P000355,Randhir Sharma,ABSCONDING_ACCUSED,1,1,2024-05-19
INC000660,P000337,Kalpesh Vaghela,ACCUSED,1,0,2024-03-30
INC000660,P001458,Sanjib Sarkar,COMPLAINANT,0,0,
INC000660,P001423,Vidyawati Verma,VICTIM,0,0,
INC000660,P001034,Bandana Sen,WITNESS,0,0,
INC000661,P000913,Sandip Bhoir,SUSPECT,1,1,2026-06-22
INC000661,P001048,Prabhakar Mudiraj,COMPLAINANT,0,0,
INC000661,P001250,Yogendra Shukla,WITNESS,0,0,
INC000662,P000702,Basanta Jena,ACCUSED,0,0,
INC000662,P000701,Pradip Naskar,ABSCONDING_ACCUSED,1,1,2022-01-22
INC000662,P000679,Bandana Sardar,ACCUSED,1,1,2021-08-18
INC000662,P000707,Akshaya Sahoo,ABSCONDING_ACCUSED,1,1,2022-02-23
INC000662,P001120,Basanta Jena,COMPLAINANT,0,0,
INC000662,P001090,Rekha Awasthi,VICTIM,0,0,
INC000663,P000583,Arindam Biswas,ACCUSED,0,0,
INC000663,P000598,Tanveer Siddiqui,SUSPECT,0,0,
INC000663,P001154,Nagaraju Bandari,COMPLAINANT,0,0,
INC000663,P001486,Netrapal Bhardwaj,VICTIM,0,0,
INC000664,P000148,Bhanwar Saini,ACCUSED,1,0,2026-01-01
INC000664,P000120,Harbhajan Sekhon,ABSCONDING_ACCUSED,1,1,2026-03-09
INC000664,P000152,Bhoma Poonia,ACCUSED,1,0,2025-12-23
INC000664,P000173,Ibrahim Ahmed,SUSPECT,1,1,2026-04-27
INC000664,P001030,Aruna Mudiraj,COMPLAINANT,0,0,
INC000664,P001099,Yusuf Khan,VICTIM,0,0,
INC000664,P001031,Mallesh Kumar,WITNESS,0,0,
INC000665,P000725,Altaf Khan,ACCUSED,1,1,2022-07-07
INC000665,P000728,Netrapal Saini,ABSCONDING_ACCUSED,0,0,
INC000665,P000753,Chandrabhan Shukla,ABSCONDING_ACCUSED,0,0,
INC000665,P000751,Devendra Maurya,ACCUSED,0,0,
INC000665,P001368,Kuni Mohanty,COMPLAINANT,0,0,
INC000665,P001156,Vetrivel Naicker,VICTIM,0,0,
INC000666,P000263,Palash Sen,SUSPECT,0,0,
INC000666,P000193,Nirmal Barman,ACCUSED,0,0,
INC000666,P000215,Udaiveer Yadav,SUSPECT,0,0,
INC000666,P000187,Naresh Jaiswal,ACCUSED,0,0,
INC000666,P001004,Manjunath Bhat,COMPLAINANT,0,0,
INC000666,P001052,Bheru Vyas,VICTIM,0,0,
INC000667,P000895,Palash Ghosh,ACCUSED,1,1,2025-09-23
INC000667,P000938,Shanti Tomar,ACCUSED,1,0,2025-04-14
INC000667,P000989,Basanta Patra,ABSCONDING_ACCUSED,1,1,2025-08-16
INC000667,P001413,Nilesh Deshmukh,COMPLAINANT,0,0,
INC000667,P001090,Rekha Awasthi,VICTIM,0,0,
INC000667,P001384,Palash Bose,WITNESS,0,0,
INC000668,P000315,Paresh Vaghela,ACCUSED,1,1,2026-04-30
INC000668,P000319,Sarfaraz Baig,SUSPECT,1,1,2026-01-30
INC000668,P001133,Madan Charan,COMPLAINANT,0,0,
INC000668,P001372,Dhanapal Chettiar,VICTIM,0,0,
INC000669,P000756,Shakeel Malik,ACCUSED,0,0,
INC000669,P001085,Alpesh Chauhan,COMPLAINANT,0,0,
INC000669,P001496,Poonam Pandey,VICTIM,0,0,
INC000670,P000167,Sukhwinder Dhillon,ACCUSED,0,0,
INC000670,P000133,Gurmeet Bajwa,SUSPECT,0,0,
INC000670,P000150,Sarfaraz Mansuri,ACCUSED,1,0,2023-04-12
INC000670,P001326,Nirmala Rajput,COMPLAINANT,0,0,
INC000670,P001473,Shabana Qureshi,VICTIM,0,0,
INC000670,P001289,Ranveer Gurjar,WITNESS,0,0,
INC000671,P000682,Rupa Das,ACCUSED,0,0,
INC000671,P000709,Akshaya Sahoo,ACCUSED,0,0,
INC000671,P000685,Balbir Mishra,ACCUSED,1,0,2023-05-17
INC000671,P000676,Kartik Sardar,ABSCONDING_ACCUSED,1,1,2023-09-02
INC000671,P000701,Pradip Naskar,SUSPECT,1,0,2023-07-27
INC000671,P000712,Basanta Panda,ACCUSED,0,0,
INC000671,P000684,Sunil Verma,SUSPECT,0,0,
INC000671,P001061,Manisha More,COMPLAINANT,0,0,
INC000671,P001236,Gopal Chakraborty,VICTIM,0,0,
INC000671,P001405,Nagesh Angadi,WITNESS,0,0,
INC000672,P000853,Rajesh Jaiswal,SUSPECT,0,0,
INC000672,P000855,Alemba Momin,ACCUSED,1,1,2021-12-12
INC000672,P001029,Arindam Sen,COMPLAINANT,0,0,
INC000672,P001153,Kanta Gurjar,VICTIM,0,0,
INC000673,P000998,Kalpesh Prajapati,ACCUSED,0,0,
INC000673,P000928,Vijay Sengar,ACCUSED,0,0,
INC000673,P000944,Siddaraju Patil,ACCUSED,1,1,2024-04-23
INC000673,P001429,Arindam Majumdar,COMPLAINANT,0,0,
INC000673,P001431,Chandra Shekar Reddy,VICTIM,0,0,
INC000674,P000439,Gopal Biswas,SUSPECT,1,1,2019-09-27
INC000674,P000457,Naseer Malik,ACCUSED,1,0,2019-10-19
INC000674,P000466,Har Prasad Pandey,ACCUSED,0,0,
INC000674,P000442,Swapan Gayen,ABSCONDING_ACCUSED,0,0,
INC000674,P001235,Deepa Jacob,COMPLAINANT,0,0,
INC000674,P001119,Anwar Rahman,VICTIM,0,0,
INC000674,P001370,Chandrakala Bhat,WITNESS,0,0,
INC000675,P000445,Kartik Das,SUSPECT,1,1,2024-12-19
INC000675,P000436,Shahnawaz Mirza,SUSPECT,1,0,2024-10-02
INC000675,P000419,Palash Mistry,ACCUSED,1,1,2024-09-23
INC000675,P000446,Udaiveer Gupta,ABSCONDING_ACCUSED,0,0,
INC000675,P001276,Arif Pathan,COMPLAINANT,0,0,
INC000675,P001112,Anita Tiwari,VICTIM,0,0,
INC000676,P000402,Sanjay Dubey,ACCUSED,0,0,
INC000676,P001080,Sukumar Pal,COMPLAINANT,0,0,
INC000676,P001284,Prashant Mhatre,VICTIM,0,0,
INC000677,P000488,Aslam Ahmed,ACCUSED,1,0,2025-01-12
INC000677,P001129,Aruna Prasad,COMPLAINANT,0,0,
INC000677,P001412,Savita Saini,VICTIM,0,0,
INC000678,P000802,Kishan Jat,SUSPECT,0,0,
INC000678,P000830,Harpreet Sandhu,ACCUSED,0,0,
INC000678,P000843,Ranveer Kumawat,SUSPECT,1,1,2023-05-08
INC000678,P001037,Sindhu Namboothiri,COMPLAINANT,0,0,
INC000678,P001176,Amutha Pandian,VICTIM,0,0,
INC000678,P001342,Prakash Patil,WITNESS,0,0,
INC000679,P000426,Ibrahim Mirza,ACCUSED,1,0,2024-11-08
INC000679,P000446,Udaiveer Gupta,SUSPECT,1,1,2024-10-21
INC000679,P000443,Salim Zaidi,SUSPECT,0,0,
INC000679,P000423,Sikha Halder,ACCUSED,1,0,2024-09-05
INC000679,P001359,Sarita Gupta,COMPLAINANT,0,0,
INC000679,P001286,Poonam Kushwaha,VICTIM,0,0,
INC000680,P000940,Mitesh Solanki,ACCUSED,1,1,2026-04-05
INC000680,P000987,Karni Gurjar,SUSPECT,1,1,2026-01-07
INC000680,P000999,Satish Rathore,SUSPECT,1,0,2025-11-22
INC000680,P001486,Netrapal Bhardwaj,COMPLAINANT,0,0,
INC000680,P001252,Prakash Nagar,VICTIM,0,0,
INC000681,P000405,Om Prakash Chauhan,ABSCONDING_ACCUSED,1,0,2024-02-10
INC000681,P000383,Balbir Yadav,ABSCONDING_ACCUSED,1,1,2023-09-24
INC000681,P001212,Malkiat Bajwa,COMPLAINANT,0,0,
INC000681,P001169,Seema Bhadauria,VICTIM,0,0,
INC000682,P000852,Mallesh Kumar,SUSPECT,1,0,2021-02-19
INC000682,P000868,Satish Maurya,ACCUSED,1,1,2020-12-13
INC000682,P000876,Krishnaiah Goud,SUSPECT,0,0,
INC000682,P001241,Gautam Naskar,COMPLAINANT,0,0,
INC000682,P001355,Ajay Kashyap,VICTIM,0,0,
INC000683,P000956,Bhaskar Kadam,SUSPECT,1,1,2021-01-03
INC000683,P000958,Bhupendra Srivastava,ACCUSED,1,0,2020-08-13
INC000683,P001318,Paresh Solanki,COMPLAINANT,0,0,
INC000683,P001137,Poongodi Annadurai,VICTIM,0,0,
INC000683,P001056,Sunil Jaiswal,WITNESS,0,0,
INC000684,P000878,Srinivas Bandari,ACCUSED,1,1,2022-08-24
INC000684,P001270,Meena Jaiswal,COMPLAINANT,0,0,
INC000684,P001438,Mallesh Rao,VICTIM,0,0,
INC000684,P001039,Sanjay Kushwaha,WITNESS,0,0,
INC000685,P000292,Wasim Mansuri,ACCUSED,0,0,
INC000685,P000295,Imran Saifi,ABSCONDING_ACCUSED,0,0,
INC000685,P001122,Nazia Ahmed,COMPLAINANT,0,0,
INC000685,P001059,Salim Qureshi,VICTIM,0,0,
INC000686,P000937,Vipul Rabari,ACCUSED,0,0,
INC000686,P000967,Jagmal Saini,ACCUSED,1,1,2026-11-08
INC000686,P000909,Balwinder Sidhu,ACCUSED,0,0,
INC000686,P001078,Pramila Munda,COMPLAINANT,0,0,
INC000687,P000391,Mallikarjun Desai,ABSCONDING_ACCUSED,1,0,2026-09-11
INC000687,P000364,Jitendra Prajapati,ACCUSED,0,0,
INC000687,P001014,Sanjay Bhadauria,COMPLAINANT,0,0,
INC000687,P001405,Nagesh Angadi,VICTIM,0,0,
INC000687,P001004,Manjunath Bhat,WITNESS,0,0,
INC000688,P000673,Vijay Dubey,ACCUSED,0,0,
INC000688,P000701,Pradip Naskar,SUSPECT,1,1,2025-03-30
INC000688,P000677,Bhagaban Dash,ACCUSED,1,1,2024-11-10
INC000688,P000689,Jagdish Verma,ABSCONDING_ACCUSED,1,1,2024-11-12
INC000688,P000703,Mahesh Saini,ABSCONDING_ACCUSED,0,0,
INC000688,P000672,Sasmita Mallick,ACCUSED,1,0,2025-04-09
INC000688,P000706,Balbir Baghel,ACCUSED,1,0,2025-01-28
INC000688,P001382,Kavita Baghel,COMPLAINANT,0,0,
INC000688,P001025,Ramulu Reddy,VICTIM,0,0,
INC000689,P000953,Bibhuti Behera,ACCUSED,1,1,2026-04-08
INC000689,P000927,Mangesh Salunkhe,ACCUSED,1,1,2026-06-07
INC000689,P000955,Balaraju Nallamothu,ACCUSED,1,1,2026-03-11
INC000689,P000916,Anil Gupta,SUSPECT,1,0,2026-03-18
INC000689,P001299,Afsana Saifi,COMPLAINANT,0,0,
INC000689,P001270,Meena Jaiswal,VICTIM,0,0,
INC000690,P000972,Prakash Rai,ABSCONDING_ACCUSED,1,0,2025-02-07
INC000690,P000919,Sreenivasan Achari,ACCUSED,0,0,
INC000690,P001455,Kesar Jhala,COMPLAINANT,0,0,
INC000690,P001116,Padma Reddy,VICTIM,0,0,
INC000691,P000934,Bikash Mistry,ACCUSED,0,0,
INC000691,P000974,Netrapal Tiwari,SUSPECT,1,0,2025-02-02
INC000691,P001105,Gurpreet Dhaliwal,COMPLAINANT,0,0,
INC000691,P001234,Kuldeep Awasthi,WITNESS,0,0,
INC000692,P000703,Mahesh Saini,SUSPECT,1,0,2023-05-03
INC000692,P000685,Balbir Mishra,SUSPECT,0,0,
INC000692,P000699,Prasanna Jena,ABSCONDING_ACCUSED,1,1,2023-08-31
INC000692,P001132,Pushpa Saini,COMPLAINANT,0,0,
INC000692,P001443,Srinivas Varma,VICTIM,0,0,
INC000693,P000548,Anil Prajapati,ACCUSED,1,1,2021-10-19
INC000693,P000560,Devendra Bhardwaj,ACCUSED,1,0,2021-06-07
INC000693,P001216,Gautam Gayen,COMPLAINANT,0,0,
INC000693,P001376,Gurpreet Kang,VICTIM,0,0,
INC000694,P000958,Bhupendra Srivastava,ACCUSED,1,1,2023-11-17
INC000694,P001433,Reshma Idrisi,COMPLAINANT,0,0,
INC000694,P001285,Farida Qureshi,VICTIM,0,0,
INC000694,P001317,Rafiq Khan,WITNESS,0,0,
INC000695,P000446,Udaiveer Gupta,ACCUSED,0,0,
INC000695,P000442,Swapan Gayen,ACCUSED,0,0,
INC000695,P000456,Manju Prajapati,ACCUSED,0,0,
INC000695,P000452,Mushtaq Baig,ACCUSED,1,0,2026-07-10
INC000695,P001268,Deepa Warrier,COMPLAINANT,0,0,
INC000695,P001042,Yusuf Shaikh,VICTIM,0,0,
INC000695,P001126,Baljinder Brar,WITNESS,0,0,
INC000696,P000670,Bhagaban Sahoo,ACCUSED,1,1,2026-03-20
INC000696,P000709,Akshaya Sahoo,ACCUSED,0,0,
INC000696,P000699,Prasanna Jena,SUSPECT,1,1,2026-03-18
INC000696,P001481,Vaishnavi Gaikwad,COMPLAINANT,0,0,
INC000696,P001428,Sheryl Pereira,VICTIM,0,0,
INC000696,P001177,Thangaraj Mudaliar,WITNESS,0,0,
INC000697,P000083,Mitesh Joshi,ABSCONDING_ACCUSED,1,0,2020-07-27
INC000697,P000091,Shahnawaz Hussain,SUSPECT,0,0,
INC000697,P001402,Falguni Bhatt,COMPLAINANT,0,0,
INC000697,P001421,Sukumar Pal,VICTIM,0,0,
INC000698,P000709,Akshaya Sahoo,ACCUSED,0,0,
INC000698,P001097,Nasreen Shaikh,COMPLAINANT,0,0,
INC000698,P001062,Ranjit Kang,VICTIM,0,0,
INC000699,P000955,Balaraju Nallamothu,ACCUSED,1,1,2024-07-05
INC000699,P000950,Nirmal Sardar,ACCUSED,0,0,
INC000699,P000895,Palash Ghosh,ABSCONDING_ACCUSED,1,1,2024-11-16
INC000699,P000883,Ravi Poojary,ACCUSED,1,1,2024-11-09
INC000699,P001009,Balbir Prajapati,COMPLAINANT,0,0,
INC000699,P001195,Malathi Annadurai,VICTIM,0,0,
INC000699,P001455,Kesar Jhala,WITNESS,0,0,
INC000700,P000309,Jignesh Thakor,ACCUSED,1,1,2022-03-09
INC000700,P000292,Wasim Mansuri,ACCUSED,0,0,
INC000700,P000301,Jayan Joseph,SUSPECT,1,1,2021-12-29
INC000700,P000294,Sarfaraz Pathan,ACCUSED,1,1,2021-10-10
INC000700,P000312,Anoop Kurup,ACCUSED,1,1,2021-12-27
INC000700,P000343,Hardik Zala,ACCUSED,1,1,2022-03-20
INC000700,P000355,Randhir Sharma,SUSPECT,1,1,2022-02-15
INC000700,P001349,Jaswant Sarao,COMPLAINANT,0,0,
INC000700,P001137,Poongodi Annadurai,VICTIM,0,0,
INC000700,P001129,Aruna Prasad,WITNESS,0,0,
INC000701,P000939,Chandru Shetty,ACCUSED,1,1,2024-08-07
INC000701,P000914,Shivanna Angadi,SUSPECT,1,1,2024-05-31
INC000701,P000888,Balwinder Dhaliwal,ACCUSED,0,0,
INC000701,P000916,Anil Gupta,ACCUSED,1,1,2024-04-30
INC000701,P001328,Sanoop Joseph,COMPLAINANT,0,0,
INC000701,P001454,Chitra Kurup,VICTIM,0,0,
INC000702,P000925,Sachin Naik,ABSCONDING_ACCUSED,1,1,2026-05-10
INC000702,P000934,Bikash Mistry,ACCUSED,1,1,2025-12-24
INC000702,P000983,Rodney Fernandes,ACCUSED,1,1,2026-04-29
INC000702,P000937,Vipul Rabari,ACCUSED,1,1,2026-02-20
INC000702,P000998,Kalpesh Prajapati,ABSCONDING_ACCUSED,1,0,2026-01-24
INC000702,P000970,Ashfaq Saifi,ACCUSED,1,1,2026-01-03
INC000702,P000974,Netrapal Tiwari,ACCUSED,0,0,
INC000702,P001350,Arindam Adhikari,COMPLAINANT,0,0,
INC000702,P001093,Farida Siddiqui,VICTIM,0,0,
INC000702,P001405,Nagesh Angadi,WITNESS,0,0,
INC000703,P000164,Gurmeet Aulakh,ACCUSED,1,0,2026-01-05
INC000703,P000101,Ratan Saini,ABSCONDING_ACCUSED,1,0,2025-09-08
INC000703,P000096,Navneet Bajwa,ACCUSED,1,1,2025-09-14
INC000703,P000112,Rafiq Ansari,SUSPECT,1,1,2025-11-11
INC000703,P001480,Ibrahim Ahmed,COMPLAINANT,0,0,
INC000703,P001108,Nirmala Maurya,VICTIM,0,0,
INC000704,P000277,Rupa Naskar,SUSPECT,1,0,2025-12-22
INC000704,P000192,Faizan Malik,ACCUSED,0,0,
INC000704,P000246,Sunil Sharma,ABSCONDING_ACCUSED,1,1,2025-10-09
INC000704,P001481,Vaishnavi Gaikwad,COMPLAINANT,0,0,
INC000704,P001245,Nirmal Sidhu,VICTIM,0,0,
INC000704,P001450,Chitra Chettiar,WITNESS,0,0,
INC000705,P000476,Imran Rahman,ACCUSED,1,1,2022-05-29
INC000705,P000489,Jitendra Mishra,ACCUSED,1,0,2022-04-28
INC000705,P001066,Shibu Thomas,COMPLAINANT,0,0,
INC000705,P001162,Anitha Achari,VICTIM,0,0,
INC000706,P000875,Yumnam Rabha,ACCUSED,0,0,
INC000706,P000866,Chinnadurai Annadurai,ACCUSED,1,0,2026-12-16
INC000706,P001194,Arif Saifi,COMPLAINANT,0,0,
INC000706,P001153,Kanta Gurjar,VICTIM,0,0,
INC000707,P000097,Manpreet Sekhon,ACCUSED,1,1,2026-05-16
INC000707,P000103,Hanuman Beniwal,ACCUSED,0,0,
INC000707,P000144,Yusuf Baig,ABSCONDING_ACCUSED,1,1,2026-05-05
INC000707,P001032,Sanjay Tiwari,COMPLAINANT,0,0,
INC000707,P001439,Shabana Farooqui,WITNESS,0,0,
INC000708,P000616,Sudarshan Mallick,ABSCONDING_ACCUSED,0,0,
INC000708,P000625,Perumal Sundaram,ACCUSED,0,0,
INC000708,P001393,Swaroopa Vemula,COMPLAINANT,0,0,
INC000708,P001007,Naseer Saifi,VICTIM,0,0,
INC000708,P001041,Hansa Parmar,WITNESS,0,0,
INC000709,P000508,Rizwan Ahmed,ACCUSED,1,0,2025-10-02
INC000709,P000490,Ashok Verma,ACCUSED,0,0,
INC000709,P001380,Aslam Sheikh,COMPLAINANT,0,0,
INC000709,P001356,Chandru Bellad,VICTIM,0,0,
INC000710,P000989,Basanta Patra,ACCUSED,1,0,2024-01-24
INC000710,P000911,Pradeep Maurya,ACCUSED,1,1,2024-06-08
INC000710,P000885,Nepal Halder,ACCUSED,1,1,2024-07-06
INC000710,P000948,Xavier Almeida,ACCUSED,0,0,
INC000710,P001086,Rajni Jaiswal,COMPLAINANT,0,0,
INC000710,P001101,Shanti Shukla,VICTIM,0,0,
INC000711,P000102,Abdul Shaikh,SUSPECT,0,0,
INC000711,P000149,Satnam Sandhu,ACCUSED,0,0,
INC000711,P001452,Preeti Tomar,COMPLAINANT,0,0,
INC000711,P001319,Nilesh Kadam,VICTIM,0,0,
INC000711,P001361,Suman Bhati,WITNESS,0,0,
INC000712,P000956,Bhaskar Kadam,ACCUSED,0,0,
INC000712,P001285,Farida Qureshi,COMPLAINANT,0,0,
INC000712,P001092,Dhanapal Sundaram,VICTIM,0,0,
INC000712,P001469,Sandeep Mishra,WITNESS,0,0,
INC000713,P000948,Xavier Almeida,ABSCONDING_ACCUSED,1,1,2025-02-11
INC000713,P000895,Palash Ghosh,ACCUSED,1,1,2025-04-05
INC000713,P000881,Rajitha Naidu,ACCUSED,1,1,2025-03-27
INC000713,P001120,Basanta Jena,COMPLAINANT,0,0,
INC000713,P001028,Arun Baghel,VICTIM,0,0,
INC000713,P001219,Arun Rajput,WITNESS,0,0,
INC000714,P000769,Shakeel Siddiqui,ACCUSED,1,0,2025-08-13
INC000714,P001133,Madan Charan,COMPLAINANT,0,0,
INC000714,P001019,Rubina Pathan,VICTIM,0,0,
INC000715,P000449,Sanjib Bhattacharya,ACCUSED,1,1,2022-01-18
INC000715,P000470,Girdhari Shukla,ACCUSED,1,1,2022-06-22
INC000715,P000418,Gopal Naskar,ACCUSED,0,0,
INC000715,P000452,Mushtaq Baig,ACCUSED,0,0,
INC000715,P001022,Kuldeep Kashyap,COMPLAINANT,0,0,
INC000715,P001469,Sandeep Mishra,VICTIM,0,0,
INC000716,P000130,Sohan Kumawat,ACCUSED,1,1,2023-09-20
INC000716,P000167,Sukhwinder Dhillon,ACCUSED,1,0,2023-05-25
INC000716,P000146,Paramjit Sarao,ACCUSED,1,1,2023-06-01
INC000716,P001485,Farida Sheikh,COMPLAINANT,0,0,
INC000716,P001208,Hanumanthappa Hegde,WITNESS,0,0,
INC000717,P000673,Vijay Dubey,ABSCONDING_ACCUSED,1,0,2024-10-05
INC000717,P000696,Jagabandhu Sahoo,SUSPECT,1,1,2024-09-28
INC000717,P000703,Mahesh Saini,ABSCONDING_ACCUSED,1,1,2024-12-01
INC000717,P001324,Wasim Ahmed,COMPLAINANT,0,0,
INC000717,P001484,Sukhdev Dhillon,VICTIM,0,0,
INC000718,P000098,Haroon Rahman,ABSCONDING_ACCUSED,1,1,2026-11-30
INC000718,P000116,Kishan Godara,ACCUSED,1,0,2026-06-18
INC000718,P001040,Girish Kamath,COMPLAINANT,0,0,
INC000718,P001363,Peter Menezes,VICTIM,0,0,
INC000718,P001012,Harjinder Gill,WITNESS,0,0,
INC000719,P000873,Bikram Basumatary,ACCUSED,1,0,2019-09-22
INC000719,P000863,Lalthanga Momin,SUSPECT,1,1,2020-03-22
INC000719,P000867,Lekhraj Bhardwaj,ABSCONDING_ACCUSED,1,0,2019-10-19
INC000719,P000847,Yumnam Marak,ABSCONDING_ACCUSED,1,0,2019-10-19
INC000719,P001392,Kamla Thakur,COMPLAINANT,0,0,
INC000719,P001326,Nirmala Rajput,VICTIM,0,0,
INC000720,P000962,Divyesh Bhatt,ACCUSED,0,0,
INC000720,P000911,Pradeep Maurya,ACCUSED,0,0,
INC000720,P000886,Rachhpal Grewal,SUSPECT,1,1,2026-06-09
INC000720,P000887,Anoop Kartha,SUSPECT,1,1,2026-02-25
INC000720,P001356,Chandru Bellad,COMPLAINANT,0,0,
INC000720,P001172,Swapan Das,VICTIM,0,0,
INC000721,P000739,Har Prasad Gupta,ACCUSED,0,0,
INC000721,P000717,Hitesh Zala,SUSPECT,0,0,
INC000721,P001197,Bheru Kumawat,COMPLAINANT,0,0,
INC000721,P001365,Sujatha Setty,WITNESS,0,0,
INC000722,P000436,Shahnawaz Mirza,ACCUSED,0,0,
INC000722,P001076,Bikash Naskar,COMPLAINANT,0,0,
INC000722,P001093,Farida Siddiqui,VICTIM,0,0,
INC000723,P000149,Satnam Sandhu,ACCUSED,1,0,2026-01-30
INC000723,P000135,Karni Meena,ACCUSED,1,1,2026-01-27
INC000723,P000132,Jarnail Sidhu,ACCUSED,1,1,2026-06-26
INC000723,P000150,Sarfaraz Mansuri,SUSPECT,0,0,
INC000723,P000124,Rafiq Baig,ACCUSED,1,1,2026-02-26
INC000723,P001086,Rajni Jaiswal,COMPLAINANT,0,0,
INC000723,P001122,Nazia Ahmed,VICTIM,0,0,
INC000723,P001468,Arun Prajapati,WITNESS,0,0,
INC000724,P000557,Haroon Pathan,SUSPECT,1,1,2023-07-02
INC000724,P000539,Sandeep Awasthi,SUSPECT,1,0,2023-06-09
INC000724,P001423,Vidyawati Verma,COMPLAINANT,0,0,
INC000724,P001028,Arun Baghel,VICTIM,0,0,
INC000724,P001422,Sukhdev Kang,WITNESS,0,0,
INC000725,P000782,Sarfaraz Siddiqui,ACCUSED,0,0,
INC000725,P001430,Rajendran Naicker,COMPLAINANT,0,0,
INC000725,P001084,Davinder Kang,VICTIM,0,0,
INC000726,P000552,Manju Yadav,ACCUSED,0,0,
INC000726,P000555,Dinesh Gupta,ABSCONDING_ACCUSED,0,0,
INC000726,P001158,Saroja Kumar,COMPLAINANT,0,0,
INC000726,P001389,Kishan Shekhawat,VICTIM,0,0,
INC000726,P001231,Rambabu Pandey,WITNESS,0,0,
INC000727,P000813,Mukesh Baghel,SUSPECT,0,0,
INC000727,P001492,Basanti Dash,COMPLAINANT,0,0,
INC000727,P001301,Pandurang Kadam,VICTIM,0,0,
INC000727,P001180,Bhanwari Purohit,WITNESS,0,0,
INC000728,P000062,Dattatray Tandel,ACCUSED,1,0,2025-02-21
INC000728,P001128,Mousumi Adhikari,COMPLAINANT,0,0,
INC000728,P001131,Harjinder Bajwa,VICTIM,0,0,
INC000729,P000758,Ibrahim Shaikh,ACCUSED,1,0,2023-05-07
INC000729,P001265,Jitendra Rathore,COMPLAINANT,0,0,
INC000730,P000555,Dinesh Gupta,ACCUSED,0,0,
INC000730,P001471,Sudarshan Swain,COMPLAINANT,0,0,
INC000730,P001181,Shahnaz Khan,VICTIM,0,0,
INC000730,P001284,Prashant Mhatre,WITNESS,0,0,
INC000731,P000677,Bhagaban Dash,SUSPECT,1,1,2026-04-07
INC000731,P000690,Bimal Majumdar,ACCUSED,1,0,2026-05-08
INC000731,P000702,Basanta Jena,ACCUSED,1,1,2026-05-03
INC000731,P001026,Lissy Achari,COMPLAINANT,0,0,
INC000731,P001379,Ajay Chauhan,VICTIM,0,0,
INC000731,P001041,Hansa Parmar,WITNESS,0,0,
INC000732,P000636,Lakshmi Sharma,SUSPECT,0,0,
INC000732,P001100,Revathi Muthusamy,COMPLAINANT,0,0,
INC000733,P000031,Vipul Desai,ACCUSED,0,0,
INC000733,P000079,Rasik Trivedi,ACCUSED,1,1,2024-03-30
INC000733,P000046,Sandip Kamble,ACCUSED,0,0,
INC000733,P000043,Bharat Dave,ACCUSED,1,1,2024-09-07
INC000733,P000065,Shahnawaz Mansuri,ACCUSED,1,0,2024-04-24
INC000733,P001150,Venkatesh Sharma,COMPLAINANT,0,0,
INC000733,P001461,Chandra Shekar Choudary,VICTIM,0,0,
INC000734,P000807,Bikramjit Brar,ACCUSED,1,1,2025-11-18
INC000734,P000841,Paramjit Virk,ABSCONDING_ACCUSED,1,1,2026-03-25
INC000734,P000815,Kuldeep Srivastava,ACCUSED,0,0,
INC000734,P001431,Chandra Shekar Reddy,COMPLAINANT,0,0,
INC000734,P001337,Snehal Shinde,VICTIM,0,0,
INC000735,P000874,Ramulu Nallamothu,ACCUSED,1,1,2024-11-18
INC000735,P000853,Rajesh Jaiswal,ACCUSED,1,0,2025-01-15
INC000735,P001083,Kavita Baghel,COMPLAINANT,0,0,
INC000735,P001001,Trilochan Swain,VICTIM,0,0,
INC000735,P001367,Temjen Basumatary,WITNESS,0,0,
INC000736,P000581,Shahnawaz Ansari,ACCUSED,1,1,2026-03-06
INC000736,P001359,Sarita Gupta,COMPLAINANT,0,0,
INC000736,P001235,Deepa Jacob,VICTIM,0,0,
INC000736,P001148,Kishan Jhala,WITNESS,0,0,
INC000737,P000691,Arun Gupta,ACCUSED,1,0,2024-08-11
INC000737,P001258,Subhas Ghosh,COMPLAINANT,0,0,
INC000737,P001067,Gopal Dutta,VICTIM,0,0,
INC000737,P001418,Dinesh Srivastava,WITNESS,0,0,
INC000738,P000144,Yusuf Baig,ACCUSED,1,1,2020-04-16
INC000738,P000121,Ashfaq Saifi,SUSPECT,1,0,2020-02-17
INC000738,P000105,Mohan Sisodia,ABSCONDING_ACCUSED,1,1,2020-02-21
INC000738,P000137,Paramjit Gill,ACCUSED,0,0,
INC000738,P000114,Gayatri Jat,ACCUSED,0,0,
INC000738,P001179,Chhagan Chouhan,COMPLAINANT,0,0,
INC000738,P001465,Afsana Mirza,VICTIM,0,0,
INC000739,P000964,Kiran Waghmare,ABSCONDING_ACCUSED,1,1,2024-10-25
INC000739,P000961,Rambabu Tomar,ACCUSED,1,1,2024-10-28
INC000739,P000911,Pradeep Maurya,ABSCONDING_ACCUSED,1,1,2024-08-06
INC000739,P000923,Sarfaraz Farooqui,ACCUSED,1,0,2024-05-31
INC000739,P000909,Balwinder Sidhu,ACCUSED,0,0,
INC000739,P001183,Shobha Poojary,COMPLAINANT,0,0,
INC000739,P001022,Kuldeep Kashyap,VICTIM,0,0,
INC000740,P000890,Vishal Bhosale,ACCUSED,0,0,
INC000740,P000948,Xavier Almeida,SUSPECT,0,0,
INC000740,P001149,Savita Awasthi,COMPLAINANT,0,0,
INC000740,P001377,Rekha Prajapati,VICTIM,0,0,
INC000741,P000671,Basanta Jena,ABSCONDING_ACCUSED,0,0,
INC000741,P000667,Pramod Singh,ACCUSED,0,0,
INC000741,P000674,Basanta Pradhan,ACCUSED,1,1,2023-11-09
INC000741,P000685,Balbir Mishra,ABSCONDING_ACCUSED,1,0,2023-06-05
INC000741,P000689,Jagdish Verma,ACCUSED,1,1,2023-10-12
INC000741,P001383,Debashish Halder,COMPLAINANT,0,0,
INC000741,P001234,Kuldeep Awasthi,VICTIM,0,0,
INC000742,P000608,Shailendra Sengar,ACCUSED,0,0,
INC000742,P000589,Ramesh Awasthi,ABSCONDING_ACCUSED,1,1,2022-05-22
INC000742,P001324,Wasim Ahmed,COMPLAINANT,0,0,
INC000742,P001089,Anita Dubey,VICTIM,0,0,
INC000743,P000876,Krishnaiah Goud,ACCUSED,1,0,2025-11-02
INC000743,P001105,Gurpreet Dhaliwal,COMPLAINANT,0,0,
INC000743,P001032,Sanjay Tiwari,VICTIM,0,0,
INC000743,P001264,Karni Rathore,WITNESS,0,0,
INC000744,P000882,Lekhraj Baghel,ACCUSED,1,1,2024-12-24
INC000744,P000916,Anil Gupta,ACCUSED,1,0,2024-11-09
INC000744,P000928,Vijay Sengar,ACCUSED,1,1,2024-12-30
INC000744,P000886,Rachhpal Grewal,ACCUSED,1,1,2024-09-10
INC000744,P000972,Prakash Rai,ABSCONDING_ACCUSED,0,0,
INC000744,P001366,Sasmita Barik,COMPLAINANT,0,0,
INC000744,P001159,Rina Biswas,VICTIM,0,0,
INC000745,P000713,Aarti More,SUSPECT,1,1,2023-02-19
INC000745,P000761,Mahesh Pandey,ACCUSED,0,0,
INC000745,P001162,Anitha Achari,COMPLAINANT,0,0,
INC000745,P001437,Prabhakar Naidu,VICTIM,0,0,
INC000745,P001202,Swapnil Kamble,WITNESS,0,0,
INC000746,P000519,Pramod Jaiswal,SUSPECT,1,1,2024-01-28
INC000746,P001243,Rajni Pandey,COMPLAINANT,0,0,
INC000746,P001269,Hanumanthappa Chikkanna,VICTIM,0,0,
INC000747,P000517,Hariom Sengar,ACCUSED,1,1,2026-04-06
INC000747,P000499,Chandrabhan Pandey,ACCUSED,1,1,2026-05-03
INC000747,P000516,Altaf Pathan,ACCUSED,1,0,2026-05-13
INC000747,P000500,Wasim Rahman,ACCUSED,1,1,2026-04-10
INC000747,P000494,Yogendra Pandey,SUSPECT,1,0,2026-03-26
INC000747,P001479,Jaswant Sandhu,COMPLAINANT,0,0,
INC000747,P001229,Poongodi Muthusamy,VICTIM,0,0,
INC000748,P000174,Ranveer Gurjar,ACCUSED,0,0,
INC000748,P000109,Firoz Chaudhary,SUSPECT,0,0,
INC000748,P000118,Bikramjit Sidhu,ABSCONDING_ACCUSED,1,1,2026-10-31
INC000748,P000095,Satnam Bains,ACCUSED,1,1,2026-10-29
INC000748,P000156,Paramjit Gill,ACCUSED,1,1,2026-10-31
INC000748,P001060,Arivazhagan Mudaliar,COMPLAINANT,0,0,
INC000748,P001014,Sanjay Bhadauria,VICTIM,0,0,
INC000749,P000796,Abdul Malik,ACCUSED,1,0,2026-05-16
INC000749,P000768,Prakash Gupta,ACCUSED,0,0,
INC000749,P000773,Shakuntala Nishad,ABSCONDING_ACCUSED,0,0,
INC000749,P001453,Unnikrishnan Achari,COMPLAINANT,0,0,
INC000749,P001475,Bandana Biswas,VICTIM,0,0,
INC000750,P000987,Karni Gurjar,ACCUSED,1,1,2024-06-30
INC000750,P000891,Hariom Nishad,ACCUSED,1,0,2024-04-17
INC000750,P000893,Imran Qureshi,ABSCONDING_ACCUSED,1,1,2024-02-11
INC000750,P001079,Dinesh Rathore,COMPLAINANT,0,0,
INC000750,P001290,Baljit Toor,VICTIM,0,0,
INC000750,P001076,Bikash Naskar,WITNESS,0,0,
INC000751,P000966,Sarita Tiwari,ACCUSED,1,1,2026-06-30
INC000751,P001498,Selvam Chettiar,COMPLAINANT,0,0,
INC000751,P001230,Lakshmi Mudiraj,VICTIM,0,0,
INC000752,P000463,Ashim Pal,ABSCONDING_ACCUSED,0,0,
INC000752,P001067,Gopal Dutta,COMPLAINANT,0,0,
INC000752,P001434,Triloki Singh,VICTIM,0,0,
INC000752,P001482,Sujoy Sardar,WITNESS,0,0,
INC000753,P000058,Alpesh Shah,SUSPECT,0,0,
INC000753,P000046,Sandip Kamble,ACCUSED,0,0,
INC000753,P000091,Shahnawaz Hussain,SUSPECT,1,1,2022-11-02
INC000753,P001172,Swapan Das,COMPLAINANT,0,0,
INC000753,P001417,Bhagaban Mohanty,VICTIM,0,0,
INC000753,P001216,Gautam Gayen,WITNESS,0,0,
INC000754,P000689,Jagdish Verma,SUSPECT,0,0,
INC000754,P001347,Sanoop Kartha,COMPLAINANT,0,0,
INC000754,P001126,Baljinder Brar,VICTIM,0,0,
INC000754,P001111,Ravinder Prasad,WITNESS,0,0,
INC000755,P000859,Thangaraj Naicker,SUSPECT,1,1,2022-06-21
INC000755,P000854,Bikram Devi,ACCUSED,1,1,2022-03-16
INC000755,P001301,Pandurang Kadam,COMPLAINANT,0,0,
INC000755,P001141,Prashant More,VICTIM,0,0,
INC000756,P000697,Kartik Dutta,ACCUSED,0,0,
INC000756,P000699,Prasanna Jena,ACCUSED,1,1,2023-03-01
INC000756,P000676,Kartik Sardar,ACCUSED,1,1,2022-11-29
INC000756,P001248,Basanti Jena,COMPLAINANT,0,0,
INC000756,P001004,Manjunath Bhat,VICTIM,0,0,
INC000756,P001120,Basanta Jena,WITNESS,0,0,
INC000757,P000119,Faizan Alam,SUSPECT,1,0,2022-05-05
INC000757,P000174,Ranveer Gurjar,ACCUSED,1,1,2022-02-26
INC000757,P000166,Faizan Hussain,ACCUSED,1,0,2022-09-02
INC000757,P001297,Abdul Mansuri,COMPLAINANT,0,0,
INC000757,P001449,Swapan Bose,VICTIM,0,0,
INC000758,P000156,Paramjit Gill,ACCUSED,0,0,
INC000758,P000117,Nathu Choudhary,ACCUSED,1,1,2024-07-19
INC000758,P001444,Clara Coutinho,COMPLAINANT,0,0,
INC000758,P001472,Karthik Mudaliar,VICTIM,0,0,
INC000758,P001296,Elango Naicker,WITNESS,0,0,
INC000759,P000869,Selvam Subramanian,ACCUSED,1,1,2026-06-09
INC000759,P001028,Arun Baghel,COMPLAINANT,0,0,
INC000759,P001258,Subhas Ghosh,VICTIM,0,0,
INC000759,P001012,Harjinder Gill,WITNESS,0,0,
INC000760,P000658,Karthik Annadurai,SUSPECT,1,0,2024-12-16
INC000760,P000622,Trilochan Mohanty,SUSPECT,1,0,2024-08-16
INC000760,P000630,Bibhuti Mohanty,ACCUSED,1,1,2024-12-13
INC000760,P001260,Madhuri Salunkhe,COMPLAINANT,0,0,
INC000760,P001308,Chandrabhan Shukla,VICTIM,0,0,
INC000761,P000846,Mahesh Shukla,ACCUSED,1,1,2022-12-12
INC000761,P001460,Nilesh Jadhav,COMPLAINANT,0,0,
INC000761,P001091,Sandip Mhatre,VICTIM,0,0,
INC000762,P000903,Lekhraj Srivastava,ACCUSED,0,0,
INC000762,P001110,Kamla Chauhan,COMPLAINANT,0,0,
INC000762,P001065,Karthik Raja,VICTIM,0,0,
INC000763,P000889,Shubhangi Naik,SUSPECT,1,1,2026-09-09
INC000763,P000961,Rambabu Tomar,ABSCONDING_ACCUSED,0,0,
INC000763,P000896,Aslam Khan,SUSPECT,0,0,
INC000763,P000932,Chandrabhan Baghel,ABSCONDING_ACCUSED,1,1,2026-08-25
INC000763,P000890,Vishal Bhosale,ACCUSED,0,0,
INC000763,P001151,Rizwan Pathan,COMPLAINANT,0,0,
INC000763,P001423,Vidyawati Verma,VICTIM,0,0,
INC000764,P000797,Imran Ahmed,ACCUSED,0,0,
INC000764,P001260,Madhuri Salunkhe,COMPLAINANT,0,0,
INC000764,P001386,Tamilselvi Sundaram,VICTIM,0,0,
INC000765,P000496,Har Prasad Rajput,ACCUSED,1,1,2026-05-05
INC000765,P000516,Altaf Pathan,SUSPECT,1,1,2026-01-12
INC000765,P001300,Rajitha Goud,COMPLAINANT,0,0,
INC000765,P001221,Rodney Almeida,VICTIM,0,0,
INC000765,P001465,Afsana Mirza,WITNESS,0,0,
INC000766,P000062,Dattatray Tandel,ABSCONDING_ACCUSED,1,1,2024-11-16
INC000766,P000090,Mangesh Tandel,ACCUSED,1,1,2024-11-15
INC000766,P001054,Gopal Mistry,COMPLAINANT,0,0,
INC000766,P001332,Sumitra Naik,VICTIM,0,0,
INC000766,P001124,Hardik Patel,WITNESS,0,0,
INC000767,P000101,Ratan Saini,ACCUSED,0,0,
INC000767,P000096,Navneet Bajwa,ACCUSED,1,0,2022-07-27
INC000767,P000151,Baljinder Mann,ABSCONDING_ACCUSED,0,0,
INC000767,P001126,Baljinder Brar,COMPLAINANT,0,0,
INC000767,P001257,Vaishnavi Bhoir,VICTIM,0,0,
INC000768,P000378,Malathi Raja,ACCUSED,1,1,2024-12-23
INC000768,P000392,Palanisamy Raja,ACCUSED,0,0,
INC000768,P000390,Chitra Mudaliar,ACCUSED,1,1,2024-11-24
INC000768,P001112,Anita Tiwari,COMPLAINANT,0,0,
INC000768,P001031,Mallesh Kumar,WITNESS,0,0,
INC000769,P000528,Satnam Sidhu,ACCUSED,1,1,2025-06-15
INC000769,P001056,Sunil Jaiswal,COMPLAINANT,0,0,
INC000769,P001336,Swapnil Gaikwad,VICTIM,0,0,
INC000769,P001415,Poongodi Muthusamy,WITNESS,0,0,
INC000770,P000894,Aslam Baig,ACCUSED,0,0,
INC000770,P001498,Selvam Chettiar,COMPLAINANT,0,0,
INC000770,P001494,Poonam Sengar,VICTIM,0,0,
INC000770,P001033,Thangaraj Chettiar,WITNESS,0,0,
INC000771,P000672,Sasmita Mallick,ABSCONDING_ACCUSED,1,1,2025-04-10
INC000771,P000670,Bhagaban Sahoo,SUSPECT,0,0,
INC000771,P000684,Sunil Verma,ACCUSED,0,0,
INC000771,P000668,Sarat Rout,ACCUSED,1,0,2025-06-12
INC000771,P000686,Arindam Halder,ACCUSED,1,0,2025-09-04
INC000771,P001093,Farida Siddiqui,COMPLAINANT,0,0,
INC000771,P001044,Faizan Ansari,VICTIM,0,0,
INC000771,P001189,Jaswant Brar,WITNESS,0,0,
INC000772,P000105,Mohan Sisodia,ACCUSED,1,1,2026-04-01
INC000772,P000128,Jasbir Kang,ACCUSED,1,0,2026-02-10
INC000772,P001374,Bhagwati Poonia,COMPLAINANT,0,0,
INC000772,P001316,Shanti Dixit,VICTIM,0,0,
INC000773,P000906,Palanisamy Gounder,ACCUSED,1,1,2026-02-06
INC000773,P001200,Rajwinder Bains,COMPLAINANT,0,0,
INC000773,P001057,Shanti Rathore,VICTIM,0,0,
INC000773,P001405,Nagesh Angadi,WITNESS,0,0,
INC000774,P000686,Arindam Halder,ACCUSED,0,0,
INC000774,P000684,Sunil Verma,ACCUSED,0,0,
INC000774,P001300,Rajitha Goud,COMPLAINANT,0,0,
INC000774,P001185,Peter Lobo,VICTIM,0,0,
INC000775,P000671,Basanta Jena,ABSCONDING_ACCUSED,0,0,
INC000775,P000691,Arun Gupta,ACCUSED,1,0,2020-05-01
INC000775,P000679,Bandana Sardar,SUSPECT,0,0,
INC000775,P000681,Ashim Biswas,SUSPECT,1,1,2019-12-23
INC000775,P001346,Xavier Coutinho,COMPLAINANT,0,0,
INC000775,P001047,Mariappan Kurup,VICTIM,0,0,
INC000776,P000290,Alpesh Shah,ABSCONDING_ACCUSED,1,1,2024-06-28
INC000776,P000355,Randhir Sharma,ABSCONDING_ACCUSED,1,1,2024-06-29
INC000776,P000317,Nishad Panicker,SUSPECT,0,0,
INC000776,P001376,Gurpreet Kang,COMPLAINANT,0,0,
INC000776,P001175,Nagaratna Shetty,VICTIM,0,0,
INC000776,P001348,Nazia Saifi,WITNESS,0,0,
INC000777,P000138,Rajwinder Sarao,ACCUSED,1,0,2026-08-03
INC000777,P000140,Bhanwari Jat,SUSPECT,1,1,2026-04-16
INC000777,P000148,Bhanwar Saini,SUSPECT,0,0,
INC000777,P001450,Chitra Chettiar,COMPLAINANT,0,0,
INC000777,P001202,Swapnil Kamble,VICTIM,0,0,
INC000778,P000014,Jayesh Barot,ABSCONDING_ACCUSED,0,0,
INC000778,P000068,Reshma Saifi,ABSCONDING_ACCUSED,1,0,2025-08-01
INC000778,P000016,Hardik Barot,ACCUSED,1,1,2025-03-25
INC000778,P001173,Sarla Vyas,COMPLAINANT,0,0,
INC000778,P001137,Poongodi Annadurai,VICTIM,0,0,
INC000778,P001379,Ajay Chauhan,WITNESS,0,0,
INC000779,P000507,Suresh Nishad,ACCUSED,0,0,
INC000779,P000511,Rafiq Zaidi,ACCUSED,1,1,2024-08-12
INC000779,P000477,Tanveer Farooqui,ABSCONDING_ACCUSED,1,1,2024-08-14
INC000779,P000508,Rizwan Ahmed,ACCUSED,1,1,2024-12-31
INC000779,P000490,Ashok Verma,ABSCONDING_ACCUSED,1,1,2024-07-29
INC000779,P000512,Firoz Saifi,ACCUSED,1,1,2024-11-22
INC000779,P000513,Devendra Bhardwaj,ACCUSED,1,1,2024-08-14
INC000779,P001302,Manoj Marar,COMPLAINANT,0,0,
INC000779,P001072,Manjit Sekhon,VICTIM,0,0,
INC000779,P001424,Nathu Ranawat,WITNESS,0,0,
INC000780,P000997,Pradip Majumdar,ACCUSED,1,1,2019-02-08
INC000780,P000928,Vijay Sengar,ACCUSED,0,0,
INC000780,P000913,Sandip Bhoir,ACCUSED,0,0,
INC000780,P000920,Aruna Yadav,ABSCONDING_ACCUSED,0,0,
INC000780,P001202,Swapnil Kamble,COMPLAINANT,0,0,
INC000780,P001284,Prashant Mhatre,VICTIM,0,0,
INC000780,P001390,Naresh Srivastava,WITNESS,0,0,
INC000781,P000884,Wasim Mansuri,ACCUSED,1,1,2025-03-31
INC000781,P000908,Harpreet Sidhu,ACCUSED,1,1,2025-05-10
INC000781,P001175,Nagaratna Shetty,COMPLAINANT,0,0,
INC000781,P001378,Palanisamy Subramanian,VICTIM,0,0,
INC000782,P000743,Har Prasad Sharma,ACCUSED,1,0,2019-08-28
INC000782,P001203,Nirmal Das,COMPLAINANT,0,0,
INC000783,P000934,Bikash Mistry,SUSPECT,1,1,2024-02-22
INC000783,P000951,Nathu Ranawat,ACCUSED,1,1,2024-06-25
INC000783,P000914,Shivanna Angadi,SUSPECT,0,0,
INC000783,P000954,Rekha Sengar,ACCUSED,0,0,
INC000783,P000947,Ratheesh Kurup,ACCUSED,0,0,
INC000783,P000941,Bhagaban Mallick,ACCUSED,0,0,
INC000783,P000972,Prakash Rai,ACCUSED,1,1,2024-08-27
INC000783,P001265,Jitendra Rathore,COMPLAINANT,0,0,
INC000784,P000513,Devendra Bhardwaj,SUSPECT,1,1,2025-08-01
INC000784,P001428,Sheryl Pereira,COMPLAINANT,0,0,
INC000784,P001246,Sabitri Majumdar,VICTIM,0,0,
INC000784,P001249,Ganesh Pawar,WITNESS,0,0,
INC000785,P000517,Hariom Sengar,ACCUSED,1,1,2025-06-22
INC000785,P001067,Gopal Dutta,COMPLAINANT,0,0,
INC000785,P001254,Lekhraj Kashyap,VICTIM,0,0,
INC000786,P000924,Aarti Waghmare,ACCUSED,0,0,
INC000786,P000890,Vishal Bhosale,ACCUSED,1,1,2025-03-27
INC000786,P000899,Pradeep Pandey,SUSPECT,1,0,2025-04-28
INC000786,P000928,Vijay Sengar,ABSCONDING_ACCUSED,1,1,2025-03-28
INC000786,P000912,Ajay Jaiswal,SUSPECT,1,0,2025-02-25
INC000786,P000936,Rajesh Awasthi,ABSCONDING_ACCUSED,0,0,
INC000786,P000933,Sajid Zaidi,ACCUSED,1,1,2025-05-17
INC000786,P001490,Renuka Kulkarni,COMPLAINANT,0,0,
INC000786,P001403,Ratheesh Varghese,VICTIM,0,0,
INC000787,P000987,Karni Gurjar,ACCUSED,0,0,
INC000787,P000971,Bimal Adhikari,ACCUSED,1,0,2022-10-22
INC000787,P001393,Swaroopa Vemula,COMPLAINANT,0,0,
INC000787,P001098,Kuldeep Cheema,VICTIM,0,0,
INC000788,P000860,Chandra Shekar Choudary,ACCUSED,0,0,
INC000788,P000852,Mallesh Kumar,ABSCONDING_ACCUSED,0,0,
INC000788,P000876,Krishnaiah Goud,ACCUSED,0,0,
INC000788,P001379,Ajay Chauhan,COMPLAINANT,0,0,
INC000788,P001177,Thangaraj Mudaliar,VICTIM,0,0,
INC000788,P001266,Sekar Pandian,WITNESS,0,0,
INC000789,P000673,Vijay Dubey,ACCUSED,0,0,
INC000789,P000693,Arun Chauhan,ACCUSED,1,0,2024-12-05
INC000789,P001448,Reshma Chaudhary,COMPLAINANT,0,0,
INC000789,P001238,Nazia Malik,VICTIM,0,0,
INC000789,P001050,Aparna Bose,WITNESS,0,0,
INC000790,P000576,Anup Chakraborty,ACCUSED,0,0,
INC000790,P001443,Srinivas Varma,COMPLAINANT,0,0,
INC000790,P001129,Aruna Prasad,VICTIM,0,0,
INC000790,P001337,Snehal Shinde,WITNESS,0,0,
INC000791,P000118,Bikramjit Sidhu,ACCUSED,0,0,
INC000791,P000160,Rachhpal Singh,ACCUSED,1,1,2023-09-12
INC000791,P000127,Nadeem Mirza,SUSPECT,1,1,2023-09-14
INC000791,P000140,Bhanwari Jat,ACCUSED,0,0,
INC000791,P000159,Lakhwinder Brar,SUSPECT,1,0,2023-06-09
INC000791,P000166,Faizan Hussain,SUSPECT,0,0,
INC000791,P000130,Sohan Kumawat,ACCUSED,0,0,
INC000791,P001038,Charanjit Kang,COMPLAINANT,0,0,
INC000791,P001369,Pushpalatha Angadi,VICTIM,0,0,
INC000791,P001482,Sujoy Sardar,WITNESS,0,0,
INC000792,P000371,Manoj Yadav,ACCUSED,0,0,
INC000792,P001371,Kavita Prajapati,COMPLAINANT,0,0,
INC000792,P001288,Chhaya Bose,VICTIM,0,0,
INC000793,P000773,Shakuntala Nishad,ACCUSED,1,0,2025-03-05
INC000793,P000791,Sarfaraz Saifi,ACCUSED,0,0,
INC000793,P000775,Shakeel Idrisi,SUSPECT,0,0,
INC000793,P001367,Temjen Basumatary,COMPLAINANT,0,0,
INC000793,P001146,Vidyawati Kushwaha,VICTIM,0,0,
INC000793,P001102,Kuldeep Nagar,WITNESS,0,0,
INC000794,P000865,Padma Yadav,ABSCONDING_ACCUSED,1,1,2025-11-09
INC000794,P000866,Chinnadurai Annadurai,SUSPECT,0,0,
INC000794,P000876,Krishnaiah Goud,SUSPECT,0,0,
INC000794,P001294,Kanta Jhala,COMPLAINANT,0,0,
INC000794,P001446,Jayan Achari,VICTIM,0,0,
INC000794,P001400,Sudha Bhadauria,WITNESS,0,0,
INC000795,P000030,Rahul Jadhav,ABSCONDING_ACCUSED,1,1,2020-06-29
INC000795,P000057,Sagar Bhoir,SUSPECT,1,1,2020-06-04
INC000795,P000084,Rafiq Farooqui,ABSCONDING_ACCUSED,0,0,
INC000795,P000047,Swapnil Pawar,ACCUSED,0,0,
INC000795,P001288,Chhaya Bose,COMPLAINANT,0,0,
INC000795,P001489,Narsimha Prasad,VICTIM,0,0,
INC000795,P001089,Anita Dubey,WITNESS,0,0,
INC000796,P000148,Bhanwar Saini,SUSPECT,1,1,2021-07-11
INC000796,P000117,Nathu Choudhary,SUSPECT,0,0,
INC000796,P000104,Devi Lal Vyas,ACCUSED,0,0,
INC000796,P000141,Paramjit Grewal,ACCUSED,0,0,
INC000796,P000147,Devi Lal Sisodia,SUSPECT,0,0,
INC000796,P001099,Yusuf Khan,COMPLAINANT,0,0,
INC000796,P001232,Sunil Verma,VICTIM,0,0,
INC000797,P000879,Velu Annadurai,ACCUSED,1,0,2026-08-22
INC000797,P000854,Bikram Devi,ABSCONDING_ACCUSED,0,0,
INC000797,P000876,Krishnaiah Goud,ACCUSED,1,0,2026-10-30
INC000797,P000880,Murugan Annadurai,ACCUSED,0,0,
INC000797,P001072,Manjit Sekhon,COMPLAINANT,0,0,
INC000797,P001162,Anitha Achari,VICTIM,0,0,
INC000797,P001319,Nilesh Kadam,WITNESS,0,0,
INC000798,P000495,Firoz Mansuri,ACCUSED,0,0,
INC000798,P001410,Sanjay Yadav,COMPLAINANT,0,0,
INC000798,P001173,Sarla Vyas,VICTIM,0,0,
INC000798,P001407,Bikash Majumdar,WITNESS,0,0,
INC000799,P000383,Balbir Yadav,SUSPECT,1,0,2022-01-27
INC000799,P000395,Kannan Annadurai,ACCUSED,1,1,2021-11-03
INC000799,P000382,Mallikarjun Rai,ACCUSED,1,1,2021-12-09
INC000799,P001367,Temjen Basumatary,COMPLAINANT,0,0,
INC000799,P001184,Mallesh Mudiraj,VICTIM,0,0,
INC000799,P001455,Kesar Jhala,WITNESS,0,0,
INC000800,P000315,Paresh Vaghela,ACCUSED,0,0,
INC000800,P000300,Haroon Idrisi,ACCUSED,1,1,2026-03-02
INC000800,P000325,Chirag Dave,ACCUSED,0,0,
INC000800,P000337,Kalpesh Vaghela,ACCUSED,1,0,2025-11-10
INC000800,P000338,Bharat Rabari,ABSCONDING_ACCUSED,1,1,2026-04-23
INC000800,P001015,Nasreen Baig,COMPLAINANT,0,0,
INC000800,P001456,Hanumanthappa Kamath,VICTIM,0,0,
INC000800,P001091,Sandip Mhatre,WITNESS,0,0,
INC000801,P000690,Bimal Majumdar,ABSCONDING_ACCUSED,0,0,
INC000801,P000695,Basanta Mallick,ACCUSED,0,0,
INC000801,P000692,Bimal Halder,ACCUSED,0,0,
INC000801,P000709,Akshaya Sahoo,SUSPECT,1,1,2025-09-02
INC000801,P000678,Bibhuti Munda,ACCUSED,0,0,
INC000801,P001028,Arun Baghel,COMPLAINANT,0,0,
INC000801,P001378,Palanisamy Subramanian,VICTIM,0,0,
INC000802,P000754,Dharmesh Makwana,ACCUSED,1,1,2026-10-29
INC000802,P000750,Nadeem Khan,SUSPECT,1,0,2026-06-18
INC000802,P001212,Malkiat Bajwa,COMPLAINANT,0,0,
INC000802,P001056,Sunil Jaiswal,VICTIM,0,0,
INC000802,P001302,Manoj Marar,WITNESS,0,0,
INC000803,P000548,Anil Prajapati,ABSCONDING_ACCUSED,1,1,2026-08-08
INC000803,P000560,Devendra Bhardwaj,SUSPECT,0,0,
INC000803,P000522,Wasim Malik,ACCUSED,1,1,2026-04-14
INC000803,P000529,Pramod Baghel,SUSPECT,1,0,2026-02-06
INC000803,P000551,Abdul Idrisi,ABSCONDING_ACCUSED,1,1,2026-03-07
INC000803,P001326,Nirmala Rajput,COMPLAINANT,0,0,
INC000803,P001262,Rajesh Thakur,VICTIM,0,0,
INC000804,P000442,Swapan Gayen,SUSPECT,1,0,2022-11-03
INC000804,P000421,Yusuf Hussain,SUSPECT,1,1,2022-05-23
INC000804,P001441,Javed Shaikh,COMPLAINANT,0,0,
INC000804,P001123,Randhir Yadav,VICTIM,0,0,
INC000804,P001385,Rafiq Rahman,WITNESS,0,0,
INC000805,P000477,Tanveer Farooqui,SUSPECT,0,0,
INC000805,P000489,Jitendra Mishra,ACCUSED,0,0,
INC000805,P001453,Unnikrishnan Achari,COMPLAINANT,0,0,
INC000805,P001439,Shabana Farooqui,VICTIM,0,0,
INC000806,P000930,Yallappa Acharya,ACCUSED,1,0,2022-12-29
INC000806,P000905,Amarjit Kang,ACCUSED,1,1,2023-02-25
INC000806,P000900,Sagar Bhosale,ACCUSED,0,0,
INC000806,P001236,Gopal Chakraborty,COMPLAINANT,0,0,
INC000806,P001333,Aparna Sardar,VICTIM,0,0,
INC000807,P000586,Nirmal Mistry,SUSPECT,0,0,
INC000807,P000585,Iqbal Hussain,ACCUSED,1,1,2023-11-10
INC000807,P000576,Anup Chakraborty,ACCUSED,1,0,2023-09-10
INC000807,P000597,Anup Roy,ACCUSED,1,1,2023-08-24
INC000807,P000606,Tanveer Rahman,ACCUSED,1,0,2023-05-09
INC000807,P000584,Pradip Sen,SUSPECT,1,0,2023-06-26
INC000807,P000595,Faizan Pathan,ACCUSED,0,0,
INC000807,P001379,Ajay Chauhan,COMPLAINANT,0,0,
INC000807,P001362,Tapasi Sen,VICTIM,0,0,
INC000807,P001197,Bheru Kumawat,WITNESS,0,0,
INC000808,P000673,Vijay Dubey,ACCUSED,1,1,2025-07-27
INC000808,P000710,Sujoy Bhattacharya,SUSPECT,1,1,2025-07-26
INC000808,P000692,Bimal Halder,ACCUSED,1,1,2025-11-16
INC000808,P001450,Chitra Chettiar,COMPLAINANT,0,0,
INC000808,P001150,Venkatesh Sharma,VICTIM,0,0,
INC000809,P000989,Basanta Patra,SUSPECT,1,0,2022-03-16
INC000809,P000995,Dinesh Yadav,SUSPECT,0,0,
INC000809,P000930,Yallappa Acharya,ACCUSED,1,1,2022-03-17
INC000809,P001253,Mousumi Ghosh,COMPLAINANT,0,0,
INC000809,P001308,Chandrabhan Shukla,VICTIM,0,0,
INC000810,P000885,Nepal Halder,SUSPECT,0,0,
INC000810,P000996,Udaiveer Thakur,ACCUSED,1,1,2020-09-13
INC000810,P001206,Mukesh Thakur,COMPLAINANT,0,0,
INC000810,P001104,Girdhari Sharma,VICTIM,0,0,
INC000810,P001325,Nagaratna Kulkarni,WITNESS,0,0,
INC000811,P000829,Devendra Srivastava,SUSPECT,1,0,2024-02-07
INC000811,P000820,Kulwant Toor,ACCUSED,0,0,
INC000811,P001233,Techi Jamir,COMPLAINANT,0,0,
INC000811,P001096,Mushtaq Mirza,VICTIM,0,0,
INC000812,P000038,Tushar Zala,ACCUSED,1,1,2026-07-01
INC000812,P000083,Mitesh Joshi,ACCUSED,1,1,2026-05-27
INC000812,P000015,Swapnil Bhoir,ACCUSED,0,0,
INC000812,P000050,Pandurang Deshmukh,ACCUSED,1,1,2026-09-13
INC000812,P001375,Yellaiah Yadav,COMPLAINANT,0,0,
INC000812,P001232,Sunil Verma,VICTIM,0,0,
INC000813,P000436,Shahnawaz Mirza,SUSPECT,1,1,2025-06-16
INC000813,P000420,Shahnawaz Hussain,ACCUSED,1,1,2025-03-21
INC000813,P000424,Shanti Dubey,ACCUSED,0,0,
INC000813,P000431,Bikash Roy,SUSPECT,0,0,
INC000813,P001339,Aparna Biswas,COMPLAINANT,0,0,
INC000813,P001258,Subhas Ghosh,VICTIM,0,0,
INC000813,P001073,Rajendran Thevar,WITNESS,0,0,
INC000814,P000771,Chandrabhan Bhardwaj,ACCUSED,0,0,
INC000814,P000786,Shailendra Sharma,SUSPECT,0,0,
INC000814,P000768,Prakash Gupta,ACCUSED,1,1,2023-08-15
INC000814,P000777,Hariom Chauhan,ACCUSED,0,0,
INC000814,P001269,Hanumanthappa Chikkanna,COMPLAINANT,0,0,
INC000814,P001231,Rambabu Pandey,VICTIM,0,0,
INC000815,P000586,Nirmal Mistry,ABSCONDING_ACCUSED,1,1,2026-05-05
INC000815,P000592,Sudha Singh,ACCUSED,1,1,2026-01-06
INC000815,P000587,Shabana Ahmed,SUSPECT,1,1,2026-06-02
INC000815,P000603,Firoz Rahman,ACCUSED,1,0,2026-06-12
INC000815,P001447,Tanaji Gaikwad,COMPLAINANT,0,0,
INC000815,P001031,Mallesh Kumar,VICTIM,0,0,
INC000816,P000469,Mohammed Baig,SUSPECT,1,1,2025-11-28
INC000816,P000452,Mushtaq Baig,ACCUSED,0,0,
INC000816,P001295,Gautam Barman,COMPLAINANT,0,0,
INC000816,P001417,Bhagaban Mohanty,VICTIM,0,0,
INC000817,P000374,Murugan Annadurai,ACCUSED,1,1,2023-03-04
INC000817,P000385,Ilango Palanivel,ACCUSED,0,0,
INC000817,P000410,Arun Maurya,SUSPECT,1,0,2023-07-05
INC000817,P001356,Chandru Bellad,COMPLAINANT,0,0,
INC000817,P001261,Sabitri Adhikari,VICTIM,0,0,
INC000817,P001365,Sujatha Setty,WITNESS,0,0,
INC000818,P000879,Velu Annadurai,SUSPECT,0,0,
INC000818,P000853,Rajesh Jaiswal,ACCUSED,1,1,2024-05-28
INC000818,P001312,Sreenivasan Kurup,COMPLAINANT,0,0,
INC000818,P001052,Bheru Vyas,VICTIM,0,0,
INC000818,P001231,Rambabu Pandey,WITNESS,0,0,
INC000819,P000118,Bikramjit Sidhu,SUSPECT,0,0,
INC000819,P000151,Baljinder Mann,SUSPECT,0,0,
INC000819,P001483,Udaiveer Sengar,COMPLAINANT,0,0,
INC000820,P000299,Vinayakan Joseph,ACCUSED,0,0,
INC000820,P000290,Alpesh Shah,ACCUSED,1,1,2026-07-02
INC000820,P000327,Javed Chaudhary,SUSPECT,1,1,2026-04-13
INC000820,P000336,Munna Baghel,ACCUSED,0,0,
INC000820,P001027,Murugan Rajendran,COMPLAINANT,0,0,
INC000820,P001039,Sanjay Kushwaha,VICTIM,0,0,
INC000821,P000123,Bhoma Poonia,ACCUSED,1,0,2022-07-21
INC000821,P001005,Aslam Mansuri,COMPLAINANT,0,0,
INC000822,P000490,Ashok Verma,ACCUSED,1,1,2023-11-10
INC000822,P000508,Rizwan Ahmed,ACCUSED,1,1,2023-10-23
INC000822,P000483,Ibrahim Pathan,ACCUSED,1,1,2023-11-22
INC000822,P000481,Sajid Mansuri,ACCUSED,1,1,2023-09-12
INC000822,P001203,Nirmal Das,COMPLAINANT,0,0,
INC000822,P001365,Sujatha Setty,VICTIM,0,0,
INC000822,P001490,Renuka Kulkarni,WITNESS,0,0,
INC000823,P000338,Bharat Rabari,ACCUSED,1,0,2025-09-25
INC000823,P000355,Randhir Sharma,ABSCONDING_ACCUSED,0,0,
INC000823,P000312,Anoop Kurup,ACCUSED,0,0,
INC000823,P001490,Renuka Kulkarni,COMPLAINANT,0,0,
INC000823,P001479,Jaswant Sandhu,VICTIM,0,0,
INC000823,P001259,Sajitha Pillai,WITNESS,0,0,
INC000824,P000810,Kishan Choudhary,ACCUSED,0,0,
INC000824,P001289,Ranveer Gurjar,COMPLAINANT,0,0,
INC000824,P001140,Ramkali Gupta,VICTIM,0,0,
INC000824,P001302,Manoj Marar,WITNESS,0,0,
INC000825,P000894,Aslam Baig,SUSPECT,0,0,
INC000825,P000951,Nathu Ranawat,ACCUSED,1,1,2026-01-26
INC000825,P001284,Prashant Mhatre,COMPLAINANT,0,0,
INC000825,P001215,Nirmala Jaiswal,VICTIM,0,0,
INC000825,P001127,Vaishali Trivedi,WITNESS,0,0,
INC000826,P000849,Bikram Sangma,ACCUSED,1,1,2022-10-11
INC000826,P000861,Balbir Yadav,ACCUSED,1,0,2022-07-28
INC000826,P000854,Bikram Devi,SUSPECT,1,0,2022-08-26
INC000826,P000878,Srinivas Bandari,SUSPECT,1,0,2022-05-23
INC000826,P000876,Krishnaiah Goud,ACCUSED,1,1,2022-06-18
INC000826,P001133,Madan Charan,COMPLAINANT,0,0,
INC000826,P001205,Vijay Thakur,VICTIM,0,0,
INC000826,P001012,Harjinder Gill,WITNESS,0,0,
INC000827,P000422,Debashish Biswas,ACCUSED,1,0,2023-01-07
INC000827,P000438,Kartik Bose,SUSPECT,1,1,2023-05-25
INC000827,P000419,Palash Mistry,ACCUSED,1,0,2023-05-11
INC000827,P000427,Naseer Baig,ACCUSED,1,1,2023-02-17
INC000827,P001239,Yogendra Bhadauria,COMPLAINANT,0,0,
INC000827,P001031,Mallesh Kumar,VICTIM,0,0,
INC000827,P001385,Rafiq Rahman,WITNESS,0,0,
INC000828,P000963,Sandip Bhoir,SUSPECT,1,1,2025-12-19
INC000828,P000900,Sagar Bhosale,ACCUSED,1,1,2025-10-22
INC000828,P000923,Sarfaraz Farooqui,ACCUSED,1,0,2025-09-29
INC000828,P000960,Sushila Jat,ACCUSED,0,0,
INC000828,P000926,Mariappan Annadurai,ACCUSED,1,1,2025-11-19
INC000828,P000929,Nitin Patil,ACCUSED,0,0,
INC000828,P000943,Ashfaq Farooqui,SUSPECT,1,0,2025-11-09
INC000828,P001425,Shyamlal Saini,COMPLAINANT,0,0,
INC000828,P001289,Ranveer Gurjar,VICTIM,0,0,
INC000829,P000491,Anil Srivastava,ACCUSED,1,0,2026-09-04
INC000829,P000479,Balbir Baghel,ABSCONDING_ACCUSED,0,0,
INC000829,P001434,Triloki Singh,COMPLAINANT,0,0,
INC000829,P001147,Nirmal Sarkar,VICTIM,0,0,
INC000829,P001396,Savita Chauhan,WITNESS,0,0,
INC000830,P000759,Devendra Chauhan,SUSPECT,1,1,2025-06-08
INC000830,P001212,Malkiat Bajwa,COMPLAINANT,0,0,
INC000830,P001093,Farida Siddiqui,WITNESS,0,0,
INC000831,P000673,Vijay Dubey,ACCUSED,1,1,2025-05-20
INC000831,P000679,Bandana Sardar,SUSPECT,1,1,2025-04-22
INC000831,P001403,Ratheesh Varghese,COMPLAINANT,0,0,
INC000831,P001373,Alpesh Barot,VICTIM,0,0,
INC000832,P000990,Ravi Naik,ACCUSED,1,1,2025-07-28
INC000832,P001103,Om Prakash Saini,COMPLAINANT,0,0,
INC000832,P001015,Nasreen Baig,VICTIM,0,0,
INC000832,P001185,Peter Lobo,WITNESS,0,0,
INC000833,P000840,Sukhwinder Kang,ACCUSED,1,0,2025-12-11
INC000833,P000835,Bikramjit Sekhon,ACCUSED,1,1,2025-12-15
INC000833,P000806,Hanuman Shekhawat,ACCUSED,1,1,2025-12-11
INC000833,P001493,Nitin Jadhav,COMPLAINANT,0,0,
INC000833,P001296,Elango Naicker,VICTIM,0,0,
INC000834,P000763,Randhir Tiwari,ACCUSED,1,0,2026-07-05
INC000834,P000742,Smita Sawant,ACCUSED,1,1,2026-06-10
INC000834,P000739,Har Prasad Gupta,SUSPECT,1,0,2026-06-02
INC000834,P000730,Arif Mansuri,SUSPECT,1,1,2026-08-08
INC000834,P000723,Ketan Prajapati,ACCUSED,0,0,
INC000834,P001323,Rohini Kamble,COMPLAINANT,0,0,
INC000834,P001082,Shakeel Shaikh,VICTIM,0,0,
INC000835,P000747,Jitendra Bhardwaj,ACCUSED,1,1,2024-08-21
INC000835,P000717,Hitesh Zala,ACCUSED,1,1,2024-12-17
INC000835,P000729,Vinod Bhadauria,ACCUSED,0,0,
INC000835,P000741,Trupti Parmar,SUSPECT,1,1,2024-06-18
INC000835,P001211,Mangi Rathore,COMPLAINANT,0,0,
INC000835,P001254,Lekhraj Kashyap,VICTIM,0,0,
INC000836,P000109,Firoz Chaudhary,SUSPECT,0,0,
INC000836,P001236,Gopal Chakraborty,COMPLAINANT,0,0,
INC000836,P001388,Haroon Rahman,VICTIM,0,0,
INC000837,P000538,Balwinder Gill,ACCUSED,1,1,2026-05-31
INC000837,P000561,Nirmal Gill,SUSPECT,1,1,2026-05-14
INC000837,P000534,Pushpa Awasthi,ACCUSED,1,0,2026-03-04
INC000837,P001011,Pushpalatha Bellad,COMPLAINANT,0,0,
INC000837,P001272,Girish Hiremath,VICTIM,0,0,
INC000837,P001229,Poongodi Muthusamy,WITNESS,0,0,
INC000838,P000414,Thangaraj Rajendran,SUSPECT,1,0,2025-09-08
INC000838,P000380,Rajendran Gounder,SUSPECT,0,0,
INC000838,P000410,Arun Maurya,ACCUSED,0,0,
INC000838,P000364,Jitendra Prajapati,SUSPECT,1,1,2025-07-28
INC000838,P000385,Ilango Palanivel,ACCUSED,1,0,2025-09-21
INC000838,P001060,Arivazhagan Mudaliar,COMPLAINANT,0,0,
INC000838,P001128,Mousumi Adhikari,WITNESS,0,0,
INC000839,P000439,Gopal Biswas,ACCUSED,0,0,
INC000839,P000470,Girdhari Shukla,SUSPECT,0,0,
INC000839,P001058,Ravichandran Pillai,COMPLAINANT,0,0,
INC000839,P001464,Sathish Sharma,VICTIM,0,0,
INC000840,P000909,Balwinder Sidhu,ACCUSED,0,0,
INC000840,P000960,Sushila Jat,ACCUSED,1,0,2024-05-31
INC000840,P000928,Vijay Sengar,ACCUSED,0,0,
INC000840,P000953,Bibhuti Behera,SUSPECT,0,0,
INC000840,P001357,Devi Lal Ranawat,COMPLAINANT,0,0,
INC000840,P001200,Rajwinder Bains,VICTIM,0,0,
INC000840,P001278,Imran Hussain,WITNESS,0,0,
INC000841,P000994,Jasbir Virk,ACCUSED,1,1,2026-01-19
INC000841,P000949,Sudha Singh,ACCUSED,1,1,2026-02-11
INC000841,P001462,Shyamlal Awasthi,COMPLAINANT,0,0,
INC000841,P001069,Baljinder Mann,VICTIM,0,0,
INC000841,P001486,Netrapal Bhardwaj,WITNESS,0,0,
INC000842,P000413,Selvam Kurup,ABSCONDING_ACCUSED,0,0,
INC000842,P000393,Anbu Muthusamy,ABSCONDING_ACCUSED,0,0,
INC000842,P000379,Saravanan Naicker,ABSCONDING_ACCUSED,1,1,2022-01-05
INC000842,P000392,Palanisamy Raja,ACCUSED,1,0,2021-12-04
INC000842,P001001,Trilochan Swain,COMPLAINANT,0,0,
INC000843,P000683,Sanjib Mistry,ACCUSED,0,0,
INC000843,P000710,Sujoy Bhattacharya,ACCUSED,1,1,2019-11-23
INC000843,P000667,Pramod Singh,SUSPECT,1,0,2019-09-29
INC000843,P000693,Arun Chauhan,ABSCONDING_ACCUSED,1,1,2020-02-02
INC000843,P001241,Gautam Naskar,COMPLAINANT,0,0,
INC000843,P001465,Afsana Mirza,VICTIM,0,0,
INC000843,P001107,Lalrinpuii Ao,WITNESS,0,0,
INC000844,P000771,Chandrabhan Bhardwaj,SUSPECT,1,1,2026-11-07
INC000844,P001321,Moumita Das,COMPLAINANT,0,0,
INC000844,P001272,Girish Hiremath,VICTIM,0,0,
INC000844,P001342,Prakash Patil,WITNESS,0,0,
INC000845,P000928,Vijay Sengar,SUSPECT,1,1,2026-02-07
INC000845,P000970,Ashfaq Saifi,ACCUSED,1,1,2026-01-17
INC000845,P001330,Kumaraswamy Shetty,COMPLAINANT,0,0,
INC000845,P001359,Sarita Gupta,VICTIM,0,0,
INC000845,P001165,Harbhajan Bains,WITNESS,0,0,
INC000846,P000888,Balwinder Dhaliwal,ACCUSED,0,0,
INC000846,P000960,Sushila Jat,ACCUSED,0,0,
INC000846,P000981,Ibrahim Shaikh,SUSPECT,0,0,
INC000846,P001282,Nazia Khan,COMPLAINANT,0,0,
INC000847,P000887,Anoop Kartha,SUSPECT,1,1,2022-05-09
INC000847,P000929,Nitin Patil,ACCUSED,0,0,
INC000847,P000962,Divyesh Bhatt,ACCUSED,0,0,
INC000847,P000945,Bhaskar Dalvi,ABSCONDING_ACCUSED,0,0,
INC000847,P001338,Meena Dubey,COMPLAINANT,0,0,
INC000847,P001103,Om Prakash Saini,VICTIM,0,0,
INC000847,P001275,Hanuman Jhala,WITNESS,0,0,
INC000848,P000803,Malkiat Virk,ACCUSED,1,1,2026-11-21
INC000848,P000812,Udaiveer Baghel,SUSPECT,1,1,2026-07-24
INC000848,P000844,Gurpreet Toor,ACCUSED,0,0,
INC000848,P000830,Harpreet Sandhu,SUSPECT,1,1,2026-11-17
INC000848,P001059,Salim Qureshi,COMPLAINANT,0,0,
INC000848,P001129,Aruna Prasad,VICTIM,0,0,
INC000848,P001330,Kumaraswamy Shetty,WITNESS,0,0,
INC000849,P000849,Bikram Sangma,ACCUSED,0,0,
INC000849,P000865,Padma Yadav,ACCUSED,1,0,2025-07-06
INC000849,P000877,Palanisamy Annadurai,ACCUSED,0,0,
INC000849,P000846,Mahesh Shukla,ACCUSED,0,0,
INC000849,P000866,Chinnadurai Annadurai,ACCUSED,0,0,
INC000849,P001165,Harbhajan Bains,COMPLAINANT,0,0,
INC000849,P001273,Mallesh Naidu,VICTIM,0,0,
INC000850,P000238,Girdhari Baghel,ACCUSED,0,0,
INC000850,P000283,Shakeel Sheikh,ACCUSED,0,0,
INC000850,P000253,Ibrahim Shaikh,ACCUSED,1,1,2023-10-23
INC000850,P000197,Gopal Roy,ACCUSED,1,1,2023-12-18
INC000850,P001099,Yusuf Khan,COMPLAINANT,0,0,
INC000850,P001045,Vidyawati Rathore,VICTIM,0,0,
INC000851,P000525,Naseer Ahmed,SUSPECT,1,1,2021-02-16
INC000851,P000565,Devendra Tiwari,ACCUSED,1,1,2021-04-30
INC000851,P000562,Yusuf Pathan,SUSPECT,1,1,2021-02-07
INC000851,P000533,Jaswant Brar,ACCUSED,1,1,2021-02-24
INC000851,P000554,Davinder Bhullar,ACCUSED,1,1,2021-01-20
INC000851,P001164,Sasmita Rout,COMPLAINANT,0,0,
INC000851,P001313,Kulwant Cheema,VICTIM,0,0,
INC000851,P001011,Pushpalatha Bellad,WITNESS,0,0,
INC000852,P000487,Ashfaq Zaidi,ACCUSED,1,1,2025-02-01
INC000852,P000491,Anil Srivastava,ACCUSED,0,0,
INC000852,P000492,Sunil Nagar,ACCUSED,0,0,
INC000852,P000513,Devendra Bhardwaj,SUSPECT,0,0,
INC000852,P000515,Mahesh Chauhan,ACCUSED,1,1,2024-10-15
INC000852,P001023,Siddaraju Poojary,COMPLAINANT,0,0,
INC000852,P001104,Girdhari Sharma,VICTIM,0,0,
INC000852,P001214,Mangesh Salunkhe,WITNESS,0,0,
INC000853,P000131,Imran Siddiqui,ABSCONDING_ACCUSED,0,0,
INC000853,P001300,Rajitha Goud,COMPLAINANT,0,0,
INC000853,P001433,Reshma Idrisi,VICTIM,0,0,
INC000853,P001219,Arun Rajput,WITNESS,0,0,
INC000854,P000722,Ashwin Shah,SUSPECT,0,0,
INC000854,P000715,Imran Farooqui,ACCUSED,1,1,2025-09-07
INC000854,P001459,Sujatha Yadav,COMPLAINANT,0,0,
INC000854,P001382,Kavita Baghel,WITNESS,0,0,
INC000855,P000548,Anil Prajapati,ABSCONDING_ACCUSED,0,0,
INC000855,P001214,Mangesh Salunkhe,COMPLAINANT,0,0,
INC000855,P001135,Sudhakar Yadav,VICTIM,0,0,
INC000856,P000995,Dinesh Yadav,ACCUSED,1,0,2025-05-13
INC000856,P000919,Sreenivasan Achari,ABSCONDING_ACCUSED,1,1,2025-02-21
INC000856,P000936,Rajesh Awasthi,SUSPECT,0,0,
INC000856,P000884,Wasim Mansuri,SUSPECT,1,1,2025-08-02
INC000856,P001376,Gurpreet Kang,COMPLAINANT,0,0,
INC000856,P001039,Sanjay Kushwaha,VICTIM,0,0,
INC000857,P000823,Harpreet Brar,ACCUSED,1,1,2024-06-14
INC000857,P000808,Sunil Sengar,ACCUSED,1,1,2024-05-11
INC000857,P000826,Jarnail Singh,SUSPECT,0,0,
INC000857,P001276,Arif Pathan,COMPLAINANT,0,0,
INC000857,P001410,Sanjay Yadav,VICTIM,0,0,
INC000857,P001485,Farida Sheikh,WITNESS,0,0,
INC000858,P000170,Gopal Poonia,ACCUSED,1,1,2025-08-10
INC000858,P000101,Ratan Saini,ACCUSED,0,0,
INC000858,P000119,Faizan Alam,ACCUSED,0,0,
INC000858,P000162,Amarjit Dhillon,ACCUSED,1,1,2025-09-29
INC000858,P001075,Alpesh Solanki,COMPLAINANT,0,0,
INC000858,P001204,Kumaraswamy Hegde,VICTIM,0,0,
INC000858,P001319,Nilesh Kadam,WITNESS,0,0,
INC000859,P000948,Xavier Almeida,ACCUSED,1,1,2025-05-28
INC000859,P001497,Deepak Singh,COMPLAINANT,0,0,
INC000859,P001415,Poongodi Muthusamy,VICTIM,0,0,
INC000860,P000814,Balbir Thakur,ACCUSED,0,0,
INC000860,P000820,Kulwant Toor,ACCUSED,0,0,
INC000860,P000803,Malkiat Virk,ABSCONDING_ACCUSED,1,1,2026-03-26
INC000860,P001298,Harpreet Toor,COMPLAINANT,0,0,
INC000860,P001368,Kuni Mohanty,VICTIM,0,0,
INC000860,P001061,Manisha More,WITNESS,0,0,
INC000861,P000123,Bhoma Poonia,SUSPECT,1,1,2022-02-03
INC000861,P000172,Kanta Choudhary,SUSPECT,1,1,2021-12-01
INC000861,P000157,Devi Lal Godara,SUSPECT,0,0,
INC000861,P000149,Satnam Sandhu,SUSPECT,0,0,
INC000861,P000121,Ashfaq Saifi,ACCUSED,1,0,2022-02-02
INC000861,P000129,Kulwant Aulakh,SUSPECT,1,0,2022-04-29
INC000861,P000096,Navneet Bajwa,SUSPECT,0,0,
INC000861,P001306,Rajni Bhardwaj,COMPLAINANT,0,0,
INC000861,P001473,Shabana Qureshi,VICTIM,0,0,
INC000862,P000142,Karamjit Bajwa,SUSPECT,1,1,2024-03-24
INC000862,P000160,Rachhpal Singh,ABSCONDING_ACCUSED,1,1,2024-07-06
INC000862,P000121,Ashfaq Saifi,ACCUSED,0,0,
INC000862,P001419,Malathi Nadar,COMPLAINANT,0,0,
INC000862,P001043,Mallesh Choudary,VICTIM,0,0,
INC000862,P001124,Hardik Patel,WITNESS,0,0,
INC000863,P000539,Sandeep Awasthi,SUSPECT,1,1,2026-11-21
INC000863,P000551,Abdul Idrisi,ACCUSED,1,1,2026-07-01
INC000863,P000566,Ajay Dubey,ACCUSED,1,1,2026-07-21
INC000863,P001155,Padma Kondapalli,COMPLAINANT,0,0,
INC000863,P001384,Palash Bose,VICTIM,0,0,
INC000863,P001493,Nitin Jadhav,WITNESS,0,0,
INC000864,P000497,Prakash Thakur,SUSPECT,1,1,2026-08-22
INC000864,P000491,Anil Srivastava,SUSPECT,1,0,2026-07-08
INC000864,P000492,Sunil Nagar,ACCUSED,0,0,
INC000864,P000507,Suresh Nishad,ACCUSED,1,1,2026-06-27
INC000864,P000490,Ashok Verma,ACCUSED,1,1,2026-09-27
INC000864,P000484,Tanveer Shaikh,ACCUSED,0,0,
INC000864,P000472,Manoj Kashyap,SUSPECT,1,0,2026-05-08
INC000864,P001247,Wasim Malik,COMPLAINANT,0,0,
INC000864,P001260,Madhuri Salunkhe,VICTIM,0,0,
INC000865,P000907,Ashim Gayen,ACCUSED,0,0,
INC000865,P001243,Rajni Pandey,COMPLAINANT,0,0,
INC000866,P000536,Javed Shaikh,SUSPECT,1,0,2026-05-08
INC000866,P000551,Abdul Idrisi,SUSPECT,1,0,2026-05-09
INC000866,P001110,Kamla Chauhan,COMPLAINANT,0,0,
INC000866,P001224,Bhagwati Bhati,VICTIM,0,0,
INC000867,P000758,Ibrahim Shaikh,ACCUSED,1,0,2023-11-03
INC000867,P000745,Paresh Rabari,ACCUSED,1,0,2023-12-22
INC000867,P000720,Manisha Patil,ACCUSED,0,0,
INC000867,P001162,Anitha Achari,COMPLAINANT,0,0,
INC000867,P001095,Meena Nagar,VICTIM,0,0,
INC000868,P000849,Bikram Sangma,ACCUSED,0,0,
INC000868,P000874,Ramulu Nallamothu,ABSCONDING_ACCUSED,1,1,2026-07-03
INC000868,P000853,Rajesh Jaiswal,ABSCONDING_ACCUSED,0,0,
INC000868,P001293,Shanti Gupta,COMPLAINANT,0,0,
INC000868,P001066,Shibu Thomas,VICTIM,0,0,
INC000869,P000403,Saravanan Mudaliar,ABSCONDING_ACCUSED,0,0,
INC000869,P001294,Kanta Jhala,COMPLAINANT,0,0,
INC000869,P001377,Rekha Prajapati,VICTIM,0,0,
INC000869,P001473,Shabana Qureshi,WITNESS,0,0,
INC000870,P000989,Basanta Patra,ACCUSED,0,0,
INC000870,P000887,Anoop Kartha,ABSCONDING_ACCUSED,1,1,2022-07-06
INC000870,P000961,Rambabu Tomar,ABSCONDING_ACCUSED,1,0,2022-11-30
INC000870,P000986,Venkatesh Setty,ACCUSED,1,1,2022-10-24
INC000870,P001370,Chandrakala Bhat,COMPLAINANT,0,0,
INC000870,P001345,Bimal Halder,VICTIM,0,0,
INC000871,P000603,Firoz Rahman,ACCUSED,0,0,
INC000871,P000575,Vinod Nagar,ACCUSED,1,1,2025-07-18
INC000871,P000606,Tanveer Rahman,ABSCONDING_ACCUSED,0,0,
INC000871,P001431,Chandra Shekar Reddy,COMPLAINANT,0,0,
INC000871,P001271,Jayan Namboothiri,VICTIM,0,0,
INC000871,P001047,Mariappan Kurup,WITNESS,0,0,
INC000872,P000547,Jarnail Sarao,ACCUSED,0,0,
INC000872,P000559,Tarsem Singh,ACCUSED,1,0,2026-09-08
INC000872,P001225,Reshma Idrisi,COMPLAINANT,0,0,
INC000872,P001381,Ilango Pillai,VICTIM,0,0,
INC000873,P000582,Arindam Bhattacharya,ACCUSED,1,1,2025-02-18
INC000873,P001059,Salim Qureshi,COMPLAINANT,0,0,
INC000873,P001168,Krishnaiah Varma,VICTIM,0,0,
INC000874,P000972,Prakash Rai,ACCUSED,1,1,2026-07-22
INC000874,P000960,Sushila Jat,ACCUSED,0,0,
INC000874,P000968,Ganesh Pawar,SUSPECT,1,1,2026-06-08
INC000874,P000901,Yogesh Rane,ACCUSED,0,0,
INC000874,P001121,Archana Bhardwaj,COMPLAINANT,0,0,
INC000874,P001130,Seema Nishad,VICTIM,0,0,
INC000874,P001036,Nasreen Zaidi,WITNESS,0,0,
INC000875,P000522,Wasim Malik,SUSPECT,1,0,2026-07-13
INC000875,P000562,Yusuf Pathan,ACCUSED,1,1,2026-03-04
INC000875,P000557,Haroon Pathan,SUSPECT,1,1,2026-07-30
INC000875,P000552,Manju Yadav,SUSPECT,0,0,
INC000875,P000545,Abdul Alam,ACCUSED,0,0,
INC000875,P000534,Pushpa Awasthi,SUSPECT,0,0,
INC000875,P000548,Anil Prajapati,ACCUSED,0,0,
INC000875,P001042,Yusuf Shaikh,COMPLAINANT,0,0,
INC000875,P001045,Vidyawati Rathore,VICTIM,0,0,
INC000876,P000170,Gopal Poonia,ACCUSED,0,0,
INC000876,P001472,Karthik Mudaliar,COMPLAINANT,0,0,
INC000876,P001343,Jagabandhu Sahoo,VICTIM,0,0,
INC000876,P001373,Alpesh Barot,WITNESS,0,0,
INC000877,P000454,Gautam Halder,ACCUSED,1,1,2025-04-25
INC000877,P000450,Neelam Singh,ACCUSED,1,0,2025-07-05
INC000877,P001353,Kuni Nayak,COMPLAINANT,0,0,
INC000877,P001088,Prabhakar Mudiraj,VICTIM,0,0,
INC000877,P001344,Baljit Sidhu,WITNESS,0,0,
INC000878,P000479,Balbir Baghel,SUSPECT,0,0,
INC000878,P001377,Rekha Prajapati,COMPLAINANT,0,0,
INC000878,P001013,Sachin Bhosale,VICTIM,0,0,
INC000878,P001465,Afsana Mirza,WITNESS,0,0,
INC000879,P000557,Haroon Pathan,ACCUSED,1,1,2025-12-25
INC000879,P001002,Suman Sisodia,COMPLAINANT,0,0,
INC000879,P001087,Shahnawaz Mansuri,VICTIM,0,0,
INC000880,P000542,Paramjit Sarao,ACCUSED,0,0,
INC000880,P001405,Nagesh Angadi,COMPLAINANT,0,0,
INC000880,P001340,Farida Mirza,VICTIM,0,0,
INC000880,P001249,Ganesh Pawar,WITNESS,0,0,
INC000881,P000212,Mousumi Sen,ACCUSED,0,0,
INC000881,P001212,Malkiat Bajwa,COMPLAINANT,0,0,
INC000881,P001059,Salim Qureshi,VICTIM,0,0,
INC000881,P001341,Tapasi Chakraborty,WITNESS,0,0,
INC000882,P000872,Bikram Jamir,ACCUSED,0,0,
INC000882,P000862,Ngangbam Brahma,ACCUSED,0,0,
INC000882,P000869,Selvam Subramanian,ACCUSED,1,0,2020-03-06
INC000882,P000859,Thangaraj Naicker,ABSCONDING_ACCUSED,1,1,2020-05-05
INC000882,P001202,Swapnil Kamble,COMPLAINANT,0,0,
INC000882,P001437,Prabhakar Naidu,VICTIM,0,0,
INC000883,P000152,Bhoma Poonia,SUSPECT,0,0,
INC000883,P001024,Revathi Thevar,COMPLAINANT,0,0,
INC000883,P001486,Netrapal Bhardwaj,VICTIM,0,0,
INC000884,P000539,Sandeep Awasthi,ABSCONDING_ACCUSED,1,1,2025-01-02
INC000884,P001477,Chhaya Bhattacharya,COMPLAINANT,0,0,
INC000884,P001340,Farida Mirza,VICTIM,0,0,
INC000885,P000931,Jagdish Sengar,SUSPECT,1,1,2020-10-01
INC000885,P000968,Ganesh Pawar,ACCUSED,1,1,2020-11-14
INC000885,P000988,Bikramjit Sandhu,ACCUSED,0,0,
INC000885,P001330,Kumaraswamy Shetty,COMPLAINANT,0,0,
INC000885,P001096,Mushtaq Mirza,VICTIM,0,0,
INC000885,P001392,Kamla Thakur,WITNESS,0,0,
INC000886,P000674,Basanta Pradhan,ACCUSED,0,0,
INC000886,P000673,Vijay Dubey,ACCUSED,1,1,2021-04-01
INC000886,P000667,Pramod Singh,ACCUSED,1,1,2021-02-24
INC000886,P000685,Balbir Mishra,ACCUSED,1,0,2021-04-01
INC000886,P001172,Swapan Das,COMPLAINANT,0,0,
INC000886,P001189,Jaswant Brar,VICTIM,0,0,
INC000886,P001327,Hanuman Ranawat,WITNESS,0,0,
INC000887,P000018,Salim Saifi,SUSPECT,1,1,2024-07-06
INC000887,P000022,Nasreen Sheikh,ACCUSED,1,1,2024-09-01
INC000887,P000038,Tushar Zala,ACCUSED,0,0,
INC000887,P000025,Ganesh Chavan,ACCUSED,1,0,2024-12-12
INC000887,P000090,Mangesh Tandel,ABSCONDING_ACCUSED,1,1,2024-08-11
INC000887,P001459,Sujatha Yadav,COMPLAINANT,0,0,
INC000887,P001186,Balaraju Mudiraj,VICTIM,0,0,
INC000888,P000001,Anwar Ahmed,ABSCONDING_ACCUSED,0,0,
INC000888,P000007,Bhaskar Kamble,ACCUSED,1,0,2023-04-24
INC000888,P000019,Bhaskar Bhosale,ACCUSED,0,0,
INC000888,P000068,Reshma Saifi,ACCUSED,1,1,2023-10-03
INC000888,P001367,Temjen Basumatary,COMPLAINANT,0,0,
INC000888,P001479,Jaswant Sandhu,VICTIM,0,0,
INC000889,P000848,Nagaraju Gupta,SUSPECT,1,1,2026-03-11
INC000889,P000872,Bikram Jamir,ACCUSED,1,1,2026-07-05
INC000889,P000866,Chinnadurai Annadurai,ACCUSED,0,0,
INC000889,P001163,Hariom Chauhan,COMPLAINANT,0,0,
INC000889,P001097,Nasreen Shaikh,VICTIM,0,0,
INC000890,P000859,Thangaraj Naicker,ACCUSED,1,1,2022-12-26
INC000890,P000863,Lalthanga Momin,SUSPECT,1,1,2023-01-24
INC000890,P000860,Chandra Shekar Choudary,ACCUSED,1,1,2022-11-11
INC000890,P000875,Yumnam Rabha,ACCUSED,1,1,2022-08-31
INC000890,P000864,Rambabu Goud,SUSPECT,1,1,2023-02-28
INC000890,P000846,Mahesh Shukla,ACCUSED,1,1,2023-01-23
INC000890,P000874,Ramulu Nallamothu,SUSPECT,1,1,2022-08-31
INC000890,P001002,Suman Sisodia,COMPLAINANT,0,0,
INC000890,P001414,Sujoy Bose,VICTIM,0,0,
INC000891,P000346,Rajeevan Marar,ACCUSED,1,1,2024-04-17
INC000891,P000338,Bharat Rabari,ACCUSED,1,1,2024-03-20
INC000891,P000336,Munna Baghel,ACCUSED,1,1,2024-05-10
INC000891,P001342,Prakash Patil,COMPLAINANT,0,0,
INC000891,P001345,Bimal Halder,VICTIM,0,0,
INC000891,P001275,Hanuman Jhala,WITNESS,0,0,
INC000892,P000464,Vinod Rajput,ACCUSED,0,0,
INC000892,P000453,Hariom Shukla,ACCUSED,1,1,2023-08-15
INC000892,P001076,Bikash Naskar,COMPLAINANT,0,0,
INC000892,P001343,Jagabandhu Sahoo,VICTIM,0,0,
INC000893,P000380,Rajendran Gounder,ACCUSED,1,1,2025-07-10
INC000893,P000392,Palanisamy Raja,ACCUSED,1,1,2025-05-07
INC000893,P001400,Sudha Bhadauria,COMPLAINANT,0,0,
INC000894,P000016,Hardik Barot,ACCUSED,1,1,2025-03-23
INC000894,P000078,Prashant Deshmukh,ACCUSED,0,0,
INC000894,P000084,Rafiq Farooqui,ACCUSED,0,0,
INC000894,P001008,Yasmin Alam,COMPLAINANT,0,0,
INC000894,P001204,Kumaraswamy Hegde,VICTIM,0,0,
INC000894,P001084,Davinder Kang,WITNESS,0,0,
INC000895,P000918,Deepak Awasthi,SUSPECT,0,0,
INC000895,P000934,Bikash Mistry,ACCUSED,0,0,
INC000895,P001352,Srinivas Prasad,COMPLAINANT,0,0,
INC000895,P001183,Shobha Poojary,VICTIM,0,0,
INC000896,P000591,Anup Roy,ACCUSED,1,1,2024-05-01
INC000896,P001408,Udaiveer Dixit,COMPLAINANT,0,0,
INC000896,P001263,Priyanka Chavan,VICTIM,0,0,
INC000896,P001136,Shakeel Ansari,WITNESS,0,0,
INC000897,P000322,Mushtaq Idrisi,ABSCONDING_ACCUSED,1,1,2026-07-10
INC000897,P000340,Girdhari Tiwari,ABSCONDING_ACCUSED,1,0,2026-08-12
INC000897,P001072,Manjit Sekhon,COMPLAINANT,0,0,
INC000897,P001177,Thangaraj Mudaliar,VICTIM,0,0,
INC000897,P001434,Triloki Singh,WITNESS,0,0,
INC000898,P000759,Devendra Chauhan,SUSPECT,1,1,2025-04-29
INC000898,P000758,Ibrahim Shaikh,SUSPECT,1,1,2025-03-09
INC000898,P000751,Devendra Maurya,ACCUSED,1,0,2025-06-28
INC000898,P001044,Faizan Ansari,COMPLAINANT,0,0,
INC000898,P001151,Rizwan Pathan,VICTIM,0,0,
INC000898,P001099,Yusuf Khan,WITNESS,0,0,
INC000899,P000515,Mahesh Chauhan,ACCUSED,0,0,
INC000899,P000501,Rafiq Siddiqui,ACCUSED,1,1,2026-11-13
INC000899,P000495,Firoz Mansuri,ACCUSED,0,0,
INC000899,P001445,Jyoti Solanki,COMPLAINANT,0,0,
INC000899,P001438,Mallesh Rao,VICTIM,0,0,
INC000900,P000882,Lekhraj Baghel,ACCUSED,1,1,2025-11-21
INC000900,P000930,Yallappa Acharya,ACCUSED,0,0,
INC000900,P001072,Manjit Sekhon,COMPLAINANT,0,0,
INC000900,P001471,Sudarshan Swain,VICTIM,0,0,
INC000900,P001437,Prabhakar Naidu,WITNESS,0,0,
INC000901,P000700,Mahesh Yadav,ACCUSED,1,0,2025-11-05
INC000901,P001142,Suresh Bhardwaj,COMPLAINANT,0,0,
INC000901,P001286,Poonam Kushwaha,VICTIM,0,0,
INC000901,P001334,Ramesh Tomar,WITNESS,0,0,
INC000902,P000785,Girdhari Saini,SUSPECT,1,1,2025-07-30
INC000902,P000766,Balbir Shukla,ACCUSED,1,1,2025-08-01
INC000902,P000773,Shakuntala Nishad,SUSPECT,0,0,
INC000902,P001261,Sabitri Adhikari,COMPLAINANT,0,0,
INC000902,P001496,Poonam Pandey,VICTIM,0,0,
INC000903,P000023,Hardik Barot,ACCUSED,1,0,2025-03-25
INC000903,P000066,Ashfaq Mansuri,ACCUSED,1,1,2024-11-29
INC000903,P001323,Rohini Kamble,COMPLAINANT,0,0,
INC000903,P001351,Nilesh Trivedi,VICTIM,0,0,
INC000903,P001069,Baljinder Mann,WITNESS,0,0,
INC000904,P000606,Tanveer Rahman,ACCUSED,0,0,
INC000904,P000595,Faizan Pathan,ABSCONDING_ACCUSED,1,0,2024-03-21
INC000904,P000600,Shabana Qureshi,SUSPECT,1,1,2024-07-31
INC000904,P000579,Shanti Kushwaha,SUSPECT,1,1,2024-07-19
INC000904,P001223,Balaraju Reddy,COMPLAINANT,0,0,
INC000904,P001040,Girish Kamath,VICTIM,0,0,
INC000905,P000044,Hitesh Solanki,ACCUSED,1,1,2024-03-06
INC000905,P000014,Jayesh Barot,ACCUSED,1,1,2024-03-01
INC000905,P001121,Archana Bhardwaj,COMPLAINANT,0,0,
INC000905,P001483,Udaiveer Sengar,VICTIM,0,0,
INC000905,P001498,Selvam Chettiar,WITNESS,0,0,
INC000906,P000877,Palanisamy Annadurai,ACCUSED,0,0,
INC000906,P000880,Murugan Annadurai,SUSPECT,1,0,2021-12-24
INC000906,P000878,Srinivas Bandari,ACCUSED,0,0,
INC000906,P000868,Satish Maurya,ACCUSED,1,1,2021-10-03
INC000906,P001236,Gopal Chakraborty,COMPLAINANT,0,0,
INC000906,P001185,Peter Lobo,VICTIM,0,0,
INC000906,P001500,Salim Qureshi,WITNESS,0,0,
INC000907,P000932,Chandrabhan Baghel,ACCUSED,0,0,
INC000907,P000945,Bhaskar Dalvi,SUSPECT,0,0,
INC000907,P000980,Manikandan Subramanian,SUSPECT,1,1,2024-07-09
INC000907,P001160,Pramod Awasthi,COMPLAINANT,0,0,
INC000907,P001035,Kartik Barman,VICTIM,0,0,
INC000908,P000718,Haroon Pathan,ACCUSED,1,1,2026-12-05
INC000908,P000744,Hardik Thakor,ABSCONDING_ACCUSED,1,1,2026-06-14
INC000908,P001213,Sandeep Baghel,COMPLAINANT,0,0,
INC000908,P001256,Alwyn Noronha,VICTIM,0,0,
INC000909,P000956,Bhaskar Kadam,ABSCONDING_ACCUSED,1,0,2023-08-21
INC000909,P000895,Palash Ghosh,SUSPECT,1,0,2024-01-05
INC000909,P000911,Pradeep Maurya,ACCUSED,1,1,2023-11-06
INC000909,P001344,Baljit Sidhu,COMPLAINANT,0,0,
INC000909,P001386,Tamilselvi Sundaram,VICTIM,0,0,
INC000910,P000141,Paramjit Grewal,ACCUSED,0,0,
INC000910,P000120,Harbhajan Sekhon,ACCUSED,1,1,2024-08-12
INC000910,P001421,Sukumar Pal,COMPLAINANT,0,0,
INC000910,P001185,Peter Lobo,VICTIM,0,0,
INC000910,P001382,Kavita Baghel,WITNESS,0,0,
INC000911,P000446,Udaiveer Gupta,ACCUSED,1,0,2026-01-28
INC000911,P000453,Hariom Shukla,SUSPECT,0,0,
INC000911,P001014,Sanjay Bhadauria,COMPLAINANT,0,0,
INC000911,P001237,Devendra Sengar,VICTIM,0,0,
INC000911,P001433,Reshma Idrisi,WITNESS,0,0,
INC000912,P000154,Nadeem Farooqui,SUSPECT,1,1,2019-11-18
INC000912,P000108,Ranveer Kumawat,SUSPECT,1,0,2019-10-18
INC000912,P000120,Harbhajan Sekhon,SUSPECT,1,1,2019-09-22
INC000912,P000167,Sukhwinder Dhillon,SUSPECT,1,0,2019-10-06
INC000912,P000132,Jarnail Sidhu,SUSPECT,0,0,
INC000912,P001266,Sekar Pandian,COMPLAINANT,0,0,
INC000912,P001479,Jaswant Sandhu,VICTIM,0,0,
INC000913,P000703,Mahesh Saini,ABSCONDING_ACCUSED,1,0,2026-03-19
INC000913,P000691,Arun Gupta,ACCUSED,1,0,2025-10-23
INC000913,P001238,Nazia Malik,COMPLAINANT,0,0,
INC000913,P001383,Debashish Halder,VICTIM,0,0,
INC000913,P001401,Aparna Gayen,WITNESS,0,0,
INC000914,P000535,Om Prakash Bhardwaj,ACCUSED,1,0,2024-06-12
INC000914,P000563,Malkiat Bains,ACCUSED,0,0,
INC000914,P000545,Abdul Alam,ACCUSED,1,1,2024-01-11
INC000914,P000553,Vijay Rajput,SUSPECT,0,0,
INC000914,P000558,Mahesh Kushwaha,ACCUSED,1,0,2024-02-06
INC000914,P000522,Wasim Malik,ACCUSED,1,1,2024-03-09
INC000914,P000542,Paramjit Sarao,ACCUSED,1,1,2024-02-18
INC000914,P001155,Padma Kondapalli,COMPLAINANT,0,0,
INC000914,P001120,Basanta Jena,VICTIM,0,0,
INC000914,P001099,Yusuf Khan,WITNESS,0,0,
INC000915,P000647,Trilochan Rout,ACCUSED,1,1,2026-08-22
INC000915,P000644,Nagaraju Rao,ACCUSED,1,1,2026-08-16
INC000915,P000625,Perumal Sundaram,ABSCONDING_ACCUSED,0,0,
INC000915,P001297,Abdul Mansuri,COMPLAINANT,0,0,
INC000915,P001360,Har Prasad Gupta,VICTIM,0,0,
INC000915,P001211,Mangi Rathore,WITNESS,0,0,
INC000916,P000109,Firoz Chaudhary,ACCUSED,1,1,2022-07-07
INC000916,P000107,Mohammed Shaikh,ACCUSED,1,1,2022-08-11
INC000916,P000152,Bhoma Poonia,ACCUSED,0,0,
INC000916,P001480,Ibrahim Ahmed,COMPLAINANT,0,0,
INC000916,P001069,Baljinder Mann,VICTIM,0,0,
INC000916,P001288,Chhaya Bose,WITNESS,0,0,
INC000917,P000941,Bhagaban Mallick,ACCUSED,1,1,2023-10-14
INC000917,P000896,Aslam Khan,ACCUSED,0,0,
INC000917,P001375,Yellaiah Yadav,COMPLAINANT,0,0,
INC000917,P001201,Kanta Rathore,VICTIM,0,0,
INC000917,P001035,Kartik Barman,WITNESS,0,0,
INC000918,P000869,Selvam Subramanian,ACCUSED,1,1,2022-12-18
INC000918,P001205,Vijay Thakur,COMPLAINANT,0,0,
INC000918,P001207,Sunita Verma,VICTIM,0,0,
INC000918,P001020,Mallesh Yadav,WITNESS,0,0,
INC000919,P000593,Ashim Pal,ACCUSED,0,0,
INC000919,P000578,Nepal Gayen,ACCUSED,0,0,
INC000919,P001276,Arif Pathan,COMPLAINANT,0,0,
INC000919,P001110,Kamla Chauhan,VICTIM,0,0,
INC000920,P000740,Faizan Baig,SUSPECT,0,0,
INC000920,P000743,Har Prasad Sharma,ACCUSED,1,1,2023-09-04
INC000920,P001197,Bheru Kumawat,COMPLAINANT,0,0,
INC000920,P001113,Bhanwar Jhala,VICTIM,0,0,
INC000920,P001393,Swaroopa Vemula,WITNESS,0,0,
INC000921,P000155,Ashfaq Shaikh,ACCUSED,0,0,
INC000921,P000166,Faizan Hussain,ACCUSED,1,1,2026-09-20
INC000921,P001211,Mangi Rathore,COMPLAINANT,0,0,
INC000921,P001300,Rajitha Goud,VICTIM,0,0,
INC000922,P000684,Sunil Verma,ACCUSED,0,0,
INC000922,P000674,Basanta Pradhan,ACCUSED,1,1,2024-04-06
INC000922,P000699,Prasanna Jena,ACCUSED,1,0,2024-06-16
INC000922,P001132,Pushpa Saini,COMPLAINANT,0,0,
INC000922,P001066,Shibu Thomas,VICTIM,0,0,
INC000923,P000471,Swapan Dutta,ABSCONDING_ACCUSED,0,0,
INC000923,P000445,Kartik Das,ACCUSED,1,1,2024-09-28
INC000923,P000435,Naseer Zaidi,ACCUSED,1,0,2024-10-07
INC000923,P000447,Javed Malik,SUSPECT,1,0,2024-05-13
INC000923,P000442,Swapan Gayen,ACCUSED,0,0,
INC000923,P000463,Ashim Pal,ABSCONDING_ACCUSED,1,1,2024-06-06
INC000923,P000460,Anil Pandey,ACCUSED,0,0,
INC000923,P001437,Prabhakar Naidu,COMPLAINANT,0,0,
INC000923,P001116,Padma Reddy,VICTIM,0,0,
INC000923,P001378,Palanisamy Subramanian,WITNESS,0,0,
INC000924,P000788,Rafiq Malik,ACCUSED,1,1,2026-05-17
INC000924,P000778,Shakeel Malik,ACCUSED,1,1,2026-07-30
INC000924,P000796,Abdul Malik,ACCUSED,0,0,
INC000924,P000766,Balbir Shukla,SUSPECT,1,1,2026-06-15
INC000924,P000779,Shakeel Ansari,ABSCONDING_ACCUSED,1,1,2026-05-28
INC000924,P001129,Aruna Prasad,COMPLAINANT,0,0,
INC000924,P001071,Surinder Bajwa,VICTIM,0,0,
INC000924,P001364,Hariom Gupta,WITNESS,0,0,
INC000925,P000717,Hitesh Zala,ACCUSED,0,0,
INC000925,P001450,Chitra Chettiar,COMPLAINANT,0,0,
INC000925,P001443,Srinivas Varma,WITNESS,0,0,
INC000926,P000759,Devendra Chauhan,ACCUSED,1,1,2022-10-14
INC000926,P000747,Jitendra Bhardwaj,SUSPECT,1,1,2022-07-16
INC000926,P001030,Aruna Mudiraj,COMPLAINANT,0,0,
INC000926,P001390,Naresh Srivastava,VICTIM,0,0,
INC000927,P000391,Mallikarjun Desai,ACCUSED,1,1,2026-08-22
INC000927,P000414,Thangaraj Rajendran,ACCUSED,0,0,
INC000927,P001194,Arif Saifi,COMPLAINANT,0,0,
INC000927,P001436,Alpesh Shah,VICTIM,0,0,
INC000928,P000061,Amol Tandel,ACCUSED,1,1,2023-11-25
INC000928,P000059,Bharat Bhatt,ABSCONDING_ACCUSED,0,0,
INC000928,P000048,Tanaji Tandel,ACCUSED,0,0,
INC000928,P000025,Ganesh Chavan,ABSCONDING_ACCUSED,0,0,
INC000928,P000017,Swapnil Tandel,ABSCONDING_ACCUSED,0,0,
INC000928,P000091,Shahnawaz Hussain,ACCUSED,1,1,2024-01-21
INC000928,P000029,Ashwin Zala,ACCUSED,1,0,2024-03-06
INC000928,P001227,Tapan Ghosh,COMPLAINANT,0,0,
INC000928,P001351,Nilesh Trivedi,VICTIM,0,0,
INC000928,P001412,Savita Saini,WITNESS,0,0,
INC000929,P000563,Malkiat Bains,ABSCONDING_ACCUSED,1,1,2025-03-21
INC000929,P000543,Shahnawaz Mansuri,ACCUSED,1,0,2025-03-07
INC000929,P001360,Har Prasad Gupta,COMPLAINANT,0,0,
INC000929,P001308,Chandrabhan Shukla,VICTIM,0,0,
INC000929,P001431,Chandra Shekar Reddy,WITNESS,0,0,
INC000930,P000086,Chirag Dave,ACCUSED,0,0,
INC000930,P000064,Rafiq Ahmed,ACCUSED,1,0,2019-12-10
INC000930,P000058,Alpesh Shah,ACCUSED,1,1,2020-02-08
INC000930,P001287,Tanveer Malik,COMPLAINANT,0,0,
INC000930,P001107,Lalrinpuii Ao,VICTIM,0,0,
INC000930,P001214,Mangesh Salunkhe,WITNESS,0,0,
INC000931,P000985,Arindam Chakraborty,SUSPECT,1,0,2025-04-15
INC000931,P001227,Tapan Ghosh,COMPLAINANT,0,0,
INC000931,P001030,Aruna Mudiraj,WITNESS,0,0,
INC000932,P000532,Shakeel Rahman,ACCUSED,0,0,
INC000932,P000528,Satnam Sidhu,ACCUSED,0,0,
INC000932,P000555,Dinesh Gupta,SUSPECT,1,0,2026-12-02
INC000932,P000560,Devendra Bhardwaj,ACCUSED,0,0,
INC000932,P000553,Vijay Rajput,ACCUSED,1,1,2026-10-31
INC000932,P000542,Paramjit Sarao,ACCUSED,1,1,2026-08-03
INC000932,P000544,Iqbal Malik,ACCUSED,1,0,2026-12-12
INC000932,P001481,Vaishnavi Gaikwad,COMPLAINANT,0,0,
INC000932,P001081,Afsana Mansuri,VICTIM,0,0,
INC000932,P001339,Aparna Biswas,WITNESS,0,0,
INC000933,P000408,Manjunath Gowda,SUSPECT,0,0,
INC000933,P000393,Anbu Muthusamy,ACCUSED,0,0,
INC000933,P000376,Hanumanthappa Acharya,ACCUSED,0,0,
INC000933,P000401,Rajendran Subramanian,ACCUSED,1,1,2022-02-17
INC000933,P001319,Nilesh Kadam,COMPLAINANT,0,0,
INC000933,P001450,Chitra Chettiar,VICTIM,0,0,
INC000934,P000554,Davinder Bhullar,SUSPECT,1,0,2026-03-19
INC000934,P001040,Girish Kamath,COMPLAINANT,0,0,
INC000934,P001398,Sajid Chaudhary,VICTIM,0,0,
INC000935,P000020,Nitin Bhoir,SUSPECT,0,0,
INC000935,P000092,Ibrahim Qureshi,ACCUSED,0,0,
INC000935,P000084,Rafiq Farooqui,ACCUSED,0,0,
INC000935,P000029,Ashwin Zala,SUSPECT,0,0,
INC000935,P001069,Baljinder Mann,COMPLAINANT,0,0,
INC000935,P001130,Seema Nishad,VICTIM,0,0,
INC000936,P000991,Nathu Beniwal,SUSPECT,1,0,2023-10-15
INC000936,P000966,Sarita Tiwari,ACCUSED,1,1,2023-12-12
INC000936,P000968,Ganesh Pawar,ACCUSED,0,0,
INC000936,P000977,Rahul More,ACCUSED,0,0,
INC000936,P000954,Rekha Sengar,ACCUSED,1,1,2023-11-16
INC000936,P001433,Reshma Idrisi,COMPLAINANT,0,0,
INC000936,P001275,Hanuman Jhala,VICTIM,0,0,
INC000936,P001497,Deepak Singh,WITNESS,0,0,
INC000937,P000701,Pradip Naskar,SUSPECT,0,0,
INC000937,P000696,Jagabandhu Sahoo,ACCUSED,1,1,2026-05-01
INC000937,P001346,Xavier Coutinho,COMPLAINANT,0,0,
INC000937,P001257,Vaishnavi Bhoir,VICTIM,0,0,
INC000937,P001377,Rekha Prajapati,WITNESS,0,0,
INC000938,P000152,Bhoma Poonia,ABSCONDING_ACCUSED,1,1,2026-03-09
INC000938,P001188,Nasreen Malik,COMPLAINANT,0,0,
INC000938,P001450,Chitra Chettiar,VICTIM,0,0,
INC000939,P000681,Ashim Biswas,SUSPECT,1,1,2026-11-04
INC000939,P001028,Arun Baghel,COMPLAINANT,0,0,
INC000939,P001456,Hanumanthappa Kamath,VICTIM,0,0,
INC000939,P001253,Mousumi Ghosh,WITNESS,0,0,
INC000940,P000517,Hariom Sengar,ACCUSED,1,1,2026-02-06
INC000940,P000487,Ashfaq Zaidi,ACCUSED,0,0,
INC000940,P000501,Rafiq Siddiqui,ACCUSED,1,0,2025-12-07
INC000940,P000483,Ibrahim Pathan,ACCUSED,0,0,
INC000940,P001123,Randhir Yadav,COMPLAINANT,0,0,
INC000940,P001468,Arun Prajapati,VICTIM,0,0,
INC000941,P000760,Ashfaq Shaikh,ACCUSED,1,1,2026-02-20
INC000941,P000723,Ketan Prajapati,ACCUSED,1,1,2026-05-11
INC000941,P000743,Har Prasad Sharma,ACCUSED,1,1,2026-06-05
INC000941,P000742,Smita Sawant,ACCUSED,1,1,2026-04-02
INC000941,P000737,Sachin Patil,ACCUSED,1,0,2026-04-21
INC000941,P000734,Bhaskar Kadam,SUSPECT,1,0,2026-06-08
INC000941,P000753,Chandrabhan Shukla,ACCUSED,1,1,2026-03-15
INC000941,P001154,Nagaraju Bandari,COMPLAINANT,0,0,
INC000941,P001481,Vaishnavi Gaikwad,VICTIM,0,0,
INC000942,P000655,Karthik Thevar,ACCUSED,1,1,2020-07-16
INC000942,P000623,Saravanan Pillai,SUSPECT,0,0,
INC000942,P000611,Rambabu Kumar,SUSPECT,0,0,
INC000942,P001206,Mukesh Thakur,COMPLAINANT,0,0,
INC000942,P001142,Suresh Bhardwaj,VICTIM,0,0,
INC000943,P000980,Manikandan Subramanian,ACCUSED,1,1,2022-10-04
INC000943,P000962,Divyesh Bhatt,ACCUSED,1,1,2022-08-01
INC000943,P001164,Sasmita Rout,COMPLAINANT,0,0,
INC000943,P001253,Mousumi Ghosh,VICTIM,0,0,
INC000944,P000856,Bala Gounder,ACCUSED,1,1,2024-11-11
INC000944,P000854,Bikram Devi,ACCUSED,1,1,2024-12-13
INC000944,P001413,Nilesh Deshmukh,COMPLAINANT,0,0,
INC000944,P001434,Triloki Singh,VICTIM,0,0,
INC000945,P000762,Nilesh Shinde,ACCUSED,1,1,2020-12-18
INC000945,P000713,Aarti More,SUSPECT,1,1,2020-09-20
INC000945,P000729,Vinod Bhadauria,ACCUSED,1,1,2020-11-20
INC000945,P001001,Trilochan Swain,COMPLAINANT,0,0,
INC000945,P001323,Rohini Kamble,VICTIM,0,0,
INC000945,P001315,Laxmi Saini,WITNESS,0,0,
INC000946,P000330,Wasim Rahman,ACCUSED,0,0,
INC000946,P000340,Girdhari Tiwari,ACCUSED,1,0,2021-09-28
INC000946,P000336,Munna Baghel,ACCUSED,0,0,
INC000946,P000343,Hardik Zala,ACCUSED,1,1,2021-08-23
INC000946,P001261,Sabitri Adhikari,COMPLAINANT,0,0,
INC000946,P001002,Suman Sisodia,VICTIM,0,0,
INC000946,P001360,Har Prasad Gupta,WITNESS,0,0,
INC000947,P000037,Ganesh Dalvi,ACCUSED,1,0,2026-01-15
INC000947,P000020,Nitin Bhoir,SUSPECT,0,0,
INC000947,P001173,Sarla Vyas,COMPLAINANT,0,0,
INC000947,P001489,Narsimha Prasad,VICTIM,0,0,
INC000947,P001328,Sanoop Joseph,WITNESS,0,0,
INC000948,P000525,Naseer Ahmed,ACCUSED,0,0,
INC000948,P001441,Javed Shaikh,COMPLAINANT,0,0,
INC000948,P001145,Pushpalatha Kamath,VICTIM,0,0,
INC000948,P001116,Padma Reddy,WITNESS,0,0,
INC000949,P000782,Sarfaraz Siddiqui,ACCUSED,1,1,2023-10-15
INC000949,P000794,Wasim Hussain,SUSPECT,1,0,2023-11-26
INC000949,P000800,Haroon Mansuri,ACCUSED,1,0,2023-08-04
INC000949,P000797,Imran Ahmed,SUSPECT,0,0,
INC000949,P001224,Bhagwati Bhati,COMPLAINANT,0,0,
INC000949,P001357,Devi Lal Ranawat,VICTIM,0,0,
INC000949,P001044,Faizan Ansari,WITNESS,0,0,
INC000950,P000830,Harpreet Sandhu,ACCUSED,1,1,2025-06-13
INC000950,P000824,Gopal Beniwal,ABSCONDING_ACCUSED,0,0,
INC000950,P000838,Chandrabhan Bhadauria,SUSPECT,0,0,
INC000950,P001216,Gautam Gayen,COMPLAINANT,0,0,
INC000950,P001243,Rajni Pandey,VICTIM,0,0,
INC000950,P001364,Hariom Gupta,WITNESS,0,0,
INC000951,P000932,Chandrabhan Baghel,ACCUSED,0,0,
INC000951,P000947,Ratheesh Kurup,ACCUSED,1,1,2026-02-10
INC000951,P000905,Amarjit Kang,ACCUSED,1,0,2026-02-01
INC000951,P000988,Bikramjit Sandhu,SUSPECT,0,0,
INC000951,P001298,Harpreet Toor,COMPLAINANT,0,0,
INC000951,P001304,Gurpreet Toor,VICTIM,0,0,
INC000951,P001363,Peter Menezes,WITNESS,0,0,
INC000952,P000702,Basanta Jena,ACCUSED,1,1,2024-09-09
INC000952,P001102,Kuldeep Nagar,COMPLAINANT,0,0,
INC000952,P001122,Nazia Ahmed,VICTIM,0,0,
INC000952,P001413,Nilesh Deshmukh,WITNESS,0,0,
INC000953,P000362,Suresh Jaiswal,ACCUSED,0,0,
INC000953,P001271,Jayan Namboothiri,COMPLAINANT,0,0,
INC000953,P001440,Elango Annadurai,VICTIM,0,0,
INC000953,P001146,Vidyawati Kushwaha,WITNESS,0,0,
INC000954,P000393,Anbu Muthusamy,SUSPECT,1,1,2026-11-07
INC000954,P000383,Balbir Yadav,SUSPECT,1,1,2026-08-31
INC000954,P001217,Navneet Sandhu,COMPLAINANT,0,0,
INC000954,P001145,Pushpalatha Kamath,VICTIM,0,0,
INC000955,P000479,Balbir Baghel,ACCUSED,1,0,2026-06-09
INC000955,P000474,Prakash Singh,ACCUSED,0,0,
INC000955,P000473,Arun Kashyap,SUSPECT,0,0,
INC000955,P000492,Sunil Nagar,ACCUSED,0,0,
INC000955,P000509,Shakeel Mirza,ABSCONDING_ACCUSED,1,0,2026-07-16
INC000955,P001165,Harbhajan Bains,COMPLAINANT,0,0,
INC000955,P001434,Triloki Singh,VICTIM,0,0,
INC000956,P000872,Bikram Jamir,ACCUSED,1,1,2023-05-25
INC000956,P000856,Bala Gounder,ACCUSED,1,1,2023-09-29
INC000956,P001385,Rafiq Rahman,COMPLAINANT,0,0,
INC000956,P001174,Shahnawaz Khan,VICTIM,0,0,
INC000956,P001329,Firoz Shaikh,WITNESS,0,0,
INC000957,P000124,Rafiq Baig,ACCUSED,0,0,
INC000957,P000145,Nirmal Singh,ACCUSED,1,0,2023-06-20
INC000957,P001478,Satish Mishra,COMPLAINANT,0,0,
INC000957,P001092,Dhanapal Sundaram,VICTIM,0,0,
INC000958,P000559,Tarsem Singh,ACCUSED,0,0,
INC000958,P000553,Vijay Rajput,ABSCONDING_ACCUSED,0,0,
INC000958,P000533,Jaswant Brar,SUSPECT,0,0,
INC000958,P000537,Harbhajan Bhullar,SUSPECT,1,1,2020-09-03
INC000958,P001324,Wasim Ahmed,COMPLAINANT,0,0,
INC000958,P001327,Hanuman Ranawat,VICTIM,0,0,
INC000959,P000936,Rajesh Awasthi,ACCUSED,1,0,2023-01-07
INC000959,P001365,Sujatha Setty,COMPLAINANT,0,0,
INC000959,P001490,Renuka Kulkarni,VICTIM,0,0,
INC000960,P000814,Balbir Thakur,ACCUSED,0,0,
INC000960,P000813,Mukesh Baghel,ACCUSED,1,1,2026-02-13
INC000960,P000805,Ranveer Beniwal,ACCUSED,0,0,
INC000960,P000834,Jasbir Brar,SUSPECT,1,0,2026-04-03
INC000960,P000829,Devendra Srivastava,ABSCONDING_ACCUSED,1,1,2026-03-05
INC000960,P000811,Sohan Purohit,ACCUSED,0,0,
INC000960,P000823,Harpreet Brar,SUSPECT,0,0,
INC000960,P001446,Jayan Achari,COMPLAINANT,0,0,
INC000960,P001476,Sandip Patil,VICTIM,0,0,
INC000961,P000431,Bikash Roy,SUSPECT,1,1,2024-06-25
INC000961,P000421,Yusuf Hussain,ACCUSED,1,1,2024-09-18
INC000961,P001465,Afsana Mirza,COMPLAINANT,0,0,
INC000961,P001226,Lalthanga Debbarma,VICTIM,0,0,
INC000962,P000408,Manjunath Gowda,ACCUSED,1,1,2024-01-25
INC000962,P000377,Veeresh Acharya,ACCUSED,0,0,
INC000962,P000405,Om Prakash Chauhan,SUSPECT,0,0,
INC000962,P001156,Vetrivel Naicker,COMPLAINANT,0,0,
INC000962,P001226,Lalthanga Debbarma,VICTIM,0,0,
INC000962,P001481,Vaishnavi Gaikwad,WITNESS,0,0,
INC000963,P000651,Yellaiah Kondapalli,ACCUSED,1,1,2024-09-01
INC000963,P000630,Bibhuti Mohanty,SUSPECT,0,0,
INC000963,P001233,Techi Jamir,COMPLAINANT,0,0,
INC000964,P000433,Subhas Naskar,SUSPECT,1,0,2024-12-09
INC000964,P000456,Manju Prajapati,ACCUSED,1,1,2024-11-30
INC000964,P001004,Manjunath Bhat,COMPLAINANT,0,0,
INC000964,P001323,Rohini Kamble,VICTIM,0,0,
INC000965,P000721,Munna Kushwaha,ACCUSED,0,0,
INC000965,P000724,Pandurang Naik,ACCUSED,0,0,
INC000965,P000763,Randhir Tiwari,ACCUSED,0,0,
INC000965,P000734,Bhaskar Kadam,ACCUSED,1,1,2026-01-14
INC000965,P000761,Mahesh Pandey,ABSCONDING_ACCUSED,0,0,
INC000965,P000755,Nilesh Bhoir,SUSPECT,1,1,2026-03-20
INC000965,P000747,Jitendra Bhardwaj,ACCUSED,0,0,
INC000965,P001033,Thangaraj Chettiar,COMPLAINANT,0,0,
INC000965,P001095,Meena Nagar,VICTIM,0,0,
INC000966,P000439,Gopal Biswas,ACCUSED,1,1,2026-09-03
INC000966,P001271,Jayan Namboothiri,COMPLAINANT,0,0,
INC000966,P001088,Prabhakar Mudiraj,VICTIM,0,0,
INC000967,P000482,Naresh Mishra,ACCUSED,1,1,2024-01-24
INC000967,P000499,Chandrabhan Pandey,ACCUSED,1,0,2023-10-14
INC000967,P001408,Udaiveer Dixit,COMPLAINANT,0,0,
INC000967,P001257,Vaishnavi Bhoir,VICTIM,0,0,
INC000967,P001489,Narsimha Prasad,WITNESS,0,0,
INC000968,P000343,Hardik Zala,ACCUSED,1,0,2022-09-07
INC000968,P000293,Har Prasad Sharma,ABSCONDING_ACCUSED,1,1,2022-11-01
INC000968,P000331,Shakeel Ansari,ABSCONDING_ACCUSED,0,0,
INC000968,P000317,Nishad Panicker,ABSCONDING_ACCUSED,0,0,
INC000968,P001304,Gurpreet Toor,COMPLAINANT,0,0,
INC000968,P001384,Palash Bose,VICTIM,0,0,
INC000968,P001150,Venkatesh Sharma,WITNESS,0,0,
INC000969,P000497,Prakash Thakur,ACCUSED,1,0,2025-03-24
INC000969,P001039,Sanjay Kushwaha,COMPLAINANT,0,0,
INC000969,P001287,Tanveer Malik,VICTIM,0,0,
INC000969,P001385,Rafiq Rahman,WITNESS,0,0,
INC000970,P000871,Temjen Momin,ACCUSED,1,1,2022-11-14
INC000970,P001361,Suman Bhati,COMPLAINANT,0,0,
INC000970,P001045,Vidyawati Rathore,VICTIM,0,0,
INC000970,P001256,Alwyn Noronha,WITNESS,0,0,
INC000971,P000434,Ibrahim Khan,ACCUSED,1,1,2024-10-18
INC000971,P000453,Hariom Shukla,ACCUSED,1,0,2025-01-30
INC000971,P000461,Palash Sarkar,ACCUSED,1,1,2025-02-08
INC000971,P001388,Haroon Rahman,COMPLAINANT,0,0,
INC000971,P001132,Pushpa Saini,VICTIM,0,0,
INC000971,P001226,Lalthanga Debbarma,WITNESS,0,0,
INC000972,P000568,Lakhwinder Singh,SUSPECT,1,1,2023-06-09
INC000972,P001052,Bheru Vyas,COMPLAINANT,0,0,
INC000972,P001444,Clara Coutinho,VICTIM,0,0,
INC000972,P001226,Lalthanga Debbarma,WITNESS,0,0,
INC000973,P000846,Mahesh Shukla,SUSPECT,0,0,
INC000973,P001293,Shanti Gupta,COMPLAINANT,0,0,
INC000973,P001303,Naresh Baghel,VICTIM,0,0,
INC000973,P001304,Gurpreet Toor,WITNESS,0,0,
INC000974,P000695,Basanta Mallick,ACCUSED,1,1,2020-03-05
INC000974,P000679,Bandana Sardar,SUSPECT,1,0,2020-06-03
INC000974,P001181,Shahnaz Khan,COMPLAINANT,0,0,
INC000974,P001076,Bikash Naskar,VICTIM,0,0,
INC000974,P001278,Imran Hussain,WITNESS,0,0,
INC000975,P000555,Dinesh Gupta,ACCUSED,0,0,
INC000975,P000529,Pramod Baghel,SUSPECT,1,1,2022-09-16
INC000975,P001255,Arun Kushwaha,COMPLAINANT,0,0,
INC000975,P001413,Nilesh Deshmukh,VICTIM,0,0,
INC000976,P000184,Ramesh Srivastava,ACCUSED,0,0,
INC000976,P000212,Mousumi Sen,ACCUSED,1,1,2026-04-20
INC000976,P001285,Farida Qureshi,COMPLAINANT,0,0,
INC000976,P001163,Hariom Chauhan,VICTIM,0,0,
INC000977,P000163,Shahnaz Siddiqui,ACCUSED,1,1,2023-08-04
INC000977,P000147,Devi Lal Sisodia,ABSCONDING_ACCUSED,1,1,2023-04-28
INC000977,P000097,Manpreet Sekhon,SUSPECT,1,1,2023-08-04
INC000977,P001059,Salim Qureshi,COMPLAINANT,0,0,
INC000977,P001432,Shanti Verma,VICTIM,0,0,
INC000978,P000868,Satish Maurya,ACCUSED,0,0,
INC000978,P001271,Jayan Namboothiri,COMPLAINANT,0,0,
INC000978,P001394,Saravanan Gounder,VICTIM,0,0,
INC000979,P000897,Pramod Baghel,ACCUSED,1,1,2023-08-14
INC000979,P000912,Ajay Jaiswal,SUSPECT,1,1,2023-06-26
INC000979,P001332,Sumitra Naik,COMPLAINANT,0,0,
INC000979,P001414,Sujoy Bose,VICTIM,0,0,
INC000980,P000763,Randhir Tiwari,SUSPECT,0,0,
INC000980,P001465,Afsana Mirza,COMPLAINANT,0,0,
INC000981,P000046,Sandip Kamble,ACCUSED,1,1,2025-03-28
INC000981,P000004,Nilesh Vaghela,ACCUSED,1,1,2025-02-20
INC000981,P000039,Sagar Rane,ACCUSED,0,0,
INC000981,P001157,Praveen Joseph,COMPLAINANT,0,0,
INC000981,P001327,Hanuman Ranawat,VICTIM,0,0,
INC000982,P000515,Mahesh Chauhan,SUSPECT,1,1,2026-02-26
INC000982,P000514,Rafiq Sheikh,ACCUSED,1,1,2026-05-16
INC000982,P000491,Anil Srivastava,ACCUSED,0,0,
INC000982,P000513,Devendra Bhardwaj,SUSPECT,0,0,
INC000982,P000473,Arun Kashyap,ACCUSED,0,0,
INC000982,P001330,Kumaraswamy Shetty,COMPLAINANT,0,0,
INC000982,P001096,Mushtaq Mirza,VICTIM,0,0,
INC000982,P001042,Yusuf Shaikh,WITNESS,0,0,
INC000983,P000126,Haroon Baig,SUSPECT,0,0,
INC000983,P000140,Bhanwari Jat,ACCUSED,1,1,2026-07-15
INC000983,P001238,Nazia Malik,COMPLAINANT,0,0,
INC000983,P001002,Suman Sisodia,VICTIM,0,0,
INC000983,P001051,Sandip Dalvi,WITNESS,0,0,
INC000984,P000549,Tanveer Rahman,ACCUSED,1,1,2022-12-26
INC000984,P001359,Sarita Gupta,COMPLAINANT,0,0,
INC000984,P001008,Yasmin Alam,VICTIM,0,0,
INC000984,P001091,Sandip Mhatre,WITNESS,0,0,
INC000985,P000767,Balbir Dixit,ACCUSED,1,1,2026-05-08
INC000985,P000795,Zubair Chaudhary,SUSPECT,1,1,2026-01-21
INC000985,P000799,Shakeel Pathan,ACCUSED,0,0,
INC000985,P000765,Salim Shaikh,ACCUSED,0,0,
INC000985,P000796,Abdul Malik,ACCUSED,0,0,
INC000985,P001253,Mousumi Ghosh,COMPLAINANT,0,0,
INC000985,P001282,Nazia Khan,VICTIM,0,0,
INC000985,P001399,Rachhpal Mann,WITNESS,0,0,
INC000986,P000771,Chandrabhan Bhardwaj,ACCUSED,0,0,
INC000986,P000776,Ibrahim Alam,ACCUSED,0,0,
INC000986,P000784,Ashfaq Sheikh,ACCUSED,1,1,2024-05-19
INC000986,P000797,Imran Ahmed,SUSPECT,0,0,
INC000986,P000764,Om Prakash Maurya,SUSPECT,1,0,2024-03-16
INC000986,P000766,Balbir Shukla,SUSPECT,1,1,2024-04-10
INC000986,P000790,Deepak Bhardwaj,ACCUSED,0,0,
INC000986,P001475,Bandana Biswas,COMPLAINANT,0,0,
INC000986,P001284,Prashant Mhatre,VICTIM,0,0,
INC000987,P000774,Naseer Farooqui,ACCUSED,0,0,
INC000987,P001133,Madan Charan,COMPLAINANT,0,0,
INC000987,P001001,Trilochan Swain,VICTIM,0,0,
INC000987,P001320,Rafiq Pathan,WITNESS,0,0,
INC000988,P000114,Gayatri Jat,ACCUSED,0,0,
INC000988,P000171,Mohammed Shaikh,ACCUSED,0,0,
INC000988,P000108,Ranveer Kumawat,ACCUSED,1,1,2023-02-02
INC000988,P000116,Kishan Godara,ABSCONDING_ACCUSED,1,0,2023-01-19
INC000988,P001124,Hardik Patel,COMPLAINANT,0,0,
INC000988,P001489,Narsimha Prasad,VICTIM,0,0,
INC000988,P001090,Rekha Awasthi,WITNESS,0,0,
INC000989,P000147,Devi Lal Sisodia,ABSCONDING_ACCUSED,0,0,
INC000989,P000127,Nadeem Mirza,ACCUSED,1,1,2026-01-25
INC000989,P000166,Faizan Hussain,ACCUSED,1,1,2026-06-03
INC000989,P000131,Imran Siddiqui,ACCUSED,1,0,2026-04-15
INC000989,P001275,Hanuman Jhala,COMPLAINANT,0,0,
INC000989,P001280,Rubina Zaidi,WITNESS,0,0,
INC000990,P000689,Jagdish Verma,ACCUSED,1,1,2024-10-11
INC000990,P000668,Sarat Rout,ACCUSED,1,0,2025-01-13
INC000990,P000703,Mahesh Saini,ACCUSED,1,1,2025-01-23
INC000990,P000696,Jagabandhu Sahoo,ACCUSED,1,0,2024-11-07
INC000990,P001431,Chandra Shekar Reddy,COMPLAINANT,0,0,
INC000990,P001387,Arun Yadav,VICTIM,0,0,
INC000990,P001343,Jagabandhu Sahoo,WITNESS,0,0,
INC000991,P000527,Harbhajan Sarao,ACCUSED,0,0,
INC000991,P000541,Javed Alam,ABSCONDING_ACCUSED,0,0,
INC000991,P001300,Rajitha Goud,COMPLAINANT,0,0,
INC000991,P001381,Ilango Pillai,VICTIM,0,0,
INC000991,P001407,Bikash Majumdar,WITNESS,0,0,
INC000992,P000840,Sukhwinder Kang,ABSCONDING_ACCUSED,1,0,2025-12-14
INC000992,P001414,Sujoy Bose,COMPLAINANT,0,0,
INC000992,P001045,Vidyawati Rathore,VICTIM,0,0,
INC000992,P001021,Priyanka Gaikwad,WITNESS,0,0,
INC000993,P000941,Bhagaban Mallick,SUSPECT,1,1,2024-10-04
INC000993,P000954,Rekha Sengar,SUSPECT,1,1,2024-11-07
INC000993,P000979,Zubair Khan,ACCUSED,0,0,
INC000993,P001326,Nirmala Rajput,COMPLAINANT,0,0,
INC000993,P001048,Prabhakar Mudiraj,VICTIM,0,0,
INC000994,P000993,Gurpreet Dhillon,ACCUSED,0,0,
INC000994,P000995,Dinesh Yadav,ACCUSED,1,1,2023-12-08
INC000994,P000887,Anoop Kartha,ACCUSED,1,1,2023-10-22
INC000994,P000943,Ashfaq Farooqui,ACCUSED,1,1,2023-09-07
INC000994,P000935,Bhanwar Charan,SUSPECT,1,1,2023-08-25
INC000994,P001357,Devi Lal Ranawat,COMPLAINANT,0,0,
INC000994,P001418,Dinesh Srivastava,VICTIM,0,0,
INC000995,P000463,Ashim Pal,ABSCONDING_ACCUSED,0,0,
INC000995,P000457,Naseer Malik,ABSCONDING_ACCUSED,0,0,
INC000995,P000470,Girdhari Shukla,ACCUSED,0,0,
INC000995,P000466,Har Prasad Pandey,ACCUSED,0,0,
INC000995,P001441,Javed Shaikh,COMPLAINANT,0,0,
INC000995,P001459,Sujatha Yadav,VICTIM,0,0,
INC000995,P001238,Nazia Malik,WITNESS,0,0,
INC000996,P000134,Tanveer Sheikh,SUSPECT,1,0,2020-02-25
INC000996,P000131,Imran Siddiqui,ACCUSED,0,0,
INC000996,P001470,Nadeem Shaikh,COMPLAINANT,0,0,
INC000997,P000403,Saravanan Mudaliar,SUSPECT,1,1,2026-05-01
INC000997,P001298,Harpreet Toor,COMPLAINANT,0,0,
INC000997,P001022,Kuldeep Kashyap,VICTIM,0,0,
INC000997,P001041,Hansa Parmar,WITNESS,0,0,
INC000998,P000745,Paresh Rabari,ACCUSED,1,1,2026-06-13
INC000998,P000754,Dharmesh Makwana,SUSPECT,0,0,
INC000998,P000737,Sachin Patil,ACCUSED,0,0,
INC000998,P000722,Ashwin Shah,ABSCONDING_ACCUSED,1,1,2026-07-18
INC000998,P000721,Munna Kushwaha,ACCUSED,1,1,2026-05-01
INC000998,P001022,Kuldeep Kashyap,COMPLAINANT,0,0,
INC000998,P001464,Sathish Sharma,VICTIM,0,0,
INC000999,P000910,Ranjan Sardar,ACCUSED,0,0,
INC000999,P000946,Rajni Awasthi,ACCUSED,1,1,2024-07-30
INC000999,P000919,Sreenivasan Achari,ACCUSED,0,0,
INC000999,P000975,Rajwinder Sidhu,ABSCONDING_ACCUSED,1,0,2024-10-03
INC000999,P001237,Devendra Sengar,COMPLAINANT,0,0,
INC000999,P001011,Pushpalatha Bellad,VICTIM,0,0,
INC000999,P001173,Sarla Vyas,WITNESS,0,0,
INC001000,P000097,Manpreet Sekhon,ACCUSED,0,0,
INC001000,P000093,Wasim Baig,SUSPECT,1,0,2024-06-24
INC001000,P000103,Hanuman Beniwal,ACCUSED,1,1,2024-05-28
INC001000,P001160,Pramod Awasthi,COMPLAINANT,0,0,
INC001000,P001344,Baljit Sidhu,VICTIM,0,0,
INC001000,P001264,Karni Rathore,WITNESS,0,0,
INC001001,P000905,Amarjit Kang,ACCUSED,1,1,2025-01-20
INC001001,P001184,Mallesh Mudiraj,COMPLAINANT,0,0,
INC001001,P001461,Chandra Shekar Choudary,VICTIM,0,0,
INC001001,P001019,Rubina Pathan,WITNESS,0,0,
INC001002,P000909,Balwinder Sidhu,ABSCONDING_ACCUSED,1,0,2026-10-24
INC001002,P001442,Bhavna Barot,COMPLAINANT,0,0,
INC001002,P001415,Poongodi Muthusamy,VICTIM,0,0,
INC001003,P000013,Mushtaq Baig,ACCUSED,1,1,2026-05-28
INC001003,P000055,Ibrahim Mirza,SUSPECT,1,1,2026-01-29
INC001003,P000071,Chirag Desai,ABSCONDING_ACCUSED,0,0,
INC001003,P000030,Rahul Jadhav,ACCUSED,1,0,2026-05-25
INC001003,P001366,Sasmita Barik,COMPLAINANT,0,0,
INC001003,P001162,Anitha Achari,VICTIM,0,0,
INC001004,P000503,Kavita Nishad,SUSPECT,1,1,2026-07-26
INC001004,P001193,Palash Das,COMPLAINANT,0,0,
INC001004,P001402,Falguni Bhatt,VICTIM,0,0,
INC001005,P000953,Bibhuti Behera,SUSPECT,1,1,2026-07-02
INC001005,P000962,Divyesh Bhatt,SUSPECT,0,0,
INC001005,P000956,Bhaskar Kadam,SUSPECT,1,1,2026-10-27
INC001005,P000951,Nathu Ranawat,ACCUSED,1,1,2026-10-28
INC001005,P000884,Wasim Mansuri,SUSPECT,1,0,2026-08-23
INC001005,P001500,Salim Qureshi,COMPLAINANT,0,0,
INC001005,P001239,Yogendra Bhadauria,VICTIM,0,0,
INC001005,P001448,Reshma Chaudhary,WITNESS,0,0,
INC001006,P000757,Ashfaq Rahman,SUSPECT,1,1,2020-01-08
INC001006,P000724,Pandurang Naik,SUSPECT,0,0,
INC001006,P001152,Joseph Menezes,COMPLAINANT,0,0,
INC001006,P001133,Madan Charan,VICTIM,0,0,
INC001007,P000764,Om Prakash Maurya,SUSPECT,1,1,2025-03-09
INC001007,P000794,Wasim Hussain,ACCUSED,1,0,2025-04-26
INC001007,P000773,Shakuntala Nishad,SUSPECT,1,1,2025-07-31
INC001007,P000766,Balbir Shukla,ABSCONDING_ACCUSED,0,0,
INC001007,P000796,Abdul Malik,ABSCONDING_ACCUSED,1,0,2025-05-07
INC001007,P001295,Gautam Barman,COMPLAINANT,0,0,
INC001007,P001351,Nilesh Trivedi,VICTIM,0,0,
INC001007,P001283,Swapnil Naik,WITNESS,0,0,
INC001008,P000972,Prakash Rai,ACCUSED,1,0,2024-07-23
INC001008,P001032,Sanjay Tiwari,COMPLAINANT,0,0,
INC001008,P001365,Sujatha Setty,VICTIM,0,0,
INC001009,P000057,Sagar Bhoir,ACCUSED,0,0,
INC001009,P000041,Pandurang Bhoir,ACCUSED,0,0,
INC001009,P000070,Ashwin Trivedi,ACCUSED,0,0,
INC001009,P000038,Tushar Zala,ACCUSED,1,1,2024-09-03
INC001009,P001494,Poonam Sengar,COMPLAINANT,0,0,
INC001009,P001009,Balbir Prajapati,VICTIM,0,0,
INC001009,P001127,Vaishali Trivedi,WITNESS,0,0,
INC001010,P000109,Firoz Chaudhary,SUSPECT,1,1,2022-09-24
INC001010,P000095,Satnam Bains,ACCUSED,1,1,2022-11-11
INC001010,P001232,Sunil Verma,COMPLAINANT,0,0,
INC001010,P001460,Nilesh Jadhav,VICTIM,0,0,
INC001010,P001003,Rachna Baghel,WITNESS,0,0,
INC001011,P000563,Malkiat Bains,ABSCONDING_ACCUSED,1,1,2026-06-11
INC001011,P000536,Javed Shaikh,ABSCONDING_ACCUSED,0,0,
INC001011,P000553,Vijay Rajput,ABSCONDING_ACCUSED,1,1,2026-07-14
INC001011,P001076,Bikash Naskar,COMPLAINANT,0,0,
INC001011,P001058,Ravichandran Pillai,VICTIM,0,0,
INC001012,P000685,Balbir Mishra,ACCUSED,0,0,
INC001012,P000674,Basanta Pradhan,ACCUSED,1,1,2022-11-21
INC001012,P000697,Kartik Dutta,SUSPECT,0,0,
INC001012,P000682,Rupa Das,ACCUSED,0,0,
INC001012,P001025,Ramulu Reddy,COMPLAINANT,0,0,
INC001012,P001481,Vaishnavi Gaikwad,VICTIM,0,0,
INC001013,P000783,Firoz Siddiqui,SUSPECT,1,1,2025-11-14
INC001013,P000780,Pradeep Prajapati,ACCUSED,1,0,2026-02-24
INC001013,P001361,Suman Bhati,COMPLAINANT,0,0,
INC001013,P001384,Palash Bose,VICTIM,0,0,
INC001013,P001177,Thangaraj Mudaliar,WITNESS,0,0,
INC001014,P000115,Nirmal Singh,ACCUSED,1,1,2024-05-25
INC001014,P001343,Jagabandhu Sahoo,COMPLAINANT,0,0,
INC001014,P001172,Swapan Das,VICTIM,0,0,
INC001015,P000722,Ashwin Shah,ACCUSED,0,0,
INC001015,P000753,Chandrabhan Shukla,ACCUSED,1,1,2026-07-19
INC001015,P000742,Smita Sawant,ACCUSED,1,1,2026-09-16
INC001015,P000747,Jitendra Bhardwaj,ABSCONDING_ACCUSED,1,1,2026-08-18
INC001015,P001426,Falguni Patel,COMPLAINANT,0,0,
INC001015,P001078,Pramila Munda,VICTIM,0,0,
INC001016,P000848,Nagaraju Gupta,ACCUSED,1,0,2025-05-13
INC001016,P000869,Selvam Subramanian,SUSPECT,0,0,
INC001016,P001154,Nagaraju Bandari,COMPLAINANT,0,0,
INC001016,P001461,Chandra Shekar Choudary,VICTIM,0,0,
INC001017,P000523,Triloki Shukla,ACCUSED,1,1,2025-09-13
INC001017,P001263,Priyanka Chavan,COMPLAINANT,0,0,
INC001017,P001408,Udaiveer Dixit,VICTIM,0,0,
INC001018,P000709,Akshaya Sahoo,ACCUSED,1,1,2025-09-10
INC001018,P000668,Sarat Rout,ACCUSED,1,1,2025-09-08
INC001018,P001093,Farida Siddiqui,COMPLAINANT,0,0,
INC001018,P001281,Vidyawati Tiwari,VICTIM,0,0,
INC001018,P001008,Yasmin Alam,WITNESS,0,0,
INC001019,P000057,Sagar Bhoir,ABSCONDING_ACCUSED,1,0,2026-07-27
INC001019,P000024,Bharat Gohil,ACCUSED,0,0,
INC001019,P000003,Dattatray Waghmare,ACCUSED,1,0,2026-05-27
INC001019,P001482,Sujoy Sardar,COMPLAINANT,0,0,
INC001019,P001282,Nazia Khan,VICTIM,0,0,
INC001019,P001178,Javed Malik,WITNESS,0,0,
INC001020,P000221,Triloki Solanki,ACCUSED,1,1,2024-02-15
INC001020,P000263,Palash Sen,ACCUSED,1,1,2024-01-05
INC001020,P001012,Harjinder Gill,COMPLAINANT,0,0,
INC001020,P001479,Jaswant Sandhu,VICTIM,0,0,
INC001020,P001187,Bhagaban Pradhan,WITNESS,0,0,
INC001021,P000693,Arun Chauhan,ABSCONDING_ACCUSED,1,1,2025-01-09
INC001021,P000673,Vijay Dubey,SUSPECT,1,1,2025-05-23
INC001021,P000678,Bibhuti Munda,ACCUSED,1,1,2025-01-07
INC001021,P000702,Basanta Jena,ACCUSED,1,0,2025-03-21
INC001021,P001387,Arun Yadav,COMPLAINANT,0,0,
INC001021,P001293,Shanti Gupta,VICTIM,0,0,
INC001021,P001153,Kanta Gurjar,WITNESS,0,0,
INC001022,P000464,Vinod Rajput,ACCUSED,1,1,2023-02-18
INC001022,P001146,Vidyawati Kushwaha,COMPLAINANT,0,0,
INC001022,P001125,Remya Thomas,VICTIM,0,0,
INC001022,P001015,Nasreen Baig,WITNESS,0,0,
INC001023,P000548,Anil Prajapati,ABSCONDING_ACCUSED,1,1,2019-08-19
INC001023,P000530,Ranjit Bajwa,ACCUSED,1,0,2019-09-22
INC001023,P001398,Sajid Chaudhary,COMPLAINANT,0,0,
INC001023,P001239,Yogendra Bhadauria,VICTIM,0,0,
INC001024,P000527,Harbhajan Sarao,ACCUSED,1,1,2025-09-28
INC001024,P000551,Abdul Idrisi,ABSCONDING_ACCUSED,1,0,2025-05-30
INC001024,P000537,Harbhajan Bhullar,ACCUSED,0,0,
INC001024,P000566,Ajay Dubey,ACCUSED,1,0,2025-07-13
INC001024,P001474,Joseph Almeida,COMPLAINANT,0,0,
INC001024,P001262,Rajesh Thakur,VICTIM,0,0,
INC001024,P001341,Tapasi Chakraborty,WITNESS,0,0,
INC001025,P000435,Naseer Zaidi,ACCUSED,1,1,2024-02-07
INC001025,P000460,Anil Pandey,SUSPECT,0,0,
INC001025,P000418,Gopal Naskar,SUSPECT,1,1,2024-01-23
INC001025,P001267,Reshma Zaidi,COMPLAINANT,0,0,
INC001025,P001418,Dinesh Srivastava,VICTIM,0,0,
INC001026,P000151,Baljinder Mann,ACCUSED,0,0,
INC001026,P000139,Chhagan Saini,SUSPECT,1,1,2021-12-09
INC001026,P001318,Paresh Solanki,COMPLAINANT,0,0,
INC001026,P001165,Harbhajan Bains,VICTIM,0,0,
INC001026,P001278,Imran Hussain,WITNESS,0,0,
INC001027,P000174,Ranveer Gurjar,SUSPECT,1,1,2026-11-06
INC001027,P000162,Amarjit Dhillon,ACCUSED,0,0,
INC001027,P001072,Manjit Sekhon,COMPLAINANT,0,0,
INC001027,P001137,Poongodi Annadurai,VICTIM,0,0,
INC001027,P001440,Elango Annadurai,WITNESS,0,0,
INC001028,P000849,Bikram Sangma,ABSCONDING_ACCUSED,0,0,
INC001028,P001390,Naresh Srivastava,COMPLAINANT,0,0,
INC001028,P001420,Rupa Halder,VICTIM,0,0,
INC001029,P000522,Wasim Malik,ACCUSED,1,0,2026-01-07
INC001029,P000560,Devendra Bhardwaj,ACCUSED,1,0,2025-11-16
INC001029,P000536,Javed Shaikh,ACCUSED,1,1,2025-12-27
INC001029,P001334,Ramesh Tomar,COMPLAINANT,0,0,
INC001029,P001359,Sarita Gupta,VICTIM,0,0,
INC001030,P000710,Sujoy Bhattacharya,ACCUSED,1,1,2024-10-31
INC001030,P000673,Vijay Dubey,SUSPECT,1,1,2024-10-12
INC001030,P000681,Ashim Biswas,ABSCONDING_ACCUSED,1,1,2024-11-02
INC001030,P000701,Pradip Naskar,ACCUSED,1,1,2024-12-28
INC001030,P000672,Sasmita Mallick,ACCUSED,0,0,
INC001030,P000711,Vijay Singh,ACCUSED,0,0,
INC001030,P000697,Kartik Dutta,ACCUSED,0,0,
INC001030,P001060,Arivazhagan Mudaliar,COMPLAINANT,0,0,
INC001030,P001268,Deepa Warrier,VICTIM,0,0,
INC001031,P000373,Saravanan Mudaliar,ACCUSED,1,1,2025-12-24
INC001031,P000364,Jitendra Prajapati,ABSCONDING_ACCUSED,0,0,
INC001031,P000360,Jagdish Singh,ACCUSED,0,0,
INC001031,P001234,Kuldeep Awasthi,COMPLAINANT,0,0,
INC001031,P001467,Rubina Chaudhary,VICTIM,0,0,
INC001032,P000855,Alemba Momin,ACCUSED,1,1,2023-12-22
INC001032,P001071,Surinder Bajwa,COMPLAINANT,0,0,
INC001032,P001448,Reshma Chaudhary,VICTIM,0,0,
INC001033,P000358,Prakash Rai,SUSPECT,1,1,2026-07-26
INC001033,P001298,Harpreet Toor,COMPLAINANT,0,0,
INC001033,P001139,Nagaraju Sharma,VICTIM,0,0,
INC001034,P000789,Wasim Qureshi,ACCUSED,1,1,2026-08-27
INC001034,P000792,Nazia Khan,SUSPECT,1,1,2026-09-21
INC001034,P000771,Chandrabhan Bhardwaj,ABSCONDING_ACCUSED,1,1,2026-07-08
INC001034,P000784,Ashfaq Sheikh,ACCUSED,0,0,
INC001034,P000767,Balbir Dixit,ACCUSED,0,0,
INC001034,P001037,Sindhu Namboothiri,COMPLAINANT,0,0,
INC001034,P001452,Preeti Tomar,VICTIM,0,0,
INC001034,P001094,Shabana Ahmed,WITNESS,0,0,
INC001035,P000877,Palanisamy Annadurai,SUSPECT,0,0,
INC001035,P000867,Lekhraj Bhardwaj,ACCUSED,0,0,
INC001035,P001102,Kuldeep Nagar,COMPLAINANT,0,0,
INC001035,P001031,Mallesh Kumar,VICTIM,0,0,
INC001035,P001164,Sasmita Rout,WITNESS,0,0,
INC001036,P000692,Bimal Halder,ACCUSED,1,1,2025-04-20
INC001036,P001084,Davinder Kang,COMPLAINANT,0,0,
INC001036,P001176,Amutha Pandian,VICTIM,0,0,
INC001036,P001251,Reshma Farooqui,WITNESS,0,0,
INC001037,P000799,Shakeel Pathan,ABSCONDING_ACCUSED,1,1,2025-09-01
INC001037,P000764,Om Prakash Maurya,ACCUSED,1,1,2025-04-17
INC001037,P000796,Abdul Malik,ACCUSED,1,1,2025-04-25
INC001037,P000788,Rafiq Malik,ACCUSED,1,0,2025-04-23
INC001037,P001437,Prabhakar Naidu,COMPLAINANT,0,0,
INC001037,P001417,Bhagaban Mohanty,VICTIM,0,0,
INC001038,P000925,Sachin Naik,ACCUSED,1,0,2022-01-04
INC001038,P000912,Ajay Jaiswal,ACCUSED,0,0,
INC001038,P000922,Jignesh Parmar,ACCUSED,0,0,
INC001038,P000985,Arindam Chakraborty,ABSCONDING_ACCUSED,0,0,
INC001038,P001148,Kishan Jhala,COMPLAINANT,0,0,
INC001038,P001293,Shanti Gupta,VICTIM,0,0,
INC001039,P000593,Ashim Pal,ABSCONDING_ACCUSED,1,1,2022-12-06
INC001039,P000610,Nirmal Bose,ACCUSED,0,0,
INC001039,P001254,Lekhraj Kashyap,COMPLAINANT,0,0,
INC001039,P001326,Nirmala Rajput,VICTIM,0,0,
INC001040,P000114,Gayatri Jat,ACCUSED,1,1,2025-06-11
INC001040,P000111,Nirmal Bains,ACCUSED,0,0,
INC001040,P000134,Tanveer Sheikh,ACCUSED,1,1,2025-02-28
INC001040,P001138,Rajwinder Mann,COMPLAINANT,0,0,
INC001040,P001377,Rekha Prajapati,VICTIM,0,0,
INC001040,P001070,Nazia Ansari,WITNESS,0,0,
INC001041,P000933,Sajid Zaidi,ACCUSED,0,0,
INC001041,P001342,Prakash Patil,COMPLAINANT,0,0,
INC001041,P001301,Pandurang Kadam,VICTIM,0,0,
INC001041,P001219,Arun Rajput,WITNESS,0,0,
INC001042,P000849,Bikram Sangma,ABSCONDING_ACCUSED,1,0,2025-07-23
INC001042,P000868,Satish Maurya,SUSPECT,0,0,
INC001042,P000860,Chandra Shekar Choudary,ACCUSED,0,0,
INC001042,P000857,Narsimha Vemula,ACCUSED,0,0,
INC001042,P001443,Srinivas Varma,COMPLAINANT,0,0,
INC001042,P001150,Venkatesh Sharma,VICTIM,0,0,
INC001042,P001450,Chitra Chettiar,WITNESS,0,0,
INC001043,P000803,Malkiat Virk,ACCUSED,1,1,2026-05-10
INC001043,P000838,Chandrabhan Bhadauria,ABSCONDING_ACCUSED,1,0,2026-03-21
INC001043,P000820,Kulwant Toor,ACCUSED,1,0,2026-06-29
INC001043,P001132,Pushpa Saini,COMPLAINANT,0,0,
INC001043,P001097,Nasreen Shaikh,VICTIM,0,0,
INC001044,P000151,Baljinder Mann,ACCUSED,1,0,2026-07-31
INC001044,P000164,Gurmeet Aulakh,ABSCONDING_ACCUSED,1,0,2026-09-27
INC001044,P000106,Amarjit Sidhu,SUSPECT,0,0,
INC001044,P001478,Satish Mishra,COMPLAINANT,0,0,
INC001044,P001002,Suman Sisodia,VICTIM,0,0,
INC001044,P001407,Bikash Majumdar,WITNESS,0,0,
INC001045,P000781,Prakash Maurya,ACCUSED,0,0,
INC001045,P000791,Sarfaraz Saifi,SUSPECT,1,0,2022-10-02
INC001045,P000775,Shakeel Idrisi,ACCUSED,0,0,
INC001045,P000785,Girdhari Saini,SUSPECT,0,0,
INC001045,P001140,Ramkali Gupta,COMPLAINANT,0,0,
INC001045,P001044,Faizan Ansari,VICTIM,0,0,
INC001046,P000726,Rahul Rane,SUSPECT,1,1,2025-09-01
INC001046,P000720,Manisha Patil,ACCUSED,0,0,
INC001046,P001373,Alpesh Barot,COMPLAINANT,0,0,
INC001047,P000922,Jignesh Parmar,ACCUSED,0,0,
INC001047,P000997,Pradip Majumdar,ACCUSED,0,0,
INC001047,P001157,Praveen Joseph,COMPLAINANT,0,0,
INC001047,P001377,Rekha Prajapati,VICTIM,0,0,
INC001048,P000008,Tanveer Idrisi,ACCUSED,0,0,
INC001048,P001131,Harjinder Bajwa,COMPLAINANT,0,0,
INC001048,P001242,Bhaskar Shinde,VICTIM,0,0,
INC001049,P000353,Ratheesh Menon,SUSPECT,1,1,2023-12-03
INC001049,P000308,Netrapal Singh,ABSCONDING_ACCUSED,0,0,
INC001049,P000347,Satish Kushwaha,ACCUSED,1,1,2023-12-25
INC001049,P000329,Rambabu Yadav,ABSCONDING_ACCUSED,0,0,
INC001049,P000354,Shailendra Baghel,SUSPECT,0,0,
INC001049,P000341,Vipin Panicker,ACCUSED,1,0,2023-10-04
INC001049,P000306,Nadeem Idrisi,SUSPECT,1,1,2023-11-20
INC001049,P001473,Shabana Qureshi,COMPLAINANT,0,0,
INC001049,P001137,Poongodi Annadurai,VICTIM,0,0,
INC001049,P001399,Rachhpal Mann,WITNESS,0,0,
INC001050,P000994,Jasbir Virk,ABSCONDING_ACCUSED,1,1,2022-01-02
INC001050,P000968,Ganesh Pawar,ACCUSED,1,1,2022-03-10
INC001050,P001076,Bikash Naskar,COMPLAINANT,0,0,
INC001050,P001037,Sindhu Namboothiri,VICTIM,0,0,
INC001050,P001038,Charanjit Kang,WITNESS,0,0,
INC001051,P000700,Mahesh Yadav,ACCUSED,0,0,
INC001051,P001012,Harjinder Gill,COMPLAINANT,0,0,
INC001051,P001125,Remya Thomas,VICTIM,0,0,
INC001051,P001452,Preeti Tomar,WITNESS,0,0,
INC001052,P000798,Firoz Mansuri,ACCUSED,0,0,
INC001052,P000765,Salim Shaikh,ACCUSED,0,0,
INC001052,P000792,Nazia Khan,SUSPECT,1,1,2025-11-15
INC001052,P001061,Manisha More,COMPLAINANT,0,0,
INC001052,P001403,Ratheesh Varghese,VICTIM,0,0,
INC001053,P000732,Bhaskar Shinde,ACCUSED,1,1,2021-12-11
INC001053,P000726,Rahul Rane,SUSPECT,0,0,
INC001053,P000748,Divyesh Desai,SUSPECT,1,1,2022-01-04
INC001053,P000757,Ashfaq Rahman,ABSCONDING_ACCUSED,1,1,2021-07-17
INC001053,P001307,Biju Nair,COMPLAINANT,0,0,
INC001053,P001469,Sandeep Mishra,VICTIM,0,0,
INC001054,P000484,Tanveer Shaikh,ACCUSED,1,1,2021-07-25
INC001054,P001417,Bhagaban Mohanty,COMPLAINANT,0,0,
INC001054,P001274,Yusuf Saifi,VICTIM,0,0,
INC001055,P000104,Devi Lal Vyas,ACCUSED,1,1,2024-12-17
INC001055,P000140,Bhanwari Jat,ACCUSED,0,0,
INC001055,P001387,Arun Yadav,COMPLAINANT,0,0,
INC001055,P001480,Ibrahim Ahmed,WITNESS,0,0,
INC001056,P000590,Shailendra Kashyap,ACCUSED,1,0,2022-10-19
INC001056,P000581,Shahnawaz Ansari,ACCUSED,0,0,
INC001056,P000584,Pradip Sen,ABSCONDING_ACCUSED,1,1,2022-08-13
INC001056,P000603,Firoz Rahman,ACCUSED,0,0,
INC001056,P000589,Ramesh Awasthi,ACCUSED,1,1,2022-12-24
INC001056,P001450,Chitra Chettiar,COMPLAINANT,0,0,
INC001056,P001323,Rohini Kamble,VICTIM,0,0,
INC001057,P000497,Prakash Thakur,ACCUSED,1,0,2023-11-28
INC001057,P000492,Sunil Nagar,SUSPECT,1,0,2023-10-01
INC001057,P000500,Wasim Rahman,ACCUSED,0,0,
INC001057,P000473,Arun Kashyap,ACCUSED,1,1,2023-10-18
INC001057,P000479,Balbir Baghel,SUSPECT,0,0,
INC001057,P001216,Gautam Gayen,COMPLAINANT,0,0,
INC001057,P001490,Renuka Kulkarni,VICTIM,0,0,
INC001057,P001417,Bhagaban Mohanty,WITNESS,0,0,
INC001058,P000980,Manikandan Subramanian,ACCUSED,0,0,
INC001058,P000955,Balaraju Nallamothu,ACCUSED,1,0,2025-05-18
INC001058,P001221,Rodney Almeida,COMPLAINANT,0,0,
INC001058,P001372,Dhanapal Chettiar,VICTIM,0,0,
INC001059,P000017,Swapnil Tandel,ABSCONDING_ACCUSED,1,1,2025-07-31
INC001059,P000059,Bharat Bhatt,ACCUSED,1,0,2025-08-07
INC001059,P000061,Amol Tandel,SUSPECT,0,0,
INC001059,P001337,Snehal Shinde,COMPLAINANT,0,0,
INC001059,P001002,Suman Sisodia,VICTIM,0,0,
INC001059,P001419,Malathi Nadar,WITNESS,0,0,
INC001060,P000169,Rukhsana Ahmed,ACCUSED,1,1,2022-01-30
INC001060,P000130,Sohan Kumawat,ACCUSED,1,1,2022-02-01
INC001060,P001174,Shahnawaz Khan,COMPLAINANT,0,0,
INC001060,P001144,Rekha Nagar,VICTIM,0,0,
INC001060,P001328,Sanoop Joseph,WITNESS,0,0,
INC001061,P000681,Ashim Biswas,ACCUSED,0,0,
INC001061,P000700,Mahesh Yadav,ACCUSED,0,0,
INC001061,P000696,Jagabandhu Sahoo,ACCUSED,1,1,2026-05-13
INC001061,P001413,Nilesh Deshmukh,COMPLAINANT,0,0,
INC001061,P001126,Baljinder Brar,VICTIM,0,0,
INC001062,P000503,Kavita Nishad,ACCUSED,1,1,2025-03-06
INC001062,P000499,Chandrabhan Pandey,SUSPECT,0,0,
INC001062,P000510,Nazia Saifi,ACCUSED,0,0,
INC001062,P000472,Manoj Kashyap,ACCUSED,0,0,
INC001062,P001359,Sarita Gupta,COMPLAINANT,0,0,
INC001062,P001368,Kuni Mohanty,VICTIM,0,0,
INC001063,P000360,Jagdish Singh,ABSCONDING_ACCUSED,1,1,2023-11-07
INC001063,P000410,Arun Maurya,SUSPECT,1,1,2023-08-09
INC001063,P001142,Suresh Bhardwaj,COMPLAINANT,0,0,
INC001064,P000379,Saravanan Naicker,ABSCONDING_ACCUSED,0,0,
INC001064,P000407,Ajay Prajapati,ACCUSED,0,0,
INC001064,P000410,Arun Maurya,ACCUSED,1,1,2024-01-05
INC001064,P000398,Girish Hiremath,ACCUSED,1,1,2023-12-26
INC001064,P001421,Sukumar Pal,COMPLAINANT,0,0,
INC001064,P001271,Jayan Namboothiri,VICTIM,0,0,
INC001064,P001083,Kavita Baghel,WITNESS,0,0,
INC001065,P000925,Sachin Naik,SUSPECT,0,0,
INC001065,P000904,Bhagaban Patra,ACCUSED,1,1,2025-11-09
INC001065,P000897,Pramod Baghel,ACCUSED,0,0,
INC001065,P000972,Prakash Rai,ACCUSED,1,0,2025-11-04
INC001065,P000889,Shubhangi Naik,ACCUSED,1,1,2026-01-11
INC001065,P001496,Poonam Pandey,COMPLAINANT,0,0,
INC001065,P001497,Deepak Singh,VICTIM,0,0,
INC001066,P000679,Bandana Sardar,ABSCONDING_ACCUSED,1,1,2024-03-21
INC001066,P000696,Jagabandhu Sahoo,ACCUSED,1,1,2024-08-19
INC001066,P000674,Basanta Pradhan,ACCUSED,0,0,
INC001066,P000684,Sunil Verma,ACCUSED,1,1,2024-08-03
INC001066,P000678,Bibhuti Munda,ACCUSED,1,1,2024-05-22
INC001066,P001403,Ratheesh Varghese,COMPLAINANT,0,0,
INC001066,P001286,Poonam Kushwaha,VICTIM,0,0,
INC001066,P001495,Satish Verma,WITNESS,0,0,
INC001067,P000439,Gopal Biswas,SUSPECT,1,1,2023-07-16
INC001067,P000442,Swapan Gayen,ACCUSED,0,0,
INC001067,P001393,Swaroopa Vemula,COMPLAINANT,0,0,
INC001067,P001220,Nagaratna Kamath,VICTIM,0,0,
INC001068,P000726,Rahul Rane,ABSCONDING_ACCUSED,1,1,2026-08-03
INC001068,P001111,Ravinder Prasad,COMPLAINANT,0,0,
INC001068,P001329,Firoz Shaikh,VICTIM,0,0,
INC001069,P000321,Vipul Chauhan,ACCUSED,1,1,2022-05-23
INC001069,P001274,Yusuf Saifi,COMPLAINANT,0,0,
INC001069,P001371,Kavita Prajapati,VICTIM,0,0,
INC001069,P001275,Hanuman Jhala,WITNESS,0,0,
INC001070,P000142,Karamjit Bajwa,ACCUSED,0,0,
INC001070,P000097,Manpreet Sekhon,ACCUSED,1,1,2024-03-19
INC001070,P001233,Techi Jamir,COMPLAINANT,0,0,
INC001070,P001394,Saravanan Gounder,VICTIM,0,0,
INC001071,P000872,Bikram Jamir,ACCUSED,1,0,2025-07-28
INC001071,P000880,Murugan Annadurai,ACCUSED,0,0,
INC001071,P000858,Randhir Nishad,SUSPECT,0,0,
INC001071,P000854,Bikram Devi,ACCUSED,0,0,
INC001071,P001291,Hitesh Thakor,COMPLAINANT,0,0,
INC001071,P001207,Sunita Verma,VICTIM,0,0,
INC001071,P001178,Javed Malik,WITNESS,0,0,
INC001072,P000006,Zubair Sheikh,SUSPECT,1,1,2020-02-14
INC001072,P000059,Bharat Bhatt,ACCUSED,1,1,2020-02-12
INC001072,P001444,Clara Coutinho,COMPLAINANT,0,0,
INC001072,P001182,Jhunu Rout,VICTIM,0,0,
INC001072,P001190,Ramkali Bhadauria,WITNESS,0,0,
INC001073,P000625,Perumal Sundaram,ABSCONDING_ACCUSED,1,0,2022-07-18
INC001073,P001105,Gurpreet Dhaliwal,COMPLAINANT,0,0,
INC001073,P001299,Afsana Saifi,VICTIM,0,0,
INC001074,P000736,Sunil Yadav,ACCUSED,1,1,2025-12-30
INC001074,P000731,Aarti Shinde,ABSCONDING_ACCUSED,0,0,
INC001074,P001197,Bheru Kumawat,COMPLAINANT,0,0,
INC001074,P001013,Sachin Bhosale,VICTIM,0,0,
INC001075,P000649,Srinivas Choudary,ACCUSED,0,0,
INC001075,P000664,Mallesh Naidu,SUSPECT,1,0,2020-11-14
INC001075,P001015,Nasreen Baig,COMPLAINANT,0,0,
INC001075,P001219,Arun Rajput,VICTIM,0,0,
INC001075,P001315,Laxmi Saini,WITNESS,0,0,
INC001076,P000878,Srinivas Bandari,ACCUSED,0,0,
INC001076,P000868,Satish Maurya,ACCUSED,1,0,2025-11-14
INC001076,P000867,Lekhraj Bhardwaj,ACCUSED,1,1,2025-12-24
INC001076,P001343,Jagabandhu Sahoo,COMPLAINANT,0,0,
INC001076,P001417,Bhagaban Mohanty,VICTIM,0,0,
INC001076,P001352,Srinivas Prasad,WITNESS,0,0,
INC001077,P000295,Imran Saifi,ACCUSED,0,0,
INC001077,P000323,Wasim Sheikh,ACCUSED,1,1,2022-06-18
INC001077,P000307,Ibrahim Idrisi,ACCUSED,1,1,2022-05-03
INC001077,P000321,Vipul Chauhan,ACCUSED,0,0,
INC001077,P001396,Savita Chauhan,COMPLAINANT,0,0,
INC001077,P001009,Balbir Prajapati,VICTIM,0,0,
INC001077,P001351,Nilesh Trivedi,WITNESS,0,0,
INC001078,P000566,Ajay Dubey,ACCUSED,1,0,2021-12-07
INC001078,P000562,Yusuf Pathan,SUSPECT,1,1,2022-06-07
INC001078,P001055,Mushtaq Idrisi,COMPLAINANT,0,0,
INC001078,P001221,Rodney Almeida,VICTIM,0,0,
INC001078,P001423,Vidyawati Verma,WITNESS,0,0,
INC001079,P000742,Smita Sawant,ABSCONDING_ACCUSED,1,1,2025-10-14
INC001079,P000759,Devendra Chauhan,ACCUSED,0,0,
INC001079,P001474,Joseph Almeida,COMPLAINANT,0,0,
INC001079,P001394,Saravanan Gounder,VICTIM,0,0,
INC001079,P001081,Afsana Mansuri,WITNESS,0,0,
INC001080,P000741,Trupti Parmar,SUSPECT,1,1,2026-08-24
INC001080,P000738,Dharmesh Joshi,ACCUSED,1,1,2026-07-02
INC001080,P000752,Mitesh Shah,ABSCONDING_ACCUSED,0,0,
INC001080,P000742,Smita Sawant,ACCUSED,1,0,2026-06-29
INC001080,P001167,Palanisamy Nadar,COMPLAINANT,0,0,
INC001080,P001469,Sandeep Mishra,VICTIM,0,0,
INC001080,P001458,Sanjib Sarkar,WITNESS,0,0,
INC001081,P000344,Jignesh Dave,ACCUSED,0,0,
INC001081,P000293,Har Prasad Sharma,ACCUSED,1,0,2024-09-05
INC001081,P000309,Jignesh Thakor,ABSCONDING_ACCUSED,1,1,2024-12-08
INC001081,P000303,Balbir Yadav,ACCUSED,0,0,
INC001081,P000353,Ratheesh Menon,ACCUSED,0,0,
INC001081,P001156,Vetrivel Naicker,COMPLAINANT,0,0,
INC001081,P001110,Kamla Chauhan,VICTIM,0,0,
INC001082,P000852,Mallesh Kumar,ACCUSED,1,1,2024-10-13
INC001082,P000865,Padma Yadav,ACCUSED,1,0,2025-01-27
INC001082,P000862,Ngangbam Brahma,ABSCONDING_ACCUSED,0,0,
INC001082,P001004,Manjunath Bhat,COMPLAINANT,0,0,
INC001082,P001182,Jhunu Rout,VICTIM,0,0,
INC001083,P001000,Bhagya Angadi,ACCUSED,0,0,
INC001083,P000964,Kiran Waghmare,SUSPECT,1,1,2026-04-16
INC001083,P000968,Ganesh Pawar,SUSPECT,1,1,2026-03-26
INC001083,P001302,Manoj Marar,COMPLAINANT,0,0,
INC001083,P001252,Prakash Nagar,VICTIM,0,0,
INC001084,P000671,Basanta Jena,ACCUSED,1,0,2022-07-05
INC001084,P000685,Balbir Mishra,ACCUSED,1,0,2022-06-23
INC001084,P001205,Vijay Thakur,COMPLAINANT,0,0,
INC001084,P001091,Sandip Mhatre,VICTIM,0,0,
INC001084,P001217,Navneet Sandhu,WITNESS,0,0,
INC001085,P000873,Bikram Basumatary,ACCUSED,1,1,2026-02-08
INC001085,P000851,Ilango Subramanian,ACCUSED,1,0,2026-03-14
INC001085,P000850,Nagaraju Nallamothu,ACCUSED,0,0,
INC001085,P000855,Alemba Momin,SUSPECT,0,0,
INC001085,P001299,Afsana Saifi,COMPLAINANT,0,0,
INC001085,P001313,Kulwant Cheema,VICTIM,0,0,
INC001085,P001469,Sandeep Mishra,WITNESS,0,0,
INC001086,P000975,Rajwinder Sidhu,ACCUSED,1,1,2025-08-25
INC001086,P001321,Moumita Das,COMPLAINANT,0,0,
INC001086,P001221,Rodney Almeida,VICTIM,0,0,
INC001086,P001078,Pramila Munda,WITNESS,0,0,
INC001087,P000010,Amol Rane,ACCUSED,0,0,
INC001087,P000083,Mitesh Joshi,ACCUSED,1,1,2024-03-06
INC001087,P001385,Rafiq Rahman,COMPLAINANT,0,0,
INC001087,P001484,Sukhdev Dhillon,VICTIM,0,0,
INC001087,P001348,Nazia Saifi,WITNESS,0,0,
INC001088,P000683,Sanjib Mistry,ACCUSED,1,1,2026-02-28
INC001088,P000701,Pradip Naskar,ABSCONDING_ACCUSED,0,0,
INC001088,P001470,Nadeem Shaikh,COMPLAINANT,0,0,
INC001088,P001263,Priyanka Chavan,VICTIM,0,0,
INC001089,P000874,Ramulu Nallamothu,ACCUSED,0,0,
INC001089,P000868,Satish Maurya,ACCUSED,1,1,2025-11-13
INC001089,P001091,Sandip Mhatre,COMPLAINANT,0,0,
INC001089,P001329,Firoz Shaikh,VICTIM,0,0,
INC001090,P000747,Jitendra Bhardwaj,ACCUSED,0,0,
INC001090,P000762,Nilesh Shinde,ACCUSED,1,1,2023-11-23
INC001090,P001376,Gurpreet Kang,COMPLAINANT,0,0,
INC001090,P001073,Rajendran Thevar,VICTIM,0,0,
INC001090,P001093,Farida Siddiqui,WITNESS,0,0,
INC001091,P000768,Prakash Gupta,ACCUSED,1,1,2026-04-22
INC001091,P000795,Zubair Chaudhary,SUSPECT,0,0,
INC001091,P001135,Sudhakar Yadav,COMPLAINANT,0,0,
INC001091,P001334,Ramesh Tomar,VICTIM,0,0,
INC001091,P001325,Nagaratna Kulkarni,WITNESS,0,0,
INC001092,P000709,Akshaya Sahoo,ACCUSED,1,1,2026-03-25
INC001092,P000668,Sarat Rout,ACCUSED,0,0,
INC001092,P001297,Abdul Mansuri,COMPLAINANT,0,0,
INC001092,P001221,Rodney Almeida,VICTIM,0,0,
INC001092,P001257,Vaishnavi Bhoir,WITNESS,0,0,
INC001093,P000094,Malkiat Grewal,ACCUSED,1,1,2025-05-29
INC001093,P001243,Rajni Pandey,COMPLAINANT,0,0,
INC001093,P001254,Lekhraj Kashyap,VICTIM,0,0,
INC001093,P001299,Afsana Saifi,WITNESS,0,0,
INC001094,P000116,Kishan Godara,ACCUSED,1,1,2023-08-10
INC001094,P000144,Yusuf Baig,ACCUSED,0,0,
INC001094,P000166,Faizan Hussain,ACCUSED,1,1,2023-06-05
INC001094,P000137,Paramjit Gill,ACCUSED,1,0,2023-07-26
INC001094,P001014,Sanjay Bhadauria,COMPLAINANT,0,0,
INC001095,P000982,Nirmal Sarkar,SUSPECT,0,0,
INC001095,P000999,Satish Rathore,ACCUSED,0,0,
INC001095,P001249,Ganesh Pawar,COMPLAINANT,0,0,
INC001095,P001335,Manoj Srivastava,VICTIM,0,0,
INC001095,P001468,Arun Prajapati,WITNESS,0,0,
INC001096,P000370,Yallappa Angadi,ACCUSED,1,0,2025-05-10
INC001096,P001220,Nagaratna Kamath,COMPLAINANT,0,0,
INC001096,P001207,Sunita Verma,VICTIM,0,0,
INC001097,P000744,Hardik Thakor,ACCUSED,0,0,
INC001097,P000728,Netrapal Saini,ACCUSED,1,0,2022-09-24
INC001097,P000749,Shyamlal Bhardwaj,SUSPECT,0,0,
INC001097,P000746,Swapnil Kadam,ACCUSED,0,0,
INC001097,P001486,Netrapal Bhardwaj,COMPLAINANT,0,0,
INC001097,P001120,Basanta Jena,WITNESS,0,0,
INC001098,P000934,Bikash Mistry,SUSPECT,1,1,2025-02-22
INC001098,P000942,Rambabu Yadav,SUSPECT,0,0,
INC001098,P000962,Divyesh Bhatt,ACCUSED,0,0,
INC001098,P000888,Balwinder Dhaliwal,SUSPECT,1,0,2024-11-02
INC001098,P000889,Shubhangi Naik,ACCUSED,0,0,
INC001098,P001079,Dinesh Rathore,COMPLAINANT,0,0,
INC001098,P001302,Manoj Marar,VICTIM,0,0,
INC001099,P000735,Vipul Parmar,SUSPECT,1,1,2022-09-24
INC001099,P000732,Bhaskar Shinde,SUSPECT,1,1,2022-07-31
INC001099,P000751,Devendra Maurya,ACCUSED,1,1,2022-08-10
INC001099,P000740,Faizan Baig,ACCUSED,1,1,2022-10-11
INC001099,P000752,Mitesh Shah,ACCUSED,1,1,2022-11-17
INC001099,P000715,Imran Farooqui,ACCUSED,0,0,
INC001099,P000757,Ashfaq Rahman,ACCUSED,1,0,2023-02-13
INC001099,P001191,Imran Chaudhary,COMPLAINANT,0,0,
INC001099,P001393,Swaroopa Vemula,WITNESS,0,0,
INC001100,P000457,Naseer Malik,ABSCONDING_ACCUSED,0,0,
INC001100,P000438,Kartik Bose,ACCUSED,0,0,
INC001100,P000418,Gopal Naskar,SUSPECT,0,0,
INC001100,P001036,Nasreen Zaidi,COMPLAINANT,0,0,
INC001100,P001371,Kavita Prajapati,VICTIM,0,0,
INC001100,P001315,Laxmi Saini,WITNESS,0,0,
INC001101,P000889,Shubhangi Naik,ACCUSED,1,1,2023-12-23
INC001101,P000953,Bibhuti Behera,SUSPECT,0,0,
INC001101,P000982,Nirmal Sarkar,ACCUSED,1,1,2023-12-13
INC001101,P000920,Aruna Yadav,ACCUSED,1,1,2024-02-09
INC001101,P001251,Reshma Farooqui,COMPLAINANT,0,0,
INC001101,P001485,Farida Sheikh,VICTIM,0,0,
INC001101,P001089,Anita Dubey,WITNESS,0,0,
INC001102,P000106,Amarjit Sidhu,ACCUSED,0,0,
INC001102,P000141,Paramjit Grewal,ACCUSED,1,1,2025-03-10
INC001102,P001139,Nagaraju Sharma,COMPLAINANT,0,0,
INC001102,P001290,Baljit Toor,VICTIM,0,0,
INC001103,P000972,Prakash Rai,ACCUSED,1,1,2026-05-28
INC001103,P000892,Rakesh Solanki,ACCUSED,1,1,2026-06-16
INC001103,P000986,Venkatesh Setty,ACCUSED,0,0,
INC001103,P001396,Savita Chauhan,COMPLAINANT,0,0,
INC001103,P001326,Nirmala Rajput,VICTIM,0,0,
INC001104,P000754,Dharmesh Makwana,ACCUSED,0,0,
INC001104,P001309,Abdul Pathan,COMPLAINANT,0,0,
INC001104,P001216,Gautam Gayen,VICTIM,0,0,
INC001105,P000754,Dharmesh Makwana,ACCUSED,1,0,2026-01-26
INC001105,P000728,Netrapal Saini,ACCUSED,0,0,
INC001105,P001452,Preeti Tomar,COMPLAINANT,0,0,
INC001105,P001283,Swapnil Naik,VICTIM,0,0,
INC001105,P001416,Kannan Pillai,WITNESS,0,0,
INC001106,P000449,Sanjib Bhattacharya,ACCUSED,0,0,
INC001106,P000423,Sikha Halder,ACCUSED,1,1,2021-11-02
INC001106,P000444,Haroon Ansari,ACCUSED,0,0,
INC001106,P000466,Har Prasad Pandey,ACCUSED,0,0,
INC001106,P001343,Jagabandhu Sahoo,COMPLAINANT,0,0,
INC001106,P001018,Kesar Bishnoi,VICTIM,0,0,
INC001107,P000982,Nirmal Sarkar,ACCUSED,1,1,2025-10-31
INC001107,P000955,Balaraju Nallamothu,ACCUSED,1,0,2025-10-20
INC001107,P001024,Revathi Thevar,COMPLAINANT,0,0,
INC001107,P001483,Udaiveer Sengar,VICTIM,0,0,
INC001108,P000442,Swapan Gayen,ACCUSED,1,1,2025-01-05
INC001108,P000447,Javed Malik,ACCUSED,1,0,2024-07-28
INC001108,P001136,Shakeel Ansari,COMPLAINANT,0,0,
INC001108,P001150,Venkatesh Sharma,VICTIM,0,0,
INC001109,P000454,Gautam Halder,SUSPECT,1,1,2025-12-06
INC001109,P001196,Jagabandhu Dash,COMPLAINANT,0,0,
INC001109,P001239,Yogendra Bhadauria,VICTIM,0,0,
INC001110,P000190,Iqbal Khan,ACCUSED,1,1,2023-02-03
INC001110,P000200,Kavita Dubey,ABSCONDING_ACCUSED,0,0,
INC001110,P000286,Gautam Mondal,ACCUSED,1,1,2022-08-09
INC001110,P000220,Yogendra Gupta,SUSPECT,1,1,2022-10-27
INC001110,P000275,Arif Shaikh,ACCUSED,1,1,2022-08-28
INC001110,P001320,Rafiq Pathan,COMPLAINANT,0,0,
INC001110,P001322,Vasanthi Muthusamy,VICTIM,0,0,
INC001111,P000724,Pandurang Naik,ACCUSED,1,1,2024-08-29
INC001111,P000719,Yusuf Khan,ACCUSED,1,1,2024-10-09
INC001111,P000734,Bhaskar Kadam,SUSPECT,1,1,2024-08-10
INC001111,P000728,Netrapal Saini,ACCUSED,1,1,2024-08-13
INC001111,P000738,Dharmesh Joshi,ACCUSED,0,0,
INC001111,P001087,Shahnawaz Mansuri,COMPLAINANT,0,0,
INC001111,P001088,Prabhakar Mudiraj,VICTIM,0,0,
INC001111,P001423,Vidyawati Verma,WITNESS,0,0,
INC001112,P000420,Shahnawaz Hussain,ACCUSED,0,0,
INC001112,P001018,Kesar Bishnoi,COMPLAINANT,0,0,
INC001112,P001348,Nazia Saifi,VICTIM,0,0,
INC001113,P000892,Rakesh Solanki,ABSCONDING_ACCUSED,1,1,2023-04-14
INC001113,P000899,Pradeep Pandey,ACCUSED,0,0,
INC001113,P000896,Aslam Khan,ABSCONDING_ACCUSED,0,0,
INC001113,P000974,Netrapal Tiwari,SUSPECT,0,0,
INC001113,P001362,Tapasi Sen,COMPLAINANT,0,0,
INC001113,P001175,Nagaratna Shetty,VICTIM,0,0,
INC001114,P000889,Shubhangi Naik,ACCUSED,0,0,
INC001114,P000949,Sudha Singh,ABSCONDING_ACCUSED,1,1,2024-04-18
INC001114,P000959,Mitesh Rabari,ACCUSED,1,0,2024-08-27
INC001114,P000978,Kuldeep Thakur,ACCUSED,0,0,
INC001114,P001491,Shabana Siddiqui,COMPLAINANT,0,0,
INC001114,P001387,Arun Yadav,VICTIM,0,0,
INC001115,P000721,Munna Kushwaha,SUSPECT,1,1,2026-06-25
INC001115,P001336,Swapnil Gaikwad,COMPLAINANT,0,0,
INC001115,P001182,Jhunu Rout,WITNESS,0,0,
INC001116,P000347,Satish Kushwaha,ACCUSED,0,0,
INC001116,P000346,Rajeevan Marar,ACCUSED,1,0,2025-03-01
INC001116,P000312,Anoop Kurup,SUSPECT,1,1,2025-07-16
INC001116,P001047,Mariappan Kurup,COMPLAINANT,0,0,
INC001116,P001452,Preeti Tomar,VICTIM,0,0,
INC001117,P000085,Ibrahim Ansari,ACCUSED,0,0,
INC001117,P000046,Sandip Kamble,ACCUSED,1,1,2026-11-25
INC001117,P001002,Suman Sisodia,COMPLAINANT,0,0,
INC001117,P001394,Saravanan Gounder,VICTIM,0,0,
INC001118,P000491,Anil Srivastava,ACCUSED,1,1,2021-10-22
INC001118,P000517,Hariom Sengar,ACCUSED,1,1,2021-09-27
INC001118,P000502,Ramesh Nagar,ACCUSED,0,0,
INC001118,P000505,Nazia Khan,ACCUSED,1,1,2021-10-04
INC001118,P001124,Hardik Patel,COMPLAINANT,0,0,
INC001118,P001264,Karni Rathore,VICTIM,0,0,
INC001118,P001309,Abdul Pathan,WITNESS,0,0,
INC001119,P000277,Rupa Naskar,ACCUSED,1,1,2025-12-29
INC001119,P000181,Satish Rajput,ACCUSED,1,1,2025-09-13
INC001119,P000248,Afsana Ansari,ACCUSED,1,1,2026-01-24
INC001119,P000209,Nadeem Rahman,ACCUSED,0,0,
INC001119,P000204,Jagdish Rajput,SUSPECT,1,1,2025-10-23
INC001119,P001217,Navneet Sandhu,COMPLAINANT,0,0,
INC001119,P001171,Sandip Rane,VICTIM,0,0,
INC001120,P000381,Perumal Subramanian,ACCUSED,1,1,2022-12-10
INC001120,P000401,Rajendran Subramanian,ACCUSED,1,1,2023-04-19
INC001120,P000368,Dinesh Rathore,ACCUSED,0,0,
INC001120,P000400,Mallikarjun Hiremath,SUSPECT,0,0,
INC001120,P001297,Abdul Mansuri,COMPLAINANT,0,0,
INC001120,P001321,Moumita Das,VICTIM,0,0,
INC001121,P000868,Satish Maurya,SUSPECT,1,0,2025-08-31
INC001121,P000872,Bikram Jamir,SUSPECT,1,0,2025-09-25
INC001121,P000852,Mallesh Kumar,ACCUSED,1,0,2026-02-18
INC001121,P000878,Srinivas Bandari,SUSPECT,1,1,2025-09-06
INC001121,P001498,Selvam Chettiar,COMPLAINANT,0,0,
INC001121,P001353,Kuni Nayak,VICTIM,0,0,
INC001122,P000671,Basanta Jena,ACCUSED,1,1,2025-10-14
INC001122,P000693,Arun Chauhan,ACCUSED,0,0,
INC001122,P001180,Bhanwari Purohit,COMPLAINANT,0,0,
INC001122,P001437,Prabhakar Naidu,VICTIM,0,0,
INC001123,P000139,Chhagan Saini,SUSPECT,1,1,2021-05-08
INC001123,P000165,Nadeem Chaudhary,SUSPECT,1,0,2021-02-05
INC001123,P000153,Shahnawaz Mansuri,ACCUSED,1,1,2021-03-18
INC001123,P000174,Ranveer Gurjar,ABSCONDING_ACCUSED,0,0,
INC001123,P000110,Iqbal Pathan,ACCUSED,0,0,
INC001123,P001095,Meena Nagar,COMPLAINANT,0,0,
INC001123,P001267,Reshma Zaidi,WITNESS,0,0,
INC001124,P000862,Ngangbam Brahma,SUSPECT,1,1,2025-02-12
INC001124,P001180,Bhanwari Purohit,COMPLAINANT,0,0,
INC001124,P001083,Kavita Baghel,VICTIM,0,0,
INC001125,P000358,Prakash Rai,ACCUSED,1,1,2022-02-08
INC001125,P001271,Jayan Namboothiri,COMPLAINANT,0,0,
INC001126,P000733,Kalpesh Solanki,ACCUSED,1,1,2022-03-25
INC001126,P000724,Pandurang Naik,ABSCONDING_ACCUSED,1,1,2022-04-25
INC001126,P000729,Vinod Bhadauria,ACCUSED,1,1,2022-01-18
INC001126,P000747,Jitendra Bhardwaj,SUSPECT,1,1,2021-12-29
INC001126,P000715,Imran Farooqui,SUSPECT,1,1,2021-12-15
INC001126,P001129,Aruna Prasad,COMPLAINANT,0,0,
INC001126,P001121,Archana Bhardwaj,VICTIM,0,0,
INC001127,P000887,Anoop Kartha,ABSCONDING_ACCUSED,1,0,2023-11-17
INC001127,P000950,Nirmal Sardar,ABSCONDING_ACCUSED,1,1,2023-07-05
INC001127,P001136,Shakeel Ansari,COMPLAINANT,0,0,
INC001127,P001424,Nathu Ranawat,VICTIM,0,0,
INC001128,P000889,Shubhangi Naik,ACCUSED,0,0,
INC001128,P000888,Balwinder Dhaliwal,ACCUSED,1,1,2024-11-19
INC001128,P000896,Aslam Khan,ACCUSED,0,0,
INC001128,P001452,Preeti Tomar,COMPLAINANT,0,0,
INC001128,P001465,Afsana Mirza,VICTIM,0,0,
INC001129,P000318,Sarfaraz Shaikh,ACCUSED,1,1,2022-04-18
INC001129,P000329,Rambabu Yadav,ACCUSED,1,1,2022-02-19
INC001129,P000319,Sarfaraz Baig,ACCUSED,1,1,2022-04-10
INC001129,P000297,Divyesh Patel,SUSPECT,0,0,
INC001129,P000298,Baiju Marar,ACCUSED,0,0,
INC001129,P001048,Prabhakar Mudiraj,COMPLAINANT,0,0,
INC001129,P001421,Sukumar Pal,VICTIM,0,0,
INC001130,P000943,Ashfaq Farooqui,ACCUSED,0,0,
INC001130,P000905,Amarjit Kang,ACCUSED,1,1,2024-02-28
INC001130,P000964,Kiran Waghmare,ACCUSED,0,0,
INC001130,P001186,Balaraju Mudiraj,COMPLAINANT,0,0,
INC001130,P001420,Rupa Halder,WITNESS,0,0,
INC001131,P000506,Urmila Prajapati,SUSPECT,0,0,
INC001131,P000497,Prakash Thakur,SUSPECT,1,1,2026-07-20
INC001131,P000483,Ibrahim Pathan,ACCUSED,1,1,2026-09-09
INC001131,P000505,Nazia Khan,ACCUSED,0,0,
INC001131,P001323,Rohini Kamble,COMPLAINANT,0,0,
INC001131,P001408,Udaiveer Dixit,VICTIM,0,0,
INC001131,P001349,Jaswant Sarao,WITNESS,0,0,
INC001132,P000472,Manoj Kashyap,SUSPECT,1,1,2021-09-11
INC001132,P001164,Sasmita Rout,COMPLAINANT,0,0,
INC001132,P001276,Arif Pathan,VICTIM,0,0,
INC001132,P001066,Shibu Thomas,WITNESS,0,0,
INC001133,P000742,Smita Sawant,ACCUSED,1,1,2024-09-21
INC001133,P000753,Chandrabhan Shukla,ABSCONDING_ACCUSED,1,1,2024-08-20
INC001133,P001316,Shanti Dixit,COMPLAINANT,0,0,
INC001133,P001306,Rajni Bhardwaj,VICTIM,0,0,
INC001133,P001006,Kavya Raju,WITNESS,0,0,
INC001134,P000826,Jarnail Singh,ACCUSED,1,1,2025-05-03
INC001134,P000823,Harpreet Brar,ACCUSED,0,0,
INC001134,P001030,Aruna Mudiraj,COMPLAINANT,0,0,
INC001134,P001064,Aarti More,VICTIM,0,0,
INC001135,P000849,Bikram Sangma,ACCUSED,1,1,2025-08-23
INC001135,P000868,Satish Maurya,ACCUSED,0,0,
INC001135,P000848,Nagaraju Gupta,ACCUSED,1,1,2025-06-27
INC001135,P000874,Ramulu Nallamothu,ACCUSED,0,0,
INC001135,P000854,Bikram Devi,ACCUSED,0,0,
INC001135,P001133,Madan Charan,COMPLAINANT,0,0,
INC001135,P001359,Sarita Gupta,VICTIM,0,0,
INC001136,P000502,Ramesh Nagar,ACCUSED,0,0,
INC001136,P000495,Firoz Mansuri,ACCUSED,1,0,2026-11-15
INC001136,P000518,Rukhsana Rahman,ACCUSED,1,1,2026-09-07
INC001136,P001431,Chandra Shekar Reddy,COMPLAINANT,0,0,
INC001136,P001312,Sreenivasan Kurup,VICTIM,0,0,
INC001137,P000991,Nathu Beniwal,SUSPECT,1,1,2024-06-02
INC001137,P000920,Aruna Yadav,ACCUSED,1,1,2024-09-12
INC001137,P001487,Amol Mhatre,COMPLAINANT,0,0,
INC001137,P001403,Ratheesh Varghese,VICTIM,0,0,
INC001138,P000745,Paresh Rabari,SUSPECT,0,0,
INC001138,P000753,Chandrabhan Shukla,ACCUSED,0,0,
INC001138,P001004,Manjunath Bhat,COMPLAINANT,0,0,
INC001138,P001075,Alpesh Solanki,VICTIM,0,0,
INC001139,P000760,Ashfaq Shaikh,ACCUSED,1,1,2023-03-19
INC001139,P000729,Vinod Bhadauria,SUSPECT,0,0,
INC001139,P001106,Kuni Dash,COMPLAINANT,0,0,
INC001139,P001388,Haroon Rahman,VICTIM,0,0,
INC001139,P001455,Kesar Jhala,WITNESS,0,0,
INC001140,P000707,Akshaya Sahoo,ACCUSED,1,1,2022-06-27
INC001140,P000703,Mahesh Saini,ACCUSED,1,1,2022-05-01
INC001140,P000677,Bhagaban Dash,ACCUSED,0,0,
INC001140,P001458,Sanjib Sarkar,COMPLAINANT,0,0,
INC001140,P001239,Yogendra Bhadauria,VICTIM,0,0,
INC001141,P000147,Devi Lal Sisodia,ACCUSED,1,1,2024-04-10
INC001141,P000122,Karni Bishnoi,SUSPECT,0,0,
INC001141,P000171,Mohammed Shaikh,SUSPECT,0,0,
INC001141,P000149,Satnam Sandhu,ACCUSED,0,0,
INC001141,P000138,Rajwinder Sarao,ACCUSED,1,1,2024-06-26
INC001141,P001405,Nagesh Angadi,COMPLAINANT,0,0,
INC001141,P001335,Manoj Srivastava,VICTIM,0,0,
INC001142,P000317,Nishad Panicker,ACCUSED,0,0,
INC001142,P000348,Firoz Mirza,ACCUSED,0,0,
INC001142,P000345,Praveen Jacob,ACCUSED,0,0,
INC001142,P000320,Anoop Mathew,ABSCONDING_ACCUSED,0,0,
INC001142,P001086,Rajni Jaiswal,COMPLAINANT,0,0,
INC001142,P001479,Jaswant Sandhu,VICTIM,0,0,
INC001143,P000926,Mariappan Annadurai,ACCUSED,1,1,2025-08-27
INC001143,P000901,Yogesh Rane,SUSPECT,1,0,2025-10-02
INC001143,P000908,Harpreet Sidhu,ACCUSED,1,1,2025-11-10
INC001143,P001192,Kavya Nallamothu,COMPLAINANT,0,0,
INC001143,P001112,Anita Tiwari,VICTIM,0,0,
INC001144,P000375,Satish Kushwaha,ABSCONDING_ACCUSED,1,1,2026-04-20
INC001144,P000369,Ravichandran Nadar,SUSPECT,1,0,2026-04-28
INC001144,P001282,Nazia Khan,COMPLAINANT,0,0,
INC001144,P001134,Mangamma Setty,VICTIM,0,0,
INC001144,P001023,Siddaraju Poojary,WITNESS,0,0,
INC001145,P000640,Perumal Palanivel,ABSCONDING_ACCUSED,0,0,
INC001145,P001265,Jitendra Rathore,COMPLAINANT,0,0,
INC001145,P001021,Priyanka Gaikwad,VICTIM,0,0,
INC001145,P001276,Arif Pathan,WITNESS,0,0,
INC001146,P000986,Venkatesh Setty,ACCUSED,0,0,
INC001146,P001173,Sarla Vyas,COMPLAINANT,0,0,
INC001146,P001420,Rupa Halder,WITNESS,0,0,
INC001147,P000951,Nathu Ranawat,SUSPECT,1,1,2025-06-26
INC001147,P000937,Vipul Rabari,ABSCONDING_ACCUSED,1,1,2025-08-30
INC001147,P000888,Balwinder Dhaliwal,SUSPECT,1,0,2025-10-22
INC001147,P000938,Shanti Tomar,SUSPECT,0,0,
INC001147,P001333,Aparna Sardar,COMPLAINANT,0,0,
INC001147,P001074,Hariom Awasthi,VICTIM,0,0,
INC001148,P000104,Devi Lal Vyas,SUSPECT,1,0,2023-09-10
INC001148,P000162,Amarjit Dhillon,ACCUSED,0,0,
INC001148,P000137,Paramjit Gill,ACCUSED,0,0,
INC001148,P001473,Shabana Qureshi,COMPLAINANT,0,0,
INC001148,P001477,Chhaya Bhattacharya,VICTIM,0,0,
INC001149,P000948,Xavier Almeida,SUSPECT,0,0,
INC001149,P000895,Palash Ghosh,ACCUSED,0,0,
INC001149,P000980,Manikandan Subramanian,ACCUSED,0,0,
INC001149,P000936,Rajesh Awasthi,ACCUSED,1,0,2024-07-09
INC001149,P000888,Balwinder Dhaliwal,ACCUSED,1,0,2024-04-18
INC001149,P001082,Shakeel Shaikh,COMPLAINANT,0,0,
INC001149,P001198,Iqbal Hussain,VICTIM,0,0,
INC001149,P001286,Poonam Kushwaha,WITNESS,0,0,
INC001150,P000796,Abdul Malik,SUSPECT,0,0,
INC001150,P000786,Shailendra Sharma,ABSCONDING_ACCUSED,1,1,2025-03-12
INC001150,P000768,Prakash Gupta,SUSPECT,1,1,2024-12-03
INC001150,P000780,Pradeep Prajapati,ACCUSED,1,1,2025-02-20
INC001150,P001414,Sujoy Bose,COMPLAINANT,0,0,
INC001150,P001477,Chhaya Bhattacharya,VICTIM,0,0,
INC001151,P000131,Imran Siddiqui,SUSPECT,0,0,
INC001151,P000174,Ranveer Gurjar,ACCUSED,1,1,2026-05-10
INC001151,P001154,Nagaraju Bandari,COMPLAINANT,0,0,
INC001151,P001492,Basanti Dash,VICTIM,0,0,
INC001152,P000082,Swapnil Jadhav,ACCUSED,1,1,2026-04-30
INC001152,P000055,Ibrahim Mirza,ACCUSED,0,0,
INC001152,P001235,Deepa Jacob,COMPLAINANT,0,0,
INC001152,P001129,Aruna Prasad,VICTIM,0,0,
INC001153,P000747,Jitendra Bhardwaj,ACCUSED,1,1,2023-08-15
INC001153,P000714,Divyesh Vaghela,SUSPECT,1,0,2023-10-24
INC001153,P000742,Smita Sawant,SUSPECT,1,0,2023-06-15
INC001153,P000761,Mahesh Pandey,SUSPECT,1,1,2023-09-03
INC001153,P000757,Ashfaq Rahman,ACCUSED,1,1,2023-07-29
INC001153,P001266,Sekar Pandian,COMPLAINANT,0,0,
INC001153,P001004,Manjunath Bhat,VICTIM,0,0,
INC001154,P000430,Kartik Halder,ACCUSED,1,0,2023-09-13
INC001154,P000437,Farida Khan,ACCUSED,1,1,2023-06-04
INC001154,P000469,Mohammed Baig,SUSPECT,1,1,2023-09-15
INC001154,P000448,Gautam Majumdar,SUSPECT,0,0,
INC001154,P001405,Nagesh Angadi,COMPLAINANT,0,0,
INC001154,P001311,Jyotsna Patil,VICTIM,0,0,
INC001154,P001176,Amutha Pandian,WITNESS,0,0,
INC001155,P000864,Rambabu Goud,ACCUSED,1,1,2022-01-02
INC001155,P000866,Chinnadurai Annadurai,SUSPECT,0,0,
INC001155,P000847,Yumnam Marak,ACCUSED,1,1,2022-02-06
INC001155,P001291,Hitesh Thakor,COMPLAINANT,0,0,
INC001155,P001303,Naresh Baghel,VICTIM,0,0,
INC001155,P001069,Baljinder Mann,WITNESS,0,0,
INC001156,P000052,Vishal Jadhav,ACCUSED,0,0,
INC001156,P000021,Kishor Makwana,ACCUSED,1,1,2024-10-11
INC001156,P001097,Nasreen Shaikh,COMPLAINANT,0,0,
INC001156,P001032,Sanjay Tiwari,VICTIM,0,0,
INC001157,P000142,Karamjit Bajwa,ACCUSED,0,0,
INC001157,P000116,Kishan Godara,SUSPECT,1,1,2025-11-11
INC001157,P001201,Kanta Rathore,COMPLAINANT,0,0,
INC001157,P001289,Ranveer Gurjar,VICTIM,0,0,
INC001157,P001095,Meena Nagar,WITNESS,0,0,
INC001158,P000589,Ramesh Awasthi,ACCUSED,0,0,
INC001158,P000584,Pradip Sen,ACCUSED,0,0,
INC001158,P001070,Nazia Ansari,COMPLAINANT,0,0,
INC001158,P001215,Nirmala Jaiswal,VICTIM,0,0,
INC001159,P000796,Abdul Malik,ACCUSED,0,0,
INC001159,P001456,Hanumanthappa Kamath,COMPLAINANT,0,0,
INC001159,P001240,Gurpreet Dhaliwal,VICTIM,0,0,
INC001159,P001418,Dinesh Srivastava,WITNESS,0,0,
INC001160,P000895,Palash Ghosh,ACCUSED,0,0,
INC001160,P000928,Vijay Sengar,ACCUSED,1,1,2024-11-26
INC001160,P000970,Ashfaq Saifi,ABSCONDING_ACCUSED,0,0,
INC001160,P001042,Yusuf Shaikh,COMPLAINANT,0,0,
INC001160,P001113,Bhanwar Jhala,WITNESS,0,0,
INC001161,P000927,Mangesh Salunkhe,ABSCONDING_ACCUSED,0,0,
INC001161,P000915,Ibrahim Qureshi,SUSPECT,1,1,2026-08-11
INC001161,P000982,Nirmal Sarkar,ABSCONDING_ACCUSED,0,0,
INC001161,P001405,Nagesh Angadi,COMPLAINANT,0,0,
INC001161,P001426,Falguni Patel,VICTIM,0,0,
INC001161,P001395,Satish Pandey,WITNESS,0,0,
INC001162,P000674,Basanta Pradhan,ACCUSED,0,0,
INC001162,P000670,Bhagaban Sahoo,ACCUSED,1,1,2026-02-08
INC001162,P000707,Akshaya Sahoo,SUSPECT,1,1,2026-05-15
INC001162,P001448,Reshma Chaudhary,COMPLAINANT,0,0,
INC001162,P001439,Shabana Farooqui,VICTIM,0,0,
INC001163,P000692,Bimal Halder,ACCUSED,0,0,
INC001163,P000701,Pradip Naskar,ACCUSED,0,0,
INC001163,P000690,Bimal Majumdar,SUSPECT,1,1,2025-04-29
INC001163,P000706,Balbir Baghel,ABSCONDING_ACCUSED,0,0,
INC001163,P001004,Manjunath Bhat,COMPLAINANT,0,0,
INC001163,P001312,Sreenivasan Kurup,VICTIM,0,0,
INC001163,P001015,Nasreen Baig,WITNESS,0,0,
INC001164,P000682,Rupa Das,ABSCONDING_ACCUSED,0,0,
INC001164,P001392,Kamla Thakur,COMPLAINANT,0,0,
INC001164,P001408,Udaiveer Dixit,VICTIM,0,0,
INC001164,P001429,Arindam Majumdar,WITNESS,0,0,
INC001165,P000907,Ashim Gayen,ACCUSED,1,1,2025-07-21
INC001165,P000933,Sajid Zaidi,ACCUSED,1,1,2025-10-20
INC001165,P000943,Ashfaq Farooqui,ABSCONDING_ACCUSED,1,1,2025-09-16
INC001165,P000918,Deepak Awasthi,ACCUSED,1,0,2025-12-16
INC001165,P000965,Nabam Konyak,ACCUSED,1,1,2025-10-08
INC001165,P001155,Padma Kondapalli,COMPLAINANT,0,0,
INC001165,P001430,Rajendran Naicker,VICTIM,0,0,
INC001166,P000147,Devi Lal Sisodia,SUSPECT,0,0,
INC001166,P000116,Kishan Godara,ACCUSED,0,0,
INC001166,P001453,Unnikrishnan Achari,COMPLAINANT,0,0,
INC001166,P001183,Shobha Poojary,VICTIM,0,0,
INC001167,P000518,Rukhsana Rahman,ABSCONDING_ACCUSED,1,0,2026-11-25
INC001167,P000496,Har Prasad Rajput,ACCUSED,1,1,2026-10-10
INC001167,P000501,Rafiq Siddiqui,ABSCONDING_ACCUSED,0,0,
INC001167,P001481,Vaishnavi Gaikwad,COMPLAINANT,0,0,
INC001167,P001109,Sasmita Sahoo,VICTIM,0,0,
INC001168,P000021,Kishor Makwana,ACCUSED,1,1,2020-06-01
INC001168,P001407,Bikash Majumdar,COMPLAINANT,0,0,
INC001168,P001044,Faizan Ansari,VICTIM,0,0,
INC001169,P000185,Ashok Bhadauria,ACCUSED,1,1,2020-11-18
INC001169,P000207,Mahesh Sharma,ACCUSED,0,0,
INC001169,P001495,Satish Verma,COMPLAINANT,0,0,
INC001169,P001423,Vidyawati Verma,VICTIM,0,0,
INC001170,P000474,Prakash Singh,ACCUSED,1,1,2022-04-07
INC001170,P000482,Naresh Mishra,ACCUSED,1,1,2022-07-27
INC001170,P001417,Bhagaban Mohanty,COMPLAINANT,0,0,
INC001170,P001221,Rodney Almeida,VICTIM,0,0,
INC001170,P001021,Priyanka Gaikwad,WITNESS,0,0,
INC001171,P000195,Anil Thakur,ACCUSED,0,0,
INC001171,P000256,Mahesh Verma,ACCUSED,0,0,
INC001171,P000255,Lekhraj Dixit,ACCUSED,0,0,
INC001171,P000228,Rupa Roy,ACCUSED,0,0,
INC001171,P000224,Sunil Bhardwaj,ACCUSED,1,1,2023-08-17
INC001171,P001355,Ajay Kashyap,COMPLAINANT,0,0,
INC001171,P001467,Rubina Chaudhary,VICTIM,0,0,
INC001172,P000944,Siddaraju Patil,ACCUSED,1,1,2026-03-10
INC001172,P001461,Chandra Shekar Choudary,COMPLAINANT,0,0,
INC001172,P001235,Deepa Jacob,VICTIM,0,0,
INC001172,P001278,Imran Hussain,WITNESS,0,0,
INC001173,P000689,Jagdish Verma,ACCUSED,1,1,2026-03-05
INC001173,P000683,Sanjib Mistry,SUSPECT,1,1,2026-03-16
INC001173,P000677,Bhagaban Dash,ABSCONDING_ACCUSED,0,0,
INC001173,P001202,Swapnil Kamble,COMPLAINANT,0,0,
INC001173,P001303,Naresh Baghel,VICTIM,0,0,
INC001174,P000752,Mitesh Shah,ACCUSED,1,1,2026-06-21
INC001174,P000735,Vipul Parmar,ABSCONDING_ACCUSED,0,0,
INC001174,P001442,Bhavna Barot,COMPLAINANT,0,0,
INC001174,P001361,Suman Bhati,VICTIM,0,0,
INC001174,P001162,Anitha Achari,WITNESS,0,0,
INC001175,P000974,Netrapal Tiwari,SUSPECT,0,0,
INC001175,P000930,Yallappa Acharya,ABSCONDING_ACCUSED,0,0,
INC001175,P001018,Kesar Bishnoi,COMPLAINANT,0,0,
INC001175,P001396,Savita Chauhan,VICTIM,0,0,
INC001176,P000151,Baljinder Mann,SUSPECT,0,0,
INC001176,P001384,Palash Bose,COMPLAINANT,0,0,
INC001176,P001350,Arindam Adhikari,VICTIM,0,0,
INC001176,P001408,Udaiveer Dixit,WITNESS,0,0,
INC001177,P000721,Munna Kushwaha,ACCUSED,1,0,2026-09-29
INC001177,P001397,Bhavesh Thakor,COMPLAINANT,0,0,
INC001177,P001098,Kuldeep Cheema,VICTIM,0,0,
INC001177,P001280,Rubina Zaidi,WITNESS,0,0,
INC001178,P000990,Ravi Naik,ABSCONDING_ACCUSED,0,0,
INC001178,P000895,Palash Ghosh,ACCUSED,0,0,
INC001178,P000978,Kuldeep Thakur,ACCUSED,1,1,2023-06-10
INC001178,P000934,Bikash Mistry,ACCUSED,0,0,
INC001178,P000970,Ashfaq Saifi,ACCUSED,0,0,
INC001178,P000912,Ajay Jaiswal,ACCUSED,1,0,2023-04-13
INC001178,P000957,Harjinder Sekhon,ACCUSED,1,0,2023-08-28
INC001178,P001154,Nagaraju Bandari,COMPLAINANT,0,0,
INC001178,P001179,Chhagan Chouhan,VICTIM,0,0,
INC001178,P001285,Farida Qureshi,WITNESS,0,0,
INC001179,P000555,Dinesh Gupta,ACCUSED,0,0,
INC001179,P000519,Pramod Jaiswal,SUSPECT,0,0,
INC001179,P000557,Haroon Pathan,ACCUSED,1,1,2026-03-05
INC001179,P000544,Iqbal Malik,ACCUSED,1,1,2026-06-09
INC001179,P000527,Harbhajan Sarao,ACCUSED,1,1,2026-06-26
INC001179,P001354,Sachin Salunkhe,COMPLAINANT,0,0,
INC001179,P001424,Nathu Ranawat,VICTIM,0,0,
INC001180,P000507,Suresh Nishad,ACCUSED,1,1,2021-10-01
INC001180,P000498,Chandrabhan Srivastava,SUSPECT,1,1,2021-10-09
INC001180,P000512,Firoz Saifi,ACCUSED,1,0,2021-10-08
INC001180,P001341,Tapasi Chakraborty,COMPLAINANT,0,0,
INC001180,P001489,Narsimha Prasad,VICTIM,0,0,
INC001180,P001340,Farida Mirza,WITNESS,0,0,
INC001181,P000080,Kalpesh Zala,ACCUSED,1,1,2025-04-12
INC001181,P000082,Swapnil Jadhav,ACCUSED,0,0,
INC001181,P000054,Dharmesh Shah,ACCUSED,0,0,
INC001181,P001265,Jitendra Rathore,COMPLAINANT,0,0,
INC001181,P001210,Nilesh More,VICTIM,0,0,
INC001182,P000424,Shanti Dubey,SUSPECT,0,0,
INC001182,P000465,Sanjib Das,SUSPECT,0,0,
INC001182,P001288,Chhaya Bose,COMPLAINANT,0,0,
INC001182,P001263,Priyanka Chavan,VICTIM,0,0,
INC001182,P001167,Palanisamy Nadar,WITNESS,0,0,
INC001183,P000103,Hanuman Beniwal,ACCUSED,1,1,2026-05-26
INC001183,P001226,Lalthanga Debbarma,COMPLAINANT,0,0,
INC001183,P001276,Arif Pathan,VICTIM,0,0,
INC001183,P001491,Shabana Siddiqui,WITNESS,0,0,
INC001184,P000736,Sunil Yadav,ACCUSED,0,0,
INC001184,P000735,Vipul Parmar,ABSCONDING_ACCUSED,1,1,2023-06-16
INC001184,P000740,Faizan Baig,ACCUSED,1,1,2023-06-23
INC001184,P001313,Kulwant Cheema,COMPLAINANT,0,0,
INC001185,P000420,Shahnawaz Hussain,SUSPECT,0,0,
INC001185,P000463,Ashim Pal,ACCUSED,0,0,
INC001185,P000454,Gautam Halder,ACCUSED,0,0,
INC001185,P000464,Vinod Rajput,SUSPECT,1,1,2021-09-05
INC001185,P000423,Sikha Halder,ACCUSED,1,1,2021-07-01
INC001185,P001045,Vidyawati Rathore,COMPLAINANT,0,0,
INC001185,P001398,Sajid Chaudhary,VICTIM,0,0,
INC001186,P000818,Gopal Saini,ACCUSED,1,1,2026-05-18
INC001186,P001279,Netrapal Baghel,COMPLAINANT,0,0,
INC001186,P001076,Bikash Naskar,VICTIM,0,0,
INC001187,P000671,Basanta Jena,SUSPECT,1,0,2026-02-25
INC001187,P000692,Bimal Halder,SUSPECT,1,1,2026-02-25
INC001187,P001284,Prashant Mhatre,COMPLAINANT,0,0,
INC001187,P001203,Nirmal Das,VICTIM,0,0,
INC001188,P000103,Hanuman Beniwal,ABSCONDING_ACCUSED,1,1,2022-10-01
INC001188,P001355,Ajay Kashyap,COMPLAINANT,0,0,
INC001188,P001242,Bhaskar Shinde,VICTIM,0,0,
INC001188,P001404,Vijaya Setty,WITNESS,0,0,
INC001189,P000899,Pradeep Pandey,ACCUSED,1,0,2024-04-07
INC001189,P001064,Aarti More,COMPLAINANT,0,0,
INC001189,P001250,Yogendra Shukla,VICTIM,0,0,
INC001189,P001113,Bhanwar Jhala,WITNESS,0,0,
INC001190,P000684,Sunil Verma,SUSPECT,0,0,
INC001190,P000675,Naresh Shukla,ABSCONDING_ACCUSED,1,0,2026-08-19
INC001190,P000676,Kartik Sardar,SUSPECT,1,1,2026-08-12
INC001190,P001269,Hanumanthappa Chikkanna,COMPLAINANT,0,0,
INC001190,P001083,Kavita Baghel,VICTIM,0,0,
INC001191,P000937,Vipul Rabari,ABSCONDING_ACCUSED,0,0,
INC001191,P001374,Bhagwati Poonia,COMPLAINANT,0,0,
INC001191,P001299,Afsana Saifi,VICTIM,0,0,
INC001192,P000150,Sarfaraz Mansuri,ACCUSED,1,1,2026-05-08
INC001192,P000163,Shahnaz Siddiqui,ACCUSED,1,0,2026-05-06
INC001192,P000153,Shahnawaz Mansuri,ACCUSED,1,1,2026-05-20
INC001192,P001158,Saroja Kumar,COMPLAINANT,0,0,
INC001192,P001167,Palanisamy Nadar,WITNESS,0,0,
INC001193,P000150,Sarfaraz Mansuri,ACCUSED,0,0,
INC001193,P000096,Navneet Bajwa,ABSCONDING_ACCUSED,0,0,
INC001193,P000108,Ranveer Kumawat,ACCUSED,0,0,
INC001193,P001007,Naseer Saifi,COMPLAINANT,0,0,
INC001194,P000948,Xavier Almeida,SUSPECT,1,0,2024-12-10
INC001194,P001295,Gautam Barman,COMPLAINANT,0,0,
INC001194,P001408,Udaiveer Dixit,VICTIM,0,0,
INC001194,P001167,Palanisamy Nadar,WITNESS,0,0,
INC001195,P000839,Ratan Jat,ABSCONDING_ACCUSED,1,1,2026-07-16
INC001195,P000841,Paramjit Virk,ACCUSED,0,0,
INC001195,P000815,Kuldeep Srivastava,ACCUSED,1,1,2026-08-27
INC001195,P001262,Rajesh Thakur,COMPLAINANT,0,0,
INC001195,P001422,Sukhdev Kang,VICTIM,0,0,
INC001196,P000920,Aruna Yadav,ABSCONDING_ACCUSED,1,1,2025-09-17
INC001196,P000908,Harpreet Sidhu,ABSCONDING_ACCUSED,1,1,2025-07-24
INC001196,P000960,Sushila Jat,ABSCONDING_ACCUSED,1,0,2025-05-30
INC001196,P000928,Vijay Sengar,SUSPECT,0,0,
INC001196,P000949,Sudha Singh,ACCUSED,0,0,
INC001196,P000918,Deepak Awasthi,ACCUSED,1,1,2025-10-14
INC001196,P000914,Shivanna Angadi,ACCUSED,0,0,
INC001196,P001422,Sukhdev Kang,COMPLAINANT,0,0,
INC001196,P001157,Praveen Joseph,VICTIM,0,0,
INC001196,P001460,Nilesh Jadhav,WITNESS,0,0,
INC001197,P000122,Karni Bishnoi,ACCUSED,1,1,2020-07-29
INC001197,P000106,Amarjit Sidhu,ACCUSED,1,1,2020-09-14
INC001197,P001479,Jaswant Sandhu,COMPLAINANT,0,0,
INC001197,P001149,Savita Awasthi,VICTIM,0,0,
INC001198,P000407,Ajay Prajapati,ACCUSED,1,0,2025-05-05
INC001198,P000396,Netrapal Nishad,SUSPECT,1,1,2025-02-15
INC001198,P000395,Kannan Annadurai,SUSPECT,1,1,2025-05-24
INC001198,P000374,Murugan Annadurai,ACCUSED,0,0,
INC001198,P001204,Kumaraswamy Hegde,COMPLAINANT,0,0,
INC001198,P001041,Hansa Parmar,VICTIM,0,0,
INC001199,P000720,Manisha Patil,ACCUSED,0,0,
INC001199,P001327,Hanuman Ranawat,COMPLAINANT,0,0,
INC001200,P000893,Imran Qureshi,ACCUSED,0,0,
INC001200,P001118,Arif Malik,COMPLAINANT,0,0,
INC001200,P001187,Bhagaban Pradhan,VICTIM,0,0,
INC001201,P000666,Hariom Bhardwaj,ACCUSED,0,0,
INC001201,P000680,Prakash Dubey,SUSPECT,1,1,2023-11-27
INC001201,P001233,Techi Jamir,COMPLAINANT,0,0,
INC001201,P001040,Girish Kamath,VICTIM,0,0,
INC001201,P001111,Ravinder Prasad,WITNESS,0,0,
INC001202,P000773,Shakuntala Nishad,ACCUSED,0,0,
INC001202,P000784,Ashfaq Sheikh,ACCUSED,1,1,2025-02-11
INC001202,P000769,Shakeel Siddiqui,SUSPECT,1,0,2025-07-24
INC001202,P000783,Firoz Siddiqui,ACCUSED,0,0,
INC001202,P001229,Poongodi Muthusamy,COMPLAINANT,0,0,
INC001202,P001422,Sukhdev Kang,VICTIM,0,0,
INC001203,P000533,Jaswant Brar,ACCUSED,1,1,2025-05-19
INC001203,P000519,Pramod Jaiswal,ACCUSED,1,1,2025-02-03
INC001203,P000564,Wasim Khan,ACCUSED,1,0,2024-12-06
INC001203,P000560,Devendra Bhardwaj,SUSPECT,1,1,2025-03-14
INC001203,P001367,Temjen Basumatary,COMPLAINANT,0,0,
INC001203,P001314,Jasbir Singh,VICTIM,0,0,
INC001203,P001488,Manpreet Bains,WITNESS,0,0,
INC001204,P000695,Basanta Mallick,ACCUSED,1,1,2026-01-03
INC001204,P000673,Vijay Dubey,ACCUSED,1,0,2025-09-18
INC001204,P000697,Kartik Dutta,ACCUSED,0,0,
INC001204,P000702,Basanta Jena,ACCUSED,1,1,2025-08-19
INC001204,P001225,Reshma Idrisi,COMPLAINANT,0,0,
INC001204,P001051,Sandip Dalvi,VICTIM,0,0,
INC001205,P000813,Mukesh Baghel,ACCUSED,1,0,2026-09-13
INC001205,P000843,Ranveer Kumawat,ABSCONDING_ACCUSED,0,0,
INC001205,P001112,Anita Tiwari,COMPLAINANT,0,0,
INC001205,P001011,Pushpalatha Bellad,VICTIM,0,0,
INC001206,P000172,Kanta Choudhary,SUSPECT,0,0,
INC001206,P000129,Kulwant Aulakh,ACCUSED,1,1,2019-03-13
INC001206,P000105,Mohan Sisodia,ACCUSED,1,1,2019-08-18
INC001206,P000097,Manpreet Sekhon,SUSPECT,1,1,2019-08-25
INC001206,P001325,Nagaratna Kulkarni,COMPLAINANT,0,0,
INC001206,P001150,Venkatesh Sharma,VICTIM,0,0,
INC001207,P000702,Basanta Jena,ACCUSED,1,1,2025-01-23
INC001207,P000683,Sanjib Mistry,ACCUSED,1,1,2024-12-17
INC001207,P000682,Rupa Das,ABSCONDING_ACCUSED,0,0,
INC001207,P000694,Gautam Sen,SUSPECT,0,0,
INC001207,P000673,Vijay Dubey,ACCUSED,1,0,2025-03-12
INC001207,P001497,Deepak Singh,COMPLAINANT,0,0,
INC001207,P001278,Imran Hussain,VICTIM,0,0,
INC001208,P000597,Anup Roy,ACCUSED,1,1,2024-07-03
INC001208,P001155,Padma Kondapalli,COMPLAINANT,0,0,
INC001208,P001106,Kuni Dash,VICTIM,0,0,
INC001208,P001262,Rajesh Thakur,WITNESS,0,0,
INC001209,P000485,Pramod Kushwaha,ACCUSED,1,1,2026-04-29
INC001209,P001390,Naresh Srivastava,COMPLAINANT,0,0,
INC001209,P001060,Arivazhagan Mudaliar,VICTIM,0,0,
INC001210,P000743,Har Prasad Sharma,ACCUSED,1,0,2023-10-02
INC001210,P000731,Aarti Shinde,ACCUSED,1,1,2024-02-16
INC001210,P001149,Savita Awasthi,COMPLAINANT,0,0,
INC001210,P001162,Anitha Achari,WITNESS,0,0,
INC001211,P000352,Ramesh Tiwari,ACCUSED,0,0,
INC001211,P000353,Ratheesh Menon,ACCUSED,1,1,2025-06-18
INC001211,P000341,Vipin Panicker,ACCUSED,1,0,2025-09-14
INC001211,P000293,Har Prasad Sharma,ACCUSED,0,0,
INC001211,P001369,Pushpalatha Angadi,COMPLAINANT,0,0,
INC001211,P001435,Mangamma Vemula,VICTIM,0,0,
INC001212,P000747,Jitendra Bhardwaj,SUSPECT,1,1,2026-11-20
INC001212,P000722,Ashwin Shah,ACCUSED,1,1,2026-08-11
INC001212,P001043,Mallesh Choudary,COMPLAINANT,0,0,
INC001212,P001120,Basanta Jena,VICTIM,0,0,
INC001213,P000369,Ravichandran Nadar,SUSPECT,0,0,
INC001213,P001110,Kamla Chauhan,COMPLAINANT,0,0,
INC001213,P001231,Rambabu Pandey,VICTIM,0,0,
INC001213,P001104,Girdhari Sharma,WITNESS,0,0,
INC001214,P000728,Netrapal Saini,ACCUSED,1,1,2025-10-04
INC001214,P000757,Ashfaq Rahman,ACCUSED,0,0,
INC001214,P000726,Rahul Rane,SUSPECT,1,1,2025-09-25
INC001214,P001438,Mallesh Rao,COMPLAINANT,0,0,
INC001214,P001073,Rajendran Thevar,VICTIM,0,0,
INC001214,P001001,Trilochan Swain,WITNESS,0,0,
INC001215,P000449,Sanjib Bhattacharya,ABSCONDING_ACCUSED,1,0,2025-02-28
INC001215,P001369,Pushpalatha Angadi,COMPLAINANT,0,0,
INC001215,P001332,Sumitra Naik,VICTIM,0,0,
INC001216,P000164,Gurmeet Aulakh,ACCUSED,0,0,
INC001216,P000167,Sukhwinder Dhillon,ACCUSED,1,0,2025-04-25
INC001216,P000110,Iqbal Pathan,ACCUSED,1,0,2025-03-19
INC001216,P000122,Karni Bishnoi,ACCUSED,1,1,2025-04-08
INC001216,P000133,Gurmeet Bajwa,ACCUSED,1,1,2025-08-01
INC001216,P000099,Shakeel Pathan,SUSPECT,1,1,2025-08-21
INC001216,P000136,Amarjit Grewal,ACCUSED,1,1,2025-06-10
INC001216,P001181,Shahnaz Khan,COMPLAINANT,0,0,
INC001216,P001361,Suman Bhati,VICTIM,0,0,
INC001217,P000917,Gurpreet Mann,SUSPECT,0,0,
INC001217,P001300,Rajitha Goud,COMPLAINANT,0,0,
INC001217,P001452,Preeti Tomar,WITNESS,0,0,
INC001218,P000388,Manjunath Hegde,ACCUSED,0,0,
INC001218,P000399,Netrapal Bhardwaj,ACCUSED,1,1,2023-11-26
INC001218,P000360,Jagdish Singh,ACCUSED,1,1,2023-12-31
INC001218,P000410,Arun Maurya,ACCUSED,1,1,2024-01-09
INC001218,P001379,Ajay Chauhan,COMPLAINANT,0,0,
INC001218,P001327,Hanuman Ranawat,VICTIM,0,0,
INC001219,P000916,Anil Gupta,ACCUSED,0,0,
INC001219,P001397,Bhavesh Thakor,COMPLAINANT,0,0,
INC001219,P001357,Devi Lal Ranawat,VICTIM,0,0,
INC001219,P001298,Harpreet Toor,WITNESS,0,0,
INC001220,P000958,Bhupendra Srivastava,SUSPECT,1,1,2024-12-16
INC001220,P000887,Anoop Kartha,ACCUSED,1,1,2024-09-28
INC001220,P000899,Pradeep Pandey,ACCUSED,1,1,2024-12-17
INC001220,P001475,Bandana Biswas,COMPLAINANT,0,0,
INC001220,P001148,Kishan Jhala,VICTIM,0,0,
INC001221,P000626,Murugan Muthusamy,ACCUSED,0,0,
INC001221,P000628,Vetrivel Gounder,ACCUSED,1,1,2022-01-24
INC001221,P000647,Trilochan Rout,ACCUSED,1,1,2021-09-15
INC001221,P001122,Nazia Ahmed,COMPLAINANT,0,0,
INC001221,P001107,Lalrinpuii Ao,VICTIM,0,0,
INC001222,P000941,Bhagaban Mallick,ACCUSED,1,1,2025-04-26
INC001222,P000906,Palanisamy Gounder,ACCUSED,0,0,
INC001222,P000981,Ibrahim Shaikh,ACCUSED,1,1,2025-04-26
INC001222,P001484,Sukhdev Dhillon,COMPLAINANT,0,0,
INC001222,P001037,Sindhu Namboothiri,VICTIM,0,0,
INC001222,P001287,Tanveer Malik,WITNESS,0,0,
INC001223,P000351,Shakeel Mirza,ACCUSED,1,1,2025-12-13
INC001223,P000336,Munna Baghel,ACCUSED,1,1,2026-01-03
INC001223,P001328,Sanoop Joseph,COMPLAINANT,0,0,
INC001223,P001461,Chandra Shekar Choudary,VICTIM,0,0,
INC001224,P000166,Faizan Hussain,ACCUSED,0,0,
INC001224,P000140,Bhanwari Jat,ACCUSED,0,0,
INC001224,P000168,Sukhdev Bhullar,ABSCONDING_ACCUSED,0,0,
INC001224,P000120,Harbhajan Sekhon,ACCUSED,1,1,2025-07-13
INC001224,P001179,Chhagan Chouhan,COMPLAINANT,0,0,
INC001224,P001432,Shanti Verma,VICTIM,0,0,
INC001225,P000456,Manju Prajapati,ACCUSED,1,1,2024-01-25
INC001225,P000437,Farida Khan,SUSPECT,1,1,2023-12-17
INC001225,P001162,Anitha Achari,COMPLAINANT,0,0,
INC001225,P001499,Palash Adhikari,VICTIM,0,0,
INC001226,P000955,Balaraju Nallamothu,ACCUSED,0,0,
INC001226,P000920,Aruna Yadav,SUSPECT,1,0,2025-09-23
INC001226,P001341,Tapasi Chakraborty,COMPLAINANT,0,0,
INC001226,P001418,Dinesh Srivastava,VICTIM,0,0,
INC001227,P000974,Netrapal Tiwari,SUSPECT,1,1,2025-12-12
INC001227,P000909,Balwinder Sidhu,ACCUSED,1,0,2025-12-07
INC001227,P000913,Sandip Bhoir,ACCUSED,0,0,
INC001227,P001388,Haroon Rahman,COMPLAINANT,0,0,
INC001227,P001106,Kuni Dash,VICTIM,0,0,
INC001228,P000902,Manjunath Desai,SUSPECT,1,1,2026-02-11
INC001228,P000978,Kuldeep Thakur,ACCUSED,1,0,2026-08-06
INC001228,P001032,Sanjay Tiwari,COMPLAINANT,0,0,
INC001228,P001238,Nazia Malik,VICTIM,0,0,
INC001229,P000741,Trupti Parmar,SUSPECT,1,1,2026-11-02
INC001229,P001320,Rafiq Pathan,COMPLAINANT,0,0,
INC001229,P001219,Arun Rajput,WITNESS,0,0,
INC001230,P000946,Rajni Awasthi,SUSPECT,1,1,2025-05-20
INC001230,P000980,Manikandan Subramanian,ACCUSED,1,1,2025-08-13
INC001230,P000890,Vishal Bhosale,ACCUSED,1,1,2025-09-05
INC001230,P001025,Ramulu Reddy,COMPLAINANT,0,0,
INC001230,P001473,Shabana Qureshi,VICTIM,0,0,
INC001230,P001331,Sukumar Pal,WITNESS,0,0,
INC001231,P000674,Basanta Pradhan,ABSCONDING_ACCUSED,0,0,
INC001231,P000687,Dinesh Prajapati,ACCUSED,0,0,
INC001231,P001491,Shabana Siddiqui,COMPLAINANT,0,0,
INC001231,P001110,Kamla Chauhan,VICTIM,0,0,
INC001232,P000372,Rajendran Pillai,SUSPECT,1,1,2026-05-29
INC001232,P000364,Jitendra Prajapati,ACCUSED,1,0,2026-05-18
INC001232,P001242,Bhaskar Shinde,COMPLAINANT,0,0,
INC001232,P001089,Anita Dubey,VICTIM,0,0,
INC001233,P000736,Sunil Yadav,ACCUSED,0,0,
INC001233,P000755,Nilesh Bhoir,ACCUSED,1,0,2026-01-01
INC001233,P000737,Sachin Patil,ACCUSED,1,1,2025-11-23
INC001233,P001309,Abdul Pathan,COMPLAINANT,0,0,
INC001233,P001085,Alpesh Chauhan,VICTIM,0,0,
INC001233,P001025,Ramulu Reddy,WITNESS,0,0,
INC001234,P000996,Udaiveer Thakur,ACCUSED,1,1,2024-09-26
INC001234,P000910,Ranjan Sardar,ACCUSED,0,0,
INC001234,P000907,Ashim Gayen,SUSPECT,1,1,2024-09-17
INC001234,P000925,Sachin Naik,ACCUSED,1,1,2024-07-11
INC001234,P000882,Lekhraj Baghel,ACCUSED,0,0,
INC001234,P000896,Aslam Khan,ACCUSED,0,0,
INC001234,P000924,Aarti Waghmare,ACCUSED,1,1,2024-07-23
INC001234,P001108,Nirmala Maurya,COMPLAINANT,0,0,
INC001234,P001205,Vijay Thakur,VICTIM,0,0,
INC001235,P000967,Jagmal Saini,SUSPECT,1,0,2018-07-10
INC001235,P000925,Sachin Naik,SUSPECT,1,1,2018-08-03
INC001235,P000939,Chandru Shetty,ACCUSED,1,1,2018-09-10
INC001235,P001500,Salim Qureshi,COMPLAINANT,0,0,
INC001235,P001114,Ravinder Rao,VICTIM,0,0,
INC001235,P001148,Kishan Jhala,WITNESS,0,0,
INC001236,P000713,Aarti More,ACCUSED,0,0,
INC001236,P000752,Mitesh Shah,ABSCONDING_ACCUSED,1,0,2025-11-25
INC001236,P000726,Rahul Rane,SUSPECT,1,1,2026-01-22
INC001236,P000756,Shakeel Malik,ACCUSED,1,1,2026-02-13
INC001236,P001146,Vidyawati Kushwaha,COMPLAINANT,0,0,
INC001236,P001264,Karni Rathore,VICTIM,0,0,
INC001236,P001312,Sreenivasan Kurup,WITNESS,0,0,
INC001237,P000487,Ashfaq Zaidi,ACCUSED,0,0,
INC001237,P001182,Jhunu Rout,COMPLAINANT,0,0,
INC001237,P001148,Kishan Jhala,VICTIM,0,0,
INC001238,P000107,Mohammed Shaikh,ACCUSED,1,1,2023-07-26
INC001238,P000093,Wasim Baig,ACCUSED,1,1,2023-03-20
INC001238,P000099,Shakeel Pathan,ACCUSED,0,0,
INC001238,P000118,Bikramjit Sidhu,ACCUSED,0,0,
INC001238,P001080,Sukumar Pal,COMPLAINANT,0,0,
INC001238,P001042,Yusuf Shaikh,VICTIM,0,0,
INC001238,P001165,Harbhajan Bains,WITNESS,0,0,
INC001239,P000880,Murugan Annadurai,SUSPECT,0,0,
INC001239,P001322,Vasanthi Muthusamy,COMPLAINANT,0,0,
INC001239,P001028,Arun Baghel,VICTIM,0,0,
INC001240,P000855,Alemba Momin,ACCUSED,1,0,2024-03-21
INC001240,P000859,Thangaraj Naicker,ACCUSED,0,0,
INC001240,P000867,Lekhraj Bhardwaj,ABSCONDING_ACCUSED,1,1,2024-06-11
INC001240,P001232,Sunil Verma,COMPLAINANT,0,0,
INC001240,P001386,Tamilselvi Sundaram,VICTIM,0,0,
INC001241,P000733,Kalpesh Solanki,ACCUSED,1,1,2023-11-11
INC001241,P000718,Haroon Pathan,ACCUSED,0,0,
INC001241,P001059,Salim Qureshi,COMPLAINANT,0,0,
INC001241,P001195,Malathi Annadurai,VICTIM,0,0,
INC001242,P000540,Tarsem Gill,ABSCONDING_ACCUSED,0,0,
INC001242,P000562,Yusuf Pathan,ACCUSED,1,1,2025-03-09
INC001242,P001078,Pramila Munda,COMPLAINANT,0,0,
INC001242,P001303,Naresh Baghel,VICTIM,0,0,
INC001242,P001083,Kavita Baghel,WITNESS,0,0,
INC001243,P000880,Murugan Annadurai,ACCUSED,1,0,2024-04-30
INC001243,P000851,Ilango Subramanian,ABSCONDING_ACCUSED,0,0,
INC001243,P001472,Karthik Mudaliar,COMPLAINANT,0,0,
INC001243,P001186,Balaraju Mudiraj,VICTIM,0,0,
INC001243,P001073,Rajendran Thevar,WITNESS,0,0,
INC001244,P000334,Sreenivasan Jacob,ACCUSED,0,0,
INC001244,P001404,Vijaya Setty,COMPLAINANT,0,0,
INC001244,P001096,Mushtaq Mirza,VICTIM,0,0,
INC001244,P001145,Pushpalatha Kamath,WITNESS,0,0,
INC001245,P000359,Shivanna Kamath,ACCUSED,1,1,2026-07-21
INC001245,P001018,Kesar Bishnoi,COMPLAINANT,0,0,
INC001246,P000088,Sagar Salunkhe,SUSPECT,0,0,
INC001246,P000014,Jayesh Barot,ACCUSED,1,1,2024-09-07
INC001246,P001145,Pushpalatha Kamath,COMPLAINANT,0,0,
INC001246,P001294,Kanta Jhala,VICTIM,0,0,
INC001246,P001236,Gopal Chakraborty,WITNESS,0,0,
INC001247,P000829,Devendra Srivastava,ACCUSED,0,0,
INC001247,P000823,Harpreet Brar,ACCUSED,1,1,2026-12-29
INC001247,P001241,Gautam Naskar,COMPLAINANT,0,0,
INC001247,P001283,Swapnil Naik,VICTIM,0,0,
INC001247,P001339,Aparna Biswas,WITNESS,0,0,
INC001248,P000918,Deepak Awasthi,SUSPECT,0,0,
INC001248,P000924,Aarti Waghmare,ACCUSED,1,1,2021-02-26
INC001248,P001319,Nilesh Kadam,COMPLAINANT,0,0,
INC001248,P001131,Harjinder Bajwa,VICTIM,0,0,
INC001249,P000350,Vipul Chauhan,SUSPECT,0,0,
INC001249,P000292,Wasim Mansuri,ACCUSED,1,1,2024-04-03
INC001249,P000356,Sudha Kushwaha,ACCUSED,0,0,
INC001249,P000334,Sreenivasan Jacob,ACCUSED,0,0,
INC001249,P000298,Baiju Marar,ABSCONDING_ACCUSED,1,0,2024-01-21
INC001249,P000351,Shakeel Mirza,ACCUSED,1,1,2023-11-03
INC001249,P000318,Sarfaraz Shaikh,ACCUSED,1,1,2024-01-05
INC001249,P001358,Ravi Patil,COMPLAINANT,0,0,
INC001249,P001003,Rachna Baghel,VICTIM,0,0,
INC001250,P000504,Jitendra Solanki,ACCUSED,1,0,2019-04-04
INC001250,P001039,Sanjay Kushwaha,COMPLAINANT,0,0,
INC001250,P001322,Vasanthi Muthusamy,VICTIM,0,0,
INC001250,P001215,Nirmala Jaiswal,WITNESS,0,0,
INC001251,P000913,Sandip Bhoir,ACCUSED,0,0,
INC001251,P001065,Karthik Raja,COMPLAINANT,0,0,
INC001251,P001315,Laxmi Saini,VICTIM,0,0,
INC001252,P000575,Vinod Nagar,ACCUSED,0,0,
INC001252,P000606,Tanveer Rahman,ACCUSED,1,1,2026-04-26
INC001252,P001241,Gautam Naskar,COMPLAINANT,0,0,
INC001252,P001287,Tanveer Malik,VICTIM,0,0,
INC001253,P000921,Reshma Rahman,ABSCONDING_ACCUSED,0,0,
INC001253,P000956,Bhaskar Kadam,ACCUSED,1,0,2021-07-18
INC001253,P001248,Basanti Jena,COMPLAINANT,0,0,
INC001253,P001268,Deepa Warrier,VICTIM,0,0,
INC001253,P001473,Shabana Qureshi,WITNESS,0,0,
INC001254,P000134,Tanveer Sheikh,ACCUSED,1,1,2021-09-04
INC001254,P000139,Chhagan Saini,ACCUSED,1,0,2021-09-06
INC001254,P000117,Nathu Choudhary,ACCUSED,0,0,
INC001254,P000144,Yusuf Baig,ACCUSED,0,0,
INC001254,P001187,Bhagaban Pradhan,COMPLAINANT,0,0,
INC001254,P001081,Afsana Mansuri,VICTIM,0,0,
INC001254,P001437,Prabhakar Naidu,WITNESS,0,0,
INC001255,P000068,Reshma Saifi,ACCUSED,1,1,2025-07-21
INC001255,P000064,Rafiq Ahmed,ACCUSED,1,1,2025-06-16
INC001255,P000043,Bharat Dave,ACCUSED,0,0,
INC001255,P000039,Sagar Rane,SUSPECT,0,0,
INC001255,P001016,Preeti Rathore,COMPLAINANT,0,0,
INC001255,P001252,Prakash Nagar,VICTIM,0,0,
INC001256,P000485,Pramod Kushwaha,SUSPECT,0,0,
INC001256,P000491,Anil Srivastava,ACCUSED,0,0,
INC001256,P001312,Sreenivasan Kurup,COMPLAINANT,0,0,
INC001256,P001172,Swapan Das,VICTIM,0,0,
INC001257,P000786,Shailendra Sharma,SUSPECT,1,1,2024-01-05
INC001257,P000796,Abdul Malik,SUSPECT,0,0,
INC001257,P000776,Ibrahim Alam,SUSPECT,1,0,2024-01-02
INC001257,P000768,Prakash Gupta,SUSPECT,1,1,2023-08-27
INC001257,P001117,Sabita Mohanty,COMPLAINANT,0,0,
INC001257,P001457,Nepal Biswas,VICTIM,0,0,
INC001258,P000892,Rakesh Solanki,ACCUSED,0,0,
INC001258,P001130,Seema Nishad,COMPLAINANT,0,0,
INC001258,P001020,Mallesh Yadav,VICTIM,0,0,
INC001258,P001430,Rajendran Naicker,WITNESS,0,0,
INC001259,P000894,Aslam Baig,SUSPECT,0,0,
INC001259,P001213,Sandeep Baghel,COMPLAINANT,0,0,
INC001259,P001309,Abdul Pathan,VICTIM,0,0,
INC001260,P000680,Prakash Dubey,ACCUSED,0,0,
INC001260,P000695,Basanta Mallick,ACCUSED,1,1,2023-06-04
INC001260,P000699,Prasanna Jena,ACCUSED,0,0,
INC001260,P000705,Arindam Mondal,SUSPECT,1,1,2023-02-23
INC001260,P000690,Bimal Majumdar,ACCUSED,1,0,2023-06-07
INC001260,P001359,Sarita Gupta,COMPLAINANT,0,0,
INC001260,P001027,Murugan Rajendran,VICTIM,0,0,
INC001260,P001391,Ramkali Prajapati,WITNESS,0,0,
INC001261,P000911,Pradeep Maurya,ACCUSED,1,1,2021-01-22
INC001261,P001166,Bindu Joseph,COMPLAINANT,0,0,
INC001261,P001086,Rajni Jaiswal,VICTIM,0,0,
INC001261,P001397,Bhavesh Thakor,WITNESS,0,0,
INC001262,P000985,Arindam Chakraborty,SUSPECT,1,0,2024-11-26
INC001262,P001284,Prashant Mhatre,COMPLAINANT,0,0,
INC001262,P001194,Arif Saifi,VICTIM,0,0,
INC001262,P001459,Sujatha Yadav,WITNESS,0,0,
INC001263,P000173,Ibrahim Ahmed,ACCUSED,1,1,2023-04-12
INC001263,P000162,Amarjit Dhillon,ACCUSED,1,1,2023-04-16
INC001263,P000115,Nirmal Singh,SUSPECT,1,1,2023-08-16
INC001263,P001078,Pramila Munda,COMPLAINANT,0,0,
INC001263,P001341,Tapasi Chakraborty,VICTIM,0,0,
INC001264,P000731,Aarti Shinde,ACCUSED,0,0,
INC001264,P000751,Devendra Maurya,SUSPECT,1,0,2026-06-07
INC001264,P001275,Hanuman Jhala,COMPLAINANT,0,0,
INC001264,P001176,Amutha Pandian,VICTIM,0,0,
INC001265,P000932,Chandrabhan Baghel,ACCUSED,1,1,2023-10-05
INC001265,P000948,Xavier Almeida,SUSPECT,0,0,
INC001265,P001288,Chhaya Bose,COMPLAINANT,0,0,
INC001265,P001402,Falguni Bhatt,VICTIM,0,0,
INC001265,P001222,Prasanna Behera,WITNESS,0,0,
INC001266,P000870,Mariappan Pandian,ACCUSED,0,0,
INC001266,P000879,Velu Annadurai,ACCUSED,0,0,
INC001266,P000857,Narsimha Vemula,ACCUSED,1,1,2026-03-01
INC001266,P000865,Padma Yadav,ACCUSED,1,1,2026-01-27
INC001266,P000850,Nagaraju Nallamothu,ACCUSED,1,1,2026-06-14
INC001266,P001169,Seema Bhadauria,COMPLAINANT,0,0,
INC001266,P001440,Elango Annadurai,VICTIM,0,0,
INC001266,P001243,Rajni Pandey,WITNESS,0,0,
INC001267,P000262,Ibrahim Ansari,SUSPECT,0,0,
INC001267,P000271,Ranjan Gayen,ACCUSED,1,1,2024-09-22
INC001267,P001154,Nagaraju Bandari,COMPLAINANT,0,0,
INC001267,P001014,Sanjay Bhadauria,VICTIM,0,0,
INC001267,P001096,Mushtaq Mirza,WITNESS,0,0,
INC001268,P000058,Alpesh Shah,ACCUSED,1,1,2026-07-07
INC001268,P000083,Mitesh Joshi,ACCUSED,1,0,2026-06-16
INC001268,P000002,Shabana Baig,ACCUSED,0,0,
INC001268,P000045,Dharmesh Zala,ACCUSED,0,0,
INC001268,P000081,Sandip Salunkhe,ACCUSED,1,0,2026-12-01
INC001268,P001227,Tapan Ghosh,COMPLAINANT,0,0,
INC001268,P001485,Farida Sheikh,VICTIM,0,0,
INC001268,P001483,Udaiveer Sengar,WITNESS,0,0,
INC001269,P000397,Selvam Gounder,ACCUSED,0,0,
INC001269,P000400,Mallikarjun Hiremath,SUSPECT,1,1,2023-09-16
INC001269,P000395,Kannan Annadurai,ACCUSED,0,0,
INC001269,P000394,Pramod Shukla,ACCUSED,1,1,2024-02-01
INC001269,P000378,Malathi Raja,SUSPECT,1,1,2024-01-17
INC001269,P001252,Prakash Nagar,COMPLAINANT,0,0,
INC001269,P001405,Nagesh Angadi,VICTIM,0,0,
INC001270,P000435,Naseer Zaidi,ACCUSED,0,0,
INC001270,P001334,Ramesh Tomar,COMPLAINANT,0,0,
INC001270,P001299,Afsana Saifi,VICTIM,0,0,
INC001271,P000906,Palanisamy Gounder,ACCUSED,1,1,2025-05-11
INC001271,P000950,Nirmal Sardar,ACCUSED,0,0,
INC001271,P001022,Kuldeep Kashyap,COMPLAINANT,0,0,
INC001271,P001234,Kuldeep Awasthi,VICTIM,0,0,
INC001271,P001127,Vaishali Trivedi,WITNESS,0,0,
INC001272,P000579,Shanti Kushwaha,ACCUSED,0,0,
INC001272,P000584,Pradip Sen,ABSCONDING_ACCUSED,1,1,2023-04-22
INC001272,P000593,Ashim Pal,ACCUSED,1,1,2023-02-13
INC001272,P001143,Suresh Srivastava,COMPLAINANT,0,0,
INC001272,P001280,Rubina Zaidi,VICTIM,0,0,
INC001273,P000723,Ketan Prajapati,SUSPECT,1,0,2025-06-18
INC001273,P001434,Triloki Singh,COMPLAINANT,0,0,
INC001273,P001403,Ratheesh Varghese,VICTIM,0,0,
INC001274,P000932,Chandrabhan Baghel,ACCUSED,1,1,2026-07-07
INC001274,P000910,Ranjan Sardar,ABSCONDING_ACCUSED,1,1,2026-09-18
INC001274,P000925,Sachin Naik,ACCUSED,1,1,2026-10-19
INC001274,P000963,Sandip Bhoir,ACCUSED,0,0,
INC001274,P000951,Nathu Ranawat,ACCUSED,0,0,
INC001274,P001036,Nasreen Zaidi,COMPLAINANT,0,0,
INC001274,P001290,Baljit Toor,VICTIM,0,0,
INC001274,P001118,Arif Malik,WITNESS,0,0,
INC001275,P000858,Randhir Nishad,ACCUSED,0,0,
INC001275,P000856,Bala Gounder,ACCUSED,1,0,2022-07-15
INC001275,P000846,Mahesh Shukla,SUSPECT,0,0,
INC001275,P001355,Ajay Kashyap,COMPLAINANT,0,0,
INC001275,P001377,Rekha Prajapati,VICTIM,0,0,
INC001276,P000972,Prakash Rai,SUSPECT,1,1,2022-08-14
INC001276,P000943,Ashfaq Farooqui,ABSCONDING_ACCUSED,0,0,
INC001276,P000903,Lekhraj Srivastava,ACCUSED,0,0,
INC001276,P000945,Bhaskar Dalvi,ACCUSED,1,1,2022-04-27
INC001276,P000974,Netrapal Tiwari,SUSPECT,0,0,
INC001276,P001350,Arindam Adhikari,COMPLAINANT,0,0,
INC001276,P001405,Nagesh Angadi,VICTIM,0,0,
INC001277,P000116,Kishan Godara,ACCUSED,0,0,
INC001277,P000122,Karni Bishnoi,ACCUSED,1,1,2026-02-23
INC001277,P000136,Amarjit Grewal,ACCUSED,1,1,2026-05-14
INC001277,P000165,Nadeem Chaudhary,ACCUSED,1,1,2026-03-06
INC001277,P000158,Sarfaraz Siddiqui,SUSPECT,1,0,2026-06-06
INC001277,P001070,Nazia Ansari,COMPLAINANT,0,0,
INC001277,P001192,Kavya Nallamothu,VICTIM,0,0,
INC001278,P000358,Prakash Rai,SUSPECT,0,0,
INC001278,P000386,Thangaraj Naicker,ACCUSED,0,0,
INC001278,P000411,Kumaraswamy Kulkarni,ABSCONDING_ACCUSED,1,1,2021-07-12
INC001278,P000371,Manoj Yadav,ACCUSED,0,0,
INC001278,P001242,Bhaskar Shinde,COMPLAINANT,0,0,
INC001278,P001210,Nilesh More,VICTIM,0,0,
INC001278,P001208,Hanumanthappa Hegde,WITNESS,0,0,
INC001279,P000447,Javed Malik,ACCUSED,0,0,
INC001279,P000456,Manju Prajapati,ACCUSED,1,1,2026-03-21
INC001279,P000449,Sanjib Bhattacharya,SUSPECT,0,0,
INC001279,P001478,Satish Mishra,COMPLAINANT,0,0,
INC001279,P001223,Balaraju Reddy,VICTIM,0,0,
INC001280,P000385,Ilango Palanivel,ABSCONDING_ACCUSED,1,1,2024-01-04
INC001280,P000379,Saravanan Naicker,SUSPECT,1,0,2024-01-10
INC001280,P001324,Wasim Ahmed,COMPLAINANT,0,0,
INC001280,P001275,Hanuman Jhala,VICTIM,0,0,
INC001281,P000665,Pramila Dash,ACCUSED,0,0,
INC001281,P000629,Ramulu Reddy,ACCUSED,1,0,2026-04-05
INC001281,P000622,Trilochan Mohanty,ACCUSED,1,0,2026-05-05
INC001281,P000631,Narsimha Prasad,ACCUSED,1,1,2026-08-28
INC001281,P000662,Akshaya Jena,SUSPECT,0,0,
INC001281,P001208,Hanumanthappa Hegde,COMPLAINANT,0,0,
INC001282,P000662,Akshaya Jena,ACCUSED,1,0,2019-11-12
INC001282,P000625,Perumal Sundaram,SUSPECT,1,1,2019-10-15
INC001282,P001205,Vijay Thakur,COMPLAINANT,0,0,
INC001282,P001181,Shahnaz Khan,VICTIM,0,0,
INC001282,P001086,Rajni Jaiswal,WITNESS,0,0,
INC001283,P000832,Kuldeep Virk,SUSPECT,1,1,2026-09-28
INC001283,P000820,Kulwant Toor,ACCUSED,1,1,2026-12-27
INC001283,P001170,Hansa Dave,COMPLAINANT,0,0,
INC001283,P001239,Yogendra Bhadauria,VICTIM,0,0,
INC001284,P000455,Kartik Majumdar,ACCUSED,1,1,2026-04-16
INC001284,P000450,Neelam Singh,ABSCONDING_ACCUSED,1,1,2025-12-28
INC001284,P000425,Nirmal Chakraborty,SUSPECT,1,1,2026-02-22
INC001284,P001194,Arif Saifi,COMPLAINANT,0,0,
INC001284,P001373,Alpesh Barot,VICTIM,0,0,
INC001284,P001280,Rubina Zaidi,WITNESS,0,0,
INC001285,P000982,Nirmal Sarkar,ABSCONDING_ACCUSED,1,1,2023-10-03
INC001285,P000974,Netrapal Tiwari,ACCUSED,1,1,2023-07-03
INC001285,P000970,Ashfaq Saifi,SUSPECT,1,1,2023-08-14
INC001285,P000900,Sagar Bhosale,ABSCONDING_ACCUSED,0,0,
INC001285,P001158,Saroja Kumar,COMPLAINANT,0,0,
INC001285,P001345,Bimal Halder,VICTIM,0,0,
INC001286,P000906,Palanisamy Gounder,ACCUSED,0,0,
INC001286,P000947,Ratheesh Kurup,SUSPECT,0,0,
INC001286,P000890,Vishal Bhosale,SUSPECT,0,0,
INC001286,P001141,Prashant More,COMPLAINANT,0,0,
INC001286,P001075,Alpesh Solanki,VICTIM,0,0,
INC001286,P001112,Anita Tiwari,WITNESS,0,0,
INC001287,P000713,Aarti More,ACCUSED,1,0,2026-06-14
INC001287,P000751,Devendra Maurya,ABSCONDING_ACCUSED,1,1,2026-05-24
INC001287,P000724,Pandurang Naik,ACCUSED,1,1,2026-07-10
INC001287,P001167,Palanisamy Nadar,COMPLAINANT,0,0,
INC001287,P001178,Javed Malik,VICTIM,0,0,
INC001287,P001013,Sachin Bhosale,WITNESS,0,0,
INC001288,P000808,Sunil Sengar,ACCUSED,1,1,2026-10-17
INC001288,P000819,Bhanwar Meena,ACCUSED,1,1,2026-10-22
INC001288,P000836,Lakhwinder Bains,ACCUSED,1,1,2026-08-20
INC001288,P000838,Chandrabhan Bhadauria,ABSCONDING_ACCUSED,1,1,2026-08-06
INC001288,P001069,Baljinder Mann,COMPLAINANT,0,0,
INC001288,P001349,Jaswant Sarao,VICTIM,0,0,
INC001288,P001056,Sunil Jaiswal,WITNESS,0,0,
INC001289,P000995,Dinesh Yadav,SUSPECT,0,0,
INC001289,P000942,Rambabu Yadav,ACCUSED,1,1,2026-01-07
INC001289,P001078,Pramila Munda,COMPLAINANT,0,0,
INC001289,P001140,Ramkali Gupta,VICTIM,0,0,
INC001289,P001184,Mallesh Mudiraj,WITNESS,0,0,
INC001290,P000640,Perumal Palanivel,ACCUSED,1,1,2021-11-18
INC001290,P000657,Bhagaban Mohanty,ACCUSED,1,0,2021-08-19
INC001290,P000647,Trilochan Rout,ACCUSED,0,0,
INC001290,P000664,Mallesh Naidu,SUSPECT,1,1,2021-07-20
INC001290,P001167,Palanisamy Nadar,COMPLAINANT,0,0,
INC001290,P001217,Navneet Sandhu,VICTIM,0,0,
INC001291,P000019,Bhaskar Bhosale,SUSPECT,1,0,2024-01-03
INC001291,P000009,Sandip Rane,ACCUSED,1,1,2023-10-22
INC001291,P000008,Tanveer Idrisi,ACCUSED,1,1,2023-09-07
INC001291,P001231,Rambabu Pandey,COMPLAINANT,0,0,
INC001291,P001500,Salim Qureshi,VICTIM,0,0,
INC001291,P001358,Ravi Patil,WITNESS,0,0,
INC001292,P000846,Mahesh Shukla,ACCUSED,1,1,2022-08-31
INC001292,P000863,Lalthanga Momin,SUSPECT,0,0,
INC001292,P000862,Ngangbam Brahma,ACCUSED,1,1,2022-10-22
INC001292,P000852,Mallesh Kumar,ACCUSED,0,0,
INC001292,P001026,Lissy Achari,COMPLAINANT,0,0,
INC001292,P001397,Bhavesh Thakor,VICTIM,0,0,
INC001293,P000812,Udaiveer Baghel,ACCUSED,0,0,
INC001293,P000825,Jitendra Rajput,ACCUSED,0,0,
INC001293,P001038,Charanjit Kang,COMPLAINANT,0,0,
INC001293,P001133,Madan Charan,VICTIM,0,0,
INC001294,P000445,Kartik Das,ACCUSED,1,1,2020-12-27
INC001294,P000469,Mohammed Baig,ACCUSED,0,0,
INC001294,P001016,Preeti Rathore,COMPLAINANT,0,0,
INC001294,P001297,Abdul Mansuri,VICTIM,0,0,
INC001294,P001308,Chandrabhan Shukla,WITNESS,0,0,
INC001295,P000666,Hariom Bhardwaj,ABSCONDING_ACCUSED,1,1,2022-07-22
INC001295,P000699,Prasanna Jena,ACCUSED,1,1,2022-04-01
INC001295,P000683,Sanjib Mistry,ACCUSED,1,1,2022-03-28
INC001295,P000703,Mahesh Saini,ACCUSED,0,0,
INC001295,P000710,Sujoy Bhattacharya,ACCUSED,1,1,2022-10-03
INC001295,P001360,Har Prasad Gupta,COMPLAINANT,0,0,
INC001295,P001490,Renuka Kulkarni,VICTIM,0,0,
INC001296,P000780,Pradeep Prajapati,ACCUSED,1,1,2026-06-29
INC001296,P001185,Peter Lobo,COMPLAINANT,0,0,
INC001296,P001003,Rachna Baghel,VICTIM,0,0,
INC001296,P001415,Poongodi Muthusamy,WITNESS,0,0,
INC001297,P000094,Malkiat Grewal,ACCUSED,0,0,
INC001297,P000101,Ratan Saini,SUSPECT,1,1,2019-05-18
INC001297,P000130,Sohan Kumawat,ACCUSED,1,1,2019-05-25
INC001297,P000138,Rajwinder Sarao,ACCUSED,1,1,2019-07-05
INC001297,P000152,Bhoma Poonia,ACCUSED,0,0,
INC001297,P000137,Paramjit Gill,ACCUSED,1,0,2019-04-14
INC001297,P000100,Ranveer Choudhary,ACCUSED,1,1,2019-08-15
INC001297,P001182,Jhunu Rout,COMPLAINANT,0,0,
INC001297,P001085,Alpesh Chauhan,VICTIM,0,0,
INC001297,P001203,Nirmal Das,WITNESS,0,0,
INC001298,P000379,Saravanan Naicker,ACCUSED,1,1,2025-10-31
INC001298,P000395,Kannan Annadurai,ACCUSED,1,1,2025-07-26
INC001298,P001150,Venkatesh Sharma,COMPLAINANT,0,0,
INC001298,P001200,Rajwinder Bains,VICTIM,0,0,
INC001298,P001379,Ajay Chauhan,WITNESS,0,0,
INC001299,P000520,Simranjit Bains,ABSCONDING_ACCUSED,0,0,
INC001299,P000563,Malkiat Bains,ACCUSED,0,0,
INC001299,P000537,Harbhajan Bhullar,ACCUSED,0,0,
INC001299,P001475,Bandana Biswas,COMPLAINANT,0,0,
INC001299,P001239,Yogendra Bhadauria,VICTIM,0,0,
INC001300,P000425,Nirmal Chakraborty,ACCUSED,1,1,2023-08-22
INC001300,P001441,Javed Shaikh,COMPLAINANT,0,0,
INC001300,P001119,Anwar Rahman,VICTIM,0,0,
INC001300,P001125,Remya Thomas,WITNESS,0,0,
INC001301,P000348,Firoz Mirza,ACCUSED,0,0,
INC001301,P000337,Kalpesh Vaghela,ACCUSED,0,0,
INC001301,P000338,Bharat Rabari,ACCUSED,1,0,2026-03-18
INC001301,P001035,Kartik Barman,COMPLAINANT,0,0,
INC001301,P001121,Archana Bhardwaj,VICTIM,0,0,
INC001302,P000443,Salim Zaidi,ACCUSED,1,0,2022-03-25
INC001302,P001062,Ranjit Kang,COMPLAINANT,0,0,
INC001302,P001303,Naresh Baghel,VICTIM,0,0,
INC001303,P000558,Mahesh Kushwaha,ACCUSED,0,0,
INC001303,P001341,Tapasi Chakraborty,COMPLAINANT,0,0,
INC001303,P001065,Karthik Raja,VICTIM,0,0,
INC001303,P001384,Palash Bose,WITNESS,0,0,
INC001304,P000144,Yusuf Baig,SUSPECT,1,1,2023-03-15
INC001304,P000130,Sohan Kumawat,SUSPECT,1,0,2023-04-03
INC001304,P000120,Harbhajan Sekhon,ACCUSED,0,0,
INC001304,P001455,Kesar Jhala,COMPLAINANT,0,0,
INC001304,P001295,Gautam Barman,VICTIM,0,0,
INC001304,P001306,Rajni Bhardwaj,WITNESS,0,0,
INC001305,P000551,Abdul Idrisi,ACCUSED,1,1,2022-08-05
INC001305,P000567,Triloki Yadav,SUSPECT,0,0,
INC001305,P001367,Temjen Basumatary,COMPLAINANT,0,0,
INC001305,P001490,Renuka Kulkarni,VICTIM,0,0,
INC001306,P000148,Bhanwar Saini,ACCUSED,1,1,2026-03-11
INC001306,P001424,Nathu Ranawat,COMPLAINANT,0,0,
INC001307,P000875,Yumnam Rabha,ACCUSED,0,0,
INC001307,P000868,Satish Maurya,ACCUSED,1,1,2026-09-10
INC001307,P000873,Bikram Basumatary,ACCUSED,1,1,2026-08-05
INC001307,P001444,Clara Coutinho,COMPLAINANT,0,0,
INC001307,P001204,Kumaraswamy Hegde,VICTIM,0,0,
INC001307,P001190,Ramkali Bhadauria,WITNESS,0,0,
INC001308,P000973,Shabana Pathan,SUSPECT,0,0,
INC001308,P000933,Sajid Zaidi,ACCUSED,0,0,
INC001308,P001320,Rafiq Pathan,COMPLAINANT,0,0,
INC001308,P001395,Satish Pandey,VICTIM,0,0,
INC001308,P001491,Shabana Siddiqui,WITNESS,0,0,
INC001309,P000751,Devendra Maurya,ABSCONDING_ACCUSED,0,0,
INC001309,P001207,Sunita Verma,COMPLAINANT,0,0,
INC001309,P001430,Rajendran Naicker,VICTIM,0,0,
INC001309,P001113,Bhanwar Jhala,WITNESS,0,0,
INC001310,P000447,Javed Malik,ACCUSED,1,0,2023-06-16
INC001310,P001348,Nazia Saifi,COMPLAINANT,0,0,
INC001310,P001270,Meena Jaiswal,VICTIM,0,0,
INC001310,P001334,Ramesh Tomar,WITNESS,0,0,
INC001311,P000414,Thangaraj Rajendran,ACCUSED,0,0,
INC001311,P001414,Sujoy Bose,COMPLAINANT,0,0,
INC001312,P000589,Ramesh Awasthi,SUSPECT,1,1,2025-05-22
INC001312,P000606,Tanveer Rahman,SUSPECT,1,1,2025-09-28
INC001312,P001424,Nathu Ranawat,COMPLAINANT,0,0,
INC001312,P001464,Sathish Sharma,VICTIM,0,0,
INC001313,P000700,Mahesh Yadav,ACCUSED,0,0,
INC001313,P000699,Prasanna Jena,SUSPECT,1,0,2025-01-22
INC001313,P001129,Aruna Prasad,COMPLAINANT,0,0,
INC001313,P001338,Meena Dubey,VICTIM,0,0,
INC001314,P000486,Tanveer Khan,ACCUSED,0,0,
INC001314,P001494,Poonam Sengar,COMPLAINANT,0,0,
INC001314,P001458,Sanjib Sarkar,VICTIM,0,0,
INC001314,P001166,Bindu Joseph,WITNESS,0,0,
INC001315,P000134,Tanveer Sheikh,ACCUSED,0,0,
INC001315,P000101,Ratan Saini,ACCUSED,1,0,2022-10-26
INC001315,P001114,Ravinder Rao,COMPLAINANT,0,0,
INC001315,P001053,Jagmal Purohit,VICTIM,0,0,
INC001316,P000580,Nepal Mondal,ACCUSED,1,1,2024-09-19
INC001316,P000601,Sarfaraz Chaudhary,ACCUSED,0,0,
INC001316,P000577,Nirmal Naskar,ACCUSED,1,1,2025-03-27
INC001316,P000575,Vinod Nagar,ACCUSED,1,0,2024-12-25
INC001316,P001029,Arindam Sen,COMPLAINANT,0,0,
INC001316,P001286,Poonam Kushwaha,VICTIM,0,0,
INC001317,P000141,Paramjit Grewal,ABSCONDING_ACCUSED,0,0,
INC001317,P001159,Rina Biswas,COMPLAINANT,0,0,
INC001317,P001117,Sabita Mohanty,VICTIM,0,0,
INC001317,P001142,Suresh Bhardwaj,WITNESS,0,0,
INC001318,P000436,Shahnawaz Mirza,ABSCONDING_ACCUSED,0,0,
INC001318,P000434,Ibrahim Khan,ACCUSED,1,1,2023-06-25
INC001318,P000445,Kartik Das,ACCUSED,1,1,2023-07-08
INC001318,P000451,Munna Chauhan,ACCUSED,0,0,
INC001318,P000431,Bikash Roy,ACCUSED,0,0,
INC001318,P001143,Suresh Srivastava,COMPLAINANT,0,0,
INC001318,P001491,Shabana Siddiqui,VICTIM,0,0,
INC001319,P000514,Rafiq Sheikh,ACCUSED,0,0,
INC001319,P000494,Yogendra Pandey,ACCUSED,1,0,2025-01-23
INC001319,P001350,Arindam Adhikari,COMPLAINANT,0,0,
INC001319,P001279,Netrapal Baghel,VICTIM,0,0,
INC001319,P001108,Nirmala Maurya,WITNESS,0,0,
INC001320,P000130,Sohan Kumawat,ACCUSED,0,0,
INC001320,P000102,Abdul Shaikh,SUSPECT,1,1,2026-08-20
INC001320,P000126,Haroon Baig,SUSPECT,1,0,2026-11-17
INC001320,P000117,Nathu Choudhary,ACCUSED,1,0,2026-12-01
INC001320,P000165,Nadeem Chaudhary,ACCUSED,1,1,2026-08-11
INC001320,P001294,Kanta Jhala,COMPLAINANT,0,0,
INC001320,P001174,Shahnawaz Khan,VICTIM,0,0,
INC001321,P000660,Srinivas Kondapalli,ABSCONDING_ACCUSED,0,0,
INC001321,P000626,Murugan Muthusamy,ACCUSED,0,0,
INC001321,P000645,Prasanna Mohanty,ABSCONDING_ACCUSED,0,0,
INC001321,P001451,Sindhu Panicker,COMPLAINANT,0,0,
INC001321,P001113,Bhanwar Jhala,WITNESS,0,0,
INC001322,P000881,Rajitha Naidu,SUSPECT,1,1,2025-08-30
INC001322,P001199,Sunil Chauhan,COMPLAINANT,0,0,
INC001322,P001461,Chandra Shekar Choudary,VICTIM,0,0,
INC001322,P001076,Bikash Naskar,WITNESS,0,0,
INC001323,P000037,Ganesh Dalvi,ACCUSED,1,0,2023-07-22
INC001323,P000001,Anwar Ahmed,SUSPECT,0,0,
INC001323,P000022,Nasreen Sheikh,ACCUSED,1,1,2023-12-18
INC001323,P000004,Nilesh Vaghela,SUSPECT,0,0,
INC001323,P000024,Bharat Gohil,ACCUSED,0,0,
INC001323,P000058,Alpesh Shah,ACCUSED,0,0,
INC001323,P000081,Sandip Salunkhe,ACCUSED,0,0,
INC001323,P001382,Kavita Baghel,COMPLAINANT,0,0,
INC001323,P001016,Preeti Rathore,VICTIM,0,0,
INC001324,P000155,Ashfaq Shaikh,ACCUSED,1,1,2025-07-24
INC001324,P000118,Bikramjit Sidhu,ABSCONDING_ACCUSED,1,1,2025-10-13
INC001324,P001216,Gautam Gayen,COMPLAINANT,0,0,
INC001324,P001355,Ajay Kashyap,VICTIM,0,0,
INC001324,P001366,Sasmita Barik,WITNESS,0,0,
INC001325,P000101,Ratan Saini,ACCUSED,1,1,2022-04-18
INC001325,P000130,Sohan Kumawat,SUSPECT,1,1,2021-11-25
INC001325,P001060,Arivazhagan Mudaliar,COMPLAINANT,0,0,
INC001325,P001296,Elango Naicker,VICTIM,0,0,
INC001325,P001440,Elango Annadurai,WITNESS,0,0,
INC001326,P000836,Lakhwinder Bains,ACCUSED,1,1,2025-11-22
INC001326,P001382,Kavita Baghel,COMPLAINANT,0,0,
INC001326,P001242,Bhaskar Shinde,VICTIM,0,0,
INC001326,P001462,Shyamlal Awasthi,WITNESS,0,0,
INC001327,P000329,Rambabu Yadav,ACCUSED,0,0,
INC001327,P000346,Rajeevan Marar,SUSPECT,1,1,2026-08-03
INC001327,P000290,Alpesh Shah,SUSPECT,0,0,
INC001327,P001424,Nathu Ranawat,COMPLAINANT,0,0,
INC001327,P001157,Praveen Joseph,VICTIM,0,0,
INC001327,P001111,Ravinder Prasad,WITNESS,0,0,
INC001328,P000528,Satnam Sidhu,ACCUSED,1,0,2026-07-18
INC001328,P000537,Harbhajan Bhullar,ACCUSED,1,0,2026-06-26
INC001328,P001374,Bhagwati Poonia,COMPLAINANT,0,0,
INC001328,P001438,Mallesh Rao,VICTIM,0,0,
INC001329,P000713,Aarti More,ACCUSED,0,0,
INC001329,P001085,Alpesh Chauhan,COMPLAINANT,0,0,
INC001329,P001422,Sukhdev Kang,WITNESS,0,0,
INC001330,P000448,Gautam Majumdar,ABSCONDING_ACCUSED,0,0,
INC001330,P001254,Lekhraj Kashyap,COMPLAINANT,0,0,
INC001330,P001166,Bindu Joseph,VICTIM,0,0,
INC001330,P001164,Sasmita Rout,WITNESS,0,0,
INC001331,P000513,Devendra Bhardwaj,SUSPECT,0,0,
INC001331,P000479,Balbir Baghel,ACCUSED,1,0,2026-07-16
INC001331,P000506,Urmila Prajapati,ACCUSED,1,1,2026-09-23
INC001331,P000481,Sajid Mansuri,ACCUSED,1,1,2026-05-12
INC001331,P000475,Tanveer Pathan,ACCUSED,0,0,
INC001331,P001494,Poonam Sengar,COMPLAINANT,0,0,
INC001331,P001418,Dinesh Srivastava,VICTIM,0,0,
INC001331,P001488,Manpreet Bains,WITNESS,0,0,
INC001332,P000294,Sarfaraz Pathan,ACCUSED,0,0,
INC001332,P000300,Haroon Idrisi,ABSCONDING_ACCUSED,0,0,
INC001332,P000309,Jignesh Thakor,SUSPECT,1,1,2023-09-21
INC001332,P001094,Shabana Ahmed,COMPLAINANT,0,0,
INC001332,P001158,Saroja Kumar,VICTIM,0,0,
INC001333,P000912,Ajay Jaiswal,ACCUSED,1,1,2026-03-17
INC001333,P000934,Bikash Mistry,SUSPECT,0,0,
INC001333,P001369,Pushpalatha Angadi,COMPLAINANT,0,0,
INC001333,P001215,Nirmala Jaiswal,VICTIM,0,0,
INC001333,P001261,Sabitri Adhikari,WITNESS,0,0,
INC001334,P000524,Aslam Saifi,ACCUSED,1,1,2021-04-28
INC001334,P000549,Tanveer Rahman,ACCUSED,0,0,
INC001334,P000568,Lakhwinder Singh,ACCUSED,1,1,2021-09-10
INC001334,P000541,Javed Alam,ACCUSED,1,1,2021-04-14
INC001334,P000543,Shahnawaz Mansuri,ABSCONDING_ACCUSED,1,1,2021-05-19
INC001334,P001173,Sarla Vyas,COMPLAINANT,0,0,
INC001334,P001196,Jagabandhu Dash,VICTIM,0,0,
INC001335,P000151,Baljinder Mann,ACCUSED,0,0,
INC001335,P000163,Shahnaz Siddiqui,ABSCONDING_ACCUSED,1,0,2019-03-01
INC001335,P001495,Satish Verma,COMPLAINANT,0,0,
INC001335,P001015,Nasreen Baig,VICTIM,0,0,
INC001335,P001135,Sudhakar Yadav,WITNESS,0,0,
INC001336,P000915,Ibrahim Qureshi,ACCUSED,1,0,2026-05-02
INC001336,P000985,Arindam Chakraborty,ABSCONDING_ACCUSED,0,0,
INC001336,P000949,Sudha Singh,ACCUSED,1,1,2026-05-01
INC001336,P001346,Xavier Coutinho,COMPLAINANT,0,0,
INC001336,P001214,Mangesh Salunkhe,VICTIM,0,0,
INC001336,P001461,Chandra Shekar Choudary,WITNESS,0,0,
INC001337,P000675,Naresh Shukla,ACCUSED,1,1,2022-01-03
INC001337,P000702,Basanta Jena,ACCUSED,1,1,2021-08-19
INC001337,P001441,Javed Shaikh,COMPLAINANT,0,0,
INC001337,P001195,Malathi Annadurai,VICTIM,0,0,
INC001337,P001410,Sanjay Yadav,WITNESS,0,0,
INC001338,P000166,Faizan Hussain,ACCUSED,1,1,2023-11-13
INC001338,P000107,Mohammed Shaikh,ACCUSED,0,0,
INC001338,P000160,Rachhpal Singh,ABSCONDING_ACCUSED,1,1,2024-03-14
INC001338,P001235,Deepa Jacob,COMPLAINANT,0,0,
INC001338,P001407,Bikash Majumdar,VICTIM,0,0,
INC001339,P000756,Shakeel Malik,ABSCONDING_ACCUSED,0,0,
INC001339,P000728,Netrapal Saini,SUSPECT,1,0,2025-10-05
INC001339,P001217,Navneet Sandhu,COMPLAINANT,0,0,
INC001339,P001142,Suresh Bhardwaj,VICTIM,0,0,
INC001340,P000488,Aslam Ahmed,ABSCONDING_ACCUSED,1,1,2026-08-22
INC001340,P000505,Nazia Khan,ABSCONDING_ACCUSED,1,0,2026-08-30
INC001340,P000495,Firoz Mansuri,ACCUSED,1,0,2026-08-09
INC001340,P001267,Reshma Zaidi,COMPLAINANT,0,0,
INC001340,P001178,Javed Malik,VICTIM,0,0,
INC001340,P001292,Rachna Mishra,WITNESS,0,0,
INC001341,P000487,Ashfaq Zaidi,ACCUSED,1,1,2024-12-11
INC001341,P000492,Sunil Nagar,ABSCONDING_ACCUSED,1,1,2024-06-29
INC001341,P000481,Sajid Mansuri,ACCUSED,0,0,
INC001341,P000497,Prakash Thakur,ACCUSED,1,1,2024-10-10
INC001341,P000501,Rafiq Siddiqui,SUSPECT,0,0,
INC001341,P001032,Sanjay Tiwari,COMPLAINANT,0,0,
INC001341,P001154,Nagaraju Bandari,VICTIM,0,0,
INC001341,P001243,Rajni Pandey,WITNESS,0,0,
INC001342,P000323,Wasim Sheikh,ABSCONDING_ACCUSED,0,0,
INC001342,P000329,Rambabu Yadav,SUSPECT,1,1,2026-05-06
INC001342,P001409,Ashfaq Hussain,COMPLAINANT,0,0,
INC001342,P001271,Jayan Namboothiri,VICTIM,0,0,
INC001343,P000030,Rahul Jadhav,ACCUSED,0,0,
INC001343,P000080,Kalpesh Zala,SUSPECT,1,0,2024-09-23
INC001343,P000044,Hitesh Solanki,SUSPECT,1,1,2025-03-10
INC001343,P001006,Kavya Raju,COMPLAINANT,0,0,
INC001343,P001045,Vidyawati Rathore,VICTIM,0,0,
INC001344,P000743,Har Prasad Sharma,ABSCONDING_ACCUSED,0,0,
INC001344,P000726,Rahul Rane,ACCUSED,1,1,2025-03-31
INC001344,P000716,Vaishnavi Kadam,ACCUSED,0,0,
INC001344,P001084,Davinder Kang,COMPLAINANT,0,0,
INC001344,P001449,Swapan Bose,VICTIM,0,0,
INC001344,P001237,Devendra Sengar,WITNESS,0,0,
INC001345,P000349,Rinku Parmar,ACCUSED,1,0,2023-05-18
INC001345,P000305,Manoj Chauhan,ACCUSED,1,0,2023-03-11
INC001345,P000309,Jignesh Thakor,ACCUSED,1,0,2023-03-25
INC001345,P000344,Jignesh Dave,SUSPECT,1,1,2023-02-26
INC001345,P001250,Yogendra Shukla,COMPLAINANT,0,0,
INC001345,P001418,Dinesh Srivastava,VICTIM,0,0,
INC001346,P000561,Nirmal Gill,ACCUSED,1,1,2025-07-23
INC001346,P000535,Om Prakash Bhardwaj,ACCUSED,0,0,
INC001346,P000560,Devendra Bhardwaj,ACCUSED,1,0,2025-03-17
INC001346,P000545,Abdul Alam,ACCUSED,1,1,2025-03-23
INC001346,P000549,Tanveer Rahman,SUSPECT,0,0,
INC001346,P001214,Mangesh Salunkhe,COMPLAINANT,0,0,
INC001346,P001272,Girish Hiremath,VICTIM,0,0,
INC001347,P000145,Nirmal Singh,ACCUSED,0,0,
INC001347,P000115,Nirmal Singh,ACCUSED,0,0,
INC001347,P000139,Chhagan Saini,ACCUSED,1,0,2026-10-04
INC001347,P001448,Reshma Chaudhary,COMPLAINANT,0,0,
INC001347,P001414,Sujoy Bose,VICTIM,0,0,
INC001347,P001129,Aruna Prasad,WITNESS,0,0,
INC001348,P000995,Dinesh Yadav,ACCUSED,1,0,2026-02-01
INC001348,P000935,Bhanwar Charan,ACCUSED,1,1,2026-05-17
INC001348,P000963,Sandip Bhoir,SUSPECT,1,1,2026-01-09
INC001348,P000944,Siddaraju Patil,ACCUSED,1,1,2025-12-20
INC001348,P000884,Wasim Mansuri,ACCUSED,1,0,2026-05-21
INC001348,P001119,Anwar Rahman,COMPLAINANT,0,0,
INC001348,P001067,Gopal Dutta,VICTIM,0,0,
INC001349,P000702,Basanta Jena,ACCUSED,1,0,2024-05-31
INC001349,P000671,Basanta Jena,ACCUSED,1,0,2024-02-26
INC001349,P000700,Mahesh Yadav,ACCUSED,1,1,2024-03-11
INC001349,P000684,Sunil Verma,ACCUSED,1,1,2024-01-24
INC001349,P000710,Sujoy Bhattacharya,ACCUSED,1,1,2024-01-27
INC001349,P001365,Sujatha Setty,COMPLAINANT,0,0,
INC001349,P001035,Kartik Barman,VICTIM,0,0,
INC001349,P001406,Mahesh Rathore,WITNESS,0,0,
INC001350,P000908,Harpreet Sidhu,ACCUSED,1,1,2022-10-26
INC001350,P000997,Pradip Majumdar,ACCUSED,0,0,
INC001350,P000940,Mitesh Solanki,SUSPECT,0,0,
INC001350,P000952,Paresh Shah,ACCUSED,1,1,2023-04-01
INC001350,P000963,Sandip Bhoir,ACCUSED,1,0,2022-10-18
INC001350,P000953,Bibhuti Behera,ABSCONDING_ACCUSED,0,0,
INC001350,P001000,Bhagya Angadi,ACCUSED,1,1,2022-11-14
INC001350,P001377,Rekha Prajapati,COMPLAINANT,0,0,
INC001350,P001439,Shabana Farooqui,VICTIM,0,0,
INC001350,P001375,Yellaiah Yadav,WITNESS,0,0,
INC001351,P000775,Shakeel Idrisi,ACCUSED,1,1,2021-12-16
INC001351,P001149,Savita Awasthi,COMPLAINANT,0,0,
INC001351,P001248,Basanti Jena,VICTIM,0,0,
INC001351,P001413,Nilesh Deshmukh,WITNESS,0,0,
INC001352,P000789,Wasim Qureshi,ACCUSED,1,1,2024-05-31
INC001352,P000768,Prakash Gupta,ACCUSED,1,1,2024-05-16
INC001352,P001457,Nepal Biswas,COMPLAINANT,0,0,
INC001352,P001318,Paresh Solanki,VICTIM,0,0,
INC001353,P000845,Yogendra Saini,SUSPECT,1,1,2026-05-25
INC001353,P000806,Hanuman Shekhawat,ACCUSED,1,0,2026-05-28
INC001353,P001291,Hitesh Thakor,COMPLAINANT,0,0,
INC001353,P001215,Nirmala Jaiswal,VICTIM,0,0,
INC001354,P000367,Ilango Annadurai,ACCUSED,1,1,2023-09-29
INC001354,P000373,Saravanan Mudaliar,ACCUSED,1,0,2023-10-19
INC001354,P000369,Ravichandran Nadar,ACCUSED,1,1,2023-09-24
INC001354,P000398,Girish Hiremath,ACCUSED,0,0,
INC001354,P001002,Suman Sisodia,COMPLAINANT,0,0,
INC001355,P000903,Lekhraj Srivastava,ACCUSED,0,0,
INC001355,P000893,Imran Qureshi,ABSCONDING_ACCUSED,0,0,
INC001355,P001418,Dinesh Srivastava,COMPLAINANT,0,0,
INC001355,P001071,Surinder Bajwa,VICTIM,0,0,
INC001356,P000303,Balbir Yadav,ABSCONDING_ACCUSED,1,0,2024-02-04
INC001356,P000293,Har Prasad Sharma,ACCUSED,1,0,2024-05-07
INC001356,P001075,Alpesh Solanki,COMPLAINANT,0,0,
INC001356,P001494,Poonam Sengar,VICTIM,0,0,
INC001356,P001429,Arindam Majumdar,WITNESS,0,0,
INC001357,P000769,Shakeel Siddiqui,ABSCONDING_ACCUSED,1,1,2025-09-02
INC001357,P000789,Wasim Qureshi,ACCUSED,1,1,2025-09-20
INC001357,P000794,Wasim Hussain,ABSCONDING_ACCUSED,1,1,2025-12-27
INC001357,P000765,Salim Shaikh,ABSCONDING_ACCUSED,0,0,
INC001357,P000800,Haroon Mansuri,ACCUSED,1,0,2025-12-18
INC001357,P001400,Sudha Bhadauria,COMPLAINANT,0,0,
INC001357,P001412,Savita Saini,VICTIM,0,0,
INC001357,P001214,Mangesh Salunkhe,WITNESS,0,0,
INC001358,P000550,Anwar Qureshi,ACCUSED,1,0,2026-01-15
INC001358,P000560,Devendra Bhardwaj,ACCUSED,0,0,
INC001358,P000527,Harbhajan Sarao,ACCUSED,0,0,
INC001358,P000541,Javed Alam,ACCUSED,1,1,2026-01-17
INC001358,P001322,Vasanthi Muthusamy,COMPLAINANT,0,0,
INC001358,P001004,Manjunath Bhat,VICTIM,0,0,
INC001358,P001181,Shahnaz Khan,WITNESS,0,0,
INC001359,P000067,Pandurang Mhatre,SUSPECT,0,0,
INC001359,P000035,Sachin Bhosale,ACCUSED,1,1,2019-05-19
INC001359,P001373,Alpesh Barot,COMPLAINANT,0,0,
INC001359,P001400,Sudha Bhadauria,VICTIM,0,0,
INC001359,P001415,Poongodi Muthusamy,WITNESS,0,0,
INC001360,P000153,Shahnawaz Mansuri,SUSPECT,1,1,2023-09-05
INC001360,P000171,Mohammed Shaikh,ACCUSED,1,1,2023-08-04
INC001360,P001284,Prashant Mhatre,COMPLAINANT,0,0,
INC001360,P001035,Kartik Barman,VICTIM,0,0,
INC001360,P001380,Aslam Sheikh,WITNESS,0,0,
INC001361,P000865,Padma Yadav,ACCUSED,1,0,2024-07-06
INC001361,P000851,Ilango Subramanian,ACCUSED,1,1,2024-08-23
INC001361,P000868,Satish Maurya,SUSPECT,0,0,
INC001361,P000847,Yumnam Marak,SUSPECT,1,0,2024-04-18
INC001361,P001265,Jitendra Rathore,COMPLAINANT,0,0,
INC001361,P001126,Baljinder Brar,VICTIM,0,0,
INC001361,P001362,Tapasi Sen,WITNESS,0,0,
INC001362,P000695,Basanta Mallick,ACCUSED,1,1,2026-06-04
INC001362,P000677,Bhagaban Dash,ACCUSED,1,0,2026-05-31
INC001362,P000691,Arun Gupta,ABSCONDING_ACCUSED,0,0,
INC001362,P000673,Vijay Dubey,ABSCONDING_ACCUSED,1,1,2026-04-26
INC001362,P000702,Basanta Jena,ACCUSED,1,1,2026-06-08
INC001362,P001338,Meena Dubey,COMPLAINANT,0,0,
INC001362,P001384,Palash Bose,VICTIM,0,0,
INC001362,P001242,Bhaskar Shinde,WITNESS,0,0,
INC001363,P000336,Munna Baghel,ACCUSED,1,1,2023-03-22
INC001363,P001472,Karthik Mudaliar,COMPLAINANT,0,0,
INC001363,P001244,Velu Pillai,VICTIM,0,0,
INC001363,P001084,Davinder Kang,WITNESS,0,0,
INC001364,P000337,Kalpesh Vaghela,ACCUSED,1,1,2023-12-25
INC001364,P000300,Haroon Idrisi,SUSPECT,0,0,
INC001364,P000338,Bharat Rabari,ABSCONDING_ACCUSED,0,0,
INC001364,P000304,Afsana Malik,SUSPECT,0,0,
INC001364,P001102,Kuldeep Nagar,COMPLAINANT,0,0,
INC001364,P001344,Baljit Sidhu,VICTIM,0,0,
INC001365,P000711,Vijay Singh,ACCUSED,0,0,
INC001365,P000712,Basanta Panda,ACCUSED,0,0,
INC001365,P000698,Sunil Pandey,ACCUSED,1,1,2024-03-07
INC001365,P001224,Bhagwati Bhati,COMPLAINANT,0,0,
INC001365,P001127,Vaishali Trivedi,VICTIM,0,0,
INC001366,P000439,Gopal Biswas,ACCUSED,0,0,
INC001366,P000434,Ibrahim Khan,SUSPECT,1,0,2024-01-19
INC001366,P001476,Sandip Patil,COMPLAINANT,0,0,
INC001366,P001417,Bhagaban Mohanty,VICTIM,0,0,
INC001367,P000151,Baljinder Mann,SUSPECT,0,0,
INC001367,P000136,Amarjit Grewal,ACCUSED,1,1,2022-05-01
INC001367,P001074,Hariom Awasthi,COMPLAINANT,0,0,
INC001367,P001012,Harjinder Gill,VICTIM,0,0,
INC001368,P000213,Ajay Tiwari,SUSPECT,1,1,2024-12-25
INC001368,P000236,Shyamlal Rajput,ACCUSED,1,1,2025-05-06
INC001368,P000244,Altaf Baig,ACCUSED,1,0,2025-01-06
INC001368,P000182,Iqbal Pathan,ACCUSED,0,0,
INC001368,P001315,Laxmi Saini,COMPLAINANT,0,0,
INC001368,P001281,Vidyawati Tiwari,VICTIM,0,0,
INC001369,P000624,Balaraju Nallamothu,ACCUSED,0,0,
INC001369,P000615,Mallesh Yadav,ACCUSED,0,0,
INC001369,P000631,Narsimha Prasad,ACCUSED,1,1,2021-08-29
INC001369,P000645,Prasanna Mohanty,ACCUSED,1,1,2021-08-16
INC001369,P000630,Bibhuti Mohanty,ACCUSED,0,0,
INC001369,P001257,Vaishnavi Bhoir,COMPLAINANT,0,0,
INC001369,P001462,Shyamlal Awasthi,VICTIM,0,0,
INC001369,P001436,Alpesh Shah,WITNESS,0,0,
INC001370,P000039,Sagar Rane,ACCUSED,1,1,2026-05-01
INC001370,P000086,Chirag Dave,ACCUSED,1,1,2026-05-25
INC001370,P001351,Nilesh Trivedi,COMPLAINANT,0,0,
INC001370,P001158,Saroja Kumar,VICTIM,0,0,
INC001371,P000543,Shahnawaz Mansuri,SUSPECT,1,0,2020-12-17
INC001371,P000538,Balwinder Gill,ACCUSED,1,0,2021-02-14
INC001371,P000569,Rizwan Qureshi,ACCUSED,0,0,
INC001371,P000559,Tarsem Singh,ACCUSED,0,0,
INC001371,P001405,Nagesh Angadi,COMPLAINANT,0,0,
INC001371,P001143,Suresh Srivastava,VICTIM,0,0,
INC001371,P001373,Alpesh Barot,WITNESS,0,0,
INC001372,P000119,Faizan Alam,ABSCONDING_ACCUSED,1,1,2021-11-21
INC001372,P000128,Jasbir Kang,ACCUSED,1,1,2021-11-25
INC001372,P000129,Kulwant Aulakh,ACCUSED,0,0,
INC001372,P001099,Yusuf Khan,COMPLAINANT,0,0,
INC001372,P001225,Reshma Idrisi,VICTIM,0,0,
INC001372,P001470,Nadeem Shaikh,WITNESS,0,0,
INC001373,P000510,Nazia Saifi,ACCUSED,0,0,
INC001373,P000480,Tanveer Farooqui,ACCUSED,1,1,2026-04-14
INC001373,P001092,Dhanapal Sundaram,COMPLAINANT,0,0,
INC001373,P001482,Sujoy Sardar,VICTIM,0,0,
INC001374,P000700,Mahesh Yadav,ACCUSED,0,0,
INC001374,P000684,Sunil Verma,ACCUSED,1,1,2025-02-13
INC001374,P000712,Basanta Panda,ACCUSED,1,1,2025-04-06
INC001374,P000703,Mahesh Saini,ACCUSED,1,1,2025-02-26
INC001374,P000683,Sanjib Mistry,ACCUSED,1,1,2025-04-05
INC001374,P001100,Revathi Muthusamy,COMPLAINANT,0,0,
INC001374,P001437,Prabhakar Naidu,VICTIM,0,0,
INC001375,P000021,Kishor Makwana,ACCUSED,1,1,2026-04-07
INC001375,P001230,Lakshmi Mudiraj,COMPLAINANT,0,0,
INC001375,P001260,Madhuri Salunkhe,VICTIM,0,0,
INC001375,P001120,Basanta Jena,WITNESS,0,0,
INC001376,P000131,Imran Siddiqui,ACCUSED,1,0,2026-02-25
INC001376,P000100,Ranveer Choudhary,ACCUSED,0,0,
INC001376,P001237,Devendra Sengar,COMPLAINANT,0,0,
INC001376,P001149,Savita Awasthi,VICTIM,0,0,
INC001377,P000953,Bibhuti Behera,ACCUSED,1,1,2024-02-07
INC001377,P001260,Madhuri Salunkhe,COMPLAINANT,0,0,
INC001377,P001338,Meena Dubey,VICTIM,0,0,
INC001377,P001197,Bheru Kumawat,WITNESS,0,0,
INC001378,P000069,Sarfaraz Qureshi,ACCUSED,1,0,2020-07-04
INC001378,P000062,Dattatray Tandel,ABSCONDING_ACCUSED,1,1,2020-08-01
INC001378,P000013,Mushtaq Baig,SUSPECT,1,0,2020-10-23
INC001378,P000026,Hitesh Trivedi,ACCUSED,0,0,
INC001378,P000065,Shahnawaz Mansuri,ACCUSED,1,1,2020-07-21
INC001378,P001156,Vetrivel Naicker,COMPLAINANT,0,0,
INC001378,P001284,Prashant Mhatre,VICTIM,0,0,
INC001379,P000458,Zubair Ahmed,ACCUSED,1,1,2024-05-23
INC001379,P000433,Subhas Naskar,ACCUSED,1,1,2024-03-21
INC001379,P000462,Kuldeep Pandey,ACCUSED,1,1,2024-04-19
INC001379,P000422,Debashish Biswas,ABSCONDING_ACCUSED,0,0,
INC001379,P001383,Debashish Halder,COMPLAINANT,0,0,
INC001379,P001465,Afsana Mirza,VICTIM,0,0,
INC001379,P001347,Sanoop Kartha,WITNESS,0,0,
INC001380,P000442,Swapan Gayen,SUSPECT,1,0,2024-08-02
INC001380,P000459,Gopal Pal,ACCUSED,0,0,
INC001380,P000465,Sanjib Das,SUSPECT,1,0,2024-09-25
INC001380,P000457,Naseer Malik,ABSCONDING_ACCUSED,1,0,2024-10-02
INC001380,P000464,Vinod Rajput,ACCUSED,1,1,2024-09-06
INC001380,P001283,Swapnil Naik,COMPLAINANT,0,0,
INC001380,P001063,Nadeem Shaikh,VICTIM,0,0,
INC001380,P001231,Rambabu Pandey,WITNESS,0,0,
INC001381,P000829,Devendra Srivastava,SUSPECT,0,0,
INC001381,P001400,Sudha Bhadauria,COMPLAINANT,0,0,
INC001381,P001438,Mallesh Rao,VICTIM,0,0,
INC001381,P001244,Velu Pillai,WITNESS,0,0,
INC001382,P000725,Altaf Khan,ACCUSED,1,0,2026-05-26
INC001382,P001163,Hariom Chauhan,COMPLAINANT,0,0,
INC001382,P001368,Kuni Mohanty,VICTIM,0,0,
INC001382,P001355,Ajay Kashyap,WITNESS,0,0,
INC001383,P000713,Aarti More,ABSCONDING_ACCUSED,1,0,2024-05-17
INC001383,P000760,Ashfaq Shaikh,ACCUSED,0,0,
INC001383,P001206,Mukesh Thakur,COMPLAINANT,0,0,
INC001383,P001399,Rachhpal Mann,VICTIM,0,0,
INC001383,P001327,Hanuman Ranawat,WITNESS,0,0,
INC001384,P000833,Sukhdev Singh,SUSPECT,1,1,2025-09-11
INC001384,P000837,Ratan Kumawat,ACCUSED,1,1,2025-05-08
INC001384,P001371,Kavita Prajapati,COMPLAINANT,0,0,
INC001384,P001417,Bhagaban Mohanty,VICTIM,0,0,
INC001385,P000060,Rasik Vaghela,ACCUSED,0,0,
INC001385,P000038,Tushar Zala,ACCUSED,0,0,
INC001385,P000001,Anwar Ahmed,SUSPECT,0,0,
INC001385,P000054,Dharmesh Shah,SUSPECT,1,1,2019-06-21
INC001385,P000062,Dattatray Tandel,SUSPECT,0,0,
INC001385,P000077,Dharmesh Thakor,SUSPECT,0,0,
INC001385,P000090,Mangesh Tandel,ACCUSED,0,0,
INC001385,P001206,Mukesh Thakur,COMPLAINANT,0,0,
INC001385,P001453,Unnikrishnan Achari,VICTIM,0,0,
INC001385,P001023,Siddaraju Poojary,WITNESS,0,0,
INC001386,P000887,Anoop Kartha,ACCUSED,1,0,2021-10-21
INC001386,P000964,Kiran Waghmare,SUSPECT,0,0,
INC001386,P000938,Shanti Tomar,SUSPECT,1,1,2022-02-17
INC001386,P000896,Aslam Khan,ACCUSED,1,1,2022-01-31
INC001386,P000949,Sudha Singh,ACCUSED,1,0,2021-12-01
INC001386,P001112,Anita Tiwari,COMPLAINANT,0,0,
INC001387,P000347,Satish Kushwaha,ACCUSED,1,1,2022-08-05
INC001387,P000352,Ramesh Tiwari,ACCUSED,1,1,2022-11-28
INC001387,P000307,Ibrahim Idrisi,ACCUSED,1,1,2023-01-12
INC001387,P000339,Nishad Jacob,ABSCONDING_ACCUSED,0,0,
INC001387,P001076,Bikash Naskar,COMPLAINANT,0,0,
INC001387,P001331,Sukumar Pal,VICTIM,0,0,
INC001388,P000258,Subhas Roy,ACCUSED,1,0,2024-12-04
INC001388,P001027,Murugan Rajendran,COMPLAINANT,0,0,
INC001388,P001377,Rekha Prajapati,VICTIM,0,0,
INC001388,P001028,Arun Baghel,WITNESS,0,0,
INC001389,P000860,Chandra Shekar Choudary,ACCUSED,0,0,
INC001389,P000878,Srinivas Bandari,SUSPECT,1,1,2023-12-05
INC001389,P000856,Bala Gounder,ACCUSED,0,0,
INC001389,P000852,Mallesh Kumar,SUSPECT,1,1,2024-03-17
INC001389,P001051,Sandip Dalvi,COMPLAINANT,0,0,
INC001389,P001469,Sandeep Mishra,VICTIM,0,0,
INC001390,P000746,Swapnil Kadam,SUSPECT,1,1,2023-09-17
INC001390,P000748,Divyesh Desai,ACCUSED,1,1,2024-01-08
INC001390,P000759,Devendra Chauhan,ACCUSED,1,1,2023-12-01
INC001390,P000714,Divyesh Vaghela,ACCUSED,1,1,2024-01-09
INC001390,P000733,Kalpesh Solanki,ACCUSED,0,0,
INC001390,P001196,Jagabandhu Dash,COMPLAINANT,0,0,
INC001391,P000350,Vipul Chauhan,ABSCONDING_ACCUSED,1,0,2026-07-18
INC001391,P000348,Firoz Mirza,SUSPECT,0,0,
INC001391,P001086,Rajni Jaiswal,COMPLAINANT,0,0,
INC001391,P001307,Biju Nair,VICTIM,0,0,
INC001391,P001038,Charanjit Kang,WITNESS,0,0,
INC001392,P000287,Mahesh Maurya,SUSPECT,0,0,
INC001392,P000177,Palash Sardar,ACCUSED,1,0,2022-11-05
INC001392,P000239,Kuldeep Rathore,ACCUSED,1,0,2022-10-05
INC001392,P000249,Firoz Sheikh,SUSPECT,1,1,2022-08-21
INC001392,P001217,Navneet Sandhu,COMPLAINANT,0,0,
INC001392,P001415,Poongodi Muthusamy,VICTIM,0,0,
INC001392,P001406,Mahesh Rathore,WITNESS,0,0,
INC001393,P000601,Sarfaraz Chaudhary,SUSPECT,1,1,2026-06-17
INC001393,P000571,Salim Ahmed,ACCUSED,1,0,2026-01-25
INC001393,P000592,Sudha Singh,ABSCONDING_ACCUSED,0,0,
INC001393,P000603,Firoz Rahman,ACCUSED,1,1,2026-05-31
INC001393,P000590,Shailendra Kashyap,SUSPECT,1,1,2026-04-05
INC001393,P000608,Shailendra Sengar,ACCUSED,1,1,2026-01-04
INC001393,P000607,Udaiveer Prajapati,ABSCONDING_ACCUSED,0,0,
INC001393,P001388,Haroon Rahman,COMPLAINANT,0,0,
INC001393,P001328,Sanoop Joseph,VICTIM,0,0,
INC001393,P001280,Rubina Zaidi,WITNESS,0,0,
INC001394,P000938,Shanti Tomar,ACCUSED,1,0,2019-10-31
INC001394,P000999,Satish Rathore,SUSPECT,1,0,2019-10-07
INC001394,P000910,Ranjan Sardar,SUSPECT,1,1,2019-08-27
INC001394,P001193,Palash Das,COMPLAINANT,0,0,
INC001394,P001135,Sudhakar Yadav,VICTIM,0,0,
INC001394,P001279,Netrapal Baghel,WITNESS,0,0,
INC001395,P000853,Rajesh Jaiswal,ACCUSED,1,0,2023-06-20
INC001395,P000855,Alemba Momin,ACCUSED,1,1,2023-04-30
INC001395,P000856,Bala Gounder,ACCUSED,1,1,2023-05-28
INC001395,P001247,Wasim Malik,COMPLAINANT,0,0,
INC001395,P001414,Sujoy Bose,VICTIM,0,0,
INC001396,P000671,Basanta Jena,ACCUSED,1,1,2024-05-08
INC001396,P001256,Alwyn Noronha,COMPLAINANT,0,0,
INC001396,P001447,Tanaji Gaikwad,VICTIM,0,0,
INC001396,P001244,Velu Pillai,WITNESS,0,0,
INC001397,P000526,Vinod Singh,ACCUSED,1,0,2026-04-04
INC001397,P000545,Abdul Alam,ACCUSED,0,0,
INC001397,P001162,Anitha Achari,COMPLAINANT,0,0,
INC001397,P001157,Praveen Joseph,VICTIM,0,0,
INC001398,P000079,Rasik Trivedi,ACCUSED,0,0,
INC001398,P000057,Sagar Bhoir,ACCUSED,1,1,2024-12-08
INC001398,P001375,Yellaiah Yadav,COMPLAINANT,0,0,
INC001398,P001394,Saravanan Gounder,VICTIM,0,0,
INC001399,P000881,Rajitha Naidu,ABSCONDING_ACCUSED,1,1,2023-01-26
INC001399,P000951,Nathu Ranawat,ACCUSED,0,0,
INC001399,P000933,Sajid Zaidi,SUSPECT,1,1,2023-03-11
INC001399,P001006,Kavya Raju,COMPLAINANT,0,0,
INC001399,P001150,Venkatesh Sharma,VICTIM,0,0,
INC001400,P000687,Dinesh Prajapati,ACCUSED,1,1,2026-07-05
INC001400,P000698,Sunil Pandey,ACCUSED,0,0,
INC001400,P000678,Bibhuti Munda,SUSPECT,1,0,2026-11-26
INC001400,P000695,Basanta Mallick,ACCUSED,0,0,
INC001400,P000682,Rupa Das,SUSPECT,1,1,2026-05-28
INC001400,P001419,Malathi Nadar,COMPLAINANT,0,0,
INC001400,P001409,Ashfaq Hussain,VICTIM,0,0,
INC001401,P000036,Shahnaz Alam,SUSPECT,0,0,
INC001401,P000037,Ganesh Dalvi,ABSCONDING_ACCUSED,0,0,
INC001401,P000005,Aslam Ahmed,ACCUSED,1,1,2024-10-14
INC001401,P001078,Pramila Munda,COMPLAINANT,0,0,
INC001401,P001175,Nagaratna Shetty,VICTIM,0,0,
INC001402,P000492,Sunil Nagar,ABSCONDING_ACCUSED,0,0,
INC001402,P001223,Balaraju Reddy,COMPLAINANT,0,0,
INC001402,P001308,Chandrabhan Shukla,VICTIM,0,0,
INC001402,P001400,Sudha Bhadauria,WITNESS,0,0,
INC001403,P000263,Palash Sen,SUSPECT,0,0,
INC001403,P000177,Palash Sardar,ACCUSED,0,0,
INC001403,P000203,Palash Gayen,SUSPECT,1,0,2023-08-21
INC001403,P001432,Shanti Verma,COMPLAINANT,0,0,
INC001403,P001138,Rajwinder Mann,VICTIM,0,0,
INC001403,P001492,Basanti Dash,WITNESS,0,0,
INC001404,P000047,Swapnil Pawar,ACCUSED,1,1,2025-08-22
INC001404,P000081,Sandip Salunkhe,ACCUSED,1,1,2026-01-06
INC001404,P000030,Rahul Jadhav,ACCUSED,1,0,2025-12-13
INC001404,P001123,Randhir Yadav,COMPLAINANT,0,0,
INC001404,P001448,Reshma Chaudhary,VICTIM,0,0,
INC001405,P000848,Nagaraju Gupta,ACCUSED,0,0,
INC001405,P000875,Yumnam Rabha,ACCUSED,0,0,
INC001405,P000874,Ramulu Nallamothu,ABSCONDING_ACCUSED,1,0,2026-04-20
INC001405,P001075,Alpesh Solanki,COMPLAINANT,0,0,
INC001405,P001112,Anita Tiwari,VICTIM,0,0,
INC001405,P001189,Jaswant Brar,WITNESS,0,0,
INC001406,P000520,Simranjit Bains,ACCUSED,1,1,2025-09-08
INC001406,P000567,Triloki Yadav,ACCUSED,1,1,2026-01-30
INC001406,P000563,Malkiat Bains,ACCUSED,0,0,
INC001406,P001037,Sindhu Namboothiri,COMPLAINANT,0,0,
INC001406,P001328,Sanoop Joseph,VICTIM,0,0,
INC001406,P001248,Basanti Jena,WITNESS,0,0,
INC001407,P000741,Trupti Parmar,ACCUSED,0,0,
INC001407,P000763,Randhir Tiwari,ACCUSED,0,0,
INC001407,P000751,Devendra Maurya,ACCUSED,1,1,2026-01-13
INC001407,P000719,Yusuf Khan,ACCUSED,1,1,2025-12-26
INC001407,P001302,Manoj Marar,COMPLAINANT,0,0,
INC001408,P000624,Balaraju Nallamothu,SUSPECT,0,0,
INC001408,P000654,Manikandan Rajendran,ACCUSED,0,0,
INC001408,P000657,Bhagaban Mohanty,SUSPECT,1,0,2023-10-03
INC001408,P000659,Jagabandhu Munda,ACCUSED,1,1,2023-10-29
INC001408,P001072,Manjit Sekhon,COMPLAINANT,0,0,
INC001408,P001345,Bimal Halder,VICTIM,0,0,
INC001409,P000890,Vishal Bhosale,ACCUSED,0,0,
INC001409,P000990,Ravi Naik,ACCUSED,1,0,2025-05-17
INC001409,P000989,Basanta Patra,ABSCONDING_ACCUSED,0,0,
INC001409,P001093,Farida Siddiqui,COMPLAINANT,0,0,
INC001409,P001322,Vasanthi Muthusamy,VICTIM,0,0,
INC001410,P000629,Ramulu Reddy,SUSPECT,1,1,2026-01-27
INC001410,P001422,Sukhdev Kang,COMPLAINANT,0,0,
INC001410,P001053,Jagmal Purohit,VICTIM,0,0,
INC001411,P000564,Wasim Khan,ACCUSED,1,1,2026-09-03
INC001411,P000567,Triloki Yadav,ACCUSED,0,0,
INC001411,P000569,Rizwan Qureshi,ACCUSED,0,0,
INC001411,P001469,Sandeep Mishra,COMPLAINANT,0,0,
INC001411,P001085,Alpesh Chauhan,VICTIM,0,0,
INC001411,P001043,Mallesh Choudary,WITNESS,0,0,
INC001412,P000725,Altaf Khan,SUSPECT,1,1,2023-02-11
INC001412,P000729,Vinod Bhadauria,SUSPECT,1,0,2023-01-15
INC001412,P000742,Smita Sawant,ACCUSED,1,1,2023-01-07
INC001412,P000759,Devendra Chauhan,SUSPECT,1,0,2022-08-19
INC001412,P001492,Basanti Dash,COMPLAINANT,0,0,
INC001412,P001076,Bikash Naskar,WITNESS,0,0,
INC001413,P000148,Bhanwar Saini,ACCUSED,1,1,2024-10-27
INC001413,P000106,Amarjit Sidhu,ACCUSED,1,0,2024-07-23
INC001413,P000171,Mohammed Shaikh,ACCUSED,1,0,2024-11-15
INC001413,P000108,Ranveer Kumawat,ABSCONDING_ACCUSED,1,0,2024-06-12
INC001413,P001094,Shabana Ahmed,COMPLAINANT,0,0,
INC001413,P001298,Harpreet Toor,VICTIM,0,0,
INC001414,P000825,Jitendra Rajput,ACCUSED,1,0,2023-07-24
INC001414,P000813,Mukesh Baghel,ACCUSED,1,0,2024-01-06
INC001414,P000819,Bhanwar Meena,ACCUSED,0,0,
INC001414,P000806,Hanuman Shekhawat,ACCUSED,1,1,2023-12-06
INC001414,P001418,Dinesh Srivastava,COMPLAINANT,0,0,
INC001414,P001107,Lalrinpuii Ao,VICTIM,0,0,
INC001415,P000165,Nadeem Chaudhary,ACCUSED,0,0,
INC001415,P001404,Vijaya Setty,COMPLAINANT,0,0,
INC001415,P001437,Prabhakar Naidu,WITNESS,0,0,
INC001416,P000960,Sushila Jat,ACCUSED,0,0,
INC001416,P000888,Balwinder Dhaliwal,ACCUSED,0,0,
INC001416,P000996,Udaiveer Thakur,SUSPECT,0,0,
INC001416,P001429,Arindam Majumdar,COMPLAINANT,0,0,
INC001416,P001438,Mallesh Rao,VICTIM,0,0,
INC001417,P000983,Rodney Fernandes,ACCUSED,1,0,2025-11-15
INC001417,P001206,Mukesh Thakur,COMPLAINANT,0,0,
INC001417,P001455,Kesar Jhala,VICTIM,0,0,
INC001417,P001033,Thangaraj Chettiar,WITNESS,0,0,
INC001418,P000376,Hanumanthappa Acharya,ACCUSED,1,1,2024-09-15
INC001418,P000394,Pramod Shukla,ACCUSED,0,0,
INC001418,P001083,Kavita Baghel,COMPLAINANT,0,0,
INC001418,P001196,Jagabandhu Dash,VICTIM,0,0,
INC001419,P000806,Hanuman Shekhawat,ABSCONDING_ACCUSED,1,1,2025-12-23
INC001419,P000813,Mukesh Baghel,ACCUSED,0,0,
INC001419,P000818,Gopal Saini,ACCUSED,0,0,
INC001419,P000830,Harpreet Sandhu,ABSCONDING_ACCUSED,1,1,2025-11-29
INC001419,P001213,Sandeep Baghel,COMPLAINANT,0,0,
INC001419,P001161,Rina Pal,VICTIM,0,0,
INC001420,P000921,Reshma Rahman,ACCUSED,1,1,2022-05-21
INC001420,P000996,Udaiveer Thakur,ACCUSED,1,1,2022-11-27
INC001420,P001010,Tarsem Sidhu,COMPLAINANT,0,0,
INC001420,P001097,Nasreen Shaikh,VICTIM,0,0,
INC001420,P001021,Priyanka Gaikwad,WITNESS,0,0,
INC001421,P000044,Hitesh Solanki,ACCUSED,0,0,
INC001421,P001380,Aslam Sheikh,COMPLAINANT,0,0,
INC001421,P001231,Rambabu Pandey,VICTIM,0,0,
INC001422,P000893,Imran Qureshi,ACCUSED,0,0,
INC001422,P000915,Ibrahim Qureshi,ACCUSED,1,1,2025-09-26
INC001422,P000988,Bikramjit Sandhu,ACCUSED,1,1,2026-01-26
INC001422,P001482,Sujoy Sardar,COMPLAINANT,0,0,
INC001422,P001210,Nilesh More,VICTIM,0,0,
INC001422,P001411,Clara Almeida,WITNESS,0,0,
INC001423,P000598,Tanveer Siddiqui,ACCUSED,0,0,
INC001423,P000574,Ashim Mondal,ACCUSED,1,1,2025-04-08
INC001423,P000593,Ashim Pal,ACCUSED,0,0,
INC001423,P000595,Faizan Pathan,ACCUSED,1,0,2025-09-13
INC001423,P001407,Bikash Majumdar,COMPLAINANT,0,0,
INC001423,P001062,Ranjit Kang,VICTIM,0,0,
INC001424,P000375,Satish Kushwaha,ACCUSED,1,1,2026-06-17
INC001424,P000383,Balbir Yadav,ABSCONDING_ACCUSED,1,0,2026-07-06
INC001424,P000362,Suresh Jaiswal,ACCUSED,1,1,2026-07-16
INC001424,P001342,Prakash Patil,COMPLAINANT,0,0,
INC001424,P001389,Kishan Shekhawat,VICTIM,0,0,
INC001425,P000075,Nisha Zala,ACCUSED,0,0,
INC001425,P000090,Mangesh Tandel,SUSPECT,0,0,
INC001425,P000039,Sagar Rane,ACCUSED,1,1,2025-03-27
INC001425,P000079,Rasik Trivedi,ACCUSED,1,0,2025-01-06
INC001425,P001497,Deepak Singh,COMPLAINANT,0,0,
INC001425,P001273,Mallesh Naidu,VICTIM,0,0,
INC001425,P001209,Saroja Naidu,WITNESS,0,0,
INC001426,P000544,Iqbal Malik,ACCUSED,0,0,
INC001426,P000546,Om Prakash Rathore,ACCUSED,0,0,
INC001426,P000519,Pramod Jaiswal,ACCUSED,0,0,
INC001426,P001284,Prashant Mhatre,COMPLAINANT,0,0,
INC001426,P001391,Ramkali Prajapati,VICTIM,0,0,
INC001426,P001069,Baljinder Mann,WITNESS,0,0,
INC001427,P000945,Bhaskar Dalvi,ACCUSED,0,0,
INC001427,P000999,Satish Rathore,SUSPECT,0,0,
INC001427,P000894,Aslam Baig,ACCUSED,1,1,2023-11-01
INC001427,P000983,Rodney Fernandes,ACCUSED,0,0,
INC001427,P000958,Bhupendra Srivastava,ACCUSED,1,0,2023-10-21
INC001427,P001031,Mallesh Kumar,COMPLAINANT,0,0,
INC001427,P001125,Remya Thomas,WITNESS,0,0,
INC001428,P000466,Har Prasad Pandey,ACCUSED,1,1,2022-11-15
INC001428,P000436,Shahnawaz Mirza,ABSCONDING_ACCUSED,1,1,2023-04-29
INC001428,P000426,Ibrahim Mirza,ACCUSED,1,1,2022-12-08
INC001428,P001029,Arindam Sen,COMPLAINANT,0,0,
INC001428,P001002,Suman Sisodia,VICTIM,0,0,
INC001429,P000627,Amutha Rajendran,ABSCONDING_ACCUSED,1,1,2020-07-28
INC001429,P000638,Mallesh Choudary,SUSPECT,0,0,
INC001429,P001345,Bimal Halder,COMPLAINANT,0,0,
INC001429,P001477,Chhaya Bhattacharya,VICTIM,0,0,
INC001429,P001433,Reshma Idrisi,WITNESS,0,0,
INC001430,P000879,Velu Annadurai,ACCUSED,0,0,
INC001430,P001255,Arun Kushwaha,COMPLAINANT,0,0,
INC001430,P001022,Kuldeep Kashyap,VICTIM,0,0,
INC001431,P000788,Rafiq Malik,SUSPECT,1,0,2026-09-22
INC001431,P000766,Balbir Shukla,SUSPECT,1,1,2026-10-03
INC001431,P001038,Charanjit Kang,COMPLAINANT,0,0,
INC001431,P001332,Sumitra Naik,VICTIM,0,0,
INC001431,P001310,Bikramjit Sekhon,WITNESS,0,0,
INC001432,P000872,Bikram Jamir,ACCUSED,1,1,2022-01-29
INC001432,P000875,Yumnam Rabha,SUSPECT,0,0,
INC001432,P000879,Velu Annadurai,ACCUSED,0,0,
INC001432,P000873,Bikram Basumatary,ACCUSED,1,1,2022-03-02
INC001432,P001159,Rina Biswas,COMPLAINANT,0,0,
INC001432,P001476,Sandip Patil,VICTIM,0,0,
INC001433,P000425,Nirmal Chakraborty,SUSPECT,0,0,
INC001433,P001496,Poonam Pandey,COMPLAINANT,0,0,
INC001433,P001329,Firoz Shaikh,VICTIM,0,0,
INC001434,P000300,Haroon Idrisi,SUSPECT,1,1,2022-02-07
INC001434,P000320,Anoop Mathew,ACCUSED,0,0,
INC001434,P001493,Nitin Jadhav,COMPLAINANT,0,0,
INC001434,P001380,Aslam Sheikh,VICTIM,0,0,
INC001434,P001329,Firoz Shaikh,WITNESS,0,0,
INC001435,P000486,Tanveer Khan,ACCUSED,0,0,
INC001435,P000485,Pramod Kushwaha,SUSPECT,1,0,2022-02-23
INC001435,P001099,Yusuf Khan,COMPLAINANT,0,0,
INC001435,P001395,Satish Pandey,VICTIM,0,0,
INC001435,P001433,Reshma Idrisi,WITNESS,0,0,
INC001436,P000275,Arif Shaikh,ACCUSED,1,1,2022-05-23
INC001436,P000269,Sajid Farooqui,ACCUSED,0,0,
INC001436,P000218,Haroon Baig,ACCUSED,1,0,2022-05-24
INC001436,P001136,Shakeel Ansari,COMPLAINANT,0,0,
INC001436,P001194,Arif Saifi,VICTIM,0,0,
INC001437,P000885,Nepal Halder,ACCUSED,0,0,
INC001437,P000988,Bikramjit Sandhu,ABSCONDING_ACCUSED,1,1,2024-02-02
INC001437,P000966,Sarita Tiwari,SUSPECT,0,0,
INC001437,P000882,Lekhraj Baghel,ACCUSED,1,0,2024-02-12
INC001437,P001036,Nasreen Zaidi,COMPLAINANT,0,0,
INC001437,P001300,Rajitha Goud,VICTIM,0,0,
INC001438,P000708,Rabindra Nayak,ACCUSED,1,1,2020-12-09
INC001438,P000687,Dinesh Prajapati,SUSPECT,1,1,2020-07-21
INC001438,P000681,Ashim Biswas,SUSPECT,1,1,2020-10-18
INC001438,P001148,Kishan Jhala,COMPLAINANT,0,0,
INC001438,P001328,Sanoop Joseph,VICTIM,0,0,
INC001438,P001069,Baljinder Mann,WITNESS,0,0,
INC001439,P000783,Firoz Siddiqui,ACCUSED,1,1,2023-02-08
INC001439,P000785,Girdhari Saini,ABSCONDING_ACCUSED,0,0,
INC001439,P001305,Anwar Chaudhary,COMPLAINANT,0,0,
INC001439,P001119,Anwar Rahman,VICTIM,0,0,
INC001439,P001105,Gurpreet Dhaliwal,WITNESS,0,0,
INC001440,P000973,Shabana Pathan,ACCUSED,1,0,2024-04-08
INC001440,P000952,Paresh Shah,ACCUSED,1,1,2024-03-11
INC001440,P000957,Harjinder Sekhon,ACCUSED,1,1,2024-04-23
INC001440,P000906,Palanisamy Gounder,ACCUSED,1,1,2024-04-23
INC001440,P001268,Deepa Warrier,COMPLAINANT,0,0,
INC001440,P001252,Prakash Nagar,VICTIM,0,0,
INC001441,P000104,Devi Lal Vyas,ACCUSED,1,1,2020-04-17
INC001441,P001458,Sanjib Sarkar,COMPLAINANT,0,0,
INC001441,P001495,Satish Verma,VICTIM,0,0,
INC001441,P001253,Mousumi Ghosh,WITNESS,0,0,
INC001442,P000147,Devi Lal Sisodia,SUSPECT,1,1,2021-05-19
INC001442,P001060,Arivazhagan Mudaliar,COMPLAINANT,0,0,
INC001442,P001470,Nadeem Shaikh,VICTIM,0,0,
INC001442,P001393,Swaroopa Vemula,WITNESS,0,0,
INC001443,P000856,Bala Gounder,ACCUSED,0,0,
INC001443,P000876,Krishnaiah Goud,ACCUSED,1,1,2025-03-25
INC001443,P001296,Elango Naicker,COMPLAINANT,0,0,
INC001443,P001343,Jagabandhu Sahoo,VICTIM,0,0,
INC001444,P000402,Sanjay Dubey,ACCUSED,1,1,2025-10-02
INC001444,P000374,Murugan Annadurai,ACCUSED,1,1,2026-01-23
INC001444,P001364,Hariom Gupta,COMPLAINANT,0,0,
INC001444,P001374,Bhagwati Poonia,VICTIM,0,0,
INC001444,P001286,Poonam Kushwaha,WITNESS,0,0,
INC001445,P000538,Balwinder Gill,ACCUSED,1,1,2020-07-09
INC001445,P000554,Davinder Bhullar,ACCUSED,0,0,
INC001445,P001126,Baljinder Brar,COMPLAINANT,0,0,
INC001445,P001163,Hariom Chauhan,VICTIM,0,0,
INC001445,P001409,Ashfaq Hussain,WITNESS,0,0,
INC001446,P000746,Swapnil Kadam,ACCUSED,0,0,
INC001446,P000741,Trupti Parmar,SUSPECT,1,1,2024-07-09
INC001446,P001030,Aruna Mudiraj,COMPLAINANT,0,0,
INC001446,P001140,Ramkali Gupta,WITNESS,0,0,
INC001447,P000451,Munna Chauhan,ABSCONDING_ACCUSED,1,1,2023-04-09
INC001447,P000426,Ibrahim Mirza,ACCUSED,1,1,2023-07-29
INC001447,P000421,Yusuf Hussain,ABSCONDING_ACCUSED,0,0,
INC001447,P001413,Nilesh Deshmukh,COMPLAINANT,0,0,
INC001447,P001417,Bhagaban Mohanty,VICTIM,0,0,
INC001447,P001025,Ramulu Reddy,WITNESS,0,0,
INC001448,P000332,Shibu Thomas,ACCUSED,0,0,
INC001448,P001024,Revathi Thevar,COMPLAINANT,0,0,
INC001448,P001204,Kumaraswamy Hegde,VICTIM,0,0,
INC001448,P001071,Surinder Bajwa,WITNESS,0,0,
INC001449,P000911,Pradeep Maurya,SUSPECT,1,0,2026-08-28
INC001449,P000962,Divyesh Bhatt,SUSPECT,0,0,
INC001449,P000920,Aruna Yadav,ACCUSED,1,0,2026-07-19
INC001449,P001236,Gopal Chakraborty,COMPLAINANT,0,0,
INC001449,P001490,Renuka Kulkarni,VICTIM,0,0,
INC001449,P001412,Savita Saini,WITNESS,0,0,
INC001450,P000752,Mitesh Shah,ABSCONDING_ACCUSED,1,0,2023-12-10
INC001450,P000724,Pandurang Naik,ACCUSED,1,0,2024-01-09
INC001450,P000725,Altaf Khan,SUSPECT,1,0,2024-02-03
INC001450,P000720,Manisha Patil,ACCUSED,1,0,2024-01-31
INC001450,P000715,Imran Farooqui,ACCUSED,1,1,2024-02-22
INC001450,P001401,Aparna Gayen,COMPLAINANT,0,0,
INC001450,P001067,Gopal Dutta,VICTIM,0,0,
INC001451,P000162,Amarjit Dhillon,SUSPECT,1,1,2025-11-13
INC001451,P000169,Rukhsana Ahmed,SUSPECT,1,1,2025-12-16
INC001451,P000129,Kulwant Aulakh,ACCUSED,1,0,2025-12-09
INC001451,P000174,Ranveer Gurjar,ACCUSED,0,0,
INC001451,P000150,Sarfaraz Mansuri,ACCUSED,0,0,
INC001451,P001226,Lalthanga Debbarma,COMPLAINANT,0,0,
INC001451,P001078,Pramila Munda,WITNESS,0,0,
INC001452,P000695,Basanta Mallick,ACCUSED,0,0,
INC001452,P000689,Jagdish Verma,ACCUSED,1,1,2024-05-17
INC001452,P000705,Arindam Mondal,ACCUSED,0,0,
INC001452,P001264,Karni Rathore,COMPLAINANT,0,0,
INC001452,P001441,Javed Shaikh,VICTIM,0,0,
INC001452,P001286,Poonam Kushwaha,WITNESS,0,0,
INC001453,P000799,Shakeel Pathan,ABSCONDING_ACCUSED,0,0,
INC001453,P000777,Hariom Chauhan,SUSPECT,1,1,2025-05-02
INC001453,P000785,Girdhari Saini,ABSCONDING_ACCUSED,0,0,
INC001453,P000796,Abdul Malik,ACCUSED,1,1,2025-03-29
INC001453,P000787,Shabana Mirza,ABSCONDING_ACCUSED,1,1,2025-08-05
INC001453,P001337,Snehal Shinde,COMPLAINANT,0,0,
INC001453,P001364,Hariom Gupta,VICTIM,0,0,
INC001454,P000861,Balbir Yadav,ACCUSED,1,1,2026-06-07
INC001454,P001414,Sujoy Bose,COMPLAINANT,0,0,
INC001454,P001140,Ramkali Gupta,VICTIM,0,0,
INC001455,P000476,Imran Rahman,SUSPECT,1,1,2026-06-23
INC001455,P000511,Rafiq Zaidi,SUSPECT,1,0,2026-06-15
INC001455,P000502,Ramesh Nagar,ABSCONDING_ACCUSED,1,1,2026-11-02
INC001455,P000488,Aslam Ahmed,SUSPECT,1,1,2026-08-04
INC001455,P001093,Farida Siddiqui,COMPLAINANT,0,0,
INC001455,P001123,Randhir Yadav,VICTIM,0,0,
INC001455,P001440,Elango Annadurai,WITNESS,0,0,
INC001456,P000346,Rajeevan Marar,ACCUSED,1,1,2026-06-28
INC001456,P000332,Shibu Thomas,ACCUSED,1,1,2026-02-28
INC001456,P001285,Farida Qureshi,COMPLAINANT,0,0,
INC001456,P001149,Savita Awasthi,VICTIM,0,0,
INC001457,P000665,Pramila Dash,SUSPECT,1,1,2025-07-29
INC001457,P000639,Sasmita Behera,ACCUSED,0,0,
INC001457,P000623,Saravanan Pillai,ABSCONDING_ACCUSED,0,0,
INC001457,P000664,Mallesh Naidu,ACCUSED,1,1,2025-07-15
INC001457,P000625,Perumal Sundaram,ACCUSED,1,1,2025-05-23
INC001457,P000611,Rambabu Kumar,ACCUSED,1,1,2025-07-05
INC001457,P000649,Srinivas Choudary,ACCUSED,1,1,2025-07-03
INC001457,P001359,Sarita Gupta,COMPLAINANT,0,0,
INC001457,P001062,Ranjit Kang,VICTIM,0,0,
INC001457,P001002,Suman Sisodia,WITNESS,0,0,
INC001458,P000126,Haroon Baig,ACCUSED,1,1,2026-12-11
INC001458,P000171,Mohammed Shaikh,ACCUSED,1,0,2026-11-08
INC001458,P001242,Bhaskar Shinde,COMPLAINANT,0,0,
INC001458,P001338,Meena Dubey,VICTIM,0,0,
INC001458,P001148,Kishan Jhala,WITNESS,0,0,
INC001459,P000899,Pradeep Pandey,ACCUSED,0,0,
INC001459,P000914,Shivanna Angadi,ACCUSED,0,0,
INC001459,P001472,Karthik Mudaliar,COMPLAINANT,0,0,
INC001460,P000855,Alemba Momin,ACCUSED,1,1,2020-01-14
INC001460,P000846,Mahesh Shukla,ACCUSED,1,1,2020-01-25
INC001460,P000867,Lekhraj Bhardwaj,ACCUSED,1,1,2020-03-13
INC001460,P000856,Bala Gounder,SUSPECT,0,0,
INC001460,P001360,Har Prasad Gupta,COMPLAINANT,0,0,
INC001460,P001007,Naseer Saifi,VICTIM,0,0,
INC001461,P000878,Srinivas Bandari,ABSCONDING_ACCUSED,0,0,
INC001461,P000855,Alemba Momin,ACCUSED,1,1,2020-12-06
INC001461,P001317,Rafiq Khan,COMPLAINANT,0,0,
INC001461,P001133,Madan Charan,VICTIM,0,0,
INC001462,P000540,Tarsem Gill,ACCUSED,1,1,2020-07-08
INC001462,P000524,Aslam Saifi,ACCUSED,0,0,
INC001462,P000542,Paramjit Sarao,SUSPECT,0,0,
INC001462,P001360,Har Prasad Gupta,COMPLAINANT,0,0,
INC001462,P001282,Nazia Khan,VICTIM,0,0,
INC001462,P001308,Chandrabhan Shukla,WITNESS,0,0,
INC001463,P000799,Shakeel Pathan,ACCUSED,0,0,
INC001463,P000775,Shakeel Idrisi,ACCUSED,0,0,
INC001463,P000789,Wasim Qureshi,ACCUSED,1,1,2026-06-05
INC001463,P001082,Shakeel Shaikh,COMPLAINANT,0,0,
INC001463,P001462,Shyamlal Awasthi,VICTIM,0,0,
INC001464,P000946,Rajni Awasthi,ABSCONDING_ACCUSED,1,0,2025-01-11
INC001464,P000964,Kiran Waghmare,ACCUSED,0,0,
INC001464,P001499,Palash Adhikari,COMPLAINANT,0,0,
INC001464,P001451,Sindhu Panicker,VICTIM,0,0,
INC001465,P000878,Srinivas Bandari,SUSPECT,0,0,
INC001465,P000871,Temjen Momin,ACCUSED,0,0,
INC001465,P001458,Sanjib Sarkar,COMPLAINANT,0,0,
INC001465,P001254,Lekhraj Kashyap,VICTIM,0,0,
INC001466,P000392,Palanisamy Raja,ABSCONDING_ACCUSED,1,1,2026-05-22
INC001466,P001225,Reshma Idrisi,COMPLAINANT,0,0,
INC001466,P001152,Joseph Menezes,VICTIM,0,0,
INC001467,P000942,Rambabu Yadav,SUSPECT,0,0,
INC001467,P000959,Mitesh Rabari,SUSPECT,1,1,2018-08-26
INC001467,P000900,Sagar Bhosale,ACCUSED,0,0,
INC001467,P001119,Anwar Rahman,COMPLAINANT,0,0,
INC001467,P001005,Aslam Mansuri,VICTIM,0,0,
INC001468,P000316,Jitendra Solanki,ACCUSED,0,0,
INC001468,P000332,Shibu Thomas,ACCUSED,1,1,2021-02-04
INC001468,P000322,Mushtaq Idrisi,ACCUSED,1,0,2021-01-24
INC001468,P001430,Rajendran Naicker,COMPLAINANT,0,0,
INC001468,P001393,Swaroopa Vemula,VICTIM,0,0,
INC001469,P000971,Bimal Adhikari,ACCUSED,1,1,2023-06-01
INC001469,P000991,Nathu Beniwal,ACCUSED,1,1,2023-06-05
INC001469,P001279,Netrapal Baghel,COMPLAINANT,0,0,
INC001469,P001279,Netrapal Baghel,VICTIM,0,0,
INC001469,P001410,Sanjay Yadav,WITNESS,0,0,
INC001470,P000142,Karamjit Bajwa,ACCUSED,0,0,
INC001470,P000155,Ashfaq Shaikh,ACCUSED,0,0,
INC001470,P000144,Yusuf Baig,SUSPECT,1,1,2025-11-23
INC001470,P000126,Haroon Baig,ABSCONDING_ACCUSED,0,0,
INC001470,P001266,Sekar Pandian,COMPLAINANT,0,0,
INC001471,P000822,Harjinder Sarao,ACCUSED,1,1,2026-05-07
INC001471,P000810,Kishan Choudhary,ACCUSED,0,0,
INC001471,P001090,Rekha Awasthi,COMPLAINANT,0,0,
INC001471,P001372,Dhanapal Chettiar,VICTIM,0,0,
INC001472,P000966,Sarita Tiwari,ACCUSED,1,0,2020-06-10
INC001472,P000891,Hariom Nishad,SUSPECT,0,0,
INC001472,P001305,Anwar Chaudhary,COMPLAINANT,0,0,
INC001472,P001231,Rambabu Pandey,VICTIM,0,0,
INC001472,P001424,Nathu Ranawat,WITNESS,0,0,
INC001473,P000490,Ashok Verma,ABSCONDING_ACCUSED,1,1,2019-09-24
INC001473,P001338,Meena Dubey,COMPLAINANT,0,0,
INC001473,P001367,Temjen Basumatary,VICTIM,0,0,
INC001474,P000351,Shakeel Mirza,ACCUSED,0,0,
INC001474,P000354,Shailendra Baghel,ABSCONDING_ACCUSED,1,0,2025-02-08
INC001474,P000330,Wasim Rahman,ACCUSED,1,1,2024-12-04
INC001474,P000355,Randhir Sharma,ACCUSED,1,1,2024-10-16
INC001474,P000349,Rinku Parmar,ACCUSED,0,0,
INC001474,P000295,Imran Saifi,ACCUSED,1,1,2024-12-25
INC001474,P000313,Sanjay Rathore,ACCUSED,0,0,
INC001474,P001247,Wasim Malik,COMPLAINANT,0,0,
INC001474,P001478,Satish Mishra,VICTIM,0,0,
INC001474,P001043,Mallesh Choudary,WITNESS,0,0,
INC001475,P000159,Lakhwinder Brar,ACCUSED,0,0,
INC001475,P000152,Bhoma Poonia,ACCUSED,1,1,2026-08-05
INC001475,P000113,Mushtaq Khan,ACCUSED,1,0,2026-03-16
INC001475,P000101,Ratan Saini,ACCUSED,0,0,
INC001475,P000153,Shahnawaz Mansuri,ABSCONDING_ACCUSED,1,1,2026-07-01
INC001475,P000100,Ranveer Choudhary,ACCUSED,1,1,2026-04-23
INC001475,P000144,Yusuf Baig,ACCUSED,0,0,
INC001475,P001188,Nasreen Malik,COMPLAINANT,0,0,
INC001475,P001053,Jagmal Purohit,WITNESS,0,0,
INC001476,P000798,Firoz Mansuri,SUSPECT,1,0,2026-01-23
INC001476,P000786,Shailendra Sharma,ACCUSED,1,1,2026-02-23
INC001476,P001267,Reshma Zaidi,COMPLAINANT,0,0,
INC001476,P001455,Kesar Jhala,VICTIM,0,0,
INC001476,P001242,Bhaskar Shinde,WITNESS,0,0,
INC001477,P000292,Wasim Mansuri,ABSCONDING_ACCUSED,0,0,
INC001477,P000346,Rajeevan Marar,SUSPECT,1,0,2026-06-19
INC001477,P000325,Chirag Dave,ACCUSED,1,1,2026-03-17
INC001477,P000308,Netrapal Singh,ACCUSED,1,0,2026-04-07
INC001477,P001122,Nazia Ahmed,COMPLAINANT,0,0,
INC001477,P001413,Nilesh Deshmukh,VICTIM,0,0,
INC001477,P001177,Thangaraj Mudaliar,WITNESS,0,0,
INC001478,P000395,Kannan Annadurai,SUSPECT,1,0,2023-07-29
INC001478,P000375,Satish Kushwaha,ACCUSED,1,1,2023-08-08
INC001478,P000397,Selvam Gounder,ABSCONDING_ACCUSED,1,1,2023-07-25
INC001478,P001477,Chhaya Bhattacharya,COMPLAINANT,0,0,
INC001478,P001276,Arif Pathan,VICTIM,0,0,
INC001478,P001258,Subhas Ghosh,WITNESS,0,0,
INC001479,P000862,Ngangbam Brahma,ACCUSED,0,0,
INC001479,P000858,Randhir Nishad,SUSPECT,1,1,2020-10-13
INC001479,P001486,Netrapal Bhardwaj,COMPLAINANT,0,0,
INC001479,P001311,Jyotsna Patil,VICTIM,0,0,
INC001479,P001146,Vidyawati Kushwaha,WITNESS,0,0,
INC001480,P000645,Prasanna Mohanty,ACCUSED,0,0,
INC001480,P000665,Pramila Dash,ACCUSED,1,1,2024-07-25
INC001480,P001121,Archana Bhardwaj,COMPLAINANT,0,0,
INC001480,P001103,Om Prakash Saini,VICTIM,0,0,
INC001481,P000702,Basanta Jena,ACCUSED,0,0,
INC001481,P000691,Arun Gupta,ACCUSED,0,0,
INC001481,P000709,Akshaya Sahoo,ACCUSED,0,0,
INC001481,P000701,Pradip Naskar,ACCUSED,0,0,
INC001481,P001023,Siddaraju Poojary,COMPLAINANT,0,0,
INC001481,P001439,Shabana Farooqui,VICTIM,0,0,
INC001482,P000539,Sandeep Awasthi,ACCUSED,1,1,2026-05-21
INC001482,P000564,Wasim Khan,ACCUSED,1,1,2026-08-31
INC001482,P000526,Vinod Singh,ABSCONDING_ACCUSED,1,0,2026-08-21
INC001482,P000524,Aslam Saifi,ACCUSED,0,0,
INC001482,P001152,Joseph Menezes,COMPLAINANT,0,0,
INC001482,P001245,Nirmal Sidhu,VICTIM,0,0,
INC001483,P000969,Aslam Ansari,ACCUSED,1,0,2024-06-17
INC001483,P000970,Ashfaq Saifi,ACCUSED,1,0,2024-03-14
INC001483,P000945,Bhaskar Dalvi,ACCUSED,1,1,2024-04-24
INC001483,P001028,Arun Baghel,COMPLAINANT,0,0,
INC001483,P001374,Bhagwati Poonia,VICTIM,0,0,
INC001484,P000739,Har Prasad Gupta,ACCUSED,0,0,
INC001484,P000725,Altaf Khan,ABSCONDING_ACCUSED,1,1,2026-06-01
INC001484,P000754,Dharmesh Makwana,ACCUSED,1,1,2026-09-19
INC001484,P001015,Nasreen Baig,COMPLAINANT,0,0,
INC001484,P001270,Meena Jaiswal,VICTIM,0,0,
INC001485,P000888,Balwinder Dhaliwal,SUSPECT,1,1,2023-09-23
INC001485,P000898,Ashok Kashyap,ACCUSED,1,1,2023-10-07
INC001485,P000962,Divyesh Bhatt,ACCUSED,1,1,2023-07-10
INC001485,P000895,Palash Ghosh,SUSPECT,1,1,2023-08-28
INC001485,P000930,Yallappa Acharya,ACCUSED,1,1,2023-09-30
INC001485,P001185,Peter Lobo,COMPLAINANT,0,0,
INC001485,P001335,Manoj Srivastava,VICTIM,0,0,
INC001486,P000673,Vijay Dubey,ACCUSED,1,0,2026-01-03
INC001486,P000698,Sunil Pandey,ABSCONDING_ACCUSED,1,0,2025-08-20
INC001486,P001434,Triloki Singh,COMPLAINANT,0,0,
INC001486,P001467,Rubina Chaudhary,VICTIM,0,0,
INC001487,P000680,Prakash Dubey,ACCUSED,0,0,
INC001487,P000677,Bhagaban Dash,ACCUSED,1,0,2024-07-21
INC001487,P001023,Siddaraju Poojary,COMPLAINANT,0,0,
INC001487,P001057,Shanti Rathore,VICTIM,0,0,
INC001488,P000795,Zubair Chaudhary,ACCUSED,0,0,
INC001488,P001313,Kulwant Cheema,COMPLAINANT,0,0,
INC001488,P001024,Revathi Thevar,VICTIM,0,0,
INC001488,P001164,Sasmita Rout,WITNESS,0,0,
INC001489,P000107,Mohammed Shaikh,ACCUSED,1,0,2022-04-02
INC001489,P000109,Firoz Chaudhary,ACCUSED,0,0,
INC001489,P000115,Nirmal Singh,ACCUSED,0,0,
INC001489,P000162,Amarjit Dhillon,SUSPECT,1,1,2022-04-05
INC001489,P000117,Nathu Choudhary,SUSPECT,0,0,
INC001489,P001329,Firoz Shaikh,COMPLAINANT,0,0,
INC001490,P000444,Haroon Ansari,ACCUSED,1,1,2022-11-20
INC001490,P001192,Kavya Nallamothu,COMPLAINANT,0,0,
INC001490,P001046,Shakeel Ahmed,VICTIM,0,0,
INC001491,P000866,Chinnadurai Annadurai,ACCUSED,1,0,2026-05-10
INC001491,P000875,Yumnam Rabha,ACCUSED,0,0,
INC001491,P000860,Chandra Shekar Choudary,ACCUSED,1,1,2026-05-29
INC001491,P001100,Revathi Muthusamy,COMPLAINANT,0,0,
INC001491,P001240,Gurpreet Dhaliwal,VICTIM,0,0,
INC001491,P001132,Pushpa Saini,WITNESS,0,0,
INC001492,P000868,Satish Maurya,ACCUSED,0,0,
INC001492,P001348,Nazia Saifi,COMPLAINANT,0,0,
INC001492,P001218,Rajwinder Toor,VICTIM,0,0,
INC001492,P001260,Madhuri Salunkhe,WITNESS,0,0,
INC001493,P000355,Randhir Sharma,ACCUSED,1,1,2019-10-22
INC001493,P001003,Rachna Baghel,COMPLAINANT,0,0,
INC001493,P001223,Balaraju Reddy,VICTIM,0,0,
INC001494,P000867,Lekhraj Bhardwaj,ACCUSED,1,1,2026-03-16
INC001494,P000856,Bala Gounder,ACCUSED,0,0,
INC001494,P000860,Chandra Shekar Choudary,ACCUSED,1,1,2026-02-28
INC001494,P001454,Chitra Kurup,COMPLAINANT,0,0,
INC001494,P001454,Chitra Kurup,VICTIM,0,0,
INC001495,P000576,Anup Chakraborty,ACCUSED,1,0,2023-05-18
INC001495,P001090,Rekha Awasthi,COMPLAINANT,0,0,
INC001495,P001099,Yusuf Khan,VICTIM,0,0,
INC001496,P000350,Vipul Chauhan,SUSPECT,1,1,2023-06-11
INC001496,P001354,Sachin Salunkhe,COMPLAINANT,0,0,
INC001496,P001385,Rafiq Rahman,VICTIM,0,0,
INC001497,P000983,Rodney Fernandes,ACCUSED,0,0,
INC001497,P001000,Bhagya Angadi,ABSCONDING_ACCUSED,0,0,
INC001497,P000961,Rambabu Tomar,ACCUSED,0,0,
INC001497,P001185,Peter Lobo,COMPLAINANT,0,0,
INC001497,P001232,Sunil Verma,VICTIM,0,0,
INC001498,P000459,Gopal Pal,SUSPECT,0,0,
INC001498,P000424,Shanti Dubey,SUSPECT,1,1,2025-06-25
INC001498,P000427,Naseer Baig,ACCUSED,0,0,
INC001498,P001399,Rachhpal Mann,COMPLAINANT,0,0,
INC001498,P001036,Nasreen Zaidi,VICTIM,0,0,
INC001499,P000518,Rukhsana Rahman,ACCUSED,1,1,2025-01-20
INC001499,P000508,Rizwan Ahmed,ACCUSED,0,0,
INC001499,P000513,Devendra Bhardwaj,ACCUSED,0,0,
INC001499,P000490,Ashok Verma,ACCUSED,0,0,
INC001499,P000480,Tanveer Farooqui,ACCUSED,1,1,2025-01-06
INC001499,P001348,Nazia Saifi,COMPLAINANT,0,0,
INC001499,P001019,Rubina Pathan,VICTIM,0,0,
INC001499,P001255,Arun Kushwaha,WITNESS,0,0,
INC001500,P000302,Biju Thomas,ACCUSED,0,0,
INC001500,P000345,Praveen Jacob,ACCUSED,1,0,2024-10-24
INC001500,P001074,Hariom Awasthi,COMPLAINANT,0,0,
INC001500,P001356,Chandru Bellad,VICTIM,0,0,
INC001501,P000972,Prakash Rai,SUSPECT,1,1,2026-03-05
INC001501,P000981,Ibrahim Shaikh,ABSCONDING_ACCUSED,0,0,
INC001501,P000905,Amarjit Kang,ACCUSED,0,0,
INC001501,P001345,Bimal Halder,COMPLAINANT,0,0,
INC001501,P001430,Rajendran Naicker,VICTIM,0,0,
INC001501,P001031,Mallesh Kumar,WITNESS,0,0,
INC001502,P000106,Amarjit Sidhu,ACCUSED,0,0,
INC001502,P000159,Lakhwinder Brar,ABSCONDING_ACCUSED,1,0,2024-09-28
INC001502,P001433,Reshma Idrisi,COMPLAINANT,0,0,
INC001502,P001348,Nazia Saifi,VICTIM,0,0,
INC001502,P001485,Farida Sheikh,WITNESS,0,0,
INC001503,P000848,Nagaraju Gupta,SUSPECT,1,1,2026-08-31
INC001503,P000873,Bikram Basumatary,ABSCONDING_ACCUSED,1,1,2026-12-08
INC001503,P000859,Thangaraj Naicker,ACCUSED,0,0,
INC001503,P001063,Nadeem Shaikh,COMPLAINANT,0,0,
INC001503,P001063,Nadeem Shaikh,VICTIM,0,0,
INC001503,P001092,Dhanapal Sundaram,WITNESS,0,0,
INC001504,P000099,Shakeel Pathan,ACCUSED,0,0,
INC001504,P000116,Kishan Godara,ACCUSED,1,1,2024-11-12
INC001504,P000115,Nirmal Singh,ABSCONDING_ACCUSED,1,1,2024-11-17
INC001504,P000158,Sarfaraz Siddiqui,ABSCONDING_ACCUSED,1,1,2024-11-08
INC001504,P000125,Sarfaraz Idrisi,SUSPECT,1,0,2024-11-02
INC001504,P001321,Moumita Das,COMPLAINANT,0,0,
INC001504,P001184,Mallesh Mudiraj,VICTIM,0,0,
INC001505,P000542,Paramjit Sarao,ACCUSED,1,1,2024-02-22
INC001505,P000527,Harbhajan Sarao,SUSPECT,0,0,
INC001505,P000538,Balwinder Gill,ACCUSED,0,0,
INC001505,P000561,Nirmal Gill,ACCUSED,0,0,
INC001505,P000556,Zubair Saifi,ACCUSED,1,0,2024-04-05
INC001505,P000558,Mahesh Kushwaha,SUSPECT,0,0,
INC001505,P000549,Tanveer Rahman,ACCUSED,1,1,2024-02-14
INC001505,P001474,Joseph Almeida,COMPLAINANT,0,0,
INC001505,P001242,Bhaskar Shinde,VICTIM,0,0,
INC001506,P000680,Prakash Dubey,ACCUSED,0,0,
INC001506,P000692,Bimal Halder,SUSPECT,1,1,2025-10-23
INC001506,P000671,Basanta Jena,ACCUSED,0,0,
INC001506,P000677,Bhagaban Dash,ACCUSED,1,1,2025-10-24
INC001506,P000696,Jagabandhu Sahoo,ABSCONDING_ACCUSED,0,0,
INC001506,P001060,Arivazhagan Mudaliar,COMPLAINANT,0,0,
INC001506,P001181,Shahnaz Khan,VICTIM,0,0,
INC001507,P000346,Rajeevan Marar,ACCUSED,1,0,2022-07-20
INC001507,P000326,Jignesh Patel,SUSPECT,0,0,
INC001507,P000290,Alpesh Shah,ACCUSED,0,0,
INC001507,P000325,Chirag Dave,ACCUSED,1,1,2022-09-15
INC001507,P001232,Sunil Verma,COMPLAINANT,0,0,
INC001507,P001195,Malathi Annadurai,VICTIM,0,0,
INC001507,P001098,Kuldeep Cheema,WITNESS,0,0,
INC001508,P000237,Tapan Sardar,ACCUSED,0,0,
INC001508,P000181,Satish Rajput,SUSPECT,1,1,2025-10-15
INC001508,P000284,Deepak Baghel,ACCUSED,1,1,2025-11-04
INC001508,P001354,Sachin Salunkhe,COMPLAINANT,0,0,
INC001508,P001462,Shyamlal Awasthi,VICTIM,0,0,
INC001508,P001292,Rachna Mishra,WITNESS,0,0,
INC001509,P000201,Balbir Singh,ABSCONDING_ACCUSED,1,1,2026-04-24
INC001509,P000279,Bhupendra Awasthi,ACCUSED,1,1,2026-02-05
INC001509,P000256,Mahesh Verma,ACCUSED,1,0,2026-01-04
INC001509,P000229,Abdul Sheikh,SUSPECT,0,0,
INC001509,P001226,Lalthanga Debbarma,COMPLAINANT,0,0,
INC001509,P001397,Bhavesh Thakor,VICTIM,0,0,
INC001510,P000072,Jayesh Desai,ACCUSED,1,1,2023-11-10
INC001510,P000088,Sagar Salunkhe,ACCUSED,0,0,
INC001510,P001075,Alpesh Solanki,COMPLAINANT,0,0,
INC001510,P001304,Gurpreet Toor,VICTIM,0,0,
INC001511,P000673,Vijay Dubey,ACCUSED,1,1,2025-03-06
INC001511,P000678,Bibhuti Munda,SUSPECT,1,1,2025-02-12
INC001511,P000710,Sujoy Bhattacharya,ACCUSED,0,0,
INC001511,P001439,Shabana Farooqui,COMPLAINANT,0,0,
INC001511,P001066,Shibu Thomas,VICTIM,0,0,
INC001511,P001205,Vijay Thakur,WITNESS,0,0,
INC001512,P000091,Shahnawaz Hussain,ACCUSED,1,1,2024-06-29
INC001512,P000058,Alpesh Shah,SUSPECT,1,1,2024-07-01
INC001512,P001280,Rubina Zaidi,COMPLAINANT,0,0,
INC001512,P001223,Balaraju Reddy,VICTIM,0,0,
INC001513,P000252,Anil Yadav,ACCUSED,0,0,
INC001513,P000255,Lekhraj Dixit,SUSPECT,1,1,2026-05-14
INC001513,P000258,Subhas Roy,ACCUSED,1,1,2026-02-23
INC001513,P000281,Subhas Adhikari,ACCUSED,0,0,
INC001513,P000239,Kuldeep Rathore,ACCUSED,0,0,
INC001513,P001374,Bhagwati Poonia,COMPLAINANT,0,0,
INC001513,P001349,Jaswant Sarao,VICTIM,0,0,
INC001514,P000756,Shakeel Malik,ACCUSED,0,0,
INC001514,P001215,Nirmala Jaiswal,COMPLAINANT,0,0,
INC001514,P001068,Kondaiah Bandari,WITNESS,0,0,
INC001515,P000733,Kalpesh Solanki,ACCUSED,0,0,
INC001515,P000738,Dharmesh Joshi,ACCUSED,0,0,
INC001515,P001400,Sudha Bhadauria,COMPLAINANT,0,0,
INC001515,P001458,Sanjib Sarkar,VICTIM,0,0,
INC001516,P000035,Sachin Bhosale,ABSCONDING_ACCUSED,1,0,2022-05-26
INC001516,P000009,Sandip Rane,ABSCONDING_ACCUSED,0,0,
INC001516,P000024,Bharat Gohil,ACCUSED,1,1,2022-07-28
INC001516,P000074,Ashwin Parmar,ACCUSED,1,1,2022-07-02
INC001516,P000048,Tanaji Tandel,ACCUSED,0,0,
INC001516,P000020,Nitin Bhoir,ACCUSED,0,0,
INC001516,P000088,Sagar Salunkhe,ACCUSED,1,1,2022-06-20
INC001516,P001287,Tanveer Malik,COMPLAINANT,0,0,
INC001516,P001351,Nilesh Trivedi,VICTIM,0,0,
INC001516,P001322,Vasanthi Muthusamy,WITNESS,0,0,
INC001517,P000985,Arindam Chakraborty,ACCUSED,1,1,2026-07-17
INC001517,P000950,Nirmal Sardar,SUSPECT,0,0,
INC001517,P000919,Sreenivasan Achari,ACCUSED,1,1,2026-07-12
INC001517,P001147,Nirmal Sarkar,COMPLAINANT,0,0,
INC001517,P001496,Poonam Pandey,VICTIM,0,0,
INC001518,P000268,Deepak Sengar,ACCUSED,0,0,
INC001518,P001491,Shabana Siddiqui,COMPLAINANT,0,0,
INC001518,P001069,Baljinder Mann,VICTIM,0,0,
INC001519,P000965,Nabam Konyak,ACCUSED,0,0,
INC001519,P000985,Arindam Chakraborty,ACCUSED,0,0,
INC001519,P001091,Sandip Mhatre,COMPLAINANT,0,0,
INC001519,P001235,Deepa Jacob,VICTIM,0,0,
INC001519,P001405,Nagesh Angadi,WITNESS,0,0,
INC001520,P000079,Rasik Trivedi,ACCUSED,1,0,2023-05-23
INC001520,P001269,Hanumanthappa Chikkanna,COMPLAINANT,0,0,
INC001520,P001149,Savita Awasthi,VICTIM,0,0,
INC001520,P001024,Revathi Thevar,WITNESS,0,0,
INC001521,P000099,Shakeel Pathan,ACCUSED,1,1,2025-11-13
INC001521,P000155,Ashfaq Shaikh,ACCUSED,1,0,2025-07-28
INC001521,P000169,Rukhsana Ahmed,ACCUSED,1,1,2025-12-30
INC001521,P000156,Paramjit Gill,SUSPECT,0,0,
INC001521,P000165,Nadeem Chaudhary,SUSPECT,1,1,2025-07-05
INC001521,P001125,Remya Thomas,COMPLAINANT,0,0,
INC001521,P001105,Gurpreet Dhaliwal,VICTIM,0,0,
INC001521,P001017,Meena Awasthi,WITNESS,0,0,
INC001522,P000888,Balwinder Dhaliwal,ACCUSED,1,0,2025-08-13
INC001522,P000930,Yallappa Acharya,ACCUSED,1,1,2025-07-26
INC001522,P001040,Girish Kamath,COMPLAINANT,0,0,
INC001522,P001186,Balaraju Mudiraj,VICTIM,0,0,
INC001522,P001265,Jitendra Rathore,WITNESS,0,0,
INC001523,P000200,Kavita Dubey,ACCUSED,1,0,2020-04-01
INC001523,P000175,Rajesh Prajapati,ACCUSED,1,1,2020-03-19
INC001523,P001420,Rupa Halder,COMPLAINANT,0,0,
INC001523,P001406,Mahesh Rathore,VICTIM,0,0,
INC001523,P001207,Sunita Verma,WITNESS,0,0,
INC001524,P000643,Niranjan Panda,ACCUSED,0,0,
INC001524,P000649,Srinivas Choudary,ABSCONDING_ACCUSED,0,0,
INC001524,P001047,Mariappan Kurup,COMPLAINANT,0,0,
INC001524,P001262,Rajesh Thakur,VICTIM,0,0,
INC001524,P001148,Kishan Jhala,WITNESS,0,0,
INC001525,P000787,Shabana Mirza,ACCUSED,0,0,
INC001525,P001012,Harjinder Gill,COMPLAINANT,0,0,
INC001525,P001368,Kuni Mohanty,VICTIM,0,0,
INC001526,P000796,Abdul Malik,ACCUSED,1,1,2021-01-26
INC001526,P000783,Firoz Siddiqui,ACCUSED,0,0,
INC001526,P000775,Shakeel Idrisi,ACCUSED,1,1,2021-02-06
INC001526,P000777,Hariom Chauhan,ACCUSED,0,0,
INC001526,P000774,Naseer Farooqui,ACCUSED,0,0,
INC001526,P001217,Navneet Sandhu,COMPLAINANT,0,0,
INC001526,P001004,Manjunath Bhat,VICTIM,0,0,
INC001526,P001162,Anitha Achari,WITNESS,0,0,
INC001527,P000423,Sikha Halder,ACCUSED,0,0,
INC001527,P000427,Naseer Baig,ACCUSED,1,1,2023-03-27
INC001527,P001435,Mangamma Vemula,COMPLAINANT,0,0,
INC001527,P001021,Priyanka Gaikwad,VICTIM,0,0,
INC001527,P001392,Kamla Thakur,WITNESS,0,0,
INC001528,P000834,Jasbir Brar,ACCUSED,1,1,2024-07-30
INC001528,P000808,Sunil Sengar,ABSCONDING_ACCUSED,1,1,2024-08-11
INC001528,P001272,Girish Hiremath,COMPLAINANT,0,0,
INC001528,P001189,Jaswant Brar,VICTIM,0,0,
INC001528,P001318,Paresh Solanki,WITNESS,0,0,
INC001529,P000109,Firoz Chaudhary,ACCUSED,1,1,2022-04-09
INC001529,P000139,Chhagan Saini,SUSPECT,1,1,2021-11-03
INC001529,P000114,Gayatri Jat,ACCUSED,1,1,2021-12-12
INC001529,P000134,Tanveer Sheikh,ACCUSED,1,1,2021-11-17
INC001529,P000131,Imran Siddiqui,ACCUSED,1,0,2022-03-02
INC001529,P001301,Pandurang Kadam,COMPLAINANT,0,0,
INC001529,P001461,Chandra Shekar Choudary,VICTIM,0,0,
INC001530,P000684,Sunil Verma,ACCUSED,1,1,2025-06-20
INC001530,P000677,Bhagaban Dash,ACCUSED,1,1,2025-10-01
INC001530,P000681,Ashim Biswas,SUSPECT,1,0,2025-10-16
INC001530,P000676,Kartik Sardar,ACCUSED,1,1,2025-04-16
INC001530,P000710,Sujoy Bhattacharya,ACCUSED,1,1,2025-08-14
INC001530,P001333,Aparna Sardar,COMPLAINANT,0,0,
INC001530,P001013,Sachin Bhosale,VICTIM,0,0,
INC001531,P000886,Rachhpal Grewal,ACCUSED,1,1,2023-09-20
INC001531,P000946,Rajni Awasthi,ACCUSED,1,1,2023-07-18
INC001531,P000893,Imran Qureshi,SUSPECT,0,0,
INC001531,P000884,Wasim Mansuri,ACCUSED,1,0,2023-09-17
INC001531,P000971,Bimal Adhikari,ACCUSED,1,1,2023-11-15
INC001531,P001272,Girish Hiremath,COMPLAINANT,0,0,
INC001531,P001028,Arun Baghel,VICTIM,0,0,
INC001532,P000017,Swapnil Tandel,SUSPECT,0,0,
INC001532,P000034,Mohammed Idrisi,ACCUSED,1,1,2025-04-12
INC001532,P000044,Hitesh Solanki,ACCUSED,0,0,
INC001532,P001435,Mangamma Vemula,COMPLAINANT,0,0,
INC001532,P001078,Pramila Munda,VICTIM,0,0,
INC001532,P001062,Ranjit Kang,WITNESS,0,0,
INC001533,P000709,Akshaya Sahoo,ABSCONDING_ACCUSED,0,0,
INC001533,P001475,Bandana Biswas,COMPLAINANT,0,0,
INC001533,P001195,Malathi Annadurai,VICTIM,0,0,
INC001533,P001382,Kavita Baghel,WITNESS,0,0,
INC001534,P000389,Shivanna Angadi,ACCUSED,1,1,2023-07-08
INC001534,P000413,Selvam Kurup,ABSCONDING_ACCUSED,1,1,2023-11-12
INC001534,P001333,Aparna Sardar,COMPLAINANT,0,0,
INC001534,P001118,Arif Malik,VICTIM,0,0,
INC001535,P000370,Yallappa Angadi,ACCUSED,1,1,2025-03-20
INC001535,P000368,Dinesh Rathore,ACCUSED,1,1,2025-06-13
INC001535,P000359,Shivanna Kamath,ACCUSED,1,1,2025-05-11
INC001535,P001215,Nirmala Jaiswal,COMPLAINANT,0,0,
INC001535,P001497,Deepak Singh,VICTIM,0,0,
INC001536,P000954,Rekha Sengar,SUSPECT,0,0,
INC001536,P000902,Manjunath Desai,ACCUSED,1,1,2022-04-05
INC001536,P000963,Sandip Bhoir,SUSPECT,0,0,
INC001536,P001282,Nazia Khan,COMPLAINANT,0,0,
INC001536,P001020,Mallesh Yadav,VICTIM,0,0,
INC001536,P001343,Jagabandhu Sahoo,WITNESS,0,0,
INC001537,P000020,Nitin Bhoir,SUSPECT,1,1,2025-05-03
INC001537,P000048,Tanaji Tandel,ACCUSED,1,1,2025-09-09
INC001537,P000062,Dattatray Tandel,ABSCONDING_ACCUSED,0,0,
INC001537,P001267,Reshma Zaidi,COMPLAINANT,0,0,
INC001537,P001324,Wasim Ahmed,VICTIM,0,0,
INC001537,P001018,Kesar Bishnoi,WITNESS,0,0,
INC001538,P000118,Bikramjit Sidhu,SUSPECT,0,0,
INC001538,P000168,Sukhdev Bhullar,SUSPECT,0,0,
INC001538,P001288,Chhaya Bose,COMPLAINANT,0,0,
INC001538,P001031,Mallesh Kumar,VICTIM,0,0,
INC001538,P001217,Navneet Sandhu,WITNESS,0,0,
INC001539,P000334,Sreenivasan Jacob,ABSCONDING_ACCUSED,1,0,2022-09-11
INC001539,P000330,Wasim Rahman,ACCUSED,1,1,2022-10-31
INC001539,P000294,Sarfaraz Pathan,SUSPECT,1,1,2022-12-09
INC001539,P001498,Selvam Chettiar,COMPLAINANT,0,0,
INC001539,P001461,Chandra Shekar Choudary,VICTIM,0,0,
INC001540,P000122,Karni Bishnoi,ACCUSED,1,1,2026-03-05
INC001540,P000124,Rafiq Baig,ACCUSED,1,0,2026-02-26
INC001540,P000148,Bhanwar Saini,ACCUSED,1,1,2026-05-26
INC001540,P001240,Gurpreet Dhaliwal,COMPLAINANT,0,0,
INC001540,P001083,Kavita Baghel,VICTIM,0,0,
INC001541,P000871,Temjen Momin,ACCUSED,0,0,
INC001541,P000877,Palanisamy Annadurai,ACCUSED,0,0,
INC001541,P000847,Yumnam Marak,ABSCONDING_ACCUSED,0,0,
INC001541,P000855,Alemba Momin,ACCUSED,1,1,2021-02-04
INC001541,P000851,Ilango Subramanian,ACCUSED,1,1,2020-10-06
INC001541,P001185,Peter Lobo,COMPLAINANT,0,0,
INC001541,P001202,Swapnil Kamble,VICTIM,0,0,
INC001542,P000887,Anoop Kartha,SUSPECT,1,0,2026-07-13
INC001542,P001007,Naseer Saifi,COMPLAINANT,0,0,
INC001542,P001379,Ajay Chauhan,VICTIM,0,0,
INC001542,P001162,Anitha Achari,WITNESS,0,0,
INC001543,P000963,Sandip Bhoir,ACCUSED,1,1,2026-11-16
INC001543,P001488,Manpreet Bains,COMPLAINANT,0,0,
INC001543,P001297,Abdul Mansuri,VICTIM,0,0,
INC001543,P001202,Swapnil Kamble,WITNESS,0,0,
INC001544,P000330,Wasim Rahman,SUSPECT,0,0,
INC001544,P001192,Kavya Nallamothu,COMPLAINANT,0,0,
INC001544,P001391,Ramkali Prajapati,VICTIM,0,0,
INC001545,P000810,Kishan Choudhary,ACCUSED,1,1,2026-09-13
INC001545,P000840,Sukhwinder Kang,SUSPECT,1,1,2026-09-23
INC001545,P000844,Gurpreet Toor,ACCUSED,1,0,2026-10-09
INC001545,P000822,Harjinder Sarao,SUSPECT,0,0,
INC001545,P001235,Deepa Jacob,COMPLAINANT,0,0,
INC001545,P001471,Sudarshan Swain,VICTIM,0,0,
INC001546,P000735,Vipul Parmar,ACCUSED,1,1,2023-02-22
INC001546,P000734,Bhaskar Kadam,ACCUSED,0,0,
INC001546,P000750,Nadeem Khan,ABSCONDING_ACCUSED,0,0,
INC001546,P000751,Devendra Maurya,ACCUSED,0,0,
INC001546,P000741,Trupti Parmar,ACCUSED,1,1,2023-06-10
INC001546,P001167,Palanisamy Nadar,COMPLAINANT,0,0,
INC001546,P001180,Bhanwari Purohit,VICTIM,0,0,
INC001546,P001409,Ashfaq Hussain,WITNESS,0,0,
INC001547,P000607,Udaiveer Prajapati,ACCUSED,0,0,
INC001547,P000601,Sarfaraz Chaudhary,ACCUSED,1,1,2025-07-17
INC001547,P001222,Prasanna Behera,COMPLAINANT,0,0,
INC001547,P001002,Suman Sisodia,VICTIM,0,0,
INC001548,P000987,Karni Gurjar,ACCUSED,1,0,2026-11-15
INC001548,P001069,Baljinder Mann,COMPLAINANT,0,0,
INC001548,P001468,Arun Prajapati,VICTIM,0,0,
INC001549,P000514,Rafiq Sheikh,ACCUSED,1,1,2026-07-28
INC001549,P000509,Shakeel Mirza,ACCUSED,1,0,2026-09-26
INC001549,P000475,Tanveer Pathan,ACCUSED,0,0,
INC001549,P001427,Amol Dalvi,COMPLAINANT,0,0,
INC001549,P001440,Elango Annadurai,VICTIM,0,0,
INC001549,P001276,Arif Pathan,WITNESS,0,0,
INC001550,P000725,Altaf Khan,ACCUSED,0,0,
INC001550,P000763,Randhir Tiwari,SUSPECT,1,1,2024-07-30
INC001550,P000716,Vaishnavi Kadam,ACCUSED,0,0,
INC001550,P001056,Sunil Jaiswal,COMPLAINANT,0,0,
INC001550,P001398,Sajid Chaudhary,VICTIM,0,0,
INC001551,P000467,Firoz Rahman,ABSCONDING_ACCUSED,1,1,2023-07-07
INC001551,P000462,Kuldeep Pandey,ACCUSED,0,0,
INC001551,P000470,Girdhari Shukla,ACCUSED,1,1,2023-03-02
INC001551,P001321,Moumita Das,COMPLAINANT,0,0,
INC001551,P001442,Bhavna Barot,VICTIM,0,0,
INC001551,P001437,Prabhakar Naidu,WITNESS,0,0,
INC001552,P000416,Manikandan Annadurai,ACCUSED,0,0,
INC001552,P001343,Jagabandhu Sahoo,COMPLAINANT,0,0,
INC001552,P001471,Sudarshan Swain,VICTIM,0,0,
INC001553,P000878,Srinivas Bandari,SUSPECT,1,1,2023-09-01
INC001553,P001347,Sanoop Kartha,COMPLAINANT,0,0,
INC001553,P001223,Balaraju Reddy,VICTIM,0,0,
INC001554,P000334,Sreenivasan Jacob,SUSPECT,1,1,2023-06-03
INC001554,P001411,Clara Almeida,COMPLAINANT,0,0,
INC001554,P001239,Yogendra Bhadauria,VICTIM,0,0,
INC001555,P000720,Manisha Patil,ACCUSED,0,0,
INC001555,P000754,Dharmesh Makwana,SUSPECT,1,1,2026-11-17
INC001555,P000732,Bhaskar Shinde,ACCUSED,0,0,
INC001555,P000738,Dharmesh Joshi,SUSPECT,0,0,
INC001555,P000744,Hardik Thakor,ACCUSED,1,1,2026-05-30
INC001555,P001008,Yasmin Alam,COMPLAINANT,0,0,
INC001555,P001102,Kuldeep Nagar,VICTIM,0,0,
INC001555,P001187,Bhagaban Pradhan,WITNESS,0,0,
INC001556,P000498,Chandrabhan Srivastava,ACCUSED,0,0,
INC001556,P000501,Rafiq Siddiqui,ACCUSED,0,0,
INC001556,P001321,Moumita Das,COMPLAINANT,0,0,
INC001556,P001023,Siddaraju Poojary,VICTIM,0,0,
INC001556,P001357,Devi Lal Ranawat,WITNESS,0,0,
INC001557,P000941,Bhagaban Mallick,ABSCONDING_ACCUSED,1,1,2025-04-11
INC001557,P000961,Rambabu Tomar,ACCUSED,1,0,2025-07-04
INC001557,P000920,Aruna Yadav,ACCUSED,0,0,
INC001557,P000887,Anoop Kartha,ABSCONDING_ACCUSED,0,0,
INC001557,P001408,Udaiveer Dixit,COMPLAINANT,0,0,
INC001557,P001315,Laxmi Saini,VICTIM,0,0,
INC001558,P000424,Shanti Dubey,SUSPECT,1,1,2020-12-30
INC001558,P000425,Nirmal Chakraborty,SUSPECT,1,1,2020-12-12
INC001558,P000438,Kartik Bose,ACCUSED,1,1,2021-04-08
INC001558,P000455,Kartik Majumdar,ACCUSED,0,0,
INC001558,P001006,Kavya Raju,COMPLAINANT,0,0,
INC001558,P001055,Mushtaq Idrisi,VICTIM,0,0,
INC001559,P000849,Bikram Sangma,ACCUSED,1,0,2024-05-03
INC001559,P001262,Rajesh Thakur,COMPLAINANT,0,0,
INC001559,P001135,Sudhakar Yadav,VICTIM,0,0,
INC001559,P001329,Firoz Shaikh,WITNESS,0,0,
INC001560,P000039,Sagar Rane,SUSPECT,1,1,2021-02-04
INC001560,P000082,Swapnil Jadhav,ACCUSED,1,1,2020-12-22
INC001560,P000070,Ashwin Trivedi,ACCUSED,1,1,2021-01-02
INC001560,P000043,Bharat Dave,ACCUSED,0,0,
INC001560,P000062,Dattatray Tandel,ACCUSED,0,0,
INC001560,P001468,Arun Prajapati,COMPLAINANT,0,0,
INC001560,P001006,Kavya Raju,VICTIM,0,0,
INC001560,P001366,Sasmita Barik,WITNESS,0,0,
INC001561,P000861,Balbir Yadav,ACCUSED,1,0,2025-08-16
INC001561,P000857,Narsimha Vemula,ACCUSED,1,1,2025-04-24
INC001561,P000879,Velu Annadurai,ACCUSED,0,0,
INC001561,P000854,Bikram Devi,ABSCONDING_ACCUSED,1,1,2025-07-18
INC001561,P001161,Rina Pal,COMPLAINANT,0,0,
INC001561,P001258,Subhas Ghosh,VICTIM,0,0,
INC001562,P000910,Ranjan Sardar,ACCUSED,1,1,2023-08-24
INC001562,P000908,Harpreet Sidhu,ACCUSED,1,1,2023-09-19
INC001562,P001342,Prakash Patil,COMPLAINANT,0,0,
INC001562,P001427,Amol Dalvi,VICTIM,0,0,
INC001563,P000124,Rafiq Baig,SUSPECT,0,0,
INC001563,P000163,Shahnaz Siddiqui,ACCUSED,0,0,
INC001563,P001414,Sujoy Bose,COMPLAINANT,0,0,
INC001563,P001486,Netrapal Bhardwaj,VICTIM,0,0,
INC001563,P001473,Shabana Qureshi,WITNESS,0,0,
INC001564,P000103,Hanuman Beniwal,SUSPECT,0,0,
INC001564,P000097,Manpreet Sekhon,ABSCONDING_ACCUSED,1,1,2025-11-23
INC001564,P000166,Faizan Hussain,ACCUSED,1,1,2026-05-03
INC001564,P000095,Satnam Bains,ACCUSED,1,1,2026-04-22
INC001564,P001235,Deepa Jacob,COMPLAINANT,0,0,
INC001564,P001092,Dhanapal Sundaram,VICTIM,0,0,
INC001564,P001271,Jayan Namboothiri,WITNESS,0,0,
INC001565,P000271,Ranjan Gayen,ACCUSED,1,1,2024-08-12
INC001565,P000253,Ibrahim Shaikh,SUSPECT,1,1,2024-07-07
INC001565,P000258,Subhas Roy,ACCUSED,1,1,2024-12-09
INC001565,P000202,Sujoy Das,ACCUSED,1,1,2024-10-01
INC001565,P001365,Sujatha Setty,COMPLAINANT,0,0,
INC001565,P001344,Baljit Sidhu,VICTIM,0,0,
INC001566,P000670,Bhagaban Sahoo,ACCUSED,1,1,2026-09-21
INC001566,P000711,Vijay Singh,SUSPECT,1,1,2026-09-24
INC001566,P000677,Bhagaban Dash,SUSPECT,0,0,
INC001566,P001367,Temjen Basumatary,COMPLAINANT,0,0,
INC001566,P001025,Ramulu Reddy,VICTIM,0,0,
INC001566,P001032,Sanjay Tiwari,WITNESS,0,0,
INC001567,P000766,Balbir Shukla,ABSCONDING_ACCUSED,0,0,
INC001567,P000776,Ibrahim Alam,ACCUSED,1,1,2024-02-11
INC001567,P000785,Girdhari Saini,ACCUSED,1,1,2023-12-16
INC001567,P001073,Rajendran Thevar,COMPLAINANT,0,0,
INC001567,P001207,Sunita Verma,VICTIM,0,0,
INC001568,P000539,Sandeep Awasthi,ACCUSED,1,1,2026-09-18
INC001568,P000530,Ranjit Bajwa,ACCUSED,0,0,
INC001568,P000545,Abdul Alam,ACCUSED,0,0,
INC001568,P000559,Tarsem Singh,ACCUSED,0,0,
INC001568,P000534,Pushpa Awasthi,ACCUSED,0,0,
INC001568,P001110,Kamla Chauhan,COMPLAINANT,0,0,
INC001568,P001444,Clara Coutinho,VICTIM,0,0,
INC001569,P000539,Sandeep Awasthi,ABSCONDING_ACCUSED,1,0,2021-12-25
INC001569,P000553,Vijay Rajput,ACCUSED,0,0,
INC001569,P000566,Ajay Dubey,ACCUSED,0,0,
INC001569,P000524,Aslam Saifi,ACCUSED,1,1,2022-04-16
INC001569,P000568,Lakhwinder Singh,ABSCONDING_ACCUSED,1,1,2022-02-08
INC001569,P000563,Malkiat Bains,SUSPECT,1,1,2022-06-12
INC001569,P000556,Zubair Saifi,ACCUSED,1,1,2022-06-07
INC001569,P001361,Suman Bhati,COMPLAINANT,0,0,
INC001569,P001151,Rizwan Pathan,VICTIM,0,0,
INC001570,P000927,Mangesh Salunkhe,ACCUSED,0,0,
INC001570,P001030,Aruna Mudiraj,COMPLAINANT,0,0,
INC001570,P001133,Madan Charan,VICTIM,0,0,
INC001570,P001372,Dhanapal Chettiar,WITNESS,0,0,
INC001571,P000569,Rizwan Qureshi,ACCUSED,0,0,
INC001571,P000521,Vijay Bhadauria,ACCUSED,1,1,2020-11-11
INC001571,P000557,Haroon Pathan,ABSCONDING_ACCUSED,1,1,2020-09-27
INC001571,P000519,Pramod Jaiswal,ACCUSED,0,0,
INC001571,P000549,Tanveer Rahman,SUSPECT,0,0,
INC001571,P000563,Malkiat Bains,ACCUSED,1,0,2020-08-20
INC001571,P000530,Ranjit Bajwa,ACCUSED,1,0,2021-02-12
INC001571,P001468,Arun Prajapati,COMPLAINANT,0,0,
INC001571,P001213,Sandeep Baghel,VICTIM,0,0,
INC001571,P001435,Mangamma Vemula,WITNESS,0,0,
INC001572,P000875,Yumnam Rabha,ACCUSED,0,0,
INC001572,P000854,Bikram Devi,SUSPECT,1,0,2021-05-08
INC001572,P000874,Ramulu Nallamothu,ACCUSED,1,1,2021-04-17
INC001572,P001282,Nazia Khan,COMPLAINANT,0,0,
INC001572,P001381,Ilango Pillai,VICTIM,0,0,
INC001573,P000480,Tanveer Farooqui,SUSPECT,0,0,
INC001573,P000496,Har Prasad Rajput,SUSPECT,1,1,2026-01-01
INC001573,P000504,Jitendra Solanki,ACCUSED,0,0,
INC001573,P001036,Nasreen Zaidi,COMPLAINANT,0,0,
INC001573,P001416,Kannan Pillai,VICTIM,0,0,
INC001573,P001149,Savita Awasthi,WITNESS,0,0,
INC001574,P000728,Netrapal Saini,ACCUSED,0,0,
INC001574,P000757,Ashfaq Rahman,ACCUSED,1,0,2023-11-12
INC001574,P000714,Divyesh Vaghela,ACCUSED,1,0,2023-12-23
INC001574,P000751,Devendra Maurya,ACCUSED,1,1,2024-02-06
INC001574,P001059,Salim Qureshi,COMPLAINANT,0,0,
INC001574,P001277,Bhavesh Shah,WITNESS,0,0,
INC001575,P000862,Ngangbam Brahma,ACCUSED,0,0,
INC001575,P000880,Murugan Annadurai,ACCUSED,1,1,2023-02-12
INC001575,P000870,Mariappan Pandian,ACCUSED,0,0,
INC001575,P000872,Bikram Jamir,SUSPECT,1,1,2023-02-21
INC001575,P001210,Nilesh More,COMPLAINANT,0,0,
INC001575,P001399,Rachhpal Mann,VICTIM,0,0,
INC001575,P001226,Lalthanga Debbarma,WITNESS,0,0,
INC001576,P000706,Balbir Baghel,ACCUSED,1,1,2020-06-24
INC001576,P000677,Bhagaban Dash,ABSCONDING_ACCUSED,0,0,
INC001576,P001303,Naresh Baghel,COMPLAINANT,0,0,
INC001576,P001103,Om Prakash Saini,VICTIM,0,0,
INC001577,P000343,Hardik Zala,ACCUSED,0,0,
INC001577,P000342,Rasik Mehta,ACCUSED,1,1,2026-02-01
INC001577,P001269,Hanumanthappa Chikkanna,COMPLAINANT,0,0,
INC001577,P001323,Rohini Kamble,VICTIM,0,0,
INC001578,P000985,Arindam Chakraborty,ACCUSED,1,1,2024-06-26
INC001578,P001232,Sunil Verma,COMPLAINANT,0,0,
INC001578,P001067,Gopal Dutta,VICTIM,0,0,
INC001578,P001370,Chandrakala Bhat,WITNESS,0,0,
INC001579,P000135,Karni Meena,SUSPECT,1,1,2026-07-14
INC001579,P000118,Bikramjit Sidhu,SUSPECT,1,1,2026-10-10
INC001579,P001209,Saroja Naidu,COMPLAINANT,0,0,
INC001579,P001221,Rodney Almeida,VICTIM,0,0,
INC001580,P000739,Har Prasad Gupta,ACCUSED,1,1,2023-03-20
INC001580,P000714,Divyesh Vaghela,SUSPECT,0,0,
INC001580,P000720,Manisha Patil,ACCUSED,1,1,2023-02-11
INC001580,P000749,Shyamlal Bhardwaj,ACCUSED,1,1,2022-11-10
INC001580,P000718,Haroon Pathan,ACCUSED,0,0,
INC001580,P000751,Devendra Maurya,ACCUSED,0,0,
INC001580,P000757,Ashfaq Rahman,ACCUSED,0,0,
INC001580,P001223,Balaraju Reddy,COMPLAINANT,0,0,
INC001580,P001233,Techi Jamir,VICTIM,0,0,
INC001580,P001415,Poongodi Muthusamy,WITNESS,0,0,
INC001581,P000931,Jagdish Sengar,ACCUSED,0,0,
INC001581,P000968,Ganesh Pawar,ABSCONDING_ACCUSED,1,1,2025-08-04
INC001581,P001314,Jasbir Singh,COMPLAINANT,0,0,
INC001581,P001185,Peter Lobo,VICTIM,0,0,
INC001582,P000334,Sreenivasan Jacob,SUSPECT,0,0,
INC001582,P000304,Afsana Malik,ACCUSED,1,1,2026-08-30
INC001582,P000313,Sanjay Rathore,ACCUSED,1,1,2026-08-29
INC001582,P000355,Randhir Sharma,ACCUSED,0,0,
INC001582,P001420,Rupa Halder,COMPLAINANT,0,0,
INC001582,P001362,Tapasi Sen,VICTIM,0,0,
INC001582,P001236,Gopal Chakraborty,WITNESS,0,0,
INC001583,P000038,Tushar Zala,ACCUSED,1,1,2022-11-05
INC001583,P000080,Kalpesh Zala,ABSCONDING_ACCUSED,1,0,2022-10-07
INC001583,P000034,Mohammed Idrisi,ACCUSED,0,0,
INC001583,P000090,Mangesh Tandel,ACCUSED,1,1,2023-01-01
INC001583,P000050,Pandurang Deshmukh,ACCUSED,1,1,2022-10-18
INC001583,P001393,Swaroopa Vemula,COMPLAINANT,0,0,
INC001583,P001222,Prasanna Behera,VICTIM,0,0,
INC001584,P000101,Ratan Saini,ACCUSED,1,1,2024-06-14
INC001584,P000135,Karni Meena,ABSCONDING_ACCUSED,1,1,2024-03-06
INC001584,P001316,Shanti Dixit,COMPLAINANT,0,0,
INC001584,P001487,Amol Mhatre,VICTIM,0,0,
INC001584,P001071,Surinder Bajwa,WITNESS,0,0,
INC001585,P000828,Harjinder Kang,ACCUSED,1,1,2023-09-08
INC001585,P000823,Harpreet Brar,SUSPECT,1,1,2023-10-31
INC001585,P001318,Paresh Solanki,COMPLAINANT,0,0,
INC001585,P001432,Shanti Verma,VICTIM,0,0,
INC001585,P001448,Reshma Chaudhary,WITNESS,0,0,
INC001586,P000488,Aslam Ahmed,ACCUSED,1,0,2025-11-27
INC001586,P001265,Jitendra Rathore,COMPLAINANT,0,0,
INC001586,P001003,Rachna Baghel,VICTIM,0,0,
INC001586,P001312,Sreenivasan Kurup,WITNESS,0,0,
INC001587,P000876,Krishnaiah Goud,SUSPECT,1,1,2026-05-16
INC001587,P001245,Nirmal Sidhu,COMPLAINANT,0,0,
INC001587,P001034,Bandana Sen,VICTIM,0,0,
INC001588,P000789,Wasim Qureshi,ACCUSED,0,0,
INC001588,P000790,Deepak Bhardwaj,ACCUSED,1,0,2022-03-10
INC001588,P001418,Dinesh Srivastava,COMPLAINANT,0,0,
INC001588,P001393,Swaroopa Vemula,VICTIM,0,0,
INC001588,P001345,Bimal Halder,WITNESS,0,0,
INC001589,P000087,Ibrahim Siddiqui,ABSCONDING_ACCUSED,0,0,
INC001589,P000089,Tushar Parmar,ACCUSED,1,1,2019-05-31
INC001589,P000079,Rasik Trivedi,ABSCONDING_ACCUSED,0,0,
INC001589,P001358,Ravi Patil,COMPLAINANT,0,0,
INC001589,P001302,Manoj Marar,VICTIM,0,0,
INC001590,P000372,Rajendran Pillai,SUSPECT,1,0,2019-05-12
INC001590,P000413,Selvam Kurup,ACCUSED,1,1,2019-05-25
INC001590,P000370,Yallappa Angadi,ACCUSED,0,0,
INC001590,P001280,Rubina Zaidi,COMPLAINANT,0,0,
INC001590,P001071,Surinder Bajwa,VICTIM,0,0,
INC001591,P000773,Shakuntala Nishad,ACCUSED,0,0,
INC001591,P000777,Hariom Chauhan,ACCUSED,1,1,2024-05-31
INC001591,P000767,Balbir Dixit,ABSCONDING_ACCUSED,1,1,2024-10-19
INC001591,P000780,Pradeep Prajapati,SUSPECT,0,0,
INC001591,P000796,Abdul Malik,ABSCONDING_ACCUSED,1,1,2024-07-17
INC001591,P001166,Bindu Joseph,COMPLAINANT,0,0,
INC001591,P001187,Bhagaban Pradhan,VICTIM,0,0,
INC001591,P001217,Navneet Sandhu,WITNESS,0,0,
INC001592,P000852,Mallesh Kumar,ACCUSED,0,0,
INC001592,P000873,Bikram Basumatary,ACCUSED,1,0,2026-09-11
INC001592,P000879,Velu Annadurai,ABSCONDING_ACCUSED,0,0,
INC001592,P000867,Lekhraj Bhardwaj,ABSCONDING_ACCUSED,1,1,2026-10-09
INC001592,P001457,Nepal Biswas,COMPLAINANT,0,0,
INC001592,P001487,Amol Mhatre,VICTIM,0,0,
INC001592,P001400,Sudha Bhadauria,WITNESS,0,0,
INC001593,P000650,Kumaresan Muthusamy,ACCUSED,1,1,2018-12-14
INC001593,P000626,Murugan Muthusamy,ACCUSED,1,1,2019-02-18
INC001593,P000649,Srinivas Choudary,ACCUSED,0,0,
INC001593,P001477,Chhaya Bhattacharya,COMPLAINANT,0,0,
INC001593,P001086,Rajni Jaiswal,VICTIM,0,0,
INC001593,P001409,Ashfaq Hussain,WITNESS,0,0,
INC001594,P000373,Saravanan Mudaliar,ACCUSED,0,0,
INC001594,P000367,Ilango Annadurai,ABSCONDING_ACCUSED,1,0,2024-02-20
INC001594,P000368,Dinesh Rathore,ACCUSED,0,0,
INC001594,P000382,Mallikarjun Rai,SUSPECT,1,1,2023-11-22
INC001594,P001012,Harjinder Gill,COMPLAINANT,0,0,
INC001594,P001289,Ranveer Gurjar,VICTIM,0,0,
INC001595,P000136,Amarjit Grewal,ACCUSED,1,0,2020-02-28
INC001595,P001407,Bikash Majumdar,COMPLAINANT,0,0,
INC001595,P001202,Swapnil Kamble,VICTIM,0,0,
INC001595,P001143,Suresh Srivastava,WITNESS,0,0,
INC001596,P000723,Ketan Prajapati,ACCUSED,1,1,2024-08-27
INC001596,P000741,Trupti Parmar,ACCUSED,0,0,
INC001596,P000719,Yusuf Khan,ACCUSED,0,0,
INC001596,P000742,Smita Sawant,SUSPECT,1,0,2024-10-10
INC001596,P000736,Sunil Yadav,ABSCONDING_ACCUSED,1,1,2024-06-16
INC001596,P001241,Gautam Naskar,COMPLAINANT,0,0,
INC001596,P001342,Prakash Patil,VICTIM,0,0,
INC001596,P001088,Prabhakar Mudiraj,WITNESS,0,0,
INC001597,P000908,Harpreet Sidhu,ACCUSED,1,1,2024-02-16
INC001597,P000933,Sajid Zaidi,ACCUSED,1,0,2024-03-28
INC001597,P000985,Arindam Chakraborty,SUSPECT,1,1,2024-01-29
INC001597,P001384,Palash Bose,COMPLAINANT,0,0,
INC001597,P001275,Hanuman Jhala,WITNESS,0,0,
INC001598,P000296,Salim Baig,ACCUSED,0,0,
INC001598,P000356,Sudha Kushwaha,SUSPECT,1,1,2026-08-17
INC001598,P001196,Jagabandhu Dash,COMPLAINANT,0,0,
INC001598,P001053,Jagmal Purohit,VICTIM,0,0,
INC001599,P000334,Sreenivasan Jacob,ACCUSED,1,0,2025-03-21
INC001599,P000304,Afsana Malik,ACCUSED,1,0,2025-04-24
INC001599,P000291,Manoj Menon,ACCUSED,1,1,2025-01-15
INC001599,P001377,Rekha Prajapati,COMPLAINANT,0,0,
INC001599,P001201,Kanta Rathore,VICTIM,0,0,
INC001600,P000661,Rajendran Thevar,ACCUSED,1,0,2024-06-23
INC001600,P000638,Mallesh Choudary,ACCUSED,1,1,2024-07-15
INC001600,P001169,Seema Bhadauria,COMPLAINANT,0,0,
INC001600,P001354,Sachin Salunkhe,WITNESS,0,0,
INC001601,P000299,Vinayakan Joseph,ACCUSED,1,0,2020-08-03
INC001601,P000309,Jignesh Thakor,SUSPECT,0,0,
INC001601,P001431,Chandra Shekar Reddy,COMPLAINANT,0,0,
INC001601,P001263,Priyanka Chavan,VICTIM,0,0,
INC001602,P000391,Mallikarjun Desai,SUSPECT,0,0,
INC001602,P001106,Kuni Dash,COMPLAINANT,0,0,
INC001602,P001388,Haroon Rahman,WITNESS,0,0,
INC001603,P000079,Rasik Trivedi,ACCUSED,0,0,
INC001603,P000083,Mitesh Joshi,ABSCONDING_ACCUSED,0,0,
INC001603,P000052,Vishal Jadhav,ACCUSED,1,1,2023-05-20
INC001603,P000014,Jayesh Barot,ACCUSED,1,1,2023-05-12
INC001603,P001492,Basanti Dash,COMPLAINANT,0,0,
INC001603,P001413,Nilesh Deshmukh,VICTIM,0,0,
INC001603,P001041,Hansa Parmar,WITNESS,0,0,
INC001604,P000729,Vinod Bhadauria,ACCUSED,1,1,2026-04-05
INC001604,P000746,Swapnil Kadam,ACCUSED,0,0,
INC001604,P001368,Kuni Mohanty,COMPLAINANT,0,0,
INC001605,P000782,Sarfaraz Siddiqui,ACCUSED,1,1,2025-08-25
INC001605,P000768,Prakash Gupta,ACCUSED,1,1,2025-09-23
INC001605,P000787,Shabana Mirza,SUSPECT,1,0,2025-05-12
INC001605,P001500,Salim Qureshi,COMPLAINANT,0,0,
INC001605,P001202,Swapnil Kamble,VICTIM,0,0,
INC001605,P001488,Manpreet Bains,WITNESS,0,0,
INC001606,P000799,Shakeel Pathan,ACCUSED,0,0,
INC001606,P001284,Prashant Mhatre,COMPLAINANT,0,0,
INC001606,P001371,Kavita Prajapati,VICTIM,0,0,
INC001606,P001146,Vidyawati Kushwaha,WITNESS,0,0,
INC001607,P000957,Harjinder Sekhon,ACCUSED,1,1,2026-04-03
INC001607,P000884,Wasim Mansuri,SUSPECT,1,1,2026-02-28
INC001607,P000960,Sushila Jat,SUSPECT,1,0,2026-05-14
INC001607,P000985,Arindam Chakraborty,SUSPECT,0,0,
INC001607,P001020,Mallesh Yadav,COMPLAINANT,0,0,
INC001608,P000301,Jayan Joseph,ACCUSED,1,1,2022-11-11
INC001608,P001047,Mariappan Kurup,COMPLAINANT,0,0,
INC001608,P001129,Aruna Prasad,VICTIM,0,0,
INC001609,P000565,Devendra Tiwari,ACCUSED,1,1,2025-09-11
INC001609,P000532,Shakeel Rahman,ACCUSED,1,1,2025-08-22
INC001609,P000555,Dinesh Gupta,ACCUSED,1,0,2025-07-20
INC001609,P000521,Vijay Bhadauria,ACCUSED,1,1,2025-09-16
INC001609,P001204,Kumaraswamy Hegde,COMPLAINANT,0,0,
INC001609,P001264,Karni Rathore,VICTIM,0,0,
INC001610,P000603,Firoz Rahman,ACCUSED,1,0,2026-03-31
INC001610,P000605,Pradip Chakraborty,ABSCONDING_ACCUSED,1,1,2026-01-21
INC001610,P001381,Ilango Pillai,COMPLAINANT,0,0,
INC001610,P001001,Trilochan Swain,VICTIM,0,0,
INC001610,P001134,Mangamma Setty,WITNESS,0,0,
INC001611,P000033,Arif Chaudhary,ABSCONDING_ACCUSED,1,1,2020-08-26
INC001611,P000054,Dharmesh Shah,ABSCONDING_ACCUSED,0,0,
INC001611,P000030,Rahul Jadhav,SUSPECT,1,1,2020-11-26
INC001611,P001291,Hitesh Thakor,COMPLAINANT,0,0,
INC001611,P001410,Sanjay Yadav,VICTIM,0,0,
INC001612,P000747,Jitendra Bhardwaj,ACCUSED,1,1,2023-08-01
INC001612,P000720,Manisha Patil,ABSCONDING_ACCUSED,0,0,
INC001612,P000735,Vipul Parmar,ACCUSED,1,1,2023-07-10
INC001612,P000752,Mitesh Shah,SUSPECT,1,0,2023-03-24
INC001612,P001051,Sandip Dalvi,COMPLAINANT,0,0,
INC001612,P001452,Preeti Tomar,VICTIM,0,0,
INC001612,P001430,Rajendran Naicker,WITNESS,0,0,
INC001613,P000460,Anil Pandey,ACCUSED,1,1,2025-04-30
INC001613,P000448,Gautam Majumdar,ACCUSED,0,0,
INC001613,P001437,Prabhakar Naidu,COMPLAINANT,0,0,
INC001613,P001364,Hariom Gupta,VICTIM,0,0,
INC001614,P000553,Vijay Rajput,SUSPECT,1,1,2024-12-26
INC001614,P001285,Farida Qureshi,COMPLAINANT,0,0,
INC001614,P001494,Poonam Sengar,VICTIM,0,0,
INC001615,P000694,Gautam Sen,ACCUSED,1,1,2020-04-24
INC001615,P000703,Mahesh Saini,ACCUSED,1,1,2020-05-15
INC001615,P000678,Bibhuti Munda,ACCUSED,1,1,2020-09-15
INC001615,P000705,Arindam Mondal,ACCUSED,1,0,2020-09-24
INC001615,P001489,Narsimha Prasad,COMPLAINANT,0,0,
INC001615,P001370,Chandrakala Bhat,VICTIM,0,0,
INC001616,P000330,Wasim Rahman,ACCUSED,1,1,2021-05-13
INC001616,P000341,Vipin Panicker,SUSPECT,0,0,
INC001616,P001020,Mallesh Yadav,COMPLAINANT,0,0,
INC001616,P001377,Rekha Prajapati,VICTIM,0,0,
INC001617,P000546,Om Prakash Rathore,ACCUSED,0,0,
INC001617,P000549,Tanveer Rahman,ACCUSED,1,1,2026-04-02
INC001617,P000568,Lakhwinder Singh,ACCUSED,1,1,2026-05-10
INC001617,P001206,Mukesh Thakur,COMPLAINANT,0,0,
INC001617,P001259,Sajitha Pillai,VICTIM,0,0,
INC001617,P001330,Kumaraswamy Shetty,WITNESS,0,0,
INC001618,P000720,Manisha Patil,ACCUSED,0,0,
INC001618,P000746,Swapnil Kadam,ACCUSED,1,1,2021-09-16
INC001618,P001180,Bhanwari Purohit,COMPLAINANT,0,0,
INC001618,P001140,Ramkali Gupta,WITNESS,0,0,
INC001619,P000491,Anil Srivastava,ACCUSED,1,1,2019-01-23
INC001619,P000507,Suresh Nishad,ACCUSED,0,0,
INC001619,P001251,Reshma Farooqui,COMPLAINANT,0,0,
INC001619,P001462,Shyamlal Awasthi,VICTIM,0,0,
INC001620,P000995,Dinesh Yadav,ACCUSED,0,0,
INC001620,P000958,Bhupendra Srivastava,ACCUSED,1,0,2026-01-05
INC001620,P001044,Faizan Ansari,COMPLAINANT,0,0,
INC001620,P001464,Sathish Sharma,VICTIM,0,0,
INC001621,P000377,Veeresh Acharya,ACCUSED,1,1,2025-03-27
INC001621,P001154,Nagaraju Bandari,COMPLAINANT,0,0,
INC001621,P001363,Peter Menezes,VICTIM,0,0,
INC001621,P001274,Yusuf Saifi,WITNESS,0,0,
INC001622,P000016,Hardik Barot,ACCUSED,1,1,2025-10-13
INC001622,P000057,Sagar Bhoir,ACCUSED,1,0,2025-06-24
INC001622,P000085,Ibrahim Ansari,ABSCONDING_ACCUSED,0,0,
INC001622,P001052,Bheru Vyas,COMPLAINANT,0,0,
INC001622,P001125,Remya Thomas,VICTIM,0,0,
INC001622,P001311,Jyotsna Patil,WITNESS,0,0,
INC001623,P000161,Mohan Sisodia,ACCUSED,1,1,2025-12-14
INC001623,P000131,Imran Siddiqui,SUSPECT,1,0,2025-11-22
INC001623,P000162,Amarjit Dhillon,SUSPECT,0,0,
INC001623,P000122,Karni Bishnoi,ACCUSED,0,0,
INC001623,P001219,Arun Rajput,COMPLAINANT,0,0,
INC001623,P001446,Jayan Achari,VICTIM,0,0,
INC001624,P000067,Pandurang Mhatre,SUSPECT,1,1,2026-09-07
INC001624,P001296,Elango Naicker,COMPLAINANT,0,0,
INC001624,P001112,Anita Tiwari,VICTIM,0,0,
INC001624,P001256,Alwyn Noronha,WITNESS,0,0,
INC001625,P000646,Jagabandhu Sahoo,ABSCONDING_ACCUSED,1,1,2021-09-20
INC001625,P000657,Bhagaban Mohanty,ACCUSED,1,0,2021-06-16
INC001625,P000635,Manikandan Annadurai,ACCUSED,1,0,2021-10-11
INC001625,P000648,Saravanan Mudaliar,ACCUSED,1,1,2021-10-04
INC001625,P001480,Ibrahim Ahmed,COMPLAINANT,0,0,
INC001625,P001363,Peter Menezes,WITNESS,0,0,
INC001626,P000390,Chitra Mudaliar,ACCUSED,0,0,
INC001626,P000416,Manikandan Annadurai,ACCUSED,1,1,2023-02-26
INC001626,P000415,Vinod Thakur,ACCUSED,1,1,2023-01-10
INC001626,P000370,Yallappa Angadi,ACCUSED,1,1,2023-03-06
INC001626,P000388,Manjunath Hegde,ACCUSED,0,0,
INC001626,P001386,Tamilselvi Sundaram,COMPLAINANT,0,0,
INC001627,P000990,Ravi Naik,ACCUSED,0,0,
INC001627,P000914,Shivanna Angadi,ACCUSED,0,0,
INC001627,P001487,Amol Mhatre,COMPLAINANT,0,0,
INC001627,P001400,Sudha Bhadauria,VICTIM,0,0,
INC001628,P000929,Nitin Patil,ABSCONDING_ACCUSED,1,1,2024-11-28
INC001628,P001353,Kuni Nayak,COMPLAINANT,0,0,
INC001628,P001092,Dhanapal Sundaram,VICTIM,0,0,
INC001629,P000318,Sarfaraz Shaikh,SUSPECT,0,0,
INC001629,P000345,Praveen Jacob,ACCUSED,0,0,
INC001629,P000353,Ratheesh Menon,ABSCONDING_ACCUSED,1,0,2022-02-08
INC001629,P000304,Afsana Malik,SUSPECT,0,0,
INC001629,P000294,Sarfaraz Pathan,SUSPECT,0,0,
INC001629,P001103,Om Prakash Saini,COMPLAINANT,0,0,
INC001629,P001174,Shahnawaz Khan,VICTIM,0,0,
INC001629,P001104,Girdhari Sharma,WITNESS,0,0,
INC001630,P000988,Bikramjit Sandhu,SUSPECT,1,0,2024-01-05
INC001630,P000933,Sajid Zaidi,ACCUSED,1,1,2024-02-18
INC001630,P000903,Lekhraj Srivastava,ACCUSED,0,0,
INC001630,P000960,Sushila Jat,ACCUSED,0,0,
INC001630,P001059,Salim Qureshi,COMPLAINANT,0,0,
INC001630,P001307,Biju Nair,VICTIM,0,0,
INC001630,P001153,Kanta Gurjar,WITNESS,0,0,
INC001631,P000671,Basanta Jena,SUSPECT,0,0,
INC001631,P001410,Sanjay Yadav,COMPLAINANT,0,0,
INC001631,P001398,Sajid Chaudhary,VICTIM,0,0,
INC001632,P000745,Paresh Rabari,ACCUSED,1,1,2025-05-07
INC001632,P000725,Altaf Khan,ACCUSED,1,0,2025-08-17
INC001632,P000747,Jitendra Bhardwaj,ACCUSED,0,0,
INC001632,P001202,Swapnil Kamble,COMPLAINANT,0,0,
INC001632,P001163,Hariom Chauhan,VICTIM,0,0,
INC001632,P001207,Sunita Verma,WITNESS,0,0,
INC001633,P000002,Shabana Baig,ACCUSED,0,0,
INC001633,P000076,Divyesh Shah,SUSPECT,1,0,2019-03-16
INC001633,P000009,Sandip Rane,ACCUSED,0,0,
INC001633,P000083,Mitesh Joshi,ABSCONDING_ACCUSED,1,1,2019-01-23
INC001633,P001302,Manoj Marar,COMPLAINANT,0,0,
INC001633,P001074,Hariom Awasthi,VICTIM,0,0,
INC001634,P000467,Firoz Rahman,ACCUSED,0,0,
INC001634,P000464,Vinod Rajput,ACCUSED,0,0,
INC001634,P000463,Ashim Pal,ACCUSED,1,0,2024-11-19
INC001634,P001353,Kuni Nayak,COMPLAINANT,0,0,
INC001634,P001441,Javed Shaikh,VICTIM,0,0,
INC001635,P000417,Yogendra Tomar,SUSPECT,1,1,2020-06-20
INC001635,P001235,Deepa Jacob,COMPLAINANT,0,0,
INC001635,P001065,Karthik Raja,VICTIM,0,0,
INC001635,P001041,Hansa Parmar,WITNESS,0,0,
INC001636,P000518,Rukhsana Rahman,ACCUSED,1,1,2024-12-31
INC001636,P000512,Firoz Saifi,ACCUSED,1,1,2025-03-16
INC001636,P000472,Manoj Kashyap,ACCUSED,1,1,2025-01-29
INC001636,P000487,Ashfaq Zaidi,ACCUSED,1,1,2024-09-30
INC001636,P000490,Ashok Verma,ACCUSED,1,1,2025-04-14
INC001636,P001005,Aslam Mansuri,COMPLAINANT,0,0,
INC001636,P001321,Moumita Das,VICTIM,0,0,
INC001637,P000049,Bhavesh Thakor,SUSPECT,1,1,2023-06-28
INC001637,P000029,Ashwin Zala,ACCUSED,1,1,2023-01-18
INC001637,P001145,Pushpalatha Kamath,COMPLAINANT,0,0,
INC001637,P001447,Tanaji Gaikwad,VICTIM,0,0,
INC001637,P001180,Bhanwari Purohit,WITNESS,0,0,
INC001638,P000902,Manjunath Desai,SUSPECT,0,0,
INC001638,P000913,Sandip Bhoir,ACCUSED,1,1,2026-07-08
INC001638,P001500,Salim Qureshi,COMPLAINANT,0,0,
INC001639,P000303,Balbir Yadav,ACCUSED,1,1,2022-03-25
INC001639,P000313,Sanjay Rathore,ACCUSED,0,0,
INC001639,P000354,Shailendra Baghel,ACCUSED,1,1,2022-06-23
INC001639,P000334,Sreenivasan Jacob,ACCUSED,0,0,
INC001639,P000318,Sarfaraz Shaikh,ACCUSED,1,1,2022-08-09
INC001639,P001035,Kartik Barman,COMPLAINANT,0,0,
INC001639,P001119,Anwar Rahman,VICTIM,0,0,
INC001639,P001399,Rachhpal Mann,WITNESS,0,0,
INC001640,P000783,Firoz Siddiqui,SUSPECT,1,1,2026-03-11
INC001640,P000785,Girdhari Saini,ACCUSED,1,1,2026-03-01
INC001640,P000793,Jitendra Baghel,ABSCONDING_ACCUSED,0,0,
INC001640,P001323,Rohini Kamble,COMPLAINANT,0,0,
INC001640,P001035,Kartik Barman,VICTIM,0,0,
INC001641,P000461,Palash Sarkar,ACCUSED,0,0,
INC001641,P000435,Naseer Zaidi,SUSPECT,0,0,
INC001641,P000433,Subhas Naskar,ACCUSED,0,0,
INC001641,P000417,Yogendra Tomar,ACCUSED,0,0,
INC001641,P000434,Ibrahim Khan,SUSPECT,1,0,2021-08-26
INC001641,P001470,Nadeem Shaikh,COMPLAINANT,0,0,
INC001641,P001358,Ravi Patil,VICTIM,0,0,
INC001641,P001181,Shahnaz Khan,WITNESS,0,0,
INC001642,P000773,Shakuntala Nishad,ACCUSED,1,0,2025-10-20
INC001642,P001476,Sandip Patil,COMPLAINANT,0,0,
INC001642,P001315,Laxmi Saini,VICTIM,0,0,
INC001642,P001421,Sukumar Pal,WITNESS,0,0,
INC001643,P000747,Jitendra Bhardwaj,ACCUSED,0,0,
INC001643,P001051,Sandip Dalvi,COMPLAINANT,0,0,
INC001644,P000488,Aslam Ahmed,ACCUSED,1,1,2026-05-21
INC001644,P000472,Manoj Kashyap,ACCUSED,1,1,2026-07-11
INC001644,P000479,Balbir Baghel,ACCUSED,0,0,
INC001644,P000486,Tanveer Khan,ACCUSED,0,0,
INC001644,P000482,Naresh Mishra,ACCUSED,1,0,2026-08-28
INC001644,P000504,Jitendra Solanki,ABSCONDING_ACCUSED,0,0,
INC001644,P000473,Arun Kashyap,ACCUSED,1,1,2026-08-19
INC001644,P001345,Bimal Halder,COMPLAINANT,0,0,
INC001644,P001346,Xavier Coutinho,VICTIM,0,0,
INC001644,P001295,Gautam Barman,WITNESS,0,0,
INC001645,P000942,Rambabu Yadav,ACCUSED,1,1,2023-11-12
INC001645,P001052,Bheru Vyas,COMPLAINANT,0,0,
INC001645,P001031,Mallesh Kumar,VICTIM,0,0,
INC001645,P001161,Rina Pal,WITNESS,0,0,
INC001646,P000355,Randhir Sharma,SUSPECT,0,0,
INC001646,P000298,Baiju Marar,ACCUSED,1,0,2022-05-08
INC001646,P000333,Ketan Dave,ACCUSED,0,0,
INC001646,P000313,Sanjay Rathore,ACCUSED,1,0,2022-03-05
INC001646,P000352,Ramesh Tiwari,ACCUSED,0,0,
INC001646,P000337,Kalpesh Vaghela,ACCUSED,1,1,2022-05-15
INC001646,P000293,Har Prasad Sharma,ACCUSED,1,0,2022-02-13
INC001646,P001114,Ravinder Rao,COMPLAINANT,0,0,
INC001646,P001042,Yusuf Shaikh,VICTIM,0,0,
INC001646,P001042,Yusuf Shaikh,WITNESS,0,0,
INC001647,P000163,Shahnaz Siddiqui,ACCUSED,0,0,
INC001647,P000141,Paramjit Grewal,ACCUSED,1,0,2026-11-25
INC001647,P000107,Mohammed Shaikh,ACCUSED,1,1,2026-12-29
INC001647,P001456,Hanumanthappa Kamath,COMPLAINANT,0,0,
INC001648,P000666,Hariom Bhardwaj,ACCUSED,1,1,2024-06-21
INC001648,P000692,Bimal Halder,ACCUSED,0,0,
INC001648,P000667,Pramod Singh,ACCUSED,0,0,
INC001648,P001172,Swapan Das,COMPLAINANT,0,0,
INC001648,P001397,Bhavesh Thakor,VICTIM,0,0,
INC001649,P000427,Naseer Baig,SUSPECT,0,0,
INC001649,P000421,Yusuf Hussain,ACCUSED,0,0,
INC001649,P000436,Shahnawaz Mirza,ACCUSED,0,0,
INC001649,P000425,Nirmal Chakraborty,ACCUSED,1,1,2023-10-15
INC001649,P000428,Sajid Farooqui,ACCUSED,1,1,2023-10-24
INC001649,P001459,Sujatha Yadav,COMPLAINANT,0,0,
INC001649,P001110,Kamla Chauhan,VICTIM,0,0,
INC001650,P000884,Wasim Mansuri,ACCUSED,0,0,
INC001650,P000887,Anoop Kartha,ABSCONDING_ACCUSED,1,1,2025-10-11
INC001650,P000936,Rajesh Awasthi,ACCUSED,0,0,
INC001650,P001296,Elango Naicker,COMPLAINANT,0,0,
INC001650,P001409,Ashfaq Hussain,VICTIM,0,0,
INC001650,P001247,Wasim Malik,WITNESS,0,0,
INC001651,P000558,Mahesh Kushwaha,ABSCONDING_ACCUSED,0,0,
INC001651,P000553,Vijay Rajput,ACCUSED,0,0,
INC001651,P000555,Dinesh Gupta,ACCUSED,0,0,
INC001651,P001420,Rupa Halder,COMPLAINANT,0,0,
INC001651,P001069,Baljinder Mann,VICTIM,0,0,
INC001652,P000644,Nagaraju Rao,SUSPECT,1,1,2021-08-18
INC001652,P001134,Mangamma Setty,COMPLAINANT,0,0,
INC001652,P001404,Vijaya Setty,VICTIM,0,0,
INC001652,P001213,Sandeep Baghel,WITNESS,0,0,
INC001653,P000973,Shabana Pathan,ACCUSED,0,0,
INC001653,P000889,Shubhangi Naik,ACCUSED,1,1,2024-10-22
INC001653,P000946,Rajni Awasthi,SUSPECT,1,1,2024-08-06
INC001653,P001188,Nasreen Malik,COMPLAINANT,0,0,
INC001653,P001164,Sasmita Rout,VICTIM,0,0,
INC001654,P000739,Har Prasad Gupta,ABSCONDING_ACCUSED,1,1,2022-12-25
INC001654,P001041,Hansa Parmar,COMPLAINANT,0,0,
INC001654,P001207,Sunita Verma,VICTIM,0,0,
INC001655,P000821,Girdhari Rathore,ACCUSED,0,0,
INC001655,P000816,Tarsem Virk,ACCUSED,0,0,
INC001655,P000817,Rachhpal Sandhu,ACCUSED,1,1,2025-09-14
INC001655,P001330,Kumaraswamy Shetty,COMPLAINANT,0,0,
INC001655,P001033,Thangaraj Chettiar,VICTIM,0,0,
INC001655,P001126,Baljinder Brar,WITNESS,0,0,
INC001656,P000875,Yumnam Rabha,SUSPECT,0,0,
INC001656,P001197,Bheru Kumawat,COMPLAINANT,0,0,
INC001656,P001293,Shanti Gupta,VICTIM,0,0,
INC001656,P001295,Gautam Barman,WITNESS,0,0,
INC001657,P000738,Dharmesh Joshi,ACCUSED,0,0,
INC001657,P000744,Hardik Thakor,ABSCONDING_ACCUSED,0,0,
INC001657,P000751,Devendra Maurya,SUSPECT,1,1,2026-08-05
INC001657,P001474,Joseph Almeida,COMPLAINANT,0,0,
INC001658,P000903,Lekhraj Srivastava,ACCUSED,1,1,2024-12-27
INC001658,P000978,Kuldeep Thakur,ABSCONDING_ACCUSED,1,1,2025-03-10
INC001658,P000944,Siddaraju Patil,ACCUSED,0,0,
INC001658,P000918,Deepak Awasthi,ACCUSED,0,0,
INC001658,P001000,Bhagya Angadi,SUSPECT,0,0,
INC001658,P001476,Sandip Patil,COMPLAINANT,0,0,
INC001658,P001148,Kishan Jhala,VICTIM,0,0,
INC001658,P001078,Pramila Munda,WITNESS,0,0,
INC001659,P000272,Abdul Saifi,ABSCONDING_ACCUSED,1,0,2022-09-25
INC001659,P001242,Bhaskar Shinde,COMPLAINANT,0,0,
INC001659,P001147,Nirmal Sarkar,VICTIM,0,0,
INC001660,P000762,Nilesh Shinde,ACCUSED,0,0,
INC001660,P000716,Vaishnavi Kadam,ACCUSED,1,1,2023-12-27
INC001660,P001145,Pushpalatha Kamath,COMPLAINANT,0,0,
INC001660,P001444,Clara Coutinho,VICTIM,0,0,
INC001661,P000727,Vishal More,ACCUSED,1,1,2026-10-10
INC001661,P000734,Bhaskar Kadam,SUSPECT,0,0,
INC001661,P001028,Arun Baghel,COMPLAINANT,0,0,
INC001661,P001239,Yogendra Bhadauria,VICTIM,0,0,
INC001662,P000688,Pradip Ghosh,ACCUSED,1,1,2024-05-14
INC001662,P001314,Jasbir Singh,COMPLAINANT,0,0,
INC001662,P001024,Revathi Thevar,VICTIM,0,0,
INC001663,P000837,Ratan Kumawat,ACCUSED,0,0,
INC001663,P000834,Jasbir Brar,ABSCONDING_ACCUSED,0,0,
INC001663,P001260,Madhuri Salunkhe,COMPLAINANT,0,0,
INC001663,P001181,Shahnaz Khan,VICTIM,0,0,
INC001664,P000721,Munna Kushwaha,ACCUSED,0,0,
INC001664,P000743,Har Prasad Sharma,ABSCONDING_ACCUSED,0,0,
INC001664,P000735,Vipul Parmar,ACCUSED,1,0,2026-09-07
INC001664,P001482,Sujoy Sardar,COMPLAINANT,0,0,
INC001664,P001162,Anitha Achari,VICTIM,0,0,
INC001664,P001154,Nagaraju Bandari,WITNESS,0,0,
INC001665,P000066,Ashfaq Mansuri,ACCUSED,0,0,
INC001665,P001154,Nagaraju Bandari,COMPLAINANT,0,0,
INC001665,P001481,Vaishnavi Gaikwad,VICTIM,0,0,
INC001666,P000565,Devendra Tiwari,SUSPECT,1,0,2021-04-30
INC001666,P000559,Tarsem Singh,ACCUSED,1,1,2021-04-30
INC001666,P001232,Sunil Verma,COMPLAINANT,0,0,
INC001666,P001293,Shanti Gupta,VICTIM,0,0,
INC001666,P001394,Saravanan Gounder,WITNESS,0,0,
INC001667,P000427,Naseer Baig,ACCUSED,1,1,2025-08-20
INC001667,P001347,Sanoop Kartha,COMPLAINANT,0,0,
INC001667,P001336,Swapnil Gaikwad,VICTIM,0,0,
INC001668,P000940,Mitesh Solanki,ACCUSED,1,0,2026-06-18
INC001668,P000886,Rachhpal Grewal,ACCUSED,0,0,
INC001668,P000941,Bhagaban Mallick,ABSCONDING_ACCUSED,1,1,2026-10-12
INC001668,P000929,Nitin Patil,SUSPECT,1,1,2026-11-07
INC001668,P000919,Sreenivasan Achari,ACCUSED,1,1,2026-10-18
INC001668,P000928,Vijay Sengar,ACCUSED,1,1,2026-10-31
INC001668,P000882,Lekhraj Baghel,ACCUSED,0,0,
INC001668,P001276,Arif Pathan,COMPLAINANT,0,0,
INC001668,P001112,Anita Tiwari,VICTIM,0,0,
INC001669,P000627,Amutha Rajendran,ACCUSED,1,1,2022-09-24
INC001669,P000623,Saravanan Pillai,ACCUSED,1,1,2022-04-17
INC001669,P001451,Sindhu Panicker,COMPLAINANT,0,0,
INC001669,P001052,Bheru Vyas,VICTIM,0,0,
INC001669,P001201,Kanta Rathore,WITNESS,0,0,
INC001670,P000985,Arindam Chakraborty,ACCUSED,1,1,2024-11-21
INC001670,P000936,Rajesh Awasthi,ACCUSED,1,1,2024-11-17
INC001670,P000943,Ashfaq Farooqui,ACCUSED,1,0,2024-10-05
INC001670,P000959,Mitesh Rabari,ACCUSED,1,1,2025-03-02
INC001670,P000903,Lekhraj Srivastava,ACCUSED,1,1,2024-09-06
INC001670,P001493,Nitin Jadhav,COMPLAINANT,0,0,
INC001671,P000704,Udaiveer Srivastava,ACCUSED,1,1,2026-08-23
INC001671,P000693,Arun Chauhan,ACCUSED,1,1,2026-07-31
INC001671,P000688,Pradip Ghosh,ACCUSED,1,1,2026-12-07
INC001671,P000701,Pradip Naskar,SUSPECT,0,0,
INC001671,P001073,Rajendran Thevar,COMPLAINANT,0,0,
INC001671,P001242,Bhaskar Shinde,VICTIM,0,0,
INC001671,P001207,Sunita Verma,WITNESS,0,0,
INC001672,P000997,Pradip Majumdar,ACCUSED,0,0,
INC001672,P000884,Wasim Mansuri,ACCUSED,0,0,
INC001672,P000950,Nirmal Sardar,SUSPECT,1,1,2026-03-28
INC001672,P000992,Murugan Annadurai,ABSCONDING_ACCUSED,1,1,2026-01-19
INC001672,P000892,Rakesh Solanki,ABSCONDING_ACCUSED,1,1,2025-11-19
INC001672,P000887,Anoop Kartha,ACCUSED,1,1,2026-04-08
INC001672,P000906,Palanisamy Gounder,ABSCONDING_ACCUSED,1,1,2025-11-06
INC001672,P001405,Nagesh Angadi,COMPLAINANT,0,0,
INC001672,P001042,Yusuf Shaikh,VICTIM,0,0,
INC001672,P001304,Gurpreet Toor,WITNESS,0,0,
INC001673,P000698,Sunil Pandey,ACCUSED,1,1,2026-08-10
INC001673,P000693,Arun Chauhan,ACCUSED,0,0,
INC001673,P000687,Dinesh Prajapati,ACCUSED,0,0,
INC001673,P000694,Gautam Sen,SUSPECT,1,1,2026-05-26
INC001673,P001297,Abdul Mansuri,COMPLAINANT,0,0,
INC001673,P001057,Shanti Rathore,VICTIM,0,0,
INC001673,P001393,Swaroopa Vemula,WITNESS,0,0,
INC001674,P000430,Kartik Halder,ACCUSED,1,1,2020-10-16
INC001674,P001177,Thangaraj Mudaliar,COMPLAINANT,0,0,
INC001674,P001455,Kesar Jhala,VICTIM,0,0,
INC001675,P000137,Paramjit Gill,ACCUSED,1,1,2023-12-10
INC001675,P000112,Rafiq Ansari,ACCUSED,0,0,
INC001675,P000098,Haroon Rahman,ACCUSED,0,0,
INC001675,P001331,Sukumar Pal,COMPLAINANT,0,0,
INC001675,P001354,Sachin Salunkhe,VICTIM,0,0,
INC001676,P000851,Ilango Subramanian,ACCUSED,0,0,
INC001676,P001197,Bheru Kumawat,COMPLAINANT,0,0,
INC001676,P001236,Gopal Chakraborty,VICTIM,0,0,
INC001677,P000115,Nirmal Singh,ACCUSED,1,0,2023-12-04
INC001677,P000093,Wasim Baig,ACCUSED,0,0,
INC001677,P000095,Satnam Bains,ACCUSED,1,0,2023-10-27
INC001677,P001419,Malathi Nadar,COMPLAINANT,0,0,
INC001677,P001128,Mousumi Adhikari,VICTIM,0,0,
INC001677,P001422,Sukhdev Kang,WITNESS,0,0,
INC001678,P000985,Arindam Chakraborty,ACCUSED,1,1,2027-01-02
INC001678,P000980,Manikandan Subramanian,SUSPECT,0,0,
INC001678,P000971,Bimal Adhikari,ACCUSED,0,0,
INC001678,P000958,Bhupendra Srivastava,ABSCONDING_ACCUSED,1,0,2027-01-05
INC001678,P000888,Balwinder Dhaliwal,ACCUSED,1,0,2026-07-10
INC001678,P001304,Gurpreet Toor,COMPLAINANT,0,0,
INC001678,P001314,Jasbir Singh,VICTIM,0,0,
INC001679,P000851,Ilango Subramanian,ACCUSED,1,1,2020-02-25
INC001679,P000854,Bikram Devi,SUSPECT,0,0,
INC001679,P000879,Velu Annadurai,SUSPECT,0,0,
INC001679,P000867,Lekhraj Bhardwaj,ACCUSED,1,1,2020-07-04
INC001679,P000878,Srinivas Bandari,ACCUSED,0,0,
INC001679,P001451,Sindhu Panicker,COMPLAINANT,0,0,
INC001679,P001019,Rubina Pathan,VICTIM,0,0,
INC001680,P000885,Nepal Halder,ACCUSED,1,0,2020-05-23
INC001680,P000991,Nathu Beniwal,ACCUSED,1,0,2020-04-17
INC001680,P000965,Nabam Konyak,ACCUSED,1,1,2020-06-18
INC001680,P000947,Ratheesh Kurup,ACCUSED,1,1,2020-07-09
INC001680,P000897,Pramod Baghel,SUSPECT,0,0,
INC001680,P001070,Nazia Ansari,COMPLAINANT,0,0,
INC001680,P001255,Arun Kushwaha,VICTIM,0,0,
INC001681,P000962,Divyesh Bhatt,ACCUSED,0,0,
INC001681,P000909,Balwinder Sidhu,ACCUSED,0,0,
INC001681,P000896,Aslam Khan,ACCUSED,1,1,2026-07-19
INC001681,P000964,Kiran Waghmare,ACCUSED,1,1,2026-11-02
INC001681,P001460,Nilesh Jadhav,COMPLAINANT,0,0,
INC001681,P001112,Anita Tiwari,WITNESS,0,0,
INC001682,P000352,Ramesh Tiwari,ACCUSED,1,1,2021-03-06
INC001682,P001416,Kannan Pillai,COMPLAINANT,0,0,
INC001682,P001391,Ramkali Prajapati,VICTIM,0,0,
INC001683,P000382,Mallikarjun Rai,ACCUSED,0,0,
INC001683,P000368,Dinesh Rathore,ACCUSED,1,0,2026-07-09
INC001683,P000409,Sanjay Nagar,ABSCONDING_ACCUSED,0,0,
INC001683,P001108,Nirmala Maurya,COMPLAINANT,0,0,
INC001683,P001098,Kuldeep Cheema,VICTIM,0,0,
INC001683,P001021,Priyanka Gaikwad,WITNESS,0,0,
INC001684,P000843,Ranveer Kumawat,ACCUSED,1,1,2024-08-18
INC001684,P000845,Yogendra Saini,ACCUSED,1,0,2024-06-07
INC001684,P001017,Meena Awasthi,COMPLAINANT,0,0,
INC001684,P001302,Manoj Marar,VICTIM,0,0,
INC001685,P000279,Bhupendra Awasthi,ABSCONDING_ACCUSED,1,0,2025-04-24
INC001685,P000234,Faizan Shaikh,ACCUSED,1,0,2024-12-15
INC001685,P000230,Tapan Sarkar,ACCUSED,1,1,2025-05-05
INC001685,P000203,Palash Gayen,ACCUSED,1,1,2025-03-09
INC001685,P001469,Sandeep Mishra,COMPLAINANT,0,0,
INC001685,P001178,Javed Malik,VICTIM,0,0,
INC001686,P000707,Akshaya Sahoo,ACCUSED,0,0,
INC001686,P000702,Basanta Jena,SUSPECT,1,1,2022-06-14
INC001686,P001270,Meena Jaiswal,COMPLAINANT,0,0,
INC001686,P001429,Arindam Majumdar,VICTIM,0,0,
INC001686,P001093,Farida Siddiqui,WITNESS,0,0,
INC001687,P000912,Ajay Jaiswal,ACCUSED,1,0,2023-10-24
INC001687,P000930,Yallappa Acharya,ACCUSED,0,0,
INC001687,P000986,Venkatesh Setty,ABSCONDING_ACCUSED,1,1,2023-12-01
INC001687,P000940,Mitesh Solanki,ABSCONDING_ACCUSED,0,0,
INC001687,P000991,Nathu Beniwal,SUSPECT,1,1,2023-08-03
INC001687,P000909,Balwinder Sidhu,SUSPECT,1,1,2024-01-30
INC001687,P000882,Lekhraj Baghel,ACCUSED,0,0,
INC001687,P001486,Netrapal Bhardwaj,COMPLAINANT,0,0,
INC001687,P001393,Swaroopa Vemula,VICTIM,0,0,
INC001687,P001203,Nirmal Das,WITNESS,0,0,
INC001688,P000749,Shyamlal Bhardwaj,ACCUSED,0,0,
INC001688,P000747,Jitendra Bhardwaj,ACCUSED,1,1,2026-07-24
INC001688,P000713,Aarti More,ACCUSED,1,1,2026-09-12
INC001688,P000715,Imran Farooqui,ACCUSED,0,0,
INC001688,P001386,Tamilselvi Sundaram,COMPLAINANT,0,0,
INC001688,P001109,Sasmita Sahoo,VICTIM,0,0,
INC001689,P000169,Rukhsana Ahmed,SUSPECT,0,0,
INC001689,P000098,Haroon Rahman,ABSCONDING_ACCUSED,1,0,2026-09-12
INC001689,P001231,Rambabu Pandey,COMPLAINANT,0,0,
INC001689,P001499,Palash Adhikari,WITNESS,0,0,
INC001690,P000580,Nepal Mondal,ACCUSED,0,0,
INC001690,P001423,Vidyawati Verma,COMPLAINANT,0,0,
INC001690,P001455,Kesar Jhala,VICTIM,0,0,
INC001691,P000946,Rajni Awasthi,ACCUSED,1,0,2023-05-28
INC001691,P000921,Reshma Rahman,SUSPECT,1,0,2023-07-21
INC001691,P001313,Kulwant Cheema,COMPLAINANT,0,0,
INC001691,P001394,Saravanan Gounder,VICTIM,0,0,
INC001691,P001285,Farida Qureshi,WITNESS,0,0,
INC001692,P000118,Bikramjit Sidhu,SUSPECT,0,0,
INC001692,P000126,Haroon Baig,ACCUSED,1,0,2025-09-22
INC001692,P000148,Bhanwar Saini,ACCUSED,1,1,2025-11-27
INC001692,P001014,Sanjay Bhadauria,COMPLAINANT,0,0,
INC001692,P001014,Sanjay Bhadauria,VICTIM,0,0,
INC001692,P001476,Sandip Patil,WITNESS,0,0,
INC001693,P000041,Pandurang Bhoir,ACCUSED,1,1,2025-08-25
INC001693,P000088,Sagar Salunkhe,ACCUSED,1,1,2025-07-03
INC001693,P000012,Vishal Shinde,ACCUSED,1,0,2025-11-25
INC001693,P001245,Nirmal Sidhu,COMPLAINANT,0,0,
INC001693,P001142,Suresh Bhardwaj,VICTIM,0,0,
INC001694,P000616,Sudarshan Mallick,ACCUSED,0,0,
INC001694,P000622,Trilochan Mohanty,ACCUSED,1,1,2021-07-10
INC001694,P000614,Rajendran Muthusamy,ACCUSED,0,0,
INC001694,P000628,Vetrivel Gounder,ACCUSED,0,0,
INC001694,P000657,Bhagaban Mohanty,SUSPECT,1,1,2021-12-27
INC001694,P000658,Karthik Annadurai,ACCUSED,1,1,2021-12-06
INC001694,P000620,Saravanan Rajendran,ACCUSED,1,1,2021-10-03
INC001694,P001327,Hanuman Ranawat,COMPLAINANT,0,0,
INC001694,P001428,Sheryl Pereira,VICTIM,0,0,
INC001694,P001166,Bindu Joseph,WITNESS,0,0,
INC001695,P000158,Sarfaraz Siddiqui,SUSPECT,0,0,
INC001695,P000099,Shakeel Pathan,SUSPECT,1,1,2026-10-18
INC001695,P001054,Gopal Mistry,COMPLAINANT,0,0,
INC001695,P001443,Srinivas Varma,VICTIM,0,0,
INC001696,P000314,Praveen Kurup,ACCUSED,0,0,
INC001696,P001369,Pushpalatha Angadi,COMPLAINANT,0,0,
INC001696,P001402,Falguni Bhatt,VICTIM,0,0,
INC001696,P001379,Ajay Chauhan,WITNESS,0,0,
INC001697,P000752,Mitesh Shah,SUSPECT,0,0,
INC001697,P001134,Mangamma Setty,COMPLAINANT,0,0,
INC001697,P001156,Vetrivel Naicker,VICTIM,0,0,
INC001698,P000479,Balbir Baghel,ACCUSED,1,1,2025-03-17
INC001698,P000517,Hariom Sengar,ACCUSED,1,1,2025-08-07
INC001698,P000473,Arun Kashyap,SUSPECT,0,0,
INC001698,P001037,Sindhu Namboothiri,COMPLAINANT,0,0,
INC001698,P001493,Nitin Jadhav,VICTIM,0,0,
INC001699,P000715,Imran Farooqui,SUSPECT,1,0,2025-02-24
INC001699,P000732,Bhaskar Shinde,ABSCONDING_ACCUSED,0,0,
INC001699,P000756,Shakeel Malik,ACCUSED,1,1,2025-05-03
INC001699,P000729,Vinod Bhadauria,ABSCONDING_ACCUSED,0,0,
INC001699,P000722,Ashwin Shah,ACCUSED,1,1,2025-03-07
INC001699,P001072,Manjit Sekhon,COMPLAINANT,0,0,
INC001699,P001026,Lissy Achari,VICTIM,0,0,
INC001699,P001499,Palash Adhikari,WITNESS,0,0,
INC001700,P000413,Selvam Kurup,ABSCONDING_ACCUSED,1,1,2026-05-21
INC001700,P000367,Ilango Annadurai,ACCUSED,0,0,
INC001700,P001034,Bandana Sen,COMPLAINANT,0,0,
INC001700,P001153,Kanta Gurjar,VICTIM,0,0,
INC001701,P000456,Manju Prajapati,SUSPECT,1,1,2023-02-21
INC001701,P000433,Subhas Naskar,ACCUSED,1,1,2023-01-15
INC001701,P001444,Clara Coutinho,COMPLAINANT,0,0,
INC001701,P001418,Dinesh Srivastava,VICTIM,0,0,
INC001702,P000889,Shubhangi Naik,ACCUSED,0,0,
INC001702,P000900,Sagar Bhosale,ACCUSED,1,0,2022-06-14
INC001702,P000884,Wasim Mansuri,ACCUSED,1,1,2022-09-02
INC001702,P000994,Jasbir Virk,ACCUSED,1,1,2022-06-16
INC001702,P000968,Ganesh Pawar,ACCUSED,0,0,
INC001702,P001206,Mukesh Thakur,COMPLAINANT,0,0,
INC001702,P001146,Vidyawati Kushwaha,VICTIM,0,0,
INC001703,P000859,Thangaraj Naicker,ACCUSED,0,0,
INC001703,P000856,Bala Gounder,ABSCONDING_ACCUSED,1,1,2024-02-03
INC001703,P001007,Naseer Saifi,COMPLAINANT,0,0,
INC001703,P001034,Bandana Sen,VICTIM,0,0,
INC001704,P000405,Om Prakash Chauhan,ABSCONDING_ACCUSED,1,1,2024-08-22
INC001704,P000414,Thangaraj Rajendran,SUSPECT,0,0,
INC001704,P001478,Satish Mishra,COMPLAINANT,0,0,
INC001705,P000464,Vinod Rajput,SUSPECT,1,1,2023-05-05
INC001705,P001427,Amol Dalvi,COMPLAINANT,0,0,
INC001705,P001053,Jagmal Purohit,VICTIM,0,0,
INC001706,P000848,Nagaraju Gupta,SUSPECT,1,1,2019-11-12
INC001706,P001158,Saroja Kumar,COMPLAINANT,0,0,
INC001706,P001134,Mangamma Setty,VICTIM,0,0,
INC001706,P001120,Basanta Jena,WITNESS,0,0,
INC001707,P000932,Chandrabhan Baghel,ACCUSED,0,0,
INC001707,P001275,Hanuman Jhala,COMPLAINANT,0,0,
INC001707,P001318,Paresh Solanki,VICTIM,0,0,
INC001707,P001396,Savita Chauhan,WITNESS,0,0,
INC001708,P000494,Yogendra Pandey,ABSCONDING_ACCUSED,1,1,2026-10-15
INC001708,P000485,Pramod Kushwaha,ACCUSED,1,1,2026-10-22
INC001708,P001499,Palash Adhikari,COMPLAINANT,0,0,
INC001708,P001105,Gurpreet Dhaliwal,VICTIM,0,0,
INC001709,P000762,Nilesh Shinde,SUSPECT,1,1,2026-02-12
INC001709,P000763,Randhir Tiwari,SUSPECT,1,0,2025-12-18
INC001709,P000730,Arif Mansuri,ACCUSED,0,0,
INC001709,P000718,Haroon Pathan,SUSPECT,1,1,2026-02-15
INC001709,P001407,Bikash Majumdar,COMPLAINANT,0,0,
INC001709,P001273,Mallesh Naidu,VICTIM,0,0,
INC001709,P001183,Shobha Poojary,WITNESS,0,0,
INC001710,P000315,Paresh Vaghela,ACCUSED,0,0,
INC001710,P001326,Nirmala Rajput,COMPLAINANT,0,0,
INC001710,P001427,Amol Dalvi,VICTIM,0,0,
INC001711,P000345,Praveen Jacob,ACCUSED,0,0,
INC001711,P000312,Anoop Kurup,ACCUSED,0,0,
INC001711,P000351,Shakeel Mirza,ABSCONDING_ACCUSED,0,0,
INC001711,P001180,Bhanwari Purohit,COMPLAINANT,0,0,
INC001711,P001254,Lekhraj Kashyap,VICTIM,0,0,
INC001711,P001184,Mallesh Mudiraj,WITNESS,0,0,
INC001712,P000712,Basanta Panda,ACCUSED,0,0,
INC001712,P000697,Kartik Dutta,ACCUSED,1,0,2023-04-25
INC001712,P001299,Afsana Saifi,COMPLAINANT,0,0,
INC001712,P001137,Poongodi Annadurai,VICTIM,0,0,
INC001712,P001203,Nirmal Das,WITNESS,0,0,
INC001713,P000421,Yusuf Hussain,ACCUSED,1,1,2023-11-08
INC001713,P000451,Munna Chauhan,SUSPECT,0,0,
INC001713,P000436,Shahnawaz Mirza,ACCUSED,1,0,2023-11-24
INC001713,P001097,Nasreen Shaikh,COMPLAINANT,0,0,
INC001713,P001351,Nilesh Trivedi,VICTIM,0,0,
INC001714,P000580,Nepal Mondal,ACCUSED,1,1,2024-07-03
INC001714,P000584,Pradip Sen,SUSPECT,1,1,2024-04-20
INC001714,P000608,Shailendra Sengar,ACCUSED,1,1,2024-05-06
INC001714,P001176,Amutha Pandian,COMPLAINANT,0,0,
INC001714,P001061,Manisha More,VICTIM,0,0,
INC001714,P001398,Sajid Chaudhary,WITNESS,0,0,
INC001715,P000864,Rambabu Goud,SUSPECT,0,0,
INC001715,P000858,Randhir Nishad,ACCUSED,1,1,2024-06-01
INC001715,P001327,Hanuman Ranawat,COMPLAINANT,0,0,
INC001715,P001034,Bandana Sen,VICTIM,0,0,
INC001715,P001465,Afsana Mirza,WITNESS,0,0,
INC001716,P000350,Vipul Chauhan,SUSPECT,0,0,
INC001716,P000324,Nilesh Parmar,ABSCONDING_ACCUSED,0,0,
INC001716,P000309,Jignesh Thakor,ACCUSED,1,0,2019-05-16
INC001716,P001420,Rupa Halder,COMPLAINANT,0,0,
INC001716,P001454,Chitra Kurup,VICTIM,0,0,
INC001717,P000393,Anbu Muthusamy,ACCUSED,1,1,2026-12-25
INC001717,P000358,Prakash Rai,ACCUSED,1,1,2026-12-23
INC001717,P001193,Palash Das,COMPLAINANT,0,0,
INC001718,P000766,Balbir Shukla,SUSPECT,1,0,2025-05-31
INC001718,P000792,Nazia Khan,SUSPECT,0,0,
INC001718,P001204,Kumaraswamy Hegde,COMPLAINANT,0,0,
INC001718,P001350,Arindam Adhikari,VICTIM,0,0,
INC001719,P000696,Jagabandhu Sahoo,ABSCONDING_ACCUSED,1,1,2024-02-27
INC001719,P000683,Sanjib Mistry,SUSPECT,1,1,2024-01-02
INC001719,P001103,Om Prakash Saini,COMPLAINANT,0,0,
INC001719,P001284,Prashant Mhatre,VICTIM,0,0,
INC001720,P000720,Manisha Patil,ACCUSED,1,1,2025-01-14
INC001720,P001093,Farida Siddiqui,COMPLAINANT,0,0,
INC001720,P001192,Kavya Nallamothu,VICTIM,0,0,
INC001721,P000908,Harpreet Sidhu,ABSCONDING_ACCUSED,1,1,2026-05-31
INC001721,P000995,Dinesh Yadav,ACCUSED,1,1,2026-08-05
INC001721,P000983,Rodney Fernandes,SUSPECT,1,0,2026-05-03
INC001721,P000934,Bikash Mistry,ACCUSED,0,0,
INC001721,P000925,Sachin Naik,ACCUSED,1,1,2026-07-03
INC001721,P000944,Siddaraju Patil,ACCUSED,1,1,2026-05-09
INC001721,P000930,Yallappa Acharya,SUSPECT,0,0,
INC001721,P001494,Poonam Sengar,COMPLAINANT,0,0,
INC001721,P001133,Madan Charan,VICTIM,0,0,
INC001721,P001290,Baljit Toor,WITNESS,0,0,
INC001722,P000775,Shakeel Idrisi,SUSPECT,1,1,2025-07-15
INC001722,P000765,Salim Shaikh,ACCUSED,0,0,
INC001722,P000792,Nazia Khan,ACCUSED,1,0,2025-11-10
INC001722,P001127,Vaishali Trivedi,COMPLAINANT,0,0,
INC001722,P001341,Tapasi Chakraborty,VICTIM,0,0,
INC001723,P000039,Sagar Rane,ACCUSED,0,0,
INC001723,P000077,Dharmesh Thakor,ACCUSED,0,0,
INC001723,P001405,Nagesh Angadi,COMPLAINANT,0,0,
INC001723,P001480,Ibrahim Ahmed,VICTIM,0,0,
INC001724,P001000,Bhagya Angadi,SUSPECT,0,0,
INC001724,P001189,Jaswant Brar,COMPLAINANT,0,0,
INC001724,P001263,Priyanka Chavan,VICTIM,0,0,
INC001724,P001153,Kanta Gurjar,WITNESS,0,0,
INC001725,P000506,Urmila Prajapati,ACCUSED,1,0,2025-02-18
INC001725,P000508,Rizwan Ahmed,SUSPECT,1,1,2025-05-25
INC001725,P001224,Bhagwati Bhati,COMPLAINANT,0,0,
INC001725,P001482,Sujoy Sardar,VICTIM,0,0,
INC001725,P001130,Seema Nishad,WITNESS,0,0,
INC001726,P000560,Devendra Bhardwaj,ABSCONDING_ACCUSED,1,1,2026-07-04
INC001726,P000559,Tarsem Singh,SUSPECT,0,0,
INC001726,P001263,Priyanka Chavan,COMPLAINANT,0,0,
INC001726,P001233,Techi Jamir,VICTIM,0,0,
INC001726,P001262,Rajesh Thakur,WITNESS,0,0,
INC001727,P000250,Palash Ghosh,ACCUSED,1,1,2023-07-25
INC001727,P000279,Bhupendra Awasthi,ABSCONDING_ACCUSED,1,1,2023-09-07
INC001727,P001324,Wasim Ahmed,COMPLAINANT,0,0,
INC001727,P001452,Preeti Tomar,VICTIM,0,0,
INC001728,P000741,Trupti Parmar,ACCUSED,0,0,
INC001728,P000761,Mahesh Pandey,ACCUSED,1,0,2026-10-19
INC001728,P000748,Divyesh Desai,ACCUSED,0,0,
INC001728,P000722,Ashwin Shah,ACCUSED,0,0,
INC001728,P000739,Har Prasad Gupta,ACCUSED,0,0,
INC001728,P000724,Pandurang Naik,SUSPECT,0,0,
INC001728,P000747,Jitendra Bhardwaj,ACCUSED,1,1,2026-08-12
INC001728,P001203,Nirmal Das,COMPLAINANT,0,0,
INC001728,P001358,Ravi Patil,VICTIM,0,0,
INC001729,P000736,Sunil Yadav,ACCUSED,1,0,2026-04-05
INC001729,P000742,Smita Sawant,ACCUSED,1,1,2026-08-02
INC001729,P000750,Nadeem Khan,ABSCONDING_ACCUSED,1,0,2026-07-20
INC001729,P001311,Jyotsna Patil,COMPLAINANT,0,0,
INC001729,P001174,Shahnawaz Khan,VICTIM,0,0,
INC001729,P001077,Chhaya Adhikari,WITNESS,0,0,
INC001730,P000992,Murugan Annadurai,SUSPECT,1,0,2023-10-24
INC001730,P001045,Vidyawati Rathore,COMPLAINANT,0,0,
INC001730,P001169,Seema Bhadauria,VICTIM,0,0,
INC001730,P001149,Savita Awasthi,WITNESS,0,0,
INC001731,P000378,Malathi Raja,SUSPECT,1,1,2020-08-30
INC001731,P001428,Sheryl Pereira,COMPLAINANT,0,0,
INC001731,P001295,Gautam Barman,VICTIM,0,0,
INC001732,P000715,Imran Farooqui,ACCUSED,1,1,2025-11-21
INC001732,P000758,Ibrahim Shaikh,ACCUSED,1,1,2026-01-17
INC001732,P000732,Bhaskar Shinde,ACCUSED,0,0,
INC001732,P000733,Kalpesh Solanki,ACCUSED,1,1,2026-01-10
INC001732,P000761,Mahesh Pandey,SUSPECT,1,1,2025-11-18
INC001732,P001387,Arun Yadav,COMPLAINANT,0,0,
INC001732,P001009,Balbir Prajapati,WITNESS,0,0,
INC001733,P000682,Rupa Das,ACCUSED,1,1,2026-08-14
INC001733,P000704,Udaiveer Srivastava,SUSPECT,0,0,
INC001733,P000675,Naresh Shukla,ACCUSED,1,1,2026-06-03
INC001733,P001164,Sasmita Rout,COMPLAINANT,0,0,
INC001733,P001284,Prashant Mhatre,VICTIM,0,0,
INC001734,P000125,Sarfaraz Idrisi,ACCUSED,0,0,
INC001734,P000165,Nadeem Chaudhary,ACCUSED,1,1,2020-12-16
INC001734,P000143,Nadeem Khan,ACCUSED,0,0,
INC001734,P001253,Mousumi Ghosh,COMPLAINANT,0,0,
INC001734,P001459,Sujatha Yadav,VICTIM,0,0,
INC001735,P000841,Paramjit Virk,ACCUSED,0,0,
INC001735,P000805,Ranveer Beniwal,ACCUSED,1,0,2026-06-05
INC001735,P000823,Harpreet Brar,ACCUSED,1,1,2026-11-19
INC001735,P001100,Revathi Muthusamy,COMPLAINANT,0,0,
INC001735,P001225,Reshma Idrisi,VICTIM,0,0,
INC001736,P000808,Sunil Sengar,ABSCONDING_ACCUSED,1,1,2024-01-30
INC001736,P000833,Sukhdev Singh,ACCUSED,1,1,2023-12-27
INC001736,P000818,Gopal Saini,SUSPECT,1,0,2024-01-24
INC001736,P001331,Sukumar Pal,COMPLAINANT,0,0,
INC001736,P001187,Bhagaban Pradhan,VICTIM,0,0,
INC001737,P000708,Rabindra Nayak,SUSPECT,1,1,2021-01-21
INC001737,P000691,Arun Gupta,ACCUSED,0,0,
INC001737,P001304,Gurpreet Toor,COMPLAINANT,0,0,
INC001737,P001366,Sasmita Barik,VICTIM,0,0,
INC001738,P000158,Sarfaraz Siddiqui,ABSCONDING_ACCUSED,1,1,2024-04-29
INC001738,P000128,Jasbir Kang,SUSPECT,1,1,2024-02-07
INC001738,P001438,Mallesh Rao,COMPLAINANT,0,0,
INC001738,P001014,Sanjay Bhadauria,VICTIM,0,0,
INC001738,P001261,Sabitri Adhikari,WITNESS,0,0,
INC001739,P000997,Pradip Majumdar,ACCUSED,1,0,2024-05-17
INC001739,P001328,Sanoop Joseph,COMPLAINANT,0,0,
INC001739,P001189,Jaswant Brar,VICTIM,0,0,
INC001740,P000785,Girdhari Saini,ACCUSED,1,1,2025-02-16
INC001740,P000786,Shailendra Sharma,ACCUSED,1,1,2025-07-15
INC001740,P001066,Shibu Thomas,COMPLAINANT,0,0,
INC001740,P001448,Reshma Chaudhary,VICTIM,0,0,
INC001740,P001166,Bindu Joseph,WITNESS,0,0,
INC001741,P000478,Triloki Tiwari,ACCUSED,1,0,2027-01-10
INC001741,P000493,Yusuf Saifi,ABSCONDING_ACCUSED,0,0,
INC001741,P001055,Mushtaq Idrisi,COMPLAINANT,0,0,
INC001741,P001014,Sanjay Bhadauria,VICTIM,0,0,
INC001741,P001014,Sanjay Bhadauria,WITNESS,0,0,
INC001742,P000114,Gayatri Jat,SUSPECT,0,0,
INC001742,P000157,Devi Lal Godara,ACCUSED,0,0,
INC001742,P000110,Iqbal Pathan,ACCUSED,0,0,
INC001742,P001466,Afsana Shaikh,COMPLAINANT,0,0,
INC001742,P001056,Sunil Jaiswal,VICTIM,0,0,
INC001743,P000896,Aslam Khan,ACCUSED,1,0,2024-09-26
INC001743,P000886,Rachhpal Grewal,SUSPECT,1,0,2025-01-24
INC001743,P000978,Kuldeep Thakur,ACCUSED,1,0,2025-02-01
INC001743,P001138,Rajwinder Mann,COMPLAINANT,0,0,
INC001743,P001223,Balaraju Reddy,VICTIM,0,0,
INC001744,P000521,Vijay Bhadauria,ACCUSED,0,0,
INC001744,P000564,Wasim Khan,SUSPECT,0,0,
INC001744,P001414,Sujoy Bose,COMPLAINANT,0,0,
INC001744,P001093,Farida Siddiqui,VICTIM,0,0,
INC001744,P001378,Palanisamy Subramanian,WITNESS,0,0,
INC001745,P000187,Naresh Jaiswal,ACCUSED,1,1,2024-02-24
INC001745,P001241,Gautam Naskar,COMPLAINANT,0,0,
INC001745,P001095,Meena Nagar,VICTIM,0,0,
INC001745,P001145,Pushpalatha Kamath,WITNESS,0,0,
INC001746,P000535,Om Prakash Bhardwaj,ABSCONDING_ACCUSED,1,1,2026-10-19
INC001746,P000549,Tanveer Rahman,ABSCONDING_ACCUSED,0,0,
INC001746,P000555,Dinesh Gupta,ACCUSED,1,0,2026-08-02
INC001746,P001350,Arindam Adhikari,COMPLAINANT,0,0,
INC001746,P001268,Deepa Warrier,VICTIM,0,0,
INC001746,P001159,Rina Biswas,WITNESS,0,0,
INC001747,P000626,Murugan Muthusamy,ACCUSED,0,0,
INC001747,P000625,Perumal Sundaram,ACCUSED,1,0,2019-07-01
INC001747,P001499,Palash Adhikari,COMPLAINANT,0,0,
INC001747,P001183,Shobha Poojary,VICTIM,0,0,
INC001748,P000904,Bhagaban Patra,SUSPECT,1,0,2025-09-03
INC001748,P000978,Kuldeep Thakur,ACCUSED,0,0,
INC001748,P000896,Aslam Khan,ACCUSED,1,1,2025-10-14
INC001748,P000951,Nathu Ranawat,SUSPECT,0,0,
INC001748,P001120,Basanta Jena,COMPLAINANT,0,0,
INC001748,P001267,Reshma Zaidi,VICTIM,0,0,
INC001749,P000847,Yumnam Marak,ACCUSED,1,1,2023-12-26
INC001749,P000869,Selvam Subramanian,ACCUSED,1,0,2023-12-07
INC001749,P001179,Chhagan Chouhan,COMPLAINANT,0,0,
INC001749,P001065,Karthik Raja,VICTIM,0,0,
INC001749,P001286,Poonam Kushwaha,WITNESS,0,0,
INC001750,P000523,Triloki Shukla,ACCUSED,1,0,2023-01-27
INC001750,P001495,Satish Verma,COMPLAINANT,0,0,
INC001750,P001362,Tapasi Sen,VICTIM,0,0,
INC001750,P001179,Chhagan Chouhan,WITNESS,0,0,
INC001751,P000383,Balbir Yadav,ACCUSED,1,1,2026-06-18
INC001751,P000364,Jitendra Prajapati,ACCUSED,1,1,2026-09-11
INC001751,P000397,Selvam Gounder,ACCUSED,0,0,
INC001751,P001170,Hansa Dave,COMPLAINANT,0,0,
INC001751,P001292,Rachna Mishra,VICTIM,0,0,
INC001752,P000763,Randhir Tiwari,ACCUSED,0,0,
INC001752,P000729,Vinod Bhadauria,ACCUSED,0,0,
INC001752,P000715,Imran Farooqui,ACCUSED,1,1,2026-11-02
INC001752,P000713,Aarti More,ABSCONDING_ACCUSED,1,1,2026-05-11
INC001752,P000717,Hitesh Zala,ACCUSED,0,0,
INC001752,P000730,Arif Mansuri,ACCUSED,1,0,2026-10-16
INC001752,P000758,Ibrahim Shaikh,SUSPECT,1,1,2026-07-17
INC001752,P001112,Anita Tiwari,COMPLAINANT,0,0,
INC001752,P001264,Karni Rathore,VICTIM,0,0,
INC001753,P000719,Yusuf Khan,ACCUSED,1,1,2026-07-04
INC001753,P001269,Hanumanthappa Chikkanna,COMPLAINANT,0,0,
INC001753,P001305,Anwar Chaudhary,VICTIM,0,0,
INC001754,P000727,Vishal More,ACCUSED,0,0,
INC001754,P000723,Ketan Prajapati,ACCUSED,1,1,2021-11-22
INC001754,P000755,Nilesh Bhoir,ACCUSED,1,0,2021-12-18
INC001754,P001423,Vidyawati Verma,COMPLAINANT,0,0,
INC001754,P001109,Sasmita Sahoo,VICTIM,0,0,
INC001755,P000545,Abdul Alam,ACCUSED,1,0,2026-02-11
INC001755,P000552,Manju Yadav,SUSPECT,0,0,
INC001755,P000520,Simranjit Bains,ACCUSED,1,1,2026-03-04
INC001755,P000558,Mahesh Kushwaha,ACCUSED,0,0,
INC001755,P001046,Shakeel Ahmed,COMPLAINANT,0,0,
INC001755,P001398,Sajid Chaudhary,VICTIM,0,0,
INC001755,P001088,Prabhakar Mudiraj,WITNESS,0,0,
INC001756,P000797,Imran Ahmed,ABSCONDING_ACCUSED,1,0,2026-06-27
INC001756,P000788,Rafiq Malik,SUSPECT,1,1,2026-02-02
INC001756,P000785,Girdhari Saini,ACCUSED,1,1,2026-06-09
INC001756,P001427,Amol Dalvi,COMPLAINANT,0,0,
INC001756,P001342,Prakash Patil,VICTIM,0,0,
INC001756,P001048,Prabhakar Mudiraj,WITNESS,0,0,
INC001757,P000402,Sanjay Dubey,SUSPECT,0,0,
INC001757,P000415,Vinod Thakur,ACCUSED,0,0,
INC001757,P000392,Palanisamy Raja,ABSCONDING_ACCUSED,1,0,2022-09-22
INC001757,P000398,Girish Hiremath,ACCUSED,1,1,2022-09-09
INC001757,P000414,Thangaraj Rajendran,ACCUSED,0,0,
INC001757,P001452,Preeti Tomar,COMPLAINANT,0,0,
INC001757,P001317,Rafiq Khan,VICTIM,0,0,
INC001758,P000846,Mahesh Shukla,ABSCONDING_ACCUSED,1,0,2024-06-04
INC001758,P001298,Harpreet Toor,COMPLAINANT,0,0,
INC001758,P001350,Arindam Adhikari,VICTIM,0,0,
INC001758,P001080,Sukumar Pal,WITNESS,0,0,
INC001759,P000995,Dinesh Yadav,ACCUSED,0,0,
INC001759,P000973,Shabana Pathan,SUSPECT,0,0,
INC001759,P000992,Murugan Annadurai,SUSPECT,1,1,2025-04-10
INC001759,P001471,Sudarshan Swain,COMPLAINANT,0,0,
INC001759,P001388,Haroon Rahman,VICTIM,0,0,
INC001759,P001483,Udaiveer Sengar,WITNESS,0,0,
INC001760,P000787,Shabana Mirza,SUSPECT,1,1,2022-05-02
INC001760,P000778,Shakeel Malik,ABSCONDING_ACCUSED,1,1,2021-12-14
INC001760,P000790,Deepak Bhardwaj,ACCUSED,1,1,2022-01-20
INC001760,P000795,Zubair Chaudhary,ACCUSED,1,1,2022-01-09
INC001760,P001226,Lalthanga Debbarma,COMPLAINANT,0,0,
INC001760,P001198,Iqbal Hussain,VICTIM,0,0,
INC001761,P000430,Kartik Halder,ACCUSED,0,0,
INC001761,P000448,Gautam Majumdar,ACCUSED,1,1,2024-07-22
INC001761,P000420,Shahnawaz Hussain,SUSPECT,0,0,
INC001761,P001419,Malathi Nadar,COMPLAINANT,0,0,
INC001761,P001116,Padma Reddy,VICTIM,0,0,
INC001761,P001443,Srinivas Varma,WITNESS,0,0,
INC001762,P000847,Yumnam Marak,ACCUSED,0,0,
INC001762,P000850,Nagaraju Nallamothu,ACCUSED,1,0,2024-11-25
INC001762,P000868,Satish Maurya,ACCUSED,1,0,2024-12-08
INC001762,P001220,Nagaratna Kamath,COMPLAINANT,0,0,
INC001762,P001198,Iqbal Hussain,VICTIM,0,0,
INC001762,P001313,Kulwant Cheema,WITNESS,0,0,
INC001763,P000706,Balbir Baghel,SUSPECT,1,1,2025-03-18
INC001763,P000710,Sujoy Bhattacharya,ACCUSED,1,1,2025-01-30
INC001763,P000693,Arun Chauhan,SUSPECT,1,1,2024-11-10
INC001763,P000668,Sarat Rout,ABSCONDING_ACCUSED,1,0,2025-01-18
INC001763,P000680,Prakash Dubey,SUSPECT,1,0,2025-04-02
INC001763,P001333,Aparna Sardar,COMPLAINANT,0,0,
INC001763,P001443,Srinivas Varma,VICTIM,0,0,
INC001763,P001177,Thangaraj Mudaliar,WITNESS,0,0,
INC001764,P000333,Ketan Dave,ACCUSED,0,0,
INC001764,P000330,Wasim Rahman,SUSPECT,1,1,2026-06-19
INC001764,P000350,Vipul Chauhan,ACCUSED,0,0,
INC001764,P000331,Shakeel Ansari,ACCUSED,1,1,2026-05-16
INC001764,P001379,Ajay Chauhan,COMPLAINANT,0,0,
INC001764,P001100,Revathi Muthusamy,VICTIM,0,0,
INC001765,P000964,Kiran Waghmare,ACCUSED,0,0,
INC001765,P000916,Anil Gupta,ACCUSED,1,0,2026-02-15
INC001765,P001220,Nagaratna Kamath,COMPLAINANT,0,0,
INC001765,P001004,Manjunath Bhat,VICTIM,0,0,
INC001765,P001054,Gopal Mistry,WITNESS,0,0,
INC001766,P000945,Bhaskar Dalvi,ACCUSED,0,0,
INC001766,P001389,Kishan Shekhawat,COMPLAINANT,0,0,
INC001766,P001253,Mousumi Ghosh,VICTIM,0,0,
INC001767,P000503,Kavita Nishad,ACCUSED,0,0,
INC001767,P000479,Balbir Baghel,ACCUSED,1,1,2024-02-02
INC001767,P000504,Jitendra Solanki,SUSPECT,0,0,
INC001767,P000489,Jitendra Mishra,SUSPECT,1,0,2023-09-19
INC001767,P000482,Naresh Mishra,ACCUSED,1,0,2024-04-01
INC001767,P001040,Girish Kamath,COMPLAINANT,0,0,
INC001767,P001262,Rajesh Thakur,VICTIM,0,0,
INC001767,P001347,Sanoop Kartha,WITNESS,0,0,
INC001768,P000454,Gautam Halder,ACCUSED,1,1,2025-03-29
INC001768,P000429,Tapan Biswas,ACCUSED,1,0,2024-10-23
INC001768,P000420,Shahnawaz Hussain,ACCUSED,0,0,
INC001768,P001040,Girish Kamath,COMPLAINANT,0,0,
INC001768,P001323,Rohini Kamble,VICTIM,0,0,
INC001768,P001451,Sindhu Panicker,WITNESS,0,0,
INC001769,P000766,Balbir Shukla,ACCUSED,0,0,
INC001769,P000771,Chandrabhan Bhardwaj,ACCUSED,1,1,2023-07-13
INC001769,P001140,Ramkali Gupta,COMPLAINANT,0,0,
INC001769,P001383,Debashish Halder,VICTIM,0,0,
INC001769,P001231,Rambabu Pandey,WITNESS,0,0,
INC001770,P000877,Palanisamy Annadurai,ACCUSED,0,0,
INC001770,P001192,Kavya Nallamothu,COMPLAINANT,0,0,
INC001770,P001042,Yusuf Shaikh,VICTIM,0,0,
INC001771,P000445,Kartik Das,ACCUSED,0,0,
INC001771,P000464,Vinod Rajput,ACCUSED,1,1,2026-03-10
INC001771,P000429,Tapan Biswas,ACCUSED,1,0,2026-07-08
INC001771,P000421,Yusuf Hussain,SUSPECT,0,0,
INC001771,P001412,Savita Saini,COMPLAINANT,0,0,
INC001771,P001362,Tapasi Sen,VICTIM,0,0,
INC001771,P001473,Shabana Qureshi,WITNESS,0,0,
INC001772,P000983,Rodney Fernandes,SUSPECT,0,0,
INC001772,P000992,Murugan Annadurai,SUSPECT,0,0,
INC001772,P000985,Arindam Chakraborty,ACCUSED,0,0,
INC001772,P000947,Ratheesh Kurup,ACCUSED,1,1,2024-10-25
INC001772,P001257,Vaishnavi Bhoir,COMPLAINANT,0,0,
INC001772,P001061,Manisha More,VICTIM,0,0,
INC001773,P000160,Rachhpal Singh,ACCUSED,0,0,
INC001773,P000140,Bhanwari Jat,ACCUSED,1,1,2025-11-10
INC001773,P000157,Devi Lal Godara,ABSCONDING_ACCUSED,1,0,2025-08-18
INC001773,P000174,Ranveer Gurjar,ACCUSED,0,0,
INC001773,P000122,Karni Bishnoi,ACCUSED,0,0,
INC001773,P001431,Chandra Shekar Reddy,COMPLAINANT,0,0,
INC001773,P001072,Manjit Sekhon,WITNESS,0,0,
INC001774,P000889,Shubhangi Naik,ACCUSED,1,1,2025-08-05
INC001774,P000975,Rajwinder Sidhu,ABSCONDING_ACCUSED,1,1,2025-08-21
INC001774,P001085,Alpesh Chauhan,COMPLAINANT,0,0,
INC001774,P001349,Jaswant Sarao,VICTIM,0,0,
INC001774,P001052,Bheru Vyas,WITNESS,0,0,
INC001775,P000462,Kuldeep Pandey,ACCUSED,1,1,2021-02-16
INC001775,P000417,Yogendra Tomar,ABSCONDING_ACCUSED,1,0,2021-02-06
INC001775,P000440,Swapan Gayen,ACCUSED,0,0,
INC001775,P000438,Kartik Bose,ACCUSED,0,0,
INC001775,P001322,Vasanthi Muthusamy,COMPLAINANT,0,0,
INC001775,P001199,Sunil Chauhan,VICTIM,0,0,
INC001775,P001476,Sandip Patil,WITNESS,0,0,
INC001776,P000869,Selvam Subramanian,SUSPECT,0,0,
INC001776,P000849,Bikram Sangma,ACCUSED,1,1,2025-03-21
INC001776,P001286,Poonam Kushwaha,COMPLAINANT,0,0,
INC001776,P001180,Bhanwari Purohit,VICTIM,0,0,
INC001777,P000141,Paramjit Grewal,ACCUSED,1,1,2020-05-17
INC001777,P000108,Ranveer Kumawat,ACCUSED,0,0,
INC001777,P001117,Sabita Mohanty,COMPLAINANT,0,0,
INC001777,P001062,Ranjit Kang,VICTIM,0,0,
INC001778,P000334,Sreenivasan Jacob,ACCUSED,1,1,2022-05-30
INC001778,P001051,Sandip Dalvi,COMPLAINANT,0,0,
INC001778,P001185,Peter Lobo,VICTIM,0,0,
INC001779,P000971,Bimal Adhikari,ACCUSED,1,1,2026-01-06
INC001779,P000935,Bhanwar Charan,ACCUSED,1,0,2026-06-02
INC001779,P000912,Ajay Jaiswal,ACCUSED,1,0,2026-01-23
INC001779,P000957,Harjinder Sekhon,ACCUSED,1,1,2026-03-17
INC001779,P000897,Pramod Baghel,ACCUSED,0,0,
INC001779,P001154,Nagaraju Bandari,COMPLAINANT,0,0,
INC001779,P001076,Bikash Naskar,VICTIM,0,0,
INC001780,P000729,Vinod Bhadauria,ACCUSED,1,1,2025-04-12
INC001780,P000750,Nadeem Khan,ACCUSED,1,1,2025-06-10
INC001780,P001494,Poonam Sengar,COMPLAINANT,0,0,
INC001780,P001452,Preeti Tomar,VICTIM,0,0,
INC001781,P000500,Wasim Rahman,ACCUSED,1,1,2022-05-16
INC001781,P000497,Prakash Thakur,ABSCONDING_ACCUSED,1,1,2022-05-14
INC001781,P000486,Tanveer Khan,SUSPECT,0,0,
INC001781,P001232,Sunil Verma,COMPLAINANT,0,0,
INC001781,P001151,Rizwan Pathan,VICTIM,0,0,
INC001781,P001464,Sathish Sharma,WITNESS,0,0,
INC001782,P000716,Vaishnavi Kadam,SUSPECT,0,0,
INC001782,P000762,Nilesh Shinde,ACCUSED,0,0,
INC001782,P000747,Jitendra Bhardwaj,SUSPECT,0,0,
INC001782,P000763,Randhir Tiwari,ACCUSED,0,0,
INC001782,P001401,Aparna Gayen,COMPLAINANT,0,0,
INC001782,P001383,Debashish Halder,VICTIM,0,0,
INC001782,P001009,Balbir Prajapati,WITNESS,0,0,
INC001783,P000740,Faizan Baig,ACCUSED,1,0,2026-10-12
INC001783,P000718,Haroon Pathan,ACCUSED,0,0,
INC001783,P001431,Chandra Shekar Reddy,COMPLAINANT,0,0,
INC001783,P001317,Rafiq Khan,VICTIM,0,0,
INC001783,P001142,Suresh Bhardwaj,WITNESS,0,0,
INC001784,P000861,Balbir Yadav,ACCUSED,0,0,
INC001784,P000875,Yumnam Rabha,ACCUSED,0,0,
INC001784,P000863,Lalthanga Momin,ABSCONDING_ACCUSED,0,0,
INC001784,P000860,Chandra Shekar Choudary,ACCUSED,1,1,2024-05-21
INC001784,P000850,Nagaraju Nallamothu,ABSCONDING_ACCUSED,0,0,
INC001784,P001131,Harjinder Bajwa,COMPLAINANT,0,0,
INC001784,P001044,Faizan Ansari,VICTIM,0,0,
INC001785,P000750,Nadeem Khan,ACCUSED,0,0,
INC001785,P000749,Shyamlal Bhardwaj,ACCUSED,1,1,2023-04-19
INC001785,P000719,Yusuf Khan,ABSCONDING_ACCUSED,1,1,2023-07-27
INC001785,P000715,Imran Farooqui,ABSCONDING_ACCUSED,1,1,2023-07-12
INC001785,P001494,Poonam Sengar,COMPLAINANT,0,0,
INC001785,P001167,Palanisamy Nadar,VICTIM,0,0,
INC001785,P001072,Manjit Sekhon,WITNESS,0,0,
INC001786,P000555,Dinesh Gupta,ACCUSED,1,0,2022-05-11
INC001786,P000543,Shahnawaz Mansuri,SUSPECT,0,0,
INC001786,P000564,Wasim Khan,SUSPECT,1,1,2022-03-18
INC001786,P001202,Swapnil Kamble,COMPLAINANT,0,0,
INC001786,P001383,Debashish Halder,VICTIM,0,0,
INC001787,P000792,Nazia Khan,ACCUSED,1,0,2025-08-13
INC001787,P000774,Naseer Farooqui,ACCUSED,1,1,2025-06-11
INC001787,P000786,Shailendra Sharma,ACCUSED,1,1,2025-08-04
INC001787,P000799,Shakeel Pathan,ACCUSED,1,1,2025-07-26
INC001787,P000772,Abdul Chaudhary,SUSPECT,1,1,2025-07-04
INC001787,P001038,Charanjit Kang,COMPLAINANT,0,0,
INC001787,P001399,Rachhpal Mann,VICTIM,0,0,
INC001788,P000009,Sandip Rane,ACCUSED,1,1,2026-02-17
INC001788,P000089,Tushar Parmar,ACCUSED,1,1,2026-02-12
INC001788,P000058,Alpesh Shah,SUSPECT,1,0,2026-01-21
INC001788,P001189,Jaswant Brar,COMPLAINANT,0,0,
INC001788,P001082,Shakeel Shaikh,VICTIM,0,0,
INC001788,P001082,Shakeel Shaikh,WITNESS,0,0,
INC001789,P000973,Shabana Pathan,ACCUSED,1,1,2026-05-26
INC001789,P000940,Mitesh Solanki,ACCUSED,0,0,
INC001789,P001020,Mallesh Yadav,COMPLAINANT,0,0,
INC001789,P001221,Rodney Almeida,VICTIM,0,0,
INC001789,P001464,Sathish Sharma,WITNESS,0,0,
INC001790,P000515,Mahesh Chauhan,ABSCONDING_ACCUSED,1,0,2021-09-14
INC001790,P000496,Har Prasad Rajput,ACCUSED,1,1,2021-10-25
INC001790,P000481,Sajid Mansuri,ACCUSED,0,0,
INC001790,P001431,Chandra Shekar Reddy,COMPLAINANT,0,0,
INC001790,P001305,Anwar Chaudhary,VICTIM,0,0,
INC001790,P001288,Chhaya Bose,WITNESS,0,0,
INC001791,P000310,Anwar Alam,ACCUSED,1,1,2022-08-29
INC001791,P000337,Kalpesh Vaghela,ACCUSED,1,1,2022-10-04
INC001791,P001428,Sheryl Pereira,COMPLAINANT,0,0,
INC001791,P001432,Shanti Verma,VICTIM,0,0,
INC001791,P001095,Meena Nagar,WITNESS,0,0,
INC001792,P000472,Manoj Kashyap,ABSCONDING_ACCUSED,0,0,
INC001792,P000515,Mahesh Chauhan,ABSCONDING_ACCUSED,1,1,2025-04-17
INC001792,P000477,Tanveer Farooqui,ACCUSED,0,0,
INC001792,P000478,Triloki Tiwari,ABSCONDING_ACCUSED,0,0,
INC001792,P001443,Srinivas Varma,COMPLAINANT,0,0,
INC001792,P001413,Nilesh Deshmukh,VICTIM,0,0,
INC001793,P000684,Sunil Verma,ACCUSED,0,0,
INC001793,P000669,Tapan Naskar,ACCUSED,0,0,
INC001793,P001303,Naresh Baghel,COMPLAINANT,0,0,
INC001793,P001173,Sarla Vyas,VICTIM,0,0,
INC001794,P000386,Thangaraj Naicker,SUSPECT,0,0,
INC001794,P000387,Selvam Naicker,ACCUSED,1,1,2021-06-28
INC001794,P000383,Balbir Yadav,ABSCONDING_ACCUSED,0,0,
INC001794,P000380,Rajendran Gounder,ACCUSED,0,0,
INC001794,P001064,Aarti More,COMPLAINANT,0,0,
INC001794,P001233,Techi Jamir,VICTIM,0,0,
INC001795,P000417,Yogendra Tomar,ACCUSED,1,1,2025-04-03
INC001795,P000467,Firoz Rahman,ACCUSED,1,1,2024-12-07
INC001795,P000464,Vinod Rajput,SUSPECT,1,1,2025-05-05
INC001795,P000471,Swapan Dutta,SUSPECT,1,0,2025-04-19
INC001795,P001109,Sasmita Sahoo,COMPLAINANT,0,0,
INC001795,P001128,Mousumi Adhikari,VICTIM,0,0,
INC001795,P001248,Basanti Jena,WITNESS,0,0,
INC001796,P000946,Rajni Awasthi,ACCUSED,1,1,2025-02-26
INC001796,P001000,Bhagya Angadi,SUSPECT,1,0,2025-01-24
INC001796,P000912,Ajay Jaiswal,ACCUSED,0,0,
INC001796,P001230,Lakshmi Mudiraj,COMPLAINANT,0,0,
INC001796,P001271,Jayan Namboothiri,VICTIM,0,0,
INC001796,P001062,Ranjit Kang,WITNESS,0,0,
INC001797,P000342,Rasik Mehta,SUSPECT,0,0,
INC001797,P001458,Sanjib Sarkar,COMPLAINANT,0,0,
INC001797,P001269,Hanumanthappa Chikkanna,VICTIM,0,0,
INC001798,P000808,Sunil Sengar,SUSPECT,1,1,2026-05-14
INC001798,P000824,Gopal Beniwal,ACCUSED,1,1,2026-09-04
INC001798,P000802,Kishan Jat,ACCUSED,0,0,
INC001798,P000828,Harjinder Kang,ACCUSED,1,1,2026-06-06
INC001798,P001030,Aruna Mudiraj,COMPLAINANT,0,0,
INC001798,P001058,Ravichandran Pillai,VICTIM,0,0,
INC001798,P001122,Nazia Ahmed,WITNESS,0,0,
INC001799,P000934,Bikash Mistry,SUSPECT,1,1,2021-03-27
INC001799,P001165,Harbhajan Bains,COMPLAINANT,0,0,
INC001799,P001304,Gurpreet Toor,VICTIM,0,0,
INC001800,P000779,Shakeel Ansari,ACCUSED,0,0,
INC001800,P000772,Abdul Chaudhary,ACCUSED,1,0,2025-10-03
INC001800,P000797,Imran Ahmed,ACCUSED,0,0,
INC001800,P001239,Yogendra Bhadauria,COMPLAINANT,0,0,
INC001800,P001491,Shabana Siddiqui,VICTIM,0,0,
INC001801,P000375,Satish Kushwaha,ACCUSED,1,1,2026-03-11
INC001801,P000414,Thangaraj Rajendran,ACCUSED,1,1,2026-01-10
INC001801,P001381,Ilango Pillai,COMPLAINANT,0,0,
INC001801,P001433,Reshma Idrisi,VICTIM,0,0,
INC001802,P000105,Mohan Sisodia,SUSPECT,1,0,2026-04-07
INC001802,P000145,Nirmal Singh,ACCUSED,1,0,2026-08-07
INC001802,P000157,Devi Lal Godara,ACCUSED,0,0,
INC001802,P001205,Vijay Thakur,COMPLAINANT,0,0,
INC001802,P001252,Prakash Nagar,WITNESS,0,0,
INC001803,P000146,Paramjit Sarao,ABSCONDING_ACCUSED,0,0,
INC001803,P000154,Nadeem Farooqui,ACCUSED,0,0,
INC001803,P000111,Nirmal Bains,ACCUSED,1,0,2024-10-11
INC001803,P001074,Hariom Awasthi,COMPLAINANT,0,0,
INC001803,P001460,Nilesh Jadhav,VICTIM,0,0,
INC001803,P001203,Nirmal Das,WITNESS,0,0,
INC001804,P000964,Kiran Waghmare,ACCUSED,0,0,
INC001804,P000891,Hariom Nishad,ACCUSED,1,1,2020-11-06
INC001804,P000970,Ashfaq Saifi,ACCUSED,1,1,2020-12-05
INC001804,P000883,Ravi Poojary,ACCUSED,1,1,2020-08-29
INC001804,P000975,Rajwinder Sidhu,ACCUSED,1,1,2020-07-14
INC001804,P001385,Rafiq Rahman,COMPLAINANT,0,0,
INC001804,P001451,Sindhu Panicker,VICTIM,0,0,
INC001804,P001300,Rajitha Goud,WITNESS,0,0,
INC001805,P000958,Bhupendra Srivastava,ACCUSED,0,0,
INC001805,P001425,Shyamlal Saini,COMPLAINANT,0,0,
INC001805,P001308,Chandrabhan Shukla,VICTIM,0,0,
INC001806,P000918,Deepak Awasthi,ACCUSED,1,1,2025-12-04
INC001806,P000998,Kalpesh Prajapati,ACCUSED,0,0,
INC001806,P001097,Nasreen Shaikh,COMPLAINANT,0,0,
INC001806,P001196,Jagabandhu Dash,VICTIM,0,0,
INC001806,P001241,Gautam Naskar,WITNESS,0,0,
INC001807,P000552,Manju Yadav,ACCUSED,0,0,
INC001807,P000569,Rizwan Qureshi,ACCUSED,0,0,
INC001807,P000528,Satnam Sidhu,SUSPECT,1,1,2020-03-09
INC001807,P001011,Pushpalatha Bellad,COMPLAINANT,0,0,
INC001807,P001379,Ajay Chauhan,VICTIM,0,0,
INC001807,P001063,Nadeem Shaikh,WITNESS,0,0,
INC001808,P000965,Nabam Konyak,ABSCONDING_ACCUSED,0,0,
INC001808,P000984,Manju Awasthi,SUSPECT,1,1,2026-06-09
INC001808,P001451,Sindhu Panicker,COMPLAINANT,0,0,
INC001808,P001416,Kannan Pillai,WITNESS,0,0,
INC001809,P000847,Yumnam Marak,SUSPECT,0,0,
INC001809,P001315,Laxmi Saini,COMPLAINANT,0,0,
INC001809,P001477,Chhaya Bhattacharya,VICTIM,0,0,
INC001810,P000858,Randhir Nishad,ABSCONDING_ACCUSED,1,1,2025-02-07
INC001810,P000846,Mahesh Shukla,ABSCONDING_ACCUSED,0,0,
INC001810,P000856,Bala Gounder,SUSPECT,1,1,2025-02-24
INC001810,P000877,Palanisamy Annadurai,SUSPECT,0,0,
INC001810,P000866,Chinnadurai Annadurai,SUSPECT,0,0,
INC001810,P001497,Deepak Singh,COMPLAINANT,0,0,
INC001810,P001240,Gurpreet Dhaliwal,VICTIM,0,0,
INC001811,P000540,Tarsem Gill,ACCUSED,1,1,2024-10-13
INC001811,P000523,Triloki Shukla,SUSPECT,0,0,
INC001811,P000526,Vinod Singh,SUSPECT,1,1,2024-09-27
INC001811,P000562,Yusuf Pathan,ACCUSED,1,1,2024-12-02
INC001811,P001463,Sudheer Menon,COMPLAINANT,0,0,
INC001811,P001155,Padma Kondapalli,VICTIM,0,0,
INC001811,P001207,Sunita Verma,WITNESS,0,0,
INC001812,P000793,Jitendra Baghel,SUSPECT,1,1,2026-02-14
INC001812,P000796,Abdul Malik,ACCUSED,0,0,
INC001812,P001392,Kamla Thakur,COMPLAINANT,0,0,
INC001812,P001090,Rekha Awasthi,VICTIM,0,0,
INC001813,P000967,Jagmal Saini,ACCUSED,1,0,2022-01-02
INC001813,P000903,Lekhraj Srivastava,ACCUSED,1,1,2021-06-18
INC001813,P000970,Ashfaq Saifi,ABSCONDING_ACCUSED,0,0,
INC001813,P001346,Xavier Coutinho,COMPLAINANT,0,0,
INC001813,P001190,Ramkali Bhadauria,VICTIM,0,0,
INC001813,P001141,Prashant More,WITNESS,0,0,
INC001814,P000226,Debashish Roy,ABSCONDING_ACCUSED,1,1,2025-04-02
INC001814,P000264,Girdhari Prajapati,ABSCONDING_ACCUSED,0,0,
INC001814,P000227,Pradip Biswas,ACCUSED,0,0,
INC001814,P000252,Anil Yadav,ACCUSED,0,0,
INC001814,P000271,Ranjan Gayen,ACCUSED,1,1,2025-05-31
INC001814,P001383,Debashish Halder,COMPLAINANT,0,0,
INC001814,P001497,Deepak Singh,VICTIM,0,0,
INC001815,P000491,Anil Srivastava,ACCUSED,1,1,2024-01-16
INC001815,P000485,Pramod Kushwaha,ACCUSED,1,1,2024-06-18
INC001815,P000478,Triloki Tiwari,ACCUSED,0,0,
INC001815,P001397,Bhavesh Thakor,COMPLAINANT,0,0,
INC001815,P001338,Meena Dubey,VICTIM,0,0,
INC001815,P001108,Nirmala Maurya,WITNESS,0,0,
INC001816,P000382,Mallikarjun Rai,ACCUSED,1,1,2024-10-28
INC001816,P000392,Palanisamy Raja,SUSPECT,1,1,2025-02-16
INC001816,P000373,Saravanan Mudaliar,ACCUSED,0,0,
INC001816,P001260,Madhuri Salunkhe,COMPLAINANT,0,0,
INC001816,P001178,Javed Malik,VICTIM,0,0,
INC001816,P001437,Prabhakar Naidu,WITNESS,0,0,
INC001817,P000875,Yumnam Rabha,ACCUSED,0,0,
INC001817,P001407,Bikash Majumdar,COMPLAINANT,0,0,
INC001817,P001036,Nasreen Zaidi,VICTIM,0,0,
INC001817,P001118,Arif Malik,WITNESS,0,0,
INC001818,P000675,Naresh Shukla,ACCUSED,1,1,2024-12-13
INC001818,P000683,Sanjib Mistry,SUSPECT,1,0,2025-01-25
INC001818,P001189,Jaswant Brar,COMPLAINANT,0,0,
INC001818,P001193,Palash Das,VICTIM,0,0,
INC001818,P001492,Basanti Dash,WITNESS,0,0,
INC001819,P000761,Mahesh Pandey,ACCUSED,0,0,
INC001819,P000756,Shakeel Malik,ACCUSED,1,1,2026-02-26
INC001819,P000729,Vinod Bhadauria,ACCUSED,0,0,
INC001819,P000758,Ibrahim Shaikh,SUSPECT,1,0,2026-05-21
INC001819,P001007,Naseer Saifi,COMPLAINANT,0,0,
INC001820,P000770,Pradeep Bhardwaj,ACCUSED,1,1,2025-08-17
INC001820,P000799,Shakeel Pathan,ACCUSED,1,1,2025-09-09
INC001820,P001063,Nadeem Shaikh,COMPLAINANT,0,0,
INC001820,P001440,Elango Annadurai,VICTIM,0,0,
INC001820,P001001,Trilochan Swain,WITNESS,0,0,
INC001821,P000218,Haroon Baig,ACCUSED,1,0,2025-04-02
INC001821,P000228,Rupa Roy,ACCUSED,0,0,
INC001821,P000282,Farida Rahman,ACCUSED,1,0,2024-12-15
INC001821,P001428,Sheryl Pereira,COMPLAINANT,0,0,
INC001821,P001057,Shanti Rathore,VICTIM,0,0,
INC001822,P000958,Bhupendra Srivastava,SUSPECT,1,0,2025-12-09
INC001822,P000973,Shabana Pathan,ACCUSED,1,1,2026-04-17
INC001822,P001479,Jaswant Sandhu,COMPLAINANT,0,0,
INC001822,P001256,Alwyn Noronha,VICTIM,0,0,
INC001823,P000903,Lekhraj Srivastava,SUSPECT,1,1,2022-03-18
INC001823,P000895,Palash Ghosh,ACCUSED,0,0,
INC001823,P000972,Prakash Rai,ACCUSED,0,0,
INC001823,P001361,Suman Bhati,COMPLAINANT,0,0,
INC001823,P001011,Pushpalatha Bellad,VICTIM,0,0,
INC001824,P000544,Iqbal Malik,ACCUSED,0,0,
INC001824,P000520,Simranjit Bains,ACCUSED,0,0,
INC001824,P000552,Manju Yadav,ACCUSED,1,0,2024-06-25
INC001824,P000551,Abdul Idrisi,ACCUSED,1,0,2024-05-22
INC001824,P000557,Haroon Pathan,ACCUSED,0,0,
INC001824,P001490,Renuka Kulkarni,COMPLAINANT,0,0,
INC001824,P001447,Tanaji Gaikwad,VICTIM,0,0,
INC001825,P000994,Jasbir Virk,SUSPECT,1,1,2024-07-29
INC001825,P000921,Reshma Rahman,ACCUSED,1,0,2024-06-15
INC001825,P000935,Bhanwar Charan,SUSPECT,1,1,2024-08-28
INC001825,P000933,Sajid Zaidi,ACCUSED,1,1,2024-04-20
INC001825,P001165,Harbhajan Bains,COMPLAINANT,0,0,
INC001825,P001131,Harjinder Bajwa,VICTIM,0,0,
INC001826,P000296,Salim Baig,ACCUSED,0,0,
INC001826,P001119,Anwar Rahman,COMPLAINANT,0,0,
INC001826,P001181,Shahnaz Khan,VICTIM,0,0,
INC001826,P001196,Jagabandhu Dash,WITNESS,0,0,
INC001827,P000729,Vinod Bhadauria,ACCUSED,0,0,
INC001827,P001126,Baljinder Brar,COMPLAINANT,0,0,
INC001827,P001144,Rekha Nagar,VICTIM,0,0,
INC001828,P000172,Kanta Choudhary,ACCUSED,0,0,
INC001828,P000138,Rajwinder Sarao,ACCUSED,1,1,2026-08-20
INC001828,P000173,Ibrahim Ahmed,ACCUSED,1,1,2026-10-08
INC001828,P000142,Karamjit Bajwa,ACCUSED,0,0,
INC001828,P000156,Paramjit Gill,ACCUSED,1,0,2027-01-01
INC001828,P000097,Manpreet Sekhon,ACCUSED,1,0,2026-08-20
INC001828,P000107,Mohammed Shaikh,ACCUSED,0,0,
INC001828,P001218,Rajwinder Toor,COMPLAINANT,0,0,
INC001828,P001402,Falguni Bhatt,VICTIM,0,0,
INC001828,P001464,Sathish Sharma,WITNESS,0,0,
INC001829,P000520,Simranjit Bains,ACCUSED,1,1,2022-10-13
INC001829,P000556,Zubair Saifi,ABSCONDING_ACCUSED,1,1,2022-08-30
INC001829,P000553,Vijay Rajput,SUSPECT,0,0,
INC001829,P000531,Ashfaq Rahman,ACCUSED,0,0,
INC001829,P001313,Kulwant Cheema,COMPLAINANT,0,0,
INC001829,P001195,Malathi Annadurai,VICTIM,0,0,
INC001829,P001355,Ajay Kashyap,WITNESS,0,0,
INC001830,P000753,Chandrabhan Shukla,SUSPECT,1,1,2025-01-23
INC001830,P000747,Jitendra Bhardwaj,ACCUSED,0,0,
INC001830,P000732,Bhaskar Shinde,ACCUSED,0,0,
INC001830,P000742,Smita Sawant,ACCUSED,0,0,
INC001830,P001462,Shyamlal Awasthi,COMPLAINANT,0,0,
INC001830,P001004,Manjunath Bhat,VICTIM,0,0,
INC001831,P000800,Haroon Mansuri,ACCUSED,1,1,2025-07-23
INC001831,P000786,Shailendra Sharma,SUSPECT,1,1,2025-04-25
INC001831,P000781,Prakash Maurya,ABSCONDING_ACCUSED,1,1,2025-07-15
INC001831,P000774,Naseer Farooqui,ACCUSED,1,1,2025-05-17
INC001831,P000787,Shabana Mirza,ACCUSED,1,1,2025-05-12
INC001831,P001270,Meena Jaiswal,COMPLAINANT,0,0,
INC001831,P001324,Wasim Ahmed,VICTIM,0,0,
INC001831,P001319,Nilesh Kadam,WITNESS,0,0,
INC001832,P000848,Nagaraju Gupta,ACCUSED,1,1,2026-06-06
INC001832,P001401,Aparna Gayen,COMPLAINANT,0,0,
INC001832,P001433,Reshma Idrisi,VICTIM,0,0,
INC001833,P000495,Firoz Mansuri,ACCUSED,0,0,
INC001833,P001017,Meena Awasthi,COMPLAINANT,0,0,
INC001833,P001169,Seema Bhadauria,VICTIM,0,0,
INC001833,P001438,Mallesh Rao,WITNESS,0,0,
INC001834,P000776,Ibrahim Alam,ABSCONDING_ACCUSED,1,0,2021-02-25
INC001834,P000794,Wasim Hussain,ACCUSED,1,1,2021-04-15
INC001834,P001235,Deepa Jacob,COMPLAINANT,0,0,
INC001834,P001333,Aparna Sardar,VICTIM,0,0,
INC001835,P000800,Haroon Mansuri,SUSPECT,1,1,2022-02-08
INC001835,P000765,Salim Shaikh,ACCUSED,1,1,2022-01-17
INC001835,P000774,Naseer Farooqui,ACCUSED,0,0,
INC001835,P000769,Shakeel Siddiqui,ACCUSED,0,0,
INC001835,P001296,Elango Naicker,COMPLAINANT,0,0,
INC001835,P001102,Kuldeep Nagar,VICTIM,0,0,
INC001835,P001049,Sabita Mohanty,WITNESS,0,0,
INC001836,P000875,Yumnam Rabha,ABSCONDING_ACCUSED,0,0,
INC001836,P000865,Padma Yadav,ACCUSED,0,0,
INC001836,P001206,Mukesh Thakur,COMPLAINANT,0,0,
INC001836,P001029,Arindam Sen,VICTIM,0,0,
INC001837,P001000,Bhagya Angadi,SUSPECT,1,1,2021-09-25
INC001837,P000981,Ibrahim Shaikh,SUSPECT,0,0,
INC001837,P000916,Anil Gupta,ABSCONDING_ACCUSED,1,1,2021-12-20
INC001837,P000971,Bimal Adhikari,SUSPECT,0,0,
INC001837,P000894,Aslam Baig,SUSPECT,0,0,
INC001837,P001091,Sandip Mhatre,COMPLAINANT,0,0,
INC001837,P001378,Palanisamy Subramanian,VICTIM,0,0,
INC001838,P000875,Yumnam Rabha,ACCUSED,0,0,
INC001838,P000874,Ramulu Nallamothu,SUSPECT,0,0,
INC001838,P000853,Rajesh Jaiswal,ABSCONDING_ACCUSED,1,0,2022-11-05
INC001838,P000865,Padma Yadav,ABSCONDING_ACCUSED,1,1,2023-03-26
INC001838,P000855,Alemba Momin,ACCUSED,0,0,
INC001838,P000871,Temjen Momin,ACCUSED,0,0,
INC001838,P000858,Randhir Nishad,ACCUSED,0,0,
INC001838,P001494,Poonam Sengar,COMPLAINANT,0,0,
INC001838,P001117,Sabita Mohanty,VICTIM,0,0,
INC001838,P001418,Dinesh Srivastava,WITNESS,0,0,
INC001839,P000703,Mahesh Saini,SUSPECT,0,0,
INC001839,P000702,Basanta Jena,SUSPECT,1,1,2024-05-13
INC001839,P001016,Preeti Rathore,COMPLAINANT,0,0,
INC001839,P001007,Naseer Saifi,VICTIM,0,0,
INC001840,P000526,Vinod Singh,SUSPECT,0,0,
INC001840,P000549,Tanveer Rahman,SUSPECT,0,0,
INC001840,P000550,Anwar Qureshi,ACCUSED,0,0,
INC001840,P000568,Lakhwinder Singh,ACCUSED,1,1,2026-09-13
INC001840,P001352,Srinivas Prasad,COMPLAINANT,0,0,
INC001840,P001060,Arivazhagan Mudaliar,VICTIM,0,0,
INC001840,P001191,Imran Chaudhary,WITNESS,0,0,
INC001841,P000664,Mallesh Naidu,ACCUSED,1,1,2024-09-11
INC001841,P000651,Yellaiah Kondapalli,SUSPECT,1,0,2024-09-09
INC001841,P000660,Srinivas Kondapalli,ACCUSED,1,1,2024-09-17
INC001841,P001002,Suman Sisodia,COMPLAINANT,0,0,
INC001841,P001357,Devi Lal Ranawat,VICTIM,0,0,
INC001841,P001402,Falguni Bhatt,WITNESS,0,0,
INC001842,P000766,Balbir Shukla,SUSPECT,1,0,2021-11-12
INC001842,P000769,Shakeel Siddiqui,ACCUSED,1,1,2021-09-23
INC001842,P000789,Wasim Qureshi,ACCUSED,0,0,
INC001842,P001091,Sandip Mhatre,COMPLAINANT,0,0,
INC001842,P001144,Rekha Nagar,VICTIM,0,0,
INC001843,P000744,Hardik Thakor,ACCUSED,1,1,2024-02-17
INC001843,P000730,Arif Mansuri,SUSPECT,1,0,2024-03-21
INC001843,P000729,Vinod Bhadauria,ACCUSED,1,1,2023-12-25
INC001843,P000721,Munna Kushwaha,ACCUSED,0,0,
INC001843,P000754,Dharmesh Makwana,ACCUSED,1,1,2024-03-14
INC001843,P000739,Har Prasad Gupta,ACCUSED,1,0,2024-01-28
INC001843,P000746,Swapnil Kadam,SUSPECT,0,0,
INC001843,P001102,Kuldeep Nagar,COMPLAINANT,0,0,
INC001843,P001341,Tapasi Chakraborty,VICTIM,0,0,
INC001843,P001380,Aslam Sheikh,WITNESS,0,0,
INC001844,P000867,Lekhraj Bhardwaj,ACCUSED,0,0,
INC001844,P000853,Rajesh Jaiswal,ACCUSED,1,1,2026-09-09
INC001844,P001389,Kishan Shekhawat,COMPLAINANT,0,0,
INC001844,P001163,Hariom Chauhan,VICTIM,0,0,
INC001844,P001031,Mallesh Kumar,WITNESS,0,0,
INC001845,P000105,Mohan Sisodia,ACCUSED,1,1,2020-01-07
INC001845,P000136,Amarjit Grewal,ACCUSED,0,0,
INC001845,P001211,Mangi Rathore,COMPLAINANT,0,0,
INC001845,P001394,Saravanan Gounder,VICTIM,0,0,
INC001845,P001491,Shabana Siddiqui,WITNESS,0,0,
INC001846,P000763,Randhir Tiwari,ACCUSED,0,0,
INC001846,P000718,Haroon Pathan,ACCUSED,1,1,2026-05-09
INC001846,P000717,Hitesh Zala,ACCUSED,1,1,2026-08-19
INC001846,P001285,Farida Qureshi,COMPLAINANT,0,0,
INC001846,P001226,Lalthanga Debbarma,VICTIM,0,0,
INC001847,P000964,Kiran Waghmare,ACCUSED,1,1,2025-10-15
INC001847,P000889,Shubhangi Naik,SUSPECT,0,0,
INC001847,P000986,Venkatesh Setty,ACCUSED,0,0,
INC001847,P001132,Pushpa Saini,COMPLAINANT,0,0,
INC001847,P001074,Hariom Awasthi,VICTIM,0,0,
INC001848,P000751,Devendra Maurya,ACCUSED,0,0,
INC001848,P001473,Shabana Qureshi,COMPLAINANT,0,0,
INC001848,P001084,Davinder Kang,VICTIM,0,0,
INC001849,P000468,Gopal Naskar,SUSPECT,0,0,
INC001849,P000426,Ibrahim Mirza,SUSPECT,1,0,2022-12-07
INC001849,P000455,Kartik Majumdar,SUSPECT,1,1,2022-12-16
INC001849,P000469,Mohammed Baig,ACCUSED,1,1,2022-10-12
INC001849,P000422,Debashish Biswas,ACCUSED,1,0,2023-03-06
INC001849,P001283,Swapnil Naik,COMPLAINANT,0,0,
INC001849,P001139,Nagaraju Sharma,VICTIM,0,0,
INC001850,P000746,Swapnil Kadam,ACCUSED,1,1,2025-07-01
INC001850,P000757,Ashfaq Rahman,ACCUSED,1,1,2025-08-31
INC001850,P001432,Shanti Verma,COMPLAINANT,0,0,
INC001850,P001281,Vidyawati Tiwari,VICTIM,0,0,
INC001851,P000551,Abdul Idrisi,ACCUSED,1,0,2026-07-10
INC001851,P001377,Rekha Prajapati,COMPLAINANT,0,0,
INC001851,P001347,Sanoop Kartha,VICTIM,0,0,
INC001852,P000740,Faizan Baig,ACCUSED,0,0,
INC001852,P000757,Ashfaq Rahman,ACCUSED,1,1,2021-08-16
INC001852,P000755,Nilesh Bhoir,ACCUSED,1,0,2021-10-26
INC001852,P000760,Ashfaq Shaikh,ACCUSED,1,1,2022-01-31
INC001852,P000719,Yusuf Khan,SUSPECT,1,1,2021-10-01
INC001852,P000727,Vishal More,ACCUSED,1,1,2021-09-03
INC001852,P000758,Ibrahim Shaikh,ABSCONDING_ACCUSED,1,1,2022-01-03
INC001852,P001273,Mallesh Naidu,COMPLAINANT,0,0,
INC001852,P001457,Nepal Biswas,VICTIM,0,0,
INC001853,P000871,Temjen Momin,SUSPECT,0,0,
INC001853,P000846,Mahesh Shukla,ACCUSED,0,0,
INC001853,P000859,Thangaraj Naicker,SUSPECT,1,1,2026-09-25
INC001853,P001320,Rafiq Pathan,COMPLAINANT,0,0,
INC001853,P001213,Sandeep Baghel,VICTIM,0,0,
INC001854,P000353,Ratheesh Menon,ACCUSED,1,0,2026-07-17
INC001854,P001252,Prakash Nagar,COMPLAINANT,0,0,
INC001854,P001173,Sarla Vyas,VICTIM,0,0,
INC001855,P000315,Paresh Vaghela,ABSCONDING_ACCUSED,0,0,
INC001855,P000294,Sarfaraz Pathan,ACCUSED,0,0,
INC001855,P000353,Ratheesh Menon,ACCUSED,1,1,2019-02-22
INC001855,P000343,Hardik Zala,ACCUSED,1,0,2019-04-24
INC001855,P001371,Kavita Prajapati,COMPLAINANT,0,0,
INC001855,P001206,Mukesh Thakur,VICTIM,0,0,
INC001855,P001422,Sukhdev Kang,WITNESS,0,0,
INC001856,P000816,Tarsem Virk,ACCUSED,1,1,2025-01-01
INC001856,P000826,Jarnail Singh,SUSPECT,0,0,
INC001856,P000829,Devendra Srivastava,ACCUSED,0,0,
INC001856,P000830,Harpreet Sandhu,ACCUSED,0,0,
INC001856,P001065,Karthik Raja,COMPLAINANT,0,0,
INC001856,P001287,Tanveer Malik,VICTIM,0,0,
INC001857,P000951,Nathu Ranawat,ACCUSED,1,0,2026-06-21
INC001857,P000913,Sandip Bhoir,ACCUSED,0,0,
INC001857,P001185,Peter Lobo,COMPLAINANT,0,0,
INC001857,P001161,Rina Pal,VICTIM,0,0,
INC001857,P001302,Manoj Marar,WITNESS,0,0,
INC001858,P000725,Altaf Khan,ABSCONDING_ACCUSED,0,0,
INC001858,P001031,Mallesh Kumar,COMPLAINANT,0,0,
INC001858,P001333,Aparna Sardar,VICTIM,0,0,
INC001859,P000906,Palanisamy Gounder,ACCUSED,1,1,2024-01-21
INC001859,P000973,Shabana Pathan,ACCUSED,1,1,2024-06-18
INC001859,P000956,Bhaskar Kadam,ACCUSED,1,1,2024-03-01
INC001859,P000977,Rahul More,ACCUSED,1,0,2024-05-03
INC001859,P000894,Aslam Baig,ACCUSED,1,1,2024-01-27
INC001859,P001488,Manpreet Bains,COMPLAINANT,0,0,
INC001859,P001222,Prasanna Behera,VICTIM,0,0,
INC001859,P001024,Revathi Thevar,WITNESS,0,0,
INC001860,P000794,Wasim Hussain,SUSPECT,0,0,
INC001860,P000783,Firoz Siddiqui,ACCUSED,1,0,2026-04-27
INC001860,P000785,Girdhari Saini,ACCUSED,1,1,2026-03-05
INC001860,P000773,Shakuntala Nishad,ACCUSED,0,0,
INC001860,P000793,Jitendra Baghel,ACCUSED,0,0,
INC001860,P000798,Firoz Mansuri,SUSPECT,1,0,2026-06-11
INC001860,P000788,Rafiq Malik,ACCUSED,0,0,
INC001860,P001356,Chandru Bellad,COMPLAINANT,0,0,
INC001860,P001164,Sasmita Rout,VICTIM,0,0,
INC001861,P000483,Ibrahim Pathan,ACCUSED,1,1,2022-09-13
INC001861,P000485,Pramod Kushwaha,ABSCONDING_ACCUSED,1,1,2022-06-16
INC001861,P000481,Sajid Mansuri,ACCUSED,1,1,2022-05-15
INC001861,P001256,Alwyn Noronha,COMPLAINANT,0,0,
INC001861,P001051,Sandip Dalvi,VICTIM,0,0,
INC001861,P001068,Kondaiah Bandari,WITNESS,0,0,
INC001862,P000692,Bimal Halder,ACCUSED,0,0,
INC001862,P000689,Jagdish Verma,ACCUSED,1,1,2027-01-03
INC001862,P000678,Bibhuti Munda,ACCUSED,1,0,2026-12-21
INC001862,P000682,Rupa Das,ACCUSED,0,0,
INC001862,P001461,Chandra Shekar Choudary,COMPLAINANT,0,0,
INC001862,P001158,Saroja Kumar,VICTIM,0,0,
INC001863,P000503,Kavita Nishad,ACCUSED,0,0,
INC001863,P001065,Karthik Raja,COMPLAINANT,0,0,
INC001863,P001171,Sandip Rane,VICTIM,0,0,
INC001864,P000705,Arindam Mondal,ACCUSED,0,0,
INC001864,P001334,Ramesh Tomar,COMPLAINANT,0,0,
INC001864,P001317,Rafiq Khan,VICTIM,0,0,
INC001865,P000623,Saravanan Pillai,ABSCONDING_ACCUSED,0,0,
INC001865,P000620,Saravanan Rajendran,ACCUSED,1,1,2024-02-05
INC001865,P000622,Trilochan Mohanty,ACCUSED,0,0,
INC001865,P000643,Niranjan Panda,SUSPECT,0,0,
INC001865,P001149,Savita Awasthi,COMPLAINANT,0,0,
INC001866,P000726,Rahul Rane,ACCUSED,1,1,2025-03-28
INC001866,P000748,Divyesh Desai,ACCUSED,0,0,
INC001866,P000723,Ketan Prajapati,ABSCONDING_ACCUSED,1,1,2025-03-10
INC001866,P001238,Nazia Malik,COMPLAINANT,0,0,
INC001866,P001274,Yusuf Saifi,VICTIM,0,0,
INC001866,P001042,Yusuf Shaikh,WITNESS,0,0,
INC001867,P000425,Nirmal Chakraborty,ACCUSED,1,0,2026-07-22
INC001867,P000439,Gopal Biswas,ABSCONDING_ACCUSED,0,0,
INC001867,P000454,Gautam Halder,ACCUSED,1,1,2026-03-21
INC001867,P000452,Mushtaq Baig,ABSCONDING_ACCUSED,0,0,
INC001867,P000434,Ibrahim Khan,ACCUSED,0,0,
INC001867,P001128,Mousumi Adhikari,COMPLAINANT,0,0,
INC001867,P001189,Jaswant Brar,VICTIM,0,0,
INC001868,P000297,Divyesh Patel,ACCUSED,0,0,
INC001868,P001001,Trilochan Swain,COMPLAINANT,0,0,
INC001868,P001096,Mushtaq Mirza,VICTIM,0,0,
INC001869,P000152,Bhoma Poonia,ABSCONDING_ACCUSED,1,1,2021-12-17
INC001869,P000168,Sukhdev Bhullar,ACCUSED,0,0,
INC001869,P001003,Rachna Baghel,COMPLAINANT,0,0,
INC001869,P001279,Netrapal Baghel,VICTIM,0,0,
INC001870,P000849,Bikram Sangma,ACCUSED,1,1,2024-06-06
INC001870,P000874,Ramulu Nallamothu,ACCUSED,1,1,2024-02-14
INC001870,P000867,Lekhraj Bhardwaj,SUSPECT,0,0,
INC001870,P001441,Javed Shaikh,COMPLAINANT,0,0,
INC001870,P001383,Debashish Halder,VICTIM,0,0,
INC001871,P000874,Ramulu Nallamothu,SUSPECT,1,1,2026-07-10
INC001871,P000876,Krishnaiah Goud,ACCUSED,1,1,2026-08-19
INC001871,P001115,Amol Kamble,COMPLAINANT,0,0,
INC001871,P001364,Hariom Gupta,VICTIM,0,0,
INC001871,P001003,Rachna Baghel,WITNESS,0,0,
INC001872,P000889,Shubhangi Naik,ACCUSED,1,0,2024-08-19
INC001872,P001448,Reshma Chaudhary,COMPLAINANT,0,0,
INC001872,P001497,Deepak Singh,VICTIM,0,0,
INC001872,P001496,Poonam Pandey,WITNESS,0,0,
INC001873,P000890,Vishal Bhosale,SUSPECT,1,0,2026-08-04
INC001873,P001155,Padma Kondapalli,COMPLAINANT,0,0,
INC001873,P001405,Nagesh Angadi,VICTIM,0,0,
INC001873,P001334,Ramesh Tomar,WITNESS,0,0,
INC001874,P000727,Vishal More,ABSCONDING_ACCUSED,0,0,
INC001874,P000745,Paresh Rabari,ABSCONDING_ACCUSED,1,1,2025-11-15
INC001874,P000725,Altaf Khan,ABSCONDING_ACCUSED,0,0,
INC001874,P000744,Hardik Thakor,ACCUSED,0,0,
INC001874,P001042,Yusuf Shaikh,COMPLAINANT,0,0,
INC001874,P001495,Satish Verma,VICTIM,0,0,
INC001875,P000162,Amarjit Dhillon,ACCUSED,1,1,2025-05-17
INC001875,P000141,Paramjit Grewal,ACCUSED,0,0,
INC001875,P000167,Sukhwinder Dhillon,ABSCONDING_ACCUSED,1,0,2025-07-14
INC001875,P000142,Karamjit Bajwa,ACCUSED,1,1,2025-10-05
INC001875,P001042,Yusuf Shaikh,COMPLAINANT,0,0,
INC001875,P001233,Techi Jamir,VICTIM,0,0,
INC001875,P001110,Kamla Chauhan,WITNESS,0,0,
INC001876,P000868,Satish Maurya,ACCUSED,0,0,
INC001876,P000874,Ramulu Nallamothu,SUSPECT,0,0,
INC001876,P000878,Srinivas Bandari,ABSCONDING_ACCUSED,1,1,2026-04-12
INC001876,P001404,Vijaya Setty,COMPLAINANT,0,0,
INC001876,P001146,Vidyawati Kushwaha,VICTIM,0,0,
INC001876,P001391,Ramkali Prajapati,WITNESS,0,0,
INC001877,P000551,Abdul Idrisi,ACCUSED,1,1,2026-07-20
INC001877,P000548,Anil Prajapati,ABSCONDING_ACCUSED,1,1,2026-06-18
INC001877,P001223,Balaraju Reddy,COMPLAINANT,0,0,
INC001877,P001481,Vaishnavi Gaikwad,VICTIM,0,0,
INC001877,P001102,Kuldeep Nagar,WITNESS,0,0,
INC001878,P000793,Jitendra Baghel,ACCUSED,1,1,2019-06-19
INC001878,P001424,Nathu Ranawat,COMPLAINANT,0,0,
INC001878,P001393,Swaroopa Vemula,VICTIM,0,0,
INC001879,P000114,Gayatri Jat,ACCUSED,1,1,2023-10-02
INC001879,P000150,Sarfaraz Mansuri,SUSPECT,1,1,2023-10-17
INC001879,P000116,Kishan Godara,ACCUSED,1,1,2023-09-13
INC001879,P000113,Mushtaq Khan,SUSPECT,0,0,
INC001879,P001290,Baljit Toor,COMPLAINANT,0,0,
INC001879,P001308,Chandrabhan Shukla,VICTIM,0,0,
INC001880,P000907,Ashim Gayen,ACCUSED,1,1,2026-11-04
INC001880,P000959,Mitesh Rabari,ACCUSED,1,1,2026-08-13
INC001880,P000898,Ashok Kashyap,ACCUSED,1,1,2026-06-17
INC001880,P001402,Falguni Bhatt,COMPLAINANT,0,0,
INC001880,P001028,Arun Baghel,VICTIM,0,0,
INC001880,P001403,Ratheesh Varghese,WITNESS,0,0,
INC001881,P000767,Balbir Dixit,ACCUSED,0,0,
INC001881,P001457,Nepal Biswas,COMPLAINANT,0,0,
INC001881,P001374,Bhagwati Poonia,VICTIM,0,0,
INC001882,P000118,Bikramjit Sidhu,ACCUSED,1,1,2025-04-24
INC001882,P000154,Nadeem Farooqui,ACCUSED,1,1,2025-06-07
INC001882,P000144,Yusuf Baig,ACCUSED,0,0,
INC001882,P000100,Ranveer Choudhary,SUSPECT,1,1,2025-01-23
INC001882,P001414,Sujoy Bose,COMPLAINANT,0,0,
INC001882,P001066,Shibu Thomas,VICTIM,0,0,
INC001883,P000666,Hariom Bhardwaj,ACCUSED,1,1,2020-05-18
INC001883,P001145,Pushpalatha Kamath,COMPLAINANT,0,0,
INC001883,P001007,Naseer Saifi,VICTIM,0,0,
INC001884,P000686,Arindam Halder,ACCUSED,1,1,2021-05-14
INC001884,P001227,Tapan Ghosh,COMPLAINANT,0,0,
INC001884,P001114,Ravinder Rao,VICTIM,0,0,
INC001885,P000127,Nadeem Mirza,ACCUSED,0,0,
INC001885,P000114,Gayatri Jat,ACCUSED,1,1,2024-11-21
INC001885,P000125,Sarfaraz Idrisi,ACCUSED,1,0,2024-12-02
INC001885,P000100,Ranveer Choudhary,ACCUSED,1,1,2024-12-08
INC001885,P001055,Mushtaq Idrisi,COMPLAINANT,0,0,
INC001885,P001410,Sanjay Yadav,VICTIM,0,0,
INC001885,P001058,Ravichandran Pillai,WITNESS,0,0,
INC001886,P000738,Dharmesh Joshi,ABSCONDING_ACCUSED,1,1,2024-11-22
INC001886,P001089,Anita Dubey,COMPLAINANT,0,0,
INC001886,P001140,Ramkali Gupta,WITNESS,0,0,
INC001887,P000370,Yallappa Angadi,ABSCONDING_ACCUSED,0,0,
INC001887,P000414,Thangaraj Rajendran,SUSPECT,0,0,
INC001887,P001106,Kuni Dash,COMPLAINANT,0,0,
INC001888,P000972,Prakash Rai,ACCUSED,1,1,2026-07-16
INC001888,P000881,Rajitha Naidu,ACCUSED,1,1,2026-09-07
INC001888,P001356,Chandru Bellad,COMPLAINANT,0,0,
INC001888,P001426,Falguni Patel,VICTIM,0,0,
INC001889,P000554,Davinder Bhullar,ACCUSED,0,0,
INC001889,P000527,Harbhajan Sarao,ACCUSED,1,0,2026-06-10
INC001889,P000530,Ranjit Bajwa,ACCUSED,0,0,
INC001889,P001241,Gautam Naskar,COMPLAINANT,0,0,
INC001889,P001048,Prabhakar Mudiraj,VICTIM,0,0,
INC001889,P001136,Shakeel Ansari,WITNESS,0,0,
INC001890,P000981,Ibrahim Shaikh,ACCUSED,1,1,2026-11-28
INC001890,P000972,Prakash Rai,ACCUSED,1,1,2026-08-14
INC001890,P000896,Aslam Khan,ABSCONDING_ACCUSED,0,0,
INC001890,P001094,Shabana Ahmed,COMPLAINANT,0,0,
INC001890,P001070,Nazia Ansari,VICTIM,0,0,
INC001891,P000406,Triloki Dubey,ACCUSED,1,0,2019-05-01
INC001891,P001374,Bhagwati Poonia,COMPLAINANT,0,0,
INC001891,P001410,Sanjay Yadav,VICTIM,0,0,
INC001891,P001130,Seema Nishad,WITNESS,0,0,
INC001892,P000825,Jitendra Rajput,ACCUSED,1,0,2025-05-26
INC001892,P001326,Nirmala Rajput,COMPLAINANT,0,0,
INC001892,P001120,Basanta Jena,VICTIM,0,0,
INC001893,P000059,Bharat Bhatt,SUSPECT,1,1,2023-01-05
INC001893,P000066,Ashfaq Mansuri,ACCUSED,1,1,2022-11-19
INC001893,P001286,Poonam Kushwaha,COMPLAINANT,0,0,
INC001893,P001473,Shabana Qureshi,VICTIM,0,0,
INC001894,P000467,Firoz Rahman,ACCUSED,0,0,
INC001894,P000441,Tanveer Rahman,ACCUSED,0,0,
INC001894,P000468,Gopal Naskar,ACCUSED,0,0,
INC001894,P000434,Ibrahim Khan,ACCUSED,1,1,2026-02-09
INC001894,P001251,Reshma Farooqui,COMPLAINANT,0,0,
INC001894,P001068,Kondaiah Bandari,VICTIM,0,0,
INC001894,P001100,Revathi Muthusamy,WITNESS,0,0,
INC001895,P000854,Bikram Devi,ACCUSED,0,0,
INC001895,P000876,Krishnaiah Goud,ABSCONDING_ACCUSED,1,0,2026-02-27
INC001895,P001128,Mousumi Adhikari,COMPLAINANT,0,0,
INC001895,P001137,Poongodi Annadurai,VICTIM,0,0,
INC001895,P001094,Shabana Ahmed,WITNESS,0,0,
INC001896,P000744,Hardik Thakor,SUSPECT,0,0,
INC001896,P000740,Faizan Baig,ACCUSED,1,0,2022-03-11
INC001896,P000747,Jitendra Bhardwaj,ACCUSED,1,1,2022-06-15
INC001896,P000746,Swapnil Kadam,ACCUSED,1,1,2022-01-29
INC001896,P001498,Selvam Chettiar,COMPLAINANT,0,0,
INC001896,P001305,Anwar Chaudhary,VICTIM,0,0,
INC001896,P001466,Afsana Shaikh,WITNESS,0,0,
INC001897,P000510,Nazia Saifi,ACCUSED,1,1,2026-07-10
INC001897,P000511,Rafiq Zaidi,ACCUSED,1,1,2026-01-31
INC001897,P000488,Aslam Ahmed,ACCUSED,1,1,2026-04-27
INC001897,P000490,Ashok Verma,ACCUSED,0,0,
INC001897,P001053,Jagmal Purohit,COMPLAINANT,0,0,
INC001897,P001356,Chandru Bellad,VICTIM,0,0,
INC001898,P000047,Swapnil Pawar,ACCUSED,1,0,2025-01-21
INC001898,P001071,Surinder Bajwa,COMPLAINANT,0,0,
INC001898,P001096,Mushtaq Mirza,VICTIM,0,0,
INC001898,P001204,Kumaraswamy Hegde,WITNESS,0,0,
INC001899,P000652,Basanta Sahoo,ACCUSED,1,1,2022-03-11
INC001899,P001373,Alpesh Barot,COMPLAINANT,0,0,
INC001899,P001374,Bhagwati Poonia,VICTIM,0,0,
INC001899,P001257,Vaishnavi Bhoir,WITNESS,0,0,
INC001900,P000720,Manisha Patil,ACCUSED,1,1,2025-01-31
INC001900,P001237,Devendra Sengar,COMPLAINANT,0,0,
INC001901,P000499,Chandrabhan Pandey,ACCUSED,1,1,2020-07-08
INC001901,P000501,Rafiq Siddiqui,ACCUSED,0,0,
INC001901,P001005,Aslam Mansuri,COMPLAINANT,0,0,
INC001901,P001008,Yasmin Alam,VICTIM,0,0,
INC001901,P001158,Saroja Kumar,WITNESS,0,0,
INC001902,P000604,Faizan Malik,ABSCONDING_ACCUSED,0,0,
INC001902,P000584,Pradip Sen,ACCUSED,0,0,
INC001902,P000571,Salim Ahmed,ACCUSED,0,0,
INC001902,P000597,Anup Roy,ABSCONDING_ACCUSED,1,1,2025-09-26
INC001902,P001449,Swapan Bose,COMPLAINANT,0,0,
INC001902,P001385,Rafiq Rahman,VICTIM,0,0,
INC001902,P001282,Nazia Khan,WITNESS,0,0,
INC001903,P000666,Hariom Bhardwaj,ACCUSED,1,0,2020-11-24
INC001903,P000708,Rabindra Nayak,ACCUSED,0,0,
INC001903,P000706,Balbir Baghel,ACCUSED,1,1,2020-11-10
INC001903,P001491,Shabana Siddiqui,COMPLAINANT,0,0,
INC001903,P001409,Ashfaq Hussain,VICTIM,0,0,
INC001903,P001354,Sachin Salunkhe,WITNESS,0,0,
INC001904,P000857,Narsimha Vemula,SUSPECT,1,1,2026-09-17
INC001904,P000848,Nagaraju Gupta,ACCUSED,1,1,2026-04-30
INC001904,P000863,Lalthanga Momin,ABSCONDING_ACCUSED,0,0,
INC001904,P000871,Temjen Momin,ACCUSED,1,0,2026-08-27
INC001904,P001052,Bheru Vyas,COMPLAINANT,0,0,
INC001904,P001075,Alpesh Solanki,VICTIM,0,0,
INC001904,P001080,Sukumar Pal,WITNESS,0,0,
INC001905,P000680,Prakash Dubey,ABSCONDING_ACCUSED,0,0,
INC001905,P000704,Udaiveer Srivastava,ABSCONDING_ACCUSED,1,0,2024-03-14
INC001905,P000686,Arindam Halder,ACCUSED,0,0,
INC001905,P000678,Bibhuti Munda,ACCUSED,0,0,
INC001905,P000688,Pradip Ghosh,ACCUSED,1,0,2024-04-21
INC001905,P001440,Elango Annadurai,COMPLAINANT,0,0,
INC001905,P001389,Kishan Shekhawat,VICTIM,0,0,
INC001905,P001455,Kesar Jhala,WITNESS,0,0,
INC001906,P000594,Sanjib Majumdar,ACCUSED,1,1,2026-07-02
INC001906,P000599,Satish Awasthi,ACCUSED,1,1,2026-07-24
INC001906,P000582,Arindam Bhattacharya,SUSPECT,1,0,2026-12-02
INC001906,P000590,Shailendra Kashyap,SUSPECT,1,1,2026-10-07
INC001906,P001373,Alpesh Barot,COMPLAINANT,0,0,
INC001906,P001385,Rafiq Rahman,VICTIM,0,0,
INC001907,P000765,Salim Shaikh,ACCUSED,1,1,2023-07-16
INC001907,P000781,Prakash Maurya,ACCUSED,1,1,2023-05-02
INC001907,P000800,Haroon Mansuri,SUSPECT,1,1,2023-06-27
INC001907,P001469,Sandeep Mishra,COMPLAINANT,0,0,
INC001907,P001500,Salim Qureshi,VICTIM,0,0,
INC001908,P000414,Thangaraj Rajendran,ACCUSED,1,1,2026-06-09
INC001908,P000372,Rajendran Pillai,ACCUSED,1,1,2026-06-14
INC001908,P000409,Sanjay Nagar,ABSCONDING_ACCUSED,1,1,2026-05-21
INC001908,P000365,Velu Nadar,ACCUSED,0,0,
INC001908,P000364,Jitendra Prajapati,ACCUSED,0,0,
INC001908,P001352,Srinivas Prasad,COMPLAINANT,0,0,
INC001908,P001175,Nagaratna Shetty,VICTIM,0,0,
INC001909,P000425,Nirmal Chakraborty,ACCUSED,0,0,
INC001909,P001497,Deepak Singh,COMPLAINANT,0,0,
INC001909,P001361,Suman Bhati,VICTIM,0,0,
INC001909,P001234,Kuldeep Awasthi,WITNESS,0,0,
INC001910,P000900,Sagar Bhosale,ACCUSED,0,0,
INC001910,P000944,Siddaraju Patil,ACCUSED,1,1,2024-08-30
INC001910,P000956,Bhaskar Kadam,ACCUSED,0,0,
INC001910,P000906,Palanisamy Gounder,ACCUSED,1,1,2024-03-22
INC001910,P001227,Tapan Ghosh,COMPLAINANT,0,0,
INC001910,P001218,Rajwinder Toor,WITNESS,0,0,
INC001911,P000732,Bhaskar Shinde,ACCUSED,1,1,2026-04-22
INC001911,P000759,Devendra Chauhan,ACCUSED,0,0,
INC001911,P000749,Shyamlal Bhardwaj,ACCUSED,0,0,
INC001911,P001287,Tanveer Malik,COMPLAINANT,0,0,
INC001911,P001438,Mallesh Rao,VICTIM,0,0,
INC001911,P001027,Murugan Rajendran,WITNESS,0,0,
INC001912,P000483,Ibrahim Pathan,ACCUSED,1,1,2024-01-14
INC001912,P001144,Rekha Nagar,COMPLAINANT,0,0,
INC001912,P001350,Arindam Adhikari,VICTIM,0,0,
INC001912,P001185,Peter Lobo,WITNESS,0,0,
INC001913,P000997,Pradip Majumdar,ACCUSED,1,0,2026-11-17
INC001913,P000993,Gurpreet Dhillon,ACCUSED,0,0,
INC001913,P001330,Kumaraswamy Shetty,COMPLAINANT,0,0,
INC001913,P001222,Prasanna Behera,VICTIM,0,0,
INC001914,P000878,Srinivas Bandari,ABSCONDING_ACCUSED,1,0,2026-04-24
INC001914,P000877,Palanisamy Annadurai,ABSCONDING_ACCUSED,1,1,2026-08-08
INC001914,P000864,Rambabu Goud,ACCUSED,0,0,
INC001914,P000860,Chandra Shekar Choudary,ACCUSED,0,0,
INC001914,P001183,Shobha Poojary,COMPLAINANT,0,0,
INC001914,P001265,Jitendra Rathore,VICTIM,0,0,
INC001915,P000773,Shakuntala Nishad,ACCUSED,0,0,
INC001915,P000775,Shakeel Idrisi,ABSCONDING_ACCUSED,1,1,2025-01-21
INC001915,P000792,Nazia Khan,ACCUSED,1,0,2024-12-15
INC001915,P001440,Elango Annadurai,COMPLAINANT,0,0,
INC001915,P001164,Sasmita Rout,VICTIM,0,0,
INC001915,P001065,Karthik Raja,WITNESS,0,0,
INC001916,P000879,Velu Annadurai,ACCUSED,1,1,2026-05-11
INC001916,P000852,Mallesh Kumar,ACCUSED,0,0,
INC001916,P000856,Bala Gounder,ACCUSED,0,0,
INC001916,P000853,Rajesh Jaiswal,ACCUSED,0,0,
INC001916,P001396,Savita Chauhan,COMPLAINANT,0,0,
INC001916,P001061,Manisha More,VICTIM,0,0,
INC001917,P000862,Ngangbam Brahma,SUSPECT,1,1,2019-07-17
INC001917,P001377,Rekha Prajapati,COMPLAINANT,0,0,
INC001917,P001489,Narsimha Prasad,VICTIM,0,0,
INC001917,P001430,Rajendran Naicker,WITNESS,0,0,
INC001918,P000339,Nishad Jacob,ACCUSED,1,0,2025-04-28
INC001918,P000290,Alpesh Shah,ABSCONDING_ACCUSED,1,1,2025-02-23
INC001918,P000357,Om Prakash Rajput,ACCUSED,0,0,
INC001918,P001160,Pramod Awasthi,COMPLAINANT,0,0,
INC001918,P001158,Saroja Kumar,VICTIM,0,0,
INC001919,P000870,Mariappan Pandian,ACCUSED,1,0,2025-04-02
INC001919,P000852,Mallesh Kumar,ACCUSED,0,0,
INC001919,P000858,Randhir Nishad,ACCUSED,0,0,
INC001919,P000862,Ngangbam Brahma,ACCUSED,0,0,
INC001919,P000853,Rajesh Jaiswal,SUSPECT,0,0,
INC001919,P000871,Temjen Momin,ACCUSED,0,0,
INC001919,P000860,Chandra Shekar Choudary,ACCUSED,1,0,2025-04-19
INC001919,P001400,Sudha Bhadauria,COMPLAINANT,0,0,
INC001919,P001278,Imran Hussain,VICTIM,0,0,
INC001919,P001172,Swapan Das,WITNESS,0,0,
INC001920,P000115,Nirmal Singh,ACCUSED,1,0,2023-12-13
INC001920,P001475,Bandana Biswas,COMPLAINANT,0,0,
INC001920,P001163,Hariom Chauhan,VICTIM,0,0,
INC001920,P001479,Jaswant Sandhu,WITNESS,0,0,
INC001921,P000166,Faizan Hussain,SUSPECT,1,0,2025-08-08
INC001921,P000171,Mohammed Shaikh,ABSCONDING_ACCUSED,1,1,2025-11-30
INC001921,P000146,Paramjit Sarao,SUSPECT,1,1,2025-06-21
INC001921,P001184,Mallesh Mudiraj,COMPLAINANT,0,0,
INC001921,P001029,Arindam Sen,VICTIM,0,0,
INC001922,P000475,Tanveer Pathan,ACCUSED,1,1,2026-01-14
INC001922,P001152,Joseph Menezes,COMPLAINANT,0,0,
INC001922,P001098,Kuldeep Cheema,VICTIM,0,0,
INC001923,P000880,Murugan Annadurai,SUSPECT,1,1,2024-06-16
INC001923,P000852,Mallesh Kumar,ACCUSED,1,1,2024-07-17
INC001923,P000854,Bikram Devi,ACCUSED,0,0,
INC001923,P000868,Satish Maurya,ACCUSED,0,0,
INC001923,P001335,Manoj Srivastava,COMPLAINANT,0,0,
INC001923,P001329,Firoz Shaikh,VICTIM,0,0,
INC001923,P001195,Malathi Annadurai,WITNESS,0,0,
INC001924,P000958,Bhupendra Srivastava,ACCUSED,0,0,
INC001924,P000912,Ajay Jaiswal,ACCUSED,1,1,2021-08-10
INC001924,P000953,Bibhuti Behera,ACCUSED,0,0,
INC001924,P000940,Mitesh Solanki,SUSPECT,1,1,2021-07-15
INC001924,P001054,Gopal Mistry,COMPLAINANT,0,0,
INC001924,P001246,Sabitri Majumdar,VICTIM,0,0,
INC001925,P000992,Murugan Annadurai,ACCUSED,1,1,2025-08-01
INC001925,P000949,Sudha Singh,ACCUSED,1,1,2025-07-07
INC001925,P000955,Balaraju Nallamothu,ACCUSED,1,1,2025-08-14
INC001925,P000934,Bikash Mistry,ACCUSED,0,0,
INC001925,P000980,Manikandan Subramanian,ACCUSED,1,1,2025-08-23
INC001925,P000959,Mitesh Rabari,ACCUSED,1,0,2025-09-29
INC001925,P000974,Netrapal Tiwari,ABSCONDING_ACCUSED,0,0,
INC001925,P001023,Siddaraju Poojary,COMPLAINANT,0,0,
INC001925,P001131,Harjinder Bajwa,VICTIM,0,0,
INC001925,P001434,Triloki Singh,WITNESS,0,0,
INC001926,P000013,Mushtaq Baig,ACCUSED,0,0,
INC001926,P000001,Anwar Ahmed,ACCUSED,0,0,
INC001926,P001238,Nazia Malik,COMPLAINANT,0,0,
INC001926,P001036,Nasreen Zaidi,VICTIM,0,0,
INC001926,P001268,Deepa Warrier,WITNESS,0,0,
INC001927,P000102,Abdul Shaikh,ABSCONDING_ACCUSED,1,0,2021-06-05
INC001927,P001173,Sarla Vyas,COMPLAINANT,0,0,
INC001927,P001249,Ganesh Pawar,VICTIM,0,0,
INC001928,P000053,Mangesh Shinde,ABSCONDING_ACCUSED,1,1,2022-01-22
INC001928,P000025,Ganesh Chavan,ACCUSED,0,0,
INC001928,P000090,Mangesh Tandel,SUSPECT,0,0,
INC001928,P000022,Nasreen Sheikh,ACCUSED,0,0,
INC001928,P000003,Dattatray Waghmare,ACCUSED,0,0,
INC001928,P000087,Ibrahim Siddiqui,SUSPECT,1,1,2022-03-10
INC001928,P000080,Kalpesh Zala,SUSPECT,0,0,
INC001928,P001361,Suman Bhati,COMPLAINANT,0,0,
INC001928,P001311,Jyotsna Patil,VICTIM,0,0,
INC001929,P000972,Prakash Rai,ACCUSED,1,0,2024-06-22
INC001929,P000909,Balwinder Sidhu,SUSPECT,1,1,2024-11-15
INC001929,P001198,Iqbal Hussain,COMPLAINANT,0,0,
INC001929,P001046,Shakeel Ahmed,VICTIM,0,0,
INC001930,P000977,Rahul More,ACCUSED,0,0,
INC001930,P000991,Nathu Beniwal,ACCUSED,0,0,
INC001930,P001117,Sabita Mohanty,COMPLAINANT,0,0,
INC001931,P000093,Wasim Baig,ABSCONDING_ACCUSED,0,0,
INC001931,P001079,Dinesh Rathore,COMPLAINANT,0,0,
INC001931,P001032,Sanjay Tiwari,VICTIM,0,0,
INC001931,P001156,Vetrivel Naicker,WITNESS,0,0,
INC001932,P000745,Paresh Rabari,ABSCONDING_ACCUSED,0,0,
INC001932,P000736,Sunil Yadav,ABSCONDING_ACCUSED,1,1,2026-09-05
INC001932,P001316,Shanti Dixit,COMPLAINANT,0,0,
INC001932,P001496,Poonam Pandey,VICTIM,0,0,
INC001933,P000431,Bikash Roy,ABSCONDING_ACCUSED,1,0,2024-01-04
INC001933,P000449,Sanjib Bhattacharya,SUSPECT,1,0,2023-09-06
INC001933,P001137,Poongodi Annadurai,COMPLAINANT,0,0,
INC001933,P001147,Nirmal Sarkar,VICTIM,0,0,
INC001933,P001288,Chhaya Bose,WITNESS,0,0,
INC001934,P000735,Vipul Parmar,ACCUSED,1,1,2026-10-18
INC001934,P000757,Ashfaq Rahman,ACCUSED,1,0,2026-12-05
INC001934,P001318,Paresh Solanki,COMPLAINANT,0,0,
INC001934,P001306,Rajni Bhardwaj,VICTIM,0,0,
INC001935,P000865,Padma Yadav,ACCUSED,1,1,2026-01-03
INC001935,P000868,Satish Maurya,ACCUSED,1,1,2025-08-18
INC001935,P000877,Palanisamy Annadurai,SUSPECT,1,0,2025-08-05
INC001935,P000876,Krishnaiah Goud,SUSPECT,1,0,2025-12-01
INC001935,P001316,Shanti Dixit,COMPLAINANT,0,0,
INC001935,P001257,Vaishnavi Bhoir,VICTIM,0,0,
INC001936,P000085,Ibrahim Ansari,ACCUSED,0,0,
INC001936,P000025,Ganesh Chavan,ACCUSED,1,0,2020-07-27
INC001936,P000068,Reshma Saifi,ACCUSED,1,1,2020-11-12
INC001936,P001402,Falguni Bhatt,COMPLAINANT,0,0,
INC001936,P001302,Manoj Marar,VICTIM,0,0,
INC001936,P001085,Alpesh Chauhan,WITNESS,0,0,
INC001937,P000747,Jitendra Bhardwaj,ACCUSED,1,1,2025-07-11
INC001937,P001195,Malathi Annadurai,COMPLAINANT,0,0,
INC001937,P001270,Meena Jaiswal,VICTIM,0,0,
INC001938,P000265,Mushtaq Siddiqui,ACCUSED,0,0,
INC001938,P000249,Firoz Sheikh,SUSPECT,1,0,2026-01-22
INC001938,P000175,Rajesh Prajapati,ACCUSED,1,0,2025-08-14
INC001938,P000238,Girdhari Baghel,ACCUSED,1,1,2025-08-24
INC001938,P000245,Kartik Adhikari,ABSCONDING_ACCUSED,1,1,2025-11-19
INC001938,P000223,Har Prasad Yadav,ACCUSED,0,0,
INC001938,P000257,Sarfaraz Zaidi,ABSCONDING_ACCUSED,0,0,
INC001938,P001203,Nirmal Das,COMPLAINANT,0,0,
INC001938,P001210,Nilesh More,VICTIM,0,0,
INC001939,P000337,Kalpesh Vaghela,SUSPECT,1,1,2019-08-19
INC001939,P001318,Paresh Solanki,COMPLAINANT,0,0,
INC001939,P001076,Bikash Naskar,VICTIM,0,0,
INC001940,P000350,Vipul Chauhan,ACCUSED,1,1,2023-09-18
INC001940,P000311,Naresh Nagar,SUSPECT,0,0,
INC001940,P001415,Poongodi Muthusamy,COMPLAINANT,0,0,
INC001940,P001037,Sindhu Namboothiri,VICTIM,0,0,
INC001940,P001112,Anita Tiwari,WITNESS,0,0,
INC001941,P000535,Om Prakash Bhardwaj,ABSCONDING_ACCUSED,1,0,2023-03-09
INC001941,P000549,Tanveer Rahman,ACCUSED,0,0,
INC001941,P001370,Chandrakala Bhat,COMPLAINANT,0,0,
INC001941,P001019,Rubina Pathan,VICTIM,0,0,
INC001942,P000332,Shibu Thomas,SUSPECT,0,0,
INC001942,P000338,Bharat Rabari,SUSPECT,1,1,2024-06-05
INC001942,P001430,Rajendran Naicker,COMPLAINANT,0,0,
INC001942,P001349,Jaswant Sarao,VICTIM,0,0,
INC001943,P000744,Hardik Thakor,ACCUSED,0,0,
INC001943,P001446,Jayan Achari,COMPLAINANT,0,0,
INC001943,P001341,Tapasi Chakraborty,VICTIM,0,0,
INC001943,P001354,Sachin Salunkhe,WITNESS,0,0,
INC001944,P000730,Arif Mansuri,ACCUSED,1,1,2026-04-22
INC001944,P001121,Archana Bhardwaj,COMPLAINANT,0,0,
INC001944,P001338,Meena Dubey,VICTIM,0,0,
INC001944,P001011,Pushpalatha Bellad,WITNESS,0,0,
INC001945,P000901,Yogesh Rane,ACCUSED,0,0,
INC001945,P000913,Sandip Bhoir,ACCUSED,1,1,2024-10-06
INC001945,P001325,Nagaratna Kulkarni,COMPLAINANT,0,0,
INC001946,P000557,Haroon Pathan,ABSCONDING_ACCUSED,1,0,2024-11-15
INC001946,P000543,Shahnawaz Mansuri,SUSPECT,1,0,2024-07-07
INC001946,P000539,Sandeep Awasthi,ACCUSED,0,0,
INC001946,P000520,Simranjit Bains,SUSPECT,0,0,
INC001946,P000560,Devendra Bhardwaj,ACCUSED,1,1,2024-11-01
INC001946,P000535,Om Prakash Bhardwaj,ACCUSED,0,0,
INC001946,P000545,Abdul Alam,ABSCONDING_ACCUSED,1,1,2024-12-12
INC001946,P001491,Shabana Siddiqui,COMPLAINANT,0,0,
INC001946,P001483,Udaiveer Sengar,VICTIM,0,0,
INC001947,P000394,Pramod Shukla,SUSPECT,0,0,
INC001947,P000369,Ravichandran Nadar,ACCUSED,1,1,2025-10-22
INC001947,P000399,Netrapal Bhardwaj,ABSCONDING_ACCUSED,0,0,
INC001947,P001159,Rina Biswas,COMPLAINANT,0,0,
INC001947,P001341,Tapasi Chakraborty,VICTIM,0,0,
INC001947,P001075,Alpesh Solanki,WITNESS,0,0,
INC001948,P000035,Sachin Bhosale,ABSCONDING_ACCUSED,1,1,2024-12-24
INC001948,P001217,Navneet Sandhu,COMPLAINANT,0,0,
INC001948,P001294,Kanta Jhala,VICTIM,0,0,
INC001949,P000954,Rekha Sengar,ACCUSED,1,1,2026-02-04
INC001949,P000931,Jagdish Sengar,ACCUSED,1,1,2025-12-16
INC001949,P000912,Ajay Jaiswal,ACCUSED,0,0,
INC001949,P000899,Pradeep Pandey,ACCUSED,0,0,
INC001949,P001170,Hansa Dave,COMPLAINANT,0,0,
INC001949,P001377,Rekha Prajapati,VICTIM,0,0,
INC001949,P001257,Vaishnavi Bhoir,WITNESS,0,0,
INC001950,P000244,Altaf Baig,SUSPECT,0,0,
INC001950,P000179,Nepal Mistry,ACCUSED,1,1,2022-05-01
INC001950,P000215,Udaiveer Yadav,ACCUSED,1,1,2022-05-16
INC001950,P000280,Ashim Sardar,ACCUSED,1,1,2022-08-24
INC001950,P001353,Kuni Nayak,COMPLAINANT,0,0,
INC001950,P001187,Bhagaban Pradhan,VICTIM,0,0,
INC001951,P000724,Pandurang Naik,ABSCONDING_ACCUSED,1,1,2022-06-27
INC001951,P000758,Ibrahim Shaikh,ACCUSED,1,1,2022-08-23
INC001951,P000762,Nilesh Shinde,ACCUSED,0,0,
INC001951,P000721,Munna Kushwaha,SUSPECT,1,1,2022-04-28
INC001951,P000730,Arif Mansuri,SUSPECT,0,0,
INC001951,P001310,Bikramjit Sekhon,COMPLAINANT,0,0,
INC001951,P001366,Sasmita Barik,VICTIM,0,0,
INC001951,P001096,Mushtaq Mirza,WITNESS,0,0,
INC001952,P000500,Wasim Rahman,SUSPECT,1,1,2023-04-02
INC001952,P000484,Tanveer Shaikh,ACCUSED,1,1,2023-02-08
INC001952,P000487,Ashfaq Zaidi,ABSCONDING_ACCUSED,0,0,
INC001952,P000498,Chandrabhan Srivastava,ACCUSED,1,1,2022-11-07
INC001952,P000503,Kavita Nishad,SUSPECT,0,0,
INC001952,P001123,Randhir Yadav,COMPLAINANT,0,0,
INC001952,P001363,Peter Menezes,VICTIM,0,0,
INC001953,P000927,Mangesh Salunkhe,ACCUSED,1,1,2026-11-05
INC001953,P000965,Nabam Konyak,ACCUSED,1,1,2026-09-20
INC001953,P000935,Bhanwar Charan,ABSCONDING_ACCUSED,1,1,2026-09-23
INC001953,P000988,Bikramjit Sandhu,ACCUSED,0,0,
INC001953,P000941,Bhagaban Mallick,ACCUSED,1,1,2026-06-22
INC001953,P000888,Balwinder Dhaliwal,ACCUSED,0,0,
INC001953,P000964,Kiran Waghmare,ACCUSED,0,0,
INC001953,P001301,Pandurang Kadam,COMPLAINANT,0,0,
INC001953,P001224,Bhagwati Bhati,WITNESS,0,0,
INC001954,P000945,Bhaskar Dalvi,SUSPECT,1,0,2025-08-13
INC001954,P000929,Nitin Patil,ACCUSED,1,1,2025-11-19
INC001954,P000960,Sushila Jat,ACCUSED,0,0,
INC001954,P000936,Rajesh Awasthi,ACCUSED,0,0,
INC001954,P001069,Baljinder Mann,COMPLAINANT,0,0,
INC001954,P001248,Basanti Jena,VICTIM,0,0,
INC001954,P001198,Iqbal Hussain,WITNESS,0,0,
INC001955,P000265,Mushtaq Siddiqui,SUSPECT,0,0,
INC001955,P001055,Mushtaq Idrisi,COMPLAINANT,0,0,
INC001955,P001194,Arif Saifi,VICTIM,0,0,
INC001956,P000896,Aslam Khan,ACCUSED,1,1,2025-11-04
INC001956,P000892,Rakesh Solanki,SUSPECT,0,0,
INC001956,P000953,Bibhuti Behera,ACCUSED,1,1,2025-10-19
INC001956,P000990,Ravi Naik,ACCUSED,0,0,
INC001956,P000911,Pradeep Maurya,SUSPECT,0,0,
INC001956,P001048,Prabhakar Mudiraj,COMPLAINANT,0,0,
INC001956,P001461,Chandra Shekar Choudary,VICTIM,0,0,
INC001957,P000921,Reshma Rahman,ACCUSED,1,1,2023-07-27
INC001957,P000999,Satish Rathore,ACCUSED,1,0,2023-11-03
INC001957,P000986,Venkatesh Setty,ACCUSED,1,1,2023-10-25
INC001957,P001369,Pushpalatha Angadi,COMPLAINANT,0,0,
INC001957,P001160,Pramod Awasthi,VICTIM,0,0,
INC001957,P001250,Yogendra Shukla,WITNESS,0,0,
INC001958,P000740,Faizan Baig,ACCUSED,0,0,
INC001958,P001127,Vaishali Trivedi,COMPLAINANT,0,0,
INC001959,P000414,Thangaraj Rajendran,ABSCONDING_ACCUSED,1,1,2026-04-21
INC001959,P000381,Perumal Subramanian,SUSPECT,0,0,
INC001959,P000393,Anbu Muthusamy,ABSCONDING_ACCUSED,1,1,2026-02-13
INC001959,P000373,Saravanan Mudaliar,ACCUSED,0,0,
INC001959,P000396,Netrapal Nishad,ACCUSED,0,0,
INC001959,P001080,Sukumar Pal,COMPLAINANT,0,0,
INC001959,P001387,Arun Yadav,VICTIM,0,0,
INC001960,P000559,Tarsem Singh,ACCUSED,0,0,
INC001960,P000563,Malkiat Bains,SUSPECT,1,0,2022-01-13
INC001960,P001003,Rachna Baghel,COMPLAINANT,0,0,
INC001960,P001406,Mahesh Rathore,VICTIM,0,0,
INC001961,P000741,Trupti Parmar,SUSPECT,1,1,2026-07-05
INC001961,P000726,Rahul Rane,ACCUSED,1,1,2026-09-11
INC001961,P000715,Imran Farooqui,ACCUSED,1,1,2026-08-29
INC001961,P001471,Sudarshan Swain,COMPLAINANT,0,0,
INC001961,P001132,Pushpa Saini,VICTIM,0,0,
INC001961,P001443,Srinivas Varma,WITNESS,0,0,
INC001962,P000372,Rajendran Pillai,ACCUSED,0,0,
INC001962,P000398,Girish Hiremath,SUSPECT,1,0,2024-08-05
INC001962,P000360,Jagdish Singh,SUSPECT,1,1,2025-01-14
INC001962,P000391,Mallikarjun Desai,ABSCONDING_ACCUSED,1,1,2024-10-04
INC001962,P001027,Murugan Rajendran,COMPLAINANT,0,0,
INC001962,P001356,Chandru Bellad,VICTIM,0,0,
INC001963,P000694,Gautam Sen,SUSPECT,1,0,2025-01-08
INC001963,P000687,Dinesh Prajapati,ACCUSED,1,1,2024-12-06
INC001963,P001274,Yusuf Saifi,COMPLAINANT,0,0,
INC001963,P001345,Bimal Halder,VICTIM,0,0,
INC001963,P001034,Bandana Sen,WITNESS,0,0,
INC001964,P000507,Suresh Nishad,ACCUSED,1,1,2024-09-02
INC001964,P000472,Manoj Kashyap,SUSPECT,0,0,
INC001964,P000496,Har Prasad Rajput,ACCUSED,1,1,2024-12-27
INC001964,P001216,Gautam Gayen,COMPLAINANT,0,0,
INC001964,P001193,Palash Das,VICTIM,0,0,
INC001965,P000165,Nadeem Chaudhary,ACCUSED,0,0,
INC001965,P000121,Ashfaq Saifi,SUSPECT,1,1,2026-07-20
INC001965,P000127,Nadeem Mirza,ACCUSED,1,1,2026-06-28
INC001965,P001476,Sandip Patil,COMPLAINANT,0,0,
INC001966,P000198,Pradip Barman,ACCUSED,1,1,2024-06-20
INC001966,P001374,Bhagwati Poonia,COMPLAINANT,0,0,
INC001966,P001473,Shabana Qureshi,VICTIM,0,0,
INC001967,P000714,Divyesh Vaghela,ACCUSED,0,0,
INC001967,P001153,Kanta Gurjar,COMPLAINANT,0,0,
INC001967,P001351,Nilesh Trivedi,WITNESS,0,0,
INC001968,P000355,Randhir Sharma,ACCUSED,0,0,
INC001968,P000344,Jignesh Dave,ACCUSED,0,0,
INC001968,P000340,Girdhari Tiwari,SUSPECT,0,0,
INC001968,P000295,Imran Saifi,ACCUSED,0,0,
INC001968,P000331,Shakeel Ansari,SUSPECT,0,0,
INC001968,P001432,Shanti Verma,COMPLAINANT,0,0,
INC001968,P001150,Venkatesh Sharma,VICTIM,0,0,
INC001969,P000290,Alpesh Shah,ACCUSED,1,1,2019-11-20
INC001969,P000344,Jignesh Dave,ACCUSED,1,0,2020-05-09
INC001969,P001268,Deepa Warrier,COMPLAINANT,0,0,
INC001969,P001350,Arindam Adhikari,VICTIM,0,0,
INC001969,P001225,Reshma Idrisi,WITNESS,0,0,
INC001970,P000761,Mahesh Pandey,ACCUSED,1,1,2024-06-27
INC001970,P000749,Shyamlal Bhardwaj,ACCUSED,1,1,2024-07-23
INC001970,P000748,Divyesh Desai,ABSCONDING_ACCUSED,0,0,
INC001970,P001143,Suresh Srivastava,COMPLAINANT,0,0,
INC001971,P000157,Devi Lal Godara,ACCUSED,1,1,2022-10-27
INC001971,P001071,Surinder Bajwa,COMPLAINANT,0,0,
INC001972,P000970,Ashfaq Saifi,SUSPECT,0,0,
INC001972,P000896,Aslam Khan,ACCUSED,1,1,2026-05-25
INC001972,P000904,Bhagaban Patra,ACCUSED,1,1,2026-07-21
INC001972,P001375,Yellaiah Yadav,COMPLAINANT,0,0,
INC001972,P001258,Subhas Ghosh,VICTIM,0,0,
INC001973,P000849,Bikram Sangma,ABSCONDING_ACCUSED,1,1,2024-03-26
INC001973,P000873,Bikram Basumatary,ACCUSED,1,1,2023-11-24
INC001973,P000868,Satish Maurya,ACCUSED,1,1,2023-11-16
INC001973,P000876,Krishnaiah Goud,ACCUSED,0,0,
INC001973,P000851,Ilango Subramanian,ACCUSED,0,0,
INC001973,P000866,Chinnadurai Annadurai,ABSCONDING_ACCUSED,0,0,
INC001973,P000875,Yumnam Rabha,ACCUSED,1,1,2024-05-18
INC001973,P001157,Praveen Joseph,COMPLAINANT,0,0,
INC001973,P001144,Rekha Nagar,VICTIM,0,0,
INC001973,P001344,Baljit Sidhu,WITNESS,0,0,
INC001974,P000023,Hardik Barot,ACCUSED,1,0,2026-03-31
INC001974,P001392,Kamla Thakur,COMPLAINANT,0,0,
INC001974,P001242,Bhaskar Shinde,VICTIM,0,0,
INC001975,P000129,Kulwant Aulakh,ACCUSED,1,1,2021-12-23
INC001975,P000135,Karni Meena,ACCUSED,1,0,2021-07-30
INC001975,P001153,Kanta Gurjar,COMPLAINANT,0,0,
INC001975,P001243,Rajni Pandey,VICTIM,0,0,
INC001976,P000263,Palash Sen,ACCUSED,1,1,2024-08-10
INC001976,P000245,Kartik Adhikari,ACCUSED,1,1,2024-07-29
INC001976,P000238,Girdhari Baghel,ABSCONDING_ACCUSED,1,1,2024-09-21
INC001976,P000180,Sukumar Biswas,ACCUSED,0,0,
INC001976,P000223,Har Prasad Yadav,SUSPECT,1,1,2024-12-12
INC001976,P001034,Bandana Sen,COMPLAINANT,0,0,
INC001976,P001226,Lalthanga Debbarma,VICTIM,0,0,
INC001976,P001060,Arivazhagan Mudaliar,WITNESS,0,0,
INC001977,P000073,Iqbal Mansuri,ACCUSED,1,1,2024-10-26
INC001977,P000059,Bharat Bhatt,ABSCONDING_ACCUSED,0,0,
INC001977,P001296,Elango Naicker,COMPLAINANT,0,0,
INC001977,P001087,Shahnawaz Mansuri,VICTIM,0,0,
INC001977,P001500,Salim Qureshi,WITNESS,0,0,
INC001978,P000630,Bibhuti Mohanty,ACCUSED,1,1,2025-01-24
INC001978,P000635,Manikandan Annadurai,SUSPECT,1,0,2025-02-21
INC001978,P001449,Swapan Bose,COMPLAINANT,0,0,
INC001978,P001370,Chandrakala Bhat,VICTIM,0,0,
INC001979,P000859,Thangaraj Naicker,ACCUSED,1,1,2021-01-20
INC001979,P000862,Ngangbam Brahma,ACCUSED,1,0,2021-06-27
INC001979,P000865,Padma Yadav,ACCUSED,1,1,2021-01-04
INC001979,P000846,Mahesh Shukla,SUSPECT,1,1,2021-01-09
INC001979,P000875,Yumnam Rabha,ACCUSED,1,0,2021-02-20
INC001979,P000866,Chinnadurai Annadurai,ACCUSED,0,0,
INC001979,P000851,Ilango Subramanian,ACCUSED,0,0,
INC001979,P001281,Vidyawati Tiwari,COMPLAINANT,0,0,
INC001979,P001338,Meena Dubey,VICTIM,0,0,
INC001979,P001403,Ratheesh Varghese,WITNESS,0,0,
INC001980,P000316,Jitendra Solanki,ACCUSED,0,0,
INC001980,P001286,Poonam Kushwaha,COMPLAINANT,0,0,
INC001980,P001436,Alpesh Shah,VICTIM,0,0,
INC001981,P000983,Rodney Fernandes,ABSCONDING_ACCUSED,0,0,
INC001981,P001497,Deepak Singh,COMPLAINANT,0,0,
INC001981,P001182,Jhunu Rout,VICTIM,0,0,
INC001982,P000959,Mitesh Rabari,ACCUSED,1,1,2019-02-25
INC001982,P000996,Udaiveer Thakur,ACCUSED,1,1,2019-04-21
INC001982,P001081,Afsana Mansuri,COMPLAINANT,0,0,
INC001982,P001451,Sindhu Panicker,VICTIM,0,0,
INC001982,P001095,Meena Nagar,WITNESS,0,0,
INC001983,P000169,Rukhsana Ahmed,ACCUSED,0,0,
INC001983,P001307,Biju Nair,COMPLAINANT,0,0,
INC001983,P001414,Sujoy Bose,WITNESS,0,0,
INC001984,P000014,Jayesh Barot,ABSCONDING_ACCUSED,1,0,2025-12-11
INC001984,P000030,Rahul Jadhav,ACCUSED,1,1,2025-11-21
INC001984,P001387,Arun Yadav,COMPLAINANT,0,0,
INC001984,P001093,Farida Siddiqui,VICTIM,0,0,
INC001984,P001362,Tapasi Sen,WITNESS,0,0,
INC001985,P000738,Dharmesh Joshi,SUSPECT,1,0,2025-11-20
INC001985,P000726,Rahul Rane,ACCUSED,0,0,
INC001985,P000720,Manisha Patil,ACCUSED,1,1,2026-01-26
INC001985,P000741,Trupti Parmar,SUSPECT,1,0,2025-10-07
INC001985,P001301,Pandurang Kadam,COMPLAINANT,0,0,
INC001985,P001466,Afsana Shaikh,VICTIM,0,0,
INC001986,P000501,Rafiq Siddiqui,ACCUSED,1,0,2023-03-24
INC001986,P001193,Palash Das,COMPLAINANT,0,0,
INC001986,P001420,Rupa Halder,VICTIM,0,0,
INC001986,P001322,Vasanthi Muthusamy,WITNESS,0,0,
INC001987,P000923,Sarfaraz Farooqui,ACCUSED,1,1,2025-06-08
INC001987,P000972,Prakash Rai,SUSPECT,0,0,
INC001987,P000970,Ashfaq Saifi,ACCUSED,1,1,2025-06-09
INC001987,P000960,Sushila Jat,ACCUSED,1,1,2025-08-05
INC001987,P001360,Har Prasad Gupta,COMPLAINANT,0,0,
INC001987,P001096,Mushtaq Mirza,VICTIM,0,0,
INC001987,P001018,Kesar Bishnoi,WITNESS,0,0,
INC001988,P000096,Navneet Bajwa,ACCUSED,0,0,
INC001988,P001404,Vijaya Setty,COMPLAINANT,0,0,
INC001988,P001391,Ramkali Prajapati,VICTIM,0,0,
INC001988,P001324,Wasim Ahmed,WITNESS,0,0,
INC001989,P000868,Satish Maurya,ACCUSED,0,0,
INC001989,P001237,Devendra Sengar,COMPLAINANT,0,0,
INC001989,P001141,Prashant More,VICTIM,0,0,
INC001989,P001076,Bikash Naskar,WITNESS,0,0,
INC001990,P000405,Om Prakash Chauhan,SUSPECT,1,1,2023-10-28
INC001990,P000390,Chitra Mudaliar,ACCUSED,1,0,2023-11-29
INC001990,P001046,Shakeel Ahmed,COMPLAINANT,0,0,
INC001990,P001247,Wasim Malik,VICTIM,0,0,
INC001990,P001298,Harpreet Toor,WITNESS,0,0,
INC001991,P000930,Yallappa Acharya,ABSCONDING_ACCUSED,1,1,2025-12-09
INC001991,P000985,Arindam Chakraborty,ACCUSED,1,0,2025-12-06
INC001991,P000980,Manikandan Subramanian,ACCUSED,1,1,2026-03-19
INC001991,P001461,Chandra Shekar Choudary,COMPLAINANT,0,0,
INC001991,P001322,Vasanthi Muthusamy,VICTIM,0,0,
INC001991,P001153,Kanta Gurjar,WITNESS,0,0,
INC001992,P000421,Yusuf Hussain,SUSPECT,1,0,2025-10-11
INC001992,P000462,Kuldeep Pandey,ACCUSED,1,1,2025-11-23
INC001992,P000465,Sanjib Das,ACCUSED,1,1,2026-01-27
INC001992,P000466,Har Prasad Pandey,ACCUSED,1,0,2025-11-04
INC001992,P001137,Poongodi Annadurai,COMPLAINANT,0,0,
INC001992,P001358,Ravi Patil,VICTIM,0,0,
INC001992,P001177,Thangaraj Mudaliar,WITNESS,0,0,
INC001993,P000479,Balbir Baghel,ACCUSED,0,0,
INC001993,P000500,Wasim Rahman,ACCUSED,0,0,
INC001993,P000505,Nazia Khan,SUSPECT,1,1,2026-10-22
INC001993,P000501,Rafiq Siddiqui,SUSPECT,1,1,2026-12-04
INC001993,P000495,Firoz Mansuri,ACCUSED,1,1,2026-11-16
INC001993,P001355,Ajay Kashyap,COMPLAINANT,0,0,
INC001993,P001134,Mangamma Setty,VICTIM,0,0,
INC001993,P001055,Mushtaq Idrisi,WITNESS,0,0,
INC001994,P000991,Nathu Beniwal,ACCUSED,1,1,2026-12-01
INC001994,P001500,Salim Qureshi,COMPLAINANT,0,0,
INC001994,P001445,Jyoti Solanki,VICTIM,0,0,
INC001994,P001024,Revathi Thevar,WITNESS,0,0,
INC001995,P000437,Farida Khan,ACCUSED,1,0,2025-04-20
INC001995,P000467,Firoz Rahman,ABSCONDING_ACCUSED,0,0,
INC001995,P000440,Swapan Gayen,ACCUSED,1,1,2025-01-22
INC001995,P001307,Biju Nair,COMPLAINANT,0,0,
INC001995,P001462,Shyamlal Awasthi,VICTIM,0,0,
INC001995,P001251,Reshma Farooqui,WITNESS,0,0,
INC001996,P000896,Aslam Khan,SUSPECT,1,1,2025-04-13
INC001996,P000974,Netrapal Tiwari,ACCUSED,0,0,
INC001996,P001454,Chitra Kurup,COMPLAINANT,0,0,
INC001996,P001274,Yusuf Saifi,VICTIM,0,0,
INC001996,P001241,Gautam Naskar,WITNESS,0,0,
INC001997,P000920,Aruna Yadav,ABSCONDING_ACCUSED,1,1,2025-03-06
INC001997,P000963,Sandip Bhoir,SUSPECT,0,0,
INC001997,P000906,Palanisamy Gounder,ACCUSED,1,1,2025-04-07
INC001997,P001116,Padma Reddy,COMPLAINANT,0,0,
INC001997,P001097,Nasreen Shaikh,VICTIM,0,0,
INC001997,P001285,Farida Qureshi,WITNESS,0,0,
INC001998,P000962,Divyesh Bhatt,SUSPECT,1,1,2026-03-14
INC001998,P001144,Rekha Nagar,COMPLAINANT,0,0,
INC001998,P001311,Jyotsna Patil,VICTIM,0,0,
INC001998,P001027,Murugan Rajendran,WITNESS,0,0,
INC001999,P000883,Ravi Poojary,SUSPECT,1,1,2023-09-27
INC001999,P000995,Dinesh Yadav,ACCUSED,1,0,2023-11-18
INC001999,P001185,Peter Lobo,COMPLAINANT,0,0,
INC001999,P001368,Kuni Mohanty,WITNESS,0,0,
INC002000,P000123,Bhoma Poonia,ACCUSED,0,0,
INC002000,P000107,Mohammed Shaikh,ACCUSED,1,1,2023-01-27
INC002000,P000110,Iqbal Pathan,ACCUSED,1,1,2023-05-28
INC002000,P000112,Rafiq Ansari,ACCUSED,0,0,
INC002000,P000165,Nadeem Chaudhary,ACCUSED,1,1,2023-05-22
INC002000,P001318,Paresh Solanki,COMPLAINANT,0,0,
INC002000,P001487,Amol Mhatre,WITNESS,0,0,
INC002001,P000122,Karni Bishnoi,ACCUSED,1,1,2020-03-31
INC002001,P001145,Pushpalatha Kamath,COMPLAINANT,0,0,
INC002001,P001153,Kanta Gurjar,VICTIM,0,0,
INC002002,P000554,Davinder Bhullar,ACCUSED,1,1,2026-06-10
INC002002,P000559,Tarsem Singh,ACCUSED,1,1,2026-01-17
INC002002,P000565,Devendra Tiwari,SUSPECT,1,1,2026-03-21
INC002002,P000544,Iqbal Malik,SUSPECT,0,0,
INC002002,P000534,Pushpa Awasthi,ACCUSED,0,0,
INC002002,P000557,Haroon Pathan,ACCUSED,1,1,2026-04-06
INC002002,P000546,Om Prakash Rathore,SUSPECT,1,1,2026-04-17
INC002002,P001309,Abdul Pathan,COMPLAINANT,0,0,
INC002002,P001083,Kavita Baghel,VICTIM,0,0,
INC002002,P001205,Vijay Thakur,WITNESS,0,0,
INC002003,P000724,Pandurang Naik,SUSPECT,1,1,2024-12-23
INC002003,P000750,Nadeem Khan,SUSPECT,0,0,
INC002003,P000745,Paresh Rabari,ACCUSED,1,1,2025-03-08
INC002003,P001111,Ravinder Prasad,COMPLAINANT,0,0,
INC002003,P001478,Satish Mishra,VICTIM,0,0,
INC002003,P001463,Sudheer Menon,WITNESS,0,0,
INC002004,P000880,Murugan Annadurai,SUSPECT,1,1,2025-09-11
INC002004,P001132,Pushpa Saini,COMPLAINANT,0,0,
INC002004,P001484,Sukhdev Dhillon,VICTIM,0,0,
INC002005,P000943,Ashfaq Farooqui,ABSCONDING_ACCUSED,1,1,2026-07-14
INC002005,P000884,Wasim Mansuri,SUSPECT,1,1,2026-11-25
INC002005,P000928,Vijay Sengar,ACCUSED,0,0,
INC002005,P001053,Jagmal Purohit,COMPLAINANT,0,0,
INC002005,P001241,Gautam Naskar,VICTIM,0,0,
INC002006,P000120,Harbhajan Sekhon,ACCUSED,1,0,2023-12-20
INC002006,P000122,Karni Bishnoi,ACCUSED,1,1,2024-01-10
INC002006,P000165,Nadeem Chaudhary,ACCUSED,1,1,2023-07-26
INC002006,P001022,Kuldeep Kashyap,COMPLAINANT,0,0,
INC002006,P001475,Bandana Biswas,VICTIM,0,0,
INC002006,P001296,Elango Naicker,WITNESS,0,0,
INC002007,P000735,Vipul Parmar,ACCUSED,0,0,
INC002007,P001283,Swapnil Naik,COMPLAINANT,0,0,
INC002008,P000148,Bhanwar Saini,ACCUSED,0,0,
INC002008,P000144,Yusuf Baig,ACCUSED,0,0,
INC002008,P000104,Devi Lal Vyas,ACCUSED,1,0,2019-09-26
INC002008,P000122,Karni Bishnoi,ABSCONDING_ACCUSED,0,0,
INC002008,P000164,Gurmeet Aulakh,ACCUSED,1,0,2019-08-14
INC002008,P001478,Satish Mishra,COMPLAINANT,0,0,
INC002009,P000781,Prakash Maurya,ABSCONDING_ACCUSED,0,0,
INC002009,P000780,Pradeep Prajapati,ACCUSED,1,0,2026-10-06
INC002009,P001060,Arivazhagan Mudaliar,COMPLAINANT,0,0,
INC002009,P001412,Savita Saini,VICTIM,0,0,
INC002009,P001230,Lakshmi Mudiraj,WITNESS,0,0,
INC002010,P000586,Nirmal Mistry,ACCUSED,0,0,
INC002010,P000598,Tanveer Siddiqui,ACCUSED,1,1,2026-03-04
INC002010,P000607,Udaiveer Prajapati,ACCUSED,1,1,2026-05-14
INC002010,P000603,Firoz Rahman,ACCUSED,0,0,
INC002010,P001323,Rohini Kamble,COMPLAINANT,0,0,
INC002010,P001048,Prabhakar Mudiraj,VICTIM,0,0,
INC002011,P000470,Girdhari Shukla,ACCUSED,0,0,
INC002011,P000422,Debashish Biswas,SUSPECT,1,1,2023-02-17
INC002011,P000430,Kartik Halder,SUSPECT,1,0,2023-02-09
INC002011,P001126,Baljinder Brar,COMPLAINANT,0,0,
INC002011,P001171,Sandip Rane,VICTIM,0,0,
INC002011,P001367,Temjen Basumatary,WITNESS,0,0,
INC002012,P000870,Mariappan Pandian,ACCUSED,0,0,
INC002012,P000880,Murugan Annadurai,ACCUSED,0,0,
INC002012,P001065,Karthik Raja,COMPLAINANT,0,0,
INC002012,P001302,Manoj Marar,VICTIM,0,0,
INC002012,P001022,Kuldeep Kashyap,WITNESS,0,0,
INC002013,P000924,Aarti Waghmare,ACCUSED,1,1,2022-02-18
INC002013,P000881,Rajitha Naidu,ACCUSED,1,0,2021-11-23
INC002013,P001325,Nagaratna Kulkarni,COMPLAINANT,0,0,
INC002013,P001367,Temjen Basumatary,WITNESS,0,0,
INC002014,P000835,Bikramjit Sekhon,ACCUSED,1,1,2026-04-27
INC002014,P000814,Balbir Thakur,ACCUSED,1,1,2026-08-20
INC002014,P000817,Rachhpal Sandhu,ABSCONDING_ACCUSED,1,1,2026-07-18
INC002014,P001049,Sabita Mohanty,COMPLAINANT,0,0,
INC002014,P001310,Bikramjit Sekhon,VICTIM,0,0,
INC002014,P001305,Anwar Chaudhary,WITNESS,0,0,
INC002015,P000068,Reshma Saifi,ACCUSED,1,1,2024-05-24
INC002015,P000069,Sarfaraz Qureshi,ACCUSED,0,0,
INC002015,P000001,Anwar Ahmed,ACCUSED,0,0,
INC002015,P001236,Gopal Chakraborty,COMPLAINANT,0,0,
INC002015,P001091,Sandip Mhatre,VICTIM,0,0,
INC002015,P001324,Wasim Ahmed,WITNESS,0,0,
INC002016,P000924,Aarti Waghmare,ACCUSED,1,1,2025-06-16
INC002016,P001459,Sujatha Yadav,COMPLAINANT,0,0,
INC002016,P001069,Baljinder Mann,VICTIM,0,0,
INC002017,P000903,Lekhraj Srivastava,ACCUSED,0,0,
INC002017,P000944,Siddaraju Patil,SUSPECT,0,0,
INC002017,P001269,Hanumanthappa Chikkanna,COMPLAINANT,0,0,
INC002018,P000859,Thangaraj Naicker,ACCUSED,1,0,2022-06-24
INC002018,P000846,Mahesh Shukla,ACCUSED,1,0,2022-02-26
INC002018,P000857,Narsimha Vemula,ACCUSED,1,1,2022-06-15
INC002018,P000867,Lekhraj Bhardwaj,ACCUSED,0,0,
INC002018,P000855,Alemba Momin,ACCUSED,0,0,
INC002018,P000872,Bikram Jamir,SUSPECT,1,1,2022-02-03
INC002018,P000861,Balbir Yadav,ABSCONDING_ACCUSED,1,1,2022-02-21
INC002018,P001477,Chhaya Bhattacharya,COMPLAINANT,0,0,
INC002018,P001178,Javed Malik,VICTIM,0,0,
INC002018,P001390,Naresh Srivastava,WITNESS,0,0,
INC002019,P000732,Bhaskar Shinde,ABSCONDING_ACCUSED,1,0,2026-03-19
INC002019,P000735,Vipul Parmar,SUSPECT,1,1,2026-04-13
INC002019,P000731,Aarti Shinde,SUSPECT,1,1,2026-05-12
INC002019,P000725,Altaf Khan,ACCUSED,0,0,
INC002019,P001020,Mallesh Yadav,COMPLAINANT,0,0,
INC002019,P001184,Mallesh Mudiraj,VICTIM,0,0,
INC002020,P000785,Girdhari Saini,ACCUSED,1,1,2025-01-01
INC002020,P000775,Shakeel Idrisi,ACCUSED,0,0,
INC002020,P000794,Wasim Hussain,SUSPECT,1,1,2024-11-05
INC002020,P000791,Sarfaraz Saifi,ACCUSED,1,0,2024-12-13
INC002020,P001317,Rafiq Khan,COMPLAINANT,0,0,
INC002020,P001248,Basanti Jena,VICTIM,0,0,
INC002020,P001419,Malathi Nadar,WITNESS,0,0,
INC002021,P000350,Vipul Chauhan,ACCUSED,1,0,2026-05-10
INC002021,P000340,Girdhari Tiwari,ACCUSED,1,1,2026-08-02
INC002021,P000335,Wasim Baig,ACCUSED,1,1,2026-06-28
INC002021,P000291,Manoj Menon,ACCUSED,1,1,2026-07-25
INC002021,P000324,Nilesh Parmar,ACCUSED,1,1,2026-09-30
INC002021,P001200,Rajwinder Bains,COMPLAINANT,0,0,
INC002021,P001353,Kuni Nayak,VICTIM,0,0,
INC002022,P000488,Aslam Ahmed,ACCUSED,1,1,2026-03-09
INC002022,P000508,Rizwan Ahmed,ACCUSED,1,1,2026-03-13
INC002022,P001450,Chitra Chettiar,COMPLAINANT,0,0,
INC002022,P001272,Girish Hiremath,VICTIM,0,0,
INC002022,P001012,Harjinder Gill,WITNESS,0,0,
INC002023,P000500,Wasim Rahman,ACCUSED,1,1,2026-02-12
INC002023,P000491,Anil Srivastava,ACCUSED,0,0,
INC002023,P000497,Prakash Thakur,SUSPECT,0,0,
INC002023,P000507,Suresh Nishad,SUSPECT,1,0,2025-11-15
INC002023,P001288,Chhaya Bose,COMPLAINANT,0,0,
INC002023,P001439,Shabana Farooqui,VICTIM,0,0,
INC002024,P000796,Abdul Malik,ABSCONDING_ACCUSED,1,1,2025-02-05
INC002024,P000769,Shakeel Siddiqui,SUSPECT,0,0,
INC002024,P000787,Shabana Mirza,ACCUSED,1,1,2025-07-25
INC002024,P001115,Amol Kamble,COMPLAINANT,0,0,
INC002024,P001078,Pramila Munda,VICTIM,0,0,
INC002025,P000216,Firoz Ahmed,ABSCONDING_ACCUSED,1,1,2025-06-30
INC002025,P000180,Sukumar Biswas,SUSPECT,1,1,2025-04-26
INC002025,P000187,Naresh Jaiswal,ACCUSED,1,1,2025-08-12
INC002025,P000264,Girdhari Prajapati,ACCUSED,0,0,
INC002025,P000198,Pradip Barman,ACCUSED,1,1,2025-06-27
INC002025,P000243,Reshma Hussain,ACCUSED,1,0,2025-03-07
INC002025,P000194,Bandana Das,ACCUSED,1,1,2025-05-22
INC002025,P001365,Sujatha Setty,COMPLAINANT,0,0,
INC002025,P001342,Prakash Patil,VICTIM,0,0,
INC002025,P001481,Vaishnavi Gaikwad,WITNESS,0,0,
INC002026,P000773,Shakuntala Nishad,ACCUSED,0,0,
INC002026,P000783,Firoz Siddiqui,ABSCONDING_ACCUSED,1,0,2025-08-26
INC002026,P000796,Abdul Malik,ACCUSED,1,0,2025-07-30
INC002026,P000768,Prakash Gupta,ABSCONDING_ACCUSED,1,1,2025-08-25
INC002026,P001177,Thangaraj Mudaliar,COMPLAINANT,0,0,
INC002026,P001231,Rambabu Pandey,VICTIM,0,0,
INC002027,P000453,Hariom Shukla,ABSCONDING_ACCUSED,0,0,
INC002027,P001482,Sujoy Sardar,COMPLAINANT,0,0,
INC002027,P001095,Meena Nagar,VICTIM,0,0,
INC002028,P000691,Arun Gupta,ACCUSED,1,1,2023-05-04
INC002028,P000695,Basanta Mallick,ACCUSED,1,1,2023-08-28
INC002028,P000697,Kartik Dutta,SUSPECT,0,0,
INC002028,P001347,Sanoop Kartha,COMPLAINANT,0,0,
INC002028,P001052,Bheru Vyas,VICTIM,0,0,
INC002029,P000458,Zubair Ahmed,SUSPECT,0,0,
INC002029,P001287,Tanveer Malik,COMPLAINANT,0,0,
INC002029,P001489,Narsimha Prasad,VICTIM,0,0,
INC002030,P000394,Pramod Shukla,ACCUSED,0,0,
INC002030,P000391,Mallikarjun Desai,ACCUSED,0,0,
INC002030,P000410,Arun Maurya,ACCUSED,1,1,2025-07-07
INC002030,P000399,Netrapal Bhardwaj,SUSPECT,0,0,
INC002030,P000368,Dinesh Rathore,ACCUSED,1,0,2025-04-14
INC002030,P000379,Saravanan Naicker,ABSCONDING_ACCUSED,0,0,
INC002030,P000372,Rajendran Pillai,ACCUSED,1,1,2025-04-04
INC002030,P001186,Balaraju Mudiraj,COMPLAINANT,0,0,
INC002030,P001185,Peter Lobo,VICTIM,0,0,
INC002031,P000961,Rambabu Tomar,ACCUSED,0,0,
INC002031,P000973,Shabana Pathan,SUSPECT,0,0,
INC002031,P000924,Aarti Waghmare,SUSPECT,0,0,
INC002031,P000999,Satish Rathore,ACCUSED,0,0,
INC002031,P000902,Manjunath Desai,ACCUSED,1,1,2024-05-07
INC002031,P001240,Gurpreet Dhaliwal,COMPLAINANT,0,0,
INC002031,P001444,Clara Coutinho,VICTIM,0,0,
INC002032,P000697,Kartik Dutta,ACCUSED,0,0,
INC002032,P000693,Arun Chauhan,ACCUSED,0,0,
INC002032,P000696,Jagabandhu Sahoo,ACCUSED,0,0,
INC002032,P000683,Sanjib Mistry,SUSPECT,0,0,
INC002032,P001125,Remya Thomas,COMPLAINANT,0,0,
INC002032,P001170,Hansa Dave,VICTIM,0,0,
INC002033,P000964,Kiran Waghmare,ACCUSED,0,0,
INC002033,P001498,Selvam Chettiar,COMPLAINANT,0,0,
INC002034,P000391,Mallikarjun Desai,ACCUSED,1,1,2025-03-06
INC002034,P001219,Arun Rajput,COMPLAINANT,0,0,
INC002034,P001346,Xavier Coutinho,VICTIM,0,0,
INC002034,P001207,Sunita Verma,WITNESS,0,0,
INC002035,P000382,Mallikarjun Rai,SUSPECT,0,0,
INC002035,P000416,Manikandan Annadurai,ABSCONDING_ACCUSED,1,1,2025-09-28
INC002035,P000361,Ramesh Dixit,ACCUSED,0,0,
INC002035,P001242,Bhaskar Shinde,COMPLAINANT,0,0,
INC002035,P001411,Clara Almeida,VICTIM,0,0,
INC002035,P001038,Charanjit Kang,WITNESS,0,0,
INC002036,P000899,Pradeep Pandey,ABSCONDING_ACCUSED,1,1,2025-04-02
INC002036,P001160,Pramod Awasthi,COMPLAINANT,0,0,
INC002036,P001356,Chandru Bellad,VICTIM,0,0,
INC002037,P000025,Ganesh Chavan,SUSPECT,1,1,2026-04-09
INC002037,P000073,Iqbal Mansuri,ACCUSED,0,0,
INC002037,P000066,Ashfaq Mansuri,ACCUSED,1,1,2026-05-22
INC002037,P001476,Sandip Patil,COMPLAINANT,0,0,
INC002037,P001049,Sabita Mohanty,VICTIM,0,0,
INC002038,P000149,Satnam Sandhu,ACCUSED,0,0,
INC002038,P001210,Nilesh More,COMPLAINANT,0,0,
INC002039,P000695,Basanta Mallick,ABSCONDING_ACCUSED,0,0,
INC002039,P000687,Dinesh Prajapati,ACCUSED,1,0,2023-11-20
INC002039,P001031,Mallesh Kumar,COMPLAINANT,0,0,
INC002039,P001228,Yasmin Pathan,VICTIM,0,0,
INC002039,P001049,Sabita Mohanty,WITNESS,0,0,
INC002040,P000551,Abdul Idrisi,ACCUSED,1,1,2026-01-08
INC002040,P000536,Javed Shaikh,ACCUSED,1,0,2026-05-12
INC002040,P001423,Vidyawati Verma,COMPLAINANT,0,0,
INC002040,P001405,Nagesh Angadi,VICTIM,0,0,
INC002041,P000964,Kiran Waghmare,ACCUSED,0,0,
INC002041,P000969,Aslam Ansari,ACCUSED,0,0,
INC002041,P000941,Bhagaban Mallick,SUSPECT,1,1,2026-05-28
INC002041,P000978,Kuldeep Thakur,ACCUSED,1,0,2026-04-05
INC002041,P000976,Snehal Bhosale,ACCUSED,0,0,
INC002041,P000946,Rajni Awasthi,ACCUSED,0,0,
INC002041,P000883,Ravi Poojary,SUSPECT,0,0,
INC002041,P001048,Prabhakar Mudiraj,COMPLAINANT,0,0,
INC002041,P001374,Bhagwati Poonia,VICTIM,0,0,
INC002042,P000120,Harbhajan Sekhon,SUSPECT,1,1,2025-06-04
INC002042,P000113,Mushtaq Khan,ACCUSED,1,1,2025-11-04
INC002042,P001167,Palanisamy Nadar,COMPLAINANT,0,0,
INC002042,P001203,Nirmal Das,VICTIM,0,0,
INC002042,P001475,Bandana Biswas,WITNESS,0,0,
INC002043,P000969,Aslam Ansari,ACCUSED,1,1,2026-03-15
INC002043,P000980,Manikandan Subramanian,ACCUSED,0,0,
INC002043,P001027,Murugan Rajendran,COMPLAINANT,0,0,
INC002043,P001324,Wasim Ahmed,VICTIM,0,0,
INC002043,P001059,Salim Qureshi,WITNESS,0,0,
INC002044,P000431,Bikash Roy,ABSCONDING_ACCUSED,0,0,
INC002044,P000447,Javed Malik,ACCUSED,0,0,
INC002044,P000419,Palash Mistry,ACCUSED,0,0,
INC002044,P000469,Mohammed Baig,ACCUSED,0,0,
INC002044,P000468,Gopal Naskar,ACCUSED,1,1,2024-11-06
INC002044,P000434,Ibrahim Khan,SUSPECT,0,0,
INC002044,P000471,Swapan Dutta,ACCUSED,0,0,
INC002044,P001434,Triloki Singh,COMPLAINANT,0,0,
INC002044,P001428,Sheryl Pereira,VICTIM,0,0,
INC002045,P000974,Netrapal Tiwari,ACCUSED,0,0,
INC002045,P001224,Bhagwati Bhati,COMPLAINANT,0,0,
INC002045,P001141,Prashant More,VICTIM,0,0,
INC002045,P001266,Sekar Pandian,WITNESS,0,0,
INC002046,P000796,Abdul Malik,ACCUSED,0,0,
INC002046,P000767,Balbir Dixit,ACCUSED,0,0,
INC002046,P000776,Ibrahim Alam,ACCUSED,1,1,2023-08-22
INC002046,P000768,Prakash Gupta,ABSCONDING_ACCUSED,1,0,2023-08-26
INC002046,P000788,Rafiq Malik,ABSCONDING_ACCUSED,1,1,2023-08-16
INC002046,P001379,Ajay Chauhan,COMPLAINANT,0,0,
INC002046,P001020,Mallesh Yadav,VICTIM,0,0,
INC002047,P000259,Rizwan Baig,ABSCONDING_ACCUSED,1,0,2025-05-03
INC002047,P000191,Firoz Sheikh,SUSPECT,1,1,2025-01-22
INC002047,P001414,Sujoy Bose,COMPLAINANT,0,0,
INC002047,P001407,Bikash Majumdar,VICTIM,0,0,
INC002048,P000626,Murugan Muthusamy,ACCUSED,0,0,
INC002048,P000656,Niranjan Dash,ACCUSED,0,0,
INC002048,P000620,Saravanan Rajendran,ACCUSED,1,0,2020-05-12
INC002048,P001061,Manisha More,COMPLAINANT,0,0,
INC002048,P001217,Navneet Sandhu,VICTIM,0,0,
INC002049,P000003,Dattatray Waghmare,ACCUSED,0,0,
INC002049,P000064,Rafiq Ahmed,ACCUSED,1,0,2024-02-16
INC002049,P000047,Swapnil Pawar,ABSCONDING_ACCUSED,0,0,
INC002049,P000002,Shabana Baig,ACCUSED,1,0,2024-04-13
INC002049,P001486,Netrapal Bhardwaj,COMPLAINANT,0,0,
INC002049,P001190,Ramkali Bhadauria,VICTIM,0,0,
INC002050,P000767,Balbir Dixit,SUSPECT,0,0,
INC002050,P000789,Wasim Qureshi,ACCUSED,1,1,2026-09-30
INC002050,P000787,Shabana Mirza,ACCUSED,0,0,
INC002050,P001399,Rachhpal Mann,COMPLAINANT,0,0,
INC002050,P001150,Venkatesh Sharma,VICTIM,0,0,
INC002050,P001108,Nirmala Maurya,WITNESS,0,0,
INC002051,P000565,Devendra Tiwari,ACCUSED,1,0,2021-01-03
INC002051,P000522,Wasim Malik,SUSPECT,1,1,2021-01-04
INC002051,P000537,Harbhajan Bhullar,ACCUSED,0,0,
INC002051,P000557,Haroon Pathan,SUSPECT,0,0,
INC002051,P000549,Tanveer Rahman,ACCUSED,1,1,2021-02-12
INC002051,P000533,Jaswant Brar,ACCUSED,0,0,
INC002051,P000526,Vinod Singh,ACCUSED,1,1,2021-02-01
INC002051,P001261,Sabitri Adhikari,COMPLAINANT,0,0,
INC002051,P001109,Sasmita Sahoo,VICTIM,0,0,
INC002051,P001329,Firoz Shaikh,WITNESS,0,0,
INC002052,P000707,Akshaya Sahoo,ACCUSED,1,1,2024-12-26
INC002052,P000678,Bibhuti Munda,ACCUSED,0,0,
INC002052,P000684,Sunil Verma,ABSCONDING_ACCUSED,0,0,
INC002052,P000668,Sarat Rout,ACCUSED,0,0,
INC002052,P000667,Pramod Singh,ACCUSED,1,0,2025-01-29
INC002052,P000703,Mahesh Saini,SUSPECT,1,0,2025-04-25
INC002052,P000706,Balbir Baghel,ACCUSED,1,1,2025-02-03
INC002052,P001204,Kumaraswamy Hegde,COMPLAINANT,0,0,
INC002052,P001286,Poonam Kushwaha,VICTIM,0,0,
INC002053,P000219,Jagdish Tomar,ACCUSED,1,1,2025-03-22
INC002053,P000186,Netrapal Rathore,ACCUSED,0,0,
INC002053,P000250,Palash Ghosh,ACCUSED,1,1,2025-03-30
INC002053,P000176,Sanjib Gayen,ABSCONDING_ACCUSED,1,1,2025-06-03
INC002053,P001151,Rizwan Pathan,COMPLAINANT,0,0,
INC002053,P001137,Poongodi Annadurai,VICTIM,0,0,
INC002054,P000106,Amarjit Sidhu,ACCUSED,1,1,2021-02-12
INC002054,P000174,Ranveer Gurjar,ACCUSED,1,1,2021-02-09
INC002054,P000149,Satnam Sandhu,ACCUSED,0,0,
INC002054,P000163,Shahnaz Siddiqui,ACCUSED,1,1,2021-01-16
INC002054,P000096,Navneet Bajwa,ABSCONDING_ACCUSED,1,1,2020-09-17
INC002054,P000148,Bhanwar Saini,ACCUSED,0,0,
INC002054,P000147,Devi Lal Sisodia,ACCUSED,1,1,2020-08-08
INC002054,P001148,Kishan Jhala,COMPLAINANT,0,0,
INC002054,P001159,Rina Biswas,VICTIM,0,0,
INC002055,P000521,Vijay Bhadauria,ACCUSED,0,0,
INC002055,P001228,Yasmin Pathan,COMPLAINANT,0,0,
INC002055,P001352,Srinivas Prasad,VICTIM,0,0,
INC002055,P001236,Gopal Chakraborty,WITNESS,0,0,
INC002056,P000739,Har Prasad Gupta,ACCUSED,1,1,2020-07-19
INC002056,P000743,Har Prasad Sharma,ABSCONDING_ACCUSED,1,0,2020-10-16
INC002056,P000720,Manisha Patil,ACCUSED,1,1,2020-12-01
INC002056,P000736,Sunil Yadav,ABSCONDING_ACCUSED,1,1,2020-11-09
INC002056,P001264,Karni Rathore,COMPLAINANT,0,0,
INC002056,P001088,Prabhakar Mudiraj,VICTIM,0,0,
INC002057,P000585,Iqbal Hussain,ACCUSED,0,0,
INC002057,P001106,Kuni Dash,COMPLAINANT,0,0,
INC002057,P001055,Mushtaq Idrisi,VICTIM,0,0,
INC002057,P001075,Alpesh Solanki,WITNESS,0,0,
INC002058,P000792,Nazia Khan,ACCUSED,1,1,2025-08-31
INC002058,P001309,Abdul Pathan,COMPLAINANT,0,0,
INC002058,P001322,Vasanthi Muthusamy,VICTIM,0,0,
INC002058,P001120,Basanta Jena,WITNESS,0,0,
INC002059,P000431,Bikash Roy,ACCUSED,0,0,
INC002059,P000447,Javed Malik,ACCUSED,0,0,
INC002059,P000464,Vinod Rajput,ACCUSED,0,0,
INC002059,P000452,Mushtaq Baig,ACCUSED,0,0,
INC002059,P000439,Gopal Biswas,ACCUSED,1,1,2026-05-01
INC002059,P000441,Tanveer Rahman,ACCUSED,1,1,2026-02-19
INC002059,P000423,Sikha Halder,ACCUSED,1,0,2025-12-20
INC002059,P001307,Biju Nair,COMPLAINANT,0,0,
INC002059,P001171,Sandip Rane,VICTIM,0,0,
INC002060,P000161,Mohan Sisodia,ACCUSED,1,1,2026-06-17
INC002060,P000095,Satnam Bains,ACCUSED,1,0,2026-06-10
INC002060,P001061,Manisha More,COMPLAINANT,0,0,
INC002060,P001378,Palanisamy Subramanian,VICTIM,0,0,
INC002061,P000960,Sushila Jat,ABSCONDING_ACCUSED,1,1,2026-01-10
INC002061,P000932,Chandrabhan Baghel,ACCUSED,1,1,2026-04-27
INC002061,P000962,Divyesh Bhatt,ACCUSED,0,0,
INC002061,P000975,Rajwinder Sidhu,ACCUSED,1,1,2026-05-12
INC002061,P000959,Mitesh Rabari,ACCUSED,0,0,
INC002061,P000944,Siddaraju Patil,ACCUSED,0,0,
INC002061,P000919,Sreenivasan Achari,ABSCONDING_ACCUSED,1,1,2026-04-20
INC002061,P001058,Ravichandran Pillai,COMPLAINANT,0,0,
INC002061,P001393,Swaroopa Vemula,VICTIM,0,0,
INC002061,P001420,Rupa Halder,WITNESS,0,0,
INC002062,P000415,Vinod Thakur,ACCUSED,1,1,2020-04-07
INC002062,P000361,Ramesh Dixit,ACCUSED,0,0,
INC002062,P000381,Perumal Subramanian,ACCUSED,1,0,2020-03-23
INC002062,P000413,Selvam Kurup,SUSPECT,1,0,2019-12-12
INC002062,P001142,Suresh Bhardwaj,COMPLAINANT,0,0,
INC002062,P001273,Mallesh Naidu,VICTIM,0,0,
INC002063,P000242,Pradeep Maurya,SUSPECT,0,0,
INC002063,P000178,Udaiveer Saini,ACCUSED,1,1,2023-12-14
INC002063,P001197,Bheru Kumawat,COMPLAINANT,0,0,
INC002063,P001343,Jagabandhu Sahoo,VICTIM,0,0,
INC002064,P000852,Mallesh Kumar,ACCUSED,1,1,2025-01-21
INC002064,P000846,Mahesh Shukla,ACCUSED,1,1,2025-02-05
INC002064,P000877,Palanisamy Annadurai,ACCUSED,0,0,
INC002064,P000851,Ilango Subramanian,ACCUSED,1,1,2024-12-13
INC002064,P001324,Wasim Ahmed,COMPLAINANT,0,0,
INC002064,P001122,Nazia Ahmed,VICTIM,0,0,
INC002064,P001021,Priyanka Gaikwad,WITNESS,0,0,
INC002065,P000481,Sajid Mansuri,ACCUSED,0,0,
INC002065,P000491,Anil Srivastava,ACCUSED,0,0,
INC002065,P000518,Rukhsana Rahman,ACCUSED,1,0,2026-09-27
INC002065,P001076,Bikash Naskar,COMPLAINANT,0,0,
INC002065,P001053,Jagmal Purohit,VICTIM,0,0,
INC002065,P001083,Kavita Baghel,WITNESS,0,0,
INC002066,P000875,Yumnam Rabha,ABSCONDING_ACCUSED,1,1,2025-06-05
INC002066,P000859,Thangaraj Naicker,SUSPECT,1,0,2025-02-07
INC002066,P000846,Mahesh Shukla,ACCUSED,1,0,2025-03-27
INC002066,P001267,Reshma Zaidi,COMPLAINANT,0,0,
INC002066,P001026,Lissy Achari,VICTIM,0,0,
INC002067,P000550,Anwar Qureshi,ACCUSED,1,0,2025-06-30
INC002067,P001355,Ajay Kashyap,COMPLAINANT,0,0,
INC002067,P001244,Velu Pillai,VICTIM,0,0,
INC002068,P000435,Naseer Zaidi,ACCUSED,1,1,2025-08-14
INC002068,P000422,Debashish Biswas,ACCUSED,0,0,
INC002068,P000433,Subhas Naskar,ACCUSED,1,1,2025-09-28
INC002068,P000423,Sikha Halder,ACCUSED,1,1,2025-11-27
INC002068,P000469,Mohammed Baig,ACCUSED,1,1,2025-07-29
INC002068,P000440,Swapan Gayen,ACCUSED,1,1,2025-09-08
INC002068,P000420,Shahnawaz Hussain,ACCUSED,0,0,
INC002068,P001500,Salim Qureshi,COMPLAINANT,0,0,
INC002068,P001041,Hansa Parmar,VICTIM,0,0,
INC002068,P001435,Mangamma Vemula,WITNESS,0,0,
INC002069,P000745,Paresh Rabari,ACCUSED,0,0,
INC002069,P000758,Ibrahim Shaikh,SUSPECT,1,1,2026-07-30
INC002069,P000714,Divyesh Vaghela,ACCUSED,0,0,
INC002069,P000715,Imran Farooqui,ABSCONDING_ACCUSED,1,1,2026-08-27
INC002069,P000726,Rahul Rane,SUSPECT,1,1,2026-07-31
INC002069,P001038,Charanjit Kang,COMPLAINANT,0,0,
INC002069,P001260,Madhuri Salunkhe,VICTIM,0,0,
INC002070,P000777,Hariom Chauhan,ACCUSED,1,1,2026-08-05
INC002070,P001422,Sukhdev Kang,COMPLAINANT,0,0,
INC002070,P001157,Praveen Joseph,VICTIM,0,0,
INC002070,P001490,Renuka Kulkarni,WITNESS,0,0,
INC002071,P000676,Kartik Sardar,SUSPECT,0,0,
INC002071,P001305,Anwar Chaudhary,COMPLAINANT,0,0,
INC002071,P001092,Dhanapal Sundaram,VICTIM,0,0,
INC002072,P000368,Dinesh Rathore,ACCUSED,1,1,2020-08-05
INC002072,P000412,Lokesh Chikkanna,ACCUSED,0,0,
INC002072,P001287,Tanveer Malik,COMPLAINANT,0,0,
INC002072,P001248,Basanti Jena,VICTIM,0,0,
INC002073,P000919,Sreenivasan Achari,SUSPECT,1,0,2024-05-18
INC002073,P001023,Siddaraju Poojary,COMPLAINANT,0,0,
INC002073,P001116,Padma Reddy,VICTIM,0,0,
INC002074,P000742,Smita Sawant,SUSPECT,0,0,
INC002074,P000723,Ketan Prajapati,ACCUSED,1,1,2026-10-01
INC002074,P000752,Mitesh Shah,SUSPECT,0,0,
INC002074,P001239,Yogendra Bhadauria,COMPLAINANT,0,0,
INC002074,P001343,Jagabandhu Sahoo,VICTIM,0,0,
INC002075,P000670,Bhagaban Sahoo,SUSPECT,1,0,2024-10-24
INC002075,P000681,Ashim Biswas,ACCUSED,0,0,
INC002075,P001305,Anwar Chaudhary,COMPLAINANT,0,0,
INC002075,P001055,Mushtaq Idrisi,VICTIM,0,0,
INC002076,P000011,Hitesh Zala,SUSPECT,1,1,2019-07-31
INC002076,P001076,Bikash Naskar,COMPLAINANT,0,0,
INC002076,P001209,Saroja Naidu,VICTIM,0,0,
INC002076,P001168,Krishnaiah Varma,WITNESS,0,0,
INC002077,P000111,Nirmal Bains,SUSPECT,0,0,
INC002077,P000144,Yusuf Baig,SUSPECT,1,1,2025-02-16
INC002077,P001196,Jagabandhu Dash,COMPLAINANT,0,0,
INC002077,P001298,Harpreet Toor,VICTIM,0,0,
INC002078,P000952,Paresh Shah,ABSCONDING_ACCUSED,1,1,2025-07-20
INC002078,P000905,Amarjit Kang,ACCUSED,0,0,
INC002078,P001114,Ravinder Rao,COMPLAINANT,0,0,
INC002079,P000463,Ashim Pal,ACCUSED,0,0,
INC002079,P001102,Kuldeep Nagar,COMPLAINANT,0,0,
INC002079,P001358,Ravi Patil,VICTIM,0,0,
INC002079,P001487,Amol Mhatre,WITNESS,0,0,
INC002080,P000653,Sudarshan Behera,SUSPECT,1,0,2020-10-18
INC002080,P000637,Chitra Naicker,ACCUSED,1,1,2021-03-02
INC002080,P001090,Rekha Awasthi,COMPLAINANT,0,0,
INC002080,P001416,Kannan Pillai,WITNESS,0,0,
INC002081,P000594,Sanjib Majumdar,ACCUSED,1,1,2025-11-06
INC002081,P001273,Mallesh Naidu,COMPLAINANT,0,0,
INC002081,P001119,Anwar Rahman,VICTIM,0,0,
INC002081,P001403,Ratheesh Varghese,WITNESS,0,0,
INC002082,P000165,Nadeem Chaudhary,SUSPECT,0,0,
INC002082,P000151,Baljinder Mann,ABSCONDING_ACCUSED,0,0,
INC002082,P001311,Jyotsna Patil,COMPLAINANT,0,0,
INC002082,P001184,Mallesh Mudiraj,VICTIM,0,0,
INC002082,P001281,Vidyawati Tiwari,WITNESS,0,0,
INC002083,P000856,Bala Gounder,ACCUSED,0,0,
INC002083,P000853,Rajesh Jaiswal,ACCUSED,1,1,2024-06-11
INC002083,P001074,Hariom Awasthi,COMPLAINANT,0,0,
INC002083,P001221,Rodney Almeida,VICTIM,0,0,
INC002084,P000302,Biju Thomas,ACCUSED,1,1,2024-09-26
INC002084,P000345,Praveen Jacob,ABSCONDING_ACCUSED,0,0,
INC002084,P001484,Sukhdev Dhillon,COMPLAINANT,0,0,
INC002084,P001002,Suman Sisodia,VICTIM,0,0,
INC002084,P001348,Nazia Saifi,WITNESS,0,0,
INC002085,P000960,Sushila Jat,ACCUSED,0,0,
INC002085,P000906,Palanisamy Gounder,SUSPECT,1,1,2026-07-14
INC002085,P001424,Nathu Ranawat,COMPLAINANT,0,0,
INC002085,P001117,Sabita Mohanty,VICTIM,0,0,
INC002085,P001239,Yogendra Bhadauria,WITNESS,0,0,
INC002086,P000732,Bhaskar Shinde,SUSPECT,0,0,
INC002086,P000749,Shyamlal Bhardwaj,ACCUSED,0,0,
INC002086,P000759,Devendra Chauhan,ACCUSED,0,0,
INC002086,P000733,Kalpesh Solanki,ACCUSED,0,0,
INC002086,P001041,Hansa Parmar,COMPLAINANT,0,0,
INC002086,P001436,Alpesh Shah,VICTIM,0,0,
INC002086,P001213,Sandeep Baghel,WITNESS,0,0,
INC002087,P000968,Ganesh Pawar,SUSPECT,0,0,
INC002087,P000913,Sandip Bhoir,ACCUSED,1,1,2023-07-01
INC002087,P000945,Bhaskar Dalvi,ACCUSED,0,0,
INC002087,P000899,Pradeep Pandey,ABSCONDING_ACCUSED,1,1,2023-06-23
INC002087,P001092,Dhanapal Sundaram,COMPLAINANT,0,0,
INC002087,P001076,Bikash Naskar,VICTIM,0,0,
INC002087,P001173,Sarla Vyas,WITNESS,0,0,
INC002088,P000749,Shyamlal Bhardwaj,ACCUSED,1,1,2026-10-28
INC002088,P000738,Dharmesh Joshi,ACCUSED,0,0,
INC002088,P000754,Dharmesh Makwana,ACCUSED,1,1,2026-11-23
INC002088,P001438,Mallesh Rao,COMPLAINANT,0,0,
INC002088,P001023,Siddaraju Poojary,VICTIM,0,0,
INC002089,P000409,Sanjay Nagar,ACCUSED,1,1,2023-02-05
INC002089,P000383,Balbir Yadav,ACCUSED,0,0,
INC002089,P000359,Shivanna Kamath,ACCUSED,1,1,2023-03-14
INC002089,P001068,Kondaiah Bandari,COMPLAINANT,0,0,
INC002089,P001403,Ratheesh Varghese,VICTIM,0,0,
INC002089,P001193,Palash Das,WITNESS,0,0,
INC002090,P000742,Smita Sawant,ACCUSED,0,0,
INC002090,P001294,Kanta Jhala,COMPLAINANT,0,0,
INC002090,P001016,Preeti Rathore,WITNESS,0,0,
INC002091,P000785,Girdhari Saini,ACCUSED,0,0,
INC002091,P001262,Rajesh Thakur,COMPLAINANT,0,0,
INC002091,P001150,Venkatesh Sharma,VICTIM,0,0,
INC002091,P001472,Karthik Mudaliar,WITNESS,0,0,
INC002092,P000211,Imran Baig,ACCUSED,1,0,2024-04-18
INC002092,P001158,Saroja Kumar,COMPLAINANT,0,0,
INC002092,P001176,Amutha Pandian,VICTIM,0,0,
INC002092,P001456,Hanumanthappa Kamath,WITNESS,0,0,
INC002093,P000164,Gurmeet Aulakh,ABSCONDING_ACCUSED,0,0,
INC002093,P001171,Sandip Rane,COMPLAINANT,0,0,
INC002093,P001059,Salim Qureshi,VICTIM,0,0,
INC002093,P001154,Nagaraju Bandari,WITNESS,0,0,
INC002094,P000841,Paramjit Virk,ABSCONDING_ACCUSED,1,1,2026-08-15
INC002094,P000822,Harjinder Sarao,ACCUSED,0,0,
INC002094,P001401,Aparna Gayen,COMPLAINANT,0,0,
INC002094,P001314,Jasbir Singh,VICTIM,0,0,
INC002094,P001457,Nepal Biswas,WITNESS,0,0,
INC002095,P000881,Rajitha Naidu,SUSPECT,0,0,
INC002095,P000922,Jignesh Parmar,ACCUSED,1,1,2025-01-07
INC002095,P001227,Tapan Ghosh,COMPLAINANT,0,0,
INC002095,P001128,Mousumi Adhikari,VICTIM,0,0,
INC002095,P001431,Chandra Shekar Reddy,WITNESS,0,0,
INC002096,P000936,Rajesh Awasthi,ACCUSED,1,0,2022-03-01
INC002096,P000935,Bhanwar Charan,ACCUSED,1,1,2022-05-01
INC002096,P001244,Velu Pillai,COMPLAINANT,0,0,
INC002096,P001244,Velu Pillai,VICTIM,0,0,
INC002097,P000421,Yusuf Hussain,ACCUSED,0,0,
INC002097,P001293,Shanti Gupta,COMPLAINANT,0,0,
INC002097,P001193,Palash Das,VICTIM,0,0,
INC002097,P001081,Afsana Mansuri,WITNESS,0,0,
INC002098,P000893,Imran Qureshi,ACCUSED,0,0,
INC002098,P000914,Shivanna Angadi,ABSCONDING_ACCUSED,1,1,2025-05-09
INC002098,P000906,Palanisamy Gounder,ACCUSED,1,0,2025-03-27
INC002098,P001043,Mallesh Choudary,COMPLAINANT,0,0,
INC002098,P001188,Nasreen Malik,VICTIM,0,0,
INC002098,P001249,Ganesh Pawar,WITNESS,0,0,
INC002099,P000436,Shahnawaz Mirza,ACCUSED,1,1,2026-06-26
INC002099,P000424,Shanti Dubey,ACCUSED,1,0,2026-07-03
INC002099,P001198,Iqbal Hussain,COMPLAINANT,0,0,
INC002099,P001289,Ranveer Gurjar,VICTIM,0,0,
INC002100,P000381,Perumal Subramanian,ACCUSED,0,0,
INC002100,P000372,Rajendran Pillai,ACCUSED,1,1,2023-09-24
INC002100,P001328,Sanoop Joseph,COMPLAINANT,0,0,
INC002100,P001282,Nazia Khan,VICTIM,0,0,
INC002100,P001240,Gurpreet Dhaliwal,WITNESS,0,0,
INC002101,P000440,Swapan Gayen,ACCUSED,0,0,
INC002101,P000450,Neelam Singh,SUSPECT,1,1,2025-07-03
INC002101,P000456,Manju Prajapati,SUSPECT,1,1,2025-04-14
INC002101,P000458,Zubair Ahmed,ACCUSED,1,1,2025-06-27
INC002101,P000464,Vinod Rajput,ABSCONDING_ACCUSED,1,1,2025-04-30
INC002101,P001490,Renuka Kulkarni,COMPLAINANT,0,0,
INC002101,P001066,Shibu Thomas,VICTIM,0,0,
INC002102,P000014,Jayesh Barot,ABSCONDING_ACCUSED,0,0,
INC002102,P000041,Pandurang Bhoir,ACCUSED,1,1,2021-04-15
INC002102,P001053,Jagmal Purohit,COMPLAINANT,0,0,
INC002102,P001092,Dhanapal Sundaram,VICTIM,0,0,
INC002102,P001062,Ranjit Kang,WITNESS,0,0,
INC002103,P000715,Imran Farooqui,ABSCONDING_ACCUSED,1,1,2026-07-27
INC002103,P001385,Rafiq Rahman,COMPLAINANT,0,0,
INC002103,P001473,Shabana Qureshi,VICTIM,0,0,
INC002103,P001352,Srinivas Prasad,WITNESS,0,0,
INC002104,P000869,Selvam Subramanian,ACCUSED,1,0,2026-04-14
INC002104,P000864,Rambabu Goud,SUSPECT,1,1,2026-05-26
INC002104,P000872,Bikram Jamir,ACCUSED,1,1,2026-05-16
INC002104,P000863,Lalthanga Momin,ABSCONDING_ACCUSED,0,0,
INC002104,P000847,Yumnam Marak,SUSPECT,0,0,
INC002104,P001270,Meena Jaiswal,COMPLAINANT,0,0,
INC002104,P001461,Chandra Shekar Choudary,VICTIM,0,0,
INC002104,P001347,Sanoop Kartha,WITNESS,0,0,
INC002105,P000555,Dinesh Gupta,ACCUSED,0,0,
INC002105,P000556,Zubair Saifi,ACCUSED,1,0,2026-07-20
INC002105,P001360,Har Prasad Gupta,COMPLAINANT,0,0,
INC002105,P001297,Abdul Mansuri,VICTIM,0,0,
INC002105,P001432,Shanti Verma,WITNESS,0,0,
INC002106,P000311,Naresh Nagar,ACCUSED,1,1,2022-07-08
INC002106,P001424,Nathu Ranawat,COMPLAINANT,0,0,
INC002106,P001087,Shahnawaz Mansuri,VICTIM,0,0,
INC002106,P001137,Poongodi Annadurai,WITNESS,0,0,
INC002107,P000558,Mahesh Kushwaha,SUSPECT,1,1,2026-08-21
INC002107,P000554,Davinder Bhullar,ACCUSED,1,1,2026-12-13
INC002107,P001315,Laxmi Saini,COMPLAINANT,0,0,
INC002107,P001250,Yogendra Shukla,VICTIM,0,0,
INC002108,P000582,Arindam Bhattacharya,SUSPECT,0,0,
INC002108,P000572,Mohammed Sheikh,SUSPECT,1,1,2026-03-29
INC002108,P001315,Laxmi Saini,COMPLAINANT,0,0,
INC002108,P001128,Mousumi Adhikari,VICTIM,0,0,
INC002109,P000261,Sunil Shukla,SUSPECT,1,1,2024-09-29
INC002109,P000238,Girdhari Baghel,ACCUSED,1,1,2024-06-15
INC002109,P000262,Ibrahim Ansari,ACCUSED,0,0,
INC002109,P001252,Prakash Nagar,COMPLAINANT,0,0,
INC002109,P001210,Nilesh More,VICTIM,0,0,
INC002109,P001291,Hitesh Thakor,WITNESS,0,0,
INC002110,P000920,Aruna Yadav,SUSPECT,0,0,
INC002110,P000991,Nathu Beniwal,ACCUSED,0,0,
INC002110,P000972,Prakash Rai,ACCUSED,0,0,
INC002110,P000922,Jignesh Parmar,ACCUSED,1,1,2025-12-05
INC002110,P000911,Pradeep Maurya,ACCUSED,0,0,
INC002110,P001173,Sarla Vyas,COMPLAINANT,0,0,
INC002110,P001434,Triloki Singh,VICTIM,0,0,
INC002110,P001426,Falguni Patel,WITNESS,0,0,
INC002111,P000747,Jitendra Bhardwaj,ACCUSED,1,1,2025-07-20
INC002111,P000751,Devendra Maurya,ACCUSED,0,0,
INC002111,P001065,Karthik Raja,COMPLAINANT,0,0,
INC002111,P001142,Suresh Bhardwaj,VICTIM,0,0,
INC002112,P000104,Devi Lal Vyas,ACCUSED,1,1,2024-09-22
INC002112,P000139,Chhagan Saini,ACCUSED,0,0,
INC002112,P000147,Devi Lal Sisodia,ACCUSED,0,0,
INC002112,P001334,Ramesh Tomar,COMPLAINANT,0,0,
INC002112,P001115,Amol Kamble,VICTIM,0,0,
INC002113,P000877,Palanisamy Annadurai,ACCUSED,0,0,
INC002113,P000871,Temjen Momin,ACCUSED,0,0,
INC002113,P001135,Sudhakar Yadav,COMPLAINANT,0,0,
INC002113,P001051,Sandip Dalvi,VICTIM,0,0,
INC002113,P001352,Srinivas Prasad,WITNESS,0,0,
INC002114,P000533,Jaswant Brar,ACCUSED,1,1,2021-02-07
INC002114,P000522,Wasim Malik,ACCUSED,1,0,2021-04-28
INC002114,P000551,Abdul Idrisi,SUSPECT,0,0,
INC002114,P001436,Alpesh Shah,COMPLAINANT,0,0,
INC002114,P001046,Shakeel Ahmed,VICTIM,0,0,
INC002114,P001497,Deepak Singh,WITNESS,0,0,
INC002115,P000493,Yusuf Saifi,ACCUSED,1,0,2025-11-04
INC002115,P000473,Arun Kashyap,SUSPECT,1,1,2025-07-02
INC002115,P000477,Tanveer Farooqui,SUSPECT,0,0,
INC002115,P001314,Jasbir Singh,COMPLAINANT,0,0,
INC002115,P001380,Aslam Sheikh,VICTIM,0,0,
INC002115,P001160,Pramod Awasthi,WITNESS,0,0,
INC002116,P000402,Sanjay Dubey,SUSPECT,1,0,2022-10-11
INC002116,P000405,Om Prakash Chauhan,ABSCONDING_ACCUSED,0,0,
INC002116,P001269,Hanumanthappa Chikkanna,COMPLAINANT,0,0,
INC002116,P001033,Thangaraj Chettiar,VICTIM,0,0,
INC002116,P001330,Kumaraswamy Shetty,WITNESS,0,0,
INC002117,P000964,Kiran Waghmare,ACCUSED,0,0,
INC002117,P001242,Bhaskar Shinde,COMPLAINANT,0,0,
INC002118,P000856,Bala Gounder,ACCUSED,1,1,2025-03-08
INC002118,P000854,Bikram Devi,SUSPECT,0,0,
INC002118,P000848,Nagaraju Gupta,SUSPECT,1,1,2025-05-17
INC002118,P001069,Baljinder Mann,COMPLAINANT,0,0,
INC002118,P001067,Gopal Dutta,VICTIM,0,0,
INC002119,P000212,Mousumi Sen,SUSPECT,0,0,
INC002119,P000282,Farida Rahman,ABSCONDING_ACCUSED,1,1,2026-02-16
INC002119,P000276,Sunil Rajput,ACCUSED,1,1,2026-02-01
INC002119,P001124,Hardik Patel,COMPLAINANT,0,0,
INC002119,P001279,Netrapal Baghel,VICTIM,0,0,
INC002120,P000719,Yusuf Khan,SUSPECT,1,1,2026-08-10
INC002120,P000756,Shakeel Malik,ACCUSED,0,0,
INC002120,P001477,Chhaya Bhattacharya,COMPLAINANT,0,0,
INC002120,P001089,Anita Dubey,VICTIM,0,0,
INC002120,P001346,Xavier Coutinho,WITNESS,0,0,
INC002121,P000752,Mitesh Shah,ACCUSED,0,0,
INC002121,P000734,Bhaskar Kadam,ACCUSED,1,1,2025-01-28
INC002121,P001261,Sabitri Adhikari,COMPLAINANT,0,0,
INC002121,P001052,Bheru Vyas,VICTIM,0,0,
INC002121,P001294,Kanta Jhala,WITNESS,0,0,
INC002122,P000211,Imran Baig,SUSPECT,0,0,
INC002122,P000201,Balbir Singh,ACCUSED,0,0,
INC002122,P000217,Vinod Sharma,ACCUSED,1,0,2025-05-31
INC002122,P000227,Pradip Biswas,ACCUSED,1,1,2025-06-04
INC002122,P001301,Pandurang Kadam,COMPLAINANT,0,0,
INC002122,P001010,Tarsem Sidhu,VICTIM,0,0,
INC002122,P001010,Tarsem Sidhu,WITNESS,0,0,
INC002123,P000851,Ilango Subramanian,ACCUSED,0,0,
INC002123,P000863,Lalthanga Momin,ACCUSED,1,0,2026-06-13
INC002123,P001481,Vaishnavi Gaikwad,COMPLAINANT,0,0,
INC002123,P001295,Gautam Barman,VICTIM,0,0,
INC002123,P001139,Nagaraju Sharma,WITNESS,0,0,
INC002124,P000845,Yogendra Saini,ABSCONDING_ACCUSED,1,1,2026-08-12
INC002124,P001468,Arun Prajapati,COMPLAINANT,0,0,
INC002124,P001308,Chandrabhan Shukla,VICTIM,0,0,
INC002125,P000743,Har Prasad Sharma,ACCUSED,0,0,
INC002125,P000728,Netrapal Saini,SUSPECT,0,0,
INC002125,P001419,Malathi Nadar,COMPLAINANT,0,0,
INC002125,P001084,Davinder Kang,VICTIM,0,0,
INC002126,P000776,Ibrahim Alam,SUSPECT,0,0,
INC002126,P001425,Shyamlal Saini,COMPLAINANT,0,0,
INC002126,P001329,Firoz Shaikh,VICTIM,0,0,
INC002127,P000965,Nabam Konyak,ACCUSED,1,1,2022-04-06
INC002127,P000889,Shubhangi Naik,ACCUSED,1,1,2022-08-26
INC002127,P000933,Sajid Zaidi,ACCUSED,0,0,
INC002127,P000950,Nirmal Sardar,ACCUSED,0,0,
INC002127,P000999,Satish Rathore,ACCUSED,0,0,
INC002127,P001093,Farida Siddiqui,COMPLAINANT,0,0,
INC002127,P001008,Yasmin Alam,VICTIM,0,0,
INC002127,P001271,Jayan Namboothiri,WITNESS,0,0,
INC002128,P000861,Balbir Yadav,ACCUSED,0,0,
INC002128,P000865,Padma Yadav,SUSPECT,1,1,2020-11-17
INC002128,P001073,Rajendran Thevar,COMPLAINANT,0,0,
INC002128,P001372,Dhanapal Chettiar,VICTIM,0,0,
INC002129,P000667,Pramod Singh,ABSCONDING_ACCUSED,1,1,2025-07-31
INC002129,P000679,Bandana Sardar,SUSPECT,1,1,2025-12-19
INC002129,P001355,Ajay Kashyap,COMPLAINANT,0,0,
INC002129,P001140,Ramkali Gupta,VICTIM,0,0,
INC002130,P000103,Hanuman Beniwal,ACCUSED,1,0,2023-04-26
INC002130,P000169,Rukhsana Ahmed,ACCUSED,0,0,
INC002130,P001293,Shanti Gupta,COMPLAINANT,0,0,
INC002130,P001175,Nagaratna Shetty,WITNESS,0,0,
INC002131,P000719,Yusuf Khan,SUSPECT,0,0,
INC002131,P000724,Pandurang Naik,SUSPECT,1,1,2024-11-10
INC002131,P000756,Shakeel Malik,SUSPECT,0,0,
INC002131,P000758,Ibrahim Shaikh,ACCUSED,1,0,2024-11-11
INC002131,P000718,Haroon Pathan,ABSCONDING_ACCUSED,0,0,
INC002131,P001020,Mallesh Yadav,COMPLAINANT,0,0,
INC002132,P000837,Ratan Kumawat,SUSPECT,1,0,2026-09-14
INC002132,P000839,Ratan Jat,ABSCONDING_ACCUSED,1,1,2026-08-28
INC002132,P000811,Sohan Purohit,SUSPECT,1,1,2026-10-21
INC002132,P001326,Nirmala Rajput,COMPLAINANT,0,0,
INC002132,P001384,Palash Bose,VICTIM,0,0,
INC002133,P000998,Kalpesh Prajapati,ACCUSED,0,0,
INC002133,P000976,Snehal Bhosale,ACCUSED,0,0,
INC002133,P000892,Rakesh Solanki,ACCUSED,1,1,2026-05-21
INC002133,P000904,Bhagaban Patra,ACCUSED,0,0,
INC002133,P001347,Sanoop Kartha,COMPLAINANT,0,0,
INC002133,P001476,Sandip Patil,VICTIM,0,0,
INC002133,P001389,Kishan Shekhawat,WITNESS,0,0,
INC002134,P000849,Bikram Sangma,ACCUSED,0,0,
INC002134,P000850,Nagaraju Nallamothu,ACCUSED,1,1,2024-04-04
INC002134,P000878,Srinivas Bandari,ACCUSED,1,1,2024-01-06
INC002134,P001351,Nilesh Trivedi,COMPLAINANT,0,0,
INC002134,P001438,Mallesh Rao,VICTIM,0,0,
INC002134,P001171,Sandip Rane,WITNESS,0,0,
INC002135,P000163,Shahnaz Siddiqui,ACCUSED,1,0,2020-12-15
INC002135,P000094,Malkiat Grewal,ACCUSED,1,1,2020-12-23
INC002135,P001336,Swapnil Gaikwad,COMPLAINANT,0,0,
INC002135,P001487,Amol Mhatre,VICTIM,0,0,
INC002135,P001013,Sachin Bhosale,WITNESS,0,0,
INC002136,P000644,Nagaraju Rao,ACCUSED,1,0,2025-05-22
INC002136,P000641,Palanisamy Palanivel,ACCUSED,0,0,
INC002136,P000649,Srinivas Choudary,SUSPECT,1,1,2025-02-07
INC002136,P000659,Jagabandhu Munda,SUSPECT,0,0,
INC002136,P001247,Wasim Malik,COMPLAINANT,0,0,
INC002136,P001473,Shabana Qureshi,VICTIM,0,0,
INC002137,P000829,Devendra Srivastava,ACCUSED,0,0,
INC002137,P000824,Gopal Beniwal,ACCUSED,0,0,
INC002137,P000803,Malkiat Virk,ACCUSED,1,1,2024-09-19
INC002137,P001363,Peter Menezes,COMPLAINANT,0,0,
INC002137,P001188,Nasreen Malik,VICTIM,0,0,
INC002138,P000659,Jagabandhu Munda,ACCUSED,0,0,
INC002138,P001278,Imran Hussain,COMPLAINANT,0,0,
INC002138,P001405,Nagesh Angadi,VICTIM,0,0,
INC002138,P001479,Jaswant Sandhu,WITNESS,0,0,
INC002139,P000307,Ibrahim Idrisi,ACCUSED,0,0,
INC002139,P001286,Poonam Kushwaha,COMPLAINANT,0,0,
INC002139,P001353,Kuni Nayak,VICTIM,0,0,
INC002140,P000782,Sarfaraz Siddiqui,ACCUSED,1,1,2021-05-03
INC002140,P000771,Chandrabhan Bhardwaj,ACCUSED,1,1,2020-12-26
INC002140,P000785,Girdhari Saini,ACCUSED,0,0,
INC002140,P000795,Zubair Chaudhary,ACCUSED,1,1,2021-05-20
INC002140,P001236,Gopal Chakraborty,COMPLAINANT,0,0,
INC002140,P001020,Mallesh Yadav,VICTIM,0,0,
INC002141,P000744,Hardik Thakor,ACCUSED,0,0,
INC002141,P000738,Dharmesh Joshi,ACCUSED,0,0,
INC002141,P001122,Nazia Ahmed,COMPLAINANT,0,0,
INC002141,P001158,Saroja Kumar,VICTIM,0,0,
INC002141,P001421,Sukumar Pal,WITNESS,0,0,
INC002142,P000072,Jayesh Desai,ACCUSED,1,1,2025-04-26
INC002142,P000030,Rahul Jadhav,ACCUSED,1,1,2025-05-04
INC002142,P001388,Haroon Rahman,COMPLAINANT,0,0,
INC002142,P001320,Rafiq Pathan,VICTIM,0,0,
INC002142,P001044,Faizan Ansari,WITNESS,0,0,
INC002143,P000823,Harpreet Brar,ACCUSED,1,0,2026-11-13
INC002143,P000806,Hanuman Shekhawat,ACCUSED,1,1,2026-12-12
INC002143,P000819,Bhanwar Meena,ACCUSED,1,0,2026-12-06
INC002143,P000810,Kishan Choudhary,SUSPECT,0,0,
INC002143,P000828,Harjinder Kang,ACCUSED,1,0,2026-10-01
INC002143,P000822,Harjinder Sarao,ACCUSED,1,1,2026-08-07
INC002143,P000840,Sukhwinder Kang,ABSCONDING_ACCUSED,1,1,2026-06-01
INC002143,P001159,Rina Biswas,COMPLAINANT,0,0,
INC002143,P001500,Salim Qureshi,VICTIM,0,0,
INC002143,P001406,Mahesh Rathore,WITNESS,0,0,
INC002144,P000084,Rafiq Farooqui,ACCUSED,0,0,
INC002144,P001296,Elango Naicker,COMPLAINANT,0,0,
INC002144,P001300,Rajitha Goud,VICTIM,0,0,
INC002144,P001253,Mousumi Ghosh,WITNESS,0,0,
INC002145,P000528,Satnam Sidhu,ACCUSED,1,1,2023-06-14
INC002145,P000521,Vijay Bhadauria,SUSPECT,0,0,
INC002145,P001344,Baljit Sidhu,COMPLAINANT,0,0,
INC002145,P001018,Kesar Bishnoi,VICTIM,0,0,
INC002145,P001198,Iqbal Hussain,WITNESS,0,0,
INC002146,P000958,Bhupendra Srivastava,SUSPECT,0,0,
INC002146,P000909,Balwinder Sidhu,ABSCONDING_ACCUSED,1,1,2023-10-16
INC002146,P000938,Shanti Tomar,ACCUSED,0,0,
INC002146,P000954,Rekha Sengar,ACCUSED,0,0,
INC002146,P000892,Rakesh Solanki,ACCUSED,0,0,
INC002146,P000967,Jagmal Saini,ABSCONDING_ACCUSED,1,1,2024-04-11
INC002146,P000891,Hariom Nishad,SUSPECT,0,0,
INC002146,P001481,Vaishnavi Gaikwad,COMPLAINANT,0,0,
INC002146,P001489,Narsimha Prasad,VICTIM,0,0,
INC002146,P001153,Kanta Gurjar,WITNESS,0,0,
INC002147,P000715,Imran Farooqui,ACCUSED,1,1,2020-03-29
INC002147,P000755,Nilesh Bhoir,ACCUSED,0,0,
INC002147,P000748,Divyesh Desai,ACCUSED,1,1,2019-12-14
INC002147,P000713,Aarti More,ACCUSED,1,1,2019-12-30
INC002147,P001010,Tarsem Sidhu,COMPLAINANT,0,0,
INC002147,P001466,Afsana Shaikh,VICTIM,0,0,
INC002147,P001396,Savita Chauhan,WITNESS,0,0,
INC002148,P000036,Shahnaz Alam,ACCUSED,0,0,
INC002148,P000021,Kishor Makwana,ACCUSED,0,0,
INC002148,P000034,Mohammed Idrisi,ABSCONDING_ACCUSED,0,0,
INC002148,P000041,Pandurang Bhoir,ACCUSED,0,0,
INC002148,P001256,Alwyn Noronha,COMPLAINANT,0,0,
INC002148,P001148,Kishan Jhala,VICTIM,0,0,
INC002149,P000989,Basanta Patra,ACCUSED,1,1,2026-06-17
INC002149,P000883,Ravi Poojary,ACCUSED,1,0,2026-04-21
INC002149,P000927,Mangesh Salunkhe,ACCUSED,1,1,2026-09-15
INC002149,P000976,Snehal Bhosale,ABSCONDING_ACCUSED,1,1,2026-05-10
INC002149,P000889,Shubhangi Naik,ACCUSED,1,1,2026-03-20
INC002149,P001242,Bhaskar Shinde,COMPLAINANT,0,0,
INC002149,P001094,Shabana Ahmed,VICTIM,0,0,
INC002150,P000902,Manjunath Desai,ACCUSED,1,1,2025-08-07
INC002150,P000888,Balwinder Dhaliwal,ACCUSED,1,0,2026-01-16
INC002150,P000977,Rahul More,ABSCONDING_ACCUSED,1,0,2025-12-26
INC002150,P001255,Arun Kushwaha,COMPLAINANT,0,0,
INC002150,P001038,Charanjit Kang,VICTIM,0,0,
INC002150,P001095,Meena Nagar,WITNESS,0,0,
INC002151,P000724,Pandurang Naik,ABSCONDING_ACCUSED,1,1,2026-08-03
INC002151,P000743,Har Prasad Sharma,ACCUSED,1,0,2026-07-20
INC002151,P000750,Nadeem Khan,ACCUSED,1,1,2026-07-05
INC002151,P000718,Haroon Pathan,ACCUSED,1,1,2026-06-26
INC002151,P001458,Sanjib Sarkar,COMPLAINANT,0,0,
INC002151,P001437,Prabhakar Naidu,WITNESS,0,0,
INC002152,P000516,Altaf Pathan,ACCUSED,0,0,
INC002152,P000476,Imran Rahman,ACCUSED,1,0,2021-09-20
INC002152,P001073,Rajendran Thevar,COMPLAINANT,0,0,
INC002152,P001422,Sukhdev Kang,VICTIM,0,0,
INC002153,P000917,Gurpreet Mann,ACCUSED,0,0,
INC002153,P000948,Xavier Almeida,ACCUSED,1,0,2024-06-26
INC002153,P000983,Rodney Fernandes,ABSCONDING_ACCUSED,0,0,
INC002153,P000903,Lekhraj Srivastava,ACCUSED,1,1,2024-06-26
INC002153,P000928,Vijay Sengar,ABSCONDING_ACCUSED,0,0,
INC002153,P001149,Savita Awasthi,COMPLAINANT,0,0,
INC002153,P001153,Kanta Gurjar,VICTIM,0,0,
INC002154,P000902,Manjunath Desai,ABSCONDING_ACCUSED,0,0,
INC002154,P000911,Pradeep Maurya,ABSCONDING_ACCUSED,1,1,2024-02-07
INC002154,P001414,Sujoy Bose,COMPLAINANT,0,0,
INC002154,P001207,Sunita Verma,VICTIM,0,0,
INC002154,P001035,Kartik Barman,WITNESS,0,0,
INC002155,P000056,Swapnil Salunkhe,ACCUSED,0,0,
INC002155,P000077,Dharmesh Thakor,ACCUSED,0,0,
INC002155,P001376,Gurpreet Kang,COMPLAINANT,0,0,
INC002155,P001416,Kannan Pillai,VICTIM,0,0,
INC002156,P000460,Anil Pandey,ABSCONDING_ACCUSED,1,1,2026-05-03
INC002156,P001401,Aparna Gayen,COMPLAINANT,0,0,
INC002156,P001067,Gopal Dutta,VICTIM,0,0,
INC002156,P001115,Amol Kamble,WITNESS,0,0,
INC002157,P000018,Salim Saifi,ACCUSED,1,0,2024-07-10
INC002157,P001162,Anitha Achari,COMPLAINANT,0,0,
INC002157,P001331,Sukumar Pal,VICTIM,0,0,
INC002157,P001422,Sukhdev Kang,WITNESS,0,0,
INC002158,P000499,Chandrabhan Pandey,ACCUSED,1,1,2022-12-07
INC002158,P000505,Nazia Khan,ACCUSED,1,0,2022-09-30
INC002158,P000509,Shakeel Mirza,ACCUSED,1,1,2022-11-30
INC002158,P000497,Prakash Thakur,ACCUSED,0,0,
INC002158,P000489,Jitendra Mishra,ACCUSED,1,1,2022-08-31
INC002158,P001416,Kannan Pillai,COMPLAINANT,0,0,
INC002158,P001099,Yusuf Khan,VICTIM,0,0,
INC002159,P000865,Padma Yadav,SUSPECT,0,0,
INC002159,P000866,Chinnadurai Annadurai,ACCUSED,1,0,2026-05-15
INC002159,P000849,Bikram Sangma,ACCUSED,1,1,2026-04-18
INC002159,P000846,Mahesh Shukla,ACCUSED,1,0,2026-09-13
INC002159,P000848,Nagaraju Gupta,ACCUSED,1,0,2026-05-02
INC002159,P001487,Amol Mhatre,COMPLAINANT,0,0,
INC002159,P001129,Aruna Prasad,VICTIM,0,0,
INC002160,P000893,Imran Qureshi,SUSPECT,0,0,
INC002160,P000991,Nathu Beniwal,ACCUSED,0,0,
INC002160,P000903,Lekhraj Srivastava,ACCUSED,1,0,2022-06-03
INC002160,P001475,Bandana Biswas,COMPLAINANT,0,0,
INC002160,P001029,Arindam Sen,VICTIM,0,0,
INC002161,P000531,Ashfaq Rahman,ACCUSED,0,0,
INC002161,P000550,Anwar Qureshi,ACCUSED,0,0,
INC002161,P001356,Chandru Bellad,COMPLAINANT,0,0,
INC002161,P001015,Nasreen Baig,VICTIM,0,0,
INC002162,P000962,Divyesh Bhatt,ABSCONDING_ACCUSED,1,1,2024-09-02
INC002162,P001452,Preeti Tomar,COMPLAINANT,0,0,
INC002162,P001324,Wasim Ahmed,VICTIM,0,0,
INC002162,P001175,Nagaratna Shetty,WITNESS,0,0,
INC002163,P000079,Rasik Trivedi,ACCUSED,1,1,2022-09-14
INC002163,P001137,Poongodi Annadurai,COMPLAINANT,0,0,
INC002163,P001364,Hariom Gupta,VICTIM,0,0,
INC002164,P000944,Siddaraju Patil,ACCUSED,1,1,2026-01-12
INC002164,P001024,Revathi Thevar,COMPLAINANT,0,0,
INC002164,P001409,Ashfaq Hussain,VICTIM,0,0,
INC002165,P000328,Prakash Awasthi,ACCUSED,0,0,
INC002165,P000305,Manoj Chauhan,ACCUSED,0,0,
INC002165,P000356,Sudha Kushwaha,ACCUSED,1,0,2023-04-05
INC002165,P001307,Biju Nair,COMPLAINANT,0,0,
INC002165,P001335,Manoj Srivastava,VICTIM,0,0,
INC002166,P000097,Manpreet Sekhon,ACCUSED,0,0,
INC002166,P001202,Swapnil Kamble,COMPLAINANT,0,0,
INC002166,P001294,Kanta Jhala,VICTIM,0,0,
INC002166,P001409,Ashfaq Hussain,WITNESS,0,0,
INC002167,P000953,Bibhuti Behera,ABSCONDING_ACCUSED,1,1,2024-04-08
INC002167,P000935,Bhanwar Charan,ACCUSED,1,1,2024-03-08
INC002167,P000994,Jasbir Virk,ACCUSED,1,1,2024-06-27
INC002167,P000952,Paresh Shah,SUSPECT,1,0,2024-03-22
INC002167,P001252,Prakash Nagar,COMPLAINANT,0,0,
INC002167,P001040,Girish Kamath,VICTIM,0,0,
INC002168,P000774,Naseer Farooqui,ACCUSED,0,0,
INC002168,P000792,Nazia Khan,ACCUSED,1,1,2026-08-18
INC002168,P000768,Prakash Gupta,ACCUSED,1,1,2026-04-10
INC002168,P001363,Peter Menezes,COMPLAINANT,0,0,
INC002168,P001225,Reshma Idrisi,VICTIM,0,0,
INC002169,P000798,Firoz Mansuri,ABSCONDING_ACCUSED,1,1,2026-07-24
INC002169,P000799,Shakeel Pathan,ACCUSED,1,1,2026-05-08
INC002169,P001059,Salim Qureshi,COMPLAINANT,0,0,
INC002169,P001235,Deepa Jacob,VICTIM,0,0,
INC002170,P000769,Shakeel Siddiqui,ACCUSED,1,0,2024-09-16
INC002170,P000785,Girdhari Saini,ACCUSED,0,0,
INC002170,P000766,Balbir Shukla,ACCUSED,1,0,2024-09-26
INC002170,P001372,Dhanapal Chettiar,COMPLAINANT,0,0,
INC002170,P001402,Falguni Bhatt,VICTIM,0,0,
INC002170,P001193,Palash Das,WITNESS,0,0,
INC002171,P000763,Randhir Tiwari,ABSCONDING_ACCUSED,0,0,
INC002171,P000744,Hardik Thakor,ABSCONDING_ACCUSED,0,0,
INC002171,P000730,Arif Mansuri,ACCUSED,1,1,2022-09-12
INC002171,P000715,Imran Farooqui,ABSCONDING_ACCUSED,1,1,2022-09-02
INC002171,P000757,Ashfaq Rahman,ACCUSED,0,0,
INC002171,P001307,Biju Nair,COMPLAINANT,0,0,
INC002172,P000762,Nilesh Shinde,SUSPECT,1,1,2026-06-05
INC002172,P000717,Hitesh Zala,ACCUSED,0,0,
INC002172,P001274,Yusuf Saifi,COMPLAINANT,0,0,
INC002172,P001127,Vaishali Trivedi,VICTIM,0,0,
INC002173,P000040,Shahnawaz Pathan,ACCUSED,0,0,
INC002173,P001139,Nagaraju Sharma,COMPLAINANT,0,0,
INC002173,P001075,Alpesh Solanki,VICTIM,0,0,
INC002174,P000593,Ashim Pal,ACCUSED,1,1,2026-04-30
INC002174,P000605,Pradip Chakraborty,SUSPECT,0,0,
INC002174,P001382,Kavita Baghel,COMPLAINANT,0,0,
INC002174,P001454,Chitra Kurup,VICTIM,0,0,
INC002174,P001426,Falguni Patel,WITNESS,0,0,
INC002175,P000460,Anil Pandey,ACCUSED,0,0,
INC002175,P001328,Sanoop Joseph,COMPLAINANT,0,0,
INC002175,P001004,Manjunath Bhat,VICTIM,0,0,
INC002175,P001425,Shyamlal Saini,WITNESS,0,0,
INC002176,P000229,Abdul Sheikh,ACCUSED,1,1,2025-07-01
INC002176,P000206,Mahesh Shukla,ACCUSED,0,0,
INC002176,P001452,Preeti Tomar,COMPLAINANT,0,0,
INC002176,P001141,Prashant More,VICTIM,0,0,
INC002177,P000291,Manoj Menon,ACCUSED,0,0,
INC002177,P000334,Sreenivasan Jacob,ACCUSED,0,0,
INC002177,P000290,Alpesh Shah,ACCUSED,0,0,
INC002177,P000336,Munna Baghel,ACCUSED,1,1,2026-11-21
INC002177,P000309,Jignesh Thakor,ACCUSED,1,1,2026-11-23
INC002177,P000332,Shibu Thomas,ACCUSED,1,1,2026-07-23
INC002177,P000320,Anoop Mathew,ACCUSED,0,0,
INC002177,P001036,Nasreen Zaidi,COMPLAINANT,0,0,
INC002177,P001026,Lissy Achari,VICTIM,0,0,
INC002178,P000277,Rupa Naskar,ACCUSED,0,0,
INC002178,P000285,Vijay Dixit,ACCUSED,1,0,2022-10-01
INC002178,P000276,Sunil Rajput,ACCUSED,1,1,2023-01-07
INC002178,P000263,Palash Sen,SUSPECT,1,0,2022-12-09
INC002178,P000200,Kavita Dubey,ACCUSED,1,0,2022-07-13
INC002178,P000205,Anup Adhikari,ACCUSED,1,1,2022-08-27
INC002178,P000264,Girdhari Prajapati,SUSPECT,0,0,
INC002178,P001134,Mangamma Setty,COMPLAINANT,0,0,
INC002178,P001368,Kuni Mohanty,VICTIM,0,0,
INC002178,P001306,Rajni Bhardwaj,WITNESS,0,0,
INC002179,P000846,Mahesh Shukla,ACCUSED,1,1,2025-12-24
INC002179,P000874,Ramulu Nallamothu,ACCUSED,1,1,2026-02-24
INC002179,P000867,Lekhraj Bhardwaj,ABSCONDING_ACCUSED,0,0,
INC002179,P000871,Temjen Momin,ACCUSED,0,0,
INC002179,P000847,Yumnam Marak,ACCUSED,0,0,
INC002179,P001229,Poongodi Muthusamy,COMPLAINANT,0,0,
INC002179,P001207,Sunita Verma,VICTIM,0,0,
INC002180,P000167,Sukhwinder Dhillon,ACCUSED,1,1,2024-08-26
INC002180,P000162,Amarjit Dhillon,ACCUSED,1,1,2024-07-22
INC002180,P000100,Ranveer Choudhary,ACCUSED,1,1,2024-08-08
INC002180,P000098,Haroon Rahman,SUSPECT,1,1,2024-09-06
INC002180,P001086,Rajni Jaiswal,COMPLAINANT,0,0,
INC002180,P001014,Sanjay Bhadauria,VICTIM,0,0,
INC002180,P001170,Hansa Dave,WITNESS,0,0,
INC002181,P000873,Bikram Basumatary,SUSPECT,0,0,
INC002181,P000876,Krishnaiah Goud,ACCUSED,1,1,2025-04-05
INC002181,P000847,Yumnam Marak,ACCUSED,0,0,
INC002181,P000868,Satish Maurya,SUSPECT,0,0,
INC002181,P000851,Ilango Subramanian,ACCUSED,0,0,
INC002181,P000863,Lalthanga Momin,ACCUSED,1,0,2025-07-09
INC002181,P000869,Selvam Subramanian,ACCUSED,1,1,2025-07-04
INC002181,P001405,Nagesh Angadi,COMPLAINANT,0,0,
INC002181,P001287,Tanveer Malik,VICTIM,0,0,
INC002182,P000924,Aarti Waghmare,ACCUSED,0,0,
INC002182,P001489,Narsimha Prasad,COMPLAINANT,0,0,
INC002182,P001088,Prabhakar Mudiraj,VICTIM,0,0,
INC002182,P001205,Vijay Thakur,WITNESS,0,0,
INC002183,P000424,Shanti Dubey,ABSCONDING_ACCUSED,1,0,2022-11-28
INC002183,P000431,Bikash Roy,ACCUSED,1,1,2023-04-08
INC002183,P000425,Nirmal Chakraborty,SUSPECT,0,0,
INC002183,P000419,Palash Mistry,ACCUSED,0,0,
INC002183,P000434,Ibrahim Khan,ACCUSED,0,0,
INC002183,P001322,Vasanthi Muthusamy,COMPLAINANT,0,0,
INC002183,P001457,Nepal Biswas,VICTIM,0,0,
INC002183,P001420,Rupa Halder,WITNESS,0,0,
INC002184,P000948,Xavier Almeida,SUSPECT,1,1,2024-10-21
INC002184,P000887,Anoop Kartha,SUSPECT,1,1,2024-09-16
INC002184,P000991,Nathu Beniwal,SUSPECT,1,0,2024-08-10
INC002184,P001268,Deepa Warrier,COMPLAINANT,0,0,
INC002184,P001271,Jayan Namboothiri,VICTIM,0,0,
INC002185,P000431,Bikash Roy,ACCUSED,0,0,
INC002185,P000457,Naseer Malik,ACCUSED,1,1,2026-11-16
INC002185,P001344,Baljit Sidhu,COMPLAINANT,0,0,
INC002185,P001405,Nagesh Angadi,VICTIM,0,0,
INC002186,P000857,Narsimha Vemula,SUSPECT,0,0,
INC002186,P000868,Satish Maurya,ACCUSED,1,0,2025-02-03
INC002186,P000863,Lalthanga Momin,ACCUSED,0,0,
INC002186,P001219,Arun Rajput,COMPLAINANT,0,0,
INC002186,P001055,Mushtaq Idrisi,VICTIM,0,0,
INC002187,P000117,Nathu Choudhary,ACCUSED,1,1,2026-04-27
INC002187,P000128,Jasbir Kang,ACCUSED,1,1,2026-04-23
INC002187,P000163,Shahnaz Siddiqui,ACCUSED,1,1,2026-02-06
INC002187,P000172,Kanta Choudhary,ACCUSED,1,1,2026-06-14
INC002187,P000164,Gurmeet Aulakh,ACCUSED,0,0,
INC002187,P001158,Saroja Kumar,COMPLAINANT,0,0,
INC002188,P000914,Shivanna Angadi,ACCUSED,1,0,2024-12-06
INC002188,P000978,Kuldeep Thakur,SUSPECT,1,1,2024-12-06
INC002188,P001115,Amol Kamble,COMPLAINANT,0,0,
INC002188,P001280,Rubina Zaidi,VICTIM,0,0,
INC002188,P001370,Chandrakala Bhat,WITNESS,0,0,
INC002189,P000442,Swapan Gayen,ACCUSED,1,1,2021-02-24
INC002189,P001246,Sabitri Majumdar,COMPLAINANT,0,0,
INC002189,P001155,Padma Kondapalli,VICTIM,0,0,
INC002189,P001227,Tapan Ghosh,WITNESS,0,0,
INC002190,P000967,Jagmal Saini,ABSCONDING_ACCUSED,1,1,2023-03-15
INC002190,P001363,Peter Menezes,COMPLAINANT,0,0,
INC002190,P001467,Rubina Chaudhary,VICTIM,0,0,
INC002190,P001065,Karthik Raja,WITNESS,0,0,
INC002191,P000188,Sujoy Sarkar,ACCUSED,0,0,
INC002191,P000255,Lekhraj Dixit,ABSCONDING_ACCUSED,0,0,
INC002191,P001326,Nirmala Rajput,COMPLAINANT,0,0,
INC002191,P001295,Gautam Barman,VICTIM,0,0,
INC002192,P000120,Harbhajan Sekhon,ACCUSED,0,0,
INC002192,P000135,Karni Meena,SUSPECT,1,0,2026-01-31
INC002192,P000154,Nadeem Farooqui,ABSCONDING_ACCUSED,0,0,
INC002192,P000114,Gayatri Jat,ABSCONDING_ACCUSED,1,0,2026-04-21
INC002192,P001271,Jayan Namboothiri,COMPLAINANT,0,0,
INC002192,P001357,Devi Lal Ranawat,VICTIM,0,0,
INC002192,P001383,Debashish Halder,WITNESS,0,0,
INC002193,P000760,Ashfaq Shaikh,ACCUSED,1,0,2022-02-10
INC002193,P000735,Vipul Parmar,ACCUSED,1,1,2022-01-14
INC002193,P000726,Rahul Rane,ACCUSED,0,0,
INC002193,P001351,Nilesh Trivedi,COMPLAINANT,0,0,
INC002193,P001485,Farida Sheikh,VICTIM,0,0,
INC002194,P000776,Ibrahim Alam,ACCUSED,0,0,
INC002194,P000767,Balbir Dixit,ACCUSED,0,0,
INC002194,P001451,Sindhu Panicker,COMPLAINANT,0,0,
INC002194,P001235,Deepa Jacob,VICTIM,0,0,
INC002195,P000727,Vishal More,ACCUSED,1,0,2026-06-14
INC002195,P000733,Kalpesh Solanki,ACCUSED,1,1,2026-05-27
INC002195,P001028,Arun Baghel,COMPLAINANT,0,0,
INC002195,P001154,Nagaraju Bandari,VICTIM,0,0,
INC002195,P001430,Rajendran Naicker,WITNESS,0,0,
INC002196,P000784,Ashfaq Sheikh,ACCUSED,1,0,2024-01-30
INC002196,P000780,Pradeep Prajapati,ACCUSED,1,1,2024-04-24
INC002196,P000790,Deepak Bhardwaj,SUSPECT,0,0,
INC002196,P000768,Prakash Gupta,ACCUSED,1,1,2024-01-14
INC002196,P001055,Mushtaq Idrisi,COMPLAINANT,0,0,
INC002196,P001297,Abdul Mansuri,VICTIM,0,0,
INC002196,P001134,Mangamma Setty,WITNESS,0,0,
INC002197,P000680,Prakash Dubey,ACCUSED,1,1,2023-08-12
INC002197,P000677,Bhagaban Dash,SUSPECT,1,1,2023-09-19
INC002197,P001439,Shabana Farooqui,COMPLAINANT,0,0,
INC002197,P001319,Nilesh Kadam,VICTIM,0,0,
INC002198,P000847,Yumnam Marak,SUSPECT,0,0,
INC002198,P000880,Murugan Annadurai,ACCUSED,0,0,
INC002198,P000874,Ramulu Nallamothu,ACCUSED,0,0,
INC002198,P001499,Palash Adhikari,COMPLAINANT,0,0,
INC002198,P001465,Afsana Mirza,VICTIM,0,0,
INC002198,P001305,Anwar Chaudhary,WITNESS,0,0,
INC002199,P000558,Mahesh Kushwaha,SUSPECT,1,0,2019-02-12
INC002199,P000535,Om Prakash Bhardwaj,SUSPECT,1,1,2019-03-19
INC002199,P000545,Abdul Alam,ACCUSED,0,0,
INC002199,P000531,Ashfaq Rahman,ACCUSED,1,1,2019-01-16
INC002199,P000544,Iqbal Malik,ACCUSED,1,1,2019-03-29
INC002199,P001486,Netrapal Bhardwaj,COMPLAINANT,0,0,
INC002199,P001260,Madhuri Salunkhe,VICTIM,0,0,
INC002200,P000748,Divyesh Desai,ACCUSED,1,0,2026-07-24
INC002200,P000738,Dharmesh Joshi,ACCUSED,0,0,
INC002200,P001004,Manjunath Bhat,COMPLAINANT,0,0,
INC002200,P001252,Prakash Nagar,VICTIM,0,0,
INC002200,P001288,Chhaya Bose,WITNESS,0,0,
