person_id,phone_id,usage_type,from_date,to_date,confidence
P000001,PH000001,REGISTERED,2020-09-09,,0.84
P000002,PH000002,REGISTERED,2021-08-18,,0.82
P000003,PH000003,REGISTERED,2019-06-18,,0.83
P000003,PH000004,USED_NOT_REGISTERED,2018-02-24,,0.82
P000004,PH000005,REGISTERED,2019-06-09,,0.86
P000004,PH000006,USED_NOT_REGISTERED,2018-05-23,2019-03-05,0.88
P000004,PH000007,REGISTERED,2020-09-28,,0.99
P000005,PH000008,REGISTERED,2025-11-22,,0.98
P000005,PH000009,USED_NOT_REGISTERED,2025-07-29,2026-03-28,0.73
P000005,PH000010,REGISTERED,2018-12-16,,0.86
P000006,PH000011,REGISTERED,2022-12-30,,0.83
P000007,PH000012,REGISTERED,2024-02-19,,0.9
P000007,PH000013,REGISTERED,2023-08-06,,0.92
P000008,PH000014,REGISTERED,2021-04-03,,0.95
P000008,PH000015,REGISTERED,2022-10-16,,0.98
P000008,PH000016,USED_NOT_REGISTERED,2022-11-21,,0.79
P000008,PH000017,REGISTERED,2020-01-12,,0.97
P000008,PH000018,REGISTERED,2023-10-28,,0.81
P000009,PH000019,REGISTERED,2021-02-10,,0.81
P000009,PH000020,USED_NOT_REGISTERED,2018-03-06,2018-04-30,0.85
P000009,PH000021,REGISTERED,2020-04-01,,0.83
P000010,PH000022,REGISTERED,2018-06-10,,0.73
P000010,PH000023,USED_NOT_REGISTERED,2021-03-26,,0.91
P000010,PH000024,USED_NOT_REGISTERED,2025-05-04,2025-10-25,0.98
P000011,PH000025,REGISTERED,2022-04-27,,0.97
P000011,PH000026,USED_NOT_REGISTERED,2022-01-30,2022-11-29,0.95
P000011,PH000027,USED_NOT_REGISTERED,2019-03-06,2019-08-13,0.77
P000011,PH000028,USED_NOT_REGISTERED,2020-02-27,2020-08-26,0.81
P000011,PH000029,USED_NOT_REGISTERED,2020-03-19,,0.89
P000011,PH000030,USED_NOT_REGISTERED,2021-01-26,2021-05-09,0.84
P000012,PH000031,REGISTERED,2019-10-08,,0.85
P000012,PH000032,USED_NOT_REGISTERED,2018-12-21,,0.75
P000013,PH000033,REGISTERED,2021-03-15,,0.76
P000013,PH000034,USED_NOT_REGISTERED,2025-08-13,2025-09-16,0.77
P000013,PH000035,REGISTERED,2026-06-14,,0.98
P000013,PH000036,REGISTERED,2018-08-11,,0.75
P000013,PH000037,USED_NOT_REGISTERED,2022-07-20,,0.73
P000014,PH000038,REGISTERED,2022-07-06,,0.75
P000014,PH000039,REGISTERED,2023-01-26,,0.8
P000014,PH000040,USED_NOT_REGISTERED,2022-06-22,,0.76
P000014,PH000041,USED_NOT_REGISTERED,2018-09-13,,0.95
P000015,PH000042,REGISTERED,2023-08-04,,0.79
P000015,PH000043,USED_NOT_REGISTERED,2024-04-27,2025-05-29,0.79
P000015,PH000044,REGISTERED,2022-05-19,,0.86
P000015,PH000045,USED_NOT_REGISTERED,2026-04-02,2026-12-30,0.94
P000016,PH000046,REGISTERED,2018-05-01,,0.93
P000017,PH000047,REGISTERED,2024-03-10,,0.85
P000017,PH000048,USED_NOT_REGISTERED,2023-03-18,2023-08-30,0.81
P000017,PH000049,REGISTERED,2018-04-15,,0.88
P000018,PH000050,REGISTERED,2022-02-24,,0.8
P000018,PH000051,USED_NOT_REGISTERED,2026-04-10,2027-03-13,0.82
P000019,PH000052,REGISTERED,2023-05-25,,0.79
P000019,PH000053,USED_NOT_REGISTERED,2022-04-05,2023-03-15,0.91
P000019,PH000054,USED_NOT_REGISTERED,2021-05-11,,0.83
P000020,PH000055,REGISTERED,2021-10-10,,0.86
P000020,PH000056,REGISTERED,2019-08-09,,0.84
P000020,PH000057,REGISTERED,2020-12-18,,0.85
P000021,PH000058,REGISTERED,2024-08-14,,0.91
P000021,PH000059,USED_NOT_REGISTERED,2025-07-31,,0.94
P000021,PH000060,USED_NOT_REGISTERED,2022-01-05,2022-05-01,0.95
P000022,PH000061,REGISTERED,2022-02-21,,0.97
P000022,PH000062,REGISTERED,2025-11-08,,0.99
P000022,PH000063,USED_NOT_REGISTERED,2020-05-04,2021-05-08,0.97
P000023,PH000064,REGISTERED,2018-06-26,,0.84
P000023,PH000065,REGISTERED,2019-09-24,,0.92
P000023,PH000066,USED_NOT_REGISTERED,2026-04-30,2026-12-30,0.94
P000023,PH000067,USED_NOT_REGISTERED,2020-08-10,,0.88
P000024,PH000068,REGISTERED,2026-05-15,,0.89
P000024,PH000069,USED_NOT_REGISTERED,2022-12-04,,0.84
P000024,PH000070,USED_NOT_REGISTERED,2021-07-06,2022-07-18,0.85
P000024,PH000071,USED_NOT_REGISTERED,2018-04-07,2018-09-03,0.82
P000025,PH000072,REGISTERED,2024-03-10,,0.72
P000025,PH000073,USED_NOT_REGISTERED,2020-05-10,2021-02-14,0.73
P000025,PH000074,USED_NOT_REGISTERED,2019-09-18,,0.73
P000025,PH000075,REGISTERED,2024-07-06,,0.9
P000026,PH000076,REGISTERED,2020-06-05,,0.77
P000027,PH000077,REGISTERED,2024-04-25,,0.85
P000027,PH000078,REGISTERED,2018-01-17,,0.84
P000028,PH000079,REGISTERED,2021-10-18,,0.91
P000028,PH000080,USED_NOT_REGISTERED,2024-09-21,2025-03-17,0.78
P000028,PH000081,REGISTERED,2019-08-19,,0.75
P000028,PH000082,REGISTERED,2022-08-07,,0.75
P000029,PH000083,REGISTERED,2019-02-09,,0.89
P000029,PH000084,USED_NOT_REGISTERED,2018-03-25,2018-12-20,0.96
P000029,PH000085,REGISTERED,2022-04-19,,0.93
P000029,PH000086,USED_NOT_REGISTERED,2023-07-09,,0.72
P000030,PH000087,REGISTERED,2023-08-20,,0.95
P000030,PH000088,USED_NOT_REGISTERED,2026-03-17,2026-12-31,0.74
P000030,PH000089,USED_NOT_REGISTERED,2025-05-01,2026-02-02,0.93
P000030,PH000090,REGISTERED,2019-09-30,,0.96
P000031,PH000091,REGISTERED,2025-10-27,,0.89
P000031,PH000092,USED_NOT_REGISTERED,2021-07-07,2022-02-14,0.94
P000031,PH000093,USED_NOT_REGISTERED,2026-01-17,2026-06-09,0.73
P000031,PH000094,REGISTERED,2023-10-25,,0.95
P000032,PH000095,REGISTERED,2023-01-08,,0.82
P000033,PH000096,REGISTERED,2018-07-11,,0.75
P000033,PH000097,USED_NOT_REGISTERED,2022-05-02,,0.96
P000034,PH000098,REGISTERED,2022-08-27,,0.8
P000034,PH000099,USED_NOT_REGISTERED,2025-08-24,2025-10-25,0.75
P000034,PH000100,REGISTERED,2024-09-14,,0.75
P000034,PH000101,REGISTERED,2024-06-27,,0.93
P000035,PH000102,REGISTERED,2019-12-12,,0.75
P000035,PH000103,USED_NOT_REGISTERED,2023-01-14,2023-11-06,0.8
P000035,PH000104,USED_NOT_REGISTERED,2022-08-02,2023-05-28,0.75
P000035,PH000105,USED_NOT_REGISTERED,2021-11-11,,0.94
P000036,PH000106,REGISTERED,2022-10-19,,0.76
P000036,PH000107,USED_NOT_REGISTERED,2019-03-22,2019-07-02,0.77
P000037,PH000108,REGISTERED,2026-03-02,,0.85
P000037,PH000109,USED_NOT_REGISTERED,2025-04-23,2025-06-14,0.85
P000038,PH000110,REGISTERED,2022-04-29,,0.81
P000038,PH000111,USED_NOT_REGISTERED,2023-01-12,,0.91
P000038,PH000112,REGISTERED,2020-10-25,,0.76
P000039,PH000113,REGISTERED,2025-11-16,,0.73
P000039,PH000114,USED_NOT_REGISTERED,2023-11-20,,0.84
P000039,PH000115,USED_NOT_REGISTERED,2019-07-20,2020-05-18,0.97
P000039,PH000116,USED_NOT_REGISTERED,2021-11-04,,0.98
P000040,PH000117,REGISTERED,2018-09-07,,0.99
P000041,PH000118,REGISTERED,2025-07-24,,0.77
P000042,PH000119,REGISTERED,2025-02-28,,0.9
P000042,PH000120,USED_NOT_REGISTERED,2024-10-01,2025-07-04,0.79
P000043,PH000121,REGISTERED,2025-02-09,,0.92
P000043,PH000122,USED_NOT_REGISTERED,2025-10-03,,0.85
P000043,PH000123,REGISTERED,2023-09-19,,0.9
P000044,PH000124,REGISTERED,2021-10-31,,0.8
P000044,PH000125,REGISTERED,2022-04-19,,0.85
P000044,PH000126,USED_NOT_REGISTERED,2018-07-17,2019-06-26,0.9
P000044,PH000127,USED_NOT_REGISTERED,2026-03-29,2026-12-07,0.88
P000044,PH000128,REGISTERED,2026-04-29,,0.93
P000045,PH000129,REGISTERED,2018-12-16,,0.96
P000045,PH000130,USED_NOT_REGISTERED,2024-10-21,2025-04-25,0.98
P000046,PH000131,REGISTERED,2023-12-04,,0.76
P000046,PH000132,USED_NOT_REGISTERED,2020-04-22,,0.95
P000046,PH000133,USED_NOT_REGISTERED,2021-09-18,2021-11-06,0.83
P000046,PH000134,USED_NOT_REGISTERED,2023-02-26,2023-12-17,0.96
P000047,PH000135,REGISTERED,2019-06-15,,0.72
P000047,PH000136,REGISTERED,2018-01-01,,0.92
P000047,PH000137,REGISTERED,2020-04-19,,0.8
P000047,PH000138,REGISTERED,2019-09-26,,0.88
P000048,PH000139,REGISTERED,2025-10-15,,0.9
P000048,PH000140,REGISTERED,2024-12-06,,0.96
P000048,PH000141,USED_NOT_REGISTERED,2020-05-29,,0.86
P000049,PH000142,REGISTERED,2024-02-13,,0.86
P000049,PH000143,USED_NOT_REGISTERED,2023-09-03,2024-09-29,0.76
P000049,PH000144,USED_NOT_REGISTERED,2022-02-26,,0.84
P000050,PH000145,REGISTERED,2020-05-02,,0.76
P000050,PH000146,USED_NOT_REGISTERED,2022-04-11,2023-05-04,0.72
P000050,PH000147,USED_NOT_REGISTERED,2025-05-11,,0.86
P000050,PH000148,USED_NOT_REGISTERED,2020-12-03,2021-07-30,0.84
P000051,PH000149,REGISTERED,2026-04-12,,0.81
P000051,PH000150,REGISTERED,2023-06-24,,0.96
P000051,PH000151,USED_NOT_REGISTERED,2024-09-07,2025-03-26,0.74
P000052,PH000152,REGISTERED,2020-03-24,,0.88
P000052,PH000153,USED_NOT_REGISTERED,2022-08-12,,0.83
P000052,PH000154,REGISTERED,2020-08-11,,0.92
P000053,PH000155,REGISTERED,2021-06-06,,0.95
P000053,PH000156,REGISTERED,2021-02-14,,0.84
P000053,PH000157,USED_NOT_REGISTERED,2018-02-17,2018-05-11,0.84
P000053,PH000158,REGISTERED,2019-09-11,,0.9
P000054,PH000159,REGISTERED,2019-05-03,,0.94
P000055,PH000160,REGISTERED,2019-04-12,,0.91
P000055,PH000161,REGISTERED,2019-06-26,,0.86
P000055,PH000162,USED_NOT_REGISTERED,2020-10-21,,0.96
P000055,PH000163,USED_NOT_REGISTERED,2025-03-23,,0.89
P000056,PH000164,REGISTERED,2020-03-27,,0.84
P000056,PH000165,USED_NOT_REGISTERED,2021-09-25,2022-03-23,0.84
P000057,PH000166,REGISTERED,2020-03-27,,0.74
P000057,PH000167,USED_NOT_REGISTERED,2022-03-29,2023-04-27,0.96
P000057,PH000168,USED_NOT_REGISTERED,2026-04-05,2026-09-26,0.86
P000057,PH000169,REGISTERED,2020-02-27,,0.86
P000058,PH000170,REGISTERED,2026-01-25,,0.88
P000058,PH000171,USED_NOT_REGISTERED,2018-11-09,,0.92
P000058,PH000172,REGISTERED,2020-02-26,,0.8
P000059,PH000173,REGISTERED,2022-06-18,,0.96
P000059,PH000174,USED_NOT_REGISTERED,2019-06-01,,0.79
P000060,PH000175,REGISTERED,2023-07-18,,0.76
P000061,PH000176,REGISTERED,2022-09-16,,0.77
P000062,PH000177,REGISTERED,2019-07-16,,0.79
P000062,PH000178,REGISTERED,2023-08-19,,0.92
P000062,PH000179,USED_NOT_REGISTERED,2023-01-17,2024-01-10,0.84
P000062,PH000180,REGISTERED,2024-11-27,,0.74
P000063,PH000181,REGISTERED,2023-01-01,,0.94
P000063,PH000182,REGISTERED,2024-10-03,,0.74
P000064,PH000183,REGISTERED,2024-08-04,,0.84
P000064,PH000184,USED_NOT_REGISTERED,2025-04-16,,0.76
P000064,PH000185,USED_NOT_REGISTERED,2025-09-13,2026-05-22,0.92
P000065,PH000186,REGISTERED,2021-04-15,,0.76
P000065,PH000187,USED_NOT_REGISTERED,2020-06-30,,0.97
P000065,PH000188,REGISTERED,2022-09-09,,0.8
P000065,PH000189,REGISTERED,2018-10-26,,0.81
P000066,PH000190,REGISTERED,2025-02-16,,0.77
P000066,PH000191,USED_NOT_REGISTERED,2022-02-02,2022-09-14,0.77
P000066,PH000192,USED_NOT_REGISTERED,2022-07-28,2023-01-01,0.94
P000066,PH000193,REGISTERED,2019-03-06,,0.99
P000067,PH000194,REGISTERED,2018-08-11,,0.74
P000067,PH000195,USED_NOT_REGISTERED,2020-03-19,,0.76
P000067,PH000196,USED_NOT_REGISTERED,2020-02-01,2021-01-11,0.86
P000068,PH000197,REGISTERED,2022-02-21,,0.75
P000068,PH000198,REGISTERED,2021-07-29,,0.93
P000069,PH000199,REGISTERED,2021-06-18,,0.85
P000069,PH000200,USED_NOT_REGISTERED,2022-09-21,2022-11-24,0.83
P000070,PH000201,REGISTERED,2020-10-27,,0.94
P000070,PH000202,REGISTERED,2021-02-22,,0.77
P000070,PH000203,REGISTERED,2018-07-03,,0.89
P000071,PH000204,REGISTERED,2019-09-24,,0.81
P000072,PH000205,REGISTERED,2020-02-13,,0.75
P000073,PH000206,REGISTERED,2022-06-18,,0.93
P000073,PH000207,REGISTERED,2019-12-20,,0.97
P000073,PH000208,USED_NOT_REGISTERED,2023-03-16,,0.73
P000074,PH000209,REGISTERED,2018-11-22,,0.74
P000075,PH000210,REGISTERED,2019-05-25,,0.81
P000075,PH000211,REGISTERED,2022-09-30,,0.94
P000075,PH000212,REGISTERED,2025-07-01,,0.93
P000075,PH000213,REGISTERED,2018-06-17,,0.83
P000076,PH000214,REGISTERED,2019-10-27,,0.86
P000076,PH000215,REGISTERED,2019-06-28,,0.87
P000077,PH000216,REGISTERED,2023-11-29,,0.77
P000077,PH000217,USED_NOT_REGISTERED,2020-01-10,,0.78
P000077,PH000218,USED_NOT_REGISTERED,2019-02-02,2019-11-15,0.97
P000078,PH000219,REGISTERED,2023-07-13,,0.78
P000078,PH000220,USED_NOT_REGISTERED,2021-10-22,2021-11-23,0.75
P000078,PH000221,REGISTERED,2018-11-15,,0.82
P000078,PH000222,USED_NOT_REGISTERED,2023-02-05,2023-05-20,0.81
P000079,PH000223,REGISTERED,2021-12-13,,0.78
P000079,PH000224,USED_NOT_REGISTERED,2023-05-10,2024-03-19,0.75
P000079,PH000225,REGISTERED,2024-10-03,,0.95
P000080,PH000226,REGISTERED,2018-01-14,,0.75
P000081,PH000227,REGISTERED,2020-05-30,,0.91
P000081,PH000228,USED_NOT_REGISTERED,2019-02-15,2019-08-16,0.94
P000081,PH000229,REGISTERED,2025-07-10,,0.96
P000081,PH000230,USED_NOT_REGISTERED,2018-11-20,,0.96
P000081,PH000231,USED_NOT_REGISTERED,2022-02-20,,0.83
P000081,PH000232,USED_NOT_REGISTERED,2023-01-03,,0.75
P000082,PH000233,REGISTERED,2025-06-25,,0.84
P000082,PH000234,USED_NOT_REGISTERED,2021-08-18,,0.89
P000082,PH000235,REGISTERED,2024-02-29,,0.89
P000083,PH000236,REGISTERED,2018-03-20,,0.9
P000083,PH000237,USED_NOT_REGISTERED,2026-06-10,2027-03-18,0.85
P000083,PH000238,REGISTERED,2023-09-04,,0.75
P000084,PH000239,REGISTERED,2026-04-12,,0.8
P000085,PH000240,REGISTERED,2022-04-16,,0.88
P000085,PH000241,REGISTERED,2026-05-28,,0.83
P000085,PH000242,USED_NOT_REGISTERED,2022-11-20,2023-08-18,0.84
P000085,PH000243,REGISTERED,2021-04-18,,0.98
P000086,PH000244,REGISTERED,2023-04-06,,0.9
P000086,PH000245,USED_NOT_REGISTERED,2018-11-25,2019-01-09,0.76
P000086,PH000246,REGISTERED,2020-05-27,,0.75
P000086,PH000247,REGISTERED,2024-06-23,,0.95
P000087,PH000248,REGISTERED,2020-04-05,,0.89
P000088,PH000249,REGISTERED,2026-04-24,,0.78
P000088,PH000250,USED_NOT_REGISTERED,2025-10-06,2026-05-26,0.92
P000088,PH000251,USED_NOT_REGISTERED,2019-08-02,2019-12-16,0.86
P000088,PH000252,REGISTERED,2018-02-03,,0.85
P000088,PH000253,USED_NOT_REGISTERED,2021-03-21,,0.76
P000089,PH000254,REGISTERED,2025-05-10,,0.82
P000089,PH000255,USED_NOT_REGISTERED,2022-11-02,,0.84
P000089,PH000256,REGISTERED,2023-10-29,,0.95
P000090,PH000257,REGISTERED,2024-01-12,,0.92
P000090,PH000258,REGISTERED,2018-03-16,,0.78
P000090,PH000259,USED_NOT_REGISTERED,2025-02-03,,0.83
P000090,PH000260,USED_NOT_REGISTERED,2024-03-12,,0.75
P000091,PH000261,REGISTERED,2019-12-01,,0.91
P000091,PH000262,REGISTERED,2021-05-31,,0.94
P000091,PH000263,USED_NOT_REGISTERED,2019-05-26,2019-11-05,0.72
P000091,PH000264,REGISTERED,2018-12-23,,0.97
P000091,PH000265,USED_NOT_REGISTERED,2025-09-06,2026-05-21,0.9
P000092,PH000266,REGISTERED,2018-08-05,,0.73
P000092,PH000267,USED_NOT_REGISTERED,2021-12-31,,0.94
P000093,PH000268,REGISTERED,2022-09-17,,0.77
P000093,PH000269,USED_NOT_REGISTERED,2019-07-27,2020-02-13,0.81
P000093,PH000270,REGISTERED,2019-03-12,,0.86
P000093,PH000271,USED_NOT_REGISTERED,2019-12-18,2020-06-22,0.81
P000094,PH000272,REGISTERED,2019-06-19,,0.95
P000095,PH000273,REGISTERED,2025-03-17,,0.72
P000095,PH000274,USED_NOT_REGISTERED,2020-09-18,2021-02-19,0.95
P000095,PH000275,USED_NOT_REGISTERED,2018-04-18,2019-04-30,0.75
P000096,PH000276,REGISTERED,2022-08-16,,0.85
P000096,PH000277,USED_NOT_REGISTERED,2021-06-07,,0.95
P000097,PH000278,REGISTERED,2018-10-16,,0.73
P000097,PH000279,USED_NOT_REGISTERED,2020-01-24,2020-07-17,0.94
P000097,PH000280,USED_NOT_REGISTERED,2024-05-17,2025-05-27,0.76
P000097,PH000281,USED_NOT_REGISTERED,2020-04-18,,0.97
P000097,PH000282,REGISTERED,2020-10-04,,0.76
P000098,PH000283,REGISTERED,2024-10-09,,0.98
P000098,PH000284,USED_NOT_REGISTERED,2023-09-21,2024-02-21,0.79
P000099,PH000285,REGISTERED,2024-12-08,,0.9
P000100,PH000286,REGISTERED,2023-05-26,,0.93
P000100,PH000287,REGISTERED,2018-12-07,,0.81
P000100,PH000288,USED_NOT_REGISTERED,2021-12-02,,0.87
P000101,PH000289,REGISTERED,2023-10-17,,0.94
P000101,PH000290,REGISTERED,2021-06-22,,0.97
P000101,PH000291,USED_NOT_REGISTERED,2023-08-17,2024-02-04,0.89
P000101,PH000292,REGISTERED,2026-02-01,,0.91
P000102,PH000293,REGISTERED,2025-02-08,,0.9
P000102,PH000294,REGISTERED,2024-12-01,,0.8
P000102,PH000295,REGISTERED,2025-06-17,,0.86
P000102,PH000296,USED_NOT_REGISTERED,2022-04-14,,0.74
P000103,PH000297,REGISTERED,2024-09-26,,0.87
P000103,PH000298,REGISTERED,2020-09-14,,0.79
P000103,PH000299,USED_NOT_REGISTERED,2019-08-04,,0.98
P000104,PH000300,REGISTERED,2020-07-30,,0.78
P000104,PH000301,USED_NOT_REGISTERED,2020-11-16,2021-10-22,0.96
P000105,PH000302,REGISTERED,2021-05-07,,0.9
P000105,PH000303,USED_NOT_REGISTERED,2023-05-05,2023-08-23,0.84
P000106,PH000304,REGISTERED,2022-05-26,,0.72
P000107,PH000305,REGISTERED,2018-05-27,,0.83
P000107,PH000306,REGISTERED,2025-07-28,,0.92
P000107,PH000307,REGISTERED,2020-02-28,,0.89
P000108,PH000308,REGISTERED,2019-05-07,,0.93
P000108,PH000309,USED_NOT_REGISTERED,2020-03-22,2021-03-31,0.95
P000108,PH000310,REGISTERED,2022-12-18,,0.73
P000108,PH000311,USED_NOT_REGISTERED,2023-07-06,2023-12-27,0.79
P000109,PH000312,REGISTERED,2025-10-21,,0.92
P000109,PH000313,USED_NOT_REGISTERED,2019-06-30,,0.95
P000109,PH000314,USED_NOT_REGISTERED,2026-05-04,2027-01-09,0.92
P000109,PH000315,USED_NOT_REGISTERED,2023-11-11,2024-11-10,0.89
P000110,PH000316,REGISTERED,2019-09-06,,0.83
P000110,PH000317,REGISTERED,2022-01-31,,0.86
P000110,PH000318,REGISTERED,2023-09-16,,0.9
P000111,PH000319,REGISTERED,2023-07-06,,0.91
P000112,PH000320,REGISTERED,2021-07-27,,0.79
P000112,PH000321,REGISTERED,2024-02-23,,0.73
P000112,PH000322,USED_NOT_REGISTERED,2023-08-20,2023-12-06,0.88
P000112,PH000323,REGISTERED,2018-02-16,,0.84
P000113,PH000324,REGISTERED,2024-10-02,,0.94
P000113,PH000325,USED_NOT_REGISTERED,2024-07-09,,0.92
P000113,PH000326,USED_NOT_REGISTERED,2021-08-05,,0.91
P000114,PH000327,REGISTERED,2022-06-17,,0.74
P000115,PH000328,REGISTERED,2023-03-17,,0.99
P000116,PH000329,REGISTERED,2024-07-12,,0.93
P000116,PH000330,USED_NOT_REGISTERED,2019-06-21,,0.82
P000117,PH000331,REGISTERED,2022-03-30,,0.79
P000117,PH000332,REGISTERED,2025-07-20,,0.96
P000118,PH000333,REGISTERED,2025-08-13,,0.8
P000118,PH000334,USED_NOT_REGISTERED,2025-11-05,2026-05-27,0.78
P000118,PH000335,REGISTERED,2021-08-14,,0.92
P000119,PH000336,REGISTERED,2018-10-13,,0.78
P000120,PH000337,REGISTERED,2025-09-30,,0.9
P000120,PH000338,USED_NOT_REGISTERED,2026-03-05,2026-07-11,0.82
P000120,PH000339,REGISTERED,2019-10-29,,0.86
P000121,PH000340,REGISTERED,2020-07-30,,0.81
P000121,PH000341,REGISTERED,2021-02-20,,0.8
P000121,PH000342,REGISTERED,2019-04-27,,0.91
P000122,PH000343,REGISTERED,2025-11-10,,0.98
P000122,PH000344,REGISTERED,2021-08-12,,0.9
P000123,PH000345,REGISTERED,2023-09-14,,0.73
P000124,PH000346,REGISTERED,2020-01-26,,0.76
P000125,PH000347,REGISTERED,2020-01-02,,0.98
P000125,PH000348,REGISTERED,2020-11-16,,0.92
P000125,PH000349,USED_NOT_REGISTERED,2019-07-10,2019-11-16,0.87
P000125,PH000350,USED_NOT_REGISTERED,2022-12-04,2023-02-24,0.93
P000125,PH000351,REGISTERED,2023-06-29,,0.73
P000126,PH000352,REGISTERED,2023-05-13,,0.79
P000126,PH000353,REGISTERED,2019-02-11,,0.97
P000126,PH000354,REGISTERED,2023-10-03,,0.92
P000126,PH000355,USED_NOT_REGISTERED,2024-09-05,2025-07-31,0.87
P000127,PH000356,REGISTERED,2022-04-16,,0.96
P000127,PH000357,USED_NOT_REGISTERED,2023-06-21,,0.76
P000127,PH000358,REGISTERED,2018-09-26,,0.99
P000127,PH000359,USED_NOT_REGISTERED,2021-08-03,2022-06-21,0.85
P000128,PH000360,REGISTERED,2024-07-09,,0.87
P000128,PH000361,USED_NOT_REGISTERED,2024-01-09,2024-05-08,0.76
P000128,PH000362,REGISTERED,2021-04-23,,0.82
P000128,PH000363,USED_NOT_REGISTERED,2024-10-18,2024-12-28,0.75
P000129,PH000364,REGISTERED,2020-12-11,,0.95
P000130,PH000365,REGISTERED,2026-04-18,,0.87
P000130,PH000366,REGISTERED,2024-08-03,,0.95
P000130,PH000367,USED_NOT_REGISTERED,2023-11-11,2024-11-14,0.83
P000131,PH000368,REGISTERED,2021-01-04,,0.98
P000132,PH000369,REGISTERED,2019-05-09,,0.93
P000132,PH000370,USED_NOT_REGISTERED,2022-05-02,,0.98
P000132,PH000371,REGISTERED,2023-08-09,,0.91
P000133,PH000372,REGISTERED,2019-02-26,,0.86
P000133,PH000373,REGISTERED,2025-04-19,,0.96
P000133,PH000374,USED_NOT_REGISTERED,2023-05-08,2024-01-30,0.8
P000133,PH000375,REGISTERED,2020-05-10,,0.89
P000134,PH000376,REGISTERED,2021-10-02,,0.9
P000134,PH000377,USED_NOT_REGISTERED,2021-05-07,2022-01-25,0.93
P000135,PH000378,REGISTERED,2023-05-25,,0.75
P000136,PH000379,REGISTERED,2025-12-01,,0.95
P000137,PH000380,REGISTERED,2021-03-12,,0.76
P000137,PH000381,REGISTERED,2019-07-30,,0.77
P000137,PH000382,USED_NOT_REGISTERED,2023-01-07,,0.96
P000137,PH000383,REGISTERED,2026-01-01,,0.95
P000138,PH000384,REGISTERED,2018-05-22,,0.94
P000138,PH000385,USED_NOT_REGISTERED,2024-02-27,,0.96
P000139,PH000386,REGISTERED,2021-08-03,,0.85
P000140,PH000387,REGISTERED,2025-07-04,,0.88
P000140,PH000388,USED_NOT_REGISTERED,2026-06-09,2026-09-09,0.81
P000140,PH000389,REGISTERED,2022-10-27,,0.82
P000140,PH000390,REGISTERED,2021-12-16,,0.95
P000140,PH000391,REGISTERED,2026-05-02,,0.72
P000141,PH000392,REGISTERED,2024-03-24,,0.98
P000141,PH000393,USED_NOT_REGISTERED,2019-03-12,2020-01-31,0.97
P000141,PH000394,REGISTERED,2025-02-10,,0.95
P000142,PH000395,REGISTERED,2021-08-10,,0.95
P000142,PH000396,USED_NOT_REGISTERED,2019-07-14,2019-09-20,0.85
P000143,PH000397,REGISTERED,2023-11-23,,0.88
P000144,PH000398,REGISTERED,2022-04-19,,0.84
P000144,PH000399,REGISTERED,2023-02-14,,0.89
P000145,PH000400,REGISTERED,2024-03-12,,0.95
P000145,PH000401,USED_NOT_REGISTERED,2023-08-02,,0.84
P000146,PH000402,REGISTERED,2020-06-08,,0.99
P000146,PH000403,REGISTERED,2018-04-18,,0.95
P000147,PH000404,REGISTERED,2022-11-29,,0.92
P000147,PH000405,USED_NOT_REGISTERED,2019-09-23,,0.94
P000147,PH000406,USED_NOT_REGISTERED,2020-07-19,2021-08-01,0.83
P000148,PH000407,REGISTERED,2026-06-18,,0.91
P000148,PH000408,USED_NOT_REGISTERED,2021-12-26,2022-06-24,0.93
P000148,PH000409,REGISTERED,2022-06-09,,0.85
P000148,PH000410,USED_NOT_REGISTERED,2023-08-23,2023-11-29,0.78
P000149,PH000411,REGISTERED,2022-04-20,,0.72
P000149,PH000412,USED_NOT_REGISTERED,2018-05-17,2018-07-28,0.76
P000149,PH000413,USED_NOT_REGISTERED,2020-03-23,,0.89
P000150,PH000414,REGISTERED,2023-05-11,,0.92
P000150,PH000415,USED_NOT_REGISTERED,2022-10-14,2023-10-29,0.97
P000150,PH000416,REGISTERED,2023-04-19,,0.74
P000151,PH000417,REGISTERED,2019-07-20,,0.89
P000151,PH000418,USED_NOT_REGISTERED,2025-03-05,2025-12-14,0.86
P000151,PH000419,USED_NOT_REGISTERED,2021-12-04,,0.91
P000152,PH000420,REGISTERED,2025-09-21,,0.89
P000152,PH000421,USED_NOT_REGISTERED,2021-11-09,2021-12-04,0.75
P000153,PH000422,REGISTERED,2020-03-03,,0.74
P000153,PH000423,REGISTERED,2024-02-03,,0.96
P000153,PH000424,USED_NOT_REGISTERED,2020-12-02,2021-11-16,0.9
P000154,PH000425,REGISTERED,2020-08-25,,0.8
P000154,PH000426,USED_NOT_REGISTERED,2019-04-08,,0.83
P000154,PH000427,REGISTERED,2023-08-20,,0.83
P000154,PH000428,REGISTERED,2020-02-04,,0.81
P000155,PH000429,REGISTERED,2023-10-04,,0.88
P000155,PH000430,USED_NOT_REGISTERED,2018-04-16,2019-01-01,0.74
P000155,PH000431,REGISTERED,2023-04-30,,0.8
P000155,PH000432,USED_NOT_REGISTERED,2019-05-16,2019-10-08,0.97
P000156,PH000433,REGISTERED,2022-03-08,,0.81
P000156,PH000434,REGISTERED,2026-05-26,,0.77
P000156,PH000435,USED_NOT_REGISTERED,2023-11-17,,0.91
P000157,PH000436,REGISTERED,2019-04-10,,0.86
P000157,PH000437,USED_NOT_REGISTERED,2023-07-28,,0.86
P000157,PH000438,USED_NOT_REGISTERED,2020-04-12,2021-02-27,0.89
P000158,PH000439,REGISTERED,2024-08-25,,0.9
P000159,PH000440,REGISTERED,2024-03-11,,0.76
P000160,PH000441,REGISTERED,2020-09-09,,0.77
P000160,PH000442,REGISTERED,2021-09-21,,0.98
P000160,PH000443,REGISTERED,2021-11-09,,0.77
P000161,PH000444,REGISTERED,2025-10-11,,0.88
P000162,PH000445,REGISTERED,2021-12-20,,0.72
P000162,PH000446,USED_NOT_REGISTERED,2025-01-31,,0.72
P000162,PH000447,REGISTERED,2022-12-15,,0.77
P000163,PH000448,REGISTERED,2023-10-07,,0.79
P000163,PH000449,USED_NOT_REGISTERED,2021-10-17,2021-12-13,0.78
P000164,PH000450,REGISTERED,2021-12-17,,0.98
P000164,PH000451,REGISTERED,2021-03-09,,0.79
P000164,PH000452,USED_NOT_REGISTERED,2023-03-25,,0.84
P000164,PH000453,USED_NOT_REGISTERED,2024-07-22,2025-04-11,0.85
P000165,PH000454,REGISTERED,2024-06-08,,0.91
P000166,PH000455,REGISTERED,2024-04-18,,0.9
P000167,PH000456,REGISTERED,2019-10-05,,0.79
P000168,PH000457,REGISTERED,2023-05-02,,0.88
P000168,PH000458,REGISTERED,2018-02-10,,0.91
P000168,PH000459,REGISTERED,2019-02-03,,0.85
P000169,PH000460,REGISTERED,2021-04-14,,0.72
P000170,PH000461,REGISTERED,2024-07-01,,0.77
P000170,PH000462,USED_NOT_REGISTERED,2024-02-11,2024-06-09,0.97
P000170,PH000463,REGISTERED,2020-01-01,,0.82
P000170,PH000464,REGISTERED,2022-10-10,,0.9
P000170,PH000465,USED_NOT_REGISTERED,2024-01-02,,0.79
P000170,PH000466,REGISTERED,2023-12-07,,0.85
P000171,PH000467,REGISTERED,2024-09-21,,0.94
P000172,PH000468,REGISTERED,2022-12-22,,0.77
P000172,PH000469,REGISTERED,2019-07-17,,0.86
P000172,PH000470,USED_NOT_REGISTERED,2020-08-12,2021-06-13,0.95
P000172,PH000471,USED_NOT_REGISTERED,2026-03-04,,0.74
P000173,PH000472,REGISTERED,2019-02-02,,0.81
P000174,PH000473,REGISTERED,2020-07-11,,0.87
P000174,PH000474,REGISTERED,2022-04-25,,0.89
P000174,PH000475,USED_NOT_REGISTERED,2018-07-31,2018-09-25,0.95
P000174,PH000476,USED_NOT_REGISTERED,2020-10-22,,0.74
P000174,PH000477,REGISTERED,2024-02-18,,0.83
P000175,PH000478,REGISTERED,2024-08-17,,0.75
P000176,PH000479,REGISTERED,2022-03-09,,0.77
P000176,PH000480,USED_NOT_REGISTERED,2022-05-01,,0.88
P000177,PH000481,REGISTERED,2019-04-24,,0.86
P000177,PH000482,USED_NOT_REGISTERED,2019-07-31,,0.86
P000178,PH000483,REGISTERED,2022-03-20,,0.96
P000179,PH000484,REGISTERED,2019-06-02,,0.8
P000179,PH000485,REGISTERED,2025-12-03,,0.81
P000179,PH000486,USED_NOT_REGISTERED,2025-01-18,2026-01-11,0.87
P000179,PH000487,REGISTERED,2018-07-20,,0.87
P000180,PH000488,REGISTERED,2022-11-17,,0.93
P000180,PH000489,REGISTERED,2025-08-14,,0.87
P000181,PH000490,REGISTERED,2023-11-24,,0.99
P000181,PH000491,USED_NOT_REGISTERED,2020-08-03,2020-10-13,0.79
P000181,PH000492,REGISTERED,2019-10-17,,0.87
P000181,PH000493,REGISTERED,2018-05-14,,0.81
P000181,PH000494,USED_NOT_REGISTERED,2018-01-19,2019-02-04,0.94
P000182,PH000495,REGISTERED,2025-01-13,,0.75
P000182,PH000496,USED_NOT_REGISTERED,2020-11-09,,0.91
P000182,PH000497,REGISTERED,2019-05-11,,0.91
P000182,PH000498,USED_NOT_REGISTERED,2024-07-06,,0.85
P000183,PH000499,REGISTERED,2024-02-03,,0.86
P000183,PH000500,REGISTERED,2018-03-15,,0.77
P000184,PH000501,REGISTERED,2023-01-29,,0.72
P000185,PH000502,REGISTERED,2026-02-04,,0.79
P000185,PH000503,USED_NOT_REGISTERED,2023-09-15,2023-11-12,0.74
P000186,PH000504,REGISTERED,2024-12-21,,0.82
P000187,PH000505,REGISTERED,2020-10-14,,0.92
P000187,PH000506,USED_NOT_REGISTERED,2018-06-25,,0.8
P000188,PH000507,REGISTERED,2019-01-01,,0.76
P000188,PH000508,USED_NOT_REGISTERED,2026-02-25,2026-07-12,0.93
P000188,PH000509,REGISTERED,2023-01-14,,0.85
P000188,PH000510,USED_NOT_REGISTERED,2025-03-24,2025-08-01,0.96
P000189,PH000511,REGISTERED,2019-05-07,,0.73
P000190,PH000512,REGISTERED,2025-09-24,,0.82
P000190,PH000513,USED_NOT_REGISTERED,2019-11-05,,0.82
P000190,PH000514,USED_NOT_REGISTERED,2025-07-06,2025-09-20,0.73
P000191,PH000515,REGISTERED,2019-09-13,,0.98
P000191,PH000516,USED_NOT_REGISTERED,2018-10-02,,0.91
P000192,PH000517,REGISTERED,2024-08-05,,0.81
P000193,PH000518,REGISTERED,2020-08-01,,0.8
P000193,PH000519,REGISTERED,2020-09-18,,0.99
P000193,PH000520,REGISTERED,2023-04-18,,0.74
P000194,PH000521,REGISTERED,2020-10-29,,0.94
P000194,PH000522,REGISTERED,2022-07-25,,0.77
P000194,PH000523,REGISTERED,2020-09-11,,0.74
P000194,PH000524,USED_NOT_REGISTERED,2019-10-23,2020-09-30,0.83
P000195,PH000525,REGISTERED,2022-09-05,,0.97
P000195,PH000526,USED_NOT_REGISTERED,2021-01-11,,0.74
P000196,PH000527,REGISTERED,2025-05-20,,0.89
P000196,PH000528,USED_NOT_REGISTERED,2021-01-18,2021-08-23,0.73
P000196,PH000529,REGISTERED,2019-05-10,,0.75
P000196,PH000530,REGISTERED,2022-10-18,,0.75
P000197,PH000531,REGISTERED,2023-06-24,,0.81
P000198,PH000532,REGISTERED,2024-01-28,,0.88
P000198,PH000533,REGISTERED,2022-12-31,,0.76
P000198,PH000534,USED_NOT_REGISTERED,2023-06-13,2023-07-06,0.85
P000199,PH000535,REGISTERED,2024-12-09,,0.86
P000199,PH000536,USED_NOT_REGISTERED,2019-04-25,,0.93
P000200,PH000537,REGISTERED,2018-04-08,,0.8
P000200,PH000538,REGISTERED,2018-07-05,,0.79
P000200,PH000539,USED_NOT_REGISTERED,2023-05-26,2024-01-12,0.78
P000200,PH000540,REGISTERED,2025-07-13,,0.82
P000201,PH000541,REGISTERED,2022-04-11,,0.77
P000201,PH000542,REGISTERED,2022-03-04,,0.78
P000201,PH000543,REGISTERED,2019-12-18,,0.92
P000201,PH000544,USED_NOT_REGISTERED,2023-01-30,2023-04-05,0.77
P000201,PH000545,REGISTERED,2022-05-11,,0.82
P000202,PH000546,REGISTERED,2022-10-14,,0.96
P000202,PH000547,USED_NOT_REGISTERED,2025-10-14,,0.74
P000202,PH000548,REGISTERED,2023-04-28,,0.94
P000202,PH000549,USED_NOT_REGISTERED,2020-05-17,2020-07-23,0.74
P000203,PH000550,REGISTERED,2025-10-31,,0.86
P000203,PH000551,USED_NOT_REGISTERED,2019-10-15,,0.96
P000203,PH000552,REGISTERED,2018-07-14,,0.87
P000203,PH000553,USED_NOT_REGISTERED,2024-05-23,2024-06-12,0.89
P000204,PH000554,REGISTERED,2021-06-01,,0.78
P000204,PH000555,USED_NOT_REGISTERED,2020-03-20,2020-09-16,0.87
P000204,PH000556,USED_NOT_REGISTERED,2024-11-12,2025-04-30,0.91
P000204,PH000557,REGISTERED,2020-12-23,,0.97
P000204,PH000558,REGISTERED,2022-09-23,,0.74
P000204,PH000559,REGISTERED,2018-09-30,,0.83
P000205,PH000560,REGISTERED,2021-04-13,,0.92
P000205,PH000561,USED_NOT_REGISTERED,2019-08-29,,0.97
P000205,PH000562,REGISTERED,2018-03-17,,0.81
P000205,PH000563,REGISTERED,2024-05-08,,0.97
P000205,PH000564,REGISTERED,2025-08-01,,0.95
P000206,PH000565,REGISTERED,2023-11-12,,0.85
P000206,PH000566,USED_NOT_REGISTERED,2022-03-23,,0.86
P000206,PH000567,USED_NOT_REGISTERED,2025-10-17,,0.97
P000207,PH000568,REGISTERED,2019-04-21,,0.94
P000207,PH000569,USED_NOT_REGISTERED,2024-08-15,,0.88
P000207,PH000570,REGISTERED,2025-10-17,,0.82
P000208,PH000571,REGISTERED,2022-05-06,,0.84
P000208,PH000572,REGISTERED,2022-11-03,,0.97
P000209,PH000573,REGISTERED,2023-07-11,,0.74
P000209,PH000574,REGISTERED,2019-07-02,,0.78
P000209,PH000575,REGISTERED,2022-09-23,,0.76
P000209,PH000576,REGISTERED,2022-06-30,,0.89
P000210,PH000577,REGISTERED,2020-03-11,,0.8
P000210,PH000578,REGISTERED,2026-01-18,,0.78
P000210,PH000579,REGISTERED,2024-01-14,,0.78
P000211,PH000580,REGISTERED,2021-02-06,,0.88
P000211,PH000581,USED_NOT_REGISTERED,2024-02-09,,0.91
P000211,PH000582,REGISTERED,2022-08-11,,0.89
P000211,PH000583,REGISTERED,2023-10-01,,0.95
P000211,PH000584,USED_NOT_REGISTERED,2022-03-13,,0.75
P000211,PH000585,REGISTERED,2018-04-14,,0.86
P000212,PH000586,REGISTERED,2019-06-26,,0.73
P000212,PH000587,USED_NOT_REGISTERED,2024-05-17,,0.82
P000212,PH000588,USED_NOT_REGISTERED,2022-01-30,2022-05-26,0.76
P000213,PH000589,REGISTERED,2020-11-26,,0.86
P000213,PH000590,REGISTERED,2021-06-01,,0.79
P000213,PH000591,REGISTERED,2019-05-15,,0.92
P000214,PH000592,REGISTERED,2022-08-09,,0.84
P000214,PH000593,USED_NOT_REGISTERED,2024-04-25,2025-02-01,0.97
P000214,PH000594,USED_NOT_REGISTERED,2024-11-16,2025-07-20,0.88
P000214,PH000595,USED_NOT_REGISTERED,2018-09-17,,0.87
P000215,PH000596,REGISTERED,2024-02-07,,0.77
P000216,PH000597,REGISTERED,2026-04-16,,0.98
P000217,PH000598,REGISTERED,2019-11-28,,0.78
P000218,PH000599,REGISTERED,2025-01-04,,0.86
P000218,PH000600,USED_NOT_REGISTERED,2019-10-06,2020-04-17,0.75
P000218,PH000601,REGISTERED,2025-10-31,,0.91
P000218,PH000602,REGISTERED,2025-10-19,,0.88
P000219,PH000603,REGISTERED,2026-01-10,,0.88
P000219,PH000604,USED_NOT_REGISTERED,2021-07-07,,0.94
P000219,PH000605,USED_NOT_REGISTERED,2022-04-29,2022-12-09,0.9
P000219,PH000606,REGISTERED,2022-02-02,,0.94
P000220,PH000607,REGISTERED,2022-12-31,,0.81
P000220,PH000608,REGISTERED,2018-10-01,,0.8
P000221,PH000609,REGISTERED,2023-06-15,,0.89
P000221,PH000610,USED_NOT_REGISTERED,2025-10-01,,0.95
P000221,PH000611,REGISTERED,2025-03-07,,0.95
P000222,PH000612,REGISTERED,2018-06-15,,0.85
P000222,PH000613,REGISTERED,2020-12-07,,0.9
P000222,PH000614,REGISTERED,2021-08-16,,0.9
P000223,PH000615,REGISTERED,2020-03-18,,0.78
P000223,PH000616,REGISTERED,2020-06-22,,0.91
P000223,PH000617,REGISTERED,2024-10-21,,0.87
P000224,PH000618,REGISTERED,2022-11-04,,0.82
P000224,PH000619,USED_NOT_REGISTERED,2020-11-28,2020-12-24,0.76
P000225,PH000620,REGISTERED,2021-05-11,,0.89
P000225,PH000621,USED_NOT_REGISTERED,2026-04-18,,0.9
P000225,PH000622,REGISTERED,2018-07-08,,0.78
P000226,PH000623,REGISTERED,2018-10-31,,0.93
P000227,PH000624,REGISTERED,2024-03-29,,0.8
P000227,PH000625,REGISTERED,2026-02-08,,0.91
P000227,PH000626,USED_NOT_REGISTERED,2021-11-21,,0.82
P000227,PH000627,USED_NOT_REGISTERED,2018-05-14,2019-05-16,0.9
P000228,PH000628,REGISTERED,2022-11-02,,0.79
P000228,PH000629,USED_NOT_REGISTERED,2021-04-24,,0.93
P000229,PH000630,REGISTERED,2025-09-20,,0.72
P000229,PH000631,USED_NOT_REGISTERED,2020-09-09,2021-02-20,0.8
P000230,PH000632,REGISTERED,2020-09-21,,0.92
P000230,PH000633,USED_NOT_REGISTERED,2021-01-16,2021-09-01,0.87
P000230,PH000634,USED_NOT_REGISTERED,2024-07-08,,0.98
P000231,PH000635,REGISTERED,2018-09-11,,0.89
P000231,PH000636,REGISTERED,2024-01-02,,0.92
P000231,PH000637,REGISTERED,2020-04-24,,0.84
P000231,PH000638,REGISTERED,2024-11-16,,0.77
P000231,PH000639,USED_NOT_REGISTERED,2022-09-26,2023-05-21,0.75
P000231,PH000640,USED_NOT_REGISTERED,2024-08-22,2024-12-28,0.99
P000232,PH000641,REGISTERED,2018-07-14,,0.76
P000232,PH000642,REGISTERED,2018-09-25,,0.82
P000232,PH000643,REGISTERED,2020-08-06,,0.9
P000232,PH000644,USED_NOT_REGISTERED,2025-06-22,,0.88
P000232,PH000645,USED_NOT_REGISTERED,2018-09-05,2019-08-11,0.92
P000232,PH000646,REGISTERED,2024-01-07,,0.77
P000233,PH000647,REGISTERED,2025-05-23,,0.98
P000234,PH000648,REGISTERED,2020-04-10,,0.85
P000234,PH000649,USED_NOT_REGISTERED,2024-03-11,,0.74
P000234,PH000650,USED_NOT_REGISTERED,2022-09-17,,0.92
P000234,PH000651,USED_NOT_REGISTERED,2024-05-02,,0.78
P000235,PH000652,REGISTERED,2021-07-07,,0.79
P000235,PH000653,USED_NOT_REGISTERED,2019-10-27,,0.99
P000235,PH000654,REGISTERED,2022-02-12,,0.98
P000235,PH000655,USED_NOT_REGISTERED,2021-08-19,2022-06-08,0.96
P000236,PH000656,REGISTERED,2026-03-02,,0.93
P000237,PH000657,REGISTERED,2018-09-09,,0.82
P000238,PH000658,REGISTERED,2018-10-14,,0.72
P000238,PH000659,USED_NOT_REGISTERED,2025-01-15,,0.95
P000239,PH000660,REGISTERED,2020-07-27,,0.78
P000239,PH000661,USED_NOT_REGISTERED,2018-08-18,2019-01-28,0.96
P000240,PH000662,REGISTERED,2026-01-11,,0.83
P000240,PH000663,USED_NOT_REGISTERED,2025-05-17,2025-11-05,0.92
P000240,PH000664,USED_NOT_REGISTERED,2018-10-26,,0.81
P000241,PH000665,REGISTERED,2019-10-03,,0.83
P000242,PH000666,REGISTERED,2021-02-17,,0.73
P000243,PH000667,REGISTERED,2019-03-17,,0.76
P000243,PH000668,USED_NOT_REGISTERED,2024-09-24,2024-12-03,0.72
P000243,PH000669,REGISTERED,2025-02-11,,0.91
P000244,PH000670,REGISTERED,2022-11-03,,0.72
P000244,PH000671,USED_NOT_REGISTERED,2023-12-23,,0.85
P000244,PH000672,REGISTERED,2019-04-27,,0.97
P000245,PH000673,REGISTERED,2020-06-20,,0.75
P000245,PH000674,REGISTERED,2021-03-31,,0.97
P000245,PH000675,USED_NOT_REGISTERED,2018-06-22,2019-06-23,0.73
P000245,PH000676,REGISTERED,2025-10-19,,0.84
P000245,PH000677,REGISTERED,2023-09-21,,0.89
P000245,PH000678,USED_NOT_REGISTERED,2024-09-24,,0.98
P000246,PH000679,REGISTERED,2023-07-06,,0.82
P000246,PH000680,REGISTERED,2021-06-01,,0.94
P000246,PH000681,USED_NOT_REGISTERED,2025-05-26,2026-01-23,0.75
P000246,PH000682,REGISTERED,2020-03-11,,0.86
P000247,PH000683,REGISTERED,2022-01-19,,0.98
P000248,PH000684,REGISTERED,2024-11-27,,0.84
P000248,PH000685,REGISTERED,2019-08-10,,0.84
P000248,PH000686,REGISTERED,2019-06-23,,0.93
P000248,PH000687,USED_NOT_REGISTERED,2018-12-12,,0.95
P000249,PH000688,REGISTERED,2018-12-29,,0.82
P000249,PH000689,REGISTERED,2023-08-30,,0.94
P000250,PH000690,REGISTERED,2019-07-16,,0.93
P000250,PH000691,USED_NOT_REGISTERED,2026-03-31,2026-06-29,0.84
P000250,PH000692,USED_NOT_REGISTERED,2023-11-21,,0.98
P000251,PH000693,REGISTERED,2021-01-09,,0.98
P000251,PH000694,REGISTERED,2022-12-21,,0.8
P000251,PH000695,REGISTERED,2025-02-21,,0.87
P000251,PH000696,REGISTERED,2020-08-21,,0.75
P000252,PH000697,REGISTERED,2024-03-26,,0.98
P000252,PH000698,USED_NOT_REGISTERED,2021-12-05,2022-08-16,0.78
P000252,PH000699,USED_NOT_REGISTERED,2026-05-27,,0.78
P000253,PH000700,REGISTERED,2023-11-29,,0.91
P000253,PH000701,REGISTERED,2020-09-19,,0.91
P000253,PH000702,REGISTERED,2018-02-11,,0.76
P000253,PH000703,USED_NOT_REGISTERED,2019-06-24,2020-07-19,0.78
P000253,PH000704,USED_NOT_REGISTERED,2022-05-01,2022-12-19,0.85
P000254,PH000705,REGISTERED,2022-12-01,,0.75
P000254,PH000706,REGISTERED,2018-06-12,,0.94
P000255,PH000707,REGISTERED,2020-10-07,,0.77
P000255,PH000708,USED_NOT_REGISTERED,2020-11-28,,0.76
P000255,PH000709,REGISTERED,2024-01-11,,0.94
P000255,PH000710,USED_NOT_REGISTERED,2022-02-26,,0.98
P000255,PH000711,USED_NOT_REGISTERED,2022-09-04,2023-04-16,0.83
P000255,PH000712,USED_NOT_REGISTERED,2020-01-27,2021-02-14,0.94
P000256,PH000713,REGISTERED,2018-11-24,,0.88
P000256,PH000714,USED_NOT_REGISTERED,2019-05-20,,0.98
P000256,PH000715,REGISTERED,2018-02-04,,0.78
P000257,PH000716,REGISTERED,2025-07-01,,0.81
P000257,PH000717,USED_NOT_REGISTERED,2024-03-09,2025-01-03,0.84
P000257,PH000718,USED_NOT_REGISTERED,2026-04-24,2026-07-15,0.77
P000258,PH000719,REGISTERED,2018-02-20,,0.83
P000258,PH000720,REGISTERED,2022-01-05,,0.85
P000258,PH000721,REGISTERED,2023-11-23,,0.73
P000258,PH000722,REGISTERED,2023-01-03,,0.77
P000258,PH000723,USED_NOT_REGISTERED,2021-04-27,,0.87
P000259,PH000724,REGISTERED,2018-09-26,,0.89
P000259,PH000725,REGISTERED,2024-11-17,,0.78
P000259,PH000726,USED_NOT_REGISTERED,2026-01-22,,0.84
P000259,PH000727,USED_NOT_REGISTERED,2020-10-09,,0.84
P000259,PH000728,USED_NOT_REGISTERED,2024-02-11,,0.8
P000259,PH000729,USED_NOT_REGISTERED,2018-12-18,2019-05-01,0.88
P000260,PH000730,REGISTERED,2025-02-14,,0.94
P000261,PH000731,REGISTERED,2018-04-11,,0.85
P000261,PH000732,USED_NOT_REGISTERED,2018-09-15,,0.75
P000261,PH000733,USED_NOT_REGISTERED,2019-02-03,2019-02-22,0.97
P000262,PH000734,REGISTERED,2023-05-24,,0.87
P000263,PH000735,REGISTERED,2021-10-23,,0.73
P000264,PH000736,REGISTERED,2021-10-20,,0.85
P000264,PH000737,REGISTERED,2019-10-25,,0.95
P000264,PH000738,REGISTERED,2024-05-08,,0.76
P000264,PH000739,USED_NOT_REGISTERED,2020-08-28,,0.86
P000265,PH000740,REGISTERED,2019-09-06,,0.74
P000265,PH000741,USED_NOT_REGISTERED,2025-03-18,2025-11-29,0.76
P000266,PH000742,REGISTERED,2024-06-06,,0.87
P000266,PH000743,USED_NOT_REGISTERED,2024-07-26,2024-10-28,0.81
P000266,PH000744,USED_NOT_REGISTERED,2024-07-29,2025-02-27,0.79
P000267,PH000745,REGISTERED,2019-02-06,,0.92
P000267,PH000746,USED_NOT_REGISTERED,2023-08-27,,0.83
P000267,PH000747,USED_NOT_REGISTERED,2023-09-01,2024-05-25,0.87
P000268,PH000748,REGISTERED,2020-06-04,,0.72
P000268,PH000749,USED_NOT_REGISTERED,2025-10-30,2026-10-22,0.92
P000269,PH000750,REGISTERED,2025-09-04,,0.76
P000270,PH000751,REGISTERED,2019-08-31,,0.97
P000271,PH000752,REGISTERED,2026-01-24,,0.99
P000271,PH000753,REGISTERED,2024-05-08,,0.73
P000271,PH000754,USED_NOT_REGISTERED,2023-09-11,,0.87
P000271,PH000755,REGISTERED,2020-06-02,,0.87
P000272,PH000756,REGISTERED,2019-01-26,,0.95
P000272,PH000757,USED_NOT_REGISTERED,2025-07-10,,0.97
P000272,PH000758,USED_NOT_REGISTERED,2022-12-16,,0.75
P000272,PH000759,USED_NOT_REGISTERED,2020-05-23,2021-01-07,0.9
P000273,PH000760,REGISTERED,2024-08-06,,0.78
P000273,PH000761,REGISTERED,2026-01-08,,0.81
P000274,PH000762,REGISTERED,2022-09-11,,0.75
P000274,PH000763,REGISTERED,2026-04-29,,0.88
P000275,PH000764,REGISTERED,2019-08-17,,0.91
P000275,PH000765,USED_NOT_REGISTERED,2025-06-12,2025-07-18,0.95
P000275,PH000766,REGISTERED,2018-08-29,,0.86
P000276,PH000767,REGISTERED,2019-03-24,,0.9
P000276,PH000768,REGISTERED,2019-04-06,,0.87
P000276,PH000769,REGISTERED,2019-02-12,,0.78
P000277,PH000770,REGISTERED,2025-09-13,,0.74
P000277,PH000771,USED_NOT_REGISTERED,2022-04-28,,0.77
P000277,PH000772,REGISTERED,2020-01-09,,0.73
P000277,PH000773,REGISTERED,2025-04-13,,0.85
P000278,PH000774,REGISTERED,2025-10-15,,0.86
P000278,PH000775,USED_NOT_REGISTERED,2022-08-13,,0.9
P000278,PH000776,USED_NOT_REGISTERED,2018-03-03,2018-10-13,0.89
P000279,PH000777,REGISTERED,2021-04-20,,0.82
P000280,PH000778,REGISTERED,2018-10-21,,0.9
P000280,PH000779,USED_NOT_REGISTERED,2023-09-20,2024-02-18,0.81
P000280,PH000780,REGISTERED,2024-08-28,,0.75
P000280,PH000781,USED_NOT_REGISTERED,2025-07-10,2025-12-08,0.74
P000281,PH000782,REGISTERED,2019-08-20,,0.89
P000281,PH000783,USED_NOT_REGISTERED,2022-03-04,2022-10-03,0.97
P000281,PH000784,REGISTERED,2020-01-16,,0.78
P000282,PH000785,REGISTERED,2018-12-06,,0.85
P000282,PH000786,USED_NOT_REGISTERED,2025-03-30,,0.84
P000282,PH000787,USED_NOT_REGISTERED,2018-05-19,2018-11-10,0.89
P000282,PH000788,REGISTERED,2024-06-22,,0.76
P000283,PH000789,REGISTERED,2022-06-25,,0.82
P000283,PH000790,REGISTERED,2021-06-15,,0.82
P000283,PH000791,REGISTERED,2023-03-29,,0.81
P000284,PH000792,REGISTERED,2023-10-10,,0.91
P000284,PH000793,REGISTERED,2022-06-30,,0.89
P000284,PH000794,REGISTERED,2022-01-14,,0.88
P000284,PH000795,REGISTERED,2019-08-01,,0.88
P000285,PH000796,REGISTERED,2023-04-04,,0.93
P000286,PH000797,REGISTERED,2019-10-19,,0.83
P000286,PH000798,USED_NOT_REGISTERED,2019-08-26,2020-09-21,0.83
P000286,PH000799,USED_NOT_REGISTERED,2020-08-07,2021-04-03,0.74
P000286,PH000800,REGISTERED,2018-11-13,,0.91
P000287,PH000801,REGISTERED,2019-01-02,,0.98
P000287,PH000802,REGISTERED,2024-07-05,,0.94
P000288,PH000803,REGISTERED,2022-02-17,,0.81
P000288,PH000804,REGISTERED,2023-08-06,,0.81
P000288,PH000805,USED_NOT_REGISTERED,2025-10-05,,0.75
P000289,PH000806,REGISTERED,2026-05-19,,0.81
P000289,PH000807,REGISTERED,2019-03-25,,0.8
P000290,PH000808,REGISTERED,2019-07-27,,0.8
P000290,PH000809,REGISTERED,2022-01-24,,0.89
P000290,PH000810,USED_NOT_REGISTERED,2021-02-22,2022-03-15,0.92
P000290,PH000811,USED_NOT_REGISTERED,2025-12-02,2026-04-12,0.92
P000291,PH000812,REGISTERED,2022-02-01,,0.89
P000291,PH000813,USED_NOT_REGISTERED,2025-04-24,2026-04-29,0.74
P000292,PH000814,REGISTERED,2025-09-02,,0.92
P000292,PH000815,USED_NOT_REGISTERED,2023-07-01,,0.73
P000292,PH000816,USED_NOT_REGISTERED,2020-02-10,2020-10-18,0.96
P000293,PH000817,REGISTERED,2020-05-23,,0.88
P000293,PH000818,REGISTERED,2023-08-30,,0.83
P000294,PH000819,REGISTERED,2023-06-13,,0.73
P000294,PH000820,USED_NOT_REGISTERED,2019-03-07,2019-11-19,0.8
P000295,PH000821,REGISTERED,2020-09-30,,0.73
P000295,PH000822,USED_NOT_REGISTERED,2018-12-01,2019-05-15,0.96
P000295,PH000823,REGISTERED,2021-06-26,,0.96
P000295,PH000824,USED_NOT_REGISTERED,2024-02-21,,0.83
P000296,PH000825,REGISTERED,2023-07-18,,0.88
P000296,PH000826,REGISTERED,2023-06-28,,0.84
P000296,PH000827,REGISTERED,2018-03-18,,0.8
P000296,PH000828,REGISTERED,2023-09-20,,0.77
P000297,PH000829,REGISTERED,2019-06-19,,0.95
P000297,PH000830,USED_NOT_REGISTERED,2025-03-18,,0.75
P000297,PH000831,USED_NOT_REGISTERED,2024-08-21,2025-08-25,0.75
P000298,PH000832,REGISTERED,2023-09-14,,0.78
P000298,PH000833,USED_NOT_REGISTERED,2020-03-18,2021-04-10,0.78
P000298,PH000834,REGISTERED,2025-08-19,,0.92
P000299,PH000835,REGISTERED,2023-09-26,,0.93
P000300,PH000836,REGISTERED,2021-12-06,,0.8
P000301,PH000837,REGISTERED,2020-05-14,,0.86
P000301,PH000838,REGISTERED,2024-01-27,,0.81
P000301,PH000839,REGISTERED,2022-01-06,,0.98
P000301,PH000840,USED_NOT_REGISTERED,2019-02-24,2019-10-20,0.8
P000302,PH000841,REGISTERED,2020-06-08,,0.85
P000302,PH000842,REGISTERED,2022-09-18,,0.89
P000302,PH000843,USED_NOT_REGISTERED,2023-11-03,2024-09-20,0.74
P000302,PH000844,REGISTERED,2023-04-14,,0.82
P000303,PH000845,REGISTERED,2022-02-13,,0.79
P000304,PH000846,REGISTERED,2019-07-21,,0.75
P000304,PH000847,REGISTERED,2018-11-18,,0.92
P000304,PH000848,USED_NOT_REGISTERED,2020-11-04,2021-10-12,0.75
P000304,PH000849,REGISTERED,2024-04-30,,0.96
P000304,PH000850,USED_NOT_REGISTERED,2020-09-26,2021-04-07,0.96
P000305,PH000851,REGISTERED,2021-11-23,,0.81
P000305,PH000852,REGISTERED,2024-08-24,,0.98
P000306,PH000853,REGISTERED,2025-01-13,,0.74
P000306,PH000854,REGISTERED,2020-08-22,,0.83
P000306,PH000855,USED_NOT_REGISTERED,2025-03-14,2025-12-20,0.74
P000306,PH000856,REGISTERED,2026-03-10,,0.87
P000307,PH000857,REGISTERED,2024-05-22,,0.81
P000307,PH000858,REGISTERED,2021-03-14,,0.8
P000307,PH000859,REGISTERED,2022-02-26,,0.98
P000308,PH000860,REGISTERED,2018-10-29,,0.91
P000308,PH000861,USED_NOT_REGISTERED,2022-07-09,2022-07-25,0.95
P000308,PH000862,USED_NOT_REGISTERED,2024-07-07,,0.88
P000309,PH000863,REGISTERED,2022-02-28,,0.86
P000309,PH000864,REGISTERED,2023-09-06,,0.96
P000309,PH000865,USED_NOT_REGISTERED,2024-01-13,2024-04-07,0.73
P000309,PH000866,REGISTERED,2021-06-20,,0.93
P000310,PH000867,REGISTERED,2018-12-02,,0.72
P000310,PH000868,USED_NOT_REGISTERED,2021-07-15,2022-05-30,0.87
P000310,PH000869,USED_NOT_REGISTERED,2023-10-07,,0.83
P000311,PH000870,REGISTERED,2018-12-14,,0.78
P000312,PH000871,REGISTERED,2020-09-21,,0.91
P000312,PH000872,REGISTERED,2024-01-29,,0.79
P000312,PH000873,USED_NOT_REGISTERED,2025-02-22,2025-07-03,0.96
P000313,PH000874,REGISTERED,2018-01-27,,0.91
P000314,PH000875,REGISTERED,2023-08-27,,0.85
P000314,PH000876,REGISTERED,2021-12-10,,0.84
P000314,PH000877,USED_NOT_REGISTERED,2021-04-23,2021-11-06,0.73
P000315,PH000878,REGISTERED,2026-04-23,,0.91
P000315,PH000879,REGISTERED,2023-05-18,,0.91
P000315,PH000880,USED_NOT_REGISTERED,2021-12-26,2022-09-30,0.86
P000315,PH000881,REGISTERED,2019-05-14,,0.92
P000316,PH000882,REGISTERED,2024-10-23,,0.75
P000316,PH000883,USED_NOT_REGISTERED,2024-10-06,2025-05-08,0.72
P000316,PH000884,REGISTERED,2023-09-26,,0.98
P000317,PH000885,REGISTERED,2025-09-07,,0.76
P000317,PH000886,USED_NOT_REGISTERED,2023-06-23,2023-11-13,0.96
P000317,PH000887,REGISTERED,2019-02-01,,0.76
P000317,PH000888,REGISTERED,2025-10-25,,0.86
P000318,PH000889,REGISTERED,2019-10-16,,0.84
P000318,PH000890,USED_NOT_REGISTERED,2025-10-28,,0.91
P000319,PH000891,REGISTERED,2021-05-02,,0.76
P000319,PH000892,REGISTERED,2025-11-19,,0.96
P000319,PH000893,USED_NOT_REGISTERED,2019-08-30,2020-07-01,0.97
P000319,PH000894,REGISTERED,2018-05-18,,0.91
P000320,PH000895,REGISTERED,2023-05-24,,0.89
P000320,PH000896,USED_NOT_REGISTERED,2020-10-22,2021-10-04,0.87
P000320,PH000897,USED_NOT_REGISTERED,2023-10-25,,0.94
P000321,PH000898,REGISTERED,2022-08-02,,0.98
P000321,PH000899,USED_NOT_REGISTERED,2021-12-03,,0.95
P000321,PH000900,REGISTERED,2020-07-19,,0.88
P000321,PH000901,REGISTERED,2025-01-12,,0.87
P000322,PH000902,REGISTERED,2021-11-28,,0.82
P000322,PH000903,REGISTERED,2019-09-07,,0.98
P000322,PH000904,REGISTERED,2024-02-17,,0.82
P000322,PH000905,REGISTERED,2022-04-02,,0.82
P000323,PH000906,REGISTERED,2022-05-23,,0.97
P000323,PH000907,REGISTERED,2026-06-17,,0.77
P000324,PH000908,REGISTERED,2023-11-16,,0.89
P000324,PH000909,USED_NOT_REGISTERED,2023-02-10,,0.82
P000324,PH000910,USED_NOT_REGISTERED,2019-07-25,2019-12-11,0.73
P000325,PH000911,REGISTERED,2022-06-13,,0.8
P000325,PH000912,USED_NOT_REGISTERED,2024-07-04,2024-12-24,0.93
P000325,PH000913,REGISTERED,2019-05-23,,0.75
P000326,PH000914,REGISTERED,2019-12-13,,0.88
P000327,PH000915,REGISTERED,2021-04-17,,0.74
P000327,PH000916,USED_NOT_REGISTERED,2019-11-13,,0.75
P000328,PH000917,REGISTERED,2018-09-08,,0.92
P000328,PH000918,REGISTERED,2025-01-26,,0.88
P000329,PH000919,REGISTERED,2026-06-20,,0.94
P000329,PH000920,REGISTERED,2024-10-10,,0.92
P000329,PH000921,REGISTERED,2020-10-28,,0.82
P000329,PH000922,USED_NOT_REGISTERED,2025-11-19,2025-12-10,0.82
P000330,PH000923,REGISTERED,2024-03-07,,0.96
P000330,PH000924,USED_NOT_REGISTERED,2018-03-31,,0.89
P000330,PH000925,REGISTERED,2025-04-10,,0.77
P000331,PH000926,REGISTERED,2023-10-17,,0.8
P000331,PH000927,USED_NOT_REGISTERED,2025-01-06,2025-07-29,0.93
P000331,PH000928,USED_NOT_REGISTERED,2020-07-19,,0.89
P000331,PH000929,REGISTERED,2018-05-11,,0.9
P000331,PH000930,REGISTERED,2019-09-06,,0.79
P000332,PH000931,REGISTERED,2020-09-17,,0.79
P000332,PH000932,REGISTERED,2025-05-19,,0.77
P000332,PH000933,USED_NOT_REGISTERED,2023-04-16,,0.86
P000332,PH000934,REGISTERED,2020-06-09,,0.93
P000333,PH000935,REGISTERED,2026-04-05,,0.78
P000334,PH000936,REGISTERED,2025-10-07,,0.89
P000334,PH000937,REGISTERED,2023-12-24,,0.73
P000335,PH000938,REGISTERED,2022-08-19,,0.76
P000335,PH000939,REGISTERED,2021-06-10,,0.87
P000336,PH000940,REGISTERED,2022-02-19,,0.9
P000336,PH000941,USED_NOT_REGISTERED,2019-11-25,,0.91
P000336,PH000942,USED_NOT_REGISTERED,2022-01-02,2022-10-25,0.87
P000336,PH000943,REGISTERED,2026-03-28,,0.84
P000337,PH000944,REGISTERED,2024-01-01,,0.8
P000337,PH000945,REGISTERED,2020-08-07,,0.89
P000337,PH000946,REGISTERED,2021-10-16,,0.85
P000337,PH000947,REGISTERED,2024-08-20,,0.83
P000338,PH000948,REGISTERED,2020-06-30,,0.94
P000338,PH000949,REGISTERED,2020-10-04,,0.84
P000338,PH000950,USED_NOT_REGISTERED,2022-05-17,,0.82
P000339,PH000951,REGISTERED,2025-02-18,,0.94
P000339,PH000952,REGISTERED,2025-06-03,,0.89
P000339,PH000953,REGISTERED,2022-04-04,,0.92
P000340,PH000954,REGISTERED,2022-02-20,,0.97
P000341,PH000955,REGISTERED,2018-03-02,,0.93
P000341,PH000956,REGISTERED,2021-07-17,,0.95
P000341,PH000957,USED_NOT_REGISTERED,2019-05-23,2019-08-31,0.9
P000342,PH000958,REGISTERED,2021-07-24,,0.87
P000343,PH000959,REGISTERED,2019-12-24,,0.72
P000343,PH000960,REGISTERED,2025-05-04,,0.91
P000343,PH000961,USED_NOT_REGISTERED,2022-07-17,2022-09-19,0.96
P000343,PH000962,USED_NOT_REGISTERED,2021-01-12,2021-03-13,0.94
P000343,PH000963,USED_NOT_REGISTERED,2020-12-20,2021-10-23,0.91
P000343,PH000964,USED_NOT_REGISTERED,2023-04-05,,0.93
P000344,PH000965,REGISTERED,2021-02-01,,0.89
P000344,PH000966,REGISTERED,2024-09-07,,0.88
P000344,PH000967,REGISTERED,2019-09-29,,0.75
P000344,PH000968,REGISTERED,2018-07-09,,0.94
P000345,PH000969,REGISTERED,2023-07-13,,0.85
P000345,PH000970,REGISTERED,2019-04-10,,0.96
P000345,PH000971,USED_NOT_REGISTERED,2019-12-10,2020-09-06,0.87
P000345,PH000972,REGISTERED,2024-03-27,,0.88
P000346,PH000973,REGISTERED,2025-08-13,,0.93
P000346,PH000974,REGISTERED,2024-02-08,,0.73
P000347,PH000975,REGISTERED,2025-01-31,,0.86
P000347,PH000976,REGISTERED,2023-06-14,,0.91
P000347,PH000977,USED_NOT_REGISTERED,2024-06-29,2025-01-27,0.78
P000348,PH000978,REGISTERED,2018-04-30,,0.77
P000348,PH000979,USED_NOT_REGISTERED,2024-02-15,,0.77
P000348,PH000980,REGISTERED,2024-08-19,,0.89
P000349,PH000981,REGISTERED,2025-12-10,,0.81
P000349,PH000982,USED_NOT_REGISTERED,2025-04-18,2025-05-30,0.73
P000349,PH000983,USED_NOT_REGISTERED,2024-08-30,2025-07-26,0.84
P000349,PH000984,USED_NOT_REGISTERED,2018-06-14,2019-03-08,0.82
P000350,PH000985,REGISTERED,2019-05-09,,0.75
P000350,PH000986,REGISTERED,2021-12-26,,0.99
P000350,PH000987,USED_NOT_REGISTERED,2021-09-02,2022-08-15,0.94
P000351,PH000988,REGISTERED,2021-02-26,,0.85
P000351,PH000989,USED_NOT_REGISTERED,2023-03-18,2023-12-04,0.83
P000351,PH000990,USED_NOT_REGISTERED,2023-10-28,2024-10-17,0.75
P000352,PH000991,REGISTERED,2023-07-18,,0.95
P000353,PH000992,REGISTERED,2019-01-01,,0.72
P000353,PH000993,USED_NOT_REGISTERED,2019-06-05,,0.81
P000353,PH000994,REGISTERED,2024-10-01,,0.78
P000353,PH000995,USED_NOT_REGISTERED,2019-03-26,,0.83
P000354,PH000996,REGISTERED,2022-07-11,,0.85
P000354,PH000997,REGISTERED,2025-04-15,,0.75
P000354,PH000998,USED_NOT_REGISTERED,2018-02-09,,0.9
P000354,PH000999,USED_NOT_REGISTERED,2025-12-23,2026-11-10,0.73
P000355,PH001000,REGISTERED,2018-09-07,,0.79
P000355,PH001001,REGISTERED,2018-11-15,,0.93
P000355,PH001002,REGISTERED,2020-09-19,,0.94
P000355,PH001003,REGISTERED,2026-03-22,,0.73
P000356,PH001004,REGISTERED,2026-02-12,,0.94
P000356,PH001005,USED_NOT_REGISTERED,2019-04-26,,0.94
P000356,PH001006,REGISTERED,2024-10-19,,0.93
P000356,PH001007,USED_NOT_REGISTERED,2024-12-07,2025-11-03,0.96
P000356,PH001008,USED_NOT_REGISTERED,2020-12-05,2021-08-11,0.88
P000357,PH001009,REGISTERED,2023-07-08,,0.91
P000357,PH001010,REGISTERED,2022-05-11,,0.82
P000357,PH001011,USED_NOT_REGISTERED,2023-09-12,2024-08-19,0.95
P000358,PH001012,REGISTERED,2020-02-16,,0.94
P000359,PH001013,REGISTERED,2023-07-23,,0.92
P000359,PH001014,REGISTERED,2020-12-26,,0.86
P000360,PH001015,REGISTERED,2024-03-23,,0.91
P000360,PH001016,USED_NOT_REGISTERED,2019-05-12,,0.82
P000361,PH001017,REGISTERED,2020-08-27,,0.89
P000361,PH001018,REGISTERED,2024-07-15,,0.73
P000361,PH001019,REGISTERED,2020-12-30,,0.91
P000361,PH001020,USED_NOT_REGISTERED,2023-10-31,,0.9
P000362,PH001021,REGISTERED,2019-09-22,,0.75
P000363,PH001022,REGISTERED,2019-03-18,,0.93
P000363,PH001023,USED_NOT_REGISTERED,2025-03-07,2025-10-17,0.92
P000363,PH001024,USED_NOT_REGISTERED,2023-03-27,2023-04-23,0.79
P000364,PH001025,REGISTERED,2019-11-02,,0.89
P000365,PH001026,REGISTERED,2020-03-28,,0.81
P000366,PH001027,REGISTERED,2026-06-10,,0.83
P000367,PH001028,REGISTERED,2023-08-26,,0.73
P000367,PH001029,USED_NOT_REGISTERED,2021-01-11,2021-04-29,0.77
P000368,PH001030,REGISTERED,2018-12-03,,0.89
P000368,PH001031,REGISTERED,2019-05-10,,0.89
P000368,PH001032,REGISTERED,2018-10-05,,0.96
P000369,PH001033,REGISTERED,2019-02-07,,0.95
P000369,PH001034,USED_NOT_REGISTERED,2020-03-10,2020-06-16,0.87
P000369,PH001035,USED_NOT_REGISTERED,2019-10-17,2020-02-21,0.84
P000370,PH001036,REGISTERED,2025-07-15,,0.74
P000370,PH001037,USED_NOT_REGISTERED,2022-03-10,2023-01-11,0.92
P000370,PH001038,USED_NOT_REGISTERED,2019-10-30,2019-11-25,0.8
P000371,PH001039,REGISTERED,2022-10-06,,0.99
P000371,PH001040,USED_NOT_REGISTERED,2022-01-26,2022-05-21,0.94
P000371,PH001041,REGISTERED,2019-08-28,,0.95
P000372,PH001042,REGISTERED,2019-02-21,,0.94
P000372,PH001043,REGISTERED,2023-08-02,,0.93
P000373,PH001044,REGISTERED,2022-03-28,,0.82
P000373,PH001045,REGISTERED,2025-10-10,,0.79
P000373,PH001046,USED_NOT_REGISTERED,2021-04-21,,0.73
P000374,PH001047,REGISTERED,2025-05-15,,0.92
P000374,PH001048,REGISTERED,2026-04-06,,0.97
P000375,PH001049,REGISTERED,2019-03-16,,0.82
P000375,PH001050,USED_NOT_REGISTERED,2021-09-22,2022-01-19,0.77
P000375,PH001051,USED_NOT_REGISTERED,2023-12-10,2024-04-23,0.98
P000376,PH001052,REGISTERED,2018-08-11,,0.88
P000376,PH001053,REGISTERED,2018-05-03,,0.77
P000376,PH001054,REGISTERED,2018-10-23,,0.94
P000377,PH001055,REGISTERED,2018-05-03,,0.89
P000377,PH001056,REGISTERED,2019-12-31,,0.94
P000378,PH001057,REGISTERED,2023-10-07,,0.9
P000378,PH001058,USED_NOT_REGISTERED,2023-05-04,,0.81
P000378,PH001059,USED_NOT_REGISTERED,2024-09-15,2025-06-09,0.76
P000378,PH001060,REGISTERED,2022-05-08,,0.78
P000378,PH001061,USED_NOT_REGISTERED,2022-08-02,,0.77
P000379,PH001062,REGISTERED,2024-12-12,,0.92
P000379,PH001063,USED_NOT_REGISTERED,2019-11-30,2020-08-03,0.75
P000379,PH001064,USED_NOT_REGISTERED,2024-11-06,,0.81
P000379,PH001065,REGISTERED,2026-04-02,,0.77
P000379,PH001066,USED_NOT_REGISTERED,2024-07-01,2024-12-03,0.82
P000380,PH001067,REGISTERED,2019-04-07,,0.96
P000380,PH001068,USED_NOT_REGISTERED,2021-09-07,2022-03-25,0.87
P000381,PH001069,REGISTERED,2023-11-22,,0.76
P000381,PH001070,USED_NOT_REGISTERED,2023-04-19,2023-07-19,0.72
P000381,PH001071,USED_NOT_REGISTERED,2018-09-29,2019-03-11,0.87
P000382,PH001072,REGISTERED,2025-07-01,,0.91
P000382,PH001073,USED_NOT_REGISTERED,2024-10-11,2025-10-25,0.75
P000382,PH001074,USED_NOT_REGISTERED,2018-10-29,2019-04-10,0.82
P000382,PH001075,USED_NOT_REGISTERED,2022-08-13,2023-04-12,0.84
P000383,PH001076,REGISTERED,2023-12-18,,0.92
P000383,PH001077,REGISTERED,2025-02-19,,0.86
P000383,PH001078,USED_NOT_REGISTERED,2018-06-11,2019-04-11,0.86
P000384,PH001079,REGISTERED,2026-03-27,,0.92
P000384,PH001080,USED_NOT_REGISTERED,2018-10-21,,0.81
P000384,PH001081,REGISTERED,2022-08-28,,0.78
P000384,PH001082,USED_NOT_REGISTERED,2018-04-27,,0.86
P000384,PH001083,USED_NOT_REGISTERED,2024-04-13,,0.92
P000385,PH001084,REGISTERED,2022-04-27,,0.81
P000386,PH001085,REGISTERED,2018-08-07,,0.93
P000386,PH001086,USED_NOT_REGISTERED,2022-04-12,2022-09-15,0.97
P000386,PH001087,USED_NOT_REGISTERED,2019-02-09,2019-07-30,0.89
P000386,PH001088,USED_NOT_REGISTERED,2021-05-30,2021-10-27,0.76
P000387,PH001089,REGISTERED,2020-10-17,,0.81
P000387,PH001090,REGISTERED,2020-03-10,,0.87
P000387,PH001091,USED_NOT_REGISTERED,2024-06-25,2024-10-26,0.85
P000388,PH001092,REGISTERED,2019-05-18,,0.83
P000388,PH001093,USED_NOT_REGISTERED,2024-04-03,2024-06-21,0.81
P000388,PH001094,REGISTERED,2023-07-11,,0.79
P000388,PH001095,USED_NOT_REGISTERED,2025-07-27,,0.77
P000389,PH001096,REGISTERED,2025-08-05,,0.79
P000389,PH001097,REGISTERED,2023-06-09,,0.87
P000390,PH001098,REGISTERED,2022-11-10,,0.77
P000390,PH001099,USED_NOT_REGISTERED,2021-08-14,2022-03-17,0.83
P000391,PH001100,REGISTERED,2020-06-08,,0.83
P000391,PH001101,REGISTERED,2024-11-09,,0.84
P000391,PH001102,REGISTERED,2020-01-22,,0.85
P000392,PH001103,REGISTERED,2024-12-10,,0.88
P000393,PH001104,REGISTERED,2025-10-21,,0.86
P000393,PH001105,REGISTERED,2018-10-18,,0.82
P000393,PH001106,USED_NOT_REGISTERED,2024-09-22,2025-04-26,0.84
P000394,PH001107,REGISTERED,2019-11-19,,0.86
P000395,PH001108,REGISTERED,2020-09-17,,0.87
P000395,PH001109,REGISTERED,2018-03-09,,0.97
P000395,PH001110,REGISTERED,2026-04-10,,0.8
P000396,PH001111,REGISTERED,2026-06-16,,0.8
P000396,PH001112,USED_NOT_REGISTERED,2018-12-24,,0.76
P000397,PH001113,REGISTERED,2024-10-30,,0.89
P000397,PH001114,REGISTERED,2023-02-18,,0.86
P000397,PH001115,REGISTERED,2023-06-10,,0.89
P000398,PH001116,REGISTERED,2021-11-27,,0.93
P000398,PH001117,USED_NOT_REGISTERED,2021-10-22,2022-05-30,0.74
P000398,PH001118,USED_NOT_REGISTERED,2020-02-09,2020-10-23,0.93
P000398,PH001119,REGISTERED,2025-05-12,,0.77
P000399,PH001120,REGISTERED,2024-06-06,,0.74
P000399,PH001121,USED_NOT_REGISTERED,2018-09-14,,0.88
P000399,PH001122,USED_NOT_REGISTERED,2025-05-10,2025-06-21,0.73
P000399,PH001123,REGISTERED,2022-04-08,,0.73
P000400,PH001124,REGISTERED,2019-04-12,,0.83
P000400,PH001125,USED_NOT_REGISTERED,2020-06-17,2021-05-03,0.96
P000400,PH001126,REGISTERED,2018-01-08,,0.84
P000401,PH001127,REGISTERED,2019-04-23,,0.91
P000401,PH001128,REGISTERED,2020-03-24,,0.76
P000401,PH001129,REGISTERED,2025-02-12,,0.76
P000402,PH001130,REGISTERED,2025-06-20,,0.87
P000402,PH001131,USED_NOT_REGISTERED,2022-03-14,2022-08-30,0.83
P000402,PH001132,REGISTERED,2025-03-26,,0.91
P000403,PH001133,REGISTERED,2020-07-20,,0.74
P000403,PH001134,USED_NOT_REGISTERED,2020-02-08,2020-09-12,0.98
P000403,PH001135,USED_NOT_REGISTERED,2024-05-19,2025-01-27,0.91
P000403,PH001136,REGISTERED,2022-09-20,,0.75
P000404,PH001137,REGISTERED,2020-04-25,,0.85
P000404,PH001138,REGISTERED,2024-07-13,,0.98
P000404,PH001139,USED_NOT_REGISTERED,2021-02-15,,0.85
P000405,PH001140,REGISTERED,2026-03-04,,0.77
P000405,PH001141,USED_NOT_REGISTERED,2023-04-08,2024-01-24,0.91
P000405,PH001142,REGISTERED,2023-04-28,,0.82
P000406,PH001143,REGISTERED,2024-05-19,,0.94
P000406,PH001144,REGISTERED,2026-03-02,,0.8
P000406,PH001145,USED_NOT_REGISTERED,2020-11-22,2021-04-22,0.77
P000406,PH001146,USED_NOT_REGISTERED,2020-08-24,2021-01-22,0.88
P000407,PH001147,REGISTERED,2022-11-04,,0.78
P000407,PH001148,USED_NOT_REGISTERED,2025-10-23,2026-09-22,0.82
P000407,PH001149,USED_NOT_REGISTERED,2019-02-06,,0.88
P000407,PH001150,REGISTERED,2019-12-22,,0.89
P000408,PH001151,REGISTERED,2024-06-09,,0.76
P000409,PH001152,REGISTERED,2022-06-30,,0.89
P000410,PH001153,REGISTERED,2021-09-21,,0.79
P000410,PH001154,REGISTERED,2019-12-18,,0.94
P000411,PH001155,REGISTERED,2020-11-28,,0.98
P000412,PH001156,REGISTERED,2026-06-08,,0.94
P000412,PH001157,USED_NOT_REGISTERED,2023-01-01,2023-04-16,0.8
P000413,PH001158,REGISTERED,2025-07-15,,0.8
P000413,PH001159,USED_NOT_REGISTERED,2020-04-02,2020-08-04,0.96
P000413,PH001160,USED_NOT_REGISTERED,2020-09-08,2021-03-29,0.74
P000413,PH001161,REGISTERED,2022-10-28,,0.84
P000414,PH001162,REGISTERED,2023-08-20,,0.92
P000414,PH001163,USED_NOT_REGISTERED,2018-10-14,,0.85
P000414,PH001164,REGISTERED,2023-01-26,,0.96
P000414,PH001165,USED_NOT_REGISTERED,2019-12-11,,0.92
P000415,PH001166,REGISTERED,2021-04-12,,0.94
P000415,PH001167,REGISTERED,2022-05-11,,0.96
P000415,PH001168,USED_NOT_REGISTERED,2023-04-26,,0.73
P000416,PH001169,REGISTERED,2021-09-10,,0.85
P000417,PH001170,REGISTERED,2023-04-17,,0.98
P000417,PH001171,REGISTERED,2026-03-17,,0.9
P000417,PH001172,REGISTERED,2020-08-28,,0.76
P000417,PH001173,REGISTERED,2019-11-28,,0.94
P000418,PH001174,REGISTERED,2023-07-25,,0.8
P000419,PH001175,REGISTERED,2023-03-05,,0.88
P000419,PH001176,USED_NOT_REGISTERED,2018-11-26,,0.8
P000419,PH001177,REGISTERED,2020-04-09,,0.78
P000420,PH001178,REGISTERED,2024-07-07,,0.77
P000420,PH001179,REGISTERED,2025-10-09,,0.77
P000421,PH001180,REGISTERED,2021-07-05,,0.75
P000421,PH001181,REGISTERED,2021-12-08,,0.85
P000421,PH001182,USED_NOT_REGISTERED,2022-11-03,2022-12-06,0.76
P000421,PH001183,REGISTERED,2026-02-13,,0.98
P000422,PH001184,REGISTERED,2024-05-01,,0.78
P000422,PH001185,REGISTERED,2018-09-27,,0.83
P000422,PH001186,USED_NOT_REGISTERED,2022-11-15,,0.85
P000422,PH001187,USED_NOT_REGISTERED,2021-03-25,,0.84
P000423,PH001188,REGISTERED,2026-02-06,,0.81
P000424,PH001189,REGISTERED,2023-10-05,,0.97
P000424,PH001190,USED_NOT_REGISTERED,2021-03-10,2021-04-29,0.74
P000424,PH001191,REGISTERED,2025-11-26,,0.94
P000425,PH001192,REGISTERED,2019-08-29,,0.89
P000425,PH001193,REGISTERED,2020-03-04,,0.74
P000425,PH001194,USED_NOT_REGISTERED,2025-05-10,,0.98
P000425,PH001195,REGISTERED,2023-02-01,,0.97
P000425,PH001196,REGISTERED,2023-10-15,,0.77
P000426,PH001197,REGISTERED,2021-10-05,,0.78
P000426,PH001198,USED_NOT_REGISTERED,2020-10-28,2020-12-06,0.95
P000426,PH001199,USED_NOT_REGISTERED,2025-09-02,2026-09-19,0.92
P000426,PH001200,REGISTERED,2019-01-19,,0.92
P000427,PH001201,REGISTERED,2023-06-25,,0.97
P000427,PH001202,USED_NOT_REGISTERED,2024-06-02,2024-08-06,0.72
P000427,PH001203,REGISTERED,2026-05-25,,0.79
P000427,PH001204,REGISTERED,2022-11-11,,0.88
P000428,PH001205,REGISTERED,2025-03-04,,0.91
P000428,PH001206,USED_NOT_REGISTERED,2018-08-14,2019-05-19,0.89
P000428,PH001207,REGISTERED,2019-10-31,,0.72
P000429,PH001208,REGISTERED,2020-03-06,,0.73
P000429,PH001209,REGISTERED,2018-02-08,,0.8
P000429,PH001210,USED_NOT_REGISTERED,2019-11-26,2020-03-24,0.96
P000429,PH001211,REGISTERED,2020-11-05,,0.82
P000429,PH001212,USED_NOT_REGISTERED,2018-11-06,2019-11-29,0.79
P000430,PH001213,REGISTERED,2023-11-27,,0.76
P000430,PH001214,USED_NOT_REGISTERED,2025-01-16,,0.92
P000430,PH001215,USED_NOT_REGISTERED,2023-10-23,,0.99
P000431,PH001216,REGISTERED,2018-06-07,,0.94
P000431,PH001217,REGISTERED,2023-06-09,,0.74
P000432,PH001218,REGISTERED,2019-12-21,,0.86
P000432,PH001219,USED_NOT_REGISTERED,2023-01-20,2023-02-23,0.87
P000433,PH001220,REGISTERED,2024-10-06,,0.93
P000433,PH001221,REGISTERED,2026-02-26,,0.84
P000433,PH001222,REGISTERED,2022-01-22,,0.74
P000434,PH001223,REGISTERED,2023-05-23,,0.95
P000434,PH001224,USED_NOT_REGISTERED,2021-03-12,2021-07-08,0.75
P000434,PH001225,USED_NOT_REGISTERED,2018-04-10,,0.95
P000434,PH001226,REGISTERED,2023-05-10,,0.86
P000435,PH001227,REGISTERED,2018-09-26,,0.76
P000435,PH001228,REGISTERED,2018-06-28,,0.91
P000435,PH001229,REGISTERED,2020-07-25,,0.87
P000435,PH001230,USED_NOT_REGISTERED,2019-11-13,,0.83
P000436,PH001231,REGISTERED,2026-04-23,,0.99
P000436,PH001232,USED_NOT_REGISTERED,2023-12-15,,0.73
P000437,PH001233,REGISTERED,2025-04-07,,0.76
P000437,PH001234,USED_NOT_REGISTERED,2021-08-16,2021-09-26,0.76
P000438,PH001235,REGISTERED,2019-04-21,,0.92
P000438,PH001236,USED_NOT_REGISTERED,2019-07-27,2020-05-21,0.76
P000438,PH001237,USED_NOT_REGISTERED,2019-05-03,2019-09-26,0.76
P000438,PH001238,USED_NOT_REGISTERED,2025-07-22,2025-10-31,0.79
P000439,PH001239,REGISTERED,2024-03-15,,0.89
P000440,PH001240,REGISTERED,2018-03-07,,0.82
P000440,PH001241,USED_NOT_REGISTERED,2022-07-30,,0.92
P000440,PH001242,REGISTERED,2021-05-10,,0.91
P000440,PH001243,USED_NOT_REGISTERED,2019-03-12,,0.95
P000441,PH001244,REGISTERED,2020-02-08,,0.73
P000441,PH001245,USED_NOT_REGISTERED,2022-07-10,2022-12-03,0.88
P000442,PH001246,REGISTERED,2026-06-05,,0.86
P000443,PH001247,REGISTERED,2023-04-28,,0.81
P000443,PH001248,REGISTERED,2020-05-21,,0.84
P000443,PH001249,USED_NOT_REGISTERED,2020-06-13,,0.9
P000444,PH001250,REGISTERED,2025-08-31,,0.94
P000444,PH001251,USED_NOT_REGISTERED,2021-06-04,2022-07-02,0.92
P000444,PH001252,REGISTERED,2023-09-18,,0.88
P000444,PH001253,USED_NOT_REGISTERED,2025-04-06,,0.94
P000445,PH001254,REGISTERED,2020-06-09,,0.91
P000445,PH001255,USED_NOT_REGISTERED,2018-12-10,2019-08-15,0.96
P000446,PH001256,REGISTERED,2022-10-25,,0.91
P000447,PH001257,REGISTERED,2023-09-15,,0.74
P000447,PH001258,REGISTERED,2023-07-29,,0.89
P000447,PH001259,REGISTERED,2025-12-02,,0.99
P000447,PH001260,USED_NOT_REGISTERED,2025-09-23,2026-09-28,0.96
P000448,PH001261,REGISTERED,2019-07-17,,0.75
P000449,PH001262,REGISTERED,2022-06-04,,0.99
P000449,PH001263,REGISTERED,2026-03-07,,0.81
P000449,PH001264,USED_NOT_REGISTERED,2023-12-17,,0.75
P000450,PH001265,REGISTERED,2025-08-07,,0.85
P000450,PH001266,USED_NOT_REGISTERED,2018-09-12,,0.85
P000450,PH001267,USED_NOT_REGISTERED,2019-06-24,,0.77
P000451,PH001268,REGISTERED,2021-12-14,,0.88
P000451,PH001269,USED_NOT_REGISTERED,2018-03-20,2018-07-27,0.86
P000451,PH001270,REGISTERED,2019-04-09,,0.8
P000452,PH001271,REGISTERED,2018-09-08,,0.76
P000453,PH001272,REGISTERED,2022-08-13,,0.93
P000453,PH001273,USED_NOT_REGISTERED,2018-07-13,2019-02-24,0.91
P000453,PH001274,REGISTERED,2025-12-16,,0.84
P000454,PH001275,REGISTERED,2025-11-18,,0.74
P000455,PH001276,REGISTERED,2019-10-04,,0.85
P000455,PH001277,REGISTERED,2019-05-05,,0.93
P000455,PH001278,USED_NOT_REGISTERED,2025-03-12,2025-09-23,0.93
P000456,PH001279,REGISTERED,2019-01-17,,0.84
P000456,PH001280,REGISTERED,2021-10-29,,0.94
P000457,PH001281,REGISTERED,2022-01-31,,0.84
P000458,PH001282,REGISTERED,2024-05-20,,0.96
P000458,PH001283,USED_NOT_REGISTERED,2026-04-09,,0.86
P000458,PH001284,REGISTERED,2018-09-13,,0.8
P000459,PH001285,REGISTERED,2026-06-26,,0.89
P000459,PH001286,USED_NOT_REGISTERED,2023-07-28,2024-01-27,0.89
P000459,PH001287,USED_NOT_REGISTERED,2025-11-29,2026-03-24,0.86
P000460,PH001288,REGISTERED,2021-05-07,,0.86
P000460,PH001289,USED_NOT_REGISTERED,2024-09-27,2025-02-05,0.93
P000460,PH001290,USED_NOT_REGISTERED,2019-01-26,2019-09-14,0.87
P000460,PH001291,USED_NOT_REGISTERED,2022-02-23,2022-06-05,0.93
P000461,PH001292,REGISTERED,2020-01-10,,0.82
P000461,PH001293,REGISTERED,2023-03-30,,0.77
P000462,PH001294,REGISTERED,2022-04-17,,0.79
P000462,PH001295,USED_NOT_REGISTERED,2018-11-15,2019-01-13,0.78
P000462,PH001296,REGISTERED,2025-09-26,,0.98
P000463,PH001297,REGISTERED,2023-01-10,,0.73
P000463,PH001298,REGISTERED,2020-04-30,,0.98
P000463,PH001299,USED_NOT_REGISTERED,2024-10-10,2025-05-26,0.87
P000463,PH001300,REGISTERED,2019-10-15,,0.79
P000464,PH001301,REGISTERED,2018-08-29,,0.79
P000464,PH001302,USED_NOT_REGISTERED,2025-08-31,2026-02-18,0.88
P000464,PH001303,USED_NOT_REGISTERED,2019-02-20,,0.8
P000464,PH001304,REGISTERED,2019-04-06,,0.97
P000464,PH001305,USED_NOT_REGISTERED,2024-04-19,2024-05-14,0.9
P000465,PH001306,REGISTERED,2024-04-15,,0.81
P000465,PH001307,USED_NOT_REGISTERED,2025-04-22,2025-06-06,0.76
P000466,PH001308,REGISTERED,2021-10-09,,0.96
P000466,PH001309,USED_NOT_REGISTERED,2022-06-01,2023-03-05,0.92
P000467,PH001310,REGISTERED,2018-10-07,,0.73
P000467,PH001311,USED_NOT_REGISTERED,2022-07-02,2022-08-11,0.75
P000467,PH001312,USED_NOT_REGISTERED,2024-10-23,,0.73
P000467,PH001313,REGISTERED,2021-10-31,,0.93
P000468,PH001314,REGISTERED,2026-03-02,,0.83
P000468,PH001315,USED_NOT_REGISTERED,2019-04-10,2019-06-28,0.97
P000468,PH001316,USED_NOT_REGISTERED,2023-02-08,,0.77
P000468,PH001317,USED_NOT_REGISTERED,2019-01-21,,0.79
P000468,PH001318,REGISTERED,2023-05-30,,0.75
P000469,PH001319,REGISTERED,2019-06-01,,0.9
P000469,PH001320,REGISTERED,2020-01-18,,0.76
P000469,PH001321,USED_NOT_REGISTERED,2024-03-10,,0.87
P000470,PH001322,REGISTERED,2019-09-27,,0.85
P000471,PH001323,REGISTERED,2024-04-02,,0.93
P000471,PH001324,USED_NOT_REGISTERED,2022-04-14,,0.82
P000471,PH001325,USED_NOT_REGISTERED,2018-06-01,,0.93
P000472,PH001326,REGISTERED,2025-03-28,,0.72
P000472,PH001327,REGISTERED,2020-05-12,,0.91
P000473,PH001328,REGISTERED,2019-04-13,,0.86
P000473,PH001329,REGISTERED,2021-07-12,,0.94
P000473,PH001330,REGISTERED,2019-11-22,,0.9
P000474,PH001331,REGISTERED,2023-09-02,,0.74
P000474,PH001332,USED_NOT_REGISTERED,2023-07-31,,0.73
P000475,PH001333,REGISTERED,2026-05-25,,0.91
P000476,PH001334,REGISTERED,2025-05-20,,0.96
P000477,PH001335,REGISTERED,2018-09-19,,0.81
P000477,PH001336,REGISTERED,2019-11-25,,0.97
P000477,PH001337,REGISTERED,2026-06-02,,0.87
P000477,PH001338,REGISTERED,2020-01-18,,0.9
P000478,PH001339,REGISTERED,2019-02-26,,0.89
P000478,PH001340,USED_NOT_REGISTERED,2022-07-12,2023-04-02,0.86
P000478,PH001341,USED_NOT_REGISTERED,2018-09-27,2018-10-29,0.93
P000479,PH001342,REGISTERED,2020-06-26,,0.88
P000479,PH001343,USED_NOT_REGISTERED,2018-12-09,,0.91
P000480,PH001344,REGISTERED,2019-08-02,,0.98
P000480,PH001345,USED_NOT_REGISTERED,2018-10-03,2019-03-14,0.74
P000481,PH001346,REGISTERED,2019-05-12,,0.77
P000482,PH001347,REGISTERED,2023-10-28,,0.84
P000483,PH001348,REGISTERED,2018-11-25,,0.75
P000483,PH001349,REGISTERED,2023-12-06,,0.87
P000483,PH001350,REGISTERED,2019-03-31,,0.74
P000483,PH001351,REGISTERED,2021-04-03,,0.96
P000483,PH001352,REGISTERED,2018-07-13,,0.98
P000484,PH001353,REGISTERED,2019-05-13,,0.85
P000484,PH001354,USED_NOT_REGISTERED,2025-12-06,2026-11-24,0.91
P000485,PH001355,REGISTERED,2022-08-06,,0.82
P000485,PH001356,USED_NOT_REGISTERED,2024-02-21,2024-07-23,0.74
P000485,PH001357,USED_NOT_REGISTERED,2020-06-25,,0.82
P000485,PH001358,REGISTERED,2023-06-07,,0.77
P000486,PH001359,REGISTERED,2022-08-09,,0.73
P000486,PH001360,REGISTERED,2023-09-15,,0.93
P000486,PH001361,USED_NOT_REGISTERED,2019-08-26,2020-09-16,0.97
P000486,PH001362,USED_NOT_REGISTERED,2019-08-15,,0.83
P000487,PH001363,REGISTERED,2026-04-21,,0.87
P000488,PH001364,REGISTERED,2019-12-21,,0.9
P000489,PH001365,REGISTERED,2022-01-14,,0.72
P000490,PH001366,REGISTERED,2018-05-28,,0.78
P000490,PH001367,USED_NOT_REGISTERED,2020-10-03,,0.99
P000491,PH001368,REGISTERED,2024-05-22,,0.74
P000491,PH001369,USED_NOT_REGISTERED,2024-11-14,,0.76
P000491,PH001370,REGISTERED,2022-05-09,,0.81
P000491,PH001371,REGISTERED,2025-12-17,,0.79
P000492,PH001372,REGISTERED,2020-12-22,,0.78
P000492,PH001373,REGISTERED,2021-03-04,,0.83
P000492,PH001374,REGISTERED,2026-06-27,,0.93
P000492,PH001375,USED_NOT_REGISTERED,2021-09-08,,0.77
P000493,PH001376,REGISTERED,2022-03-29,,0.83
P000494,PH001377,REGISTERED,2023-06-08,,0.89
P000494,PH001378,REGISTERED,2024-09-04,,0.93
P000495,PH001379,REGISTERED,2018-07-07,,0.78
P000495,PH001380,USED_NOT_REGISTERED,2020-01-12,2020-02-09,0.72
P000495,PH001381,USED_NOT_REGISTERED,2022-08-02,2023-07-25,0.92
P000496,PH001382,REGISTERED,2018-11-02,,0.79
P000496,PH001383,USED_NOT_REGISTERED,2018-11-16,,0.86
P000497,PH001384,REGISTERED,2018-08-05,,0.93
P000497,PH001385,USED_NOT_REGISTERED,2021-10-31,,0.98
P000497,PH001386,REGISTERED,2020-01-10,,0.78
P000497,PH001387,USED_NOT_REGISTERED,2022-01-01,2022-05-04,0.98
P000497,PH001388,USED_NOT_REGISTERED,2018-09-12,,0.93
P000497,PH001389,USED_NOT_REGISTERED,2022-10-16,,0.99
P000498,PH001390,REGISTERED,2025-03-09,,0.9
P000498,PH001391,REGISTERED,2021-09-17,,0.91
P000498,PH001392,REGISTERED,2022-10-05,,0.8
P000499,PH001393,REGISTERED,2020-05-16,,0.77
P000499,PH001394,USED_NOT_REGISTERED,2024-03-04,2024-10-10,0.79
P000500,PH001395,REGISTERED,2021-03-16,,0.96
P000500,PH001396,USED_NOT_REGISTERED,2021-05-12,2021-07-12,0.95
P000500,PH001397,USED_NOT_REGISTERED,2020-08-01,2021-08-28,0.74
P000501,PH001398,REGISTERED,2022-01-01,,0.75
P000501,PH001399,USED_NOT_REGISTERED,2020-04-05,2020-09-22,0.76
P000501,PH001400,USED_NOT_REGISTERED,2023-10-15,,0.95
P000501,PH001401,USED_NOT_REGISTERED,2026-05-21,,0.97
P000502,PH001402,REGISTERED,2024-07-25,,0.85
P000502,PH001403,REGISTERED,2018-12-05,,0.83
P000502,PH001404,REGISTERED,2022-11-04,,0.74
P000503,PH001405,REGISTERED,2020-05-28,,0.75
P000503,PH001406,USED_NOT_REGISTERED,2018-08-22,,0.74
P000503,PH001407,USED_NOT_REGISTERED,2018-05-05,2019-01-19,0.84
P000503,PH001408,REGISTERED,2018-08-14,,0.82
P000504,PH001409,REGISTERED,2023-09-02,,0.94
P000504,PH001410,USED_NOT_REGISTERED,2025-10-09,2025-12-01,0.91
P000504,PH001411,REGISTERED,2020-06-30,,0.95
P000504,PH001412,USED_NOT_REGISTERED,2018-05-15,,0.78
P000505,PH001413,REGISTERED,2020-04-14,,0.77
P000505,PH001414,USED_NOT_REGISTERED,2021-04-01,2022-04-14,0.81
P000506,PH001415,REGISTERED,2019-04-20,,0.8
P000506,PH001416,USED_NOT_REGISTERED,2025-08-17,2026-01-14,0.96
P000507,PH001417,REGISTERED,2021-09-09,,0.98
P000507,PH001418,REGISTERED,2018-05-22,,0.97
P000508,PH001419,REGISTERED,2024-02-03,,0.96
P000509,PH001420,REGISTERED,2022-03-24,,0.88
P000509,PH001421,USED_NOT_REGISTERED,2025-08-20,2025-11-08,0.86
P000509,PH001422,REGISTERED,2018-07-13,,0.98
P000510,PH001423,REGISTERED,2022-03-05,,0.81
P000510,PH001424,REGISTERED,2025-12-01,,0.74
P000510,PH001425,REGISTERED,2019-03-24,,0.79
P000510,PH001426,USED_NOT_REGISTERED,2020-01-19,2021-02-21,0.87
P000511,PH001427,REGISTERED,2019-03-01,,0.98
P000511,PH001428,USED_NOT_REGISTERED,2025-02-22,,0.93
P000511,PH001429,USED_NOT_REGISTERED,2021-07-09,2022-01-26,0.96
P000512,PH001430,REGISTERED,2023-04-04,,0.73
P000512,PH001431,REGISTERED,2018-12-24,,0.8
P000512,PH001432,USED_NOT_REGISTERED,2024-09-29,2025-04-04,0.87
P000513,PH001433,REGISTERED,2018-02-27,,0.93
P000514,PH001434,REGISTERED,2024-04-18,,0.82
P000514,PH001435,USED_NOT_REGISTERED,2025-09-19,2026-07-04,0.88
P000514,PH001436,USED_NOT_REGISTERED,2020-06-27,2021-05-20,0.76
P000515,PH001437,REGISTERED,2023-10-15,,0.84
P000516,PH001438,REGISTERED,2023-07-02,,0.98
P000516,PH001439,REGISTERED,2018-09-20,,0.9
P000516,PH001440,USED_NOT_REGISTERED,2022-10-07,,0.74
P000516,PH001441,REGISTERED,2024-10-01,,0.88
P000517,PH001442,REGISTERED,2024-02-28,,0.85
P000517,PH001443,USED_NOT_REGISTERED,2024-10-04,,0.95
P000517,PH001444,USED_NOT_REGISTERED,2018-09-27,,0.74
P000517,PH001445,REGISTERED,2021-03-08,,0.81
P000518,PH001446,REGISTERED,2025-11-25,,0.76
P000518,PH001447,USED_NOT_REGISTERED,2020-07-22,,0.86
P000518,PH001448,REGISTERED,2024-06-27,,0.77
P000518,PH001449,USED_NOT_REGISTERED,2020-12-03,2021-08-17,0.74
P000519,PH001450,REGISTERED,2023-06-08,,0.97
P000520,PH001451,REGISTERED,2020-08-04,,0.82
P000521,PH001452,REGISTERED,2022-04-10,,0.88
P000522,PH001453,REGISTERED,2021-06-27,,0.75
P000523,PH001454,REGISTERED,2021-07-24,,0.94
P000523,PH001455,REGISTERED,2019-09-11,,0.77
P000523,PH001456,USED_NOT_REGISTERED,2023-04-14,2023-05-22,0.78
P000524,PH001457,REGISTERED,2021-11-17,,0.88
P000524,PH001458,USED_NOT_REGISTERED,2022-08-04,2023-07-15,0.98
P000524,PH001459,REGISTERED,2020-01-22,,0.96
P000525,PH001460,REGISTERED,2025-12-04,,0.86
P000525,PH001461,REGISTERED,2018-04-28,,0.74
P000526,PH001462,REGISTERED,2024-08-01,,0.95
P000526,PH001463,USED_NOT_REGISTERED,2021-01-02,,0.87
P000526,PH001464,USED_NOT_REGISTERED,2019-08-27,,0.98
P000527,PH001465,REGISTERED,2019-07-26,,0.73
P000527,PH001466,REGISTERED,2020-11-25,,0.73
P000527,PH001467,REGISTERED,2025-04-10,,0.73
P000527,PH001468,USED_NOT_REGISTERED,2022-07-11,,0.95
P000528,PH001469,REGISTERED,2023-06-16,,0.94
P000529,PH001470,REGISTERED,2020-01-14,,0.98
P000529,PH001471,USED_NOT_REGISTERED,2025-07-03,2026-06-27,0.94
P000529,PH001472,REGISTERED,2020-06-01,,0.72
P000530,PH001473,REGISTERED,2026-04-12,,0.84
P000530,PH001474,USED_NOT_REGISTERED,2023-05-13,2023-07-16,0.98
P000531,PH001475,REGISTERED,2025-09-11,,0.98
P000531,PH001476,REGISTERED,2021-08-30,,0.95
P000531,PH001477,REGISTERED,2026-06-21,,0.9
P000531,PH001478,USED_NOT_REGISTERED,2024-08-14,,0.95
P000532,PH001479,REGISTERED,2020-09-16,,0.95
P000532,PH001480,USED_NOT_REGISTERED,2022-07-29,,0.94
P000532,PH001481,USED_NOT_REGISTERED,2023-10-15,2024-07-09,0.83
P000532,PH001482,USED_NOT_REGISTERED,2019-11-21,2020-02-15,0.74
P000533,PH001483,REGISTERED,2020-08-15,,0.81
P000534,PH001484,REGISTERED,2021-01-29,,0.75
P000534,PH001485,REGISTERED,2020-09-23,,0.78
P000534,PH001486,REGISTERED,2020-03-14,,0.83
P000534,PH001487,USED_NOT_REGISTERED,2021-04-27,2022-04-24,0.83
P000534,PH001488,USED_NOT_REGISTERED,2018-05-03,2019-03-05,0.98
P000535,PH001489,REGISTERED,2021-03-26,,0.85
P000535,PH001490,USED_NOT_REGISTERED,2020-02-29,,0.73
P000536,PH001491,REGISTERED,2022-04-24,,0.74
P000536,PH001492,REGISTERED,2022-07-07,,0.85
P000537,PH001493,REGISTERED,2024-11-21,,0.89
P000537,PH001494,REGISTERED,2018-01-29,,0.94
P000537,PH001495,USED_NOT_REGISTERED,2021-10-12,2022-04-01,0.89
P000538,PH001496,REGISTERED,2021-12-30,,0.72
P000538,PH001497,REGISTERED,2025-02-19,,0.9
P000538,PH001498,REGISTERED,2023-04-07,,0.94
P000539,PH001499,REGISTERED,2021-02-13,,0.74
P000539,PH001500,USED_NOT_REGISTERED,2024-08-03,,0.9
P000539,PH001501,REGISTERED,2024-10-26,,0.96
P000539,PH001502,USED_NOT_REGISTERED,2025-06-18,,0.97
P000540,PH001503,REGISTERED,2025-05-13,,0.93
P000541,PH001504,REGISTERED,2024-06-25,,0.82
P000541,PH001505,REGISTERED,2025-07-23,,0.82
P000541,PH001506,USED_NOT_REGISTERED,2023-01-09,2023-04-19,0.77
P000542,PH001507,REGISTERED,2023-04-23,,0.95
P000542,PH001508,REGISTERED,2018-12-04,,0.99
P000542,PH001509,REGISTERED,2026-04-20,,0.94
P000543,PH001510,REGISTERED,2019-12-22,,0.84
P000543,PH001511,REGISTERED,2025-02-12,,0.91
P000544,PH001512,REGISTERED,2020-01-03,,0.74
P000544,PH001513,REGISTERED,2018-07-14,,0.76
P000544,PH001514,USED_NOT_REGISTERED,2018-05-15,2019-03-02,0.78
P000545,PH001515,REGISTERED,2022-06-22,,0.9
P000545,PH001516,REGISTERED,2021-09-13,,0.86
P000545,PH001517,USED_NOT_REGISTERED,2023-03-16,2023-04-15,0.76
P000545,PH001518,USED_NOT_REGISTERED,2021-12-07,2023-01-07,0.94
P000546,PH001519,REGISTERED,2023-10-30,,0.88
P000547,PH001520,REGISTERED,2026-02-05,,0.92
P000547,PH001521,REGISTERED,2025-11-26,,0.9
P000548,PH001522,REGISTERED,2025-01-16,,0.95
P000549,PH001523,REGISTERED,2019-10-05,,0.72
P000550,PH001524,REGISTERED,2025-09-09,,0.77
P000551,PH001525,REGISTERED,2019-06-19,,0.95
P000551,PH001526,REGISTERED,2023-09-21,,0.94
P000551,PH001527,REGISTERED,2021-05-27,,0.87
P000551,PH001528,USED_NOT_REGISTERED,2021-09-25,,0.81
P000551,PH001529,USED_NOT_REGISTERED,2025-04-28,,0.77
P000552,PH001530,REGISTERED,2023-09-04,,0.94
P000553,PH001531,REGISTERED,2024-04-04,,0.92
P000553,PH001532,USED_NOT_REGISTERED,2018-04-03,2018-07-25,0.91
P000554,PH001533,REGISTERED,2025-08-03,,0.78
P000555,PH001534,REGISTERED,2024-10-02,,0.95
P000555,PH001535,USED_NOT_REGISTERED,2023-03-17,,0.88
P000555,PH001536,USED_NOT_REGISTERED,2023-11-30,2024-03-28,0.95
P000555,PH001537,REGISTERED,2024-08-13,,0.73
P000555,PH001538,REGISTERED,2025-09-12,,0.87
P000556,PH001539,REGISTERED,2025-07-14,,0.72
P000556,PH001540,USED_NOT_REGISTERED,2025-01-13,2025-12-19,0.96
P000556,PH001541,REGISTERED,2021-09-28,,0.86
P000556,PH001542,USED_NOT_REGISTERED,2019-06-02,,0.74
P000556,PH001543,USED_NOT_REGISTERED,2023-03-30,,0.77
P000556,PH001544,USED_NOT_REGISTERED,2020-07-14,2021-05-04,0.87
P000557,PH001545,REGISTERED,2021-01-01,,0.75
P000557,PH001546,USED_NOT_REGISTERED,2025-05-03,2025-07-30,0.83
P000557,PH001547,USED_NOT_REGISTERED,2024-01-12,2024-08-03,0.8
P000558,PH001548,REGISTERED,2021-07-21,,0.94
P000558,PH001549,REGISTERED,2023-01-28,,0.83
P000558,PH001550,USED_NOT_REGISTERED,2024-05-11,2024-09-08,0.78
P000558,PH001551,USED_NOT_REGISTERED,2020-08-07,2021-02-08,0.97
P000559,PH001552,REGISTERED,2019-06-15,,0.92
P000559,PH001553,USED_NOT_REGISTERED,2024-07-17,2024-11-14,0.98
P000560,PH001554,REGISTERED,2021-05-22,,0.78
P000561,PH001555,REGISTERED,2020-11-11,,0.92
P000561,PH001556,REGISTERED,2020-11-30,,0.89
P000561,PH001557,REGISTERED,2024-12-04,,0.85
P000561,PH001558,USED_NOT_REGISTERED,2025-05-29,2026-03-04,0.96
P000562,PH001559,REGISTERED,2018-04-03,,0.79
P000562,PH001560,REGISTERED,2025-03-26,,0.86
P000563,PH001561,REGISTERED,2025-07-29,,0.8
P000563,PH001562,USED_NOT_REGISTERED,2024-02-15,2024-12-24,0.99
P000563,PH001563,USED_NOT_REGISTERED,2022-01-22,2022-04-09,0.84
P000563,PH001564,USED_NOT_REGISTERED,2024-10-14,,0.84
P000564,PH001565,REGISTERED,2019-05-26,,0.9
P000565,PH001566,REGISTERED,2022-06-23,,0.78
P000565,PH001567,USED_NOT_REGISTERED,2022-01-03,,0.82
P000565,PH001568,USED_NOT_REGISTERED,2024-10-03,2025-02-02,0.81
P000566,PH001569,REGISTERED,2018-06-05,,0.98
P000566,PH001570,REGISTERED,2021-10-30,,0.83
P000566,PH001571,USED_NOT_REGISTERED,2020-08-04,,0.97
P000567,PH001572,REGISTERED,2018-09-23,,0.87
P000568,PH001573,REGISTERED,2023-12-18,,0.91
P000568,PH001574,USED_NOT_REGISTERED,2025-04-27,2025-06-01,0.91
P000568,PH001575,USED_NOT_REGISTERED,2019-09-15,,0.95
P000568,PH001576,USED_NOT_REGISTERED,2023-02-06,2023-06-18,0.78
P000568,PH001577,USED_NOT_REGISTERED,2021-08-21,2021-12-03,0.73
P000569,PH001578,REGISTERED,2025-03-17,,0.8
P000569,PH001579,USED_NOT_REGISTERED,2023-10-13,2024-06-24,0.87
P000569,PH001580,USED_NOT_REGISTERED,2025-02-12,,0.79
P000570,PH001581,REGISTERED,2019-06-01,,0.82
P000570,PH001582,USED_NOT_REGISTERED,2020-03-25,,0.91
P000571,PH001583,REGISTERED,2021-09-13,,0.79
P000571,PH001584,USED_NOT_REGISTERED,2018-10-21,,0.77
P000571,PH001585,USED_NOT_REGISTERED,2026-01-13,,0.8
P000571,PH001586,USED_NOT_REGISTERED,2022-09-26,2023-09-20,0.79
P000572,PH001587,REGISTERED,2026-06-22,,0.78
P000572,PH001588,REGISTERED,2022-10-24,,0.94
P000572,PH001589,USED_NOT_REGISTERED,2025-12-28,2026-03-08,0.76
P000573,PH001590,REGISTERED,2023-09-11,,0.85
P000573,PH001591,REGISTERED,2026-01-18,,0.72
P000574,PH001592,REGISTERED,2018-05-01,,0.97
P000574,PH001593,REGISTERED,2021-04-11,,0.84
P000574,PH001594,USED_NOT_REGISTERED,2026-03-22,,0.84
P000575,PH001595,REGISTERED,2024-03-29,,0.97
P000575,PH001596,USED_NOT_REGISTERED,2022-04-07,2022-12-15,0.98
P000576,PH001597,REGISTERED,2023-02-01,,0.82
P000577,PH001598,REGISTERED,2023-06-18,,0.9
P000578,PH001599,REGISTERED,2026-05-22,,0.85
P000578,PH001600,USED_NOT_REGISTERED,2023-09-28,2024-03-17,0.93
P000579,PH001601,REGISTERED,2024-12-03,,0.93
P000579,PH001602,USED_NOT_REGISTERED,2021-12-15,2022-06-02,0.83
P000579,PH001603,REGISTERED,2022-08-09,,0.75
P000579,PH001604,REGISTERED,2020-12-13,,0.84
P000579,PH001605,USED_NOT_REGISTERED,2023-01-31,2023-06-12,0.79
P000580,PH001606,REGISTERED,2020-09-24,,0.77
P000580,PH001607,REGISTERED,2022-05-22,,0.73
P000580,PH001608,USED_NOT_REGISTERED,2018-09-19,,0.74
P000580,PH001609,USED_NOT_REGISTERED,2024-05-21,2025-02-25,0.8
P000581,PH001610,REGISTERED,2022-01-04,,0.75
P000581,PH001611,USED_NOT_REGISTERED,2023-07-01,,0.97
P000581,PH001612,USED_NOT_REGISTERED,2020-08-09,2021-01-07,0.73
P000581,PH001613,USED_NOT_REGISTERED,2023-08-12,2024-08-05,0.89
P000582,PH001614,REGISTERED,2018-01-08,,0.75
P000582,PH001615,REGISTERED,2018-03-03,,0.97
P000582,PH001616,USED_NOT_REGISTERED,2021-10-01,,0.94
P000582,PH001617,REGISTERED,2019-06-16,,0.74
P000583,PH001618,REGISTERED,2020-06-10,,0.79
P000584,PH001619,REGISTERED,2023-01-14,,0.82
P000585,PH001620,REGISTERED,2023-05-30,,0.72
P000586,PH001621,REGISTERED,2022-08-15,,0.89
P000586,PH001622,REGISTERED,2025-03-01,,0.76
P000587,PH001623,REGISTERED,2025-08-24,,0.77
P000587,PH001624,REGISTERED,2022-04-18,,0.77
P000587,PH001625,REGISTERED,2025-10-04,,0.79
P000587,PH001626,USED_NOT_REGISTERED,2024-05-31,2024-07-20,0.96
P000588,PH001627,REGISTERED,2025-11-04,,0.83
P000589,PH001628,REGISTERED,2019-07-29,,0.84
P000590,PH001629,REGISTERED,2023-09-20,,0.8
P000590,PH001630,USED_NOT_REGISTERED,2023-09-06,2024-04-20,0.93
P000590,PH001631,REGISTERED,2020-07-06,,0.79
P000591,PH001632,REGISTERED,2018-06-12,,0.91
P000591,PH001633,REGISTERED,2019-05-04,,0.96
P000592,PH001634,REGISTERED,2019-06-07,,0.95
P000592,PH001635,USED_NOT_REGISTERED,2019-12-04,,0.8
P000592,PH001636,REGISTERED,2020-06-23,,0.88
P000592,PH001637,REGISTERED,2021-05-13,,0.8
P000593,PH001638,REGISTERED,2019-04-09,,0.99
P000594,PH001639,REGISTERED,2025-12-10,,0.72
P000594,PH001640,REGISTERED,2022-10-26,,0.83
P000594,PH001641,REGISTERED,2024-05-11,,0.77
P000595,PH001642,REGISTERED,2018-08-04,,0.89
P000595,PH001643,REGISTERED,2024-05-22,,0.81
P000595,PH001644,USED_NOT_REGISTERED,2025-06-05,,0.87
P000595,PH001645,USED_NOT_REGISTERED,2023-02-21,2024-01-08,0.78
P000596,PH001646,REGISTERED,2020-12-24,,0.81
P000596,PH001647,REGISTERED,2023-06-16,,0.87
P000596,PH001648,USED_NOT_REGISTERED,2020-03-18,2021-02-07,0.89
P000596,PH001649,USED_NOT_REGISTERED,2021-05-14,2021-10-23,0.87
P000596,PH001650,USED_NOT_REGISTERED,2024-01-28,2025-03-02,0.77
P000597,PH001651,REGISTERED,2019-03-22,,0.79
P000597,PH001652,USED_NOT_REGISTERED,2022-08-25,2023-05-05,0.88
P000598,PH001653,REGISTERED,2024-02-29,,0.81
P000598,PH001654,REGISTERED,2025-07-05,,0.78
P000598,PH001655,REGISTERED,2026-01-22,,0.81
P000598,PH001656,REGISTERED,2019-08-06,,0.9
P000599,PH001657,REGISTERED,2025-02-05,,0.85
P000599,PH001658,USED_NOT_REGISTERED,2019-07-05,2020-07-13,0.82
P000599,PH001659,USED_NOT_REGISTERED,2023-07-23,2024-01-11,0.73
P000600,PH001660,REGISTERED,2019-06-03,,0.83
P000600,PH001661,USED_NOT_REGISTERED,2018-05-27,2019-06-03,0.88
P000600,PH001662,USED_NOT_REGISTERED,2019-02-20,2020-03-20,0.73
P000600,PH001663,REGISTERED,2018-05-03,,0.95
P000601,PH001664,REGISTERED,2026-04-08,,0.96
P000602,PH001665,REGISTERED,2020-06-30,,0.83
P000602,PH001666,REGISTERED,2025-01-04,,0.76
P000602,PH001667,USED_NOT_REGISTERED,2026-04-03,2027-04-01,0.74
P000602,PH001668,REGISTERED,2020-04-27,,0.78
P000603,PH001669,REGISTERED,2026-04-08,,0.82
P000603,PH001670,REGISTERED,2020-04-09,,0.88
P000604,PH001671,REGISTERED,2018-08-03,,0.81
P000604,PH001672,USED_NOT_REGISTERED,2020-05-23,2021-06-18,0.8
P000605,PH001673,REGISTERED,2024-09-19,,0.77
P000605,PH001674,USED_NOT_REGISTERED,2025-04-13,2025-09-27,0.74
P000606,PH001675,REGISTERED,2024-08-03,,0.83
P000606,PH001676,USED_NOT_REGISTERED,2025-07-30,,0.87
P000606,PH001677,USED_NOT_REGISTERED,2021-06-08,2021-10-10,0.9
P000607,PH001678,REGISTERED,2023-04-28,,0.76
P000607,PH001679,USED_NOT_REGISTERED,2025-03-09,2025-07-01,0.86
P000608,PH001680,REGISTERED,2019-08-09,,0.88
P000608,PH001681,REGISTERED,2023-12-26,,0.73
P000609,PH001682,REGISTERED,2020-07-09,,0.74
P000609,PH001683,REGISTERED,2024-02-26,,0.97
P000609,PH001684,REGISTERED,2020-11-10,,0.98
P000610,PH001685,REGISTERED,2025-06-04,,0.96
P000610,PH001686,USED_NOT_REGISTERED,2020-03-28,2020-10-04,0.96
P000610,PH001687,USED_NOT_REGISTERED,2018-03-10,2019-01-06,0.75
P000610,PH001688,USED_NOT_REGISTERED,2023-08-15,,0.84
P000610,PH001689,REGISTERED,2022-09-23,,0.91
P000610,PH001690,REGISTERED,2024-02-21,,0.93
P000611,PH001691,REGISTERED,2019-12-08,,0.9
P000611,PH001692,USED_NOT_REGISTERED,2025-08-21,2026-06-06,0.87
P000612,PH001693,REGISTERED,2023-11-04,,0.76
P000612,PH001694,REGISTERED,2026-06-07,,0.84
P000613,PH001695,REGISTERED,2018-04-02,,0.97
P000614,PH001696,REGISTERED,2023-07-18,,0.8
P000614,PH001697,USED_NOT_REGISTERED,2023-01-19,2023-02-06,0.95
P000614,PH001698,REGISTERED,2021-04-03,,0.85
P000615,PH001699,REGISTERED,2018-05-21,,0.73
P000615,PH001700,REGISTERED,2022-12-02,,0.83
P000616,PH001701,REGISTERED,2018-06-10,,0.87
P000617,PH001702,REGISTERED,2020-10-14,,0.91
P000618,PH001703,REGISTERED,2021-12-01,,0.96
P000618,PH001704,USED_NOT_REGISTERED,2018-07-18,,0.76
P000618,PH001705,USED_NOT_REGISTERED,2022-03-31,2022-05-10,0.95
P000618,PH001706,USED_NOT_REGISTERED,2025-06-09,2025-11-20,0.96
P000619,PH001707,REGISTERED,2020-05-24,,0.84
P000619,PH001708,USED_NOT_REGISTERED,2020-10-06,2020-12-01,0.9
P000619,PH001709,REGISTERED,2024-08-07,,0.76
P000619,PH001710,USED_NOT_REGISTERED,2023-09-20,,0.98
P000620,PH001711,REGISTERED,2022-09-01,,0.86
P000620,PH001712,REGISTERED,2023-05-27,,0.87
P000621,PH001713,REGISTERED,2023-09-02,,0.75
P000621,PH001714,REGISTERED,2022-12-12,,0.87
P000621,PH001715,REGISTERED,2020-08-18,,0.97
P000621,PH001716,USED_NOT_REGISTERED,2024-08-15,,0.99
P000621,PH001717,USED_NOT_REGISTERED,2019-10-22,2020-02-06,0.75
P000622,PH001718,REGISTERED,2018-07-16,,0.95
P000623,PH001719,REGISTERED,2024-12-18,,0.76
P000623,PH001720,REGISTERED,2023-06-17,,0.83
P000623,PH001721,USED_NOT_REGISTERED,2018-09-11,2018-10-27,0.81
P000623,PH001722,REGISTERED,2019-10-24,,0.88
P000624,PH001723,REGISTERED,2024-09-01,,0.89
P000624,PH001724,USED_NOT_REGISTERED,2019-03-25,2019-12-24,0.8
P000624,PH001725,USED_NOT_REGISTERED,2018-03-22,,0.83
P000625,PH001726,REGISTERED,2021-06-15,,0.78
P000625,PH001727,REGISTERED,2020-03-27,,0.81
P000625,PH001728,REGISTERED,2021-09-21,,0.84
P000626,PH001729,REGISTERED,2020-09-04,,0.78
P000627,PH001730,REGISTERED,2023-08-29,,0.82
P000627,PH001731,USED_NOT_REGISTERED,2021-11-06,2021-12-09,0.74
P000627,PH001732,USED_NOT_REGISTERED,2020-09-12,2021-03-07,0.75
P000628,PH001733,REGISTERED,2024-03-28,,0.78
P000628,PH001734,REGISTERED,2023-08-16,,0.84
P000628,PH001735,USED_NOT_REGISTERED,2026-01-25,,0.84
P000628,PH001736,REGISTERED,2020-07-15,,0.82
P000629,PH001737,REGISTERED,2026-04-19,,0.78
P000629,PH001738,REGISTERED,2021-11-20,,0.75
P000629,PH001739,USED_NOT_REGISTERED,2018-09-21,2019-09-24,0.89
P000630,PH001740,REGISTERED,2022-10-10,,0.79
P000631,PH001741,REGISTERED,2024-05-23,,0.83
P000631,PH001742,REGISTERED,2022-08-25,,0.86
P000631,PH001743,REGISTERED,2026-01-01,,0.79
P000631,PH001744,REGISTERED,2025-06-21,,0.83
P000632,PH001745,REGISTERED,2024-07-19,,0.77
P000633,PH001746,REGISTERED,2025-09-14,,0.94
P000633,PH001747,USED_NOT_REGISTERED,2025-12-29,,0.73
P000633,PH001748,USED_NOT_REGISTERED,2020-02-16,2021-03-22,0.8
P000633,PH001749,REGISTERED,2025-05-06,,0.96
P000633,PH001750,REGISTERED,2022-04-28,,0.85
P000634,PH001751,REGISTERED,2019-11-09,,0.76
P000634,PH001752,REGISTERED,2019-01-24,,0.8
P000634,PH001753,USED_NOT_REGISTERED,2019-01-06,,0.92
P000634,PH001754,REGISTERED,2018-09-02,,0.88
P000635,PH001755,REGISTERED,2023-01-15,,0.97
P000635,PH001756,REGISTERED,2019-06-12,,0.96
P000636,PH001757,REGISTERED,2026-04-25,,0.97
P000636,PH001758,USED_NOT_REGISTERED,2023-07-16,,0.84
P000636,PH001759,USED_NOT_REGISTERED,2018-06-29,2019-04-25,0.92
P000637,PH001760,REGISTERED,2018-03-29,,0.86
P000637,PH001761,REGISTERED,2026-02-09,,0.8
P000637,PH001762,USED_NOT_REGISTERED,2022-09-08,,0.89
P000638,PH001763,REGISTERED,2019-10-25,,0.78
P000638,PH001764,USED_NOT_REGISTERED,2024-07-09,2025-02-17,0.76
P000638,PH001765,USED_NOT_REGISTERED,2025-11-07,,0.8
P000639,PH001766,REGISTERED,2021-03-19,,0.96
P000640,PH001767,REGISTERED,2022-10-13,,0.89
P000640,PH001768,USED_NOT_REGISTERED,2021-11-03,,0.84
P000640,PH001769,REGISTERED,2022-04-22,,0.72
P000640,PH001770,USED_NOT_REGISTERED,2022-01-19,2022-10-26,0.85
P000641,PH001771,REGISTERED,2022-08-20,,0.89
P000641,PH001772,USED_NOT_REGISTERED,2022-06-06,,0.98
P000641,PH001773,REGISTERED,2022-04-22,,0.9
P000641,PH001774,REGISTERED,2022-05-30,,0.98
P000642,PH001775,REGISTERED,2025-02-03,,0.83
P000643,PH001776,REGISTERED,2018-08-22,,0.8
P000644,PH001777,REGISTERED,2024-01-26,,0.79
P000644,PH001778,REGISTERED,2018-12-15,,0.98
P000644,PH001779,USED_NOT_REGISTERED,2022-10-04,,0.8
P000645,PH001780,REGISTERED,2022-08-22,,0.8
P000645,PH001781,USED_NOT_REGISTERED,2018-09-03,2018-11-11,0.86
P000646,PH001782,REGISTERED,2023-05-06,,0.74
P000646,PH001783,REGISTERED,2021-05-26,,0.89
P000647,PH001784,REGISTERED,2019-04-17,,0.91
P000647,PH001785,USED_NOT_REGISTERED,2023-11-17,,0.75
P000648,PH001786,REGISTERED,2023-06-23,,0.91
P000648,PH001787,USED_NOT_REGISTERED,2024-01-18,,0.99
P000648,PH001788,REGISTERED,2025-06-21,,0.76
P000649,PH001789,REGISTERED,2018-02-20,,0.83
P000649,PH001790,REGISTERED,2021-03-04,,0.76
P000649,PH001791,USED_NOT_REGISTERED,2018-10-28,2019-06-27,0.8
P000649,PH001792,REGISTERED,2020-02-26,,0.88
P000650,PH001793,REGISTERED,2023-04-09,,0.97
P000650,PH001794,REGISTERED,2025-01-11,,0.93
P000650,PH001795,REGISTERED,2022-10-12,,0.78
P000650,PH001796,USED_NOT_REGISTERED,2025-04-06,2025-05-23,0.83
P000650,PH001797,REGISTERED,2020-12-28,,0.9
P000650,PH001798,REGISTERED,2023-10-09,,0.79
P000651,PH001799,REGISTERED,2018-11-16,,0.79
P000651,PH001800,USED_NOT_REGISTERED,2019-11-13,,0.9
P000651,PH001801,REGISTERED,2025-12-04,,0.74
P000652,PH001802,REGISTERED,2022-03-11,,0.82
P000652,PH001803,USED_NOT_REGISTERED,2018-06-04,2018-12-21,0.75
P000652,PH001804,USED_NOT_REGISTERED,2021-02-08,,0.85
P000652,PH001805,USED_NOT_REGISTERED,2018-11-26,2019-04-20,0.94
P000652,PH001806,REGISTERED,2018-11-30,,0.98
P000652,PH001807,REGISTERED,2024-07-27,,0.79
P000653,PH001808,REGISTERED,2018-03-18,,0.95
P000653,PH001809,USED_NOT_REGISTERED,2019-03-21,2019-08-30,0.81
P000653,PH001810,REGISTERED,2022-12-04,,0.73
P000654,PH001811,REGISTERED,2020-03-02,,0.81
P000655,PH001812,REGISTERED,2021-12-11,,0.82
P000655,PH001813,REGISTERED,2019-06-24,,0.96
P000655,PH001814,USED_NOT_REGISTERED,2023-05-09,,0.95
P000655,PH001815,REGISTERED,2021-04-29,,0.72
P000656,PH001816,REGISTERED,2023-09-06,,0.74
P000656,PH001817,USED_NOT_REGISTERED,2019-08-08,,0.77
P000656,PH001818,REGISTERED,2018-05-25,,0.98
P000657,PH001819,REGISTERED,2024-12-14,,0.75
P000657,PH001820,REGISTERED,2023-03-22,,0.85
P000657,PH001821,USED_NOT_REGISTERED,2024-05-02,2024-08-29,0.78
P000658,PH001822,REGISTERED,2024-03-18,,0.98
P000658,PH001823,USED_NOT_REGISTERED,2025-06-27,2025-11-30,0.79
P000658,PH001824,REGISTERED,2021-07-24,,0.9
P000659,PH001825,REGISTERED,2022-05-11,,0.84
P000660,PH001826,REGISTERED,2024-11-04,,0.87
P000660,PH001827,USED_NOT_REGISTERED,2023-08-18,,0.94
P000660,PH001828,USED_NOT_REGISTERED,2024-04-29,,0.89
P000660,PH001829,REGISTERED,2019-12-14,,0.79
P000661,PH001830,REGISTERED,2025-08-22,,0.94
P000662,PH001831,REGISTERED,2021-07-11,,0.91
P000662,PH001832,USED_NOT_REGISTERED,2023-10-21,2024-05-11,0.74
P000662,PH001833,REGISTERED,2018-04-06,,0.79
P000663,PH001834,REGISTERED,2019-11-04,,0.84
P000664,PH001835,REGISTERED,2022-05-31,,0.96
P000664,PH001836,REGISTERED,2020-07-23,,0.97
P000664,PH001837,REGISTERED,2024-04-05,,0.89
P000665,PH001838,REGISTERED,2021-07-09,,0.88
P000665,PH001839,REGISTERED,2026-04-21,,0.75
P000666,PH001840,REGISTERED,2020-02-01,,0.8
P000666,PH001841,USED_NOT_REGISTERED,2018-12-23,2019-08-10,0.86
P000666,PH001842,REGISTERED,2023-04-01,,0.98
P000667,PH001843,REGISTERED,2026-05-13,,0.87
P000667,PH001844,REGISTERED,2023-04-29,,0.93
P000667,PH001845,USED_NOT_REGISTERED,2020-09-23,,0.79
P000668,PH001846,REGISTERED,2021-01-23,,0.89
P000669,PH001847,REGISTERED,2023-07-24,,0.82
P000670,PH001848,REGISTERED,2020-09-25,,0.82
P000670,PH001849,USED_NOT_REGISTERED,2020-12-14,,0.87
P000671,PH001850,REGISTERED,2018-02-04,,0.87
P000671,PH001851,REGISTERED,2022-02-25,,0.89
P000671,PH001852,USED_NOT_REGISTERED,2024-08-16,2024-12-14,0.76
P000672,PH001853,REGISTERED,2024-10-11,,0.73
P000672,PH001854,USED_NOT_REGISTERED,2022-03-22,2022-09-21,0.95
P000672,PH001855,USED_NOT_REGISTERED,2022-05-25,,0.86
P000673,PH001856,REGISTERED,2018-09-17,,0.88
P000674,PH001857,REGISTERED,2020-06-20,,0.81
P000674,PH001858,USED_NOT_REGISTERED,2025-08-14,2025-09-27,0.77
P000674,PH001859,USED_NOT_REGISTERED,2025-03-08,,0.76
P000675,PH001860,REGISTERED,2025-06-02,,0.96
P000676,PH001861,REGISTERED,2024-01-30,,0.94
P000676,PH001862,REGISTERED,2018-11-16,,0.87
P000676,PH001863,USED_NOT_REGISTERED,2021-03-16,2022-03-15,0.96
P000677,PH001864,REGISTERED,2026-02-24,,0.96
P000678,PH001865,REGISTERED,2021-05-09,,0.8
P000678,PH001866,REGISTERED,2023-03-21,,0.91
P000679,PH001867,REGISTERED,2023-08-14,,0.93
P000679,PH001868,REGISTERED,2018-06-16,,0.83
P000679,PH001869,REGISTERED,2021-06-28,,0.92
P000679,PH001870,REGISTERED,2024-02-25,,0.98
P000680,PH001871,REGISTERED,2019-02-06,,0.78
P000680,PH001872,REGISTERED,2018-12-13,,0.94
P000680,PH001873,USED_NOT_REGISTERED,2021-06-30,2021-09-03,0.96
P000681,PH001874,REGISTERED,2026-06-23,,0.9
P000681,PH001875,USED_NOT_REGISTERED,2020-05-25,2021-06-05,0.84
P000682,PH001876,REGISTERED,2020-03-25,,0.84
P000683,PH001877,REGISTERED,2023-10-09,,0.74
P000684,PH001878,REGISTERED,2018-01-18,,0.82
P000684,PH001879,REGISTERED,2025-09-23,,0.82
P000684,PH001880,USED_NOT_REGISTERED,2018-09-13,2019-03-12,0.91
P000684,PH001881,REGISTERED,2021-08-31,,0.78
P000685,PH001882,REGISTERED,2024-09-29,,0.87
P000685,PH001883,REGISTERED,2023-01-25,,0.77
P000685,PH001884,USED_NOT_REGISTERED,2021-07-16,,0.84
P000686,PH001885,REGISTERED,2024-05-04,,0.93
P000686,PH001886,USED_NOT_REGISTERED,2020-03-14,,0.75
P000686,PH001887,USED_NOT_REGISTERED,2024-06-23,2024-09-26,0.97
P000686,PH001888,REGISTERED,2020-01-04,,0.91
P000687,PH001889,REGISTERED,2023-04-15,,0.84
P000687,PH001890,REGISTERED,2018-10-17,,0.9
P000687,PH001891,USED_NOT_REGISTERED,2025-10-24,2026-05-13,0.9
P000688,PH001892,REGISTERED,2020-06-25,,0.8
P000688,PH001893,USED_NOT_REGISTERED,2020-02-13,,0.77
P000688,PH001894,REGISTERED,2023-08-19,,0.98
P000688,PH001895,USED_NOT_REGISTERED,2023-03-29,,0.92
P000689,PH001896,REGISTERED,2018-01-03,,0.96
P000689,PH001897,USED_NOT_REGISTERED,2022-08-22,2023-01-04,0.86
P000689,PH001898,USED_NOT_REGISTERED,2024-04-03,,0.79
P000689,PH001899,REGISTERED,2025-03-12,,0.77
P000690,PH001900,REGISTERED,2025-06-26,,0.77
P000691,PH001901,REGISTERED,2019-12-02,,0.82
P000692,PH001902,REGISTERED,2022-04-11,,0.85
P000692,PH001903,USED_NOT_REGISTERED,2025-11-03,2026-10-17,0.9
P000692,PH001904,USED_NOT_REGISTERED,2020-10-23,2021-07-10,0.9
P000693,PH001905,REGISTERED,2025-01-10,,0.92
P000693,PH001906,USED_NOT_REGISTERED,2026-03-20,2026-06-17,0.84
P000693,PH001907,REGISTERED,2023-01-29,,0.89
P000694,PH001908,REGISTERED,2024-02-12,,0.74
P000694,PH001909,USED_NOT_REGISTERED,2021-06-29,,0.87
P000695,PH001910,REGISTERED,2022-01-13,,0.76
P000695,PH001911,REGISTERED,2018-03-23,,0.75
P000695,PH001912,REGISTERED,2023-03-28,,0.83
P000695,PH001913,REGISTERED,2019-04-17,,0.77
P000695,PH001914,USED_NOT_REGISTERED,2022-10-30,,0.98
P000695,PH001915,REGISTERED,2024-07-19,,0.98
P000696,PH001916,REGISTERED,2020-06-16,,0.93
P000696,PH001917,REGISTERED,2019-05-03,,0.9
P000697,PH001918,REGISTERED,2023-12-23,,0.92
P000697,PH001919,REGISTERED,2026-06-18,,0.88
P000697,PH001920,USED_NOT_REGISTERED,2024-04-30,2024-06-02,0.81
P000697,PH001921,REGISTERED,2019-12-22,,0.8
P000698,PH001922,REGISTERED,2022-12-18,,0.93
P000698,PH001923,REGISTERED,2022-03-23,,0.76
P000698,PH001924,REGISTERED,2021-05-04,,0.98
P000698,PH001925,REGISTERED,2023-08-28,,0.93
P000699,PH001926,REGISTERED,2022-08-26,,0.87
P000699,PH001927,REGISTERED,2020-07-23,,0.93
P000700,PH001928,REGISTERED,2021-07-12,,0.73
P000700,PH001929,USED_NOT_REGISTERED,2020-07-19,2021-02-13,0.9
P000700,PH001930,USED_NOT_REGISTERED,2020-05-14,,0.82
P000700,PH001931,REGISTERED,2025-04-05,,0.93
P000701,PH001932,REGISTERED,2020-03-22,,0.74
P000702,PH001933,REGISTERED,2024-06-20,,0.77
P000702,PH001934,USED_NOT_REGISTERED,2021-02-27,2022-02-13,0.8
P000703,PH001935,REGISTERED,2024-01-19,,0.77
P000703,PH001936,USED_NOT_REGISTERED,2024-08-04,2025-06-26,0.8
P000703,PH001937,REGISTERED,2021-10-09,,0.88
P000703,PH001938,USED_NOT_REGISTERED,2019-04-20,,0.87
P000704,PH001939,REGISTERED,2024-06-26,,0.85
P000704,PH001940,REGISTERED,2025-09-09,,0.76
P000704,PH001941,USED_NOT_REGISTERED,2024-02-16,,0.79
P000705,PH001942,REGISTERED,2020-09-04,,0.84
P000705,PH001943,REGISTERED,2018-05-11,,0.94
P000705,PH001944,USED_NOT_REGISTERED,2023-01-08,,0.8
P000706,PH001945,REGISTERED,2024-11-01,,0.91
P000706,PH001946,REGISTERED,2026-04-28,,0.74
P000707,PH001947,REGISTERED,2020-08-06,,0.84
P000707,PH001948,USED_NOT_REGISTERED,2022-02-01,2022-08-24,0.97
P000707,PH001949,USED_NOT_REGISTERED,2023-06-30,,0.88
P000707,PH001950,USED_NOT_REGISTERED,2026-05-04,,0.85
P000708,PH001951,REGISTERED,2024-07-16,,0.83
P000708,PH001952,USED_NOT_REGISTERED,2021-02-07,,0.83
P000709,PH001953,REGISTERED,2023-07-20,,0.89
P000709,PH001954,REGISTERED,2019-05-17,,0.96
P000710,PH001955,REGISTERED,2018-07-31,,0.86
P000710,PH001956,REGISTERED,2019-02-07,,0.85
P000710,PH001957,USED_NOT_REGISTERED,2018-08-27,2018-10-05,0.83
P000710,PH001958,REGISTERED,2020-06-21,,0.8
P000711,PH001959,REGISTERED,2021-06-25,,0.8
P000712,PH001960,REGISTERED,2026-03-06,,0.92
P000713,PH001961,REGISTERED,2019-01-19,,0.9
P000713,PH001962,REGISTERED,2022-07-02,,0.91
P000713,PH001963,REGISTERED,2023-04-24,,0.94
P000713,PH001964,REGISTERED,2025-05-01,,0.9
P000714,PH001965,REGISTERED,2018-10-19,,0.74
P000714,PH001966,REGISTERED,2022-06-13,,0.98
P000714,PH001967,REGISTERED,2024-03-18,,0.96
P000714,PH001968,REGISTERED,2020-03-07,,0.96
P000715,PH001969,REGISTERED,2021-11-11,,0.91
P000716,PH001970,REGISTERED,2023-12-26,,0.77
P000716,PH001971,REGISTERED,2022-08-24,,0.83
P000716,PH001972,REGISTERED,2023-03-09,,0.89
P000716,PH001973,REGISTERED,2020-05-29,,0.91
P000717,PH001974,REGISTERED,2024-07-27,,0.83
P000718,PH001975,REGISTERED,2021-12-28,,0.82
P000718,PH001976,REGISTERED,2023-04-09,,0.82
P000719,PH001977,REGISTERED,2020-04-14,,0.83
P000719,PH001978,USED_NOT_REGISTERED,2022-01-08,2023-01-08,0.88
P000719,PH001979,USED_NOT_REGISTERED,2025-01-27,2025-11-17,0.76
P000720,PH001980,REGISTERED,2024-02-07,,0.85
P000720,PH001981,USED_NOT_REGISTERED,2021-06-08,2022-02-23,0.81
P000721,PH001982,REGISTERED,2022-04-01,,0.8
P000721,PH001983,USED_NOT_REGISTERED,2019-11-29,,0.79
P000721,PH001984,REGISTERED,2020-10-05,,0.81
P000721,PH001985,USED_NOT_REGISTERED,2023-06-01,2023-12-05,0.87
P000722,PH001986,REGISTERED,2023-06-26,,0.98
P000722,PH001987,REGISTERED,2019-07-01,,0.77
P000723,PH001988,REGISTERED,2019-06-19,,0.75
P000723,PH001989,USED_NOT_REGISTERED,2025-12-24,,0.88
P000724,PH001990,REGISTERED,2023-09-17,,0.94
P000725,PH001991,REGISTERED,2022-11-27,,0.96
P000725,PH001992,USED_NOT_REGISTERED,2019-12-02,,0.94
P000725,PH001993,USED_NOT_REGISTERED,2022-02-03,2022-05-14,0.76
P000726,PH001994,REGISTERED,2024-10-13,,0.92
P000726,PH001995,REGISTERED,2019-04-19,,0.89
P000726,PH001996,REGISTERED,2018-04-04,,0.9
P000727,PH001997,REGISTERED,2021-12-28,,0.72
P000727,PH001998,USED_NOT_REGISTERED,2026-05-27,2027-03-13,0.93
P000727,PH001999,REGISTERED,2020-01-25,,0.98
P000727,PH002000,REGISTERED,2025-08-26,,0.94
P000728,PH002001,REGISTERED,2025-10-21,,0.76
P000728,PH002002,USED_NOT_REGISTERED,2025-01-24,,0.79
P000729,PH002003,REGISTERED,2026-02-02,,0.84
P000729,PH002004,USED_NOT_REGISTERED,2023-04-01,,0.8
P000730,PH002005,REGISTERED,2022-04-14,,0.9
P000731,PH002006,REGISTERED,2018-09-07,,0.93
P000731,PH002007,REGISTERED,2019-01-19,,0.85
P000731,PH002008,USED_NOT_REGISTERED,2024-06-10,,0.83
P000732,PH002009,REGISTERED,2025-03-14,,0.81
P000733,PH002010,REGISTERED,2023-03-28,,0.96
P000733,PH002011,USED_NOT_REGISTERED,2018-04-11,2019-01-19,0.85
P000733,PH002012,USED_NOT_REGISTERED,2020-12-01,2021-05-23,0.75
P000733,PH002013,REGISTERED,2022-10-20,,0.78
P000734,PH002014,REGISTERED,2024-04-21,,0.86
P000734,PH002015,USED_NOT_REGISTERED,2026-05-05,2027-05-10,0.75
P000735,PH002016,REGISTERED,2024-06-25,,0.81
P000735,PH002017,USED_NOT_REGISTERED,2025-12-14,2026-05-29,0.8
P000735,PH002018,USED_NOT_REGISTERED,2025-10-24,2026-05-24,0.78
P000736,PH002019,REGISTERED,2019-08-14,,0.77
P000737,PH002020,REGISTERED,2020-03-02,,0.98
P000737,PH002021,USED_NOT_REGISTERED,2020-08-30,,0.87
P000737,PH002022,USED_NOT_REGISTERED,2024-11-19,2025-04-13,0.73
P000738,PH002023,REGISTERED,2025-01-20,,0.92
P000738,PH002024,REGISTERED,2024-01-31,,0.91
P000738,PH002025,USED_NOT_REGISTERED,2023-08-15,2023-12-02,0.86
P000738,PH002026,USED_NOT_REGISTERED,2019-07-31,2020-06-06,0.99
P000739,PH002027,REGISTERED,2023-07-20,,0.95
P000740,PH002028,REGISTERED,2020-05-09,,0.98
P000740,PH002029,USED_NOT_REGISTERED,2022-02-19,2022-07-21,0.89
P000741,PH002030,REGISTERED,2026-04-26,,0.87
P000741,PH002031,REGISTERED,2026-01-31,,0.94
P000741,PH002032,REGISTERED,2023-04-06,,0.83
P000741,PH002033,USED_NOT_REGISTERED,2023-05-07,2023-06-19,0.75
P000741,PH002034,USED_NOT_REGISTERED,2021-04-17,,0.84
P000742,PH002035,REGISTERED,2018-11-14,,0.87
P000742,PH002036,REGISTERED,2024-05-28,,0.84
P000743,PH002037,REGISTERED,2020-05-20,,0.86
P000744,PH002038,REGISTERED,2019-03-09,,0.93
P000745,PH002039,REGISTERED,2025-06-28,,0.99
P000746,PH002040,REGISTERED,2023-04-26,,0.76
P000746,PH002041,REGISTERED,2021-09-15,,0.84
P000746,PH002042,USED_NOT_REGISTERED,2024-10-26,2025-02-16,0.74
P000747,PH002043,REGISTERED,2022-09-09,,0.82
P000748,PH002044,REGISTERED,2019-09-07,,0.79
P000748,PH002045,USED_NOT_REGISTERED,2022-11-25,2023-05-11,0.88
P000748,PH002046,USED_NOT_REGISTERED,2018-10-17,,0.74
P000749,PH002047,REGISTERED,2019-12-18,,0.94
P000749,PH002048,REGISTERED,2023-03-22,,0.94
P000749,PH002049,REGISTERED,2023-04-11,,0.96
P000749,PH002050,USED_NOT_REGISTERED,2019-11-14,2020-05-19,0.82
P000750,PH002051,REGISTERED,2018-07-07,,0.78
P000750,PH002052,REGISTERED,2018-08-05,,0.74
P000751,PH002053,REGISTERED,2024-07-02,,0.85
P000752,PH002054,REGISTERED,2019-04-29,,0.86
P000752,PH002055,REGISTERED,2019-09-19,,0.93
P000753,PH002056,REGISTERED,2022-08-30,,0.88
P000754,PH002057,REGISTERED,2019-07-31,,0.96
P000755,PH002058,REGISTERED,2022-10-13,,0.87
P000755,PH002059,REGISTERED,2023-02-25,,0.98
P000755,PH002060,USED_NOT_REGISTERED,2025-07-22,2025-10-31,0.86
P000756,PH002061,REGISTERED,2023-11-02,,0.95
P000756,PH002062,USED_NOT_REGISTERED,2021-07-01,,0.89
P000756,PH002063,REGISTERED,2018-02-27,,0.83
P000756,PH002064,USED_NOT_REGISTERED,2021-02-28,,0.91
P000756,PH002065,USED_NOT_REGISTERED,2024-11-28,2025-05-25,0.81
P000757,PH002066,REGISTERED,2019-07-24,,0.85
P000757,PH002067,REGISTERED,2023-02-27,,0.85
P000757,PH002068,REGISTERED,2019-06-01,,0.92
P000757,PH002069,REGISTERED,2020-01-29,,0.98
P000758,PH002070,REGISTERED,2026-01-29,,0.92
P000758,PH002071,USED_NOT_REGISTERED,2023-02-20,2023-10-23,0.97
P000758,PH002072,REGISTERED,2021-03-29,,0.89
P000759,PH002073,REGISTERED,2019-03-25,,0.87
P000759,PH002074,USED_NOT_REGISTERED,2023-04-14,,0.93
P000759,PH002075,USED_NOT_REGISTERED,2023-10-17,2024-03-01,0.97
P000760,PH002076,REGISTERED,2018-03-29,,0.76
P000760,PH002077,USED_NOT_REGISTERED,2023-12-25,,0.97
P000761,PH002078,REGISTERED,2022-07-23,,0.85
P000761,PH002079,USED_NOT_REGISTERED,2026-04-12,2026-08-19,0.78
P000762,PH002080,REGISTERED,2019-01-28,,0.8
P000762,PH002081,USED_NOT_REGISTERED,2025-01-15,2025-05-22,0.87
P000762,PH002082,REGISTERED,2019-04-15,,0.87
P000762,PH002083,REGISTERED,2025-08-24,,0.77
P000763,PH002084,REGISTERED,2023-10-14,,0.83
P000763,PH002085,USED_NOT_REGISTERED,2020-06-09,2020-07-15,0.78
P000763,PH002086,REGISTERED,2024-01-04,,0.89
P000763,PH002087,REGISTERED,2018-01-04,,0.92
P000764,PH002088,REGISTERED,2018-10-10,,0.76
P000764,PH002089,USED_NOT_REGISTERED,2022-07-11,,0.73
P000764,PH002090,USED_NOT_REGISTERED,2018-05-18,2018-07-02,0.79
P000765,PH002091,REGISTERED,2021-04-06,,0.74
P000765,PH002092,REGISTERED,2025-07-25,,0.97
P000765,PH002093,REGISTERED,2022-12-14,,0.84
P000765,PH002094,USED_NOT_REGISTERED,2021-09-17,2022-10-04,0.9
P000766,PH002095,REGISTERED,2018-03-08,,0.77
P000766,PH002096,REGISTERED,2026-01-23,,0.89
P000767,PH002097,REGISTERED,2021-04-26,,0.88
P000767,PH002098,USED_NOT_REGISTERED,2020-12-22,,0.73
P000768,PH002099,REGISTERED,2018-05-30,,0.97
P000768,PH002100,USED_NOT_REGISTERED,2021-08-13,2022-06-21,0.96
P000768,PH002101,REGISTERED,2024-10-23,,0.85
P000769,PH002102,REGISTERED,2022-12-13,,0.82
P000770,PH002103,REGISTERED,2022-07-12,,0.8
P000771,PH002104,REGISTERED,2021-06-17,,0.74
P000771,PH002105,USED_NOT_REGISTERED,2018-11-26,2019-07-20,0.95
P000771,PH002106,USED_NOT_REGISTERED,2018-10-12,,0.72
P000772,PH002107,REGISTERED,2020-01-26,,0.8
P000773,PH002108,REGISTERED,2021-02-27,,0.92
P000774,PH002109,REGISTERED,2019-08-02,,0.78
P000774,PH002110,USED_NOT_REGISTERED,2020-01-29,,0.9
P000774,PH002111,USED_NOT_REGISTERED,2018-11-11,,0.78
P000775,PH002112,REGISTERED,2023-11-23,,0.79
P000775,PH002113,REGISTERED,2018-02-01,,0.73
P000775,PH002114,REGISTERED,2024-05-06,,0.89
P000776,PH002115,REGISTERED,2020-08-13,,0.9
P000777,PH002116,REGISTERED,2020-01-27,,0.9
P000778,PH002117,REGISTERED,2026-03-12,,0.92
P000778,PH002118,USED_NOT_REGISTERED,2025-04-12,2025-06-26,0.97
P000778,PH002119,USED_NOT_REGISTERED,2021-04-04,2022-01-17,0.92
P000779,PH002120,REGISTERED,2022-07-19,,0.89
P000779,PH002121,REGISTERED,2023-07-13,,0.83
P000780,PH002122,REGISTERED,2018-06-08,,0.78
P000780,PH002123,USED_NOT_REGISTERED,2025-12-12,2026-01-15,0.79
P000780,PH002124,USED_NOT_REGISTERED,2020-07-19,2021-03-03,0.85
P000780,PH002125,REGISTERED,2022-03-24,,0.82
P000780,PH002126,USED_NOT_REGISTERED,2025-11-30,2026-01-24,0.86
P000781,PH002127,REGISTERED,2022-09-22,,0.96
P000781,PH002128,USED_NOT_REGISTERED,2018-08-07,,0.95
P000782,PH002129,REGISTERED,2021-06-16,,0.93
P000782,PH002130,REGISTERED,2024-01-12,,0.73
P000783,PH002131,REGISTERED,2019-09-04,,0.98
P000783,PH002132,REGISTERED,2022-08-14,,0.95
P000783,PH002133,REGISTERED,2020-08-24,,0.94
P000783,PH002134,USED_NOT_REGISTERED,2024-04-13,,0.72
P000784,PH002135,REGISTERED,2024-11-11,,0.76
P000784,PH002136,USED_NOT_REGISTERED,2019-02-20,2019-08-05,0.74
P000785,PH002137,REGISTERED,2022-10-07,,0.93
P000786,PH002138,REGISTERED,2025-04-23,,0.94
P000786,PH002139,USED_NOT_REGISTERED,2025-07-21,2025-08-06,0.79
P000786,PH002140,REGISTERED,2021-09-16,,0.83
P000787,PH002141,REGISTERED,2019-10-05,,0.96
P000787,PH002142,USED_NOT_REGISTERED,2019-12-17,2020-04-09,0.94
P000787,PH002143,USED_NOT_REGISTERED,2024-02-17,2024-09-10,0.98
P000787,PH002144,USED_NOT_REGISTERED,2021-01-08,2021-09-18,0.98
P000788,PH002145,REGISTERED,2019-02-24,,0.83
P000788,PH002146,USED_NOT_REGISTERED,2024-05-07,,0.73
P000788,PH002147,REGISTERED,2021-08-15,,0.84
P000788,PH002148,USED_NOT_REGISTERED,2023-04-16,2023-11-15,0.92
P000789,PH002149,REGISTERED,2019-04-26,,0.89
P000789,PH002150,USED_NOT_REGISTERED,2018-03-18,2018-09-09,0.95
P000789,PH002151,REGISTERED,2025-01-18,,0.77
P000790,PH002152,REGISTERED,2026-01-08,,0.87
P000790,PH002153,REGISTERED,2026-02-27,,0.92
P000790,PH002154,USED_NOT_REGISTERED,2022-07-03,2023-06-14,0.91
P000791,PH002155,REGISTERED,2022-03-03,,0.76
P000791,PH002156,USED_NOT_REGISTERED,2019-12-26,,0.92
P000791,PH002157,REGISTERED,2018-04-01,,0.77
P000792,PH002158,REGISTERED,2025-08-03,,0.94
P000792,PH002159,REGISTERED,2025-11-12,,0.96
P000792,PH002160,USED_NOT_REGISTERED,2023-05-23,2024-04-10,0.88
P000793,PH002161,REGISTERED,2024-09-16,,0.83
P000794,PH002162,REGISTERED,2023-10-03,,0.74
P000794,PH002163,REGISTERED,2023-03-23,,0.73
P000795,PH002164,REGISTERED,2019-09-16,,0.77
P000795,PH002165,USED_NOT_REGISTERED,2020-05-08,,0.79
P000795,PH002166,USED_NOT_REGISTERED,2021-01-17,2022-01-31,0.87
P000796,PH002167,REGISTERED,2021-04-25,,0.82
P000796,PH002168,REGISTERED,2025-09-04,,0.88
P000796,PH002169,REGISTERED,2020-03-21,,0.89
P000796,PH002170,USED_NOT_REGISTERED,2022-01-21,2022-12-01,0.92
P000796,PH002171,REGISTERED,2019-05-06,,0.73
P000797,PH002172,REGISTERED,2020-02-27,,0.86
P000797,PH002173,USED_NOT_REGISTERED,2026-04-03,2027-01-18,0.73
P000797,PH002174,USED_NOT_REGISTERED,2019-07-29,,0.87
P000797,PH002175,USED_NOT_REGISTERED,2021-12-31,2022-09-21,0.79
P000797,PH002176,USED_NOT_REGISTERED,2023-07-01,2024-01-19,0.97
P000797,PH002177,REGISTERED,2022-01-01,,0.84
P000798,PH002178,REGISTERED,2023-08-25,,0.82
P000798,PH002179,USED_NOT_REGISTERED,2025-04-20,2026-03-26,0.8
P000799,PH002180,REGISTERED,2025-02-14,,0.81
P000799,PH002181,REGISTERED,2018-04-23,,0.92
P000799,PH002182,USED_NOT_REGISTERED,2024-03-30,2024-04-14,0.74
P000799,PH002183,REGISTERED,2020-12-16,,0.88
P000800,PH002184,REGISTERED,2018-06-07,,0.87
P000800,PH002185,USED_NOT_REGISTERED,2026-06-06,2027-02-18,0.98
P000800,PH002186,REGISTERED,2021-04-01,,0.77
P000800,PH002187,USED_NOT_REGISTERED,2023-06-29,,0.85
P000801,PH002188,REGISTERED,2019-05-05,,0.8
P000801,PH002189,USED_NOT_REGISTERED,2025-03-16,2026-04-07,0.85
P000801,PH002190,REGISTERED,2026-03-27,,0.97
P000801,PH002191,USED_NOT_REGISTERED,2023-03-01,,0.92
P000802,PH002192,REGISTERED,2021-03-08,,0.86
P000802,PH002193,REGISTERED,2020-03-31,,0.75
P000802,PH002194,USED_NOT_REGISTERED,2021-07-10,,0.97
P000802,PH002195,REGISTERED,2020-07-04,,0.94
P000803,PH002196,REGISTERED,2023-08-25,,0.83
P000803,PH002197,REGISTERED,2025-07-06,,0.76
P000804,PH002198,REGISTERED,2021-05-25,,0.77
P000804,PH002199,REGISTERED,2023-02-24,,0.73
P000804,PH002200,USED_NOT_REGISTERED,2020-04-04,,0.9
P000804,PH002201,USED_NOT_REGISTERED,2025-04-08,,0.95
P000805,PH002202,REGISTERED,2020-05-22,,0.98
P000805,PH002203,REGISTERED,2024-11-07,,0.87
P000805,PH002204,USED_NOT_REGISTERED,2020-07-08,2020-08-04,0.85
P000806,PH002205,REGISTERED,2023-08-11,,0.96
P000807,PH002206,REGISTERED,2020-01-10,,0.74
P000807,PH002207,REGISTERED,2024-04-01,,0.96
P000807,PH002208,REGISTERED,2024-04-20,,0.92
P000807,PH002209,REGISTERED,2023-03-21,,0.81
P000807,PH002210,USED_NOT_REGISTERED,2024-12-12,,0.93
P000807,PH002211,REGISTERED,2024-02-06,,0.84
P000808,PH002212,REGISTERED,2023-01-22,,0.88
P000808,PH002213,USED_NOT_REGISTERED,2019-09-05,2020-07-11,0.77
P000808,PH002214,REGISTERED,2024-03-11,,0.91
P000809,PH002215,REGISTERED,2025-08-23,,0.86
P000809,PH002216,USED_NOT_REGISTERED,2019-06-27,2020-02-27,0.82
P000809,PH002217,REGISTERED,2023-10-25,,0.86
P000809,PH002218,USED_NOT_REGISTERED,2018-11-29,2019-05-30,0.9
P000810,PH002219,REGISTERED,2019-08-28,,0.81
P000810,PH002220,REGISTERED,2022-01-29,,0.93
P000811,PH002221,REGISTERED,2020-10-06,,0.98
P000812,PH002222,REGISTERED,2018-01-02,,0.83
P000812,PH002223,REGISTERED,2019-04-04,,0.8
P000812,PH002224,USED_NOT_REGISTERED,2026-02-01,,0.96
P000812,PH002225,USED_NOT_REGISTERED,2023-11-29,2024-09-11,0.98
P000813,PH002226,REGISTERED,2023-02-07,,0.92
P000813,PH002227,USED_NOT_REGISTERED,2020-07-23,2021-07-07,0.88
P000813,PH002228,USED_NOT_REGISTERED,2026-03-24,,0.98
P000814,PH002229,REGISTERED,2022-03-07,,0.98
P000814,PH002230,USED_NOT_REGISTERED,2018-08-17,2019-06-09,0.95
P000815,PH002231,REGISTERED,2019-06-01,,0.93
P000815,PH002232,USED_NOT_REGISTERED,2025-02-26,2025-06-19,0.97
P000815,PH002233,USED_NOT_REGISTERED,2020-02-07,2020-09-25,0.81
P000815,PH002234,REGISTERED,2024-03-08,,0.87
P000815,PH002235,REGISTERED,2019-06-02,,0.93
P000816,PH002236,REGISTERED,2022-10-07,,0.87
P000816,PH002237,USED_NOT_REGISTERED,2021-06-11,,0.84
P000816,PH002238,USED_NOT_REGISTERED,2025-01-23,,0.82
P000817,PH002239,REGISTERED,2024-12-10,,0.81
P000817,PH002240,REGISTERED,2020-07-31,,0.97
P000818,PH002241,REGISTERED,2018-04-04,,0.99
P000818,PH002242,REGISTERED,2024-06-30,,0.96
P000819,PH002243,REGISTERED,2019-11-13,,0.86
P000819,PH002244,USED_NOT_REGISTERED,2020-01-23,2020-04-14,0.78
P000819,PH002245,USED_NOT_REGISTERED,2022-02-23,,0.84
P000819,PH002246,USED_NOT_REGISTERED,2022-12-01,2023-03-02,0.83
P000820,PH002247,REGISTERED,2020-11-18,,0.82
P000820,PH002248,REGISTERED,2020-11-27,,0.91
P000820,PH002249,USED_NOT_REGISTERED,2019-01-18,2020-01-31,0.84
P000821,PH002250,REGISTERED,2022-01-07,,0.76
P000821,PH002251,USED_NOT_REGISTERED,2025-12-26,,0.91
P000821,PH002252,REGISTERED,2023-11-21,,0.94
P000821,PH002253,REGISTERED,2019-05-17,,0.8
P000821,PH002254,REGISTERED,2018-03-11,,0.9
P000822,PH002255,REGISTERED,2022-05-29,,0.98
P000822,PH002256,USED_NOT_REGISTERED,2018-04-30,,0.8
P000822,PH002257,USED_NOT_REGISTERED,2018-06-01,2018-07-18,0.76
P000822,PH002258,REGISTERED,2023-11-30,,0.89
P000822,PH002259,USED_NOT_REGISTERED,2018-02-15,2018-12-14,0.78
P000823,PH002260,REGISTERED,2020-09-21,,0.98
P000823,PH002261,USED_NOT_REGISTERED,2023-12-27,,0.92
P000823,PH002262,USED_NOT_REGISTERED,2018-08-13,2018-11-08,0.89
P000824,PH002263,REGISTERED,2024-02-10,,0.99
P000824,PH002264,USED_NOT_REGISTERED,2025-06-30,2025-12-19,0.85
P000824,PH002265,USED_NOT_REGISTERED,2019-05-08,,0.75
P000824,PH002266,REGISTERED,2022-01-22,,0.96
P000825,PH002267,REGISTERED,2019-12-19,,0.78
P000825,PH002268,USED_NOT_REGISTERED,2025-12-17,,0.76
P000825,PH002269,REGISTERED,2019-11-11,,0.83
P000826,PH002270,REGISTERED,2018-02-18,,0.81
P000826,PH002271,USED_NOT_REGISTERED,2018-06-06,2019-03-05,0.9
P000826,PH002272,REGISTERED,2018-11-09,,0.75
P000827,PH002273,REGISTERED,2022-11-02,,0.77
P000827,PH002274,REGISTERED,2019-06-11,,0.87
P000828,PH002275,REGISTERED,2023-03-31,,0.81
P000828,PH002276,REGISTERED,2023-01-13,,0.74
P000828,PH002277,USED_NOT_REGISTERED,2019-03-01,2019-07-22,0.78
P000829,PH002278,REGISTERED,2026-03-18,,0.73
P000829,PH002279,USED_NOT_REGISTERED,2019-08-19,,0.93
P000829,PH002280,USED_NOT_REGISTERED,2019-12-07,2020-06-18,0.95
P000829,PH002281,REGISTERED,2026-01-30,,0.88
P000830,PH002282,REGISTERED,2019-07-10,,0.74
P000830,PH002283,REGISTERED,2019-09-14,,0.91
P000830,PH002284,REGISTERED,2020-09-29,,0.73
P000830,PH002285,REGISTERED,2026-02-22,,0.94
P000830,PH002286,USED_NOT_REGISTERED,2025-12-07,2026-05-14,0.83
P000830,PH002287,REGISTERED,2026-02-13,,0.89
P000831,PH002288,REGISTERED,2023-09-11,,0.79
P000832,PH002289,REGISTERED,2023-02-07,,0.83
P000832,PH002290,REGISTERED,2022-09-11,,0.96
P000833,PH002291,REGISTERED,2018-11-06,,0.83
P000833,PH002292,REGISTERED,2021-08-20,,0.94
P000833,PH002293,REGISTERED,2024-04-01,,0.98
P000833,PH002294,REGISTERED,2023-11-14,,0.9
P000833,PH002295,USED_NOT_REGISTERED,2023-10-01,2023-10-27,0.95
P000834,PH002296,REGISTERED,2022-05-08,,0.92
P000834,PH002297,REGISTERED,2020-08-16,,0.75
P000834,PH002298,USED_NOT_REGISTERED,2020-12-11,2021-03-08,0.98
P000834,PH002299,USED_NOT_REGISTERED,2018-11-30,2018-12-30,0.89
P000834,PH002300,USED_NOT_REGISTERED,2024-10-26,,0.86
P000835,PH002301,REGISTERED,2024-04-27,,0.97
P000835,PH002302,USED_NOT_REGISTERED,2026-04-24,2026-12-18,0.9
P000835,PH002303,REGISTERED,2019-04-22,,0.8
P000835,PH002304,REGISTERED,2018-07-28,,0.81
P000835,PH002305,USED_NOT_REGISTERED,2022-02-13,,0.82
P000836,PH002306,REGISTERED,2023-04-11,,0.9
P000837,PH002307,REGISTERED,2019-06-19,,0.78
P000837,PH002308,REGISTERED,2020-07-19,,0.96
P000838,PH002309,REGISTERED,2024-04-02,,0.96
P000838,PH002310,REGISTERED,2018-08-01,,0.83
P000839,PH002311,REGISTERED,2023-04-27,,0.83
P000839,PH002312,REGISTERED,2018-07-22,,0.74
P000839,PH002313,USED_NOT_REGISTERED,2025-08-17,2026-01-10,0.76
P000840,PH002314,REGISTERED,2025-10-28,,0.84
P000840,PH002315,USED_NOT_REGISTERED,2021-03-27,2022-01-18,0.76
P000840,PH002316,REGISTERED,2020-03-15,,0.95
P000840,PH002317,USED_NOT_REGISTERED,2021-11-25,,0.83
P000841,PH002318,REGISTERED,2020-09-02,,0.85
P000841,PH002319,REGISTERED,2021-03-02,,0.9
P000841,PH002320,REGISTERED,2022-04-23,,0.94
P000841,PH002321,USED_NOT_REGISTERED,2026-01-08,,0.87
P000842,PH002322,REGISTERED,2020-08-26,,0.75
P000842,PH002323,USED_NOT_REGISTERED,2021-09-22,,0.8
P000843,PH002324,REGISTERED,2023-04-06,,0.73
P000843,PH002325,REGISTERED,2021-04-17,,0.85
P000843,PH002326,USED_NOT_REGISTERED,2018-07-05,2019-07-13,0.86
P000843,PH002327,USED_NOT_REGISTERED,2022-12-08,,0.93
P000843,PH002328,USED_NOT_REGISTERED,2020-06-23,,0.8
P000844,PH002329,REGISTERED,2023-07-11,,0.76
P000844,PH002330,REGISTERED,2023-06-17,,0.76
P000844,PH002331,USED_NOT_REGISTERED,2023-03-18,2023-04-27,0.86
P000844,PH002332,USED_NOT_REGISTERED,2020-12-06,2021-01-03,0.72
P000845,PH002333,REGISTERED,2025-04-27,,0.98
P000845,PH002334,REGISTERED,2020-03-03,,0.78
P000846,PH002335,REGISTERED,2020-11-24,,0.91
P000846,PH002336,USED_NOT_REGISTERED,2018-05-11,2019-03-30,0.82
P000846,PH002337,REGISTERED,2023-02-09,,0.84
P000846,PH002338,REGISTERED,2024-10-02,,0.92
P000847,PH002339,REGISTERED,2022-07-05,,0.98
P000847,PH002340,USED_NOT_REGISTERED,2025-02-02,2025-07-13,0.72
P000847,PH002341,REGISTERED,2021-02-25,,0.76
P000847,PH002342,USED_NOT_REGISTERED,2024-10-21,2025-05-28,0.96
P000848,PH002343,REGISTERED,2020-07-04,,0.73
P000848,PH002344,USED_NOT_REGISTERED,2025-12-30,2026-11-29,0.72
P000848,PH002345,USED_NOT_REGISTERED,2023-04-14,,0.83
P000849,PH002346,REGISTERED,2019-01-15,,0.81
P000850,PH002347,REGISTERED,2024-08-24,,0.97
P000850,PH002348,REGISTERED,2019-12-21,,0.93
P000850,PH002349,USED_NOT_REGISTERED,2021-05-05,2022-01-23,0.73
P000850,PH002350,REGISTERED,2023-09-02,,0.91
P000851,PH002351,REGISTERED,2024-01-08,,0.8
P000851,PH002352,REGISTERED,2020-04-05,,0.78
P000851,PH002353,REGISTERED,2026-03-15,,0.9
P000852,PH002354,REGISTERED,2020-05-28,,0.8
P000852,PH002355,REGISTERED,2020-04-25,,0.87
P000852,PH002356,USED_NOT_REGISTERED,2021-12-24,,0.74
P000852,PH002357,USED_NOT_REGISTERED,2026-05-22,,0.72
P000853,PH002358,REGISTERED,2021-03-06,,0.74
P000853,PH002359,USED_NOT_REGISTERED,2022-05-07,,0.89
P000853,PH002360,USED_NOT_REGISTERED,2025-06-09,,0.94
P000853,PH002361,REGISTERED,2025-06-02,,0.74
P000854,PH002362,REGISTERED,2019-12-28,,0.85
P000854,PH002363,USED_NOT_REGISTERED,2018-08-27,,0.8
P000854,PH002364,REGISTERED,2021-08-07,,0.86
P000855,PH002365,REGISTERED,2021-02-26,,0.82
P000855,PH002366,REGISTERED,2021-05-17,,0.87
P000855,PH002367,REGISTERED,2022-01-01,,0.83
P000855,PH002368,USED_NOT_REGISTERED,2025-04-02,,0.82
P000856,PH002369,REGISTERED,2019-04-27,,0.76
P000857,PH002370,REGISTERED,2018-03-01,,0.78
P000858,PH002371,REGISTERED,2024-10-11,,0.9
P000858,PH002372,REGISTERED,2024-08-23,,0.82
P000859,PH002373,REGISTERED,2026-06-04,,0.82
P000859,PH002374,REGISTERED,2025-01-20,,0.76
P000859,PH002375,USED_NOT_REGISTERED,2022-03-21,,0.94
P000859,PH002376,REGISTERED,2018-06-28,,0.73
P000859,PH002377,USED_NOT_REGISTERED,2024-04-01,2024-10-23,0.9
P000860,PH002378,REGISTERED,2021-04-18,,0.98
P000860,PH002379,REGISTERED,2021-09-28,,0.95
P000860,PH002380,USED_NOT_REGISTERED,2021-01-20,,0.8
P000860,PH002381,USED_NOT_REGISTERED,2023-08-26,,0.73
P000861,PH002382,REGISTERED,2021-05-27,,0.74
P000862,PH002383,REGISTERED,2021-12-03,,0.96
P000862,PH002384,USED_NOT_REGISTERED,2022-10-09,,0.93
P000863,PH002385,REGISTERED,2026-05-18,,0.88
P000863,PH002386,REGISTERED,2024-04-30,,0.91
P000863,PH002387,USED_NOT_REGISTERED,2020-04-15,,0.8
P000863,PH002388,USED_NOT_REGISTERED,2021-06-08,2022-07-03,0.8
P000864,PH002389,REGISTERED,2020-03-28,,0.88
P000865,PH002390,REGISTERED,2024-10-14,,0.84
P000865,PH002391,USED_NOT_REGISTERED,2024-10-09,2024-11-27,0.8
P000865,PH002392,USED_NOT_REGISTERED,2025-10-03,2025-11-19,0.98
P000866,PH002393,REGISTERED,2021-08-21,,0.92
P000866,PH002394,REGISTERED,2021-11-01,,0.93
P000867,PH002395,REGISTERED,2021-12-13,,0.74
P000867,PH002396,REGISTERED,2019-01-31,,0.8
P000867,PH002397,USED_NOT_REGISTERED,2018-01-15,2018-05-29,0.85
P000867,PH002398,USED_NOT_REGISTERED,2020-11-25,,0.8
P000868,PH002399,REGISTERED,2018-10-29,,0.73
P000868,PH002400,REGISTERED,2023-07-23,,0.85
P000868,PH002401,USED_NOT_REGISTERED,2018-01-21,,0.98
P000869,PH002402,REGISTERED,2018-04-01,,0.81
P000869,PH002403,USED_NOT_REGISTERED,2019-02-25,2020-03-18,0.94
P000869,PH002404,REGISTERED,2019-01-30,,0.78
P000869,PH002405,USED_NOT_REGISTERED,2022-02-13,,0.91
P000870,PH002406,REGISTERED,2024-06-04,,0.72
P000871,PH002407,REGISTERED,2022-01-20,,0.93
P000872,PH002408,REGISTERED,2022-05-08,,0.99
P000872,PH002409,USED_NOT_REGISTERED,2019-09-16,2020-09-10,0.72
P000872,PH002410,USED_NOT_REGISTERED,2021-09-30,,0.97
P000873,PH002411,REGISTERED,2018-03-28,,0.75
P000873,PH002412,REGISTERED,2021-01-08,,0.8
P000874,PH002413,REGISTERED,2020-01-01,,0.84
P000875,PH002414,REGISTERED,2018-03-15,,0.72
P000875,PH002415,USED_NOT_REGISTERED,2024-12-18,2025-06-24,0.8
P000876,PH002416,REGISTERED,2020-05-14,,0.73
P000876,PH002417,USED_NOT_REGISTERED,2022-05-27,,0.72
P000876,PH002418,REGISTERED,2024-08-18,,0.95
P000876,PH002419,REGISTERED,2019-02-20,,0.83
P000877,PH002420,REGISTERED,2022-09-05,,0.99
P000878,PH002421,REGISTERED,2021-12-21,,0.75
P000878,PH002422,USED_NOT_REGISTERED,2020-03-17,,0.88
P000878,PH002423,USED_NOT_REGISTERED,2022-05-21,2023-03-09,0.84
P000878,PH002424,USED_NOT_REGISTERED,2021-08-24,2022-08-13,0.86
P000879,PH002425,REGISTERED,2018-03-09,,0.97
P000879,PH002426,USED_NOT_REGISTERED,2021-01-27,2021-11-04,0.79
P000879,PH002427,USED_NOT_REGISTERED,2018-01-07,2018-10-03,0.73
P000879,PH002428,REGISTERED,2026-05-16,,0.79
P000879,PH002429,REGISTERED,2018-05-12,,0.95
P000880,PH002430,REGISTERED,2025-10-07,,0.92
P000880,PH002431,USED_NOT_REGISTERED,2021-10-31,2022-06-29,0.73
P000880,PH002432,USED_NOT_REGISTERED,2022-01-24,2022-09-05,0.79
P000880,PH002433,USED_NOT_REGISTERED,2018-04-01,2019-02-09,0.96
P000881,PH002434,REGISTERED,2024-05-08,,0.74
P000881,PH002435,USED_NOT_REGISTERED,2021-07-23,2022-06-03,0.74
P000881,PH002436,USED_NOT_REGISTERED,2024-01-23,,0.96
P000881,PH002437,USED_NOT_REGISTERED,2020-06-16,2021-01-18,0.82
P000882,PH002438,REGISTERED,2018-10-07,,0.99
P000883,PH002439,REGISTERED,2022-07-19,,0.81
P000883,PH002440,USED_NOT_REGISTERED,2023-12-31,2024-03-03,0.92
P000884,PH002441,REGISTERED,2023-09-07,,0.9
P000884,PH002442,USED_NOT_REGISTERED,2019-11-18,,0.73
P000884,PH002443,USED_NOT_REGISTERED,2022-06-23,,0.75
P000885,PH002444,REGISTERED,2026-03-27,,0.75
P000885,PH002445,REGISTERED,2025-12-06,,0.89
P000885,PH002446,USED_NOT_REGISTERED,2024-03-10,,0.86
P000886,PH002447,REGISTERED,2025-12-12,,0.75
P000886,PH002448,REGISTERED,2019-12-08,,0.73
P000886,PH002449,REGISTERED,2018-08-06,,0.9
P000887,PH002450,REGISTERED,2020-01-28,,0.78
P000887,PH002451,USED_NOT_REGISTERED,2021-03-26,,0.94
P000887,PH002452,REGISTERED,2019-07-25,,0.79
P000887,PH002453,USED_NOT_REGISTERED,2021-06-15,2021-10-01,0.79
P000888,PH002454,REGISTERED,2025-03-03,,0.98
P000888,PH002455,USED_NOT_REGISTERED,2020-07-28,,0.87
P000888,PH002456,USED_NOT_REGISTERED,2020-02-23,,0.74
P000888,PH002457,REGISTERED,2019-11-30,,0.8
P000889,PH002458,REGISTERED,2024-04-21,,0.9
P000889,PH002459,USED_NOT_REGISTERED,2024-06-21,,0.96
P000890,PH002460,REGISTERED,2020-04-14,,0.76
P000890,PH002461,REGISTERED,2023-08-14,,0.73
P000891,PH002462,REGISTERED,2022-06-25,,0.95
P000891,PH002463,REGISTERED,2019-09-24,,0.92
P000891,PH002464,REGISTERED,2025-09-04,,0.94
P000891,PH002465,REGISTERED,2018-06-26,,0.77
P000892,PH002466,REGISTERED,2023-06-21,,0.95
P000892,PH002467,REGISTERED,2022-09-27,,0.83
P000892,PH002468,REGISTERED,2023-08-02,,0.88
P000892,PH002469,REGISTERED,2023-04-15,,0.88
P000893,PH002470,REGISTERED,2025-07-24,,0.98
P000893,PH002471,REGISTERED,2023-04-18,,0.96
P000893,PH002472,REGISTERED,2024-05-03,,0.77
P000894,PH002473,REGISTERED,2021-10-06,,0.79
P000894,PH002474,USED_NOT_REGISTERED,2024-09-03,2025-02-09,0.8
P000894,PH002475,USED_NOT_REGISTERED,2025-07-10,2026-02-17,0.77
P000895,PH002476,REGISTERED,2019-11-30,,0.73
P000895,PH002477,USED_NOT_REGISTERED,2019-06-25,,0.82
P000896,PH002478,REGISTERED,2026-01-06,,0.99
P000896,PH002479,USED_NOT_REGISTERED,2025-04-25,2026-03-16,0.84
P000896,PH002480,REGISTERED,2018-11-19,,0.84
P000897,PH002481,REGISTERED,2026-02-21,,0.99
P000897,PH002482,USED_NOT_REGISTERED,2022-11-02,,0.79
P000898,PH002483,REGISTERED,2023-01-08,,0.92
P000898,PH002484,REGISTERED,2021-02-14,,0.8
P000898,PH002485,USED_NOT_REGISTERED,2018-06-13,,0.86
P000898,PH002486,USED_NOT_REGISTERED,2018-12-04,,0.78
P000899,PH002487,REGISTERED,2022-05-05,,0.78
P000899,PH002488,REGISTERED,2021-06-06,,0.73
P000899,PH002489,USED_NOT_REGISTERED,2020-03-31,,0.82
P000900,PH002490,REGISTERED,2020-11-09,,0.74
P000901,PH002491,REGISTERED,2021-02-26,,0.75
P000901,PH002492,REGISTERED,2020-11-30,,0.77
P000901,PH002493,USED_NOT_REGISTERED,2020-10-22,2020-12-01,0.91
P000901,PH002494,REGISTERED,2023-11-23,,0.87
P000901,PH002495,REGISTERED,2025-09-27,,0.97
P000902,PH002496,REGISTERED,2019-04-06,,0.73
P000903,PH002497,REGISTERED,2025-11-02,,0.76
P000903,PH002498,REGISTERED,2025-02-23,,0.9
P000904,PH002499,REGISTERED,2020-03-09,,0.83
P000904,PH002500,USED_NOT_REGISTERED,2023-10-10,2024-05-17,0.97
P000904,PH002501,USED_NOT_REGISTERED,2020-05-31,2021-03-18,0.9
P000905,PH002502,REGISTERED,2020-04-03,,0.84
P000906,PH002503,REGISTERED,2024-09-11,,0.81
P000907,PH002504,REGISTERED,2021-07-29,,0.92
P000907,PH002505,USED_NOT_REGISTERED,2024-08-23,,0.77
P000908,PH002506,REGISTERED,2020-01-10,,0.88
P000908,PH002507,USED_NOT_REGISTERED,2023-06-20,,0.78
P000908,PH002508,USED_NOT_REGISTERED,2025-11-02,2025-12-15,0.89
P000908,PH002509,USED_NOT_REGISTERED,2025-07-13,2025-08-12,0.86
P000909,PH002510,REGISTERED,2026-04-27,,0.78
P000910,PH002511,REGISTERED,2025-11-20,,0.94
P000910,PH002512,REGISTERED,2024-08-30,,0.97
P000910,PH002513,USED_NOT_REGISTERED,2020-02-14,2020-03-08,0.98
P000911,PH002514,REGISTERED,2026-06-10,,0.95
P000911,PH002515,REGISTERED,2021-06-29,,0.82
P000911,PH002516,USED_NOT_REGISTERED,2024-10-21,,0.82
P000912,PH002517,REGISTERED,2019-06-17,,0.94
P000912,PH002518,USED_NOT_REGISTERED,2022-08-08,,0.83
P000913,PH002519,REGISTERED,2023-03-31,,0.77
P000914,PH002520,REGISTERED,2023-03-04,,0.82
P000914,PH002521,USED_NOT_REGISTERED,2020-05-20,2020-12-15,0.78
P000915,PH002522,REGISTERED,2019-06-26,,0.76
P000915,PH002523,USED_NOT_REGISTERED,2019-09-13,,0.92
P000915,PH002524,USED_NOT_REGISTERED,2023-06-23,,0.78
P000916,PH002525,REGISTERED,2023-12-03,,0.95
P000916,PH002526,USED_NOT_REGISTERED,2025-02-27,,0.97
P000917,PH002527,REGISTERED,2018-10-28,,0.77
P000917,PH002528,REGISTERED,2024-03-13,,0.77
P000918,PH002529,REGISTERED,2020-01-19,,0.76
P000918,PH002530,USED_NOT_REGISTERED,2024-02-03,2024-10-27,0.89
P000918,PH002531,USED_NOT_REGISTERED,2022-11-27,2023-02-09,0.99
P000919,PH002532,REGISTERED,2023-01-19,,0.79
P000920,PH002533,REGISTERED,2020-09-08,,0.84
P000920,PH002534,USED_NOT_REGISTERED,2023-09-24,,0.88
P000921,PH002535,REGISTERED,2025-07-06,,0.73
P000922,PH002536,REGISTERED,2025-09-12,,0.94
P000922,PH002537,USED_NOT_REGISTERED,2026-03-31,,0.86
P000923,PH002538,REGISTERED,2018-06-17,,0.91
P000923,PH002539,USED_NOT_REGISTERED,2022-04-08,2022-12-29,0.88
P000923,PH002540,REGISTERED,2026-02-22,,0.88
P000924,PH002541,REGISTERED,2024-06-13,,0.75
P000924,PH002542,USED_NOT_REGISTERED,2026-02-18,,0.93
P000924,PH002543,REGISTERED,2023-12-09,,0.77
P000925,PH002544,REGISTERED,2024-12-11,,0.96
P000925,PH002545,REGISTERED,2025-08-19,,0.84
P000925,PH002546,USED_NOT_REGISTERED,2023-03-17,2023-06-30,0.8
P000925,PH002547,REGISTERED,2023-11-18,,0.73
P000926,PH002548,REGISTERED,2019-10-29,,0.85
P000926,PH002549,REGISTERED,2021-12-27,,0.91
P000926,PH002550,USED_NOT_REGISTERED,2023-06-25,2024-01-20,0.74
P000927,PH002551,REGISTERED,2023-07-25,,0.93
P000927,PH002552,USED_NOT_REGISTERED,2023-06-26,2024-06-07,0.96
P000927,PH002553,REGISTERED,2023-03-06,,0.76
P000927,PH002554,USED_NOT_REGISTERED,2023-12-22,,0.73
P000927,PH002555,REGISTERED,2026-05-08,,0.87
P000928,PH002556,REGISTERED,2021-12-03,,0.79
P000928,PH002557,USED_NOT_REGISTERED,2023-01-14,2023-03-21,0.97
P000929,PH002558,REGISTERED,2023-02-05,,0.81
P000929,PH002559,USED_NOT_REGISTERED,2026-06-18,,0.82
P000929,PH002560,REGISTERED,2021-02-17,,0.81
P000930,PH002561,REGISTERED,2023-02-17,,0.74
P000931,PH002562,REGISTERED,2020-03-10,,0.8
P000932,PH002563,REGISTERED,2018-09-07,,0.83
P000932,PH002564,USED_NOT_REGISTERED,2020-09-18,2021-05-04,0.73
P000932,PH002565,USED_NOT_REGISTERED,2025-07-16,2026-01-01,0.81
P000933,PH002566,REGISTERED,2020-11-24,,0.8
P000933,PH002567,REGISTERED,2018-12-08,,0.77
P000933,PH002568,REGISTERED,2025-08-08,,0.95
P000934,PH002569,REGISTERED,2022-05-05,,0.79
P000934,PH002570,REGISTERED,2024-07-31,,0.98
P000934,PH002571,REGISTERED,2026-01-28,,0.76
P000934,PH002572,USED_NOT_REGISTERED,2018-12-02,2019-12-28,0.83
P000935,PH002573,REGISTERED,2023-11-29,,0.73
P000936,PH002574,REGISTERED,2019-03-22,,0.85
P000936,PH002575,REGISTERED,2022-12-17,,0.94
P000936,PH002576,REGISTERED,2022-10-07,,0.83
P000936,PH002577,USED_NOT_REGISTERED,2021-07-10,2021-09-16,0.85
P000937,PH002578,REGISTERED,2019-07-17,,0.85
P000937,PH002579,REGISTERED,2021-12-11,,0.97
P000937,PH002580,USED_NOT_REGISTERED,2026-02-28,,0.89
P000938,PH002581,REGISTERED,2019-09-07,,0.73
P000939,PH002582,REGISTERED,2019-12-23,,0.75
P000939,PH002583,REGISTERED,2023-08-17,,0.73
P000940,PH002584,REGISTERED,2025-06-21,,0.95
P000940,PH002585,REGISTERED,2022-07-05,,0.84
P000941,PH002586,REGISTERED,2019-04-29,,0.81
P000941,PH002587,REGISTERED,2019-04-15,,0.86
P000942,PH002588,REGISTERED,2025-02-18,,0.98
P000942,PH002589,REGISTERED,2023-02-28,,0.93
P000942,PH002590,REGISTERED,2020-06-02,,0.8
P000942,PH002591,REGISTERED,2018-01-25,,0.92
P000943,PH002592,REGISTERED,2020-01-02,,0.8
P000943,PH002593,USED_NOT_REGISTERED,2018-08-28,2019-06-15,0.86
P000943,PH002594,REGISTERED,2025-11-07,,0.75
P000944,PH002595,REGISTERED,2026-04-07,,0.82
P000945,PH002596,REGISTERED,2023-03-31,,0.75
P000945,PH002597,REGISTERED,2025-07-08,,0.86
P000945,PH002598,REGISTERED,2020-01-27,,0.78
P000945,PH002599,REGISTERED,2023-08-28,,0.77
P000946,PH002600,REGISTERED,2024-07-20,,0.96
P000947,PH002601,REGISTERED,2019-08-31,,0.91
P000947,PH002602,USED_NOT_REGISTERED,2021-09-08,,0.8
P000947,PH002603,REGISTERED,2019-04-30,,0.93
P000947,PH002604,REGISTERED,2020-11-14,,0.79
P000948,PH002605,REGISTERED,2024-06-22,,0.89
P000949,PH002606,REGISTERED,2023-09-21,,0.87
P000949,PH002607,USED_NOT_REGISTERED,2018-03-12,2018-05-05,0.98
P000950,PH002608,REGISTERED,2020-09-05,,0.86
P000950,PH002609,REGISTERED,2023-11-30,,0.79
P000950,PH002610,REGISTERED,2025-10-29,,0.95
P000951,PH002611,REGISTERED,2020-04-16,,0.8
P000951,PH002612,REGISTERED,2020-09-22,,0.96
P000951,PH002613,USED_NOT_REGISTERED,2018-10-15,2019-10-25,0.88
P000952,PH002614,REGISTERED,2023-09-15,,0.83
P000952,PH002615,USED_NOT_REGISTERED,2021-04-04,2021-11-05,0.93
P000953,PH002616,REGISTERED,2018-06-17,,0.99
P000953,PH002617,USED_NOT_REGISTERED,2022-01-18,,0.94
P000953,PH002618,USED_NOT_REGISTERED,2020-09-03,2020-12-27,0.9
P000953,PH002619,USED_NOT_REGISTERED,2020-03-12,2021-01-26,0.86
P000954,PH002620,REGISTERED,2021-05-28,,0.88
P000955,PH002621,REGISTERED,2026-04-02,,0.72
P000955,PH002622,REGISTERED,2020-01-14,,0.87
P000955,PH002623,USED_NOT_REGISTERED,2025-03-30,,0.81
P000955,PH002624,REGISTERED,2019-08-05,,0.84
P000956,PH002625,REGISTERED,2023-03-07,,0.85
P000956,PH002626,REGISTERED,2021-04-18,,0.9
P000956,PH002627,REGISTERED,2025-12-20,,0.83
P000957,PH002628,REGISTERED,2026-03-06,,0.87
P000957,PH002629,REGISTERED,2018-07-21,,0.95
P000958,PH002630,REGISTERED,2019-05-01,,0.76
P000959,PH002631,REGISTERED,2018-08-17,,0.9
P000959,PH002632,REGISTERED,2022-08-03,,0.88
P000960,PH002633,REGISTERED,2024-04-12,,0.97
P000960,PH002634,REGISTERED,2023-06-09,,0.95
P000961,PH002635,REGISTERED,2018-05-20,,0.89
P000961,PH002636,REGISTERED,2025-11-16,,0.95
P000961,PH002637,REGISTERED,2024-07-25,,0.99
P000962,PH002638,REGISTERED,2020-10-20,,0.72
P000962,PH002639,REGISTERED,2022-06-02,,0.72
P000962,PH002640,USED_NOT_REGISTERED,2018-11-17,,0.81
P000962,PH002641,USED_NOT_REGISTERED,2026-03-30,2026-05-15,0.9
P000963,PH002642,REGISTERED,2021-03-03,,0.79
P000963,PH002643,USED_NOT_REGISTERED,2022-09-13,2023-09-27,0.73
P000963,PH002644,REGISTERED,2018-07-08,,0.76
P000963,PH002645,USED_NOT_REGISTERED,2024-01-31,2024-11-12,0.91
P000964,PH002646,REGISTERED,2020-03-04,,0.77
P000965,PH002647,REGISTERED,2018-09-06,,0.89
P000965,PH002648,USED_NOT_REGISTERED,2026-02-08,,0.82
P000965,PH002649,REGISTERED,2024-05-25,,0.97
P000966,PH002650,REGISTERED,2020-06-03,,0.76
P000966,PH002651,USED_NOT_REGISTERED,2023-05-16,,0.72
P000966,PH002652,REGISTERED,2021-09-29,,0.94
P000966,PH002653,USED_NOT_REGISTERED,2021-12-28,2022-12-26,0.9
P000967,PH002654,REGISTERED,2025-05-25,,0.85
P000967,PH002655,REGISTERED,2018-02-28,,0.84
P000968,PH002656,REGISTERED,2021-05-17,,0.82
P000969,PH002657,REGISTERED,2023-06-12,,0.82
P000969,PH002658,USED_NOT_REGISTERED,2018-03-10,2018-07-24,0.78
P000969,PH002659,REGISTERED,2020-11-15,,0.93
P000970,PH002660,REGISTERED,2021-10-01,,0.86
P000970,PH002661,USED_NOT_REGISTERED,2023-11-25,2024-04-04,0.72
P000970,PH002662,USED_NOT_REGISTERED,2019-12-27,2020-05-09,0.85
P000971,PH002663,REGISTERED,2021-03-15,,0.75
P000971,PH002664,USED_NOT_REGISTERED,2020-06-02,2020-12-24,0.91
P000972,PH002665,REGISTERED,2020-09-16,,0.93
P000972,PH002666,REGISTERED,2026-03-02,,0.84
P000972,PH002667,USED_NOT_REGISTERED,2019-08-28,,0.86
P000973,PH002668,REGISTERED,2019-02-14,,0.98
P000973,PH002669,REGISTERED,2020-05-18,,0.82
P000973,PH002670,USED_NOT_REGISTERED,2024-03-04,2025-02-14,0.74
P000973,PH002671,USED_NOT_REGISTERED,2024-09-27,2025-10-26,0.98
P000974,PH002672,REGISTERED,2020-03-08,,0.98
P000975,PH002673,REGISTERED,2024-11-28,,0.91
P000976,PH002674,REGISTERED,2023-02-27,,0.77
P000976,PH002675,REGISTERED,2019-02-07,,0.8
P000976,PH002676,REGISTERED,2023-02-23,,0.88
P000977,PH002677,REGISTERED,2025-05-20,,0.73
P000977,PH002678,USED_NOT_REGISTERED,2024-03-20,,0.82
P000978,PH002679,REGISTERED,2019-03-12,,0.89
P000978,PH002680,USED_NOT_REGISTERED,2024-03-02,2024-05-29,0.79
P000979,PH002681,REGISTERED,2019-02-06,,0.9
P000980,PH002682,REGISTERED,2018-04-02,,0.74
P000981,PH002683,REGISTERED,2021-04-02,,0.88
P000981,PH002684,USED_NOT_REGISTERED,2025-02-06,2025-09-18,0.73
P000982,PH002685,REGISTERED,2024-12-17,,0.76
P000982,PH002686,USED_NOT_REGISTERED,2020-01-13,2020-03-18,0.81
P000982,PH002687,USED_NOT_REGISTERED,2021-05-07,2021-08-30,0.75
P000982,PH002688,USED_NOT_REGISTERED,2020-06-28,,0.82
P000983,PH002689,REGISTERED,2023-07-23,,0.86
P000983,PH002690,REGISTERED,2023-03-12,,0.9
P000983,PH002691,REGISTERED,2026-01-01,,0.97
P000984,PH002692,REGISTERED,2024-11-30,,0.85
P000985,PH002693,REGISTERED,2024-09-07,,0.9
P000985,PH002694,USED_NOT_REGISTERED,2019-02-20,2019-11-13,0.99
P000986,PH002695,REGISTERED,2020-05-28,,0.85
P000987,PH002696,REGISTERED,2018-04-06,,0.89
P000987,PH002697,USED_NOT_REGISTERED,2022-06-02,2023-02-26,0.82
P000987,PH002698,USED_NOT_REGISTERED,2022-08-30,,0.8
P000988,PH002699,REGISTERED,2021-10-14,,0.84
P000988,PH002700,REGISTERED,2024-02-10,,0.89
P000989,PH002701,REGISTERED,2024-12-10,,0.95
P000990,PH002702,REGISTERED,2018-05-22,,0.98
P000990,PH002703,USED_NOT_REGISTERED,2018-03-27,,0.81
P000991,PH002704,REGISTERED,2020-03-13,,0.84
P000992,PH002705,REGISTERED,2023-12-09,,0.86
P000992,PH002706,REGISTERED,2025-10-24,,0.84
P000993,PH002707,REGISTERED,2022-09-10,,0.82
P000993,PH002708,REGISTERED,2023-05-05,,0.82
P000993,PH002709,USED_NOT_REGISTERED,2023-10-09,2024-06-14,0.87
P000993,PH002710,REGISTERED,2021-04-11,,0.87
P000994,PH002711,REGISTERED,2022-04-29,,0.77
P000995,PH002712,REGISTERED,2020-07-28,,0.81
P000996,PH002713,REGISTERED,2021-03-14,,0.8
P000996,PH002714,REGISTERED,2018-04-23,,0.77
P000997,PH002715,REGISTERED,2018-12-15,,0.95
P000997,PH002716,REGISTERED,2022-01-25,,0.97
P000997,PH002717,USED_NOT_REGISTERED,2026-06-08,2026-12-03,0.74
P000998,PH002718,REGISTERED,2020-11-07,,0.92
P000999,PH002719,REGISTERED,2024-04-24,,0.76
P001000,PH002720,REGISTERED,2018-06-20,,0.76
P001000,PH002721,REGISTERED,2018-08-09,,0.9
P001000,PH002722,USED_NOT_REGISTERED,2018-12-31,,0.89
P001000,PH002723,REGISTERED,2025-12-12,,0.83
P001001,PH002724,REGISTERED,2025-03-13,,0.94
P001002,PH002725,REGISTERED,2023-12-05,,0.84
P001003,PH002726,REGISTERED,2024-10-28,,0.8
P001004,PH002727,REGISTERED,2019-01-04,,0.75
P001005,PH002728,REGISTERED,2018-12-31,,0.91
P001006,PH002729,REGISTERED,2022-05-13,,0.85
P001007,PH002730,REGISTERED,2025-12-31,,0.97
P001008,PH002731,REGISTERED,2021-09-29,,0.73
P001009,PH002732,REGISTERED,2018-09-22,,0.98
P001010,PH002733,REGISTERED,2021-11-26,,0.95
P001011,PH002734,REGISTERED,2023-05-26,,0.93
P001012,PH002735,REGISTERED,2018-07-30,,0.91
P001013,PH002736,REGISTERED,2021-06-10,,0.94
P001014,PH002737,REGISTERED,2024-12-07,,0.76
P001015,PH002738,REGISTERED,2023-12-02,,0.83
P001016,PH002739,REGISTERED,2022-04-13,,0.78
P001017,PH002740,REGISTERED,2026-04-26,,0.76
P001018,PH002741,REGISTERED,2025-11-21,,0.97
P001019,PH002742,REGISTERED,2024-12-16,,0.96
P001020,PH002743,REGISTERED,2024-09-04,,0.96
P001021,PH002744,REGISTERED,2021-05-19,,0.92
P001022,PH002745,REGISTERED,2019-11-09,,0.97
P001023,PH002746,REGISTERED,2026-05-14,,0.74
P001024,PH002747,REGISTERED,2026-04-10,,0.96
P001025,PH002748,REGISTERED,2021-04-21,,0.74
P001026,PH002749,REGISTERED,2019-03-29,,0.9
P001027,PH002750,REGISTERED,2024-09-10,,0.9
P001028,PH002751,REGISTERED,2018-05-14,,0.8
P001029,PH002752,REGISTERED,2021-04-07,,0.74
P001030,PH002753,REGISTERED,2022-10-27,,0.82
P001031,PH002754,REGISTERED,2022-07-28,,0.93
P001032,PH002755,REGISTERED,2019-06-05,,0.75
P001033,PH002756,REGISTERED,2025-05-06,,0.85
P001034,PH002757,REGISTERED,2024-08-28,,0.8
P001035,PH002758,REGISTERED,2024-06-18,,0.84
P001036,PH002759,REGISTERED,2025-12-25,,0.86
P001037,PH002760,REGISTERED,2026-02-14,,0.83
P001038,PH002761,REGISTERED,2021-01-23,,0.96
P001039,PH002762,REGISTERED,2026-05-21,,0.87
P001040,PH002763,REGISTERED,2025-04-09,,0.92
P001041,PH002764,REGISTERED,2020-06-11,,0.92
P001042,PH002765,REGISTERED,2019-12-16,,0.76
P001043,PH002766,REGISTERED,2022-07-19,,0.97
P001044,PH002767,REGISTERED,2022-01-16,,0.82
P001045,PH002768,REGISTERED,2023-04-06,,0.81
P001046,PH002769,REGISTERED,2026-03-03,,0.81
P001047,PH002770,REGISTERED,2024-11-12,,0.77
P001048,PH002771,REGISTERED,2025-06-30,,0.89
P001049,PH002772,REGISTERED,2018-08-03,,0.92
P001050,PH002773,REGISTERED,2024-12-28,,0.94
P001051,PH002774,REGISTERED,2025-11-11,,0.89
P001052,PH002775,REGISTERED,2024-11-20,,0.95
P001053,PH002776,REGISTERED,2018-10-10,,0.87
P001054,PH002777,REGISTERED,2025-03-31,,0.98
P001055,PH002778,REGISTERED,2022-08-31,,0.76
P001056,PH002779,REGISTERED,2021-09-10,,0.96
P001057,PH002780,REGISTERED,2019-01-17,,0.86
P001058,PH002781,REGISTERED,2025-09-29,,0.97
P001059,PH002782,REGISTERED,2021-09-27,,0.88
P001060,PH002783,REGISTERED,2024-09-17,,0.9
P001061,PH002784,REGISTERED,2021-03-05,,0.77
P001062,PH002785,REGISTERED,2025-05-10,,0.86
P001063,PH002786,REGISTERED,2019-02-11,,0.94
P001064,PH002787,REGISTERED,2025-02-21,,0.87
P001065,PH002788,REGISTERED,2025-08-03,,0.84
P001066,PH002789,REGISTERED,2019-07-13,,0.85
P001067,PH002790,REGISTERED,2026-06-27,,0.9
P001068,PH002791,REGISTERED,2021-02-25,,0.89
P001069,PH002792,REGISTERED,2021-06-30,,0.78
P001070,PH002793,REGISTERED,2018-04-03,,0.85
P001071,PH002794,REGISTERED,2020-12-13,,0.94
P001072,PH002795,REGISTERED,2018-04-15,,0.87
P001073,PH002796,REGISTERED,2025-03-15,,0.82
P001074,PH002797,REGISTERED,2018-02-26,,0.97
P001075,PH002798,REGISTERED,2025-08-14,,0.8
P001076,PH002799,REGISTERED,2019-08-23,,0.79
P001077,PH002800,REGISTERED,2023-11-22,,0.92
P001078,PH002801,REGISTERED,2019-10-26,,0.72
P001079,PH002802,REGISTERED,2025-09-04,,0.76
P001080,PH002803,REGISTERED,2025-03-14,,0.87
P001081,PH002804,REGISTERED,2021-04-22,,0.95
P001082,PH002805,REGISTERED,2026-06-05,,0.8
P001083,PH002806,REGISTERED,2022-04-26,,0.91
P001084,PH002807,REGISTERED,2020-05-19,,0.81
P001085,PH002808,REGISTERED,2021-02-25,,0.84
P001086,PH002809,REGISTERED,2024-05-07,,0.78
P001087,PH002810,REGISTERED,2018-03-13,,0.73
P001088,PH002811,REGISTERED,2019-09-03,,0.72
P001089,PH002812,REGISTERED,2019-11-16,,0.9
P001090,PH002813,REGISTERED,2022-09-18,,0.93
P001091,PH002814,REGISTERED,2021-01-16,,0.8
P001092,PH002815,REGISTERED,2021-11-22,,0.87
P001093,PH002816,REGISTERED,2025-06-18,,0.82
P001094,PH002817,REGISTERED,2024-02-01,,0.83
P001095,PH002818,REGISTERED,2020-12-20,,0.9
P001096,PH002819,REGISTERED,2024-03-31,,0.95
P001097,PH002820,REGISTERED,2024-02-29,,0.87
P001098,PH002821,REGISTERED,2018-06-14,,0.86
P001099,PH002822,REGISTERED,2022-01-10,,0.75
P001100,PH002823,REGISTERED,2025-08-17,,0.77
P001101,PH002824,REGISTERED,2021-05-13,,0.81
P001102,PH002825,REGISTERED,2024-10-03,,0.95
P001103,PH002826,REGISTERED,2021-07-09,,0.72
P001104,PH002827,REGISTERED,2023-03-30,,0.85
P001105,PH002828,REGISTERED,2018-01-18,,0.98
P001106,PH002829,REGISTERED,2023-12-11,,0.9
P001107,PH002830,REGISTERED,2021-05-25,,0.73
P001108,PH002831,REGISTERED,2019-09-20,,0.86
P001109,PH002832,REGISTERED,2026-03-26,,0.91
P001110,PH002833,REGISTERED,2026-06-26,,0.96
P001111,PH002834,REGISTERED,2024-06-06,,0.88
P001112,PH002835,REGISTERED,2022-12-06,,0.94
P001113,PH002836,REGISTERED,2024-12-24,,0.91
P001114,PH002837,REGISTERED,2018-09-29,,0.81
P001115,PH002838,REGISTERED,2023-03-26,,0.83
P001116,PH002839,REGISTERED,2021-08-20,,0.99
P001117,PH002840,REGISTERED,2019-05-17,,0.86
P001118,PH002841,REGISTERED,2026-04-22,,0.82
P001119,PH002842,REGISTERED,2023-11-16,,0.98
P001120,PH002843,REGISTERED,2025-04-06,,0.87
P001121,PH002844,REGISTERED,2025-04-03,,0.87
P001122,PH002845,REGISTERED,2025-01-06,,0.95
P001123,PH002846,REGISTERED,2021-02-15,,0.75
P001124,PH002847,REGISTERED,2024-09-01,,0.88
P001125,PH002848,REGISTERED,2020-09-19,,0.96
P001126,PH002849,REGISTERED,2020-07-19,,0.8
P001127,PH002850,REGISTERED,2022-06-19,,0.79
P001128,PH002851,REGISTERED,2018-03-23,,0.85
P001129,PH002852,REGISTERED,2024-04-14,,0.75
P001130,PH002853,REGISTERED,2020-10-12,,0.74
P001131,PH002854,REGISTERED,2021-05-20,,0.94
P001132,PH002855,REGISTERED,2019-02-18,,0.91
P001133,PH002856,REGISTERED,2024-11-15,,0.92
P001134,PH002857,REGISTERED,2024-09-16,,0.97
P001135,PH002858,REGISTERED,2019-02-14,,0.79
P001136,PH002859,REGISTERED,2021-11-09,,0.91
P001137,PH002860,REGISTERED,2020-09-26,,0.81
P001138,PH002861,REGISTERED,2022-04-25,,0.81
P001139,PH002862,REGISTERED,2023-04-14,,0.98
P001140,PH002863,REGISTERED,2022-09-07,,0.79
P001141,PH002864,REGISTERED,2024-02-09,,0.95
P001142,PH002865,REGISTERED,2024-03-22,,0.85
P001143,PH002866,REGISTERED,2022-07-23,,0.74
P001144,PH002867,REGISTERED,2019-03-13,,0.77
P001145,PH002868,REGISTERED,2023-07-13,,0.82
P001146,PH002869,REGISTERED,2018-12-02,,0.97
P001147,PH002870,REGISTERED,2024-08-07,,0.97
P001148,PH002871,REGISTERED,2022-06-24,,0.89
P001149,PH002872,REGISTERED,2019-06-07,,0.86
P001150,PH002873,REGISTERED,2019-09-25,,0.78
P001151,PH002874,REGISTERED,2020-11-28,,0.95
P001152,PH002875,REGISTERED,2025-06-15,,0.9
P001153,PH002876,REGISTERED,2022-11-29,,0.76
P001154,PH002877,REGISTERED,2023-06-12,,0.85
P001155,PH002878,REGISTERED,2019-06-20,,0.81
P001156,PH002879,REGISTERED,2022-06-09,,0.86
P001157,PH002880,REGISTERED,2024-05-22,,0.94
P001158,PH002881,REGISTERED,2021-08-26,,0.89
P001159,PH002882,REGISTERED,2021-05-20,,0.78
P001160,PH002883,REGISTERED,2022-10-16,,0.9
P001161,PH002884,REGISTERED,2022-03-15,,0.87
P001162,PH002885,REGISTERED,2020-07-17,,0.88
P001163,PH002886,REGISTERED,2026-05-03,,0.9
P001164,PH002887,REGISTERED,2021-06-03,,0.89
P001165,PH002888,REGISTERED,2024-08-09,,0.81
P001166,PH002889,REGISTERED,2021-02-10,,0.78
P001167,PH002890,REGISTERED,2025-10-18,,0.81
P001168,PH002891,REGISTERED,2022-12-13,,0.75
P001169,PH002892,REGISTERED,2023-08-12,,0.77
P001170,PH002893,REGISTERED,2018-04-30,,0.88
P001171,PH002894,REGISTERED,2023-11-12,,0.79
P001172,PH002895,REGISTERED,2020-04-16,,0.91
P001173,PH002896,REGISTERED,2019-04-25,,0.93
P001174,PH002897,REGISTERED,2026-06-22,,0.96
P001175,PH002898,REGISTERED,2024-04-07,,0.82
P001176,PH002899,REGISTERED,2024-08-05,,0.96
P001177,PH002900,REGISTERED,2019-05-24,,0.84
P001178,PH002901,REGISTERED,2022-10-25,,0.95
P001179,PH002902,REGISTERED,2020-01-02,,0.93
P001180,PH002903,REGISTERED,2021-12-30,,0.97
P001181,PH002904,REGISTERED,2025-10-22,,0.89
P001182,PH002905,REGISTERED,2023-12-14,,0.86
P001183,PH002906,REGISTERED,2020-01-30,,0.88
P001184,PH002907,REGISTERED,2019-04-12,,0.78
P001185,PH002908,REGISTERED,2022-08-11,,0.94
P001186,PH002909,REGISTERED,2022-01-22,,0.73
P001187,PH002910,REGISTERED,2019-08-25,,0.92
P001188,PH002911,REGISTERED,2024-07-01,,0.91
P001189,PH002912,REGISTERED,2019-09-28,,0.8
P001190,PH002913,REGISTERED,2018-04-06,,0.89
P001191,PH002914,REGISTERED,2018-02-07,,0.76
P001192,PH002915,REGISTERED,2019-11-03,,0.72
P001193,PH002916,REGISTERED,2021-12-29,,0.75
P001194,PH002917,REGISTERED,2019-07-21,,0.87
P001195,PH002918,REGISTERED,2024-07-04,,0.8
P001196,PH002919,REGISTERED,2020-12-21,,0.82
P001197,PH002920,REGISTERED,2018-04-01,,0.85
P001198,PH002921,REGISTERED,2018-05-23,,0.83
P001199,PH002922,REGISTERED,2019-12-23,,0.82
P001200,PH002923,REGISTERED,2019-10-31,,0.84
P001201,PH002924,REGISTERED,2019-01-18,,0.76
P001202,PH002925,REGISTERED,2021-04-19,,0.73
P001203,PH002926,REGISTERED,2022-09-23,,0.77
P001204,PH002927,REGISTERED,2023-12-13,,0.79
P001205,PH002928,REGISTERED,2019-09-07,,0.9
P001206,PH002929,REGISTERED,2021-06-15,,0.79
P001207,PH002930,REGISTERED,2023-11-21,,0.93
P001208,PH002931,REGISTERED,2018-11-09,,0.88
P001209,PH002932,REGISTERED,2019-12-09,,0.79
P001210,PH002933,REGISTERED,2022-07-23,,0.73
P001211,PH002934,REGISTERED,2019-05-05,,0.73
P001212,PH002935,REGISTERED,2022-04-21,,0.92
P001213,PH002936,REGISTERED,2023-10-24,,0.76
P001214,PH002937,REGISTERED,2020-05-28,,0.89
P001215,PH002938,REGISTERED,2022-03-02,,0.74
P001216,PH002939,REGISTERED,2019-11-17,,0.89
P001217,PH002940,REGISTERED,2019-09-08,,0.97
P001218,PH002941,REGISTERED,2023-12-02,,0.73
P001219,PH002942,REGISTERED,2023-03-11,,0.93
P001220,PH002943,REGISTERED,2025-07-02,,0.83
P001221,PH002944,REGISTERED,2026-01-13,,0.78
P001222,PH002945,REGISTERED,2018-09-28,,0.95
P001223,PH002946,REGISTERED,2022-07-09,,0.78
P001224,PH002947,REGISTERED,2024-07-25,,0.76
P001225,PH002948,REGISTERED,2022-12-17,,0.99
P001226,PH002949,REGISTERED,2025-08-10,,0.84
P001227,PH002950,REGISTERED,2019-01-16,,0.83
P001228,PH002951,REGISTERED,2025-10-30,,0.72
P001229,PH002952,REGISTERED,2023-12-10,,0.91
P001230,PH002953,REGISTERED,2022-06-06,,0.96
P001231,PH002954,REGISTERED,2020-02-05,,0.92
P001232,PH002955,REGISTERED,2022-11-18,,0.84
P001233,PH002956,REGISTERED,2019-06-16,,0.98
P001234,PH002957,REGISTERED,2025-12-08,,0.9
P001235,PH002958,REGISTERED,2022-07-15,,0.88
P001236,PH002959,REGISTERED,2019-11-20,,0.82
P001237,PH002960,REGISTERED,2026-01-10,,0.93
P001238,PH002961,REGISTERED,2025-07-13,,0.91
P001239,PH002962,REGISTERED,2018-09-17,,0.96
P001240,PH002963,REGISTERED,2018-04-26,,0.79
P001241,PH002964,REGISTERED,2024-12-21,,0.85
P001242,PH002965,REGISTERED,2018-07-28,,0.85
P001243,PH002966,REGISTERED,2023-06-06,,0.86
P001244,PH002967,REGISTERED,2024-07-04,,0.89
P001245,PH002968,REGISTERED,2021-09-13,,0.73
P001246,PH002969,REGISTERED,2021-10-12,,0.82
P001247,PH002970,REGISTERED,2022-01-04,,0.92
P001248,PH002971,REGISTERED,2024-03-12,,0.82
P001249,PH002972,REGISTERED,2021-10-18,,0.78
P001250,PH002973,REGISTERED,2024-08-10,,0.9
P001251,PH002974,REGISTERED,2022-07-08,,0.93
P001252,PH002975,REGISTERED,2026-03-13,,0.99
P001253,PH002976,REGISTERED,2024-01-24,,0.89
P001254,PH002977,REGISTERED,2025-08-27,,0.95
P001255,PH002978,REGISTERED,2019-04-10,,0.81
P001256,PH002979,REGISTERED,2026-06-02,,0.94
P001257,PH002980,REGISTERED,2021-04-08,,0.8
P001258,PH002981,REGISTERED,2026-04-04,,0.96
P001259,PH002982,REGISTERED,2020-10-03,,0.78
P001260,PH002983,REGISTERED,2024-09-08,,0.92
P001261,PH002984,REGISTERED,2018-12-28,,0.84
P001262,PH002985,REGISTERED,2021-12-07,,0.8
P001263,PH002986,REGISTERED,2023-10-15,,0.91
P001264,PH002987,REGISTERED,2025-10-01,,0.98
P001265,PH002988,REGISTERED,2019-01-17,,0.97
P001266,PH002989,REGISTERED,2025-12-29,,0.93
P001267,PH002990,REGISTERED,2023-10-31,,0.97
P001268,PH002991,REGISTERED,2023-10-14,,0.89
P001269,PH002992,REGISTERED,2019-10-02,,0.77
P001270,PH002993,REGISTERED,2024-02-01,,0.88
P001271,PH002994,REGISTERED,2022-04-12,,0.78
P001272,PH002995,REGISTERED,2019-04-21,,0.84
P001273,PH002996,REGISTERED,2026-03-18,,0.88
P001274,PH002997,REGISTERED,2019-02-07,,0.91
P001275,PH002998,REGISTERED,2024-11-26,,0.97
P001276,PH002999,REGISTERED,2021-10-22,,0.97
P001277,PH003000,REGISTERED,2023-09-04,,0.97
P001278,PH003001,REGISTERED,2024-01-21,,0.95
P001279,PH003002,REGISTERED,2024-11-27,,0.84
P001280,PH003003,REGISTERED,2020-06-15,,0.83
P001281,PH003004,REGISTERED,2020-11-06,,0.97
P001282,PH003005,REGISTERED,2020-12-22,,0.8
P001283,PH003006,REGISTERED,2025-07-23,,0.79
P001284,PH003007,REGISTERED,2023-06-19,,0.74
P001285,PH003008,REGISTERED,2021-06-19,,0.9
P001286,PH003009,REGISTERED,2022-07-31,,0.72
P001287,PH003010,REGISTERED,2021-06-04,,0.86
P001288,PH003011,REGISTERED,2021-08-06,,0.93
P001289,PH003012,REGISTERED,2025-08-22,,0.97
P001290,PH003013,REGISTERED,2021-02-22,,0.8
P001291,PH003014,REGISTERED,2018-08-07,,0.82
P001292,PH003015,REGISTERED,2020-08-19,,0.85
P001293,PH003016,REGISTERED,2023-07-01,,0.83
P001294,PH003017,REGISTERED,2018-12-30,,0.91
P001295,PH003018,REGISTERED,2025-02-11,,0.99
P001296,PH003019,REGISTERED,2020-09-23,,0.84
P001297,PH003020,REGISTERED,2021-09-17,,0.98
P001298,PH003021,REGISTERED,2025-09-10,,0.89
P001299,PH003022,REGISTERED,2019-06-19,,0.88
P001300,PH003023,REGISTERED,2018-09-09,,0.94
P001301,PH003024,REGISTERED,2024-08-06,,0.94
P001302,PH003025,REGISTERED,2021-03-21,,0.93
P001303,PH003026,REGISTERED,2022-01-16,,0.8
P001304,PH003027,REGISTERED,2023-05-26,,0.93
P001305,PH003028,REGISTERED,2021-11-12,,0.72
P001306,PH003029,REGISTERED,2020-05-09,,0.78
P001307,PH003030,REGISTERED,2020-11-14,,0.89
P001308,PH003031,REGISTERED,2025-07-18,,0.78
P001309,PH003032,REGISTERED,2023-07-16,,0.78
P001310,PH003033,REGISTERED,2021-08-04,,0.97
P001311,PH003034,REGISTERED,2026-02-01,,0.78
P001312,PH003035,REGISTERED,2026-06-24,,0.98
P001313,PH003036,REGISTERED,2023-10-10,,0.74
P001314,PH003037,REGISTERED,2024-02-18,,0.95
P001315,PH003038,REGISTERED,2018-04-16,,0.78
P001316,PH003039,REGISTERED,2026-01-15,,0.76
P001317,PH003040,REGISTERED,2023-04-09,,0.79
P001318,PH003041,REGISTERED,2021-06-18,,0.86
P001319,PH003042,REGISTERED,2020-06-18,,0.76
P001320,PH003043,REGISTERED,2021-07-23,,0.77
P001321,PH003044,REGISTERED,2026-01-03,,0.93
P001322,PH003045,REGISTERED,2023-05-09,,0.84
P001323,PH003046,REGISTERED,2026-04-28,,0.82
P001324,PH003047,REGISTERED,2024-09-04,,0.93
P001325,PH003048,REGISTERED,2024-05-31,,0.91
P001326,PH003049,REGISTERED,2024-05-03,,0.84
P001327,PH003050,REGISTERED,2021-01-07,,0.92
P001328,PH003051,REGISTERED,2022-04-05,,0.94
P001329,PH003052,REGISTERED,2022-10-15,,0.99
P001330,PH003053,REGISTERED,2019-01-09,,0.84
P001331,PH003054,REGISTERED,2024-01-06,,0.83
P001332,PH003055,REGISTERED,2024-06-26,,0.98
P001333,PH003056,REGISTERED,2020-02-07,,0.94
P001334,PH003057,REGISTERED,2025-03-08,,0.82
P001335,PH003058,REGISTERED,2026-03-11,,0.95
P001336,PH003059,REGISTERED,2021-02-10,,0.78
P001337,PH003060,REGISTERED,2022-07-16,,0.91
P001338,PH003061,REGISTERED,2020-06-26,,0.77
P001339,PH003062,REGISTERED,2019-08-03,,0.78
P001340,PH003063,REGISTERED,2023-10-22,,0.99
P001341,PH003064,REGISTERED,2023-09-09,,0.9
P001342,PH003065,REGISTERED,2022-05-26,,0.75
P001343,PH003066,REGISTERED,2018-01-29,,0.91
P001344,PH003067,REGISTERED,2018-06-21,,0.89
P001345,PH003068,REGISTERED,2018-05-17,,0.83
P001346,PH003069,REGISTERED,2023-12-29,,0.79
P001347,PH003070,REGISTERED,2018-10-17,,0.98
P001348,PH003071,REGISTERED,2024-11-08,,0.98
P001349,PH003072,REGISTERED,2021-05-21,,0.74
P001350,PH003073,REGISTERED,2018-07-12,,0.87
P001351,PH003074,REGISTERED,2019-09-19,,0.86
P001352,PH003075,REGISTERED,2018-10-31,,0.73
P001353,PH003076,REGISTERED,2023-06-02,,0.97
P001354,PH003077,REGISTERED,2023-09-05,,0.86
P001355,PH003078,REGISTERED,2018-03-06,,0.98
P001356,PH003079,REGISTERED,2020-12-08,,0.75
P001357,PH003080,REGISTERED,2021-03-30,,0.84
P001358,PH003081,REGISTERED,2022-05-25,,0.93
P001359,PH003082,REGISTERED,2019-04-14,,0.89
P001360,PH003083,REGISTERED,2023-06-18,,0.95
P001361,PH003084,REGISTERED,2019-09-10,,0.93
P001362,PH003085,REGISTERED,2020-10-15,,0.84
P001363,PH003086,REGISTERED,2021-01-30,,0.92
P001364,PH003087,REGISTERED,2023-06-14,,0.83
P001365,PH003088,REGISTERED,2021-01-16,,0.75
P001366,PH003089,REGISTERED,2019-01-03,,0.86
P001367,PH003090,REGISTERED,2025-12-13,,0.9
P001368,PH003091,REGISTERED,2025-06-09,,0.94
P001369,PH003092,REGISTERED,2020-02-26,,0.75
P001370,PH003093,REGISTERED,2023-12-05,,0.72
P001371,PH003094,REGISTERED,2022-12-04,,0.93
P001372,PH003095,REGISTERED,2020-01-06,,0.85
P001373,PH003096,REGISTERED,2020-08-06,,0.75
P001374,PH003097,REGISTERED,2024-02-15,,0.78
P001375,PH003098,REGISTERED,2019-10-13,,0.86
P001376,PH003099,REGISTERED,2020-08-07,,0.94
P001377,PH003100,REGISTERED,2022-04-02,,0.78
P001378,PH003101,REGISTERED,2018-02-14,,0.74
P001379,PH003102,REGISTERED,2026-01-24,,0.82
P001380,PH003103,REGISTERED,2021-07-08,,0.79
P001381,PH003104,REGISTERED,2023-02-03,,0.83
P001382,PH003105,REGISTERED,2025-12-10,,0.92
P001383,PH003106,REGISTERED,2019-12-26,,0.87
P001384,PH003107,REGISTERED,2018-04-22,,0.85
P001385,PH003108,REGISTERED,2024-06-16,,0.93
P001386,PH003109,REGISTERED,2019-02-01,,0.78
P001387,PH003110,REGISTERED,2021-11-23,,0.98
P001388,PH003111,REGISTERED,2018-11-09,,0.99
P001389,PH003112,REGISTERED,2025-12-23,,0.76
P001390,PH003113,REGISTERED,2025-05-30,,0.9
P001391,PH003114,REGISTERED,2021-07-08,,0.98
P001392,PH003115,REGISTERED,2021-08-19,,0.73
P001393,PH003116,REGISTERED,2024-12-25,,0.91
P001394,PH003117,REGISTERED,2026-05-13,,0.77
P001395,PH003118,REGISTERED,2020-08-06,,0.85
P001396,PH003119,REGISTERED,2024-12-08,,0.78
P001397,PH003120,REGISTERED,2019-05-10,,0.95
P001398,PH003121,REGISTERED,2025-04-10,,0.74
P001399,PH003122,REGISTERED,2018-02-25,,0.77
P001400,PH003123,REGISTERED,2026-05-01,,0.91
P001401,PH003124,REGISTERED,2023-04-15,,0.78
P001402,PH003125,REGISTERED,2019-12-24,,0.81
P001403,PH003126,REGISTERED,2025-12-22,,0.89
P001404,PH003127,REGISTERED,2026-03-28,,0.75
P001405,PH003128,REGISTERED,2023-05-20,,0.97
P001406,PH003129,REGISTERED,2018-10-21,,0.87
P001407,PH003130,REGISTERED,2018-06-30,,0.85
P001408,PH003131,REGISTERED,2022-08-21,,0.76
P001409,PH003132,REGISTERED,2019-02-19,,0.98
P001410,PH003133,REGISTERED,2021-09-03,,0.96
P001411,PH003134,REGISTERED,2025-06-15,,0.87
P001412,PH003135,REGISTERED,2018-03-02,,0.82
P001413,PH003136,REGISTERED,2021-03-03,,0.78
P001414,PH003137,REGISTERED,2021-10-07,,0.8
P001415,PH003138,REGISTERED,2025-11-02,,0.96
P001416,PH003139,REGISTERED,2021-10-04,,0.94
P001417,PH003140,REGISTERED,2018-04-17,,0.8
P001418,PH003141,REGISTERED,2018-10-19,,0.93
P001419,PH003142,REGISTERED,2024-10-01,,0.77
P001420,PH003143,REGISTERED,2025-09-15,,0.96
P001421,PH003144,REGISTERED,2024-05-02,,0.97
P001422,PH003145,REGISTERED,2019-12-13,,0.8
P001423,PH003146,REGISTERED,2020-12-21,,0.91
P001424,PH003147,REGISTERED,2024-10-01,,0.91
P001425,PH003148,REGISTERED,2021-05-04,,0.92
P001426,PH003149,REGISTERED,2025-06-27,,0.74
P001427,PH003150,REGISTERED,2021-06-04,,0.94
P001428,PH003151,REGISTERED,2022-09-20,,0.81
P001429,PH003152,REGISTERED,2022-12-23,,0.85
P001430,PH003153,REGISTERED,2021-03-15,,0.91
P001431,PH003154,REGISTERED,2020-06-04,,0.95
P001432,PH003155,REGISTERED,2024-03-20,,0.94
P001433,PH003156,REGISTERED,2019-08-05,,0.85
P001434,PH003157,REGISTERED,2025-06-05,,0.79
P001435,PH003158,REGISTERED,2019-01-03,,0.81
P001436,PH003159,REGISTERED,2025-10-18,,0.83
P001437,PH003160,REGISTERED,2019-03-18,,0.86
P001438,PH003161,REGISTERED,2022-07-06,,0.73
P001439,PH003162,REGISTERED,2018-08-10,,0.74
P001440,PH003163,REGISTERED,2025-12-16,,0.9
P001441,PH003164,REGISTERED,2026-05-14,,0.93
P001442,PH003165,REGISTERED,2019-09-06,,0.78
P001443,PH003166,REGISTERED,2018-07-08,,0.89
P001444,PH003167,REGISTERED,2020-04-08,,0.86
P001445,PH003168,REGISTERED,2020-07-26,,0.78
P001446,PH003169,REGISTERED,2023-01-16,,0.72
P001447,PH003170,REGISTERED,2019-04-17,,0.89
P001448,PH003171,REGISTERED,2021-04-05,,0.87
P001449,PH003172,REGISTERED,2024-01-31,,0.93
P001450,PH003173,REGISTERED,2024-09-30,,0.94
P001451,PH003174,REGISTERED,2020-02-13,,0.96
P001452,PH003175,REGISTERED,2019-02-13,,0.92
P001453,PH003176,REGISTERED,2025-11-05,,0.94
P001454,PH003177,REGISTERED,2023-08-07,,0.88
P001455,PH003178,REGISTERED,2022-08-31,,0.91
P001456,PH003179,REGISTERED,2019-06-01,,0.87
P001457,PH003180,REGISTERED,2018-01-23,,0.89
P001458,PH003181,REGISTERED,2019-02-01,,0.99
P001459,PH003182,REGISTERED,2020-03-04,,0.79
P001460,PH003183,REGISTERED,2019-08-21,,0.81
P001461,PH003184,REGISTERED,2021-04-06,,0.83
P001462,PH003185,REGISTERED,2022-12-06,,0.76
P001463,PH003186,REGISTERED,2026-03-04,,0.83
P001464,PH003187,REGISTERED,2025-06-30,,0.98
P001465,PH003188,REGISTERED,2019-05-29,,0.97
P001466,PH003189,REGISTERED,2025-03-27,,0.72
P001467,PH003190,REGISTERED,2023-09-20,,0.85
P001468,PH003191,REGISTERED,2019-09-12,,0.83
P001469,PH003192,REGISTERED,2020-02-25,,0.96
P001470,PH003193,REGISTERED,2021-06-11,,0.74
P001471,PH003194,REGISTERED,2020-02-01,,0.75
P001472,PH003195,REGISTERED,2024-08-11,,0.96
P001473,PH003196,REGISTERED,2024-03-14,,0.95
P001474,PH003197,REGISTERED,2021-10-15,,0.72
P001475,PH003198,REGISTERED,2018-03-19,,0.83
P001476,PH003199,REGISTERED,2026-05-14,,0.75
P001477,PH003200,REGISTERED,2022-09-09,,0.99
P001478,PH003201,REGISTERED,2022-02-10,,0.88
P001479,PH003202,REGISTERED,2020-12-25,,0.89
P001480,PH003203,REGISTERED,2024-02-27,,0.92
P001481,PH003204,REGISTERED,2018-06-07,,0.8
P001482,PH003205,REGISTERED,2021-06-22,,0.91
P001483,PH003206,REGISTERED,2018-12-06,,0.77
P001484,PH003207,REGISTERED,2022-09-26,,0.78
P001485,PH003208,REGISTERED,2025-08-24,,0.75
P001486,PH003209,REGISTERED,2023-08-25,,0.75
P001487,PH003210,REGISTERED,2024-08-27,,0.85
P001488,PH003211,REGISTERED,2022-02-14,,0.78
P001489,PH003212,REGISTERED,2019-07-21,,0.88
P001490,PH003213,REGISTERED,2025-05-21,,0.79
P001491,PH003214,REGISTERED,2018-06-04,,0.98
P001492,PH003215,REGISTERED,2018-10-04,,0.92
P001493,PH003216,REGISTERED,2025-09-22,,0.96
P001494,PH003217,REGISTERED,2022-12-12,,0.81
P001495,PH003218,REGISTERED,2021-02-11,,0.92
P001496,PH003219,REGISTERED,2025-04-26,,0.87
P001497,PH003220,REGISTERED,2020-11-30,,0.77
P001498,PH003221,REGISTERED,2019-02-18,,0.84
P001499,PH003222,REGISTERED,2024-09-25,,0.86
P001500,PH003223,REGISTERED,2018-09-20,,0.94
P001504,PH000826,USED_NOT_REGISTERED,2023-06-28,,0.82
P001505,PH000345,USED_NOT_REGISTERED,2023-09-14,,0.66
P001506,PH000076,USED_NOT_REGISTERED,2020-06-05,,0.88
P001507,PH002685,USED_NOT_REGISTERED,2024-12-17,,0.87
P001508,PH002677,USED_NOT_REGISTERED,2025-05-20,,0.71
P001510,PH001982,USED_NOT_REGISTERED,2022-04-01,,0.75
P001511,PH000010,USED_NOT_REGISTERED,2018-12-16,,0.85
P001517,PH002003,USED_NOT_REGISTERED,2026-02-02,,0.74
P001522,PH002115,USED_NOT_REGISTERED,2020-08-13,,0.71
P001523,PH000611,USED_NOT_REGISTERED,2025-03-07,,0.63
P001526,PH002014,USED_NOT_REGISTERED,2024-04-21,,0.7
P001529,PH000303,USED_NOT_REGISTERED,2023-05-05,,0.85
P001530,PH001518,USED_NOT_REGISTERED,2021-12-07,,0.65
P001531,PH002643,USED_NOT_REGISTERED,2022-09-13,,0.75
P001533,PH000889,USED_NOT_REGISTERED,2019-10-16,,0.78
P001539,PH001139,USED_NOT_REGISTERED,2021-02-15,,0.83
P001544,PH002257,USED_NOT_REGISTERED,2018-06-01,,0.78
P001546,PH001496,USED_NOT_REGISTERED,2021-12-30,,0.68
P001547,PH001011,USED_NOT_REGISTERED,2023-09-12,,0.75
P001550,PH002152,USED_NOT_REGISTERED,2026-01-08,,0.74
P001554,PH002584,USED_NOT_REGISTERED,2025-06-21,,0.65
P001557,PH001740,USED_NOT_REGISTERED,2022-10-10,,0.62
P001560,PH000774,USED_NOT_REGISTERED,2025-10-15,,0.81
P001561,PH001107,USED_NOT_REGISTERED,2019-11-19,,0.76
P001564,PH000187,USED_NOT_REGISTERED,2020-06-30,,0.89
P001566,PH000796,USED_NOT_REGISTERED,2023-04-04,,0.67
P001567,PH000750,USED_NOT_REGISTERED,2025-09-04,,0.64
P001570,PH000782,USED_NOT_REGISTERED,2019-08-20,,0.76
P001572,PH001824,USED_NOT_REGISTERED,2021-07-24,,0.89
P001574,PH000460,USED_NOT_REGISTERED,2021-04-14,,0.87
P001575,PH000955,USED_NOT_REGISTERED,2018-03-02,,0.65
P001577,PH001072,USED_NOT_REGISTERED,2025-07-01,,0.82
P001578,PH001638,USED_NOT_REGISTERED,2019-04-09,,0.87
P001579,PH000836,USED_NOT_REGISTERED,2021-12-06,,0.83
P001582,PH002614,USED_NOT_REGISTERED,2023-09-15,,0.85
P001583,PH001569,USED_NOT_REGISTERED,2018-06-05,,0.77
P001585,PH002389,USED_NOT_REGISTERED,2020-03-28,,0.88
P001591,PH001792,USED_NOT_REGISTERED,2020-02-26,,0.79
P001593,PH000397,USED_NOT_REGISTERED,2023-11-23,,0.63
P001594,PH001711,USED_NOT_REGISTERED,2022-09-01,,0.76
P001595,PH000599,USED_NOT_REGISTERED,2025-01-04,,0.62
P001596,PH000079,USED_NOT_REGISTERED,2021-10-18,,0.87
P001599,PH001590,USED_NOT_REGISTERED,2023-09-11,,0.72
P001600,PH001844,USED_NOT_REGISTERED,2023-04-29,,0.78
P001604,PH002135,USED_NOT_REGISTERED,2024-11-11,,0.8
P001610,PH002358,USED_NOT_REGISTERED,2021-03-06,,0.72
