phone_id,device_id,imei,msisdn,first_seen,last_seen
PH000001,DEV000001,010894374812684,8073213678,2020-09-09,2026-06-30
PH000002,DEV000002,010438964164509,9599058081,2021-08-18,2026-06-30
PH000003,DEV000003,866018777953344,7707248764,2019-06-18,2026-06-30
PH000004,DEV000003,866018777953344,7693408354,2018-02-24,2026-06-30
PH000005,DEV000004,356710800458720,9477727745,2019-06-09,2026-06-30
PH000006,DEV000004,356710800458720,7796878842,2018-05-23,2019-03-05
PH000007,DEV000004,356710800458720,7585320254,2020-09-28,2026-06-30
PH000008,DEV000005,355195663006360,8948305171,2025-11-22,2026-06-30
PH000009,DEV000005,355195663006360,7642658750,2025-07-29,2026-03-28
PH000010,DEV000005,355195663006360,8907466697,2018-12-16,2026-06-30
PH000011,DEV000006,015892235528585,9704811353,2022-12-30,2026-06-30
PH000012,DEV000007,497496337922625,8933528789,2024-02-19,2026-06-30
PH000013,DEV000007,497496337922625,7855072831,2023-08-06,2026-06-30
PH000014,DEV000008,493763097739838,9873450521,2021-04-03,2026-06-30
PH000015,DEV000008,493763097739838,7245977366,2022-10-16,2026-06-30
PH000016,DEV000008,493763097739838,9088587489,2022-11-21,2026-06-30
PH000017,DEV000008,493763097739838,7877743721,2020-01-12,2026-06-30
PH000018,DEV000008,493763097739838,8179832290,2023-10-28,2026-06-30
PH000019,DEV000009,497755957354106,7172962901,2021-02-10,2026-06-30
PH000020,DEV000009,497755957354106,9356711775,2018-03-06,2018-04-30
PH000021,DEV000009,497755957354106,9505365972,2020-04-01,2026-06-30
PH000022,DEV000010,496881303846910,9289881085,2018-06-10,2026-06-30
PH000023,DEV000010,496881303846910,7250749316,2021-03-26,2026-06-30
PH000024,DEV000010,496881303846910,8084089227,2025-05-04,2025-10-25
PH000025,DEV000011,866684905366782,8431253612,2022-04-27,2026-06-30
PH000026,DEV000011,866684905366782,9089717331,2022-01-30,2022-11-29
PH000027,DEV000011,866684905366782,8182969454,2019-03-06,2019-08-13
PH000028,DEV000012,861779053403881,9324276074,2020-02-27,2020-08-26
PH000029,DEV000012,861779053403881,9321384155,2020-03-19,2026-06-30
PH000030,DEV000012,861779053403881,9207271263,2021-01-26,2021-05-09
PH000031,DEV000013,354390390920056,7480193889,2019-10-08,2026-06-30
PH000032,DEV000013,354390390920056,7066086236,2018-12-21,2026-06-30
PH000033,DEV000014,012615878989168,8079888921,2021-03-15,2026-06-30
PH000034,DEV000015,351142412484543,7349384754,2025-08-13,2025-09-16
PH000035,DEV000015,351142412484543,8269837555,2026-06-14,2026-06-30
PH000036,DEV000014,012615878989168,7372113598,2018-08-11,2026-06-30
PH000037,DEV000014,012615878989168,9133520622,2022-07-20,2026-06-30
PH000038,DEV000016,498907869576011,7950857034,2022-07-06,2026-06-30
PH000039,DEV000016,498907869576011,7718172035,2023-01-26,2026-06-30
PH000040,DEV000016,498907869576011,9778241164,2022-06-22,2026-06-30
PH000041,DEV000016,498907869576011,9842116846,2018-09-13,2026-06-30
PH000042,DEV000017,499572381612925,7835973697,2023-08-04,2026-06-30
PH000043,DEV000017,499572381612925,7385968974,2024-04-27,2025-05-29
PH000044,DEV000017,499572381612925,7163992416,2022-05-19,2026-06-30
PH000045,DEV000017,499572381612925,9531121795,2026-04-02,2026-12-30
PH000046,DEV000018,492455407700535,7650246948,2018-05-01,2026-06-30
PH000047,DEV000020,351996844565788,9118082938,2024-03-10,2026-06-30
PH000048,DEV000019,351207209578908,7353307066,2023-03-18,2023-08-30
PH000049,DEV000020,351996844565788,8531340377,2018-04-15,2026-06-30
PH000050,DEV000021,010815959043153,8067409201,2022-02-24,2026-06-30
PH000051,DEV000021,010815959043153,8509144654,2026-04-10,2027-03-13
PH000052,DEV000023,355544940998574,9463103231,2023-05-25,2026-06-30
PH000053,DEV000023,355544940998574,8692441832,2022-04-05,2023-03-15
PH000054,DEV000023,355544940998574,7900946584,2021-05-11,2026-06-30
PH000055,DEV000024,350237432692495,9276633542,2021-10-10,2026-06-30
PH000056,DEV000025,355991129464032,8858870894,2019-08-09,2026-06-30
PH000057,DEV000025,355991129464032,9094350079,2020-12-18,2026-06-30
PH000058,DEV000026,495781496355017,7220339059,2024-08-14,2026-06-30
PH000059,DEV000026,495781496355017,9828846377,2025-07-31,2026-06-30
PH000060,DEV000026,495781496355017,7567992448,2022-01-05,2022-05-01
PH000061,DEV000027,017082678650449,9631370017,2022-02-21,2026-06-30
PH000062,DEV000028,354267088050156,8433970101,2025-11-08,2026-06-30
PH000063,DEV000028,354267088050156,8866025143,2020-05-04,2021-05-08
PH000064,DEV000029,493703559591515,7816981420,2018-06-26,2026-06-30
PH000065,DEV000029,493703559591515,7797661054,2019-09-24,2026-06-30
PH000066,DEV000029,493703559591515,9978428455,2026-04-30,2026-12-30
PH000067,DEV000029,493703559591515,7830921527,2020-08-10,2026-06-30
PH000068,DEV000031,018193669436434,9702536873,2026-05-15,2026-06-30
PH000069,DEV000031,018193669436434,9638718341,2022-12-04,2026-06-30
PH000070,DEV000031,018193669436434,8797064937,2021-07-06,2022-07-18
PH000071,DEV000031,018193669436434,8113005019,2018-04-07,2018-09-03
PH000072,DEV000032,357031080834804,7189514631,2024-03-10,2026-06-30
PH000073,DEV000033,018789048334657,8631960250,2020-05-10,2021-02-14
PH000074,DEV000032,357031080834804,8457896636,2019-09-18,2026-06-30
PH000075,DEV000032,357031080834804,7977075186,2024-07-06,2026-06-30
PH000076,DEV000034,868688339238988,8606664059,2020-06-05,2026-06-30
PH000077,DEV000035,351713402500641,8310356574,2024-04-25,2026-06-30
PH000078,DEV000035,351713402500641,7101266460,2018-01-17,2026-06-30
PH000079,DEV000036,355792826290169,8350534774,2021-10-18,2026-06-30
PH000080,DEV000036,355792826290169,8820415528,2024-09-21,2025-03-17
PH000081,DEV000036,355792826290169,7957867404,2019-08-19,2026-06-30
PH000082,DEV000036,355792826290169,9810099784,2022-08-07,2026-06-30
PH000083,DEV000037,358788477988827,8033317931,2019-02-09,2026-06-30
PH000084,DEV000037,358788477988827,8664995870,2018-03-25,2018-12-20
PH000085,DEV000037,358788477988827,7587927462,2022-04-19,2026-06-30
PH000086,DEV000037,358788477988827,8457931444,2023-07-09,2026-06-30
PH000087,DEV000038,354958325199014,7700971547,2023-08-20,2026-06-30
PH000088,DEV000038,354958325199014,7582464913,2026-03-17,2026-12-31
PH000089,DEV000038,354958325199014,9313690047,2025-05-01,2026-02-02
PH000090,DEV000038,354958325199014,8811926890,2019-09-30,2026-06-30
PH000091,DEV000039,868289812239655,8759426823,2025-10-27,2026-06-30
PH000092,DEV000040,494451256222081,8941513985,2021-07-07,2022-02-14
PH000093,DEV000039,868289812239655,9221395796,2026-01-17,2026-06-09
PH000094,DEV000039,868289812239655,9840782862,2023-10-25,2026-06-30
PH000095,DEV000041,861326776383193,9160699399,2023-01-08,2026-06-30
PH000096,DEV000042,011332096730920,8875684218,2018-07-11,2026-06-30
PH000097,DEV000042,011332096730920,7960302312,2022-05-02,2026-06-30
PH000098,DEV000043,358245081464701,7790363857,2022-08-27,2026-06-30
PH000099,DEV000043,358245081464701,9246831465,2025-08-24,2025-10-25
PH000100,DEV000043,358245081464701,7620165198,2024-09-14,2026-06-30
PH000101,DEV000043,358245081464701,9677504616,2024-06-27,2026-06-30
PH000102,DEV000044,867039190566510,8053134176,2019-12-12,2026-06-30
PH000103,DEV000044,867039190566510,7882817393,2023-01-14,2023-11-06
PH000104,DEV000045,496832987681605,9656250845,2022-08-02,2023-05-28
PH000105,DEV000044,867039190566510,7343825520,2021-11-11,2026-06-30
PH000106,DEV000046,358349116476494,8443738013,2022-10-19,2026-06-30
PH000107,DEV000046,358349116476494,7073478735,2019-03-22,2019-07-02
PH000108,DEV000047,863207248611561,7427818155,2026-03-02,2026-06-30
PH000109,DEV000047,863207248611561,9978760287,2025-04-23,2025-06-14
PH000110,DEV000049,356006616153179,7241280447,2022-04-29,2026-06-30
PH000111,DEV000049,356006616153179,8317327760,2023-01-12,2026-06-30
PH000112,DEV000049,356006616153179,9866337561,2020-10-25,2026-06-30
PH000113,DEV000050,019094904447421,8614336975,2025-11-16,2026-06-30
PH000114,DEV000050,019094904447421,7999696608,2023-11-20,2026-06-30
PH000115,DEV000050,019094904447421,9837902293,2019-07-20,2020-05-18
PH000116,DEV000050,019094904447421,9787230636,2021-11-04,2026-06-30
PH000117,DEV000051,011217620801280,7872874075,2018-09-07,2026-06-30
PH000118,DEV000052,491629506410315,9605365045,2025-07-24,2026-06-30
PH000119,DEV000053,350923195078730,9623465546,2025-02-28,2026-06-30
PH000120,DEV000053,350923195078730,9891435354,2024-10-01,2025-07-04
PH000121,DEV000054,010731971890117,9032926205,2025-02-09,2026-06-30
PH000122,DEV000055,869169426166645,7793994310,2025-10-03,2026-06-30
PH000123,DEV000054,010731971890117,8483018986,2023-09-19,2026-06-30
PH000124,DEV000057,860657721127164,7408313001,2021-10-31,2026-06-30
PH000125,DEV000057,860657721127164,9243086042,2022-04-19,2026-06-30
PH000126,DEV000057,860657721127164,7777889214,2018-07-17,2019-06-26
PH000127,DEV000056,863080480886114,9065857579,2026-03-29,2026-12-07
PH000128,DEV000057,860657721127164,7986523080,2026-04-29,2026-06-30
PH000129,DEV000058,011676218743091,9967371107,2018-12-16,2026-06-30
PH000130,DEV000058,011676218743091,7674252577,2024-10-21,2025-04-25
PH000131,DEV000059,869064199658408,7987092951,2023-12-04,2026-06-30
PH000132,DEV000059,869064199658408,7558128766,2020-04-22,2026-06-30
PH000133,DEV000059,869064199658408,8551713528,2021-09-18,2021-11-06
PH000134,DEV000059,869064199658408,9131276078,2023-02-26,2023-12-17
PH000135,DEV000060,495292555680848,9923865626,2019-06-15,2026-06-30
PH000136,DEV000061,351236242494709,9937828687,2018-01-01,2026-06-30
PH000137,DEV000061,351236242494709,8466215415,2020-04-19,2026-06-30
PH000138,DEV000060,495292555680848,8335834926,2019-09-26,2026-06-30
PH000139,DEV000062,863241997711800,8309577248,2025-10-15,2026-06-30
PH000140,DEV000062,863241997711800,9500634741,2024-12-06,2026-06-30
PH000141,DEV000062,863241997711800,9428765755,2020-05-29,2026-06-30
PH000142,DEV000063,861740281060762,9798592714,2024-02-13,2026-06-30
PH000143,DEV000063,861740281060762,7287764580,2023-09-03,2024-09-29
PH000144,DEV000063,861740281060762,7902845958,2022-02-26,2026-06-30
PH000145,DEV000064,012028612232862,8164162987,2020-05-02,2026-06-30
PH000146,DEV000064,012028612232862,9348526023,2022-04-11,2023-05-04
PH000147,DEV000064,012028612232862,8552340870,2025-05-11,2026-06-30
PH000148,DEV000064,012028612232862,7986980055,2020-12-03,2021-07-30
PH000149,DEV000066,352667680940591,7543023200,2026-04-12,2026-06-30
PH000150,DEV000065,352270252541109,9235329561,2023-06-24,2026-06-30
PH000151,DEV000066,352667680940591,7661408307,2024-09-07,2025-03-26
PH000152,DEV000067,012408860969250,7065432614,2020-03-24,2026-06-30
PH000153,DEV000067,012408860969250,7095312252,2022-08-12,2026-06-30
PH000154,DEV000067,012408860969250,9107810101,2020-08-11,2026-06-30
PH000155,DEV000069,496191814983674,8094925434,2021-06-06,2026-06-30
PH000156,DEV000069,496191814983674,9810512927,2021-02-14,2026-06-30
PH000157,DEV000069,496191814983674,7808935133,2018-02-17,2018-05-11
PH000158,DEV000069,496191814983674,8012660869,2019-09-11,2026-06-30
PH000159,DEV000070,351032082341602,8455004375,2019-05-03,2026-06-30
PH000160,DEV000072,498601508334516,7290764449,2019-04-12,2026-06-30
PH000161,DEV000072,498601508334516,7054026028,2019-06-26,2026-06-30
PH000162,DEV000072,498601508334516,9739745391,2020-10-21,2026-06-30
PH000163,DEV000071,862831530707910,9708575379,2025-03-23,2026-06-30
PH000164,DEV000073,868544240294803,8614742507,2020-03-27,2026-06-30
PH000165,DEV000073,868544240294803,7657603673,2021-09-25,2022-03-23
PH000166,DEV000075,862014354563677,7572477115,2020-03-27,2026-06-30
PH000167,DEV000074,359959770317052,8673140319,2022-03-29,2023-04-27
PH000168,DEV000075,862014354563677,8492247686,2026-04-05,2026-09-26
PH000169,DEV000075,862014354563677,8980093413,2020-02-27,2026-06-30
PH000170,DEV000076,499196909136418,8881063267,2026-01-25,2026-06-30
PH000171,DEV000076,499196909136418,7874350697,2018-11-09,2026-06-30
PH000172,DEV000076,499196909136418,9690150595,2020-02-26,2026-06-30
PH000173,DEV000077,494878134095141,8801680115,2022-06-18,2026-06-30
PH000174,DEV000077,494878134095141,8301535305,2019-06-01,2026-06-30
PH000175,DEV000078,866121669481008,7148541234,2023-07-18,2026-06-30
PH000176,DEV000079,351726513420451,9665567323,2022-09-16,2026-06-30
PH000177,DEV000080,869037155860266,7703024130,2019-07-16,2026-06-30
PH000178,DEV000080,869037155860266,9105592277,2023-08-19,2026-06-30
PH000179,DEV000080,869037155860266,8864113507,2023-01-17,2024-01-10
PH000180,DEV000080,869037155860266,8005220112,2024-11-27,2026-06-30
PH000181,DEV000081,499077045530015,7878750805,2023-01-01,2026-06-30
PH000182,DEV000081,499077045530015,7843793666,2024-10-03,2026-06-30
PH000183,DEV000083,864220704310773,9029856724,2024-08-04,2026-06-30
PH000184,DEV000082,011967929605864,9443742822,2025-04-16,2026-06-30
PH000185,DEV000083,864220704310773,8309673725,2025-09-13,2026-05-22
PH000186,DEV000084,862292538418755,9360176787,2021-04-15,2026-06-30
PH000187,DEV000084,862292538418755,7437750448,2020-06-30,2026-06-30
PH000188,DEV000085,492245883660790,9355427933,2022-09-09,2026-06-30
PH000189,DEV000084,862292538418755,8965441904,2018-10-26,2026-06-30
PH000190,DEV000086,356647118132079,9692668668,2025-02-16,2026-06-30
PH000191,DEV000086,356647118132079,9104709280,2022-02-02,2022-09-14
PH000192,DEV000086,356647118132079,9795427629,2022-07-28,2023-01-01
PH000193,DEV000086,356647118132079,9161809809,2019-03-06,2026-06-30
PH000194,DEV000087,860682994580282,7669851676,2018-08-11,2026-06-30
PH000195,DEV000087,860682994580282,8895143704,2020-03-19,2026-06-30
PH000196,DEV000087,860682994580282,7397381903,2020-02-01,2021-01-11
PH000197,DEV000088,359563603855284,8931453651,2022-02-21,2026-06-30
PH000198,DEV000088,359563603855284,7770736712,2021-07-29,2026-06-30
PH000199,DEV000089,496242857404058,8185991977,2021-06-18,2026-06-30
PH000200,DEV000089,496242857404058,7271653595,2022-09-21,2022-11-24
PH000201,DEV000090,350359341773349,8230779975,2020-10-27,2026-06-30
PH000202,DEV000090,350359341773349,8104117082,2021-02-22,2026-06-30
PH000203,DEV000090,350359341773349,9314747299,2018-07-03,2026-06-30
PH000204,DEV000092,014448479207400,8783697025,2019-09-24,2026-06-30
PH000205,DEV000093,359921274621337,7517759902,2020-02-13,2026-06-30
PH000206,DEV000094,019522875120900,7519295909,2022-06-18,2026-06-30
PH000207,DEV000094,019522875120900,9948586476,2019-12-20,2026-06-30
PH000208,DEV000094,019522875120900,8345115905,2023-03-16,2026-06-30
PH000209,DEV000095,499922691569491,8963360989,2018-11-22,2026-06-30
PH000210,DEV000096,867743403057921,7535120945,2019-05-25,2026-06-30
PH000211,DEV000096,867743403057921,8559849138,2022-09-30,2026-06-30
PH000212,DEV000096,867743403057921,7614324170,2025-07-01,2026-06-30
PH000213,DEV000096,867743403057921,7232208220,2018-06-17,2026-06-30
PH000214,DEV000097,359304317842138,9052979685,2019-10-27,2026-06-30
PH000215,DEV000097,359304317842138,8466453629,2019-06-28,2026-06-30
PH000216,DEV000098,358272449520762,7677727154,2023-11-29,2026-06-30
PH000217,DEV000098,358272449520762,9920741975,2020-01-10,2026-06-30
PH000218,DEV000098,358272449520762,7675582632,2019-02-02,2019-11-15
PH000219,DEV000100,861154240150438,8116650180,2023-07-13,2026-06-30
PH000220,DEV000099,353489731160152,7036685743,2021-10-22,2021-11-23
PH000221,DEV000099,353489731160152,7663725112,2018-11-15,2026-06-30
PH000222,DEV000100,861154240150438,9152292546,2023-02-05,2023-05-20
PH000223,DEV000101,867316927592740,7764548759,2021-12-13,2026-06-30
PH000224,DEV000101,867316927592740,8585078672,2023-05-10,2024-03-19
PH000225,DEV000102,357740097018327,9824671999,2024-10-03,2026-06-30
PH000226,DEV000103,016577137153424,8037007001,2018-01-14,2026-06-30
PH000227,DEV000104,866923395300250,9527665484,2020-05-30,2026-06-30
PH000228,DEV000104,866923395300250,9494538823,2019-02-15,2019-08-16
PH000229,DEV000105,016377312524588,8920398013,2025-07-10,2026-06-30
PH000230,DEV000105,016377312524588,7362315394,2018-11-20,2026-06-30
PH000231,DEV000104,866923395300250,9421510981,2022-02-20,2026-06-30
PH000232,DEV000105,016377312524588,8708263267,2023-01-03,2026-06-30
PH000233,DEV000106,493057578660700,8736249215,2025-06-25,2026-06-30
PH000234,DEV000106,493057578660700,8189105482,2021-08-18,2026-06-30
PH000235,DEV000106,493057578660700,8778427751,2024-02-29,2026-06-30
PH000236,DEV000107,019313527625599,8126106896,2018-03-20,2026-06-30
PH000237,DEV000108,352566516391726,7983596000,2026-06-10,2027-03-18
PH000238,DEV000107,019313527625599,9538198792,2023-09-04,2026-06-30
PH000239,DEV000109,497134125383410,7335033460,2026-04-12,2026-06-30
PH000240,DEV000111,494237331342417,9420670393,2022-04-16,2026-06-30
PH000241,DEV000111,494237331342417,7500340935,2026-05-28,2026-06-30
PH000242,DEV000110,861200859040022,9947887978,2022-11-20,2023-08-18
PH000243,DEV000110,861200859040022,9090692395,2021-04-18,2026-06-30
PH000244,DEV000113,013509455731494,9942921017,2023-04-06,2026-06-30
PH000245,DEV000113,013509455731494,9149619651,2018-11-25,2019-01-09
PH000246,DEV000113,013509455731494,8177171219,2020-05-27,2026-06-30
PH000247,DEV000113,013509455731494,7544527843,2024-06-23,2026-06-30
PH000248,DEV000114,864299508672268,9580710024,2020-04-05,2026-06-30
PH000249,DEV000115,015859392244551,9486739718,2026-04-24,2026-06-30
PH000250,DEV000115,015859392244551,7542610332,2025-10-06,2026-05-26
PH000251,DEV000115,015859392244551,8172476398,2019-08-02,2019-12-16
PH000252,DEV000115,015859392244551,8998669245,2018-02-03,2026-06-30
PH000253,DEV000115,015859392244551,9649961077,2021-03-21,2026-06-30
PH000254,DEV000116,865066566050596,8469933038,2025-05-10,2026-06-30
PH000255,DEV000116,865066566050596,9012874081,2022-11-02,2026-06-30
PH000256,DEV000116,865066566050596,9499628930,2023-10-29,2026-06-30
PH000257,DEV000118,863151313561177,9679391947,2024-01-12,2026-06-30
PH000258,DEV000118,863151313561177,7027647142,2018-03-16,2026-06-30
PH000259,DEV000118,863151313561177,9730983145,2025-02-03,2026-06-30
PH000260,DEV000117,351861462883633,7158000589,2024-03-12,2026-06-30
PH000261,DEV000119,359070464450302,7791761968,2019-12-01,2026-06-30
PH000262,DEV000119,359070464450302,8447407397,2021-05-31,2026-06-30
PH000263,DEV000119,359070464450302,7825118095,2019-05-26,2019-11-05
PH000264,DEV000119,359070464450302,7164914453,2018-12-23,2026-06-30
PH000265,DEV000119,359070464450302,7737684091,2025-09-06,2026-05-21
PH000266,DEV000120,868252543093538,8563272237,2018-08-05,2026-06-30
PH000267,DEV000120,868252543093538,7565493053,2021-12-31,2026-06-30
PH000268,DEV000121,356999938191946,8389924715,2022-09-17,2026-06-30
PH000269,DEV000121,356999938191946,7321698323,2019-07-27,2020-02-13
PH000270,DEV000121,356999938191946,7145196787,2019-03-12,2026-06-30
PH000271,DEV000122,861900241551759,8146903369,2019-12-18,2020-06-22
PH000272,DEV000123,354342314945216,9699666868,2019-06-19,2026-06-30
PH000273,DEV000124,862569647413318,8981804099,2025-03-17,2026-06-30
PH000274,DEV000124,862569647413318,9229636412,2020-09-18,2021-02-19
PH000275,DEV000124,862569647413318,9042539685,2018-04-18,2019-04-30
PH000276,DEV000125,860133327988215,7615430990,2022-08-16,2026-06-30
PH000277,DEV000125,860133327988215,7651452282,2021-06-07,2026-06-30
PH000278,DEV000126,494103762265943,8949185147,2018-10-16,2026-06-30
PH000279,DEV000126,494103762265943,9261410966,2020-01-24,2020-07-17
PH000280,DEV000126,494103762265943,9834711202,2024-05-17,2025-05-27
PH000281,DEV000126,494103762265943,7433989511,2020-04-18,2026-06-30
PH000282,DEV000126,494103762265943,9084229665,2020-10-04,2026-06-30
PH000283,DEV000128,865963490019762,8085118581,2024-10-09,2026-06-30
PH000284,DEV000128,865963490019762,7181235631,2023-09-21,2024-02-21
PH000285,DEV000129,496863721858938,9113030766,2024-12-08,2026-06-30
PH000286,DEV000130,011245277050871,9757126565,2023-05-26,2026-06-30
PH000287,DEV000130,011245277050871,7170180589,2018-12-07,2026-06-30
PH000288,DEV000130,011245277050871,9733598480,2021-12-02,2026-06-30
PH000289,DEV000131,490720324893239,8101391938,2023-10-17,2026-06-30
PH000290,DEV000132,354668532414845,9828140462,2021-06-22,2026-06-30
PH000291,DEV000132,354668532414845,8044684321,2023-08-17,2024-02-04
PH000292,DEV000132,354668532414845,9084676170,2026-02-01,2026-06-30
PH000293,DEV000133,351552264124654,9558578564,2025-02-08,2026-06-30
PH000294,DEV000133,351552264124654,8116522873,2024-12-01,2026-06-30
PH000295,DEV000133,351552264124654,7976397103,2025-06-17,2026-06-30
PH000296,DEV000133,351552264124654,7920505784,2022-04-14,2026-06-30
PH000297,DEV000135,352202151285133,7184755577,2024-09-26,2026-06-30
PH000298,DEV000135,352202151285133,8849835980,2020-09-14,2026-06-30
PH000299,DEV000135,352202151285133,7670244698,2019-08-04,2026-06-30
PH000300,DEV000136,864454759711314,7087775190,2020-07-30,2026-06-30
PH000301,DEV000136,864454759711314,7710323385,2020-11-16,2021-10-22
PH000302,DEV000137,496171014782473,9545963946,2021-05-07,2026-06-30
PH000303,DEV000137,496171014782473,9275027192,2023-05-05,2023-08-23
PH000304,DEV000138,862334501541771,7168885760,2022-05-26,2026-06-30
PH000305,DEV000139,358696095661181,8191186247,2018-05-27,2026-06-30
PH000306,DEV000140,495864358309757,9831555800,2025-07-28,2026-06-30
PH000307,DEV000139,358696095661181,9184446850,2020-02-28,2026-06-30
PH000308,DEV000141,017091487192902,8068634549,2019-05-07,2026-06-30
PH000309,DEV000142,495619789681269,9287563449,2020-03-22,2021-03-31
PH000310,DEV000142,495619789681269,7640793281,2022-12-18,2026-06-30
PH000311,DEV000141,017091487192902,8074179184,2023-07-06,2023-12-27
PH000312,DEV000143,862156670191870,8448659775,2025-10-21,2026-06-30
PH000313,DEV000143,862156670191870,9473393474,2019-06-30,2026-06-30
PH000314,DEV000143,862156670191870,9832133058,2026-05-04,2027-01-09
PH000315,DEV000143,862156670191870,7179919062,2023-11-11,2024-11-10
PH000316,DEV000144,350623818392454,7718960503,2019-09-06,2026-06-30
PH000317,DEV000144,350623818392454,7223355916,2022-01-31,2026-06-30
PH000318,DEV000144,350623818392454,7007443525,2023-09-16,2026-06-30
PH000319,DEV000145,862444834519959,7217292335,2023-07-06,2026-06-30
PH000320,DEV000147,494941171590360,7481570662,2021-07-27,2026-06-30
PH000321,DEV000146,352085151228661,7984926152,2024-02-23,2026-06-30
PH000322,DEV000146,352085151228661,7509252109,2023-08-20,2023-12-06
PH000323,DEV000146,352085151228661,7200227982,2018-02-16,2026-06-30
PH000324,DEV000148,357915436980348,8648343297,2024-10-02,2026-06-30
PH000325,DEV000148,357915436980348,9070071910,2024-07-09,2026-06-30
PH000326,DEV000148,357915436980348,9066314387,2021-08-05,2026-06-30
PH000327,DEV000150,866888107863206,9426640307,2022-06-17,2026-06-30
PH000328,DEV000151,354090544496251,7432558811,2023-03-17,2026-06-30
PH000329,DEV000152,013184833649217,8466675244,2024-07-12,2026-06-30
PH000330,DEV000152,013184833649217,9577836350,2019-06-21,2026-06-30
PH000331,DEV000153,868914631245342,9093032216,2022-03-30,2026-06-30
PH000332,DEV000153,868914631245342,7451218833,2025-07-20,2026-06-30
PH000333,DEV000155,357627243814456,9118222344,2025-08-13,2026-06-30
PH000334,DEV000155,357627243814456,8429914260,2025-11-05,2026-05-27
PH000335,DEV000154,355068151146272,9325913720,2021-08-14,2026-06-30
PH000336,DEV000156,498382826674007,8233845545,2018-10-13,2026-06-30
PH000337,DEV000158,355699229137906,9162595901,2025-09-30,2026-06-30
PH000338,DEV000158,355699229137906,8406756440,2026-03-05,2026-07-11
PH000339,DEV000158,355699229137906,9585550269,2019-10-29,2026-06-30
PH000340,DEV000160,017026915466698,8994791415,2020-07-30,2026-06-30
PH000341,DEV000159,358070927857434,8278563716,2021-02-20,2026-06-30
PH000342,DEV000159,358070927857434,8547825634,2019-04-27,2026-06-30
PH000343,DEV000161,354899482233228,9987086334,2025-11-10,2026-06-30
PH000344,DEV000161,354899482233228,9798028440,2021-08-12,2026-06-30
PH000345,DEV000162,497585987715737,9486321337,2023-09-14,2026-06-30
PH000346,DEV000163,862292780992837,9394056947,2020-01-26,2026-06-30
PH000347,DEV000165,019308787909129,8378630381,2020-01-02,2026-06-30
PH000348,DEV000164,499942061376986,7891185101,2020-11-16,2026-06-30
PH000349,DEV000165,019308787909129,7022727521,2019-07-10,2019-11-16
PH000350,DEV000164,499942061376986,8477198460,2022-12-04,2023-02-24
PH000351,DEV000165,019308787909129,9246292917,2023-06-29,2026-06-30
PH000352,DEV000166,493722917648034,7562251933,2023-05-13,2026-06-30
PH000353,DEV000166,493722917648034,9820043209,2019-02-11,2026-06-30
PH000354,DEV000166,493722917648034,7617294099,2023-10-03,2026-06-30
PH000355,DEV000166,493722917648034,9718451920,2024-09-05,2025-07-31
PH000356,DEV000167,494606649323757,9158484149,2022-04-16,2026-06-30
PH000357,DEV000167,494606649323757,8663693805,2023-06-21,2026-06-30
PH000358,DEV000167,494606649323757,9145631479,2018-09-26,2026-06-30
PH000359,DEV000167,494606649323757,9178816680,2021-08-03,2022-06-21
PH000360,DEV000168,357327860284969,7454859282,2024-07-09,2026-06-30
PH000361,DEV000168,357327860284969,9826661780,2024-01-09,2024-05-08
PH000362,DEV000168,357327860284969,7112291535,2021-04-23,2026-06-30
PH000363,DEV000168,357327860284969,9607017744,2024-10-18,2024-12-28
PH000364,DEV000169,864837323014641,9295253595,2020-12-11,2026-06-30
PH000365,DEV000170,863175533734771,9818520397,2026-04-18,2026-06-30
PH000366,DEV000171,355827654699152,7809600876,2024-08-03,2026-06-30
PH000367,DEV000171,355827654699152,8344292775,2023-11-11,2024-11-14
PH000368,DEV000172,861947190232714,9142983687,2021-01-04,2026-06-30
PH000369,DEV000173,014451906774212,9503489905,2019-05-09,2026-06-30
PH000370,DEV000173,014451906774212,9019878350,2022-05-02,2026-06-30
PH000371,DEV000173,014451906774212,9613505407,2023-08-09,2026-06-30
PH000372,DEV000174,497490753513839,9184257542,2019-02-26,2026-06-30
PH000373,DEV000174,497490753513839,9832253502,2025-04-19,2026-06-30
PH000374,DEV000174,497490753513839,9875222120,2023-05-08,2024-01-30
PH000375,DEV000174,497490753513839,7102156383,2020-05-10,2026-06-30
PH000376,DEV000175,357015398740545,7423094760,2021-10-02,2026-06-30
PH000377,DEV000175,357015398740545,9596938925,2021-05-07,2022-01-25
PH000378,DEV000176,351864841212343,8214227404,2023-05-25,2026-06-30
PH000379,DEV000177,355742368378033,8423526436,2025-12-01,2026-06-30
PH000380,DEV000178,351811069942921,7320465456,2021-03-12,2026-06-30
PH000381,DEV000179,359589320108985,9704210379,2019-07-30,2026-06-30
PH000382,DEV000179,359589320108985,9337759012,2023-01-07,2026-06-30
PH000383,DEV000179,359589320108985,8750749113,2026-01-01,2026-06-30
PH000384,DEV000180,350141008259233,9844108834,2018-05-22,2026-06-30
PH000385,DEV000180,350141008259233,7123928310,2024-02-27,2026-06-30
PH000386,DEV000181,350377002335827,9588004960,2021-08-03,2026-06-30
PH000387,DEV000182,499693920551570,9557088328,2025-07-04,2026-06-30
PH000388,DEV000182,499693920551570,9645574643,2026-06-09,2026-09-09
PH000389,DEV000182,499693920551570,7458099491,2022-10-27,2026-06-30
PH000390,DEV000182,499693920551570,9485022080,2021-12-16,2026-06-30
PH000391,DEV000182,499693920551570,8018359146,2026-05-02,2026-06-30
PH000392,DEV000183,350514388273748,9898826874,2024-03-24,2026-06-30
PH000393,DEV000184,491813240621465,7211407559,2019-03-12,2020-01-31
PH000394,DEV000183,350514388273748,9850823828,2025-02-10,2026-06-30
PH000395,DEV000185,494793539562156,9463481415,2021-08-10,2026-06-30
PH000396,DEV000185,494793539562156,9041908274,2019-07-14,2019-09-20
PH000397,DEV000186,359178735639211,9626701361,2023-11-23,2026-06-30
PH000398,DEV000187,860790779886189,8887735105,2022-04-19,2026-06-30
PH000399,DEV000187,860790779886189,9792936166,2023-02-14,2026-06-30
PH000400,DEV000188,350179776600227,7480222446,2024-03-12,2026-06-30
PH000401,DEV000188,350179776600227,8783392384,2023-08-02,2026-06-30
PH000402,DEV000189,350865862334879,7435522094,2020-06-08,2026-06-30
PH000403,DEV000189,350865862334879,7313965452,2018-04-18,2026-06-30
PH000404,DEV000190,868069552110951,8275732514,2022-11-29,2026-06-30
PH000405,DEV000190,868069552110951,9261740353,2019-09-23,2026-06-30
PH000406,DEV000190,868069552110951,7015089229,2020-07-19,2021-08-01
PH000407,DEV000192,864361455012905,7811292881,2026-06-18,2026-06-30
PH000408,DEV000192,864361455012905,7888598069,2021-12-26,2022-06-24
PH000409,DEV000192,864361455012905,9569095940,2022-06-09,2026-06-30
PH000410,DEV000192,864361455012905,8833367705,2023-08-23,2023-11-29
PH000411,DEV000193,016430072476607,9898363320,2022-04-20,2026-06-30
PH000412,DEV000193,016430072476607,9987027392,2018-05-17,2018-07-28
PH000413,DEV000193,016430072476607,8347732372,2020-03-23,2026-06-30
PH000414,DEV000194,867895623543511,9593777242,2023-05-11,2026-06-30
PH000415,DEV000194,867895623543511,8898779994,2022-10-14,2023-10-29
PH000416,DEV000194,867895623543511,8086848106,2023-04-19,2026-06-30
PH000417,DEV000196,359465217456588,9705004510,2019-07-20,2026-06-30
PH000418,DEV000196,359465217456588,9083225702,2025-03-05,2025-12-14
PH000419,DEV000196,359465217456588,9117815483,2021-12-04,2026-06-30
PH000420,DEV000197,866969672783324,9168414579,2025-09-21,2026-06-30
PH000421,DEV000197,866969672783324,7432763916,2021-11-09,2021-12-04
PH000422,DEV000198,496581366222086,8612006789,2020-03-03,2026-06-30
PH000423,DEV000198,496581366222086,9494541646,2024-02-03,2026-06-30
PH000424,DEV000198,496581366222086,8668592222,2020-12-02,2021-11-16
PH000425,DEV000199,015914321172452,7878348814,2020-08-25,2026-06-30
PH000426,DEV000199,015914321172452,8266196213,2019-04-08,2026-06-30
PH000427,DEV000199,015914321172452,8772670511,2023-08-20,2026-06-30
PH000428,DEV000199,015914321172452,7293042018,2020-02-04,2026-06-30
PH000429,DEV000200,868541317448512,8513538473,2023-10-04,2026-06-30
PH000430,DEV000200,868541317448512,9692904699,2018-04-16,2019-01-01
PH000431,DEV000200,868541317448512,8502241026,2023-04-30,2026-06-30
PH000432,DEV000200,868541317448512,9615311892,2019-05-16,2019-10-08
PH000433,DEV000201,353064739087531,9085510889,2022-03-08,2026-06-30
PH000434,DEV000201,353064739087531,7960872547,2026-05-26,2026-06-30
PH000435,DEV000201,353064739087531,7301621989,2023-11-17,2026-06-30
PH000436,DEV000202,498854346458294,7716954323,2019-04-10,2026-06-30
PH000437,DEV000202,498854346458294,9404397188,2023-07-28,2026-06-30
PH000438,DEV000202,498854346458294,8245440668,2020-04-12,2021-02-27
PH000439,DEV000204,865815141859407,9401129520,2024-08-25,2026-06-30
PH000440,DEV000205,012585355995156,8854495697,2024-03-11,2026-06-30
PH000441,DEV000206,493904554362333,7443088486,2020-09-09,2026-06-30
PH000442,DEV000207,861081103877385,8801550880,2021-09-21,2026-06-30
PH000443,DEV000207,861081103877385,7147680985,2021-11-09,2026-06-30
PH000444,DEV000208,353230201926867,8268843316,2025-10-11,2026-06-30
PH000445,DEV000209,866382794145505,7381761426,2021-12-20,2026-06-30
PH000446,DEV000209,866382794145505,9849135974,2025-01-31,2026-06-30
PH000447,DEV000209,866382794145505,8356337343,2022-12-15,2026-06-30
PH000448,DEV000210,015173301654876,7829852704,2023-10-07,2026-06-30
PH000449,DEV000210,015173301654876,7015221815,2021-10-17,2021-12-13
PH000450,DEV000212,015122402387896,9117286421,2021-12-17,2026-06-30
PH000451,DEV000212,015122402387896,7396516441,2021-03-09,2026-06-30
PH000452,DEV000211,866839699571394,9299097989,2023-03-25,2026-06-30
PH000453,DEV000212,015122402387896,7265670986,2024-07-22,2025-04-11
PH000454,DEV000213,867980047202888,9226292259,2024-06-08,2026-06-30
PH000455,DEV000214,494265884066129,7115242443,2024-04-18,2026-06-30
PH000456,DEV000215,492731889706044,9218116076,2019-10-05,2026-06-30
PH000457,DEV000216,354610049835902,8916734214,2023-05-02,2026-06-30
PH000458,DEV000216,354610049835902,7683942713,2018-02-10,2026-06-30
PH000459,DEV000216,354610049835902,9840048952,2019-02-03,2026-06-30
PH000460,DEV000217,353280325383618,7159183765,2021-04-14,2026-06-30
PH000461,DEV000218,014235068843934,7265148111,2024-07-01,2026-06-30
PH000462,DEV000218,014235068843934,8159967313,2024-02-11,2024-06-09
PH000463,DEV000218,014235068843934,7794406014,2020-01-01,2026-06-30
PH000464,DEV000218,014235068843934,8548133533,2022-10-10,2026-06-30
PH000465,DEV000218,014235068843934,7883868612,2024-01-02,2026-06-30
PH000466,DEV000218,014235068843934,9536667313,2023-12-07,2026-06-30
PH000467,DEV000219,350455912899517,7978745456,2024-09-21,2026-06-30
PH000468,DEV000221,357450097064400,9436518370,2022-12-22,2026-06-30
PH000469,DEV000220,350588287035172,9935813979,2019-07-17,2026-06-30
PH000470,DEV000221,357450097064400,9198855229,2020-08-12,2021-06-13
PH000471,DEV000221,357450097064400,9929129896,2026-03-04,2026-06-30
PH000472,DEV000222,351832840144070,9755240278,2019-02-02,2026-06-30
PH000473,DEV000223,862855693149352,7624615522,2020-07-11,2026-06-30
PH000474,DEV000223,862855693149352,9235273839,2022-04-25,2026-06-30
PH000475,DEV000223,862855693149352,8957996591,2018-07-31,2018-09-25
PH000476,DEV000223,862855693149352,9323077146,2020-10-22,2026-06-30
PH000477,DEV000223,862855693149352,8713780110,2024-02-18,2026-06-30
PH000478,DEV000224,355955870425373,9303777311,2024-08-17,2026-06-30
PH000479,DEV000225,011631664170001,8260702873,2022-03-09,2026-06-30
PH000480,DEV000225,011631664170001,7573428904,2022-05-01,2026-06-30
PH000481,DEV000226,353058187624041,9906605808,2019-04-24,2026-06-30
PH000482,DEV000226,353058187624041,8553087722,2019-07-31,2026-06-30
PH000483,DEV000227,868979573775649,8932986536,2022-03-20,2026-06-30
PH000484,DEV000229,351402235960653,7803764941,2019-06-02,2026-06-30
PH000485,DEV000228,491446658490899,7428514136,2025-12-03,2026-06-30
PH000486,DEV000229,351402235960653,9037236790,2025-01-18,2026-01-11
PH000487,DEV000229,351402235960653,8893330913,2018-07-20,2026-06-30
PH000488,DEV000230,358149774181826,9348848618,2022-11-17,2026-06-30
PH000489,DEV000230,358149774181826,7189730365,2025-08-14,2026-06-30
PH000490,DEV000231,011220721598055,8782763439,2023-11-24,2026-06-30
PH000491,DEV000232,490321337800682,7972747931,2020-08-03,2020-10-13
PH000492,DEV000232,490321337800682,7799770414,2019-10-17,2026-06-30
PH000493,DEV000232,490321337800682,7487755484,2018-05-14,2026-06-30
PH000494,DEV000231,011220721598055,8367939927,2018-01-19,2019-02-04
PH000495,DEV000233,497916712794403,7500822449,2025-01-13,2026-06-30
PH000496,DEV000233,497916712794403,8241511822,2020-11-09,2026-06-30
PH000497,DEV000233,497916712794403,8828581427,2019-05-11,2026-06-30
PH000498,DEV000233,497916712794403,7205978428,2024-07-06,2026-06-30
PH000499,DEV000235,355044492095458,7904026166,2024-02-03,2026-06-30
PH000500,DEV000235,355044492095458,7959827814,2018-03-15,2026-06-30
PH000501,DEV000236,351564075569411,9749442283,2023-01-29,2026-06-30
PH000502,DEV000237,496085764603634,8962577416,2026-02-04,2026-06-30
PH000503,DEV000237,496085764603634,7169679693,2023-09-15,2023-11-12
PH000504,DEV000238,017818338070336,7273665667,2024-12-21,2026-06-30
PH000505,DEV000239,498245663630512,9108519838,2020-10-14,2026-06-30
PH000506,DEV000239,498245663630512,9697586380,2018-06-25,2026-06-30
PH000507,DEV000241,014283588742104,7638568369,2019-01-01,2026-06-30
PH000508,DEV000241,014283588742104,7833571205,2026-02-25,2026-07-12
PH000509,DEV000241,014283588742104,7856453107,2023-01-14,2026-06-30
PH000510,DEV000240,494643850882571,7857161563,2025-03-24,2025-08-01
PH000511,DEV000242,496673603211244,9660807539,2019-05-07,2026-06-30
PH000512,DEV000243,356120528700193,8751996832,2025-09-24,2026-06-30
PH000513,DEV000243,356120528700193,8604732722,2019-11-05,2026-06-30
PH000514,DEV000243,356120528700193,8231593809,2025-07-06,2025-09-20
PH000515,DEV000244,864214876302982,7444376292,2019-09-13,2026-06-30
PH000516,DEV000244,864214876302982,9955753882,2018-10-02,2026-06-30
PH000517,DEV000245,498789675360042,8685359135,2024-08-05,2026-06-30
PH000518,DEV000247,013115451643398,8432695372,2020-08-01,2026-06-30
PH000519,DEV000246,359537281774084,7500912585,2020-09-18,2026-06-30
PH000520,DEV000246,359537281774084,9140137489,2023-04-18,2026-06-30
PH000521,DEV000248,016881756109588,9688682875,2020-10-29,2026-06-30
PH000522,DEV000248,016881756109588,8258413009,2022-07-25,2026-06-30
PH000523,DEV000248,016881756109588,7294102829,2020-09-11,2026-06-30
PH000524,DEV000248,016881756109588,9581772925,2019-10-23,2020-09-30
PH000525,DEV000249,491358996160013,7979905233,2022-09-05,2026-06-30
PH000526,DEV000249,491358996160013,9158588118,2021-01-11,2026-06-30
PH000527,DEV000250,357125507584930,8489293090,2025-05-20,2026-06-30
PH000528,DEV000250,357125507584930,7050689025,2021-01-18,2021-08-23
PH000529,DEV000251,494083444340282,9417723797,2019-05-10,2026-06-30
PH000530,DEV000251,494083444340282,7048550231,2022-10-18,2026-06-30
PH000531,DEV000252,355718265227105,8363579038,2023-06-24,2026-06-30
PH000532,DEV000253,012955471200733,7929103749,2024-01-28,2026-06-30
PH000533,DEV000253,012955471200733,9841557213,2022-12-31,2026-06-30
PH000534,DEV000253,012955471200733,8511350336,2023-06-13,2023-07-06
PH000535,DEV000254,495240017550493,8576753299,2024-12-09,2026-06-30
PH000536,DEV000254,495240017550493,9248246411,2019-04-25,2026-06-30
PH000537,DEV000255,014429737268320,9553387928,2018-04-08,2026-06-30
PH000538,DEV000255,014429737268320,8543262843,2018-07-05,2026-06-30
PH000539,DEV000256,867557378513937,7972833343,2023-05-26,2024-01-12
PH000540,DEV000256,867557378513937,8430981819,2025-07-13,2026-06-30
PH000541,DEV000257,352121015106091,8967570571,2022-04-11,2026-06-30
PH000542,DEV000257,352121015106091,7335841034,2022-03-04,2026-06-30
PH000543,DEV000257,352121015106091,8306868663,2019-12-18,2026-06-30
PH000544,DEV000257,352121015106091,8829959110,2023-01-30,2023-04-05
PH000545,DEV000257,352121015106091,9786320130,2022-05-11,2026-06-30
PH000546,DEV000258,016680268748511,7710094531,2022-10-14,2026-06-30
PH000547,DEV000258,016680268748511,7076233275,2025-10-14,2026-06-30
PH000548,DEV000258,016680268748511,9663073722,2023-04-28,2026-06-30
PH000549,DEV000259,491247685976645,7029578822,2020-05-17,2020-07-23
PH000550,DEV000260,014991615902872,8948254576,2025-10-31,2026-06-30
PH000551,DEV000260,014991615902872,7237242046,2019-10-15,2026-06-30
PH000552,DEV000260,014991615902872,9303043307,2018-07-14,2026-06-30
PH000553,DEV000260,014991615902872,9962718106,2024-05-23,2024-06-12
PH000554,DEV000261,352060539543281,9945089066,2021-06-01,2026-06-30
PH000555,DEV000261,352060539543281,9528043326,2020-03-20,2020-09-16
PH000556,DEV000261,352060539543281,9007949179,2024-11-12,2025-04-30
PH000557,DEV000261,352060539543281,9871470675,2020-12-23,2026-06-30
PH000558,DEV000261,352060539543281,9070486016,2022-09-23,2026-06-30
PH000559,DEV000261,352060539543281,9528026142,2018-09-30,2026-06-30
PH000560,DEV000262,492725906359311,7248764273,2021-04-13,2026-06-30
PH000561,DEV000262,492725906359311,7111628016,2019-08-29,2026-06-30
PH000562,DEV000262,492725906359311,9950565534,2018-03-17,2026-06-30
PH000563,DEV000262,492725906359311,9831611869,2024-05-08,2026-06-30
PH000564,DEV000262,492725906359311,7429468976,2025-08-01,2026-06-30
PH000565,DEV000263,356684927254523,7611035807,2023-11-12,2026-06-30
PH000566,DEV000263,356684927254523,8035468196,2022-03-23,2026-06-30
PH000567,DEV000263,356684927254523,7077833682,2025-10-17,2026-06-30
PH000568,DEV000265,497115275073616,7490094017,2019-04-21,2026-06-30
PH000569,DEV000265,497115275073616,9670249116,2024-08-15,2026-06-30
PH000570,DEV000265,497115275073616,7378219279,2025-10-17,2026-06-30
PH000571,DEV000266,352061268737013,8619799111,2022-05-06,2026-06-30
PH000572,DEV000266,352061268737013,8616266714,2022-11-03,2026-06-30
PH000573,DEV000267,015075764496395,7325983399,2023-07-11,2026-06-30
PH000574,DEV000267,015075764496395,8210912827,2019-07-02,2026-06-30
PH000575,DEV000267,015075764496395,8367730142,2022-09-23,2026-06-30
PH000576,DEV000267,015075764496395,8584860564,2022-06-30,2026-06-30
PH000577,DEV000268,358764688090494,7951916002,2020-03-11,2026-06-30
PH000578,DEV000268,358764688090494,7378148089,2026-01-18,2026-06-30
PH000579,DEV000268,358764688090494,8174122876,2024-01-14,2026-06-30
PH000580,DEV000269,353009224117714,7672811223,2021-02-06,2026-06-30
PH000581,DEV000269,353009224117714,8897526570,2024-02-09,2026-06-30
PH000582,DEV000269,353009224117714,9139561361,2022-08-11,2026-06-30
PH000583,DEV000269,353009224117714,7177571555,2023-10-01,2026-06-30
PH000584,DEV000269,353009224117714,9109519809,2022-03-13,2026-06-30
PH000585,DEV000269,353009224117714,9503302467,2018-04-14,2026-06-30
PH000586,DEV000270,496040098936871,9292693609,2019-06-26,2026-06-30
PH000587,DEV000270,496040098936871,8663594123,2024-05-17,2026-06-30
PH000588,DEV000270,496040098936871,7321914423,2022-01-30,2022-05-26
PH000589,DEV000271,865197310298334,7154312226,2020-11-26,2026-06-30
PH000590,DEV000271,865197310298334,9049952325,2021-06-01,2026-06-30
PH000591,DEV000272,350074988871057,9946260553,2019-05-15,2026-06-30
PH000592,DEV000274,499644817552531,9015393622,2022-08-09,2026-06-30
PH000593,DEV000273,359418836808980,8785073257,2024-04-25,2025-02-01
PH000594,DEV000273,359418836808980,9825070120,2024-11-16,2025-07-20
PH000595,DEV000273,359418836808980,8678734053,2018-09-17,2026-06-30
PH000596,DEV000275,016233383167291,9573760278,2024-02-07,2026-06-30
PH000597,DEV000276,352331603089929,9141951307,2026-04-16,2026-06-30
PH000598,DEV000277,015161946537090,8130804027,2019-11-28,2026-06-30
PH000599,DEV000279,493431908573463,9436770989,2025-01-04,2026-06-30
PH000600,DEV000279,493431908573463,7448993087,2019-10-06,2020-04-17
PH000601,DEV000278,493903169728189,8310296746,2025-10-31,2026-06-30
PH000602,DEV000278,493903169728189,7755749085,2025-10-19,2026-06-30
PH000603,DEV000280,353840588704910,7922709557,2026-01-10,2026-06-30
PH000604,DEV000280,353840588704910,9682018776,2021-07-07,2026-06-30
PH000605,DEV000280,353840588704910,9027244709,2022-04-29,2022-12-09
PH000606,DEV000280,353840588704910,9075768112,2022-02-02,2026-06-30
PH000607,DEV000282,357057973108023,8533580582,2022-12-31,2026-06-30
PH000608,DEV000282,357057973108023,8374642273,2018-10-01,2026-06-30
PH000609,DEV000283,017997984315228,7290322211,2023-06-15,2026-06-30
PH000610,DEV000283,017997984315228,8524168584,2025-10-01,2026-06-30
PH000611,DEV000283,017997984315228,9181079934,2025-03-07,2026-06-30
PH000612,DEV000284,860039081970473,9430200686,2018-06-15,2026-06-30
PH000613,DEV000284,860039081970473,7985013672,2020-12-07,2026-06-30
PH000614,DEV000284,860039081970473,9893269446,2021-08-16,2026-06-30
PH000615,DEV000286,011169277038932,7293041808,2020-03-18,2026-06-30
PH000616,DEV000286,011169277038932,7356343976,2020-06-22,2026-06-30
PH000617,DEV000285,015275370041022,8075538350,2024-10-21,2026-06-30
PH000618,DEV000287,357422434909347,8416889729,2022-11-04,2026-06-30
PH000619,DEV000287,357422434909347,9838171747,2020-11-28,2020-12-24
PH000620,DEV000288,498626314135030,7041054589,2021-05-11,2026-06-30
PH000621,DEV000288,498626314135030,7645710717,2026-04-18,2026-06-30
PH000622,DEV000288,498626314135030,9976579667,2018-07-08,2026-06-30
PH000623,DEV000289,351638610108308,8277368523,2018-10-31,2026-06-30
PH000624,DEV000290,351792611980953,9556088638,2024-03-29,2026-06-30
PH000625,DEV000290,351792611980953,8823218395,2026-02-08,2026-06-30
PH000626,DEV000290,351792611980953,8763189278,2021-11-21,2026-06-30
PH000627,DEV000290,351792611980953,8966521634,2018-05-14,2019-05-16
PH000628,DEV000291,866123933818947,9936540197,2022-11-02,2026-06-30
PH000629,DEV000291,866123933818947,8993892733,2021-04-24,2026-06-30
PH000630,DEV000292,864205668073525,8023858972,2025-09-20,2026-06-30
PH000631,DEV000292,864205668073525,9939015339,2020-09-09,2021-02-20
PH000632,DEV000293,019571170494414,7136100460,2020-09-21,2026-06-30
PH000633,DEV000294,358313218167047,9875205935,2021-01-16,2021-09-01
PH000634,DEV000293,019571170494414,9874651984,2024-07-08,2026-06-30
PH000635,DEV000295,862812773177420,8651640640,2018-09-11,2026-06-30
PH000636,DEV000296,498872427581405,7216649724,2024-01-02,2026-06-30
PH000637,DEV000295,862812773177420,8893345823,2020-04-24,2026-06-30
PH000638,DEV000295,862812773177420,7492476807,2024-11-16,2026-06-30
PH000639,DEV000296,498872427581405,9606294944,2022-09-26,2023-05-21
PH000640,DEV000296,498872427581405,8239960144,2024-08-22,2024-12-28
PH000641,DEV000298,357729622923465,9848875340,2018-07-14,2026-06-30
PH000642,DEV000297,355360656815408,8510822819,2018-09-25,2026-06-30
PH000643,DEV000297,355360656815408,8745490867,2020-08-06,2026-06-30
PH000644,DEV000298,357729622923465,7735663882,2025-06-22,2026-06-30
PH000645,DEV000298,357729622923465,7436810463,2018-09-05,2019-08-11
PH000646,DEV000297,355360656815408,8373194194,2024-01-07,2026-06-30
PH000647,DEV000299,357522178066776,9367400184,2025-05-23,2026-06-30
PH000648,DEV000301,864675957963376,9568426336,2020-04-10,2026-06-30
PH000649,DEV000300,018482775947921,9541476238,2024-03-11,2026-06-30
PH000650,DEV000301,864675957963376,9199129363,2022-09-17,2026-06-30
PH000651,DEV000300,018482775947921,8766751965,2024-05-02,2026-06-30
PH000652,DEV000302,863492321243021,9517037613,2021-07-07,2026-06-30
PH000653,DEV000302,863492321243021,8424475398,2019-10-27,2026-06-30
PH000654,DEV000302,863492321243021,9396865066,2022-02-12,2026-06-30
PH000655,DEV000303,353613227690471,9100660567,2021-08-19,2022-06-08
PH000656,DEV000304,353292844221380,8367845334,2026-03-02,2026-06-30
PH000657,DEV000305,494881391420371,7929560302,2018-09-09,2026-06-30
PH000658,DEV000306,498135636224461,7339887842,2018-10-14,2026-06-30
PH000659,DEV000306,498135636224461,9885638028,2025-01-15,2026-06-30
PH000660,DEV000307,495948637878559,8117274847,2020-07-27,2026-06-30
PH000661,DEV000307,495948637878559,8506740912,2018-08-18,2019-01-28
PH000662,DEV000308,351700524596090,7387063378,2026-01-11,2026-06-30
PH000663,DEV000308,351700524596090,7176202820,2025-05-17,2025-11-05
PH000664,DEV000308,351700524596090,7821582545,2018-10-26,2026-06-30
PH000665,DEV000309,493543133112700,7194315211,2019-10-03,2026-06-30
PH000666,DEV000310,863806177998908,8910303379,2021-02-17,2026-06-30
PH000667,DEV000311,357200663295680,8950761404,2019-03-17,2026-06-30
PH000668,DEV000311,357200663295680,7349892168,2024-09-24,2024-12-03
PH000669,DEV000311,357200663295680,8960338223,2025-02-11,2026-06-30
PH000670,DEV000312,013959569172073,8875003814,2022-11-03,2026-06-30
PH000671,DEV000312,013959569172073,7985842556,2023-12-23,2026-06-30
PH000672,DEV000312,013959569172073,8953524693,2019-04-27,2026-06-30
PH000673,DEV000314,352118620502556,8127737481,2020-06-20,2026-06-30
PH000674,DEV000313,012813497857521,7002558782,2021-03-31,2026-06-30
PH000675,DEV000314,352118620502556,9140164785,2018-06-22,2019-06-23
PH000676,DEV000313,012813497857521,9646548193,2025-10-19,2026-06-30
PH000677,DEV000314,352118620502556,8850470062,2023-09-21,2026-06-30
PH000678,DEV000314,352118620502556,9536044707,2024-09-24,2026-06-30
PH000679,DEV000315,011490333139361,7034562155,2023-07-06,2026-06-30
PH000680,DEV000315,011490333139361,8804549065,2021-06-01,2026-06-30
PH000681,DEV000315,011490333139361,9700749890,2025-05-26,2026-01-23
PH000682,DEV000315,011490333139361,9524445076,2020-03-11,2026-06-30
PH000683,DEV000316,495743759824811,9267623865,2022-01-19,2026-06-30
PH000684,DEV000318,498451265276676,8184457352,2024-11-27,2026-06-30
PH000685,DEV000317,358844424504988,7145645431,2019-08-10,2026-06-30
PH000686,DEV000318,498451265276676,7737009511,2019-06-23,2026-06-30
PH000687,DEV000317,358844424504988,9474223185,2018-12-12,2026-06-30
PH000688,DEV000319,499815556139601,8281868506,2018-12-29,2026-06-30
PH000689,DEV000319,499815556139601,8726342423,2023-08-30,2026-06-30
PH000690,DEV000320,017608307354608,7865899333,2019-07-16,2026-06-30
PH000691,DEV000320,017608307354608,8597280927,2026-03-31,2026-06-29
PH000692,DEV000320,017608307354608,7445216420,2023-11-21,2026-06-30
PH000693,DEV000322,492395327918233,9492559334,2021-01-09,2026-06-30
PH000694,DEV000321,351958736063404,8253175959,2022-12-21,2026-06-30
PH000695,DEV000322,492395327918233,7775269685,2025-02-21,2026-06-30
PH000696,DEV000322,492395327918233,8261639848,2020-08-21,2026-06-30
PH000697,DEV000323,860624418501662,7923352156,2024-03-26,2026-06-30
PH000698,DEV000323,860624418501662,7135979780,2021-12-05,2022-08-16
PH000699,DEV000323,860624418501662,9572020352,2026-05-27,2026-06-30
PH000700,DEV000324,493222232601751,9034315329,2023-11-29,2026-06-30
PH000701,DEV000325,353209912423481,9272624719,2020-09-19,2026-06-30
PH000702,DEV000325,353209912423481,7980025406,2018-02-11,2026-06-30
PH000703,DEV000325,353209912423481,8064414930,2019-06-24,2020-07-19
PH000704,DEV000325,353209912423481,7609066958,2022-05-01,2022-12-19
PH000705,DEV000326,019953972056000,8530239484,2022-12-01,2026-06-30
PH000706,DEV000326,019953972056000,7627403169,2018-06-12,2026-06-30
PH000707,DEV000328,357050982216253,8370710601,2020-10-07,2026-06-30
PH000708,DEV000327,865943012269418,9256026741,2020-11-28,2026-06-30
PH000709,DEV000328,357050982216253,8860996079,2024-01-11,2026-06-30
PH000710,DEV000328,357050982216253,8885153209,2022-02-26,2026-06-30
PH000711,DEV000327,865943012269418,7357799324,2022-09-04,2023-04-16
PH000712,DEV000327,865943012269418,8930054764,2020-01-27,2021-02-14
PH000713,DEV000329,355545651541426,9832528744,2018-11-24,2026-06-30
PH000714,DEV000330,354138225814014,9965806438,2019-05-20,2026-06-30
PH000715,DEV000330,354138225814014,8290463507,2018-02-04,2026-06-30
PH000716,DEV000331,497854079453939,8345808106,2025-07-01,2026-06-30
PH000717,DEV000331,497854079453939,7458459722,2024-03-09,2025-01-03
PH000718,DEV000332,492850696720647,8876377555,2026-04-24,2026-07-15
PH000719,DEV000333,011458850182994,9960557047,2018-02-20,2026-06-30
PH000720,DEV000333,011458850182994,7496539990,2022-01-05,2026-06-30
PH000721,DEV000334,866390019907391,8215160080,2023-11-23,2026-06-30
PH000722,DEV000333,011458850182994,7034530073,2023-01-03,2026-06-30
PH000723,DEV000334,866390019907391,7118087537,2021-04-27,2026-06-30
PH000724,DEV000335,491540985691031,9672970345,2018-09-26,2026-06-30
PH000725,DEV000335,491540985691031,9874225779,2024-11-17,2026-06-30
PH000726,DEV000335,491540985691031,7686822672,2026-01-22,2026-06-30
PH000727,DEV000335,491540985691031,7618444690,2020-10-09,2026-06-30
PH000728,DEV000335,491540985691031,8254065002,2024-02-11,2026-06-30
PH000729,DEV000335,491540985691031,9249799229,2018-12-18,2019-05-01
PH000730,DEV000336,013321259543243,9322165981,2025-02-14,2026-06-30
PH000731,DEV000337,016140081452867,9808989408,2018-04-11,2026-06-30
PH000732,DEV000337,016140081452867,7935679415,2018-09-15,2026-06-30
PH000733,DEV000337,016140081452867,7063409612,2019-02-03,2019-02-22
PH000734,DEV000338,863508511274815,9152249949,2023-05-24,2026-06-30
PH000735,DEV000339,499748408522862,8305999321,2021-10-23,2026-06-30
PH000736,DEV000340,357646705742056,8629967282,2021-10-20,2026-06-30
PH000737,DEV000340,357646705742056,8886724195,2019-10-25,2026-06-30
PH000738,DEV000341,358260620119901,8565551465,2024-05-08,2026-06-30
PH000739,DEV000340,357646705742056,8130586548,2020-08-28,2026-06-30
PH000740,DEV000342,351286131883953,9063456450,2019-09-06,2026-06-30
PH000741,DEV000342,351286131883953,9664359325,2025-03-18,2025-11-29
PH000742,DEV000344,015115247187100,8135253709,2024-06-06,2026-06-30
PH000743,DEV000343,358114575873867,9082154963,2024-07-26,2024-10-28
PH000744,DEV000344,015115247187100,7798649354,2024-07-29,2025-02-27
PH000745,DEV000345,012617515418824,7586324948,2019-02-06,2026-06-30
PH000746,DEV000345,012617515418824,9017270189,2023-08-27,2026-06-30
PH000747,DEV000345,012617515418824,8849317332,2023-09-01,2024-05-25
PH000748,DEV000346,018057968733523,8823239874,2020-06-04,2026-06-30
PH000749,DEV000346,018057968733523,7407077135,2025-10-30,2026-10-22
PH000750,DEV000347,351566311084851,9663028665,2025-09-04,2026-06-30
PH000751,DEV000348,014778015260745,7347669648,2019-08-31,2026-06-30
PH000752,DEV000349,352875833183901,7879166591,2026-01-24,2026-06-30
PH000753,DEV000349,352875833183901,7827425891,2024-05-08,2026-06-30
PH000754,DEV000350,860836162287946,7824185048,2023-09-11,2026-06-30
PH000755,DEV000349,352875833183901,7109273385,2020-06-02,2026-06-30
PH000756,DEV000351,494798465033506,7762885701,2019-01-26,2026-06-30
PH000757,DEV000352,355276509603079,8980327399,2025-07-10,2026-06-30
PH000758,DEV000351,494798465033506,8535082204,2022-12-16,2026-06-30
PH000759,DEV000351,494798465033506,8420719014,2020-05-23,2021-01-07
PH000760,DEV000353,350220139216090,8945763433,2024-08-06,2026-06-30
PH000761,DEV000353,350220139216090,8406198780,2026-01-08,2026-06-30
PH000762,DEV000354,863661625230819,7493300232,2022-09-11,2026-06-30
PH000763,DEV000354,863661625230819,7106498824,2026-04-29,2026-06-30
PH000764,DEV000355,350014310160976,8124205267,2019-08-17,2026-06-30
PH000765,DEV000355,350014310160976,7022026788,2025-06-12,2025-07-18
PH000766,DEV000355,350014310160976,9103901108,2018-08-29,2026-06-30
PH000767,DEV000356,865866019461163,9950805423,2019-03-24,2026-06-30
PH000768,DEV000356,865866019461163,9147399053,2019-04-06,2026-06-30
PH000769,DEV000356,865866019461163,7362826136,2019-02-12,2026-06-30
PH000770,DEV000358,866886914803068,7971057870,2025-09-13,2026-06-30
PH000771,DEV000359,860090387556766,8332879881,2022-04-28,2026-06-30
PH000772,DEV000359,860090387556766,8009016153,2020-01-09,2026-06-30
PH000773,DEV000358,866886914803068,7182350968,2025-04-13,2026-06-30
PH000774,DEV000360,350136049474215,7242720513,2025-10-15,2026-06-30
PH000775,DEV000360,350136049474215,8223268625,2022-08-13,2026-06-30
PH000776,DEV000360,350136049474215,8943074982,2018-03-03,2018-10-13
PH000777,DEV000361,016868047790011,9569229625,2021-04-20,2026-06-30
PH000778,DEV000362,497993689195208,9713921170,2018-10-21,2026-06-30
PH000779,DEV000362,497993689195208,8613352954,2023-09-20,2024-02-18
PH000780,DEV000363,017774154633446,9994036402,2024-08-28,2026-06-30
PH000781,DEV000362,497993689195208,8529155152,2025-07-10,2025-12-08
PH000782,DEV000364,351540335969003,8448015597,2019-08-20,2026-06-30
PH000783,DEV000364,351540335969003,8408338880,2022-03-04,2022-10-03
PH000784,DEV000364,351540335969003,8715136992,2020-01-16,2026-06-30
PH000785,DEV000365,493572989820542,8886830177,2018-12-06,2026-06-30
PH000786,DEV000365,493572989820542,8726069280,2025-03-30,2026-06-30
PH000787,DEV000365,493572989820542,8003847106,2018-05-19,2018-11-10
PH000788,DEV000365,493572989820542,9113012073,2024-06-22,2026-06-30
PH000789,DEV000366,492094341023016,7369580068,2022-06-25,2026-06-30
PH000790,DEV000366,492094341023016,7438748489,2021-06-15,2026-06-30
PH000791,DEV000366,492094341023016,8713742141,2023-03-29,2026-06-30
PH000792,DEV000367,351341029061698,8366867348,2023-10-10,2026-06-30
PH000793,DEV000367,351341029061698,8069043644,2022-06-30,2026-06-30
PH000794,DEV000367,351341029061698,9703261518,2022-01-14,2026-06-30
PH000795,DEV000367,351341029061698,7114497905,2019-08-01,2026-06-30
PH000796,DEV000368,860223935403570,8867025891,2023-04-04,2026-06-30
PH000797,DEV000369,354267363251533,8712196573,2019-10-19,2026-06-30
PH000798,DEV000369,354267363251533,8283485497,2019-08-26,2020-09-21
PH000799,DEV000369,354267363251533,9698210959,2020-08-07,2021-04-03
PH000800,DEV000369,354267363251533,9665151382,2018-11-13,2026-06-30
PH000801,DEV000370,011729488983318,7125904754,2019-01-02,2026-06-30
PH000802,DEV000370,011729488983318,8528471271,2024-07-05,2026-06-30
PH000803,DEV000371,864772048443768,8064060564,2022-02-17,2026-06-30
PH000804,DEV000371,864772048443768,9463622982,2023-08-06,2026-06-30
PH000805,DEV000371,864772048443768,8841844462,2025-10-05,2026-06-30
PH000806,DEV000372,012749784752288,8865598769,2026-05-19,2026-06-30
PH000807,DEV000372,012749784752288,7618244649,2019-03-25,2026-06-30
PH000808,DEV000374,490402718301000,8020430160,2019-07-27,2026-06-30
PH000809,DEV000374,490402718301000,8076050575,2022-01-24,2026-06-30
PH000810,DEV000373,012617282702611,8129189358,2021-02-22,2022-03-15
PH000811,DEV000373,012617282702611,9484962743,2025-12-02,2026-04-12
PH000812,DEV000375,018920790426617,9918893457,2022-02-01,2026-06-30
PH000813,DEV000375,018920790426617,9146663266,2025-04-24,2026-04-29
PH000814,DEV000376,496253967183236,8080312013,2025-09-02,2026-06-30
PH000815,DEV000376,496253967183236,7028105939,2023-07-01,2026-06-30
PH000816,DEV000376,496253967183236,8425021098,2020-02-10,2020-10-18
PH000817,DEV000377,350446007919499,9031591051,2020-05-23,2026-06-30
PH000818,DEV000377,350446007919499,9889850003,2023-08-30,2026-06-30
PH000819,DEV000378,862171146753015,9504997805,2023-06-13,2026-06-30
PH000820,DEV000378,862171146753015,8035354236,2019-03-07,2019-11-19
PH000821,DEV000379,863534221328682,7027679918,2020-09-30,2026-06-30
PH000822,DEV000379,863534221328682,7497967642,2018-12-01,2019-05-15
PH000823,DEV000379,863534221328682,8051629772,2021-06-26,2026-06-30
PH000824,DEV000379,863534221328682,8620795207,2024-02-21,2026-06-30
PH000825,DEV000380,868875257687525,8198934432,2023-07-18,2026-06-30
PH000826,DEV000380,868875257687525,9448949505,2023-06-28,2026-06-30
PH000827,DEV000380,868875257687525,9659646521,2018-03-18,2026-06-30
PH000828,DEV000380,868875257687525,8593070046,2023-09-20,2026-06-30
PH000829,DEV000381,499434729693211,7291684959,2019-06-19,2026-06-30
PH000830,DEV000381,499434729693211,8890495114,2025-03-18,2026-06-30
PH000831,DEV000381,499434729693211,8269598183,2024-08-21,2025-08-25
PH000832,DEV000382,359484618028823,9648188264,2023-09-14,2026-06-30
PH000833,DEV000382,359484618028823,7909430894,2020-03-18,2021-04-10
PH000834,DEV000382,359484618028823,9606957071,2025-08-19,2026-06-30
PH000835,DEV000383,350707730983927,9918517530,2023-09-26,2026-06-30
PH000836,DEV000384,498801099973486,7884171932,2021-12-06,2026-06-30
PH000837,DEV000386,862586637021697,8363056259,2020-05-14,2026-06-30
PH000838,DEV000386,862586637021697,9160496091,2024-01-27,2026-06-30
PH000839,DEV000386,862586637021697,9428248580,2022-01-06,2026-06-30
PH000840,DEV000385,869964176570778,7917288551,2019-02-24,2019-10-20
PH000841,DEV000387,353413590706715,7637971302,2020-06-08,2026-06-30
PH000842,DEV000387,353413590706715,8227420860,2022-09-18,2026-06-30
PH000843,DEV000388,356217008781325,7723174848,2023-11-03,2024-09-20
PH000844,DEV000388,356217008781325,7783669471,2023-04-14,2026-06-30
PH000845,DEV000389,012328931049884,7473459986,2022-02-13,2026-06-30
PH000846,DEV000390,354704022749304,9136615928,2019-07-21,2026-06-30
PH000847,DEV000390,354704022749304,8054133081,2018-11-18,2026-06-30
PH000848,DEV000390,354704022749304,9324941561,2020-11-04,2021-10-12
PH000849,DEV000390,354704022749304,7229490401,2024-04-30,2026-06-30
PH000850,DEV000390,354704022749304,7998562757,2020-09-26,2021-04-07
PH000851,DEV000391,354878677711096,9573703885,2021-11-23,2026-06-30
PH000852,DEV000391,354878677711096,9567023175,2024-08-24,2026-06-30
PH000853,DEV000392,353283906840058,8173169562,2025-01-13,2026-06-30
PH000854,DEV000392,353283906840058,8458082733,2020-08-22,2026-06-30
PH000855,DEV000392,353283906840058,8087325744,2025-03-14,2025-12-20
PH000856,DEV000392,353283906840058,8321137596,2026-03-10,2026-06-30
PH000857,DEV000394,866247536668021,7113303422,2024-05-22,2026-06-30
PH000858,DEV000394,866247536668021,7964556990,2021-03-14,2026-06-30
PH000859,DEV000394,866247536668021,9032733299,2022-02-26,2026-06-30
PH000860,DEV000395,860067992846398,9375595839,2018-10-29,2026-06-30
PH000861,DEV000395,860067992846398,8655443644,2022-07-09,2022-07-25
PH000862,DEV000395,860067992846398,8462894806,2024-07-07,2026-06-30
PH000863,DEV000396,864057926824831,9201190804,2022-02-28,2026-06-30
PH000864,DEV000396,864057926824831,9820272581,2023-09-06,2026-06-30
PH000865,DEV000396,864057926824831,8874286677,2024-01-13,2024-04-07
PH000866,DEV000396,864057926824831,9905291775,2021-06-20,2026-06-30
PH000867,DEV000397,352402635688797,8173009746,2018-12-02,2026-06-30
PH000868,DEV000398,356291696708326,9356924013,2021-07-15,2022-05-30
PH000869,DEV000397,352402635688797,9832362982,2023-10-07,2026-06-30
PH000870,DEV000399,012339199862772,7976400381,2018-12-14,2026-06-30
PH000871,DEV000400,016119263393094,7619799123,2020-09-21,2026-06-30
PH000872,DEV000400,016119263393094,8371947143,2024-01-29,2026-06-30
PH000873,DEV000400,016119263393094,9236143456,2025-02-22,2025-07-03
PH000874,DEV000401,014168605257345,7863481869,2018-01-27,2026-06-30
PH000875,DEV000402,498000273137265,7849009154,2023-08-27,2026-06-30
PH000876,DEV000403,017992523402116,9501074902,2021-12-10,2026-06-30
PH000877,DEV000403,017992523402116,7364998742,2021-04-23,2021-11-06
PH000878,DEV000404,351516394512850,7877492050,2026-04-23,2026-06-30
PH000879,DEV000404,351516394512850,8410866947,2023-05-18,2026-06-30
PH000880,DEV000404,351516394512850,8390300451,2021-12-26,2022-09-30
PH000881,DEV000404,351516394512850,9273552784,2019-05-14,2026-06-30
PH000882,DEV000405,350383331129797,8424834306,2024-10-23,2026-06-30
PH000883,DEV000405,350383331129797,8687899724,2024-10-06,2025-05-08
PH000884,DEV000405,350383331129797,9973356130,2023-09-26,2026-06-30
PH000885,DEV000406,358135283388282,9942823766,2025-09-07,2026-06-30
PH000886,DEV000406,358135283388282,9833836454,2023-06-23,2023-11-13
PH000887,DEV000406,358135283388282,9329682924,2019-02-01,2026-06-30
PH000888,DEV000406,358135283388282,8188858212,2025-10-25,2026-06-30
PH000889,DEV000407,351237928148025,9559886000,2019-10-16,2026-06-30
PH000890,DEV000407,351237928148025,7635701916,2025-10-28,2026-06-30
PH000891,DEV000408,357958049566036,9024043842,2021-05-02,2026-06-30
PH000892,DEV000408,357958049566036,8128592344,2025-11-19,2026-06-30
PH000893,DEV000408,357958049566036,8231901076,2019-08-30,2020-07-01
PH000894,DEV000408,357958049566036,9420663267,2018-05-18,2026-06-30
PH000895,DEV000409,866142448394179,8594632951,2023-05-24,2026-06-30
PH000896,DEV000409,866142448394179,9662416749,2020-10-22,2021-10-04
PH000897,DEV000409,866142448394179,7387996344,2023-10-25,2026-06-30
PH000898,DEV000411,017622898992429,7866376828,2022-08-02,2026-06-30
PH000899,DEV000411,017622898992429,9449947662,2021-12-03,2026-06-30
PH000900,DEV000411,017622898992429,8136143269,2020-07-19,2026-06-30
PH000901,DEV000411,017622898992429,9729547034,2025-01-12,2026-06-30
PH000902,DEV000412,015201332057371,7565993878,2021-11-28,2026-06-30
PH000903,DEV000412,015201332057371,8650814635,2019-09-07,2026-06-30
PH000904,DEV000412,015201332057371,8611862438,2024-02-17,2026-06-30
PH000905,DEV000413,357127771910169,8057518423,2022-04-02,2026-06-30
PH000906,DEV000414,867269951913204,9675529327,2022-05-23,2026-06-30
PH000907,DEV000414,867269951913204,7216088621,2026-06-17,2026-06-30
PH000908,DEV000415,868315338960100,9076423369,2023-11-16,2026-06-30
PH000909,DEV000415,868315338960100,7510567338,2023-02-10,2026-06-30
PH000910,DEV000415,868315338960100,9345574044,2019-07-25,2019-12-11
PH000911,DEV000418,358329506081095,8617322657,2022-06-13,2026-06-30
PH000912,DEV000418,358329506081095,7762017111,2024-07-04,2024-12-24
PH000913,DEV000417,014552180859540,8902367396,2019-05-23,2026-06-30
PH000914,DEV000419,868110180138057,9627434184,2019-12-13,2026-06-30
PH000915,DEV000420,860452319134370,7889021772,2021-04-17,2026-06-30
PH000916,DEV000420,860452319134370,9675198287,2019-11-13,2026-06-30
PH000917,DEV000421,015592534605811,8266450707,2018-09-08,2026-06-30
PH000918,DEV000421,015592534605811,8544361935,2025-01-26,2026-06-30
PH000919,DEV000422,354198102507853,7742459125,2026-06-20,2026-06-30
PH000920,DEV000423,352067238278140,9220770839,2024-10-10,2026-06-30
PH000921,DEV000422,354198102507853,7883038606,2020-10-28,2026-06-30
PH000922,DEV000423,352067238278140,8482433616,2025-11-19,2025-12-10
PH000923,DEV000424,359526653306770,9578873812,2024-03-07,2026-06-30
PH000924,DEV000424,359526653306770,8281664017,2018-03-31,2026-06-30
PH000925,DEV000424,359526653306770,9214670312,2025-04-10,2026-06-30
PH000926,DEV000425,352147455014820,9854277185,2023-10-17,2026-06-30
PH000927,DEV000426,358457543170673,8276115640,2025-01-06,2025-07-29
PH000928,DEV000426,358457543170673,7120681836,2020-07-19,2026-06-30
PH000929,DEV000426,358457543170673,7724050491,2018-05-11,2026-06-30
PH000930,DEV000425,352147455014820,9017422654,2019-09-06,2026-06-30
PH000931,DEV000428,860091646191587,8725390054,2020-09-17,2026-06-30
PH000932,DEV000428,860091646191587,9966064064,2025-05-19,2026-06-30
PH000933,DEV000428,860091646191587,8607767758,2023-04-16,2026-06-30
PH000934,DEV000427,869913904104066,8661139554,2020-06-09,2026-06-30
PH000935,DEV000429,356908713197288,8023621903,2026-04-05,2026-06-30
PH000936,DEV000430,493077781088130,8246028836,2025-10-07,2026-06-30
PH000937,DEV000430,493077781088130,9818696750,2023-12-24,2026-06-30
PH000938,DEV000431,017671634477985,8221392381,2022-08-19,2026-06-30
PH000939,DEV000431,017671634477985,7953384524,2021-06-10,2026-06-30
PH000940,DEV000433,499385252747040,9045370747,2022-02-19,2026-06-30
PH000941,DEV000433,499385252747040,9093075047,2019-11-25,2026-06-30
PH000942,DEV000432,358950816487735,8171975164,2022-01-02,2022-10-25
PH000943,DEV000433,499385252747040,7885420848,2026-03-28,2026-06-30
PH000944,DEV000434,867988900843849,7593060898,2024-01-01,2026-06-30
PH000945,DEV000435,358132212495435,9758788702,2020-08-07,2026-06-30
PH000946,DEV000434,867988900843849,8630741399,2021-10-16,2026-06-30
PH000947,DEV000435,358132212495435,7271396083,2024-08-20,2026-06-30
PH000948,DEV000436,357087014506581,7051589527,2020-06-30,2026-06-30
PH000949,DEV000437,495552666641551,9282326680,2020-10-04,2026-06-30
PH000950,DEV000437,495552666641551,9903566094,2022-05-17,2026-06-30
PH000951,DEV000438,018734057179858,7838818040,2025-02-18,2026-06-30
PH000952,DEV000438,018734057179858,9715166175,2025-06-03,2026-06-30
PH000953,DEV000438,018734057179858,7693272751,2022-04-04,2026-06-30
PH000954,DEV000439,494977689799036,9682580298,2022-02-20,2026-06-30
PH000955,DEV000440,354957957676026,7359693541,2018-03-02,2026-06-30
PH000956,DEV000440,354957957676026,8262643771,2021-07-17,2026-06-30
PH000957,DEV000440,354957957676026,8931448794,2019-05-23,2019-08-31
PH000958,DEV000441,867411121395119,8680372178,2021-07-24,2026-06-30
PH000959,DEV000442,494662167855579,7502154423,2019-12-24,2026-06-30
PH000960,DEV000442,494662167855579,7062092275,2025-05-04,2026-06-30
PH000961,DEV000442,494662167855579,7199964124,2022-07-17,2022-09-19
PH000962,DEV000442,494662167855579,8423466038,2021-01-12,2021-03-13
PH000963,DEV000442,494662167855579,7132871718,2020-12-20,2021-10-23
PH000964,DEV000442,494662167855579,9155831062,2023-04-05,2026-06-30
PH000965,DEV000443,498584165116397,8621849580,2021-02-01,2026-06-30
PH000966,DEV000443,498584165116397,9023519609,2024-09-07,2026-06-30
PH000967,DEV000443,498584165116397,7357538091,2019-09-29,2026-06-30
PH000968,DEV000443,498584165116397,8929362584,2018-07-09,2026-06-30
PH000969,DEV000444,353160887453519,7142519952,2023-07-13,2026-06-30
PH000970,DEV000444,353160887453519,7387365158,2019-04-10,2026-06-30
PH000971,DEV000444,353160887453519,9832802873,2019-12-10,2020-09-06
PH000972,DEV000444,353160887453519,7833116478,2024-03-27,2026-06-30
PH000973,DEV000445,357958921917595,8850355889,2025-08-13,2026-06-30
PH000974,DEV000445,357958921917595,8297042202,2024-02-08,2026-06-30
PH000975,DEV000446,354880744880193,9877664007,2025-01-31,2026-06-30
PH000976,DEV000446,354880744880193,7357855048,2023-06-14,2026-06-30
PH000977,DEV000446,354880744880193,8497717593,2024-06-29,2025-01-27
PH000978,DEV000447,017846662713123,9094241452,2018-04-30,2026-06-30
PH000979,DEV000447,017846662713123,8884759518,2024-02-15,2026-06-30
PH000980,DEV000448,013733978503756,7986971210,2024-08-19,2026-06-30
PH000981,DEV000449,359560524408474,7393344365,2025-12-10,2026-06-30
PH000982,DEV000449,359560524408474,7885513138,2025-04-18,2025-05-30
PH000983,DEV000449,359560524408474,8989001118,2024-08-30,2025-07-26
PH000984,DEV000449,359560524408474,8880874563,2018-06-14,2019-03-08
PH000985,DEV000451,355362639638568,8902483896,2019-05-09,2026-06-30
PH000986,DEV000451,355362639638568,7618291313,2021-12-26,2026-06-30
PH000987,DEV000451,355362639638568,9639639266,2021-09-02,2022-08-15
PH000988,DEV000452,358549124866804,7390117078,2021-02-26,2026-06-30
PH000989,DEV000452,358549124866804,9512972588,2023-03-18,2023-12-04
PH000990,DEV000452,358549124866804,7605044839,2023-10-28,2024-10-17
PH000991,DEV000454,863968860102568,8820770577,2023-07-18,2026-06-30
PH000992,DEV000455,351284017234462,8698963277,2019-01-01,2026-06-30
PH000993,DEV000455,351284017234462,8044479289,2019-06-05,2026-06-30
PH000994,DEV000455,351284017234462,9229578650,2024-10-01,2026-06-30
PH000995,DEV000455,351284017234462,7812600910,2019-03-26,2026-06-30
PH000996,DEV000457,357662690911964,9554238291,2022-07-11,2026-06-30
PH000997,DEV000457,357662690911964,9959197707,2025-04-15,2026-06-30
PH000998,DEV000456,355510517757866,7920244642,2018-02-09,2026-06-30
PH000999,DEV000456,355510517757866,8813780772,2025-12-23,2026-11-10
PH001000,DEV000458,355047827734574,9031688978,2018-09-07,2026-06-30
PH001001,DEV000458,355047827734574,8080307146,2018-11-15,2026-06-30
PH001002,DEV000458,355047827734574,9330310519,2020-09-19,2026-06-30
PH001003,DEV000458,355047827734574,9631424382,2026-03-22,2026-06-30
PH001004,DEV000459,862226650980178,8991773766,2026-02-12,2026-06-30
PH001005,DEV000459,862226650980178,9960860489,2019-04-26,2026-06-30
PH001006,DEV000459,862226650980178,8218913493,2024-10-19,2026-06-30
PH001007,DEV000459,862226650980178,9973678988,2024-12-07,2025-11-03
PH001008,DEV000459,862226650980178,9821112596,2020-12-05,2021-08-11
PH001009,DEV000460,353627562952245,9035120045,2023-07-08,2026-06-30
PH001010,DEV000460,353627562952245,9644302789,2022-05-11,2026-06-30
PH001011,DEV000461,012082607598177,9376825413,2023-09-12,2024-08-19
PH001012,DEV000462,354206214024994,7660827815,2020-02-16,2026-06-30
PH001013,DEV000463,015933841962192,7352231284,2023-07-23,2026-06-30
PH001014,DEV000463,015933841962192,9747595762,2020-12-26,2026-06-30
PH001015,DEV000464,864030703088542,9469753847,2024-03-23,2026-06-30
PH001016,DEV000464,864030703088542,9286504870,2019-05-12,2026-06-30
PH001017,DEV000465,496173474221993,8060897365,2020-08-27,2026-06-30
PH001018,DEV000465,496173474221993,7263587514,2024-07-15,2026-06-30
PH001019,DEV000465,496173474221993,8819540177,2020-12-30,2026-06-30
PH001020,DEV000465,496173474221993,9213551264,2023-10-31,2026-06-30
PH001021,DEV000466,355558644526460,9423492509,2019-09-22,2026-06-30
PH001022,DEV000467,355691035241542,9062884483,2019-03-18,2026-06-30
PH001023,DEV000467,355691035241542,7293002079,2025-03-07,2025-10-17
PH001024,DEV000467,355691035241542,9289466629,2023-03-27,2023-04-23
PH001025,DEV000468,357591648970467,7689211634,2019-11-02,2026-06-30
PH001026,DEV000469,013044979697718,7194726216,2020-03-28,2026-06-30
PH001027,DEV000470,492569374686397,7228002431,2026-06-10,2026-06-30
PH001028,DEV000471,356105726528469,7693134036,2023-08-26,2026-06-30
PH001029,DEV000471,356105726528469,8680733830,2021-01-11,2021-04-29
PH001030,DEV000473,499821929024502,8168867382,2018-12-03,2026-06-30
PH001031,DEV000472,498449641135898,7530051665,2019-05-10,2026-06-30
PH001032,DEV000473,499821929024502,7984624314,2018-10-05,2026-06-30
PH001033,DEV000474,010128273154218,8474340219,2019-02-07,2026-06-30
PH001034,DEV000474,010128273154218,7338674171,2020-03-10,2020-06-16
PH001035,DEV000474,010128273154218,9588933044,2019-10-17,2020-02-21
PH001036,DEV000475,868013327809112,9352098148,2025-07-15,2026-06-30
PH001037,DEV000475,868013327809112,7754107372,2022-03-10,2023-01-11
PH001038,DEV000475,868013327809112,7567260188,2019-10-30,2019-11-25
PH001039,DEV000476,012871694442490,7294955682,2022-10-06,2026-06-30
PH001040,DEV000476,012871694442490,9154679538,2022-01-26,2022-05-21
PH001041,DEV000476,012871694442490,8152980024,2019-08-28,2026-06-30
PH001042,DEV000477,351206155989284,7851302999,2019-02-21,2026-06-30
PH001043,DEV000477,351206155989284,7414974210,2023-08-02,2026-06-30
PH001044,DEV000478,352271967031055,9851519275,2022-03-28,2026-06-30
PH001045,DEV000478,352271967031055,7919111688,2025-10-10,2026-06-30
PH001046,DEV000478,352271967031055,7047148908,2021-04-21,2026-06-30
PH001047,DEV000479,865427629317700,9875312847,2025-05-15,2026-06-30
PH001048,DEV000479,865427629317700,8442178783,2026-04-06,2026-06-30
PH001049,DEV000480,358891863591242,7131591573,2019-03-16,2026-06-30
PH001050,DEV000480,358891863591242,8660400819,2021-09-22,2022-01-19
PH001051,DEV000481,864021409914921,8861242226,2023-12-10,2024-04-23
PH001052,DEV000482,862773421769793,7448064204,2018-08-11,2026-06-30
PH001053,DEV000482,862773421769793,7895381013,2018-05-03,2026-06-30
PH001054,DEV000482,862773421769793,8564734036,2018-10-23,2026-06-30
PH001055,DEV000483,499172314041538,9279884554,2018-05-03,2026-06-30
PH001056,DEV000483,499172314041538,8195726768,2019-12-31,2026-06-30
PH001057,DEV000484,352488314468202,9020058209,2023-10-07,2026-06-30
PH001058,DEV000484,352488314468202,7258046572,2023-05-04,2026-06-30
PH001059,DEV000484,352488314468202,9578403105,2024-09-15,2025-06-09
PH001060,DEV000484,352488314468202,9349474692,2022-05-08,2026-06-30
PH001061,DEV000484,352488314468202,7140784437,2022-08-02,2026-06-30
PH001062,DEV000485,866499798512468,7879576513,2024-12-12,2026-06-30
PH001063,DEV000485,866499798512468,9212246394,2019-11-30,2020-08-03
PH001064,DEV000485,866499798512468,8136866696,2024-11-06,2026-06-30
PH001065,DEV000485,866499798512468,9401037756,2026-04-02,2026-06-30
PH001066,DEV000485,866499798512468,9458071906,2024-07-01,2024-12-03
PH001067,DEV000486,351465346192402,9342560351,2019-04-07,2026-06-30
PH001068,DEV000486,351465346192402,7987439002,2021-09-07,2022-03-25
PH001069,DEV000487,354287276511405,8426731293,2023-11-22,2026-06-30
PH001070,DEV000487,354287276511405,7096317864,2023-04-19,2023-07-19
PH001071,DEV000487,354287276511405,9490257510,2018-09-29,2019-03-11
PH001072,DEV000489,491676456879462,8277676391,2025-07-01,2026-06-30
PH001073,DEV000488,865849727791342,9361147882,2024-10-11,2025-10-25
PH001074,DEV000489,491676456879462,9289719551,2018-10-29,2019-04-10
PH001075,DEV000488,865849727791342,9444014366,2022-08-13,2023-04-12
PH001076,DEV000490,492644332788550,9290970468,2023-12-18,2026-06-30
PH001077,DEV000490,492644332788550,7110998664,2025-02-19,2026-06-30
PH001078,DEV000490,492644332788550,9880965590,2018-06-11,2019-04-11
PH001079,DEV000491,495463680524570,7023603165,2026-03-27,2026-06-30
PH001080,DEV000491,495463680524570,8418887494,2018-10-21,2026-06-30
PH001081,DEV000491,495463680524570,7726704569,2022-08-28,2026-06-30
PH001082,DEV000491,495463680524570,7788705676,2018-04-27,2026-06-30
PH001083,DEV000491,495463680524570,8403444807,2024-04-13,2026-06-30
PH001084,DEV000492,018195714639707,7722664265,2022-04-27,2026-06-30
PH001085,DEV000494,356720906912215,8001772733,2018-08-07,2026-06-30
PH001086,DEV000493,354803834306904,9927838164,2022-04-12,2022-09-15
PH001087,DEV000493,354803834306904,9222754109,2019-02-09,2019-07-30
PH001088,DEV000493,354803834306904,7409860978,2021-05-30,2021-10-27
PH001089,DEV000496,010477793208281,7186296629,2020-10-17,2026-06-30
PH001090,DEV000496,010477793208281,7657998734,2020-03-10,2026-06-30
PH001091,DEV000496,010477793208281,8730385472,2024-06-25,2024-10-26
PH001092,DEV000497,358187817709767,9568643681,2019-05-18,2026-06-30
PH001093,DEV000497,358187817709767,7742992647,2024-04-03,2024-06-21
PH001094,DEV000497,358187817709767,7343691715,2023-07-11,2026-06-30
PH001095,DEV000498,493235142354435,8369934649,2025-07-27,2026-06-30
PH001096,DEV000499,493537323429008,8627086502,2025-08-05,2026-06-30
PH001097,DEV000499,493537323429008,8699881688,2023-06-09,2026-06-30
PH001098,DEV000500,018040541273347,8773090952,2022-11-10,2026-06-30
PH001099,DEV000500,018040541273347,8557761648,2021-08-14,2022-03-17
PH001100,DEV000501,498530241865722,7976236228,2020-06-08,2026-06-30
PH001101,DEV000501,498530241865722,8069513947,2024-11-09,2026-06-30
PH001102,DEV000501,498530241865722,7630062772,2020-01-22,2026-06-30
PH001103,DEV000502,862478930692908,8919755549,2024-12-10,2026-06-30
PH001104,DEV000503,868144932895571,8843800241,2025-10-21,2026-06-30
PH001105,DEV000503,868144932895571,8244739847,2018-10-18,2026-06-30
PH001106,DEV000503,868144932895571,7554801031,2024-09-22,2025-04-26
PH001107,DEV000504,355070851767510,9395935646,2019-11-19,2026-06-30
PH001108,DEV000505,355539015997369,8861938107,2020-09-17,2026-06-30
PH001109,DEV000505,355539015997369,7621418184,2018-03-09,2026-06-30
PH001110,DEV000505,355539015997369,7821543800,2026-04-10,2026-06-30
PH001111,DEV000506,010411582282589,7050866109,2026-06-16,2026-06-30
PH001112,DEV000506,010411582282589,7403626533,2018-12-24,2026-06-30
PH001113,DEV000507,353305715195931,8305285625,2024-10-30,2026-06-30
PH001114,DEV000507,353305715195931,9959552122,2023-02-18,2026-06-30
PH001115,DEV000507,353305715195931,9662691422,2023-06-10,2026-06-30
PH001116,DEV000508,353594610601406,8723857312,2021-11-27,2026-06-30
PH001117,DEV000508,353594610601406,8009373001,2021-10-22,2022-05-30
PH001118,DEV000508,353594610601406,7495646947,2020-02-09,2020-10-23
PH001119,DEV000508,353594610601406,9348312306,2025-05-12,2026-06-30
PH001120,DEV000510,499238883402582,7003316759,2024-06-06,2026-06-30
PH001121,DEV000509,357378626591176,8157754481,2018-09-14,2026-06-30
PH001122,DEV000510,499238883402582,9164871027,2025-05-10,2025-06-21
PH001123,DEV000509,357378626591176,9607599110,2022-04-08,2026-06-30
PH001124,DEV000511,358500091976578,9487377424,2019-04-12,2026-06-30
PH001125,DEV000511,358500091976578,9564388733,2020-06-17,2021-05-03
PH001126,DEV000511,358500091976578,8012948693,2018-01-08,2026-06-30
PH001127,DEV000513,354864022948309,9008782238,2019-04-23,2026-06-30
PH001128,DEV000512,355974333434118,8409444274,2020-03-24,2026-06-30
PH001129,DEV000513,354864022948309,7222203876,2025-02-12,2026-06-30
PH001130,DEV000514,868600342225624,8943586213,2025-06-20,2026-06-30
PH001131,DEV000514,868600342225624,7273234251,2022-03-14,2022-08-30
PH001132,DEV000514,868600342225624,8319434852,2025-03-26,2026-06-30
PH001133,DEV000515,350030224279316,7272116244,2020-07-20,2026-06-30
PH001134,DEV000515,350030224279316,9166626089,2020-02-08,2020-09-12
PH001135,DEV000515,350030224279316,7904715929,2024-05-19,2025-01-27
PH001136,DEV000515,350030224279316,9399009886,2022-09-20,2026-06-30
PH001137,DEV000517,863982700662944,9501769314,2020-04-25,2026-06-30
PH001138,DEV000517,863982700662944,8193550629,2024-07-13,2026-06-30
PH001139,DEV000517,863982700662944,9098427788,2021-02-15,2026-06-30
PH001140,DEV000518,358177534337476,9190752277,2026-03-04,2026-06-30
PH001141,DEV000518,358177534337476,7904465659,2023-04-08,2024-01-24
PH001142,DEV000518,358177534337476,9591882661,2023-04-28,2026-06-30
PH001143,DEV000521,010841086724033,8754555041,2024-05-19,2026-06-30
PH001144,DEV000521,010841086724033,7849392318,2026-03-02,2026-06-30
PH001145,DEV000521,010841086724033,9879797826,2020-11-22,2021-04-22
PH001146,DEV000521,010841086724033,9098353362,2020-08-24,2021-01-22
PH001147,DEV000522,495460679268888,9819329863,2022-11-04,2026-06-30
PH001148,DEV000522,495460679268888,7676970863,2025-10-23,2026-09-22
PH001149,DEV000522,495460679268888,7372228304,2019-02-06,2026-06-30
PH001150,DEV000522,495460679268888,7902164667,2019-12-22,2026-06-30
PH001151,DEV000523,357377118824209,8275503764,2024-06-09,2026-06-30
PH001152,DEV000524,018481369565658,9894173714,2022-06-30,2026-06-30
PH001153,DEV000525,493561906283601,8431676987,2021-09-21,2026-06-30
PH001154,DEV000525,493561906283601,7274546966,2019-12-18,2026-06-30
PH001155,DEV000526,018713408397578,9837592612,2020-11-28,2026-06-30
PH001156,DEV000527,018210626126241,8565007449,2026-06-08,2026-06-30
PH001157,DEV000527,018210626126241,9915440987,2023-01-01,2023-04-16
PH001158,DEV000529,496205704278773,7998724958,2025-07-15,2026-06-30
PH001159,DEV000528,359346744846905,8497035491,2020-04-02,2020-08-04
PH001160,DEV000528,359346744846905,8162126137,2020-09-08,2021-03-29
PH001161,DEV000528,359346744846905,9717418786,2022-10-28,2026-06-30
PH001162,DEV000530,357851453885283,8713990178,2023-08-20,2026-06-30
PH001163,DEV000530,357851453885283,7912549601,2018-10-14,2026-06-30
PH001164,DEV000530,357851453885283,8847125093,2023-01-26,2026-06-30
PH001165,DEV000530,357851453885283,8216328396,2019-12-11,2026-06-30
PH001166,DEV000532,355748086631644,7181722580,2021-04-12,2026-06-30
PH001167,DEV000532,355748086631644,9317578401,2022-05-11,2026-06-30
PH001168,DEV000532,355748086631644,9954253379,2023-04-26,2026-06-30
PH001169,DEV000534,010300646417316,7364007965,2021-09-10,2026-06-30
PH001170,DEV000535,357970040853219,9768111041,2023-04-17,2026-06-30
PH001171,DEV000535,357970040853219,7901908485,2026-03-17,2026-06-30
PH001172,DEV000535,357970040853219,8032327337,2020-08-28,2026-06-30
PH001173,DEV000535,357970040853219,9781312243,2019-11-28,2026-06-30
PH001174,DEV000536,015717526142201,9382314576,2023-07-25,2026-06-30
PH001175,DEV000537,863780489072933,9207053420,2023-03-05,2026-06-30
PH001176,DEV000537,863780489072933,9431553831,2018-11-26,2026-06-30
PH001177,DEV000538,865120425634433,9012092371,2020-04-09,2026-06-30
PH001178,DEV000539,499561957217899,8290682870,2024-07-07,2026-06-30
PH001179,DEV000539,499561957217899,8119486756,2025-10-09,2026-06-30
PH001180,DEV000540,862373922030751,8685380533,2021-07-05,2026-06-30
PH001181,DEV000540,862373922030751,9088500299,2021-12-08,2026-06-30
PH001182,DEV000540,862373922030751,9358869150,2022-11-03,2022-12-06
PH001183,DEV000540,862373922030751,7779358944,2026-02-13,2026-06-30
PH001184,DEV000541,011660773866735,8980781216,2024-05-01,2026-06-30
PH001185,DEV000541,011660773866735,8734347113,2018-09-27,2026-06-30
PH001186,DEV000541,011660773866735,9937157140,2022-11-15,2026-06-30
PH001187,DEV000541,011660773866735,8463131085,2021-03-25,2026-06-30
PH001188,DEV000542,356460015516601,7092326772,2026-02-06,2026-06-30
PH001189,DEV000544,355537829159500,8883664165,2023-10-05,2026-06-30
PH001190,DEV000544,355537829159500,9649109053,2021-03-10,2021-04-29
PH001191,DEV000544,355537829159500,9000658689,2025-11-26,2026-06-30
PH001192,DEV000545,496126811824931,8178958429,2019-08-29,2026-06-30
PH001193,DEV000545,496126811824931,8008335042,2020-03-04,2026-06-30
PH001194,DEV000545,496126811824931,8837563885,2025-05-10,2026-06-30
PH001195,DEV000545,496126811824931,7668131434,2023-02-01,2026-06-30
PH001196,DEV000545,496126811824931,7000603229,2023-10-15,2026-06-30
PH001197,DEV000547,491228044241665,8835835410,2021-10-05,2026-06-30
PH001198,DEV000547,491228044241665,7986890637,2020-10-28,2020-12-06
PH001199,DEV000546,497389600032062,9571699439,2025-09-02,2026-09-19
PH001200,DEV000547,491228044241665,8040657022,2019-01-19,2026-06-30
PH001201,DEV000549,019528921672230,8634822778,2023-06-25,2026-06-30
PH001202,DEV000549,019528921672230,8909387614,2024-06-02,2024-08-06
PH001203,DEV000548,016962434134994,9355501453,2026-05-25,2026-06-30
PH001204,DEV000549,019528921672230,8104462203,2022-11-11,2026-06-30
PH001205,DEV000551,494192291534619,8995324668,2025-03-04,2026-06-30
PH001206,DEV000551,494192291534619,8442912930,2018-08-14,2019-05-19
PH001207,DEV000550,351603998989053,9666418742,2019-10-31,2026-06-30
PH001208,DEV000552,358786972809951,8323261002,2020-03-06,2026-06-30
PH001209,DEV000552,358786972809951,8137098617,2018-02-08,2026-06-30
PH001210,DEV000552,358786972809951,7297175762,2019-11-26,2020-03-24
PH001211,DEV000552,358786972809951,9440189159,2020-11-05,2026-06-30
PH001212,DEV000552,358786972809951,8820766798,2018-11-06,2019-11-29
PH001213,DEV000554,359157265213655,8397397164,2023-11-27,2026-06-30
PH001214,DEV000554,359157265213655,7123929149,2025-01-16,2026-06-30
PH001215,DEV000554,359157265213655,9191956393,2023-10-23,2026-06-30
PH001216,DEV000555,350324007212187,9258615843,2018-06-07,2026-06-30
PH001217,DEV000555,350324007212187,9180066227,2023-06-09,2026-06-30
PH001218,DEV000556,869807179653210,9845574639,2019-12-21,2026-06-30
PH001219,DEV000556,869807179653210,8213419271,2023-01-20,2023-02-23
PH001220,DEV000557,013841273106388,8246588949,2024-10-06,2026-06-30
PH001221,DEV000557,013841273106388,7836902585,2026-02-26,2026-06-30
PH001222,DEV000557,013841273106388,9698343702,2022-01-22,2026-06-30
PH001223,DEV000559,865562022949451,7570021005,2023-05-23,2026-06-30
PH001224,DEV000559,865562022949451,8785367176,2021-03-12,2021-07-08
PH001225,DEV000559,865562022949451,7111274705,2018-04-10,2026-06-30
PH001226,DEV000558,350116821874066,8461857438,2023-05-10,2026-06-30
PH001227,DEV000560,013392033009895,7702156013,2018-09-26,2026-06-30
PH001228,DEV000560,013392033009895,7506810696,2018-06-28,2026-06-30
PH001229,DEV000560,013392033009895,8404729023,2020-07-25,2026-06-30
PH001230,DEV000560,013392033009895,7308144093,2019-11-13,2026-06-30
PH001231,DEV000561,350193943493877,8781184629,2026-04-23,2026-06-30
PH001232,DEV000561,350193943493877,8798337320,2023-12-15,2026-06-30
PH001233,DEV000562,010860045126645,8135946457,2025-04-07,2026-06-30
PH001234,DEV000562,010860045126645,7391646312,2021-08-16,2021-09-26
PH001235,DEV000563,359741649273053,9425944528,2019-04-21,2026-06-30
PH001236,DEV000563,359741649273053,7871671100,2019-07-27,2020-05-21
PH001237,DEV000563,359741649273053,7617523035,2019-05-03,2019-09-26
PH001238,DEV000563,359741649273053,7919753328,2025-07-22,2025-10-31
PH001239,DEV000564,352112178590126,7599578589,2024-03-15,2026-06-30
PH001240,DEV000565,014587281362279,9491470926,2018-03-07,2026-06-30
PH001241,DEV000565,014587281362279,9683294111,2022-07-30,2026-06-30
PH001242,DEV000565,014587281362279,7192277286,2021-05-10,2026-06-30
PH001243,DEV000565,014587281362279,7843358424,2019-03-12,2026-06-30
PH001244,DEV000566,352713462538444,8846238363,2020-02-08,2026-06-30
PH001245,DEV000566,352713462538444,9766321603,2022-07-10,2022-12-03
PH001246,DEV000567,356727704125620,9880330769,2026-06-05,2026-06-30
PH001247,DEV000569,490541345304537,8163700825,2023-04-28,2026-06-30
PH001248,DEV000569,490541345304537,9447773362,2020-05-21,2026-06-30
PH001249,DEV000568,013284357884719,9673824079,2020-06-13,2026-06-30
PH001250,DEV000570,490775740936024,9756265859,2025-08-31,2026-06-30
PH001251,DEV000570,490775740936024,8693419961,2021-06-04,2022-07-02
PH001252,DEV000570,490775740936024,8449854850,2023-09-18,2026-06-30
PH001253,DEV000570,490775740936024,9210615343,2025-04-06,2026-06-30
PH001254,DEV000571,353938630858258,7163863605,2020-06-09,2026-06-30
PH001255,DEV000571,353938630858258,8313867293,2018-12-10,2019-08-15
PH001256,DEV000572,490873711617415,9182332941,2022-10-25,2026-06-30
PH001257,DEV000573,863616603339796,9832409716,2023-09-15,2026-06-30
PH001258,DEV000573,863616603339796,7088601607,2023-07-29,2026-06-30
PH001259,DEV000573,863616603339796,7314900187,2025-12-02,2026-06-30
PH001260,DEV000573,863616603339796,7619398103,2025-09-23,2026-09-28
PH001261,DEV000574,869349230679467,7257750144,2019-07-17,2026-06-30
PH001262,DEV000575,351326843114901,9633926289,2022-06-04,2026-06-30
PH001263,DEV000575,351326843114901,7852524161,2026-03-07,2026-06-30
PH001264,DEV000576,863670536105150,7726733441,2023-12-17,2026-06-30
PH001265,DEV000578,350251173537770,8290615339,2025-08-07,2026-06-30
PH001266,DEV000578,350251173537770,7433348460,2018-09-12,2026-06-30
PH001267,DEV000578,350251173537770,9281856091,2019-06-24,2026-06-30
PH001268,DEV000579,492864551881439,7041810754,2021-12-14,2026-06-30
PH001269,DEV000579,492864551881439,8603383713,2018-03-20,2018-07-27
PH001270,DEV000579,492864551881439,9758230860,2019-04-09,2026-06-30
PH001271,DEV000580,013468207251041,7155541398,2018-09-08,2026-06-30
PH001272,DEV000581,011851663425544,7004274998,2022-08-13,2026-06-30
PH001273,DEV000581,011851663425544,7624203667,2018-07-13,2019-02-24
PH001274,DEV000581,011851663425544,7741642716,2025-12-16,2026-06-30
PH001275,DEV000583,860996622906349,7688022278,2025-11-18,2026-06-30
PH001276,DEV000584,357527896288477,9776426493,2019-10-04,2026-06-30
PH001277,DEV000584,357527896288477,9408440684,2019-05-05,2026-06-30
PH001278,DEV000584,357527896288477,7101595892,2025-03-12,2025-09-23
PH001279,DEV000585,353173090191344,9026082135,2019-01-17,2026-06-30
PH001280,DEV000585,353173090191344,7371823273,2021-10-29,2026-06-30
PH001281,DEV000586,010869919775557,9626026761,2022-01-31,2026-06-30
PH001282,DEV000587,350296591761214,7095944440,2024-05-20,2026-06-30
PH001283,DEV000588,860668623812775,7178152778,2026-04-09,2026-06-30
PH001284,DEV000587,350296591761214,8221819892,2018-09-13,2026-06-30
PH001285,DEV000589,864118832452659,8399879045,2026-06-26,2026-06-30
PH001286,DEV000589,864118832452659,7246124465,2023-07-28,2024-01-27
PH001287,DEV000589,864118832452659,8874808770,2025-11-29,2026-03-24
PH001288,DEV000591,869934472999236,8359593006,2021-05-07,2026-06-30
PH001289,DEV000590,864527610650878,8355081534,2024-09-27,2025-02-05
PH001290,DEV000590,864527610650878,7438707033,2019-01-26,2019-09-14
PH001291,DEV000590,864527610650878,8153622809,2022-02-23,2022-06-05
PH001292,DEV000592,353249236790829,9448368437,2020-01-10,2026-06-30
PH001293,DEV000592,353249236790829,9557525156,2023-03-30,2026-06-30
PH001294,DEV000593,357670439132460,8302804306,2022-04-17,2026-06-30
PH001295,DEV000593,357670439132460,8386796713,2018-11-15,2019-01-13
PH001296,DEV000593,357670439132460,7558391807,2025-09-26,2026-06-30
PH001297,DEV000596,497757601886784,8449586723,2023-01-10,2026-06-30
PH001298,DEV000595,355152709823808,9208786878,2020-04-30,2026-06-30
PH001299,DEV000596,497757601886784,8460783682,2024-10-10,2025-05-26
PH001300,DEV000595,355152709823808,9496714527,2019-10-15,2026-06-30
PH001301,DEV000597,350716313113568,9039711477,2018-08-29,2026-06-30
PH001302,DEV000597,350716313113568,8551625471,2025-08-31,2026-02-18
PH001303,DEV000597,350716313113568,7041768415,2019-02-20,2026-06-30
PH001304,DEV000597,350716313113568,8372221665,2019-04-06,2026-06-30
PH001305,DEV000597,350716313113568,9856225470,2024-04-19,2024-05-14
PH001306,DEV000598,490884707117638,7796633266,2024-04-15,2026-06-30
PH001307,DEV000598,490884707117638,8315916866,2025-04-22,2025-06-06
PH001308,DEV000599,866934794403337,7972841295,2021-10-09,2026-06-30
PH001309,DEV000599,866934794403337,8945516091,2022-06-01,2023-03-05
PH001310,DEV000600,012229911840020,7752331907,2018-10-07,2026-06-30
PH001311,DEV000600,012229911840020,7396226081,2022-07-02,2022-08-11
PH001312,DEV000600,012229911840020,8727323776,2024-10-23,2026-06-30
PH001313,DEV000600,012229911840020,9782572696,2021-10-31,2026-06-30
PH001314,DEV000601,019512128698203,7825637997,2026-03-02,2026-06-30
PH001315,DEV000601,019512128698203,9447232388,2019-04-10,2019-06-28
PH001316,DEV000601,019512128698203,7359316493,2023-02-08,2026-06-30
PH001317,DEV000601,019512128698203,7681021025,2019-01-21,2026-06-30
PH001318,DEV000601,019512128698203,9079825075,2023-05-30,2026-06-30
PH001319,DEV000603,350939161786103,8710846842,2019-06-01,2026-06-30
PH001320,DEV000603,350939161786103,7954541913,2020-01-18,2026-06-30
PH001321,DEV000604,499238129042149,9959985101,2024-03-10,2026-06-30
PH001322,DEV000605,355986573179980,7332748073,2019-09-27,2026-06-30
PH001323,DEV000606,358534448590077,8016166019,2024-04-02,2026-06-30
PH001324,DEV000606,358534448590077,8918927757,2022-04-14,2026-06-30
PH001325,DEV000606,358534448590077,7438553282,2018-06-01,2026-06-30
PH001326,DEV000607,353247173565865,7311440740,2025-03-28,2026-06-30
PH001327,DEV000607,353247173565865,8452994558,2020-05-12,2026-06-30
PH001328,DEV000608,861265007540631,7192577347,2019-04-13,2026-06-30
PH001329,DEV000609,011197263172729,7098769174,2021-07-12,2026-06-30
PH001330,DEV000609,011197263172729,7039210161,2019-11-22,2026-06-30
PH001331,DEV000610,860755848592313,8320261386,2023-09-02,2026-06-30
PH001332,DEV000610,860755848592313,9540347633,2023-07-31,2026-06-30
PH001333,DEV000611,354790840587737,8509787223,2026-05-25,2026-06-30
PH001334,DEV000612,490709639764071,7091491687,2025-05-20,2026-06-30
PH001335,DEV000614,358432312014879,7909502641,2018-09-19,2026-06-30
PH001336,DEV000614,358432312014879,9642321808,2019-11-25,2026-06-30
PH001337,DEV000613,491191983913423,7622349727,2026-06-02,2026-06-30
PH001338,DEV000613,491191983913423,7749342330,2020-01-18,2026-06-30
PH001339,DEV000615,352776727106785,7343562825,2019-02-26,2026-06-30
PH001340,DEV000615,352776727106785,8374684799,2022-07-12,2023-04-02
PH001341,DEV000616,491688462207691,7488361956,2018-09-27,2018-10-29
PH001342,DEV000617,015539345891438,9358784678,2020-06-26,2026-06-30
PH001343,DEV000617,015539345891438,9700578838,2018-12-09,2026-06-30
PH001344,DEV000618,011043392608628,8487487632,2019-08-02,2026-06-30
PH001345,DEV000618,011043392608628,7654249559,2018-10-03,2019-03-14
PH001346,DEV000619,351595591985979,7181636005,2019-05-12,2026-06-30
PH001347,DEV000620,352770253815281,8959460641,2023-10-28,2026-06-30
PH001348,DEV000621,012892165160502,7575050360,2018-11-25,2026-06-30
PH001349,DEV000621,012892165160502,9577212122,2023-12-06,2026-06-30
PH001350,DEV000622,863895428758293,7322461746,2019-03-31,2026-06-30
PH001351,DEV000621,012892165160502,7588514129,2021-04-03,2026-06-30
PH001352,DEV000621,012892165160502,7650678642,2018-07-13,2026-06-30
PH001353,DEV000623,010077631204263,7306539039,2019-05-13,2026-06-30
PH001354,DEV000623,010077631204263,8935167500,2025-12-06,2026-11-24
PH001355,DEV000625,018017486387855,8225121802,2022-08-06,2026-06-30
PH001356,DEV000624,353220777482123,8260287902,2024-02-21,2024-07-23
PH001357,DEV000625,018017486387855,9131235852,2020-06-25,2026-06-30
PH001358,DEV000624,353220777482123,9688244167,2023-06-07,2026-06-30
PH001359,DEV000626,860914790815897,9229239122,2022-08-09,2026-06-30
PH001360,DEV000627,867172442232357,9361733911,2023-09-15,2026-06-30
PH001361,DEV000626,860914790815897,9198320440,2019-08-26,2020-09-16
PH001362,DEV000626,860914790815897,7334881484,2019-08-15,2026-06-30
PH001363,DEV000628,495957704832159,8063023850,2026-04-21,2026-06-30
PH001364,DEV000629,017474926713292,8262690726,2019-12-21,2026-06-30
PH001365,DEV000630,860515853315418,9383424110,2022-01-14,2026-06-30
PH001366,DEV000631,860858243055812,7183086899,2018-05-28,2026-06-30
PH001367,DEV000631,860858243055812,7493998740,2020-10-03,2026-06-30
PH001368,DEV000632,867145839187326,7307562692,2024-05-22,2026-06-30
PH001369,DEV000632,867145839187326,8502372953,2024-11-14,2026-06-30
PH001370,DEV000632,867145839187326,8379679272,2022-05-09,2026-06-30
PH001371,DEV000632,867145839187326,7421714674,2025-12-17,2026-06-30
PH001372,DEV000633,351339590754114,7037918944,2020-12-22,2026-06-30
PH001373,DEV000633,351339590754114,8559935384,2021-03-04,2026-06-30
PH001374,DEV000633,351339590754114,9687811625,2026-06-27,2026-06-30
PH001375,DEV000633,351339590754114,9061074644,2021-09-08,2026-06-30
PH001376,DEV000634,493060361792869,8989041902,2022-03-29,2026-06-30
PH001377,DEV000635,494819159778144,7588209509,2023-06-08,2026-06-30
PH001378,DEV000635,494819159778144,8915883452,2024-09-04,2026-06-30
PH001379,DEV000636,494690647640594,9607828197,2018-07-07,2026-06-30
PH001380,DEV000636,494690647640594,9297206881,2020-01-12,2020-02-09
PH001381,DEV000636,494690647640594,7079007748,2022-08-02,2023-07-25
PH001382,DEV000637,868644494766145,9126064416,2018-11-02,2026-06-30
PH001383,DEV000637,868644494766145,9404805735,2018-11-16,2026-06-30
PH001384,DEV000638,353592491616120,8112417942,2018-08-05,2026-06-30
PH001385,DEV000638,353592491616120,9547152763,2021-10-31,2026-06-30
PH001386,DEV000638,353592491616120,8395368922,2020-01-10,2026-06-30
PH001387,DEV000638,353592491616120,8128590765,2022-01-01,2022-05-04
PH001388,DEV000638,353592491616120,7052941914,2018-09-12,2026-06-30
PH001389,DEV000638,353592491616120,7713071695,2022-10-16,2026-06-30
PH001390,DEV000639,495021903244133,9929206793,2025-03-09,2026-06-30
PH001391,DEV000639,495021903244133,7306116389,2021-09-17,2026-06-30
PH001392,DEV000639,495021903244133,9088227532,2022-10-05,2026-06-30
PH001393,DEV000640,860327184383271,7770863829,2020-05-16,2026-06-30
PH001394,DEV000640,860327184383271,8850019684,2024-03-04,2024-10-10
PH001395,DEV000641,869399253581615,8460346117,2021-03-16,2026-06-30
PH001396,DEV000641,869399253581615,9407672809,2021-05-12,2021-07-12
PH001397,DEV000641,869399253581615,8575138244,2020-08-01,2021-08-28
PH001398,DEV000642,861915879200861,8911626117,2022-01-01,2026-06-30
PH001399,DEV000642,861915879200861,9192765160,2020-04-05,2020-09-22
PH001400,DEV000642,861915879200861,8040974344,2023-10-15,2026-06-30
PH001401,DEV000643,011974362712137,9986042019,2026-05-21,2026-06-30
PH001402,DEV000644,865633098002655,8261215691,2024-07-25,2026-06-30
PH001403,DEV000644,865633098002655,7240045681,2018-12-05,2026-06-30
PH001404,DEV000644,865633098002655,7566400914,2022-11-04,2026-06-30
PH001405,DEV000646,863533928288342,7003664746,2020-05-28,2026-06-30
PH001406,DEV000646,863533928288342,7745746523,2018-08-22,2026-06-30
PH001407,DEV000646,863533928288342,7351392341,2018-05-05,2019-01-19
PH001408,DEV000646,863533928288342,8414374832,2018-08-14,2026-06-30
PH001409,DEV000648,496239783111509,7442395289,2023-09-02,2026-06-30
PH001410,DEV000648,496239783111509,8273032733,2025-10-09,2025-12-01
PH001411,DEV000648,496239783111509,7138899655,2020-06-30,2026-06-30
PH001412,DEV000648,496239783111509,9698777356,2018-05-15,2026-06-30
PH001413,DEV000649,010555423272977,7144011285,2020-04-14,2026-06-30
PH001414,DEV000649,010555423272977,8704133780,2021-04-01,2022-04-14
PH001415,DEV000650,352128185716319,9514538747,2019-04-20,2026-06-30
PH001416,DEV000650,352128185716319,9814537336,2025-08-17,2026-01-14
PH001417,DEV000651,353813914054560,8157953642,2021-09-09,2026-06-30
PH001418,DEV000651,353813914054560,9440766979,2018-05-22,2026-06-30
PH001419,DEV000652,352209924607627,9180538829,2024-02-03,2026-06-30
PH001420,DEV000653,861151302746644,8753933113,2022-03-24,2026-06-30
PH001421,DEV000653,861151302746644,8919616185,2025-08-20,2025-11-08
PH001422,DEV000653,861151302746644,7610827731,2018-07-13,2026-06-30
PH001423,DEV000655,493534581166573,7742866192,2022-03-05,2026-06-30
PH001424,DEV000655,493534581166573,7053698570,2025-12-01,2026-06-30
PH001425,DEV000654,014403710379573,9992216009,2019-03-24,2026-06-30
PH001426,DEV000655,493534581166573,8739746959,2020-01-19,2021-02-21
PH001427,DEV000656,359173108094508,7766237404,2019-03-01,2026-06-30
PH001428,DEV000657,357461553741035,8835174126,2025-02-22,2026-06-30
PH001429,DEV000656,359173108094508,7254738248,2021-07-09,2022-01-26
PH001430,DEV000658,492245687810543,8195769635,2023-04-04,2026-06-30
PH001431,DEV000659,869283928538704,7710082245,2018-12-24,2026-06-30
PH001432,DEV000658,492245687810543,8316971244,2024-09-29,2025-04-04
PH001433,DEV000660,491077017701817,7376263789,2018-02-27,2026-06-30
PH001434,DEV000661,350320530649087,7538719727,2024-04-18,2026-06-30
PH001435,DEV000661,350320530649087,7963700446,2025-09-19,2026-07-04
PH001436,DEV000661,350320530649087,9206774680,2020-06-27,2021-05-20
PH001437,DEV000662,014505808015554,7448876461,2023-10-15,2026-06-30
PH001438,DEV000663,350901546680794,9647764637,2023-07-02,2026-06-30
PH001439,DEV000663,350901546680794,7314123317,2018-09-20,2026-06-30
PH001440,DEV000663,350901546680794,8573180933,2022-10-07,2026-06-30
PH001441,DEV000663,350901546680794,9787577774,2024-10-01,2026-06-30
PH001442,DEV000664,355641750465840,9678040572,2024-02-28,2026-06-30
PH001443,DEV000664,355641750465840,8210995833,2024-10-04,2026-06-30
PH001444,DEV000664,355641750465840,8493442366,2018-09-27,2026-06-30
PH001445,DEV000664,355641750465840,9964453707,2021-03-08,2026-06-30
PH001446,DEV000665,496533633019968,8316265771,2025-11-25,2026-06-30
PH001447,DEV000665,496533633019968,9960190332,2020-07-22,2026-06-30
PH001448,DEV000665,496533633019968,9645448808,2024-06-27,2026-06-30
PH001449,DEV000666,494688501626149,8476398572,2020-12-03,2021-08-17
PH001450,DEV000667,351527277382021,7194221505,2023-06-08,2026-06-30
PH001451,DEV000668,354158676511171,8087200002,2020-08-04,2026-06-30
PH001452,DEV000669,355474684733750,8155481244,2022-04-10,2026-06-30
PH001453,DEV000670,498632118513397,9183222747,2021-06-27,2026-06-30
PH001454,DEV000671,351046238850652,7983448345,2021-07-24,2026-06-30
PH001455,DEV000671,351046238850652,7569894506,2019-09-11,2026-06-30
PH001456,DEV000671,351046238850652,7422596256,2023-04-14,2023-05-22
PH001457,DEV000672,492432449959677,7747964690,2021-11-17,2026-06-30
PH001458,DEV000673,355031521972457,7631736123,2022-08-04,2023-07-15
PH001459,DEV000672,492432449959677,9538236567,2020-01-22,2026-06-30
PH001460,DEV000674,867160973051148,8690709160,2025-12-04,2026-06-30
PH001461,DEV000674,867160973051148,8926699295,2018-04-28,2026-06-30
PH001462,DEV000675,017853020926449,9878214127,2024-08-01,2026-06-30
PH001463,DEV000675,017853020926449,8367394197,2021-01-02,2026-06-30
PH001464,DEV000675,017853020926449,7200791456,2019-08-27,2026-06-30
PH001465,DEV000676,494288100639390,7507955914,2019-07-26,2026-06-30
PH001466,DEV000677,496023431575942,9907667042,2020-11-25,2026-06-30
PH001467,DEV000676,494288100639390,9386423645,2025-04-10,2026-06-30
PH001468,DEV000677,496023431575942,7584945352,2022-07-11,2026-06-30
PH001469,DEV000678,867376989560923,9013131437,2023-06-16,2026-06-30
PH001470,DEV000679,496230503051003,7415853654,2020-01-14,2026-06-30
PH001471,DEV000680,865813963317769,9574397116,2025-07-03,2026-06-27
PH001472,DEV000680,865813963317769,8753426301,2020-06-01,2026-06-30
PH001473,DEV000681,492028418542818,8719025448,2026-04-12,2026-06-30
PH001474,DEV000681,492028418542818,7270384868,2023-05-13,2023-07-16
PH001475,DEV000682,498506315862852,8249408836,2025-09-11,2026-06-30
PH001476,DEV000682,498506315862852,8930052338,2021-08-30,2026-06-30
PH001477,DEV000682,498506315862852,7950786409,2026-06-21,2026-06-30
PH001478,DEV000682,498506315862852,7562308136,2024-08-14,2026-06-30
PH001479,DEV000684,014801496091440,8703924425,2020-09-16,2026-06-30
PH001480,DEV000684,014801496091440,7858604885,2022-07-29,2026-06-30
PH001481,DEV000684,014801496091440,9392270908,2023-10-15,2024-07-09
PH001482,DEV000684,014801496091440,7520742925,2019-11-21,2020-02-15
PH001483,DEV000685,350022983960650,9983484109,2020-08-15,2026-06-30
PH001484,DEV000686,866797540531941,7444249198,2021-01-29,2026-06-30
PH001485,DEV000686,866797540531941,9011786434,2020-09-23,2026-06-30
PH001486,DEV000686,866797540531941,8492301376,2020-03-14,2026-06-30
PH001487,DEV000686,866797540531941,9311323502,2021-04-27,2022-04-24
PH001488,DEV000686,866797540531941,9942068028,2018-05-03,2019-03-05
PH001489,DEV000687,350074012366646,8602130925,2021-03-26,2026-06-30
PH001490,DEV000687,350074012366646,7795911899,2020-02-29,2026-06-30
PH001491,DEV000688,863755876760172,8518789465,2022-04-24,2026-06-30
PH001492,DEV000688,863755876760172,8678636707,2022-07-07,2026-06-30
PH001493,DEV000689,867286027730542,7416576889,2024-11-21,2026-06-30
PH001494,DEV000689,867286027730542,8978153825,2018-01-29,2026-06-30
PH001495,DEV000689,867286027730542,8179474816,2021-10-12,2022-04-01
PH001496,DEV000690,356273706854050,7333797430,2021-12-30,2026-06-30
PH001497,DEV000691,493133228941293,8559702635,2025-02-19,2026-06-30
PH001498,DEV000691,493133228941293,9448650736,2023-04-07,2026-06-30
PH001499,DEV000692,013444470337300,7970821776,2021-02-13,2026-06-30
PH001500,DEV000692,013444470337300,7346281118,2024-08-03,2026-06-30
PH001501,DEV000692,013444470337300,8350870797,2024-10-26,2026-06-30
PH001502,DEV000692,013444470337300,8282776545,2025-06-18,2026-06-30
PH001503,DEV000693,353132823924093,9182632820,2025-05-13,2026-06-30
PH001504,DEV000694,353031584256144,9544049634,2024-06-25,2026-06-30
PH001505,DEV000694,353031584256144,8441247687,2025-07-23,2026-06-30
PH001506,DEV000694,353031584256144,7492649868,2023-01-09,2023-04-19
PH001507,DEV000695,350917533738992,9615980728,2023-04-23,2026-06-30
PH001508,DEV000695,350917533738992,9366679812,2018-12-04,2026-06-30
PH001509,DEV000696,011277815759203,8476865486,2026-04-20,2026-06-30
PH001510,DEV000697,350064185903321,8861251031,2019-12-22,2026-06-30
PH001511,DEV000697,350064185903321,8786615455,2025-02-12,2026-06-30
PH001512,DEV000699,013589389902543,9017734884,2020-01-03,2026-06-30
PH001513,DEV000698,356476836264143,8444107509,2018-07-14,2026-06-30
PH001514,DEV000698,356476836264143,9102746449,2018-05-15,2019-03-02
PH001515,DEV000700,499781463707318,8978362674,2022-06-22,2026-06-30
PH001516,DEV000700,499781463707318,9311433972,2021-09-13,2026-06-30
PH001517,DEV000700,499781463707318,7195515091,2023-03-16,2023-04-15
PH001518,DEV000700,499781463707318,8075964950,2021-12-07,2023-01-07
PH001519,DEV000702,014125779119936,8219905053,2023-10-30,2026-06-30
PH001520,DEV000703,015631351913231,8470650859,2026-02-05,2026-06-30
PH001521,DEV000703,015631351913231,7683454211,2025-11-26,2026-06-30
PH001522,DEV000704,356760886801107,8876477311,2025-01-16,2026-06-30
PH001523,DEV000705,017998288684574,9396898286,2019-10-05,2026-06-30
PH001524,DEV000706,356676664136777,8713729329,2025-09-09,2026-06-30
PH001525,DEV000707,016606404153655,9065596727,2019-06-19,2026-06-30
PH001526,DEV000707,016606404153655,7779785455,2023-09-21,2026-06-30
PH001527,DEV000707,016606404153655,9820043573,2021-05-27,2026-06-30
PH001528,DEV000707,016606404153655,7984135296,2021-09-25,2026-06-30
PH001529,DEV000707,016606404153655,9343997293,2025-04-28,2026-06-30
PH001530,DEV000708,359578541388702,8971497779,2023-09-04,2026-06-30
PH001531,DEV000709,016736261719310,9291210494,2024-04-04,2026-06-30
PH001532,DEV000709,016736261719310,7517406575,2018-04-03,2018-07-25
PH001533,DEV000710,354497985922552,8379727435,2025-08-03,2026-06-30
PH001534,DEV000712,496296558174242,7012581605,2024-10-02,2026-06-30
PH001535,DEV000712,496296558174242,8834920978,2023-03-17,2026-06-30
PH001536,DEV000712,496296558174242,8479354893,2023-11-30,2024-03-28
PH001537,DEV000711,499979398280251,8483169792,2024-08-13,2026-06-30
PH001538,DEV000711,499979398280251,7933622149,2025-09-12,2026-06-30
PH001539,DEV000713,868886258420238,8991443014,2025-07-14,2026-06-30
PH001540,DEV000713,868886258420238,9323336419,2025-01-13,2025-12-19
PH001541,DEV000713,868886258420238,8878168647,2021-09-28,2026-06-30
PH001542,DEV000713,868886258420238,8712831844,2019-06-02,2026-06-30
PH001543,DEV000713,868886258420238,9015209418,2023-03-30,2026-06-30
PH001544,DEV000713,868886258420238,8796621901,2020-07-14,2021-05-04
PH001545,DEV000714,861466518822223,7422249304,2021-01-01,2026-06-30
PH001546,DEV000714,861466518822223,9748723985,2025-05-03,2025-07-30
PH001547,DEV000714,861466518822223,9528977789,2024-01-12,2024-08-03
PH001548,DEV000716,010843645507322,9731953192,2021-07-21,2026-06-30
PH001549,DEV000716,010843645507322,7153043004,2023-01-28,2026-06-30
PH001550,DEV000716,010843645507322,9941667201,2024-05-11,2024-09-08
PH001551,DEV000716,010843645507322,8601941667,2020-08-07,2021-02-08
PH001552,DEV000717,357601462144569,7798100404,2019-06-15,2026-06-30
PH001553,DEV000717,357601462144569,8933534120,2024-07-17,2024-11-14
PH001554,DEV000718,491250660728750,9328679500,2021-05-22,2026-06-30
PH001555,DEV000719,354073878097131,8341514256,2020-11-11,2026-06-30
PH001556,DEV000719,354073878097131,8627613175,2020-11-30,2026-06-30
PH001557,DEV000719,354073878097131,7713225570,2024-12-04,2026-06-30
PH001558,DEV000719,354073878097131,9138303361,2025-05-29,2026-03-04
PH001559,DEV000720,354779416967679,8846173269,2018-04-03,2026-06-30
PH001560,DEV000720,354779416967679,8844702887,2025-03-26,2026-06-30
PH001561,DEV000722,016895960895383,8381436736,2025-07-29,2026-06-30
PH001562,DEV000721,492326418183474,8671184000,2024-02-15,2024-12-24
PH001563,DEV000722,016895960895383,9395515172,2022-01-22,2022-04-09
PH001564,DEV000721,492326418183474,7012028250,2024-10-14,2026-06-30
PH001565,DEV000723,359514184812438,8676150725,2019-05-26,2026-06-30
PH001566,DEV000725,862865204138778,9293770666,2022-06-23,2026-06-30
PH001567,DEV000724,355422242501340,9899955796,2022-01-03,2026-06-30
PH001568,DEV000724,355422242501340,8631834884,2024-10-03,2025-02-02
PH001569,DEV000727,019927893831600,9597725402,2018-06-05,2026-06-30
PH001570,DEV000727,019927893831600,7027489752,2021-10-30,2026-06-30
PH001571,DEV000726,016625561802155,9199878627,2020-08-04,2026-06-30
PH001572,DEV000728,868205322657766,8596524326,2018-09-23,2026-06-30
PH001573,DEV000729,494841238042727,9734929138,2023-12-18,2026-06-30
PH001574,DEV000729,494841238042727,8917419614,2025-04-27,2025-06-01
PH001575,DEV000729,494841238042727,7440743615,2019-09-15,2026-06-30
PH001576,DEV000729,494841238042727,9593066274,2023-02-06,2023-06-18
PH001577,DEV000730,354223616364354,8103033725,2021-08-21,2021-12-03
PH001578,DEV000731,499513324539534,8627481044,2025-03-17,2026-06-30
PH001579,DEV000732,359813852551166,8081491171,2023-10-13,2024-06-24
PH001580,DEV000731,499513324539534,7287376350,2025-02-12,2026-06-30
PH001581,DEV000733,495236963047636,8651516492,2019-06-01,2026-06-30
PH001582,DEV000733,495236963047636,7159093342,2020-03-25,2026-06-30
PH001583,DEV000735,866477150273225,8213137843,2021-09-13,2026-06-30
PH001584,DEV000735,866477150273225,8452989696,2018-10-21,2026-06-30
PH001585,DEV000734,352760939803496,8946960331,2026-01-13,2026-06-30
PH001586,DEV000734,352760939803496,8807525037,2022-09-26,2023-09-20
PH001587,DEV000736,357462942921754,8625394788,2026-06-22,2026-06-30
PH001588,DEV000736,357462942921754,8350764939,2022-10-24,2026-06-30
PH001589,DEV000736,357462942921754,7891168976,2025-12-28,2026-03-08
PH001590,DEV000737,864984348816523,7953732637,2023-09-11,2026-06-30
PH001591,DEV000737,864984348816523,8143706954,2026-01-18,2026-06-30
PH001592,DEV000738,491414794534317,8326083593,2018-05-01,2026-06-30
PH001593,DEV000739,011751359246814,7730050682,2021-04-11,2026-06-30
PH001594,DEV000739,011751359246814,7287281296,2026-03-22,2026-06-30
PH001595,DEV000740,494411339736911,9348796555,2024-03-29,2026-06-30
PH001596,DEV000740,494411339736911,7032619890,2022-04-07,2022-12-15
PH001597,DEV000741,867723232167872,7180686403,2023-02-01,2026-06-30
PH001598,DEV000742,861044238593146,9454143951,2023-06-18,2026-06-30
PH001599,DEV000743,015521597838555,9467212489,2026-05-22,2026-06-30
PH001600,DEV000743,015521597838555,9348120431,2023-09-28,2024-03-17
PH001601,DEV000744,491621699833609,7911393938,2024-12-03,2026-06-30
PH001602,DEV000744,491621699833609,8984228911,2021-12-15,2022-06-02
PH001603,DEV000744,491621699833609,9176932228,2022-08-09,2026-06-30
PH001604,DEV000744,491621699833609,8548684549,2020-12-13,2026-06-30
PH001605,DEV000744,491621699833609,8049271523,2023-01-31,2023-06-12
PH001606,DEV000746,018197599385163,7222918546,2020-09-24,2026-06-30
PH001607,DEV000747,011122510558585,7174486270,2022-05-22,2026-06-30
PH001608,DEV000747,011122510558585,9904362532,2018-09-19,2026-06-30
PH001609,DEV000747,011122510558585,8075629272,2024-05-21,2025-02-25
PH001610,DEV000749,866483668562200,9399738413,2022-01-04,2026-06-30
PH001611,DEV000749,866483668562200,8130081463,2023-07-01,2026-06-30
PH001612,DEV000749,866483668562200,7685438938,2020-08-09,2021-01-07
PH001613,DEV000749,866483668562200,7159125810,2023-08-12,2024-08-05
PH001614,DEV000750,350301452244148,8372292497,2018-01-08,2026-06-30
PH001615,DEV000750,350301452244148,7666154007,2018-03-03,2026-06-30
PH001616,DEV000750,350301452244148,8560229405,2021-10-01,2026-06-30
PH001617,DEV000750,350301452244148,9963393598,2019-06-16,2026-06-30
PH001618,DEV000751,490782102108814,8376666005,2020-06-10,2026-06-30
PH001619,DEV000752,867829101886168,7777443005,2023-01-14,2026-06-30
PH001620,DEV000753,499284997346387,9650849857,2023-05-30,2026-06-30
PH001621,DEV000754,861158897089099,9131544130,2022-08-15,2026-06-30
PH001622,DEV000754,861158897089099,9002202558,2025-03-01,2026-06-30
PH001623,DEV000755,497333659239814,8016600642,2025-08-24,2026-06-30
PH001624,DEV000755,497333659239814,9629009019,2022-04-18,2026-06-30
PH001625,DEV000755,497333659239814,8504483807,2025-10-04,2026-06-30
PH001626,DEV000755,497333659239814,7508303700,2024-05-31,2024-07-20
PH001627,DEV000756,352847121974240,8842584872,2025-11-04,2026-06-30
PH001628,DEV000757,494262894382039,9756201038,2019-07-29,2026-06-30
PH001629,DEV000758,359103889002199,8022894927,2023-09-20,2026-06-30
PH001630,DEV000758,359103889002199,7970981703,2023-09-06,2024-04-20
PH001631,DEV000758,359103889002199,7642253642,2020-07-06,2026-06-30
PH001632,DEV000759,016233064220755,8625296446,2018-06-12,2026-06-30
PH001633,DEV000759,016233064220755,8504225788,2019-05-04,2026-06-30
PH001634,DEV000760,497128446106058,7955759418,2019-06-07,2026-06-30
PH001635,DEV000761,355124684737055,9583551083,2019-12-04,2026-06-30
PH001636,DEV000760,497128446106058,7211760217,2020-06-23,2026-06-30
PH001637,DEV000760,497128446106058,8654878164,2021-05-13,2026-06-30
PH001638,DEV000762,016207174563786,9612087416,2019-04-09,2026-06-30
PH001639,DEV000764,355484145481889,9379093393,2025-12-10,2026-06-30
PH001640,DEV000764,355484145481889,7019696648,2022-10-26,2026-06-30
PH001641,DEV000764,355484145481889,7959976252,2024-05-11,2026-06-30
PH001642,DEV000765,015671092732482,8507579270,2018-08-04,2026-06-30
PH001643,DEV000766,493434577463812,9863663346,2024-05-22,2026-06-30
PH001644,DEV000766,493434577463812,9278488436,2025-06-05,2026-06-30
PH001645,DEV000766,493434577463812,7865424730,2023-02-21,2024-01-08
PH001646,DEV000767,355942377329648,8003248182,2020-12-24,2026-06-30
PH001647,DEV000767,355942377329648,8929965032,2023-06-16,2026-06-30
PH001648,DEV000767,355942377329648,7822108082,2020-03-18,2021-02-07
PH001649,DEV000767,355942377329648,7305928487,2021-05-14,2021-10-23
PH001650,DEV000767,355942377329648,7856211346,2024-01-28,2025-03-02
PH001651,DEV000768,354572939680835,8786190452,2019-03-22,2026-06-30
PH001652,DEV000768,354572939680835,9520994494,2022-08-25,2023-05-05
PH001653,DEV000769,861977844464692,8214205334,2024-02-29,2026-06-30
PH001654,DEV000769,861977844464692,7003330273,2025-07-05,2026-06-30
PH001655,DEV000769,861977844464692,9750334314,2026-01-22,2026-06-30
PH001656,DEV000769,861977844464692,9010631714,2019-08-06,2026-06-30
PH001657,DEV000770,864270117135949,7866045514,2025-02-05,2026-06-30
PH001658,DEV000771,354096499505439,8153292861,2019-07-05,2020-07-13
PH001659,DEV000771,354096499505439,8958358115,2023-07-23,2024-01-11
PH001660,DEV000773,495733235115634,8129262616,2019-06-03,2026-06-30
PH001661,DEV000773,495733235115634,7167283381,2018-05-27,2019-06-03
PH001662,DEV000772,353055876821338,8550407311,2019-02-20,2020-03-20
PH001663,DEV000773,495733235115634,8538578028,2018-05-03,2026-06-30
PH001664,DEV000774,359068220758445,7185788298,2026-04-08,2026-06-30
PH001665,DEV000776,355973791231006,9924996305,2020-06-30,2026-06-30
PH001666,DEV000775,352101416790853,8805244562,2025-01-04,2026-06-30
PH001667,DEV000775,352101416790853,9306346399,2026-04-03,2027-04-01
PH001668,DEV000776,355973791231006,9303504969,2020-04-27,2026-06-30
PH001669,DEV000777,497235156746647,8267553633,2026-04-08,2026-06-30
PH001670,DEV000777,497235156746647,8563238509,2020-04-09,2026-06-30
PH001671,DEV000778,351090160935180,7760461102,2018-08-03,2026-06-30
PH001672,DEV000778,351090160935180,7551145503,2020-05-23,2021-06-18
PH001673,DEV000779,495883763085103,8784672760,2024-09-19,2026-06-30
PH001674,DEV000779,495883763085103,7578747755,2025-04-13,2025-09-27
PH001675,DEV000780,493995585412104,9250171257,2024-08-03,2026-06-30
PH001676,DEV000780,493995585412104,8963473774,2025-07-30,2026-06-30
PH001677,DEV000780,493995585412104,8440076583,2021-06-08,2021-10-10
PH001678,DEV000781,352398136590487,7284945689,2023-04-28,2026-06-30
PH001679,DEV000781,352398136590487,7445826848,2025-03-09,2025-07-01
PH001680,DEV000782,357141862661686,8218079724,2019-08-09,2026-06-30
PH001681,DEV000782,357141862661686,9820137029,2023-12-26,2026-06-30
PH001682,DEV000783,355551216990675,8275379715,2020-07-09,2026-06-30
PH001683,DEV000783,355551216990675,8842779563,2024-02-26,2026-06-30
PH001684,DEV000783,355551216990675,8174949202,2020-11-10,2026-06-30
PH001685,DEV000784,010488586866243,8938202071,2025-06-04,2026-06-30
PH001686,DEV000784,010488586866243,8200620104,2020-03-28,2020-10-04
PH001687,DEV000785,014454571408368,9780140047,2018-03-10,2019-01-06
PH001688,DEV000785,014454571408368,8687212057,2023-08-15,2026-06-30
PH001689,DEV000784,010488586866243,7787364748,2022-09-23,2026-06-30
PH001690,DEV000785,014454571408368,7105640029,2024-02-21,2026-06-30
PH001691,DEV000786,354017825126957,7247634190,2019-12-08,2026-06-30
PH001692,DEV000786,354017825126957,9710043328,2025-08-21,2026-06-06
PH001693,DEV000787,013243073528411,8611132411,2023-11-04,2026-06-30
PH001694,DEV000787,013243073528411,9216841620,2026-06-07,2026-06-30
PH001695,DEV000788,351225044605441,9657910386,2018-04-02,2026-06-30
PH001696,DEV000789,865525575093699,7568972129,2023-07-18,2026-06-30
PH001697,DEV000789,865525575093699,9934755172,2023-01-19,2023-02-06
PH001698,DEV000789,865525575093699,7866791380,2021-04-03,2026-06-30
PH001699,DEV000791,357439183706729,9701807642,2018-05-21,2026-06-30
PH001700,DEV000791,357439183706729,7585055580,2022-12-02,2026-06-30
PH001701,DEV000792,359128081600341,7598158029,2018-06-10,2026-06-30
PH001702,DEV000793,862045245324448,8197384803,2020-10-14,2026-06-30
PH001703,DEV000795,358333418750435,7731906901,2021-12-01,2026-06-30
PH001704,DEV000794,351711063040793,7530374327,2018-07-18,2026-06-30
PH001705,DEV000794,351711063040793,9186547153,2022-03-31,2022-05-10
PH001706,DEV000794,351711063040793,9471212336,2025-06-09,2025-11-20
PH001707,DEV000796,352115686838591,9514692992,2020-05-24,2026-06-30
PH001708,DEV000796,352115686838591,8543204763,2020-10-06,2020-12-01
PH001709,DEV000796,352115686838591,8272498063,2024-08-07,2026-06-30
PH001710,DEV000796,352115686838591,7098870344,2023-09-20,2026-06-30
PH001711,DEV000797,861608275681354,8477348221,2022-09-01,2026-06-30
PH001712,DEV000797,861608275681354,8726353162,2023-05-27,2026-06-30
PH001713,DEV000798,358611516452083,7057012708,2023-09-02,2026-06-30
PH001714,DEV000798,358611516452083,8102835710,2022-12-12,2026-06-30
PH001715,DEV000798,358611516452083,7399774737,2020-08-18,2026-06-30
PH001716,DEV000798,358611516452083,9308386142,2024-08-15,2026-06-30
PH001717,DEV000798,358611516452083,9595817597,2019-10-22,2020-02-06
PH001718,DEV000799,017672735107184,7199392246,2018-07-16,2026-06-30
PH001719,DEV000800,356453881126288,9724486146,2024-12-18,2026-06-30
PH001720,DEV000800,356453881126288,8816336552,2023-06-17,2026-06-30
PH001721,DEV000800,356453881126288,8776526456,2018-09-11,2018-10-27
PH001722,DEV000800,356453881126288,7989515044,2019-10-24,2026-06-30
PH001723,DEV000802,357026721560908,8926022996,2024-09-01,2026-06-30
PH001724,DEV000802,357026721560908,7983326933,2019-03-25,2019-12-24
PH001725,DEV000802,357026721560908,8874778222,2018-03-22,2026-06-30
PH001726,DEV000803,356797001690685,7906756873,2021-06-15,2026-06-30
PH001727,DEV000803,356797001690685,8973768227,2020-03-27,2026-06-30
PH001728,DEV000803,356797001690685,7694401070,2021-09-21,2026-06-30
PH001729,DEV000805,014502361477353,8635242098,2020-09-04,2026-06-30
PH001730,DEV000807,356004704963683,7329063072,2023-08-29,2026-06-30
PH001731,DEV000806,017821370392022,7065118110,2021-11-06,2021-12-09
PH001732,DEV000807,356004704963683,8980102714,2020-09-12,2021-03-07
PH001733,DEV000808,499950898982352,7676534473,2024-03-28,2026-06-30
PH001734,DEV000808,499950898982352,9816572731,2023-08-16,2026-06-30
PH001735,DEV000808,499950898982352,7328581137,2026-01-25,2026-06-30
PH001736,DEV000808,499950898982352,9666126516,2020-07-15,2026-06-30
PH001737,DEV000810,356132204007188,8328598340,2026-04-19,2026-06-30
PH001738,DEV000809,866132531837892,7537547307,2021-11-20,2026-06-30
PH001739,DEV000810,356132204007188,7825151140,2018-09-21,2019-09-24
PH001740,DEV000811,013079693215413,7592871052,2022-10-10,2026-06-30
PH001741,DEV000812,357837995837806,8848706049,2024-05-23,2026-06-30
PH001742,DEV000812,357837995837806,8150161966,2022-08-25,2026-06-30
PH001743,DEV000812,357837995837806,9673640475,2026-01-01,2026-06-30
PH001744,DEV000812,357837995837806,9570157326,2025-06-21,2026-06-30
PH001745,DEV000813,868416395425090,9760176277,2024-07-19,2026-06-30
PH001746,DEV000814,351493631258869,8508185068,2025-09-14,2026-06-30
PH001747,DEV000814,351493631258869,7380937697,2025-12-29,2026-06-30
PH001748,DEV000814,351493631258869,9777488756,2020-02-16,2021-03-22
PH001749,DEV000814,351493631258869,7193004717,2025-05-06,2026-06-30
PH001750,DEV000814,351493631258869,9338110053,2022-04-28,2026-06-30
PH001751,DEV000815,015736503889847,8824442709,2019-11-09,2026-06-30
PH001752,DEV000816,490384741347359,8262934931,2019-01-24,2026-06-30
PH001753,DEV000816,490384741347359,7486378435,2019-01-06,2026-06-30
PH001754,DEV000816,490384741347359,7470721162,2018-09-02,2026-06-30
PH001755,DEV000817,351855146329142,9840533154,2023-01-15,2026-06-30
PH001756,DEV000817,351855146329142,7765569589,2019-06-12,2026-06-30
PH001757,DEV000818,019990778603996,8626297598,2026-04-25,2026-06-30
PH001758,DEV000818,019990778603996,8160375142,2023-07-16,2026-06-30
PH001759,DEV000818,019990778603996,7848435885,2018-06-29,2019-04-25
PH001760,DEV000820,356557107691545,9421431075,2018-03-29,2026-06-30
PH001761,DEV000820,356557107691545,8623772149,2026-02-09,2026-06-30
PH001762,DEV000819,011273334688036,7216280095,2022-09-08,2026-06-30
PH001763,DEV000821,016148163711345,7105529503,2019-10-25,2026-06-30
PH001764,DEV000821,016148163711345,9952403473,2024-07-09,2025-02-17
PH001765,DEV000821,016148163711345,9991057241,2025-11-07,2026-06-30
PH001766,DEV000822,359601621736230,8257053563,2021-03-19,2026-06-30
PH001767,DEV000823,359691780201785,7686628467,2022-10-13,2026-06-30
PH001768,DEV000823,359691780201785,9626511659,2021-11-03,2026-06-30
PH001769,DEV000823,359691780201785,8859465660,2022-04-22,2026-06-30
PH001770,DEV000823,359691780201785,7589004588,2022-01-19,2022-10-26
PH001771,DEV000825,350525979454378,8170930666,2022-08-20,2026-06-30
PH001772,DEV000824,352270087417262,9192734472,2022-06-06,2026-06-30
PH001773,DEV000824,352270087417262,7687068829,2022-04-22,2026-06-30
PH001774,DEV000824,352270087417262,9593631742,2022-05-30,2026-06-30
PH001775,DEV000826,357593003638029,7889768754,2025-02-03,2026-06-30
PH001776,DEV000827,351101758462633,8304976944,2018-08-22,2026-06-30
PH001777,DEV000828,862243947172861,8569271854,2024-01-26,2026-06-30
PH001778,DEV000828,862243947172861,7373852926,2018-12-15,2026-06-30
PH001779,DEV000828,862243947172861,8212588106,2022-10-04,2026-06-30
PH001780,DEV000829,499192515582817,9898811670,2022-08-22,2026-06-30
PH001781,DEV000829,499192515582817,9709255146,2018-09-03,2018-11-11
PH001782,DEV000830,860046177668583,8221524728,2023-05-06,2026-06-30
PH001783,DEV000830,860046177668583,7825601529,2021-05-26,2026-06-30
PH001784,DEV000831,357600927559463,9941783370,2019-04-17,2026-06-30
PH001785,DEV000831,357600927559463,7091284878,2023-11-17,2026-06-30
PH001786,DEV000832,863856132501412,8547807729,2023-06-23,2026-06-30
PH001787,DEV000832,863856132501412,7642394453,2024-01-18,2026-06-30
PH001788,DEV000832,863856132501412,9206170365,2025-06-21,2026-06-30
PH001789,DEV000835,351969270566699,9852047772,2018-02-20,2026-06-30
PH001790,DEV000834,499812076658944,9249083631,2021-03-04,2026-06-30
PH001791,DEV000834,499812076658944,8825787491,2018-10-28,2019-06-27
PH001792,DEV000835,351969270566699,9061979083,2020-02-26,2026-06-30
PH001793,DEV000836,495456497577654,9960781413,2023-04-09,2026-06-30
PH001794,DEV000836,495456497577654,9847687938,2025-01-11,2026-06-30
PH001795,DEV000836,495456497577654,9709349400,2022-10-12,2026-06-30
PH001796,DEV000836,495456497577654,7819036716,2025-04-06,2025-05-23
PH001797,DEV000836,495456497577654,8905068929,2020-12-28,2026-06-30
PH001798,DEV000836,495456497577654,9872002997,2023-10-09,2026-06-30
PH001799,DEV000837,358656276708153,7786712572,2018-11-16,2026-06-30
PH001800,DEV000838,862497450452655,9794323989,2019-11-13,2026-06-30
PH001801,DEV000838,862497450452655,8731242901,2025-12-04,2026-06-30
PH001802,DEV000839,863795340668165,8970444035,2022-03-11,2026-06-30
PH001803,DEV000839,863795340668165,9095868995,2018-06-04,2018-12-21
PH001804,DEV000839,863795340668165,8103337514,2021-02-08,2026-06-30
PH001805,DEV000839,863795340668165,8806603175,2018-11-26,2019-04-20
PH001806,DEV000839,863795340668165,8145952189,2018-11-30,2026-06-30
PH001807,DEV000840,861585252087591,9009300229,2024-07-27,2026-06-30
PH001808,DEV000842,357725045987359,8572910959,2018-03-18,2026-06-30
PH001809,DEV000841,010584898142045,7883590404,2019-03-21,2019-08-30
PH001810,DEV000841,010584898142045,8577614997,2022-12-04,2026-06-30
PH001811,DEV000843,018412622761718,8513083741,2020-03-02,2026-06-30
PH001812,DEV000844,352151272525343,8413576807,2021-12-11,2026-06-30
PH001813,DEV000844,352151272525343,8561574356,2019-06-24,2026-06-30
PH001814,DEV000844,352151272525343,8082742945,2023-05-09,2026-06-30
PH001815,DEV000844,352151272525343,7473710528,2021-04-29,2026-06-30
PH001816,DEV000845,495802744688200,7541764424,2023-09-06,2026-06-30
PH001817,DEV000845,495802744688200,9038261172,2019-08-08,2026-06-30
PH001818,DEV000845,495802744688200,8773720564,2018-05-25,2026-06-30
PH001819,DEV000846,863754484058658,9251582372,2024-12-14,2026-06-30
PH001820,DEV000846,863754484058658,7269961938,2023-03-22,2026-06-30
PH001821,DEV000846,863754484058658,7880929186,2024-05-02,2024-08-29
PH001822,DEV000847,017793076029592,8857920452,2024-03-18,2026-06-30
PH001823,DEV000847,017793076029592,9425214541,2025-06-27,2025-11-30
PH001824,DEV000847,017793076029592,8538638258,2021-07-24,2026-06-30
PH001825,DEV000848,018815687058654,7171595412,2022-05-11,2026-06-30
PH001826,DEV000849,010252191474213,8513049510,2024-11-04,2026-06-30
PH001827,DEV000849,010252191474213,8113974151,2023-08-18,2026-06-30
PH001828,DEV000849,010252191474213,9333525443,2024-04-29,2026-06-30
PH001829,DEV000849,010252191474213,9238970235,2019-12-14,2026-06-30
PH001830,DEV000850,867617435815778,9547365305,2025-08-22,2026-06-30
PH001831,DEV000851,865304966021275,9369111579,2021-07-11,2026-06-30
PH001832,DEV000851,865304966021275,8828473134,2023-10-21,2024-05-11
PH001833,DEV000851,865304966021275,7310490394,2018-04-06,2026-06-30
PH001834,DEV000852,359069618954931,9835409297,2019-11-04,2026-06-30
PH001835,DEV000853,356042667617196,8221535525,2022-05-31,2026-06-30
PH001836,DEV000853,356042667617196,7237295416,2020-07-23,2026-06-30
PH001837,DEV000853,356042667617196,7917856148,2024-04-05,2026-06-30
PH001838,DEV000854,355635769206245,9132244838,2021-07-09,2026-06-30
PH001839,DEV000854,355635769206245,8093087274,2026-04-21,2026-06-30
PH001840,DEV000855,492077188202756,7476521510,2020-02-01,2026-06-30
PH001841,DEV000855,492077188202756,7339056665,2018-12-23,2019-08-10
PH001842,DEV000855,492077188202756,9693715125,2023-04-01,2026-06-30
PH001843,DEV000856,350373148007348,8760169103,2026-05-13,2026-06-30
PH001844,DEV000856,350373148007348,7402104464,2023-04-29,2026-06-30
PH001845,DEV000857,868591565973180,8092170988,2020-09-23,2026-06-30
PH001846,DEV000858,492887822832197,9996872797,2021-01-23,2026-06-30
PH001847,DEV000859,355935769438563,7428302456,2023-07-24,2026-06-30
PH001848,DEV000860,491523664362898,9320670975,2020-09-25,2026-06-30
PH001849,DEV000860,491523664362898,8158720113,2020-12-14,2026-06-30
PH001850,DEV000861,499611679018925,9132427546,2018-02-04,2026-06-30
PH001851,DEV000861,499611679018925,8030422156,2022-02-25,2026-06-30
PH001852,DEV000861,499611679018925,7350090442,2024-08-16,2024-12-14
PH001853,DEV000863,353897231960188,9990236794,2024-10-11,2026-06-30
PH001854,DEV000863,353897231960188,8533703755,2022-03-22,2022-09-21
PH001855,DEV000862,863459314139621,9838268160,2022-05-25,2026-06-30
PH001856,DEV000864,492590265358814,8930306066,2018-09-17,2026-06-30
PH001857,DEV000865,014584127365470,8159848294,2020-06-20,2026-06-30
PH001858,DEV000865,014584127365470,9991199921,2025-08-14,2025-09-27
PH001859,DEV000865,014584127365470,8409123635,2025-03-08,2026-06-30
PH001860,DEV000866,350498395454165,7836205880,2025-06-02,2026-06-30
PH001861,DEV000867,011039282929166,9345581789,2024-01-30,2026-06-30
PH001862,DEV000867,011039282929166,8356115570,2018-11-16,2026-06-30
PH001863,DEV000867,011039282929166,9280775332,2021-03-16,2022-03-15
PH001864,DEV000868,495243423288159,7828230324,2026-02-24,2026-06-30
PH001865,DEV000869,869220122337366,8487848609,2021-05-09,2026-06-30
PH001866,DEV000869,869220122337366,9558091819,2023-03-21,2026-06-30
PH001867,DEV000870,864501272093701,7148051066,2023-08-14,2026-06-30
PH001868,DEV000870,864501272093701,9882568131,2018-06-16,2026-06-30
PH001869,DEV000870,864501272093701,7266564337,2021-06-28,2026-06-30
PH001870,DEV000870,864501272093701,7595525487,2024-02-25,2026-06-30
PH001871,DEV000871,017825199913860,7451306957,2019-02-06,2026-06-30
PH001872,DEV000871,017825199913860,7218388521,2018-12-13,2026-06-30
PH001873,DEV000871,017825199913860,8254909239,2021-06-30,2021-09-03
PH001874,DEV000872,352702456225928,8659041955,2026-06-23,2026-06-30
PH001875,DEV000872,352702456225928,9720477229,2020-05-25,2021-06-05
PH001876,DEV000873,499578295133495,9651807617,2020-03-25,2026-06-30
PH001877,DEV000874,498722977418357,7816885883,2023-10-09,2026-06-30
PH001878,DEV000875,863504242483514,9798109297,2018-01-18,2026-06-30
PH001879,DEV000875,863504242483514,7845253284,2025-09-23,2026-06-30
PH001880,DEV000875,863504242483514,8879288122,2018-09-13,2019-03-12
PH001881,DEV000875,863504242483514,9584085270,2021-08-31,2026-06-30
PH001882,DEV000876,491212096763233,9865850141,2024-09-29,2026-06-30
PH001883,DEV000876,491212096763233,7306285747,2023-01-25,2026-06-30
PH001884,DEV000877,359797747709613,7530675354,2021-07-16,2026-06-30
PH001885,DEV000878,016329325884761,9056499702,2024-05-04,2026-06-30
PH001886,DEV000878,016329325884761,7929865866,2020-03-14,2026-06-30
PH001887,DEV000879,867459746833367,9543853500,2024-06-23,2024-09-26
PH001888,DEV000878,016329325884761,7658661941,2020-01-04,2026-06-30
PH001889,DEV000880,497360135836300,7818911782,2023-04-15,2026-06-30
PH001890,DEV000881,352413505691197,9563984925,2018-10-17,2026-06-30
PH001891,DEV000880,497360135836300,7497077858,2025-10-24,2026-05-13
PH001892,DEV000882,355223499367288,7016673822,2020-06-25,2026-06-30
PH001893,DEV000882,355223499367288,8460364811,2020-02-13,2026-06-30
PH001894,DEV000882,355223499367288,8091898539,2023-08-19,2026-06-30
PH001895,DEV000883,017252942669246,9413953848,2023-03-29,2026-06-30
PH001896,DEV000885,867690386604956,9920378208,2018-01-03,2026-06-30
PH001897,DEV000884,353198333592996,7007827349,2022-08-22,2023-01-04
PH001898,DEV000884,353198333592996,7572473952,2024-04-03,2026-06-30
PH001899,DEV000885,867690386604956,9724324919,2025-03-12,2026-06-30
PH001900,DEV000886,013016123510758,8838489879,2025-06-26,2026-06-30
PH001901,DEV000887,012603654618362,7698918581,2019-12-02,2026-06-30
PH001902,DEV000888,499864022351348,8116626623,2022-04-11,2026-06-30
PH001903,DEV000888,499864022351348,9116507778,2025-11-03,2026-10-17
PH001904,DEV000888,499864022351348,7475652272,2020-10-23,2021-07-10
PH001905,DEV000889,353461043441967,9158654711,2025-01-10,2026-06-30
PH001906,DEV000889,353461043441967,8312281505,2026-03-20,2026-06-17
PH001907,DEV000890,358698652510402,7818164241,2023-01-29,2026-06-30
PH001908,DEV000891,494079810192494,7917185464,2024-02-12,2026-06-30
PH001909,DEV000891,494079810192494,9680165984,2021-06-29,2026-06-30
PH001910,DEV000892,358165247358339,8333387180,2022-01-13,2026-06-30
PH001911,DEV000893,357710228183421,9807743181,2018-03-23,2026-06-30
PH001912,DEV000893,357710228183421,8137763142,2023-03-28,2026-06-30
PH001913,DEV000892,358165247358339,9341024955,2019-04-17,2026-06-30
PH001914,DEV000893,357710228183421,9623904412,2022-10-30,2026-06-30
PH001915,DEV000892,358165247358339,9464654962,2024-07-19,2026-06-30
PH001916,DEV000894,012715685230163,9720218107,2020-06-16,2026-06-30
PH001917,DEV000894,012715685230163,7342788173,2019-05-03,2026-06-30
PH001918,DEV000895,354427080214714,8163144973,2023-12-23,2026-06-30
PH001919,DEV000895,354427080214714,9008839682,2026-06-18,2026-06-30
PH001920,DEV000895,354427080214714,7209672914,2024-04-30,2024-06-02
PH001921,DEV000895,354427080214714,7430840510,2019-12-22,2026-06-30
PH001922,DEV000896,499267213638626,8251080368,2022-12-18,2026-06-30
PH001923,DEV000896,499267213638626,7000393032,2022-03-23,2026-06-30
PH001924,DEV000896,499267213638626,8548896633,2021-05-04,2026-06-30
PH001925,DEV000897,355780183476673,7709264256,2023-08-28,2026-06-30
PH001926,DEV000898,359356003308977,9325494503,2022-08-26,2026-06-30
PH001927,DEV000898,359356003308977,9448168543,2020-07-23,2026-06-30
PH001928,DEV000899,353955296417134,9638831552,2021-07-12,2026-06-30
PH001929,DEV000899,353955296417134,8273510412,2020-07-19,2021-02-13
PH001930,DEV000899,353955296417134,9221403209,2020-05-14,2026-06-30
PH001931,DEV000899,353955296417134,8062841672,2025-04-05,2026-06-30
PH001932,DEV000900,860918218972288,9212343152,2020-03-22,2026-06-30
PH001933,DEV000901,866181022939844,8792407101,2024-06-20,2026-06-30
PH001934,DEV000901,866181022939844,7685538191,2021-02-27,2022-02-13
PH001935,DEV000903,497603564166576,8710667854,2024-01-19,2026-06-30
PH001936,DEV000902,010852855864386,7245464563,2024-08-04,2025-06-26
PH001937,DEV000903,497603564166576,7424189908,2021-10-09,2026-06-30
PH001938,DEV000903,497603564166576,9523432096,2019-04-20,2026-06-30
PH001939,DEV000904,490387652021474,7173538956,2024-06-26,2026-06-30
PH001940,DEV000904,490387652021474,9609813774,2025-09-09,2026-06-30
PH001941,DEV000904,490387652021474,9781962951,2024-02-16,2026-06-30
PH001942,DEV000905,350869923427347,9455320888,2020-09-04,2026-06-30
PH001943,DEV000905,350869923427347,9958362046,2018-05-11,2026-06-30
PH001944,DEV000905,350869923427347,7365670028,2023-01-08,2026-06-30
PH001945,DEV000906,352205726303280,7845051949,2024-11-01,2026-06-30
PH001946,DEV000906,352205726303280,8755456979,2026-04-28,2026-06-30
PH001947,DEV000907,499708099081343,7731725564,2020-08-06,2026-06-30
PH001948,DEV000907,499708099081343,8481071259,2022-02-01,2022-08-24
PH001949,DEV000907,499708099081343,9663667886,2023-06-30,2026-06-30
PH001950,DEV000907,499708099081343,7526453935,2026-05-04,2026-06-30
PH001951,DEV000908,490325683749947,8700915051,2024-07-16,2026-06-30
PH001952,DEV000908,490325683749947,8930874506,2021-02-07,2026-06-30
PH001953,DEV000909,359476983328212,9625890022,2023-07-20,2026-06-30
PH001954,DEV000909,359476983328212,7678949858,2019-05-17,2026-06-30
PH001955,DEV000911,354709354541887,7463241377,2018-07-31,2026-06-30
PH001956,DEV000911,354709354541887,7391553533,2019-02-07,2026-06-30
PH001957,DEV000911,354709354541887,7778538297,2018-08-27,2018-10-05
PH001958,DEV000910,491448536792890,9748057935,2020-06-21,2026-06-30
PH001959,DEV000912,867872338417357,9970760881,2021-06-25,2026-06-30
PH001960,DEV000913,862007393781509,9915561945,2026-03-06,2026-06-30
PH001961,DEV000914,496476553831222,9640926564,2019-01-19,2026-06-30
PH001962,DEV000914,496476553831222,7510217847,2022-07-02,2026-06-30
PH001963,DEV000914,496476553831222,8714966616,2023-04-24,2026-06-30
PH001964,DEV000915,499523136281415,7713663810,2025-05-01,2026-06-30
PH001965,DEV000917,016553617338225,9798625830,2018-10-19,2026-06-30
PH001966,DEV000916,014664355009720,7761890258,2022-06-13,2026-06-30
PH001967,DEV000917,016553617338225,8004235865,2024-03-18,2026-06-30
PH001968,DEV000916,014664355009720,9502819062,2020-03-07,2026-06-30
PH001969,DEV000918,351610735231975,7154021675,2021-11-11,2026-06-30
PH001970,DEV000919,018312297788158,9655515510,2023-12-26,2026-06-30
PH001971,DEV000920,863899995953833,8564677740,2022-08-24,2026-06-30
PH001972,DEV000920,863899995953833,7799104330,2023-03-09,2026-06-30
PH001973,DEV000919,018312297788158,7434385629,2020-05-29,2026-06-30
PH001974,DEV000921,356367240353222,7693287306,2024-07-27,2026-06-30
PH001975,DEV000922,496077850050247,9503745241,2021-12-28,2026-06-30
PH001976,DEV000922,496077850050247,7599771285,2023-04-09,2026-06-30
PH001977,DEV000923,860356931547245,9114668303,2020-04-14,2026-06-30
PH001978,DEV000923,860356931547245,9241098335,2022-01-08,2023-01-08
PH001979,DEV000923,860356931547245,7678080031,2025-01-27,2025-11-17
PH001980,DEV000924,013190956534298,8563953982,2024-02-07,2026-06-30
PH001981,DEV000924,013190956534298,9812421015,2021-06-08,2022-02-23
PH001982,DEV000925,351103704046408,9787955229,2022-04-01,2026-06-30
PH001983,DEV000925,351103704046408,9809084650,2019-11-29,2026-06-30
PH001984,DEV000925,351103704046408,7376572254,2020-10-05,2026-06-30
PH001985,DEV000925,351103704046408,7918297424,2023-06-01,2023-12-05
PH001986,DEV000926,863274656005139,8014140617,2023-06-26,2026-06-30
PH001987,DEV000926,863274656005139,8438069738,2019-07-01,2026-06-30
PH001988,DEV000927,351750094266387,8875106255,2019-06-19,2026-06-30
PH001989,DEV000927,351750094266387,8047796002,2025-12-24,2026-06-30
PH001990,DEV000928,018761193599724,9930196516,2023-09-17,2026-06-30
PH001991,DEV000929,358771352513371,8615338130,2022-11-27,2026-06-30
PH001992,DEV000929,358771352513371,9490001651,2019-12-02,2026-06-30
PH001993,DEV000929,358771352513371,7694594060,2022-02-03,2022-05-14
PH001994,DEV000931,866347095702882,7919543921,2024-10-13,2026-06-30
PH001995,DEV000931,866347095702882,9828478300,2019-04-19,2026-06-30
PH001996,DEV000931,866347095702882,7023561173,2018-04-04,2026-06-30
PH001997,DEV000933,353567244312700,7635311280,2021-12-28,2026-06-30
PH001998,DEV000933,353567244312700,7358497161,2026-05-27,2027-03-13
PH001999,DEV000933,353567244312700,7325588228,2020-01-25,2026-06-30
PH002000,DEV000933,353567244312700,9492517848,2025-08-26,2026-06-30
PH002001,DEV000934,490040039365654,8842977578,2025-10-21,2026-06-30
PH002002,DEV000934,490040039365654,8602153472,2025-01-24,2026-06-30
PH002003,DEV000935,493842432173513,8475380157,2026-02-02,2026-06-30
PH002004,DEV000935,493842432173513,7952765646,2023-04-01,2026-06-30
PH002005,DEV000936,863459738683300,7882800738,2022-04-14,2026-06-30
PH002006,DEV000938,491713989577408,7031427404,2018-09-07,2026-06-30
PH002007,DEV000937,356937915032862,8373216783,2019-01-19,2026-06-30
PH002008,DEV000937,356937915032862,7807366559,2024-06-10,2026-06-30
PH002009,DEV000939,499766262793390,9255894388,2025-03-14,2026-06-30
PH002010,DEV000940,494267717686735,9903108610,2023-03-28,2026-06-30
PH002011,DEV000941,869642378416304,9308204577,2018-04-11,2019-01-19
PH002012,DEV000941,869642378416304,7745000956,2020-12-01,2021-05-23
PH002013,DEV000941,869642378416304,8670135507,2022-10-20,2026-06-30
PH002014,DEV000942,351612532865129,7542148585,2024-04-21,2026-06-30
PH002015,DEV000942,351612532865129,7943208464,2026-05-05,2027-05-10
PH002016,DEV000943,356713709100492,9073875243,2024-06-25,2026-06-30
PH002017,DEV000943,356713709100492,9832706469,2025-12-14,2026-05-29
PH002018,DEV000943,356713709100492,8100177473,2025-10-24,2026-05-24
PH002019,DEV000944,495598540496079,8868062400,2019-08-14,2026-06-30
PH002020,DEV000946,353289403815596,8445930850,2020-03-02,2026-06-30
PH002021,DEV000945,865982879241228,8508972007,2020-08-30,2026-06-30
PH002022,DEV000946,353289403815596,7158205787,2024-11-19,2025-04-13
PH002023,DEV000947,350230302973497,7355787436,2025-01-20,2026-06-30
PH002024,DEV000947,350230302973497,8342100007,2024-01-31,2026-06-30
PH002025,DEV000947,350230302973497,9737183489,2023-08-15,2023-12-02
PH002026,DEV000947,350230302973497,9038606661,2019-07-31,2020-06-06
PH002027,DEV000948,352237689004621,8950160414,2023-07-20,2026-06-30
PH002028,DEV000949,867721789767797,7006478552,2020-05-09,2026-06-30
PH002029,DEV000949,867721789767797,8396614674,2022-02-19,2022-07-21
PH002030,DEV000951,017490162688865,8708133176,2026-04-26,2026-06-30
PH002031,DEV000950,358407726711840,8296756015,2026-01-31,2026-06-30
PH002032,DEV000950,358407726711840,7164613916,2023-04-06,2026-06-30
PH002033,DEV000950,358407726711840,8399313221,2023-05-07,2023-06-19
PH002034,DEV000951,017490162688865,7439402826,2021-04-17,2026-06-30
PH002035,DEV000952,490012228129985,9748660837,2018-11-14,2026-06-30
PH002036,DEV000952,490012228129985,9898611076,2024-05-28,2026-06-30
PH002037,DEV000953,358583799654799,7536381398,2020-05-20,2026-06-30
PH002038,DEV000954,868265095365018,8596745529,2019-03-09,2026-06-30
PH002039,DEV000955,864185192880266,7348838109,2025-06-28,2026-06-30
PH002040,DEV000957,354569276400630,9159169454,2023-04-26,2026-06-30
PH002041,DEV000957,354569276400630,8156874868,2021-09-15,2026-06-30
PH002042,DEV000956,865101710122528,7694952079,2024-10-26,2025-02-16
PH002043,DEV000958,499344573588489,9450796093,2022-09-09,2026-06-30
PH002044,DEV000960,019124496264967,9045489465,2019-09-07,2026-06-30
PH002045,DEV000960,019124496264967,7425433577,2022-11-25,2023-05-11
PH002046,DEV000960,019124496264967,8736579909,2018-10-17,2026-06-30
PH002047,DEV000962,019459143624171,8765378511,2019-12-18,2026-06-30
PH002048,DEV000961,355300224666765,8212987530,2023-03-22,2026-06-30
PH002049,DEV000962,019459143624171,9060147423,2023-04-11,2026-06-30
PH002050,DEV000962,019459143624171,7825306300,2019-11-14,2020-05-19
PH002051,DEV000963,493337069153840,9738691269,2018-07-07,2026-06-30
PH002052,DEV000963,493337069153840,8211540629,2018-08-05,2026-06-30
PH002053,DEV000964,010883070372399,8165710354,2024-07-02,2026-06-30
PH002054,DEV000965,010470657136745,7748561737,2019-04-29,2026-06-30
PH002055,DEV000965,010470657136745,7660229983,2019-09-19,2026-06-30
PH002056,DEV000966,866759041471467,8990472683,2022-08-30,2026-06-30
PH002057,DEV000967,357741464899518,9728862840,2019-07-31,2026-06-30
PH002058,DEV000968,354218800354433,9257561467,2022-10-13,2026-06-30
PH002059,DEV000968,354218800354433,7136121259,2023-02-25,2026-06-30
PH002060,DEV000968,354218800354433,8709519002,2025-07-22,2025-10-31
PH002061,DEV000970,359130925421208,7466139663,2023-11-02,2026-06-30
PH002062,DEV000969,358091620231348,9075271286,2021-07-01,2026-06-30
PH002063,DEV000970,359130925421208,7758035550,2018-02-27,2026-06-30
PH002064,DEV000970,359130925421208,7687373705,2021-02-28,2026-06-30
PH002065,DEV000970,359130925421208,9697194927,2024-11-28,2025-05-25
PH002066,DEV000971,351393503275352,7298351312,2019-07-24,2026-06-30
PH002067,DEV000971,351393503275352,8218241800,2023-02-27,2026-06-30
PH002068,DEV000971,351393503275352,8012637658,2019-06-01,2026-06-30
PH002069,DEV000971,351393503275352,8949580819,2020-01-29,2026-06-30
PH002070,DEV000972,862778988008591,7955103807,2026-01-29,2026-06-30
PH002071,DEV000972,862778988008591,7622447884,2023-02-20,2023-10-23
PH002072,DEV000972,862778988008591,7423556460,2021-03-29,2026-06-30
PH002073,DEV000975,012035021931175,7426362296,2019-03-25,2026-06-30
PH002074,DEV000974,497602731991644,7093261113,2023-04-14,2026-06-30
PH002075,DEV000974,497602731991644,7858692985,2023-10-17,2024-03-01
PH002076,DEV000976,356329646382026,7564870340,2018-03-29,2026-06-30
PH002077,DEV000976,356329646382026,8592234890,2023-12-25,2026-06-30
PH002078,DEV000977,356980668773571,7753011318,2022-07-23,2026-06-30
PH002079,DEV000977,356980668773571,8970271203,2026-04-12,2026-08-19
PH002080,DEV000978,355153601041848,7553610763,2019-01-28,2026-06-30
PH002081,DEV000978,355153601041848,9391908976,2025-01-15,2025-05-22
PH002082,DEV000978,355153601041848,8813911848,2019-04-15,2026-06-30
PH002083,DEV000978,355153601041848,7156151923,2025-08-24,2026-06-30
PH002084,DEV000980,352624377630476,8349060496,2023-10-14,2026-06-30
PH002085,DEV000980,352624377630476,7822653165,2020-06-09,2020-07-15
PH002086,DEV000980,352624377630476,7394529326,2024-01-04,2026-06-30
PH002087,DEV000980,352624377630476,9811604114,2018-01-04,2026-06-30
PH002088,DEV000981,492353958725005,7389134471,2018-10-10,2026-06-30
PH002089,DEV000981,492353958725005,7962286655,2022-07-11,2026-06-30
PH002090,DEV000981,492353958725005,7625942599,2018-05-18,2018-07-02
PH002091,DEV000983,493902580618715,7458223732,2021-04-06,2026-06-30
PH002092,DEV000982,357124748346360,7809772707,2025-07-25,2026-06-30
PH002093,DEV000983,493902580618715,9968162121,2022-12-14,2026-06-30
PH002094,DEV000983,493902580618715,7409681303,2021-09-17,2022-10-04
PH002095,DEV000984,012892564817326,9573768859,2018-03-08,2026-06-30
PH002096,DEV000984,012892564817326,9757269068,2026-01-23,2026-06-30
PH002097,DEV000985,356760140696866,8626099142,2021-04-26,2026-06-30
PH002098,DEV000985,356760140696866,9230026387,2020-12-22,2026-06-30
PH002099,DEV000986,861280008530044,8151143719,2018-05-30,2026-06-30
PH002100,DEV000986,861280008530044,9556072312,2021-08-13,2022-06-21
PH002101,DEV000986,861280008530044,9625014781,2024-10-23,2026-06-30
PH002102,DEV000987,498742483997048,7938696242,2022-12-13,2026-06-30
PH002103,DEV000988,493739993559541,8928490625,2022-07-12,2026-06-30
PH002104,DEV000989,491384300273118,7933053692,2021-06-17,2026-06-30
PH002105,DEV000989,491384300273118,8314014740,2018-11-26,2019-07-20
PH002106,DEV000989,491384300273118,9336851318,2018-10-12,2026-06-30
PH002107,DEV000990,497489378112218,7551403648,2020-01-26,2026-06-30
PH002108,DEV000991,861218914588684,8653582097,2021-02-27,2026-06-30
PH002109,DEV000992,863463306138338,7813067013,2019-08-02,2026-06-30
PH002110,DEV000992,863463306138338,9821671866,2020-01-29,2026-06-30
PH002111,DEV000992,863463306138338,8191949151,2018-11-11,2026-06-30
PH002112,DEV000994,353385860149962,7292328181,2023-11-23,2026-06-30
PH002113,DEV000993,357078254958435,9806319426,2018-02-01,2026-06-30
PH002114,DEV000994,353385860149962,7557109974,2024-05-06,2026-06-30
PH002115,DEV000995,355571518713701,7831942909,2020-08-13,2026-06-30
PH002116,DEV000996,358676651844853,8105336073,2020-01-27,2026-06-30
PH002117,DEV000997,352714665758818,9226617864,2026-03-12,2026-06-30
PH002118,DEV000997,352714665758818,7387406019,2025-04-12,2025-06-26
PH002119,DEV000997,352714665758818,9845301913,2021-04-04,2022-01-17
PH002120,DEV000998,863508221245292,8601706567,2022-07-19,2026-06-30
PH002121,DEV000998,863508221245292,9678005313,2023-07-13,2026-06-30
PH002122,DEV001000,351366522837962,7446514673,2018-06-08,2026-06-30
PH002123,DEV000999,350265121230808,9504235120,2025-12-12,2026-01-15
PH002124,DEV000999,350265121230808,7408286054,2020-07-19,2021-03-03
PH002125,DEV001000,351366522837962,9504969595,2022-03-24,2026-06-30
PH002126,DEV000999,350265121230808,8589783563,2025-11-30,2026-01-24
PH002127,DEV001001,863822172183968,9272960332,2022-09-22,2026-06-30
PH002128,DEV001001,863822172183968,8707670167,2018-08-07,2026-06-30
PH002129,DEV001002,354345002045963,8000048350,2021-06-16,2026-06-30
PH002130,DEV001002,354345002045963,9630620025,2024-01-12,2026-06-30
PH002131,DEV001003,498074882967820,9635172946,2019-09-04,2026-06-30
PH002132,DEV001004,016769598058546,8615966546,2022-08-14,2026-06-30
PH002133,DEV001004,016769598058546,9763526727,2020-08-24,2026-06-30
PH002134,DEV001004,016769598058546,8013727486,2024-04-13,2026-06-30
PH002135,DEV001005,353302548635571,7537778554,2024-11-11,2026-06-30
PH002136,DEV001005,353302548635571,7483613094,2019-02-20,2019-08-05
PH002137,DEV001006,496206324634153,9080489756,2022-10-07,2026-06-30
PH002138,DEV001007,356347427201153,7167271407,2025-04-23,2026-06-30
PH002139,DEV001007,356347427201153,9144392854,2025-07-21,2025-08-06
PH002140,DEV001007,356347427201153,8569398805,2021-09-16,2026-06-30
PH002141,DEV001008,359472311662713,9077154912,2019-10-05,2026-06-30
PH002142,DEV001008,359472311662713,8934073735,2019-12-17,2020-04-09
PH002143,DEV001008,359472311662713,9224862359,2024-02-17,2024-09-10
PH002144,DEV001008,359472311662713,8432513558,2021-01-08,2021-09-18
PH002145,DEV001009,493890250963916,9863217405,2019-02-24,2026-06-30
PH002146,DEV001010,352725662390521,7640289230,2024-05-07,2026-06-30
PH002147,DEV001010,352725662390521,9821251267,2021-08-15,2026-06-30
PH002148,DEV001009,493890250963916,9271973541,2023-04-16,2023-11-15
PH002149,DEV001011,491238998813944,7507580665,2019-04-26,2026-06-30
PH002150,DEV001011,491238998813944,8676459485,2018-03-18,2018-09-09
PH002151,DEV001011,491238998813944,8003585510,2025-01-18,2026-06-30
PH002152,DEV001012,493216643164480,9828125200,2026-01-08,2026-06-30
PH002153,DEV001012,493216643164480,9776694116,2026-02-27,2026-06-30
PH002154,DEV001013,014141375453704,7244301776,2022-07-03,2023-06-14
PH002155,DEV001014,358907812528766,7640249041,2022-03-03,2026-06-30
PH002156,DEV001014,358907812528766,9100014180,2019-12-26,2026-06-30
PH002157,DEV001014,358907812528766,7589908678,2018-04-01,2026-06-30
PH002158,DEV001015,353201031644285,8626536326,2025-08-03,2026-06-30
PH002159,DEV001016,499363930928413,8370814064,2025-11-12,2026-06-30
PH002160,DEV001016,499363930928413,9360566887,2023-05-23,2024-04-10
PH002161,DEV001017,862662868509552,7213830216,2024-09-16,2026-06-30
PH002162,DEV001018,864281464122108,8635006583,2023-10-03,2026-06-30
PH002163,DEV001018,864281464122108,8302992540,2023-03-23,2026-06-30
PH002164,DEV001020,353858257610585,9893170845,2019-09-16,2026-06-30
PH002165,DEV001019,863904427972187,8226622580,2020-05-08,2026-06-30
PH002166,DEV001019,863904427972187,9030033769,2021-01-17,2022-01-31
PH002167,DEV001021,498626186652106,9572889611,2021-04-25,2026-06-30
PH002168,DEV001021,498626186652106,7940015391,2025-09-04,2026-06-30
PH002169,DEV001021,498626186652106,7117349382,2020-03-21,2026-06-30
PH002170,DEV001021,498626186652106,7765267775,2022-01-21,2022-12-01
PH002171,DEV001021,498626186652106,8089276834,2019-05-06,2026-06-30
PH002172,DEV001022,016512038725289,8113888756,2020-02-27,2026-06-30
PH002173,DEV001022,016512038725289,7397424537,2026-04-03,2027-01-18
PH002174,DEV001022,016512038725289,8867096789,2019-07-29,2026-06-30
PH002175,DEV001022,016512038725289,8607921314,2021-12-31,2022-09-21
PH002176,DEV001022,016512038725289,8785065001,2023-07-01,2024-01-19
PH002177,DEV001022,016512038725289,9587510272,2022-01-01,2026-06-30
PH002178,DEV001023,860038178059016,9952077139,2023-08-25,2026-06-30
PH002179,DEV001023,860038178059016,9996840273,2025-04-20,2026-03-26
PH002180,DEV001024,353868124998328,9352256042,2025-02-14,2026-06-30
PH002181,DEV001024,353868124998328,9038475943,2018-04-23,2026-06-30
PH002182,DEV001024,353868124998328,8080358707,2024-03-30,2024-04-14
PH002183,DEV001024,353868124998328,8091309629,2020-12-16,2026-06-30
PH002184,DEV001025,351324676806928,7882346194,2018-06-07,2026-06-30
PH002185,DEV001026,010640213743952,8283094777,2026-06-06,2027-02-18
PH002186,DEV001026,010640213743952,8592839373,2021-04-01,2026-06-30
PH002187,DEV001026,010640213743952,8328795506,2023-06-29,2026-06-30
PH002188,DEV001027,863677981701916,7261046019,2019-05-05,2026-06-30
PH002189,DEV001027,863677981701916,9068922930,2025-03-16,2026-04-07
PH002190,DEV001027,863677981701916,7347607718,2026-03-27,2026-06-30
PH002191,DEV001027,863677981701916,8287228935,2023-03-01,2026-06-30
PH002192,DEV001028,497498837252436,7836969952,2021-03-08,2026-06-30
PH002193,DEV001028,497498837252436,7141147945,2020-03-31,2026-06-30
PH002194,DEV001028,497498837252436,9938979048,2021-07-10,2026-06-30
PH002195,DEV001028,497498837252436,9583641492,2020-07-04,2026-06-30
PH002196,DEV001029,494849228647907,7438581602,2023-08-25,2026-06-30
PH002197,DEV001029,494849228647907,8179129235,2025-07-06,2026-06-30
PH002198,DEV001030,862132894943634,8324634146,2021-05-25,2026-06-30
PH002199,DEV001030,862132894943634,7440970580,2023-02-24,2026-06-30
PH002200,DEV001030,862132894943634,9133188966,2020-04-04,2026-06-30
PH002201,DEV001030,862132894943634,9587211398,2025-04-08,2026-06-30
PH002202,DEV001032,355736118191044,8540960196,2020-05-22,2026-06-30
PH002203,DEV001031,358934981845352,8771994091,2024-11-07,2026-06-30
PH002204,DEV001032,355736118191044,8352201892,2020-07-08,2020-08-04
PH002205,DEV001033,357610464163953,9175246746,2023-08-11,2026-06-30
PH002206,DEV001034,357466282894932,8610239752,2020-01-10,2026-06-30
PH002207,DEV001034,357466282894932,8776134373,2024-04-01,2026-06-30
PH002208,DEV001034,357466282894932,9317135440,2024-04-20,2026-06-30
PH002209,DEV001034,357466282894932,7538272239,2023-03-21,2026-06-30
PH002210,DEV001034,357466282894932,9633948224,2024-12-12,2026-06-30
PH002211,DEV001034,357466282894932,8497227658,2024-02-06,2026-06-30
PH002212,DEV001037,493750169537905,7583284534,2023-01-22,2026-06-30
PH002213,DEV001036,354523099949602,8883161891,2019-09-05,2020-07-11
PH002214,DEV001037,493750169537905,7852955055,2024-03-11,2026-06-30
PH002215,DEV001038,356111680601816,7343200303,2025-08-23,2026-06-30
PH002216,DEV001038,356111680601816,9187102139,2019-06-27,2020-02-27
PH002217,DEV001038,356111680601816,8098047085,2023-10-25,2026-06-30
PH002218,DEV001038,356111680601816,9890986334,2018-11-29,2019-05-30
PH002219,DEV001039,350510864379442,7326008325,2019-08-28,2026-06-30
PH002220,DEV001039,350510864379442,8597113401,2022-01-29,2026-06-30
PH002221,DEV001040,351735805553547,7119755873,2020-10-06,2026-06-30
PH002222,DEV001041,358415883980362,7652088192,2018-01-02,2026-06-30
PH002223,DEV001041,358415883980362,7864284841,2019-04-04,2026-06-30
PH002224,DEV001041,358415883980362,9601666598,2026-02-01,2026-06-30
PH002225,DEV001041,358415883980362,9116007817,2023-11-29,2024-09-11
PH002226,DEV001044,497283159080913,9608667985,2023-02-07,2026-06-30
PH002227,DEV001043,351407100567615,7512814939,2020-07-23,2021-07-07
PH002228,DEV001043,351407100567615,9128170199,2026-03-24,2026-06-30
PH002229,DEV001045,499771088007027,8542496699,2022-03-07,2026-06-30
PH002230,DEV001045,499771088007027,7295941275,2018-08-17,2019-06-09
PH002231,DEV001046,862354613421284,7410398165,2019-06-01,2026-06-30
PH002232,DEV001046,862354613421284,8573879525,2025-02-26,2025-06-19
PH002233,DEV001046,862354613421284,7466972333,2020-02-07,2020-09-25
PH002234,DEV001046,862354613421284,9250974177,2024-03-08,2026-06-30
PH002235,DEV001046,862354613421284,8763336668,2019-06-02,2026-06-30
PH002236,DEV001048,499805292295491,7549292855,2022-10-07,2026-06-30
PH002237,DEV001048,499805292295491,9389013776,2021-06-11,2026-06-30
PH002238,DEV001047,499832137060363,9640099150,2025-01-23,2026-06-30
PH002239,DEV001049,357098501968647,7545366387,2024-12-10,2026-06-30
PH002240,DEV001049,357098501968647,8644564605,2020-07-31,2026-06-30
PH002241,DEV001050,013591643211983,9901511061,2018-04-04,2026-06-30
PH002242,DEV001050,013591643211983,7415454335,2024-06-30,2026-06-30
PH002243,DEV001051,356277094933061,8782615233,2019-11-13,2026-06-30
PH002244,DEV001051,356277094933061,7192527424,2020-01-23,2020-04-14
PH002245,DEV001051,356277094933061,7349220182,2022-02-23,2026-06-30
PH002246,DEV001051,356277094933061,8782403073,2022-12-01,2023-03-02
PH002247,DEV001053,490981297752179,7026142185,2020-11-18,2026-06-30
PH002248,DEV001053,490981297752179,9182448725,2020-11-27,2026-06-30
PH002249,DEV001052,357549596667432,9483414504,2019-01-18,2020-01-31
PH002250,DEV001054,491050026594926,9121817216,2022-01-07,2026-06-30
PH002251,DEV001054,491050026594926,8007110998,2025-12-26,2026-06-30
PH002252,DEV001054,491050026594926,7184241741,2023-11-21,2026-06-30
PH002253,DEV001054,491050026594926,9080077851,2019-05-17,2026-06-30
PH002254,DEV001054,491050026594926,7940112828,2018-03-11,2026-06-30
PH002255,DEV001055,019884368875638,9545557935,2022-05-29,2026-06-30
PH002256,DEV001055,019884368875638,7840006728,2018-04-30,2026-06-30
PH002257,DEV001055,019884368875638,7134393141,2018-06-01,2018-07-18
PH002258,DEV001055,019884368875638,8565427855,2023-11-30,2026-06-30
PH002259,DEV001055,019884368875638,9318193635,2018-02-15,2018-12-14
PH002260,DEV001057,351882562540257,9603890054,2020-09-21,2026-06-30
PH002261,DEV001056,862690245911506,8805828428,2023-12-27,2026-06-30
PH002262,DEV001056,862690245911506,9377631337,2018-08-13,2018-11-08
PH002263,DEV001058,499118886360296,8059997163,2024-02-10,2026-06-30
PH002264,DEV001058,499118886360296,8022667696,2025-06-30,2025-12-19
PH002265,DEV001058,499118886360296,8858107128,2019-05-08,2026-06-30
PH002266,DEV001058,499118886360296,7227757794,2022-01-22,2026-06-30
PH002267,DEV001059,353901601058189,8447484964,2019-12-19,2026-06-30
PH002268,DEV001059,353901601058189,8447895693,2025-12-17,2026-06-30
PH002269,DEV001059,353901601058189,8818806958,2019-11-11,2026-06-30
PH002270,DEV001060,355907795753514,7421451030,2018-02-18,2026-06-30
PH002271,DEV001060,355907795753514,8881629714,2018-06-06,2019-03-05
PH002272,DEV001060,355907795753514,7259253607,2018-11-09,2026-06-30
PH002273,DEV001062,491442365990872,7918139879,2022-11-02,2026-06-30
PH002274,DEV001062,491442365990872,8220892566,2019-06-11,2026-06-30
PH002275,DEV001063,017583946155649,7175168539,2023-03-31,2026-06-30
PH002276,DEV001063,017583946155649,8769100029,2023-01-13,2026-06-30
PH002277,DEV001063,017583946155649,7559894970,2019-03-01,2019-07-22
PH002278,DEV001064,351984594597525,9188877509,2026-03-18,2026-06-30
PH002279,DEV001065,492717300638935,7959610092,2019-08-19,2026-06-30
PH002280,DEV001065,492717300638935,9754363139,2019-12-07,2020-06-18
PH002281,DEV001064,351984594597525,9093764349,2026-01-30,2026-06-30
PH002282,DEV001067,358101135827130,9563670460,2019-07-10,2026-06-30
PH002283,DEV001066,355920933324168,9844438773,2019-09-14,2026-06-30
PH002284,DEV001066,355920933324168,9071161203,2020-09-29,2026-06-30
PH002285,DEV001066,355920933324168,8716342805,2026-02-22,2026-06-30
PH002286,DEV001067,358101135827130,9554067452,2025-12-07,2026-05-14
PH002287,DEV001067,358101135827130,9736955509,2026-02-13,2026-06-30
PH002288,DEV001068,491620197001923,8364958398,2023-09-11,2026-06-30
PH002289,DEV001069,351508033025774,9233872429,2023-02-07,2026-06-30
PH002290,DEV001069,351508033025774,9757788582,2022-09-11,2026-06-30
PH002291,DEV001070,015034528509022,9915258804,2018-11-06,2026-06-30
PH002292,DEV001070,015034528509022,8891612987,2021-08-20,2026-06-30
PH002293,DEV001070,015034528509022,8591508575,2024-04-01,2026-06-30
PH002294,DEV001070,015034528509022,7578746666,2023-11-14,2026-06-30
PH002295,DEV001070,015034528509022,7129865540,2023-10-01,2023-10-27
PH002296,DEV001071,359814169878188,8459488214,2022-05-08,2026-06-30
PH002297,DEV001071,359814169878188,9157668007,2020-08-16,2026-06-30
PH002298,DEV001071,359814169878188,8685920557,2020-12-11,2021-03-08
PH002299,DEV001071,359814169878188,7316221260,2018-11-30,2018-12-30
PH002300,DEV001071,359814169878188,8887607382,2024-10-26,2026-06-30
PH002301,DEV001073,353763604836820,8498067628,2024-04-27,2026-06-30
PH002302,DEV001072,862906037492826,9888001757,2026-04-24,2026-12-18
PH002303,DEV001072,862906037492826,8916980701,2019-04-22,2026-06-30
PH002304,DEV001073,353763604836820,8190230573,2018-07-28,2026-06-30
PH002305,DEV001072,862906037492826,7786249642,2022-02-13,2026-06-30
PH002306,DEV001074,014161904064208,7393222114,2023-04-11,2026-06-30
PH002307,DEV001075,356984533190480,9076433718,2019-06-19,2026-06-30
PH002308,DEV001075,356984533190480,8162436304,2020-07-19,2026-06-30
PH002309,DEV001076,018466144707056,8316268488,2024-04-02,2026-06-30
PH002310,DEV001076,018466144707056,8566630968,2018-08-01,2026-06-30
PH002311,DEV001077,860938030758292,7145525774,2023-04-27,2026-06-30
PH002312,DEV001077,860938030758292,7698778790,2018-07-22,2026-06-30
PH002313,DEV001077,860938030758292,7069853310,2025-08-17,2026-01-10
PH002314,DEV001078,358194410599505,8234224941,2025-10-28,2026-06-30
PH002315,DEV001078,358194410599505,7943237999,2021-03-27,2022-01-18
PH002316,DEV001078,358194410599505,7210184796,2020-03-15,2026-06-30
PH002317,DEV001078,358194410599505,8796112048,2021-11-25,2026-06-30
PH002318,DEV001079,357262382291472,9579226124,2020-09-02,2026-06-30
PH002319,DEV001079,357262382291472,9635978043,2021-03-02,2026-06-30
PH002320,DEV001079,357262382291472,8067462990,2022-04-23,2026-06-30
PH002321,DEV001079,357262382291472,9562916498,2026-01-08,2026-06-30
PH002322,DEV001080,012126435728405,9134754553,2020-08-26,2026-06-30
PH002323,DEV001080,012126435728405,7942832024,2021-09-22,2026-06-30
PH002324,DEV001081,352039164345204,8334190865,2023-04-06,2026-06-30
PH002325,DEV001081,352039164345204,7218519592,2021-04-17,2026-06-30
PH002326,DEV001081,352039164345204,7684066199,2018-07-05,2019-07-13
PH002327,DEV001081,352039164345204,9425135007,2022-12-08,2026-06-30
PH002328,DEV001081,352039164345204,9065574887,2020-06-23,2026-06-30
PH002329,DEV001082,358759589541236,9259868980,2023-07-11,2026-06-30
PH002330,DEV001082,358759589541236,8323940368,2023-06-17,2026-06-30
PH002331,DEV001082,358759589541236,7407032673,2023-03-18,2023-04-27
PH002332,DEV001082,358759589541236,9007543007,2020-12-06,2021-01-03
PH002333,DEV001083,016130375252910,7970728666,2025-04-27,2026-06-30
PH002334,DEV001083,016130375252910,8649797874,2020-03-03,2026-06-30
PH002335,DEV001084,358235715106979,9569473489,2020-11-24,2026-06-30
PH002336,DEV001084,358235715106979,9562689111,2018-05-11,2019-03-30
PH002337,DEV001084,358235715106979,8796184195,2023-02-09,2026-06-30
PH002338,DEV001084,358235715106979,9962894412,2024-10-02,2026-06-30
PH002339,DEV001085,353266473813767,8325605367,2022-07-05,2026-06-30
PH002340,DEV001085,353266473813767,8819157903,2025-02-02,2025-07-13
PH002341,DEV001085,353266473813767,8447629240,2021-02-25,2026-06-30
PH002342,DEV001085,353266473813767,8616398624,2024-10-21,2025-05-28
PH002343,DEV001086,358318539158578,8570244194,2020-07-04,2026-06-30
PH002344,DEV001086,358318539158578,8730791270,2025-12-30,2026-11-29
PH002345,DEV001086,358318539158578,7345948668,2023-04-14,2026-06-30
PH002346,DEV001087,867494129664777,8281474284,2019-01-15,2026-06-30
PH002347,DEV001088,868866161864400,8244556044,2024-08-24,2026-06-30
PH002348,DEV001089,492522159796536,9910114432,2019-12-21,2026-06-30
PH002349,DEV001089,492522159796536,7447626806,2021-05-05,2022-01-23
PH002350,DEV001088,868866161864400,7963191666,2023-09-02,2026-06-30
PH002351,DEV001091,493974102350438,7462658494,2024-01-08,2026-06-30
PH002352,DEV001091,493974102350438,7648733504,2020-04-05,2026-06-30
PH002353,DEV001090,016868003033761,9370709185,2026-03-15,2026-06-30
PH002354,DEV001093,356504493243403,7632347765,2020-05-28,2026-06-30
PH002355,DEV001093,356504493243403,8561975540,2020-04-25,2026-06-30
PH002356,DEV001092,863465004030229,7461862040,2021-12-24,2026-06-30
PH002357,DEV001093,356504493243403,9965682741,2026-05-22,2026-06-30
PH002358,DEV001094,358842407818049,9365901611,2021-03-06,2026-06-30
PH002359,DEV001094,358842407818049,9964883304,2022-05-07,2026-06-30
PH002360,DEV001094,358842407818049,7300565968,2025-06-09,2026-06-30
PH002361,DEV001094,358842407818049,8278146562,2025-06-02,2026-06-30
PH002362,DEV001095,358869980741679,8066783131,2019-12-28,2026-06-30
PH002363,DEV001095,358869980741679,7144580474,2018-08-27,2026-06-30
PH002364,DEV001095,358869980741679,8384674205,2021-08-07,2026-06-30
PH002365,DEV001096,493072587630978,7999335402,2021-02-26,2026-06-30
PH002366,DEV001096,493072587630978,8960490079,2021-05-17,2026-06-30
PH002367,DEV001096,493072587630978,8586901635,2022-01-01,2026-06-30
PH002368,DEV001097,350342509918775,9591615585,2025-04-02,2026-06-30
PH002369,DEV001098,356964743958285,8645385353,2019-04-27,2026-06-30
PH002370,DEV001099,861700325313804,9563479730,2018-03-01,2026-06-30
PH002371,DEV001100,865349232005965,7648078511,2024-10-11,2026-06-30
PH002372,DEV001100,865349232005965,7835662270,2024-08-23,2026-06-30
PH002373,DEV001102,868861415264438,7879130653,2026-06-04,2026-06-30
PH002374,DEV001102,868861415264438,8214038912,2025-01-20,2026-06-30
PH002375,DEV001101,015723992144027,8316816840,2022-03-21,2026-06-30
PH002376,DEV001102,868861415264438,9592894012,2018-06-28,2026-06-30
PH002377,DEV001101,015723992144027,8176525544,2024-04-01,2024-10-23
PH002378,DEV001103,017541406402628,8844025934,2021-04-18,2026-06-30
PH002379,DEV001103,017541406402628,7048133946,2021-09-28,2026-06-30
PH002380,DEV001103,017541406402628,7317513255,2021-01-20,2026-06-30
PH002381,DEV001103,017541406402628,8428807754,2023-08-26,2026-06-30
PH002382,DEV001104,864973863151019,7004310526,2021-05-27,2026-06-30
PH002383,DEV001105,494348936323145,8750631536,2021-12-03,2026-06-30
PH002384,DEV001105,494348936323145,8040814663,2022-10-09,2026-06-30
PH002385,DEV001106,354756959782936,8962428540,2026-05-18,2026-06-30
PH002386,DEV001106,354756959782936,9452478391,2024-04-30,2026-06-30
PH002387,DEV001106,354756959782936,9387973187,2020-04-15,2026-06-30
PH002388,DEV001106,354756959782936,7856573057,2021-06-08,2022-07-03
PH002389,DEV001107,353429880387406,9955632240,2020-03-28,2026-06-30
PH002390,DEV001108,497666489126622,9100526690,2024-10-14,2026-06-30
PH002391,DEV001108,497666489126622,8646964592,2024-10-09,2024-11-27
PH002392,DEV001108,497666489126622,9258556531,2025-10-03,2025-11-19
PH002393,DEV001109,356219225567528,7733892181,2021-08-21,2026-06-30
PH002394,DEV001109,356219225567528,7805952035,2021-11-01,2026-06-30
PH002395,DEV001111,018769481008105,8715331808,2021-12-13,2026-06-30
PH002396,DEV001110,010468896876738,7907563947,2019-01-31,2026-06-30
PH002397,DEV001110,010468896876738,8161965263,2018-01-15,2018-05-29
PH002398,DEV001110,010468896876738,8308085603,2020-11-25,2026-06-30
PH002399,DEV001112,869439809193947,7144033937,2018-10-29,2026-06-30
PH002400,DEV001112,869439809193947,7568754095,2023-07-23,2026-06-30
PH002401,DEV001112,869439809193947,8453028835,2018-01-21,2026-06-30
PH002402,DEV001114,352505950967716,7918271556,2018-04-01,2026-06-30
PH002403,DEV001113,492517264188564,9212588138,2019-02-25,2020-03-18
PH002404,DEV001113,492517264188564,7133631316,2019-01-30,2026-06-30
PH002405,DEV001114,352505950967716,8664550567,2022-02-13,2026-06-30
PH002406,DEV001115,353707852210232,9447246318,2024-06-04,2026-06-30
PH002407,DEV001116,866607127813704,9308686604,2022-01-20,2026-06-30
PH002408,DEV001118,358659794227010,9733856065,2022-05-08,2026-06-30
PH002409,DEV001118,358659794227010,9045645615,2019-09-16,2020-09-10
PH002410,DEV001118,358659794227010,9270937789,2021-09-30,2026-06-30
PH002411,DEV001119,491447540889726,9932535473,2018-03-28,2026-06-30
PH002412,DEV001119,491447540889726,9431112480,2021-01-08,2026-06-30
PH002413,DEV001120,011415946283990,9078183011,2020-01-01,2026-06-30
PH002414,DEV001121,015319687289812,8024426439,2018-03-15,2026-06-30
PH002415,DEV001121,015319687289812,8359658165,2024-12-18,2025-06-24
PH002416,DEV001122,017568223968051,8934258136,2020-05-14,2026-06-30
PH002417,DEV001122,017568223968051,9907880731,2022-05-27,2026-06-30
PH002418,DEV001122,017568223968051,8479253565,2024-08-18,2026-06-30
PH002419,DEV001122,017568223968051,8632300400,2019-02-20,2026-06-30
PH002420,DEV001123,019083932789118,7618059564,2022-09-05,2026-06-30
PH002421,DEV001124,868207805828888,9843039285,2021-12-21,2026-06-30
PH002422,DEV001124,868207805828888,8620174055,2020-03-17,2026-06-30
PH002423,DEV001124,868207805828888,7488580708,2022-05-21,2023-03-09
PH002424,DEV001125,866253501074881,9411792480,2021-08-24,2022-08-13
PH002425,DEV001127,869581292923119,7402868725,2018-03-09,2026-06-30
PH002426,DEV001127,869581292923119,9353413418,2021-01-27,2021-11-04
PH002427,DEV001127,869581292923119,9379067975,2018-01-07,2018-10-03
PH002428,DEV001126,356781766471579,8907380660,2026-05-16,2026-06-30
PH002429,DEV001126,356781766471579,9827317516,2018-05-12,2026-06-30
PH002430,DEV001129,017060587348758,8482347630,2025-10-07,2026-06-30
PH002431,DEV001128,353650371952893,9365828859,2021-10-31,2022-06-29
PH002432,DEV001129,017060587348758,7210855306,2022-01-24,2022-09-05
PH002433,DEV001128,353650371952893,8816201292,2018-04-01,2019-02-09
PH002434,DEV001130,868075563509922,9209078899,2024-05-08,2026-06-30
PH002435,DEV001130,868075563509922,7596668622,2021-07-23,2022-06-03
PH002436,DEV001130,868075563509922,9741827621,2024-01-23,2026-06-30
PH002437,DEV001130,868075563509922,8495481024,2020-06-16,2021-01-18
PH002438,DEV001131,018819291775449,8162632229,2018-10-07,2026-06-30
PH002439,DEV001132,498807292323790,9523923801,2022-07-19,2026-06-30
PH002440,DEV001132,498807292323790,9914663445,2023-12-31,2024-03-03
PH002441,DEV001133,018054580264349,8156380151,2023-09-07,2026-06-30
PH002442,DEV001133,018054580264349,9283996004,2019-11-18,2026-06-30
PH002443,DEV001134,011906926549783,9124687654,2022-06-23,2026-06-30
PH002444,DEV001135,860105130217327,7619463300,2026-03-27,2026-06-30
PH002445,DEV001135,860105130217327,9774621080,2025-12-06,2026-06-30
PH002446,DEV001135,860105130217327,7260418755,2024-03-10,2026-06-30
PH002447,DEV001136,010662389843630,8710106960,2025-12-12,2026-06-30
PH002448,DEV001137,019385768463542,9659038435,2019-12-08,2026-06-30
PH002449,DEV001136,010662389843630,9365000171,2018-08-06,2026-06-30
PH002450,DEV001138,865970971698252,8720617207,2020-01-28,2026-06-30
PH002451,DEV001138,865970971698252,9406456549,2021-03-26,2026-06-30
PH002452,DEV001138,865970971698252,7048604249,2019-07-25,2026-06-30
PH002453,DEV001138,865970971698252,7749886179,2021-06-15,2021-10-01
PH002454,DEV001139,868695236853829,8944568164,2025-03-03,2026-06-30
PH002455,DEV001139,868695236853829,9179863847,2020-07-28,2026-06-30
PH002456,DEV001139,868695236853829,8506559252,2020-02-23,2026-06-30
PH002457,DEV001139,868695236853829,7130793094,2019-11-30,2026-06-30
PH002458,DEV001140,354850174705218,9340462851,2024-04-21,2026-06-30
PH002459,DEV001140,354850174705218,8188257128,2024-06-21,2026-06-30
PH002460,DEV001141,358643582823711,8588602416,2020-04-14,2026-06-30
PH002461,DEV001141,358643582823711,8123398794,2023-08-14,2026-06-30
PH002462,DEV001142,352940815780513,9227821230,2022-06-25,2026-06-30
PH002463,DEV001142,352940815780513,7724468903,2019-09-24,2026-06-30
PH002464,DEV001142,352940815780513,7720405635,2025-09-04,2026-06-30
PH002465,DEV001142,352940815780513,9986220065,2018-06-26,2026-06-30
PH002466,DEV001144,862991558718727,7782335074,2023-06-21,2026-06-30
PH002467,DEV001145,350960528918874,8486890326,2022-09-27,2026-06-30
PH002468,DEV001144,862991558718727,7746850178,2023-08-02,2026-06-30
PH002469,DEV001144,862991558718727,9882460814,2023-04-15,2026-06-30
PH002470,DEV001146,867820666725510,7906201015,2025-07-24,2026-06-30
PH002471,DEV001147,352100084030510,9941639092,2023-04-18,2026-06-30
PH002472,DEV001147,352100084030510,7890680619,2024-05-03,2026-06-30
PH002473,DEV001149,350780643703431,8589174553,2021-10-06,2026-06-30
PH002474,DEV001148,358425847341831,9793450650,2024-09-03,2025-02-09
PH002475,DEV001148,358425847341831,8031707319,2025-07-10,2026-02-17
PH002476,DEV001150,354576320407499,7751240154,2019-11-30,2026-06-30
PH002477,DEV001150,354576320407499,8139556309,2019-06-25,2026-06-30
PH002478,DEV001152,351418918955261,9038647954,2026-01-06,2026-06-30
PH002479,DEV001151,018869123709211,7070667487,2025-04-25,2026-03-16
PH002480,DEV001152,351418918955261,8552551818,2018-11-19,2026-06-30
PH002481,DEV001153,357928985834249,9911002471,2026-02-21,2026-06-30
PH002482,DEV001153,357928985834249,8417452595,2022-11-02,2026-06-30
PH002483,DEV001154,354903245841174,7408665925,2023-01-08,2026-06-30
PH002484,DEV001154,354903245841174,7716803287,2021-02-14,2026-06-30
PH002485,DEV001154,354903245841174,8300966699,2018-06-13,2026-06-30
PH002486,DEV001154,354903245841174,9160677898,2018-12-04,2026-06-30
PH002487,DEV001155,014840664125605,8075489470,2022-05-05,2026-06-30
PH002488,DEV001155,014840664125605,9244892130,2021-06-06,2026-06-30
PH002489,DEV001155,014840664125605,9630315226,2020-03-31,2026-06-30
PH002490,DEV001156,490096847710600,9023338895,2020-11-09,2026-06-30
PH002491,DEV001157,359220882793408,9913238790,2021-02-26,2026-06-30
PH002492,DEV001157,359220882793408,9025936980,2020-11-30,2026-06-30
PH002493,DEV001157,359220882793408,7615644922,2020-10-22,2020-12-01
PH002494,DEV001158,353696701831661,9811162497,2023-11-23,2026-06-30
PH002495,DEV001158,353696701831661,9212163533,2025-09-27,2026-06-30
PH002496,DEV001159,351469542571751,9186649499,2019-04-06,2026-06-30
PH002497,DEV001160,353753835691960,7068022409,2025-11-02,2026-06-30
PH002498,DEV001160,353753835691960,8888383437,2025-02-23,2026-06-30
PH002499,DEV001161,353525471218910,9956349726,2020-03-09,2026-06-30
PH002500,DEV001162,491290621280022,9800449536,2023-10-10,2024-05-17
PH002501,DEV001161,353525471218910,8933804077,2020-05-31,2021-03-18
PH002502,DEV001163,495686623335259,8569067488,2020-04-03,2026-06-30
PH002503,DEV001164,358829194394863,7549095960,2024-09-11,2026-06-30
PH002504,DEV001165,491178769262965,9730850353,2021-07-29,2026-06-30
PH002505,DEV001165,491178769262965,8044852068,2024-08-23,2026-06-30
PH002506,DEV001167,863366143989173,9229247242,2020-01-10,2026-06-30
PH002507,DEV001166,354546507618812,7425865608,2023-06-20,2026-06-30
PH002508,DEV001166,354546507618812,8357337135,2025-11-02,2025-12-15
PH002509,DEV001167,863366143989173,8861958249,2025-07-13,2025-08-12
PH002510,DEV001168,358898888546462,7029602755,2026-04-27,2026-06-30
PH002511,DEV001169,869702693383320,8268484210,2025-11-20,2026-06-30
PH002512,DEV001170,350566827505314,7893100062,2024-08-30,2026-06-30
PH002513,DEV001170,350566827505314,8232761507,2020-02-14,2020-03-08
PH002514,DEV001171,350344132464200,9072651097,2026-06-10,2026-06-30
PH002515,DEV001171,350344132464200,9447538433,2021-06-29,2026-06-30
PH002516,DEV001171,350344132464200,9626861864,2024-10-21,2026-06-30
PH002517,DEV001172,016379651623248,7675360577,2019-06-17,2026-06-30
PH002518,DEV001172,016379651623248,9091732543,2022-08-08,2026-06-30
PH002519,DEV001173,013784166358976,9343128700,2023-03-31,2026-06-30
PH002520,DEV001174,354865581152028,7382021317,2023-03-04,2026-06-30
PH002521,DEV001174,354865581152028,7242187879,2020-05-20,2020-12-15
PH002522,DEV001175,860298341227469,7573352948,2019-06-26,2026-06-30
PH002523,DEV001175,860298341227469,7509932021,2019-09-13,2026-06-30
PH002524,DEV001175,860298341227469,8978469239,2023-06-23,2026-06-30
PH002525,DEV001176,013241012781654,9511129253,2023-12-03,2026-06-30
PH002526,DEV001176,013241012781654,9834123194,2025-02-27,2026-06-30
PH002527,DEV001177,496732510807160,8978181436,2018-10-28,2026-06-30
PH002528,DEV001177,496732510807160,9367354547,2024-03-13,2026-06-30
PH002529,DEV001178,867242464946504,9158363234,2020-01-19,2026-06-30
PH002530,DEV001178,867242464946504,9822823247,2024-02-03,2024-10-27
PH002531,DEV001178,867242464946504,8022077887,2022-11-27,2023-02-09
PH002532,DEV001180,353332318719741,9499854215,2023-01-19,2026-06-30
PH002533,DEV001181,862258022565245,7800247129,2020-09-08,2026-06-30
PH002534,DEV001181,862258022565245,8700126236,2023-09-24,2026-06-30
PH002535,DEV001182,356646319459621,7205766381,2025-07-06,2026-06-30
PH002536,DEV001183,358302994393355,7608916548,2025-09-12,2026-06-30
PH002537,DEV001183,358302994393355,7752654920,2026-03-31,2026-06-30
PH002538,DEV001184,358823762532107,8879980744,2018-06-17,2026-06-30
PH002539,DEV001184,358823762532107,9019999729,2022-04-08,2022-12-29
PH002540,DEV001184,358823762532107,7533310956,2026-02-22,2026-06-30
PH002541,DEV001185,353316109772043,7400072620,2024-06-13,2026-06-30
PH002542,DEV001185,353316109772043,7807583352,2026-02-18,2026-06-30
PH002543,DEV001185,353316109772043,8392832759,2023-12-09,2026-06-30
PH002544,DEV001186,862215407014014,8298825752,2024-12-11,2026-06-30
PH002545,DEV001186,862215407014014,9172628228,2025-08-19,2026-06-30
PH002546,DEV001186,862215407014014,7500038867,2023-03-17,2023-06-30
PH002547,DEV001186,862215407014014,8018134410,2023-11-18,2026-06-30
PH002548,DEV001188,015004714005648,9590661493,2019-10-29,2026-06-30
PH002549,DEV001187,868821707505169,9671451663,2021-12-27,2026-06-30
PH002550,DEV001187,868821707505169,9464816031,2023-06-25,2024-01-20
PH002551,DEV001189,353810250402286,9028683196,2023-07-25,2026-06-30
PH002552,DEV001189,353810250402286,8942421987,2023-06-26,2024-06-07
PH002553,DEV001189,353810250402286,8228351976,2023-03-06,2026-06-30
PH002554,DEV001189,353810250402286,8059060640,2023-12-22,2026-06-30
PH002555,DEV001189,353810250402286,9989969852,2026-05-08,2026-06-30
PH002556,DEV001190,015245357167015,9058187727,2021-12-03,2026-06-30
PH002557,DEV001190,015245357167015,7403142217,2023-01-14,2023-03-21
PH002558,DEV001192,355968091644866,9764700263,2023-02-05,2026-06-30
PH002559,DEV001192,355968091644866,8420693649,2026-06-18,2026-06-30
PH002560,DEV001192,355968091644866,7674058491,2021-02-17,2026-06-30
PH002561,DEV001193,357502328473493,8386696882,2023-02-17,2026-06-30
PH002562,DEV001194,019116902500085,9205128066,2020-03-10,2026-06-30
PH002563,DEV001195,357095882029151,8363954216,2018-09-07,2026-06-30
PH002564,DEV001195,357095882029151,7417047758,2020-09-18,2021-05-04
PH002565,DEV001195,357095882029151,8476057129,2025-07-16,2026-01-01
PH002566,DEV001198,359631294390638,9639378812,2020-11-24,2026-06-30
PH002567,DEV001197,353767412410310,8301153546,2018-12-08,2026-06-30
PH002568,DEV001198,359631294390638,7844344461,2025-08-08,2026-06-30
PH002569,DEV001199,010404430454742,8393970019,2022-05-05,2026-06-30
PH002570,DEV001199,010404430454742,9364657883,2024-07-31,2026-06-30
PH002571,DEV001199,010404430454742,7186182181,2026-01-28,2026-06-30
PH002572,DEV001199,010404430454742,9917642044,2018-12-02,2019-12-28
PH002573,DEV001200,010804652025453,8923232694,2023-11-29,2026-06-30
PH002574,DEV001201,494837849972963,7073906200,2019-03-22,2026-06-30
PH002575,DEV001201,494837849972963,9847198132,2022-12-17,2026-06-30
PH002576,DEV001201,494837849972963,8005258289,2022-10-07,2026-06-30
PH002577,DEV001201,494837849972963,9922330465,2021-07-10,2021-09-16
PH002578,DEV001203,012788176084929,9138859998,2019-07-17,2026-06-30
PH002579,DEV001202,352387913411238,9995226843,2021-12-11,2026-06-30
PH002580,DEV001203,012788176084929,9450090860,2026-02-28,2026-06-30
PH002581,DEV001204,013604317446691,8295651402,2019-09-07,2026-06-30
PH002582,DEV001205,359109305033237,7845075063,2019-12-23,2026-06-30
PH002583,DEV001205,359109305033237,7963310987,2023-08-17,2026-06-30
PH002584,DEV001206,356045691669582,9495029155,2025-06-21,2026-06-30
PH002585,DEV001206,356045691669582,9066073981,2022-07-05,2026-06-30
PH002586,DEV001207,355056570446434,7855597055,2019-04-29,2026-06-30
PH002587,DEV001207,355056570446434,8051889908,2019-04-15,2026-06-30
PH002588,DEV001208,492345896519268,8429496398,2025-02-18,2026-06-30
PH002589,DEV001209,493250021736092,9509018886,2023-02-28,2026-06-30
PH002590,DEV001208,492345896519268,8423903726,2020-06-02,2026-06-30
PH002591,DEV001209,493250021736092,8540064411,2018-01-25,2026-06-30
PH002592,DEV001210,010070328431927,9827916026,2020-01-02,2026-06-30
PH002593,DEV001210,010070328431927,8952045670,2018-08-28,2019-06-15
PH002594,DEV001211,866219988099438,8454824122,2025-11-07,2026-06-30
PH002595,DEV001212,352849170254120,7388760897,2026-04-07,2026-06-30
PH002596,DEV001213,865096616687086,7161295639,2023-03-31,2026-06-30
PH002597,DEV001213,865096616687086,7155412216,2025-07-08,2026-06-30
PH002598,DEV001213,865096616687086,9092361062,2020-01-27,2026-06-30
PH002599,DEV001213,865096616687086,8551371393,2023-08-28,2026-06-30
PH002600,DEV001214,494043720768036,9114370629,2024-07-20,2026-06-30
PH002601,DEV001215,018066189283217,9463196246,2019-08-31,2026-06-30
PH002602,DEV001216,860539420483691,7328942924,2021-09-08,2026-06-30
PH002603,DEV001216,860539420483691,9087844412,2019-04-30,2026-06-30
PH002604,DEV001216,860539420483691,7018333194,2020-11-14,2026-06-30
PH002605,DEV001217,490932235864361,7326571470,2024-06-22,2026-06-30
PH002606,DEV001218,013444287509863,8988054122,2023-09-21,2026-06-30
PH002607,DEV001218,013444287509863,8707095000,2018-03-12,2018-05-05
PH002608,DEV001219,350839712525422,9636860283,2020-09-05,2026-06-30
PH002609,DEV001219,350839712525422,9939886133,2023-11-30,2026-06-30
PH002610,DEV001219,350839712525422,8198940399,2025-10-29,2026-06-30
PH002611,DEV001220,498403342144360,7746804081,2020-04-16,2026-06-30
PH002612,DEV001220,498403342144360,9076100537,2020-09-22,2026-06-30
PH002613,DEV001220,498403342144360,9928381403,2018-10-15,2019-10-25
PH002614,DEV001221,869828163223416,8065642691,2023-09-15,2026-06-30
PH002615,DEV001221,869828163223416,9725995690,2021-04-04,2021-11-05
PH002616,DEV001223,861521190925701,9931048986,2018-06-17,2026-06-30
PH002617,DEV001223,861521190925701,7772896458,2022-01-18,2026-06-30
PH002618,DEV001222,357938796558545,9702059662,2020-09-03,2020-12-27
PH002619,DEV001223,861521190925701,8148102365,2020-03-12,2021-01-26
PH002620,DEV001224,350821183702742,7206646058,2021-05-28,2026-06-30
PH002621,DEV001225,017006320491159,8944137877,2026-04-02,2026-06-30
PH002622,DEV001225,017006320491159,7207621172,2020-01-14,2026-06-30
PH002623,DEV001225,017006320491159,8609257918,2025-03-30,2026-06-30
PH002624,DEV001225,017006320491159,9500279553,2019-08-05,2026-06-30
PH002625,DEV001226,498030762581930,8929964341,2023-03-07,2026-06-30
PH002626,DEV001226,498030762581930,7868683076,2021-04-18,2026-06-30
PH002627,DEV001226,498030762581930,8636989473,2025-12-20,2026-06-30
PH002628,DEV001227,015391641311643,8997349634,2026-03-06,2026-06-30
PH002629,DEV001227,015391641311643,7748447735,2018-07-21,2026-06-30
PH002630,DEV001228,867513373359901,9251288161,2019-05-01,2026-06-30
PH002631,DEV001229,863077268909442,7770964729,2018-08-17,2026-06-30
PH002632,DEV001229,863077268909442,9619751679,2022-08-03,2026-06-30
PH002633,DEV001230,013301146250846,8465524119,2024-04-12,2026-06-30
PH002634,DEV001230,013301146250846,7025767639,2023-06-09,2026-06-30
PH002635,DEV001231,352461895688045,8133241095,2018-05-20,2026-06-30
PH002636,DEV001231,352461895688045,8178774621,2025-11-16,2026-06-30
PH002637,DEV001231,352461895688045,7915778314,2024-07-25,2026-06-30
PH002638,DEV001232,351313789240276,8147592291,2020-10-20,2026-06-30
PH002639,DEV001232,351313789240276,7491322413,2022-06-02,2026-06-30
PH002640,DEV001232,351313789240276,7363988722,2018-11-17,2026-06-30
PH002641,DEV001232,351313789240276,8558970477,2026-03-30,2026-05-15
PH002642,DEV001234,011874845955487,7180692177,2021-03-03,2026-06-30
PH002643,DEV001234,011874845955487,9084305627,2022-09-13,2023-09-27
PH002644,DEV001233,492888548863028,9436042351,2018-07-08,2026-06-30
PH002645,DEV001233,492888548863028,9538146893,2024-01-31,2024-11-12
PH002646,DEV001235,356494784908822,7176203952,2020-03-04,2026-06-30
PH002647,DEV001236,353009078732880,7100666376,2018-09-06,2026-06-30
PH002648,DEV001236,353009078732880,8847575809,2026-02-08,2026-06-30
PH002649,DEV001236,353009078732880,8212635425,2024-05-25,2026-06-30
PH002650,DEV001237,011034832087205,8014739008,2020-06-03,2026-06-30
PH002651,DEV001237,011034832087205,7332903634,2023-05-16,2026-06-30
PH002652,DEV001237,011034832087205,9124233993,2021-09-29,2026-06-30
PH002653,DEV001237,011034832087205,8953225578,2021-12-28,2022-12-26
PH002654,DEV001238,011084556360421,8434635872,2025-05-25,2026-06-30
PH002655,DEV001238,011084556360421,9410517736,2018-02-28,2026-06-30
PH002656,DEV001239,860996943074880,7441448784,2021-05-17,2026-06-30
PH002657,DEV001240,493086893340378,7467741413,2023-06-12,2026-06-30
PH002658,DEV001240,493086893340378,9670513600,2018-03-10,2018-07-24
PH002659,DEV001240,493086893340378,7604181867,2020-11-15,2026-06-30
PH002660,DEV001241,019825956405249,9580208413,2021-10-01,2026-06-30
PH002661,DEV001242,357406338771014,7892060901,2023-11-25,2024-04-04
PH002662,DEV001242,357406338771014,8435315294,2019-12-27,2020-05-09
PH002663,DEV001243,011606380938507,7479507076,2021-03-15,2026-06-30
PH002664,DEV001243,011606380938507,7943667770,2020-06-02,2020-12-24
PH002665,DEV001244,491978153104626,9807016465,2020-09-16,2026-06-30
PH002666,DEV001245,359890916382106,9947340035,2026-03-02,2026-06-30
PH002667,DEV001245,359890916382106,9459249088,2019-08-28,2026-06-30
PH002668,DEV001246,359309068898885,7915715796,2019-02-14,2026-06-30
PH002669,DEV001246,359309068898885,8755915728,2020-05-18,2026-06-30
PH002670,DEV001246,359309068898885,7265587594,2024-03-04,2025-02-14
PH002671,DEV001246,359309068898885,7280619051,2024-09-27,2025-10-26
PH002672,DEV001247,352116765654174,7196979868,2020-03-08,2026-06-30
PH002673,DEV001248,490034560628847,9615772521,2024-11-28,2026-06-30
PH002674,DEV001250,869706491512864,7680008549,2023-02-27,2026-06-30
PH002675,DEV001249,354081782420605,7387014280,2019-02-07,2026-06-30
PH002676,DEV001250,869706491512864,8097052462,2023-02-23,2026-06-30
PH002677,DEV001251,492946811653541,7697758980,2025-05-20,2026-06-30
PH002678,DEV001251,492946811653541,7673707334,2024-03-20,2026-06-30
PH002679,DEV001252,499278220759079,7463236545,2019-03-12,2026-06-30
PH002680,DEV001252,499278220759079,9251351306,2024-03-02,2024-05-29
PH002681,DEV001253,357457243746819,7581661775,2019-02-06,2026-06-30
PH002682,DEV001254,499747469725520,7266516078,2018-04-02,2026-06-30
PH002683,DEV001255,351162187888174,9767278350,2021-04-02,2026-06-30
PH002684,DEV001255,351162187888174,8516265926,2025-02-06,2025-09-18
PH002685,DEV001256,353234700164428,8977901681,2024-12-17,2026-06-30
PH002686,DEV001256,353234700164428,8486528292,2020-01-13,2020-03-18
PH002687,DEV001256,353234700164428,8610186599,2021-05-07,2021-08-30
PH002688,DEV001256,353234700164428,9626703308,2020-06-28,2026-06-30
PH002689,DEV001257,496063790496145,7972301466,2023-07-23,2026-06-30
PH002690,DEV001258,354938097304515,7341298062,2023-03-12,2026-06-30
PH002691,DEV001258,354938097304515,7592579111,2026-01-01,2026-06-30
PH002692,DEV001259,018908879688341,8622240146,2024-11-30,2026-06-30
PH002693,DEV001260,490387509827230,9424370529,2024-09-07,2026-06-30
PH002694,DEV001260,490387509827230,9006535123,2019-02-20,2019-11-13
PH002695,DEV001261,352578626218169,8479437113,2020-05-28,2026-06-30
PH002696,DEV001262,352954934041388,9832822200,2018-04-06,2026-06-30
PH002697,DEV001262,352954934041388,9101502471,2022-06-02,2023-02-26
PH002698,DEV001262,352954934041388,9333902383,2022-08-30,2026-06-30
PH002699,DEV001263,011539879748733,8682546310,2021-10-14,2026-06-30
PH002700,DEV001263,011539879748733,8968029562,2024-02-10,2026-06-30
PH002701,DEV001264,356821733615033,8566726677,2024-12-10,2026-06-30
PH002702,DEV001265,497267227824651,7925050342,2018-05-22,2026-06-30
PH002703,DEV001265,497267227824651,7891191602,2018-03-27,2026-06-30
PH002704,DEV001266,359485235611454,8154566262,2020-03-13,2026-06-30
PH002705,DEV001267,359645589996296,7587158577,2023-12-09,2026-06-30
PH002706,DEV001267,359645589996296,7671847072,2025-10-24,2026-06-30
PH002707,DEV001268,356946004987459,8413915835,2022-09-10,2026-06-30
PH002708,DEV001268,356946004987459,9341520837,2023-05-05,2026-06-30
PH002709,DEV001269,492053404358267,7382595684,2023-10-09,2024-06-14
PH002710,DEV001269,492053404358267,9680606526,2021-04-11,2026-06-30
PH002711,DEV001270,358422568058553,8708465574,2022-04-29,2026-06-30
PH002712,DEV001271,350097686532596,9648198877,2020-07-28,2026-06-30
PH002713,DEV001272,356463350078477,7577315729,2021-03-14,2026-06-30
PH002714,DEV001272,356463350078477,9100918539,2018-04-23,2026-06-30
PH002715,DEV001273,012030074882588,8742321799,2018-12-15,2026-06-30
PH002716,DEV001273,012030074882588,8288720903,2022-01-25,2026-06-30
PH002717,DEV001273,012030074882588,7007777692,2026-06-08,2026-12-03
PH002718,DEV001274,357525993573441,9252832483,2020-11-07,2026-06-30
PH002719,DEV001275,498618752440727,8457233218,2024-04-24,2026-06-30
PH002720,DEV001276,015875548564113,8772972114,2018-06-20,2026-06-30
PH002721,DEV001276,015875548564113,8360779329,2018-08-09,2026-06-30
PH002722,DEV001276,015875548564113,7025515015,2018-12-31,2026-06-30
PH002723,DEV001276,015875548564113,7621644712,2025-12-12,2026-06-30
PH002724,DEV001277,866183530387789,8489088379,2025-03-13,2026-06-30
PH002725,DEV001278,496231169021660,7824839121,2023-12-05,2026-06-30
PH002726,DEV001279,010759351509407,8120674097,2024-10-28,2026-06-30
PH002727,DEV001280,869248155578291,7894939387,2019-01-04,2026-06-30
PH002728,DEV001281,359225782331645,7224025274,2018-12-31,2026-06-30
PH002729,DEV001282,019049350379899,7009877347,2022-05-13,2026-06-30
PH002730,DEV001283,015820504077942,8422831120,2025-12-31,2026-06-30
PH002731,DEV001284,866238447958370,9951010472,2021-09-29,2026-06-30
PH002732,DEV001285,350005570107222,7990238537,2018-09-22,2026-06-30
PH002733,DEV001286,492901892511797,7862638065,2021-11-26,2026-06-30
PH002734,DEV001287,019085357045027,7351191465,2023-05-26,2026-06-30
PH002735,DEV001288,018206010044387,8123372029,2018-07-30,2026-06-30
PH002736,DEV001289,865575851703258,8112472019,2021-06-10,2026-06-30
PH002737,DEV001290,868673394388737,8486715742,2024-12-07,2026-06-30
PH002738,DEV001291,010387808631586,8233578301,2023-12-02,2026-06-30
PH002739,DEV001292,867492538967490,7682288038,2022-04-13,2026-06-30
PH002740,DEV001293,862832243306889,8199726738,2026-04-26,2026-06-30
PH002741,DEV001294,497264216775683,9608015938,2025-11-21,2026-06-30
PH002742,DEV001295,861360499805741,9861249394,2024-12-16,2026-06-30
PH002743,DEV001296,499873694904461,9558418882,2024-09-04,2026-06-30
PH002744,DEV001297,490278681021705,8122147160,2021-05-19,2026-06-30
PH002745,DEV001298,016408441807096,7700211786,2019-11-09,2026-06-30
PH002746,DEV001299,497990139750339,8412326821,2026-05-14,2026-06-30
PH002747,DEV001300,865694930925276,9960327103,2026-04-10,2026-06-30
PH002748,DEV001301,498634902588169,9487685981,2021-04-21,2026-06-30
PH002749,DEV001302,358266308863326,9842919208,2019-03-29,2026-06-30
PH002750,DEV001303,354270275982754,7578566647,2024-09-10,2026-06-30
PH002751,DEV001304,865171915117428,8818798238,2018-05-14,2026-06-30
PH002752,DEV001305,355973389667645,9512465184,2021-04-07,2026-06-30
PH002753,DEV001306,861947165522680,8563451946,2022-10-27,2026-06-30
PH002754,DEV001307,019874989492299,7177461521,2022-07-28,2026-06-30
PH002755,DEV001308,863875930673249,7367676328,2019-06-05,2026-06-30
PH002756,DEV001309,355237260042469,7737026060,2025-05-06,2026-06-30
PH002757,DEV001310,012957162597210,8792584377,2024-08-28,2026-06-30
PH002758,DEV001311,350941479613998,8116091750,2024-06-18,2026-06-30
PH002759,DEV001312,013510719567532,9255278536,2025-12-25,2026-06-30
PH002760,DEV001313,012375709019141,8647147844,2026-02-14,2026-06-30
PH002761,DEV001314,354675987514930,8851547327,2021-01-23,2026-06-30
PH002762,DEV001315,352060497357018,8580101175,2026-05-21,2026-06-30
PH002763,DEV001316,490936441363562,7340091534,2025-04-09,2026-06-30
PH002764,DEV001317,356773702506252,8197584778,2020-06-11,2026-06-30
PH002765,DEV001318,019361920366616,9741607780,2019-12-16,2026-06-30
PH002766,DEV001319,017123472098965,8255085959,2022-07-19,2026-06-30
PH002767,DEV001320,351934586349943,7324292819,2022-01-16,2026-06-30
PH002768,DEV001321,494401351798799,9720462217,2023-04-06,2026-06-30
PH002769,DEV001322,491469666584098,7040146599,2026-03-03,2026-06-30
PH002770,DEV001323,495466024714159,8652132213,2024-11-12,2026-06-30
PH002771,DEV001324,010339390013369,9688736929,2025-06-30,2026-06-30
PH002772,DEV001325,355243574033466,9377765810,2018-08-03,2026-06-30
PH002773,DEV001326,012812578992026,8372146240,2024-12-28,2026-06-30
PH002774,DEV001327,498637822425172,7725281238,2025-11-11,2026-06-30
PH002775,DEV001328,864386796290906,7078489373,2024-11-20,2026-06-30
PH002776,DEV001329,498492515174561,7441166221,2018-10-10,2026-06-30
PH002777,DEV001330,351744254492248,8664718421,2025-03-31,2026-06-30
PH002778,DEV001331,019958341584219,7046311118,2022-08-31,2026-06-30
PH002779,DEV001332,358544557349460,7787175151,2021-09-10,2026-06-30
PH002780,DEV001333,356434012039422,7739185902,2019-01-17,2026-06-30
PH002781,DEV001334,359931140360048,9820622757,2025-09-29,2026-06-30
PH002782,DEV001335,352941296751609,8082170615,2021-09-27,2026-06-30
PH002783,DEV001336,499338097188347,8048153719,2024-09-17,2026-06-30
PH002784,DEV001337,498150461539767,9810394185,2021-03-05,2026-06-30
PH002785,DEV001338,358346220417998,8187317947,2025-05-10,2026-06-30
PH002786,DEV001339,498578392034358,7139779269,2019-02-11,2026-06-30
PH002787,DEV001340,356313825880708,8215315788,2025-02-21,2026-06-30
PH002788,DEV001341,490266117980767,8199605863,2025-08-03,2026-06-30
PH002789,DEV001342,010876801655376,8696139336,2019-07-13,2026-06-30
PH002790,DEV001343,490425354565188,7772378026,2026-06-27,2026-06-30
PH002791,DEV001344,015969822500134,8320251592,2021-02-25,2026-06-30
PH002792,DEV001345,016881588878842,9954773290,2021-06-30,2026-06-30
PH002793,DEV001346,354529978985385,8427656217,2018-04-03,2026-06-30
PH002794,DEV001347,359405910656400,9644752517,2020-12-13,2026-06-30
PH002795,DEV001348,354743609154087,7403273908,2018-04-15,2026-06-30
PH002796,DEV001349,013001164695676,9770533201,2025-03-15,2026-06-30
PH002797,DEV001350,354481078378447,8915710605,2018-02-26,2026-06-30
PH002798,DEV001351,867202032760733,7466604780,2025-08-14,2026-06-30
PH002799,DEV001352,017554248133964,9509217586,2019-08-23,2026-06-30
PH002800,DEV001353,867821373702733,7458128224,2023-11-22,2026-06-30
PH002801,DEV001354,013384295193253,8350431612,2019-10-26,2026-06-30
PH002802,DEV001355,353530929908238,8572373548,2025-09-04,2026-06-30
PH002803,DEV001356,499390900678969,9762137190,2025-03-14,2026-06-30
PH002804,DEV001357,354356549651642,7769278794,2021-04-22,2026-06-30
PH002805,DEV001358,490066558383794,9237113463,2026-06-05,2026-06-30
PH002806,DEV001359,861842956778402,7875980880,2022-04-26,2026-06-30
PH002807,DEV001360,352344457154060,7277485752,2020-05-19,2026-06-30
PH002808,DEV001361,490405837746829,7869921618,2021-02-25,2026-06-30
PH002809,DEV001362,498966494753896,8437859823,2024-05-07,2026-06-30
PH002810,DEV001363,358001069670390,8907369437,2018-03-13,2026-06-30
PH002811,DEV001364,017601633509895,7968449746,2019-09-03,2026-06-30
PH002812,DEV001365,494367817837320,8290839079,2019-11-16,2026-06-30
PH002813,DEV001366,490111617033494,7140917080,2022-09-18,2026-06-30
PH002814,DEV001367,861973391525089,9446878731,2021-01-16,2026-06-30
PH002815,DEV001368,869330430586402,9707999624,2021-11-22,2026-06-30
PH002816,DEV001369,019871979729742,7412845396,2025-06-18,2026-06-30
PH002817,DEV001370,869710410275561,8083130152,2024-02-01,2026-06-30
PH002818,DEV001371,358112811428804,9193322506,2020-12-20,2026-06-30
PH002819,DEV001372,863658044301769,7823691306,2024-03-31,2026-06-30
PH002820,DEV001373,356186390898556,9735032927,2024-02-29,2026-06-30
PH002821,DEV001374,495446177773318,7601324957,2018-06-14,2026-06-30
PH002822,DEV001375,492411835512949,9715249606,2022-01-10,2026-06-30
PH002823,DEV001376,499218397958576,7397094910,2025-08-17,2026-06-30
PH002824,DEV001377,862907477457648,9790763283,2021-05-13,2026-06-30
PH002825,DEV001378,016100269953557,8923657971,2024-10-03,2026-06-30
PH002826,DEV001379,355313930464702,9788823155,2021-07-09,2026-06-30
PH002827,DEV001380,497816044171646,7496778422,2023-03-30,2026-06-30
PH002828,DEV001381,493716403318559,7799338456,2018-01-18,2026-06-30
PH002829,DEV001382,351298376997203,9303709498,2023-12-11,2026-06-30
PH002830,DEV001383,016407843550930,9359285809,2021-05-25,2026-06-30
PH002831,DEV001384,351625568595571,8774165376,2019-09-20,2026-06-30
PH002832,DEV001385,015492637818870,7555964684,2026-03-26,2026-06-30
PH002833,DEV001386,495440280003522,9199198128,2026-06-26,2026-06-30
PH002834,DEV001387,860966775484797,8117512360,2024-06-06,2026-06-30
PH002835,DEV001388,354216108172059,9792222286,2022-12-06,2026-06-30
PH002836,DEV001389,352370380305498,7369186046,2024-12-24,2026-06-30
PH002837,DEV001390,019681367677644,7395292494,2018-09-29,2026-06-30
PH002838,DEV001391,493311249186377,9385237523,2023-03-26,2026-06-30
PH002839,DEV001392,357695006644771,8213553993,2021-08-20,2026-06-30
PH002840,DEV001393,869929481174641,8164145017,2019-05-17,2026-06-30
PH002841,DEV001394,499714278556118,7200648515,2026-04-22,2026-06-30
PH002842,DEV001395,352470472148288,9786704796,2023-11-16,2026-06-30
PH002843,DEV001396,014959050167989,7538835632,2025-04-06,2026-06-30
PH002844,DEV001397,352965659903893,7109770610,2025-04-03,2026-06-30
PH002845,DEV001398,011021580901389,7323451329,2025-01-06,2026-06-30
PH002846,DEV001399,861868858984043,9437137213,2021-02-15,2026-06-30
PH002847,DEV001400,492691981049640,9615061836,2024-09-01,2026-06-30
PH002848,DEV001401,492599842786252,7788202000,2020-09-19,2026-06-30
PH002849,DEV001402,356784188457820,9348794008,2020-07-19,2026-06-30
PH002850,DEV001403,495470443713940,7083860964,2022-06-19,2026-06-30
PH002851,DEV001404,497664211883304,9740979113,2018-03-23,2026-06-30
PH002852,DEV001405,496732394722438,8205126676,2024-04-14,2026-06-30
PH002853,DEV001406,011310685089077,9713325661,2020-10-12,2026-06-30
PH002854,DEV001407,868749778866581,7012801523,2021-05-20,2026-06-30
PH002855,DEV001408,493712973020732,7467280213,2019-02-18,2026-06-30
PH002856,DEV001409,498790992637900,7819397986,2024-11-15,2026-06-30
PH002857,DEV001410,019985850592715,8531006717,2024-09-16,2026-06-30
PH002858,DEV001411,498504680346330,7290908844,2019-02-14,2026-06-30
PH002859,DEV001412,017795718232411,9938765854,2021-11-09,2026-06-30
PH002860,DEV001413,866008692004603,9274857071,2020-09-26,2026-06-30
PH002861,DEV001414,015517348207286,9369937155,2022-04-25,2026-06-30
PH002862,DEV001415,864205348537338,9425521136,2023-04-14,2026-06-30
PH002863,DEV001416,868115526278653,9342603890,2022-09-07,2026-06-30
PH002864,DEV001417,494046466516948,8193148561,2024-02-09,2026-06-30
PH002865,DEV001418,496268252928717,9912958077,2024-03-22,2026-06-30
PH002866,DEV001419,352527894182274,9327197070,2022-07-23,2026-06-30
PH002867,DEV001420,867231968533267,9077490877,2019-03-13,2026-06-30
PH002868,DEV001421,495106391604375,9041144974,2023-07-13,2026-06-30
PH002869,DEV001422,864048406764678,7437187828,2018-12-02,2026-06-30
PH002870,DEV001423,497734381551017,8467542918,2024-08-07,2026-06-30
PH002871,DEV001424,019762847178044,8625773608,2022-06-24,2026-06-30
PH002872,DEV001425,493200619110544,8082766664,2019-06-07,2026-06-30
PH002873,DEV001426,860157024349507,7204716078,2019-09-25,2026-06-30
PH002874,DEV001427,497181704693534,9675316144,2020-11-28,2026-06-30
PH002875,DEV001428,015425970151033,8709613254,2025-06-15,2026-06-30
PH002876,DEV001429,351212532225191,7090431559,2022-11-29,2026-06-30
PH002877,DEV001430,010167518666139,8782457098,2023-06-12,2026-06-30
PH002878,DEV001431,495991879141947,8199009985,2019-06-20,2026-06-30
PH002879,DEV001432,497618547250358,8078212378,2022-06-09,2026-06-30
PH002880,DEV001433,351391288309780,7442939730,2024-05-22,2026-06-30
PH002881,DEV001434,359671854522891,9921027958,2021-08-26,2026-06-30
PH002882,DEV001435,351493981701086,9509606634,2021-05-20,2026-06-30
PH002883,DEV001436,496376889564180,8319996312,2022-10-16,2026-06-30
PH002884,DEV001437,357349646272577,9763553140,2022-03-15,2026-06-30
PH002885,DEV001438,496222266826092,7128818198,2020-07-17,2026-06-30
PH002886,DEV001439,356456106713614,7034180284,2026-05-03,2026-06-30
PH002887,DEV001440,011946750328688,8994878709,2021-06-03,2026-06-30
PH002888,DEV001441,498170669130327,9770121782,2024-08-09,2026-06-30
PH002889,DEV001442,356530338388760,8279823199,2021-02-10,2026-06-30
PH002890,DEV001443,350753257001940,9869473037,2025-10-18,2026-06-30
PH002891,DEV001444,491710496381715,8188981877,2022-12-13,2026-06-30
PH002892,DEV001445,495642072804156,9560257684,2023-08-12,2026-06-30
PH002893,DEV001446,012059851521145,9640864140,2018-04-30,2026-06-30
PH002894,DEV001447,494504403947589,7718786426,2023-11-12,2026-06-30
PH002895,DEV001448,353109029183804,9513372037,2020-04-16,2026-06-30
PH002896,DEV001449,867787850787099,9156578883,2019-04-25,2026-06-30
PH002897,DEV001450,010825581021444,9508715499,2026-06-22,2026-06-30
PH002898,DEV001451,355503906602199,9351183020,2024-04-07,2026-06-30
PH002899,DEV001452,354777869560896,9076083088,2024-08-05,2026-06-30
PH002900,DEV001453,351634930173224,9066937261,2019-05-24,2026-06-30
PH002901,DEV001454,356566424774099,8147702498,2022-10-25,2026-06-30
PH002902,DEV001455,354785172141759,9810844484,2020-01-02,2026-06-30
PH002903,DEV001456,490909825473398,7802867453,2021-12-30,2026-06-30
PH002904,DEV001457,015509339245788,8678347852,2025-10-22,2026-06-30
PH002905,DEV001458,868688044935793,7087519984,2023-12-14,2026-06-30
PH002906,DEV001459,494735329554554,8921051808,2020-01-30,2026-06-30
PH002907,DEV001460,351675977558845,7106572221,2019-04-12,2026-06-30
PH002908,DEV001461,012789657434041,7742522213,2022-08-11,2026-06-30
PH002909,DEV001462,867880237827391,9569677732,2022-01-22,2026-06-30
PH002910,DEV001463,015434835607144,9113430988,2019-08-25,2026-06-30
PH002911,DEV001464,494722487270941,8346753809,2024-07-01,2026-06-30
PH002912,DEV001465,357284325401249,8164463695,2019-09-28,2026-06-30
PH002913,DEV001466,015757758764066,8027798767,2018-04-06,2026-06-30
PH002914,DEV001467,494113731439536,9811129403,2018-02-07,2026-06-30
PH002915,DEV001468,014570919439263,8197131533,2019-11-03,2026-06-30
PH002916,DEV001469,496086822570157,8124683867,2021-12-29,2026-06-30
PH002917,DEV001470,012007282371619,7346230468,2019-07-21,2026-06-30
PH002918,DEV001471,864389944243916,7940453016,2024-07-04,2026-06-30
PH002919,DEV001472,352357585291011,8261427960,2020-12-21,2026-06-30
PH002920,DEV001473,357096930008385,9942950791,2018-04-01,2026-06-30
PH002921,DEV001474,013785581716838,7948932024,2018-05-23,2026-06-30
PH002922,DEV001475,496279759830715,7606609583,2019-12-23,2026-06-30
PH002923,DEV001476,018229383601046,8055667644,2019-10-31,2026-06-30
PH002924,DEV001477,868081675716952,7374349415,2019-01-18,2026-06-30
PH002925,DEV001478,356217481824831,8168839661,2021-04-19,2026-06-30
PH002926,DEV001479,351080179048925,8641184732,2022-09-23,2026-06-30
PH002927,DEV001480,862822330174420,7955716029,2023-12-13,2026-06-30
PH002928,DEV001481,356329806516524,9442021911,2019-09-07,2026-06-30
PH002929,DEV001482,495657364927712,8515213653,2021-06-15,2026-06-30
PH002930,DEV001483,358677347729045,8446443371,2023-11-21,2026-06-30
PH002931,DEV001484,015337301190451,7698271866,2018-11-09,2026-06-30
PH002932,DEV001485,494311250463117,9610920123,2019-12-09,2026-06-30
PH002933,DEV001486,356220091012149,9543294479,2022-07-23,2026-06-30
PH002934,DEV001487,357291230247936,7978799353,2019-05-05,2026-06-30
PH002935,DEV001488,015091784248759,7778641356,2022-04-21,2026-06-30
PH002936,DEV001489,495752677949369,9070846415,2023-10-24,2026-06-30
PH002937,DEV001490,492452206881580,8714203700,2020-05-28,2026-06-30
PH002938,DEV001491,354540928554288,9696117515,2022-03-02,2026-06-30
PH002939,DEV001492,494626509008680,8809404428,2019-11-17,2026-06-30
PH002940,DEV001493,865550549206767,8628321732,2019-09-08,2026-06-30
PH002941,DEV001494,017684285931179,9105220096,2023-12-02,2026-06-30
PH002942,DEV001495,018356441452573,7861399545,2023-03-11,2026-06-30
PH002943,DEV001496,358089126648070,9615127108,2025-07-02,2026-06-30
PH002944,DEV001497,497479122304693,7722508645,2026-01-13,2026-06-30
PH002945,DEV001498,359024736118956,8821786569,2018-09-28,2026-06-30
PH002946,DEV001499,352625952828137,8942439617,2022-07-09,2026-06-30
PH002947,DEV001500,494484039173517,7793701650,2024-07-25,2026-06-30
PH002948,DEV001501,358261875161809,7797096856,2022-12-17,2026-06-30
PH002949,DEV001502,013808934399970,9050282296,2025-08-10,2026-06-30
PH002950,DEV001503,498804602053619,9116496656,2019-01-16,2026-06-30
PH002951,DEV001504,012383332749265,7735048463,2025-10-30,2026-06-30
PH002952,DEV001505,013156129176803,8638542975,2023-12-10,2026-06-30
PH002953,DEV001506,498501920985400,9994816746,2022-06-06,2026-06-30
PH002954,DEV001507,496518082134921,9943803383,2020-02-05,2026-06-30
PH002955,DEV001508,355153647731356,8993844713,2022-11-18,2026-06-30
PH002956,DEV001509,013117395503553,9346569297,2019-06-16,2026-06-30
PH002957,DEV001510,860546840922100,7135456569,2025-12-08,2026-06-30
PH002958,DEV001511,494721849460462,7452505350,2022-07-15,2026-06-30
PH002959,DEV001512,355168054247499,7859813401,2019-11-20,2026-06-30
PH002960,DEV001513,355380982869579,8454073342,2026-01-10,2026-06-30
PH002961,DEV001514,492421322171350,9811687767,2025-07-13,2026-06-30
PH002962,DEV001515,867151752005652,8562298852,2018-09-17,2026-06-30
PH002963,DEV001516,868857228829741,9362983454,2018-04-26,2026-06-30
PH002964,DEV001517,490886071751898,7377090475,2024-12-21,2026-06-30
PH002965,DEV001518,358850605201408,7574876650,2018-07-28,2026-06-30
PH002966,DEV001519,355467915120106,9380214307,2023-06-06,2026-06-30
PH002967,DEV001520,011952008547419,9265994490,2024-07-04,2026-06-30
PH002968,DEV001521,868060604433539,8193152802,2021-09-13,2026-06-30
PH002969,DEV001522,498787980780362,9192668908,2021-10-12,2026-06-30
PH002970,DEV001523,499807543594126,8810417086,2022-01-04,2026-06-30
PH002971,DEV001524,010075320206254,7406339238,2024-03-12,2026-06-30
PH002972,DEV001525,499332493905079,9613857717,2021-10-18,2026-06-30
PH002973,DEV001526,019401098095700,7760631231,2024-08-10,2026-06-30
PH002974,DEV001527,016748138525579,7902934988,2022-07-08,2026-06-30
PH002975,DEV001528,356741787012106,7014541892,2026-03-13,2026-06-30
PH002976,DEV001529,016767416289072,8944122163,2024-01-24,2026-06-30
PH002977,DEV001530,492485265218153,7981574302,2025-08-27,2026-06-30
PH002978,DEV001531,499143885979325,7419505440,2019-04-10,2026-06-30
PH002979,DEV001532,350580352639494,7438821218,2026-06-02,2026-06-30
PH002980,DEV001533,351875023462903,9770442908,2021-04-08,2026-06-30
PH002981,DEV001534,016942897506906,9834804429,2026-04-04,2026-06-30
PH002982,DEV001535,491441505199766,9591892202,2020-10-03,2026-06-30
PH002983,DEV001536,490128190135472,7377740366,2024-09-08,2026-06-30
PH002984,DEV001537,492632574102275,9764024865,2018-12-28,2026-06-30
PH002985,DEV001538,015021424117540,9550948459,2021-12-07,2026-06-30
PH002986,DEV001539,358776633461683,9377116460,2023-10-15,2026-06-30
PH002987,DEV001540,352670934631494,7634176294,2025-10-01,2026-06-30
PH002988,DEV001541,018981084579894,7389538863,2019-01-17,2026-06-30
PH002989,DEV001542,352054512671413,9680949070,2025-12-29,2026-06-30
PH002990,DEV001543,014151674451996,8068693586,2023-10-31,2026-06-30
PH002991,DEV001544,358283190774995,7366869804,2023-10-14,2026-06-30
PH002992,DEV001545,861521380409687,8853475326,2019-10-02,2026-06-30
PH002993,DEV001546,498700392288780,9786851433,2024-02-01,2026-06-30
PH002994,DEV001547,353351475591604,7683603243,2022-04-12,2026-06-30
PH002995,DEV001548,491646344723116,8778556781,2019-04-21,2026-06-30
PH002996,DEV001549,358319838403521,7354787571,2026-03-18,2026-06-30
PH002997,DEV001550,355407888250468,9897850497,2019-02-07,2026-06-30
PH002998,DEV001551,868761562403305,7921320696,2024-11-26,2026-06-30
PH002999,DEV001552,499203298818092,9951917325,2021-10-22,2026-06-30
PH003000,DEV001553,493864326715953,8320697940,2023-09-04,2026-06-30
PH003001,DEV001554,353274442611043,7471599814,2024-01-21,2026-06-30
PH003002,DEV001555,491759030847534,8102310549,2024-11-27,2026-06-30
PH003003,DEV001556,860792831717653,9103273892,2020-06-15,2026-06-30
PH003004,DEV001557,359668159306160,9085993190,2020-11-06,2026-06-30
PH003005,DEV001558,490780810088685,7071533236,2020-12-22,2026-06-30
PH003006,DEV001559,359435340442332,8868785312,2025-07-23,2026-06-30
PH003007,DEV001560,866517091066091,9243195312,2023-06-19,2026-06-30
PH003008,DEV001561,013186354420360,7406435979,2021-06-19,2026-06-30
PH003009,DEV001562,491398991616052,8117700915,2022-07-31,2026-06-30
PH003010,DEV001563,497117618939842,8040944070,2021-06-04,2026-06-30
PH003011,DEV001564,355603253751005,9592066754,2021-08-06,2026-06-30
PH003012,DEV001565,351680779915472,9414827043,2025-08-22,2026-06-30
PH003013,DEV001566,014184600475930,9108673237,2021-02-22,2026-06-30
PH003014,DEV001567,017597561519473,9889010417,2018-08-07,2026-06-30
PH003015,DEV001568,352789431615202,9258386802,2020-08-19,2026-06-30
PH003016,DEV001569,352225444859159,8986338609,2023-07-01,2026-06-30
PH003017,DEV001570,352363963310670,8088584106,2018-12-30,2026-06-30
PH003018,DEV001571,351110200210195,9013294949,2025-02-11,2026-06-30
PH003019,DEV001572,499689362184718,7398388628,2020-09-23,2026-06-30
PH003020,DEV001573,492626932982474,8269668566,2021-09-17,2026-06-30
PH003021,DEV001574,352049049385402,7257049712,2025-09-10,2026-06-30
PH003022,DEV001575,356336637296860,9149875725,2019-06-19,2026-06-30
PH003023,DEV001576,491727236834390,8449481478,2018-09-09,2026-06-30
PH003024,DEV001577,495288564456526,9737870582,2024-08-06,2026-06-30
PH003025,DEV001578,352689032113313,7911542688,2021-03-21,2026-06-30
PH003026,DEV001579,358506679866522,7841897960,2022-01-16,2026-06-30
PH003027,DEV001580,359877337425414,7510674843,2023-05-26,2026-06-30
PH003028,DEV001581,495934241909924,8990934826,2021-11-12,2026-06-30
PH003029,DEV001582,354930906909658,8221147459,2020-05-09,2026-06-30
PH003030,DEV001583,359025824621646,9256555222,2020-11-14,2026-06-30
PH003031,DEV001584,015884003588502,8494178333,2025-07-18,2026-06-30
PH003032,DEV001585,017402036871277,9255748660,2023-07-16,2026-06-30
PH003033,DEV001586,359447826866930,8937663662,2021-08-04,2026-06-30
PH003034,DEV001587,014261887125309,8825102946,2026-02-01,2026-06-30
PH003035,DEV001588,018654281307463,8633983241,2026-06-24,2026-06-30
PH003036,DEV001589,358988457845802,9093506330,2023-10-10,2026-06-30
PH003037,DEV001590,359242530847083,8935176681,2024-02-18,2026-06-30
PH003038,DEV001591,358202569743059,8530217149,2018-04-16,2026-06-30
PH003039,DEV001592,010571496483442,7070862811,2026-01-15,2026-06-30
PH003040,DEV001593,010541217425155,7524687058,2023-04-09,2026-06-30
PH003041,DEV001594,012433932669464,8313857532,2021-06-18,2026-06-30
PH003042,DEV001595,016638523914618,8957202548,2020-06-18,2026-06-30
PH003043,DEV001596,860262872394051,9364300438,2021-07-23,2026-06-30
PH003044,DEV001597,354774958579309,8481563772,2026-01-03,2026-06-30
PH003045,DEV001598,861851253628654,8921839798,2023-05-09,2026-06-30
PH003046,DEV001599,353216263485172,8817362952,2026-04-28,2026-06-30
PH003047,DEV001600,497874488902258,9887767693,2024-09-04,2026-06-30
PH003048,DEV001601,354802988999402,8930409975,2024-05-31,2026-06-30
PH003049,DEV001602,496877762495980,9136133524,2024-05-03,2026-06-30
PH003050,DEV001603,018438584524308,7954341389,2021-01-07,2026-06-30
PH003051,DEV001604,492103761383919,8212384619,2022-04-05,2026-06-30
PH003052,DEV001605,015862282958797,7538177939,2022-10-15,2026-06-30
PH003053,DEV001606,350276559573268,8119822247,2019-01-09,2026-06-30
PH003054,DEV001607,357484896752091,9243796619,2024-01-06,2026-06-30
PH003055,DEV001608,497748182161499,7115245852,2024-06-26,2026-06-30
PH003056,DEV001609,359546513176500,8005899263,2020-02-07,2026-06-30
PH003057,DEV001610,352927393715545,8235513725,2025-03-08,2026-06-30
PH003058,DEV001611,352861667198449,8201958891,2026-03-11,2026-06-30
PH003059,DEV001612,497854514528810,9991526685,2021-02-10,2026-06-30
PH003060,DEV001613,352078922086610,8555080761,2022-07-16,2026-06-30
PH003061,DEV001614,861886354109229,8678033439,2020-06-26,2026-06-30
PH003062,DEV001615,864949995243323,7831066679,2019-08-03,2026-06-30
PH003063,DEV001616,865048699142856,8217250244,2023-10-22,2026-06-30
PH003064,DEV001617,862335325282278,7738360844,2023-09-09,2026-06-30
PH003065,DEV001618,353825656270053,8924359913,2022-05-26,2026-06-30
PH003066,DEV001619,497773444798483,7152546475,2018-01-29,2026-06-30
PH003067,DEV001620,015414170249242,9102022640,2018-06-21,2026-06-30
PH003068,DEV001621,351519890935522,9324857307,2018-05-17,2026-06-30
PH003069,DEV001622,492138778168110,7176261031,2023-12-29,2026-06-30
PH003070,DEV001623,358002540819453,7021716046,2018-10-17,2026-06-30
PH003071,DEV001624,358934060935604,8115868182,2024-11-08,2026-06-30
PH003072,DEV001625,861461388662149,9608611515,2021-05-21,2026-06-30
PH003073,DEV001626,010433435761511,7374873222,2018-07-12,2026-06-30
PH003074,DEV001627,495649654714439,9118492293,2019-09-19,2026-06-30
PH003075,DEV001628,867698388479475,7846843837,2018-10-31,2026-06-30
PH003076,DEV001629,016716909863456,8867437868,2023-06-02,2026-06-30
PH003077,DEV001630,493779543685285,7601004718,2023-09-05,2026-06-30
PH003078,DEV001631,354713952097979,8830311640,2018-03-06,2026-06-30
PH003079,DEV001632,497263468663551,9417051244,2020-12-08,2026-06-30
PH003080,DEV001633,866314759309736,7659897156,2021-03-30,2026-06-30
PH003081,DEV001634,491991187223017,7116488051,2022-05-25,2026-06-30
PH003082,DEV001635,012284844805322,8346393219,2019-04-14,2026-06-30
PH003083,DEV001636,011944397823252,9461252602,2023-06-18,2026-06-30
PH003084,DEV001637,495024060754471,7758828442,2019-09-10,2026-06-30
PH003085,DEV001638,350102944069646,9795051471,2020-10-15,2026-06-30
PH003086,DEV001639,015270736443755,9828998910,2021-01-30,2026-06-30
PH003087,DEV001640,494359110794090,9044079164,2023-06-14,2026-06-30
PH003088,DEV001641,359480859058660,8591688735,2021-01-16,2026-06-30
PH003089,DEV001642,492578866526037,9033190340,2019-01-03,2026-06-30
PH003090,DEV001643,868348440027829,8327032916,2025-12-13,2026-06-30
PH003091,DEV001644,865788475692797,9150852886,2025-06-09,2026-06-30
PH003092,DEV001645,861248388989029,9111527582,2020-02-26,2026-06-30
PH003093,DEV001646,017459485700079,7702625836,2023-12-05,2026-06-30
PH003094,DEV001647,351932773700434,7987658900,2022-12-04,2026-06-30
PH003095,DEV001648,012463814272689,9594995031,2020-01-06,2026-06-30
PH003096,DEV001649,352939826693252,8141375781,2020-08-06,2026-06-30
PH003097,DEV001650,351178519180059,8541416368,2024-02-15,2026-06-30
PH003098,DEV001651,490641064456245,7179962296,2019-10-13,2026-06-30
PH003099,DEV001652,358974436441579,7178010513,2020-08-07,2026-06-30
PH003100,DEV001653,359019177127156,8302504215,2022-04-02,2026-06-30
PH003101,DEV001654,860550294396404,8083338198,2018-02-14,2026-06-30
PH003102,DEV001655,499122905304082,7569259354,2026-01-24,2026-06-30
PH003103,DEV001656,861187093340219,9154646476,2021-07-08,2026-06-30
PH003104,DEV001657,497675203884753,7184471127,2023-02-03,2026-06-30
PH003105,DEV001658,354333326131251,8012325913,2025-12-10,2026-06-30
PH003106,DEV001659,359833388192714,7916972375,2019-12-26,2026-06-30
PH003107,DEV001660,860976315010846,8275528147,2018-04-22,2026-06-30
PH003108,DEV001661,016572088550682,9146016585,2024-06-16,2026-06-30
PH003109,DEV001662,357476522888517,7479819193,2019-02-01,2026-06-30
PH003110,DEV001663,496991076132404,8892620987,2021-11-23,2026-06-30
PH003111,DEV001664,350746455877040,9907692028,2018-11-09,2026-06-30
PH003112,DEV001665,018188402488951,8040939232,2025-12-23,2026-06-30
PH003113,DEV001666,350677317386851,8168229616,2025-05-30,2026-06-30
PH003114,DEV001667,496378700958993,8224603190,2021-07-08,2026-06-30
PH003115,DEV001668,013945546745628,7331287194,2021-08-19,2026-06-30
PH003116,DEV001669,352319781063439,7411013459,2024-12-25,2026-06-30
PH003117,DEV001670,014402093910367,7544416595,2026-05-13,2026-06-30
PH003118,DEV001671,356281031869298,8633664973,2020-08-06,2026-06-30
PH003119,DEV001672,011987482319670,7219623695,2024-12-08,2026-06-30
PH003120,DEV001673,490284426559930,9465936198,2019-05-10,2026-06-30
PH003121,DEV001674,492342821405088,9360389229,2025-04-10,2026-06-30
PH003122,DEV001675,350809859902590,9477741899,2018-02-25,2026-06-30
PH003123,DEV001676,498653166246946,7074752373,2026-05-01,2026-06-30
PH003124,DEV001677,495127453069508,7063499790,2023-04-15,2026-06-30
PH003125,DEV001678,350789690091086,9742157671,2019-12-24,2026-06-30
PH003126,DEV001679,867714518844769,8549449718,2025-12-22,2026-06-30
PH003127,DEV001680,012098476489554,7769824765,2026-03-28,2026-06-30
PH003128,DEV001681,350793128845302,7556088936,2023-05-20,2026-06-30
PH003129,DEV001682,492818271584011,9029803418,2018-10-21,2026-06-30
PH003130,DEV001683,358021561902150,8208792675,2018-06-30,2026-06-30
PH003131,DEV001684,016851702464060,7045639748,2022-08-21,2026-06-30
PH003132,DEV001685,861433022713175,8981009514,2019-02-19,2026-06-30
PH003133,DEV001686,353923463406070,7728641041,2021-09-03,2026-06-30
PH003134,DEV001687,352394123393442,8458883695,2025-06-15,2026-06-30
PH003135,DEV001688,864356345959296,8648451738,2018-03-02,2026-06-30
PH003136,DEV001689,865498051153646,9370039711,2021-03-03,2026-06-30
PH003137,DEV001690,863131136218334,9953418394,2021-10-07,2026-06-30
PH003138,DEV001691,497147630056606,7349022989,2025-11-02,2026-06-30
PH003139,DEV001692,861742601740375,8505452709,2021-10-04,2026-06-30
PH003140,DEV001693,359174090675425,8030174768,2018-04-17,2026-06-30
PH003141,DEV001694,019353404175408,9792737625,2018-10-19,2026-06-30
PH003142,DEV001695,863248015201017,7694920746,2024-10-01,2026-06-30
PH003143,DEV001696,350648451127064,8016935153,2025-09-15,2026-06-30
PH003144,DEV001697,015432424614836,9069888627,2024-05-02,2026-06-30
PH003145,DEV001698,861973132589525,9809387700,2019-12-13,2026-06-30
PH003146,DEV001699,352962470571069,8558969745,2020-12-21,2026-06-30
PH003147,DEV001700,352616418146714,9885119184,2024-10-01,2026-06-30
PH003148,DEV001701,861583215496648,7558711251,2021-05-04,2026-06-30
PH003149,DEV001702,017876646517939,9208927767,2025-06-27,2026-06-30
PH003150,DEV001703,861230986989789,9816965741,2021-06-04,2026-06-30
PH003151,DEV001704,011697550028285,9533829483,2022-09-20,2026-06-30
PH003152,DEV001705,497244593510396,9447232558,2022-12-23,2026-06-30
PH003153,DEV001706,017834066290408,7974477558,2021-03-15,2026-06-30
PH003154,DEV001707,353276242517157,7134351823,2020-06-04,2026-06-30
PH003155,DEV001708,355343065020771,9057504213,2024-03-20,2026-06-30
PH003156,DEV001709,490726027902268,9364268385,2019-08-05,2026-06-30
PH003157,DEV001710,356261831631791,7621320643,2025-06-05,2026-06-30
PH003158,DEV001711,864543498267784,8842222583,2019-01-03,2026-06-30
PH003159,DEV001712,351425319514551,7814811571,2025-10-18,2026-06-30
PH003160,DEV001713,357041560493128,7416022750,2019-03-18,2026-06-30
PH003161,DEV001714,350774733559157,7651645014,2022-07-06,2026-06-30
PH003162,DEV001715,017607236203293,9681561880,2018-08-10,2026-06-30
PH003163,DEV001716,864350539354264,8416135924,2025-12-16,2026-06-30
PH003164,DEV001717,490339422886162,8093909924,2026-05-14,2026-06-30
PH003165,DEV001718,358191590335472,8482006995,2019-09-06,2026-06-30
PH003166,DEV001719,355940128596796,9797075918,2018-07-08,2026-06-30
PH003167,DEV001720,359309560702761,7095621269,2020-04-08,2026-06-30
PH003168,DEV001721,352955420312655,7778303484,2020-07-26,2026-06-30
PH003169,DEV001722,495421962053769,9614250275,2023-01-16,2026-06-30
PH003170,DEV001723,499568885863419,9885220998,2019-04-17,2026-06-30
PH003171,DEV001724,014804703294511,9474728446,2021-04-05,2026-06-30
PH003172,DEV001725,013816371647369,7555870914,2024-01-31,2026-06-30
PH003173,DEV001726,352930634562453,8851879088,2024-09-30,2026-06-30
PH003174,DEV001727,352864437900586,7958045437,2020-02-13,2026-06-30
PH003175,DEV001728,499198753516089,9768049497,2019-02-13,2026-06-30
PH003176,DEV001729,499591319363969,9386010181,2025-11-05,2026-06-30
PH003177,DEV001730,353560813133975,7100118944,2023-08-07,2026-06-30
PH003178,DEV001731,353656442278250,9112838245,2022-08-31,2026-06-30
PH003179,DEV001732,011784725269196,8223046337,2019-06-01,2026-06-30
PH003180,DEV001733,492090582956047,7255738130,2018-01-23,2026-06-30
PH003181,DEV001734,864035739526186,8299787641,2019-02-01,2026-06-30
PH003182,DEV001735,013978474431873,8456577525,2020-03-04,2026-06-30
PH003183,DEV001736,018198181652325,9119519649,2019-08-21,2026-06-30
PH003184,DEV001737,011601750699042,7790768489,2021-04-06,2026-06-30
PH003185,DEV001738,495089611635281,8909416795,2022-12-06,2026-06-30
PH003186,DEV001739,357036702231460,7510405426,2026-03-04,2026-06-30
PH003187,DEV001740,862262376456599,7211116998,2025-06-30,2026-06-30
PH003188,DEV001741,352460844222010,7997015815,2019-05-29,2026-06-30
PH003189,DEV001742,353239890285907,8873334839,2025-03-27,2026-06-30
PH003190,DEV001743,353886076092092,9674927138,2023-09-20,2026-06-30
PH003191,DEV001744,864674071632564,8815205004,2019-09-12,2026-06-30
PH003192,DEV001745,010051130734844,7838782034,2020-02-25,2026-06-30
PH003193,DEV001746,351344882666339,7410009509,2021-06-11,2026-06-30
PH003194,DEV001747,491743557939758,8736601012,2020-02-01,2026-06-30
PH003195,DEV001748,015260302934255,7746527595,2024-08-11,2026-06-30
PH003196,DEV001749,353303277463626,8693057561,2024-03-14,2026-06-30
PH003197,DEV001750,350736656129951,9312250332,2021-10-15,2026-06-30
PH003198,DEV001751,495821516427928,9031980087,2018-03-19,2026-06-30
PH003199,DEV001752,499019656346746,8608086227,2026-05-14,2026-06-30
PH003200,DEV001753,014541586621914,9925476620,2022-09-09,2026-06-30
PH003201,DEV001754,354692417669725,8429953973,2022-02-10,2026-06-30
PH003202,DEV001755,018036822108071,7072028560,2020-12-25,2026-06-30
PH003203,DEV001756,496946537003318,8916036441,2024-02-27,2026-06-30
PH003204,DEV001757,357741085719092,9043232885,2018-06-07,2026-06-30
PH003205,DEV001758,012296229429505,7881306577,2021-06-22,2026-06-30
PH003206,DEV001759,495631753479862,9705002021,2018-12-06,2026-06-30
PH003207,DEV001760,865958996733751,8988483382,2022-09-26,2026-06-30
PH003208,DEV001761,492310203659437,9627644714,2025-08-24,2026-06-30
PH003209,DEV001762,019868906779945,9985366775,2023-08-25,2026-06-30
PH003210,DEV001763,351940563032205,8104821098,2024-08-27,2026-06-30
PH003211,DEV001764,862802423907225,8310957025,2022-02-14,2026-06-30
PH003212,DEV001765,492079376094284,9352595677,2019-07-21,2026-06-30
PH003213,DEV001766,862181009718892,9014496405,2025-05-21,2026-06-30
PH003214,DEV001767,353116638678814,8845199704,2018-06-04,2026-06-30
PH003215,DEV001768,351843030208425,9290810904,2018-10-04,2026-06-30
PH003216,DEV001769,353737836935411,8728347616,2025-09-22,2026-06-30
PH003217,DEV001770,013827443102717,8942692522,2022-12-12,2026-06-30
PH003218,DEV001771,359953917786850,7844724377,2021-02-11,2026-06-30
PH003219,DEV001772,355084643757349,7634299726,2025-04-26,2026-06-30
PH003220,DEV001773,019285989552128,9921509856,2020-11-30,2026-06-30
PH003221,DEV001774,353344238818462,7715120008,2019-02-18,2026-06-30
PH003222,DEV001775,012740505019784,7766082770,2024-09-25,2026-06-30
PH003223,DEV001776,490798095479804,9912159863,2018-09-20,2026-06-30
PH001586,DEV001777,860480030345720,8807525037,2022-09-26,2026-06-30
PH001394,DEV001777,860480030345720,8850019684,2024-03-04,2026-06-30
PH002343,DEV001778,351742778781649,8570244194,2020-07-04,2026-06-30
PH001433,DEV001778,351742778781649,7376263789,2018-02-27,2026-06-30
PH001957,DEV001779,865429547932949,7778538297,2018-08-27,2026-06-30
PH002176,DEV001779,865429547932949,8785065001,2023-07-01,2026-06-30
PH001723,DEV001780,498982774665335,8926022996,2024-09-01,2026-06-30
PH000244,DEV001780,498982774665335,9942921017,2023-04-06,2026-06-30
PH002068,DEV001781,351289654013767,8012637658,2019-06-01,2026-06-30
PH001214,DEV001781,351289654013767,7123929149,2025-01-16,2026-06-30
PH002338,DEV001782,012245930348456,9962894412,2024-10-02,2026-06-30
PH002005,DEV001782,012245930348456,7882800738,2022-04-14,2026-06-30
PH001212,DEV001783,497700727872987,8820766798,2018-11-06,2026-06-30
PH001976,DEV001783,497700727872987,7599771285,2023-04-09,2026-06-30
PH000257,DEV001784,357347822682482,9679391947,2024-01-12,2026-06-30
PH001889,DEV001784,357347822682482,7818911782,2023-04-15,2026-06-30
PH001901,DEV001785,868145968291388,7698918581,2019-12-02,2026-06-30
PH001730,DEV001785,868145968291388,7329063072,2023-08-29,2026-06-30
PH001111,DEV001786,861518851179449,7050866109,2026-06-16,2026-06-30
PH002402,DEV001786,861518851179449,7918271556,2018-04-01,2026-06-30
PH001365,DEV001787,015522931719513,9383424110,2022-01-14,2026-06-30
PH001280,DEV001787,015522931719513,7371823273,2021-10-29,2026-06-30
PH000487,DEV001788,359804778842948,8893330913,2018-07-20,2026-06-30
PH001215,DEV001788,359804778842948,9191956393,2023-10-23,2026-06-30
PH000846,DEV001789,494307250396071,9136615928,2019-07-21,2026-06-30
PH001350,DEV001789,494307250396071,7322461746,2019-03-31,2026-06-30
PH001695,DEV001790,355850813557351,9657910386,2018-04-02,2026-06-30
PH001417,DEV001790,355850813557351,8157953642,2021-09-09,2026-06-30
PH000505,DEV001791,011763879634531,9108519838,2020-10-14,2026-06-30
PH001523,DEV001791,011763879634531,9396898286,2019-10-05,2026-06-30
PH002404,DEV001792,353945863519596,7133631316,2019-01-30,2026-06-30
PH001628,DEV001792,353945863519596,9756201038,2019-07-29,2026-06-30
PH001897,DEV001793,015429939190144,7007827349,2022-08-22,2026-06-30
PH001633,DEV001793,015429939190144,8504225788,2019-05-04,2026-06-30
PH001245,DEV001794,357047269330289,9766321603,2022-07-10,2026-06-30
PH002323,DEV001794,357047269330289,7942832024,2021-09-22,2026-06-30
PH001146,DEV001795,862764249721545,9098353362,2020-08-24,2026-06-30
PH002420,DEV001795,862764249721545,7618059564,2022-09-05,2026-06-30
PH000680,DEV001796,014821466528111,8804549065,2021-06-01,2026-06-30
PH001171,DEV001796,014821466528111,7901908485,2026-03-17,2026-06-30
PH001383,DEV001797,499249614232708,9404805735,2018-11-16,2026-06-30
PH000415,DEV001797,499249614232708,8898779994,2022-10-14,2026-06-30
PH001377,DEV001798,012261031639860,7588209509,2023-06-08,2026-06-30
PH001258,DEV001798,012261031639860,7088601607,2023-07-29,2026-06-30
PH002064,DEV001799,354850003635740,7687373705,2021-02-28,2026-06-30
PH000273,DEV001799,354850003635740,8981804099,2025-03-17,2026-06-30
PH002366,DEV001800,019754157825955,8960490079,2021-05-17,2026-06-30
PH000944,DEV001800,019754157825955,7593060898,2024-01-01,2026-06-30
PH002174,DEV001801,355068872436227,8867096789,2019-07-29,2026-06-30
PH000332,DEV001801,355068872436227,7451218833,2025-07-20,2026-06-30
PH002424,DEV001802,353423258572022,9411792480,2021-08-24,2026-06-30
PH001199,DEV001802,353423258572022,9571699439,2025-09-02,2026-06-30
PH001470,DEV001803,016136511680186,7415853654,2020-01-14,2026-06-30
PH001247,DEV001803,016136511680186,8163700825,2023-04-28,2026-06-30
PH000936,DEV001804,355757383637763,8246028836,2025-10-07,2026-06-30
PH002413,DEV001804,355757383637763,9078183011,2020-01-01,2026-06-30
PH002240,DEV001805,357580594661772,8644564605,2020-07-31,2026-06-30
PH001482,DEV001805,357580594661772,7520742925,2019-11-21,2026-06-30
PH001669,DEV001806,866480999619955,8267553633,2026-04-08,2026-06-30
PH001974,DEV001806,866480999619955,7693287306,2024-07-27,2026-06-30
PH000923,DEV001807,359072656403880,9578873812,2024-03-07,2026-06-30
PH001135,DEV001807,359072656403880,7904715929,2024-05-19,2026-06-30
PH000266,DEV001808,010372116475198,8563272237,2018-08-05,2026-06-30
PH001632,DEV001808,010372116475198,8625296446,2018-06-12,2026-06-30
PH002385,DEV001809,355718567808860,8962428540,2026-05-18,2026-06-30
PH002224,DEV001809,355718567808860,9601666598,2026-02-01,2026-06-30
PH000080,DEV001810,860917527568988,8820415528,2024-09-21,2026-06-30
PH000777,DEV001810,860917527568988,9569229625,2021-04-20,2026-06-30
PH001431,DEV001811,867151514242677,7710082245,2018-12-24,2026-06-30
PH000602,DEV001811,867151514242677,7755749085,2025-10-19,2026-06-30
